<?xml version="1.0" encoding="UTF-8"?>
<gpx creator="Loopi" version="1.1" xmlns="http://www.topografix.com/GPX/1/1" xmlns:xsi="http://www.w3.org/2001/XMLSchema-instance" xsi:schemaLocation="http://www.topografix.com/GPX/1/1 http://www.topografix.com/GPX/1/1/gpx.xsd http://www.garmin.com/xmlschemas/GpxExtensions/v3 http://www.garmin.com/xmlschemas/GpxExtensionsv3.xsd http://www.garmin.com/xmlschemas/TrackPointExtension/v1 http://www.garmin.com/xmlschemas/TrackPointExtensionv1.xsd">
  <metadata>
    <name>Activity</name>
  </metadata>
  <trk>
    <name>Thonon-les-Bains / Morzine</name>
    <trkseg>
      <trkpt lat="46.373149004" lon="6.477534005">
        <ele>430.1</ele>
      </trkpt>
      <trkpt lat="46.373073999" lon="6.477641999">
        <ele>430.24</ele>
      </trkpt>
      <trkpt lat="46.373003005" lon="6.477723997">
        <ele>430.8</ele>
      </trkpt>
      <trkpt lat="46.372900996" lon="6.477901995">
        <ele>431.28</ele>
      </trkpt>
      <trkpt lat="46.37291419" lon="6.477924816">
        <ele>431.75</ele>
      </trkpt>
      <trkpt lat="46.372943896" lon="6.478000529">
        <ele>432.19</ele>
      </trkpt>
      <trkpt lat="46.372979572" lon="6.478102418">
        <ele>432.27</ele>
      </trkpt>
      <trkpt lat="46.373018135" lon="6.478170256">
        <ele>432.29</ele>
      </trkpt>
      <trkpt lat="46.373084581" lon="6.478232305">
        <ele>432.01</ele>
      </trkpt>
      <trkpt lat="46.373129213" lon="6.478252492">
        <ele>431.84</ele>
      </trkpt>
      <trkpt lat="46.373180764" lon="6.478257989">
        <ele>431.87</ele>
      </trkpt>
      <trkpt lat="46.373218114" lon="6.4782746">
        <ele>431.99</ele>
      </trkpt>
      <trkpt lat="46.373355309" lon="6.478459446">
        <ele>432.21</ele>
      </trkpt>
      <trkpt lat="46.373511041" lon="6.478653">
        <ele>432.31</ele>
      </trkpt>
      <trkpt lat="46.373525035" lon="6.478672031">
        <ele>431.72</ele>
      </trkpt>
      <trkpt lat="46.373725031" lon="6.478937983">
        <ele>431.96</ele>
      </trkpt>
      <trkpt lat="46.373755037" lon="6.479033952">
        <ele>431.4</ele>
      </trkpt>
      <trkpt lat="46.373745988" lon="6.479134961">
        <ele>431.32</ele>
      </trkpt>
      <trkpt lat="46.37374003" lon="6.479152982">
        <ele>431.5</ele>
      </trkpt>
      <trkpt lat="46.373642972" lon="6.479453976">
        <ele>431.97</ele>
      </trkpt>
      <trkpt lat="46.373640964" lon="6.479461011">
        <ele>431.42</ele>
      </trkpt>
      <trkpt lat="46.373610035" lon="6.479583974">
        <ele>432.62</ele>
      </trkpt>
      <trkpt lat="46.373674995" lon="6.479829984">
        <ele>433.96</ele>
      </trkpt>
      <trkpt lat="46.373713965" lon="6.479983965">
        <ele>434.54</ele>
      </trkpt>
      <trkpt lat="46.373770039" lon="6.480202988">
        <ele>434.82</ele>
      </trkpt>
      <trkpt lat="46.373872973" lon="6.480649981">
        <ele>435.14</ele>
      </trkpt>
      <trkpt lat="46.373951007" lon="6.480945034">
        <ele>434.49</ele>
      </trkpt>
      <trkpt lat="46.373912036" lon="6.480975041">
        <ele>433.15</ele>
      </trkpt>
      <trkpt lat="46.373882027" lon="6.481022977">
        <ele>432.97</ele>
      </trkpt>
      <trkpt lat="46.373866016" lon="6.481083004">
        <ele>432.68</ele>
      </trkpt>
      <trkpt lat="46.373745987" lon="6.481208974">
        <ele>431.92</ele>
      </trkpt>
      <trkpt lat="46.373586985" lon="6.481447027">
        <ele>431.34</ele>
      </trkpt>
      <trkpt lat="46.373427977" lon="6.481684987">
        <ele>430.97</ele>
      </trkpt>
      <trkpt lat="46.373212982" lon="6.482006012">
        <ele>430.13</ele>
      </trkpt>
      <trkpt lat="46.372997986" lon="6.482327048">
        <ele>430.59</ele>
      </trkpt>
      <trkpt lat="46.372922968" lon="6.482440022">
        <ele>431.65</ele>
      </trkpt>
      <trkpt lat="46.372675031" lon="6.482796001">
        <ele>432.43</ele>
      </trkpt>
      <trkpt lat="46.372428016" lon="6.48315098">
        <ele>433.25</ele>
      </trkpt>
      <trkpt lat="46.372355007" lon="6.483256007">
        <ele>434.27</ele>
      </trkpt>
      <trkpt lat="46.372294992" lon="6.48319004">
        <ele>434.73</ele>
      </trkpt>
      <trkpt lat="46.371981006" lon="6.482849983">
        <ele>435.67</ele>
      </trkpt>
      <trkpt lat="46.371668029" lon="6.482509006">
        <ele>436.3</ele>
      </trkpt>
      <trkpt lat="46.371354039" lon="6.482169035">
        <ele>436.79</ele>
      </trkpt>
      <trkpt lat="46.371149017" lon="6.481945994">
        <ele>437.19</ele>
      </trkpt>
      <trkpt lat="46.371101999" lon="6.481911003">
        <ele>437.57</ele>
      </trkpt>
      <trkpt lat="46.371079" lon="6.481940996">
        <ele>437.33</ele>
      </trkpt>
      <trkpt lat="46.371049002" lon="6.481957002">
        <ele>437.53</ele>
      </trkpt>
      <trkpt lat="46.371018002" lon="6.481954999">
        <ele>437.99</ele>
      </trkpt>
      <trkpt lat="46.370989004" lon="6.481934999">
        <ele>438.44</ele>
      </trkpt>
      <trkpt lat="46.370971" lon="6.481967004">
        <ele>438.5</ele>
      </trkpt>
      <trkpt lat="46.370949004" lon="6.482016997">
        <ele>438.42</ele>
      </trkpt>
      <trkpt lat="46.370916" lon="6.482142008">
        <ele>438.21</ele>
      </trkpt>
      <trkpt lat="46.370894998" lon="6.482281001">
        <ele>437.64</ele>
      </trkpt>
      <trkpt lat="46.370870996" lon="6.482429999">
        <ele>437.84</ele>
      </trkpt>
      <trkpt lat="46.370821001" lon="6.482789001">
        <ele>438.3</ele>
      </trkpt>
      <trkpt lat="46.370800996" lon="6.482975">
        <ele>438.88</ele>
      </trkpt>
      <trkpt lat="46.370788001" lon="6.483087001">
        <ele>438.95</ele>
      </trkpt>
      <trkpt lat="46.370743" lon="6.483512001">
        <ele>438.65</ele>
      </trkpt>
      <trkpt lat="46.370684001" lon="6.484059004">
        <ele>437.54</ele>
      </trkpt>
      <trkpt lat="46.370667997" lon="6.484203992">
        <ele>436.55</ele>
      </trkpt>
      <trkpt lat="46.370650999" lon="6.484374998">
        <ele>435.69</ele>
      </trkpt>
      <trkpt lat="46.370633996" lon="6.484536993">
        <ele>435.56</ele>
      </trkpt>
      <trkpt lat="46.370618" lon="6.484715003">
        <ele>435.72</ele>
      </trkpt>
      <trkpt lat="46.370604004" lon="6.484890992">
        <ele>435.9</ele>
      </trkpt>
      <trkpt lat="46.370590004" lon="6.485003997">
        <ele>436.34</ele>
      </trkpt>
      <trkpt lat="46.370566997" lon="6.485193995">
        <ele>437.1</ele>
      </trkpt>
      <trkpt lat="46.370511998" lon="6.485681">
        <ele>437.37</ele>
      </trkpt>
      <trkpt lat="46.370477002" lon="6.486103002">
        <ele>437.58</ele>
      </trkpt>
      <trkpt lat="46.370468996" lon="6.486297004">
        <ele>438.32</ele>
      </trkpt>
      <trkpt lat="46.370482005" lon="6.486721002">
        <ele>439.22</ele>
      </trkpt>
      <trkpt lat="46.370501994" lon="6.487225006">
        <ele>438.96</ele>
      </trkpt>
      <trkpt lat="46.370515002" lon="6.487447994">
        <ele>439.68</ele>
      </trkpt>
      <trkpt lat="46.370520998" lon="6.487554006">
        <ele>439.78</ele>
      </trkpt>
      <trkpt lat="46.370531999" lon="6.487856999">
        <ele>439.86</ele>
      </trkpt>
      <trkpt lat="46.370535003" lon="6.487934994">
        <ele>439.19</ele>
      </trkpt>
      <trkpt lat="46.370549997" lon="6.488296005">
        <ele>439.57</ele>
      </trkpt>
      <trkpt lat="46.370562995" lon="6.488754003">
        <ele>439.57</ele>
      </trkpt>
      <trkpt lat="46.370578004" lon="6.489282002">
        <ele>440.39</ele>
      </trkpt>
      <trkpt lat="46.370593002" lon="6.489713994">
        <ele>440.99</ele>
      </trkpt>
      <trkpt lat="46.370601997" lon="6.490105002">
        <ele>443.42</ele>
      </trkpt>
      <trkpt lat="46.370615999" lon="6.490550005">
        <ele>443.59</ele>
      </trkpt>
      <trkpt lat="46.370618004" lon="6.490772995">
        <ele>443.89</ele>
      </trkpt>
      <trkpt lat="46.370613002" lon="6.490943998">
        <ele>444.19</ele>
      </trkpt>
      <trkpt lat="46.370611001" lon="6.491006997">
        <ele>444.18</ele>
      </trkpt>
      <trkpt lat="46.370592006" lon="6.491007997">
        <ele>442.69</ele>
      </trkpt>
      <trkpt lat="46.370573004" lon="6.491016002">
        <ele>443.15</ele>
      </trkpt>
      <trkpt lat="46.370553996" lon="6.491028004">
        <ele>443.36</ele>
      </trkpt>
      <trkpt lat="46.370536999" lon="6.491045004">
        <ele>443.68</ele>
      </trkpt>
      <trkpt lat="46.370524" lon="6.491068002">
        <ele>444.09</ele>
      </trkpt>
      <trkpt lat="46.370513996" lon="6.491093002">
        <ele>444.58</ele>
      </trkpt>
      <trkpt lat="46.370507004" lon="6.491120004">
        <ele>445.14</ele>
      </trkpt>
      <trkpt lat="46.370505002" lon="6.491148003">
        <ele>448.28</ele>
      </trkpt>
      <trkpt lat="46.370505006" lon="6.491177001">
        <ele>448.58</ele>
      </trkpt>
      <trkpt lat="46.370372019" lon="6.491232983">
        <ele>448.81</ele>
      </trkpt>
      <trkpt lat="46.370287025" lon="6.491377986">
        <ele>448.39</ele>
      </trkpt>
      <trkpt lat="46.370219966" lon="6.49155803">
        <ele>449.82</ele>
      </trkpt>
      <trkpt lat="46.37011201" lon="6.491742008">
        <ele>447.53</ele>
      </trkpt>
      <trkpt lat="46.369843034" lon="6.492072013">
        <ele>446.77</ele>
      </trkpt>
      <trkpt lat="46.369495016" lon="6.492360006">
        <ele>446.89</ele>
      </trkpt>
      <trkpt lat="46.36935001" lon="6.492539971">
        <ele>447.36</ele>
      </trkpt>
      <trkpt lat="46.369203998" lon="6.492806018">
        <ele>447.31</ele>
      </trkpt>
      <trkpt lat="46.369106021" lon="6.493064016">
        <ele>448.75</ele>
      </trkpt>
      <trkpt lat="46.368974001" lon="6.493469017">
        <ele>450.66</ele>
      </trkpt>
      <trkpt lat="46.368828992" lon="6.493739005">
        <ele>452.02</ele>
      </trkpt>
      <trkpt lat="46.36856999" lon="6.494088028">
        <ele>451.85</ele>
      </trkpt>
      <trkpt lat="46.36838702" lon="6.494381977">
        <ele>454.36</ele>
      </trkpt>
      <trkpt lat="46.368204033" lon="6.494677017">
        <ele>456.96</ele>
      </trkpt>
      <trkpt lat="46.368049981" lon="6.494994023">
        <ele>456.78</ele>
      </trkpt>
      <trkpt lat="46.367896005" lon="6.495312035">
        <ele>459.38</ele>
      </trkpt>
      <trkpt lat="46.367775971" lon="6.495499028">
        <ele>463.35</ele>
      </trkpt>
      <trkpt lat="46.367546984" lon="6.495804971">
        <ele>460.26</ele>
      </trkpt>
      <trkpt lat="46.367317984" lon="6.496111002">
        <ele>459.21</ele>
      </trkpt>
      <trkpt lat="46.367172979" lon="6.496293971">
        <ele>460.94</ele>
      </trkpt>
      <trkpt lat="46.367048004" lon="6.496425982">
        <ele>459.11</ele>
      </trkpt>
      <trkpt lat="46.366897975" lon="6.496564957">
        <ele>457.28</ele>
      </trkpt>
      <trkpt lat="46.366723962" lon="6.496712982">
        <ele>458.1</ele>
      </trkpt>
      <trkpt lat="46.366621028" lon="6.496794958">
        <ele>458.1</ele>
      </trkpt>
      <trkpt lat="46.366537968" lon="6.496849028">
        <ele>458.6</ele>
      </trkpt>
      <trkpt lat="46.366473006" lon="6.496871991">
        <ele>459.25</ele>
      </trkpt>
      <trkpt lat="46.366406956" lon="6.496881968">
        <ele>460.01</ele>
      </trkpt>
      <trkpt lat="46.366335038" lon="6.496883979">
        <ele>461.82</ele>
      </trkpt>
      <trkpt lat="46.366265978" lon="6.496876016">
        <ele>461.45</ele>
      </trkpt>
      <trkpt lat="46.36619196" lon="6.496855979">
        <ele>461.76</ele>
      </trkpt>
      <trkpt lat="46.366050974" lon="6.496812984">
        <ele>462.03</ele>
      </trkpt>
      <trkpt lat="46.365931035" lon="6.496777026">
        <ele>462.28</ele>
      </trkpt>
      <trkpt lat="46.365821984" lon="6.496753979">
        <ele>462.59</ele>
      </trkpt>
      <trkpt lat="46.365723998" lon="6.496753969">
        <ele>463.35</ele>
      </trkpt>
      <trkpt lat="46.365649992" lon="6.496767968">
        <ele>463.66</ele>
      </trkpt>
      <trkpt lat="46.365559964" lon="6.496805016">
        <ele>464.23</ele>
      </trkpt>
      <trkpt lat="46.365490986" lon="6.496843997">
        <ele>464.96</ele>
      </trkpt>
      <trkpt lat="46.365406999" lon="6.496910961">
        <ele>464.72</ele>
      </trkpt>
      <trkpt lat="46.365327032" lon="6.496992023">
        <ele>463.01</ele>
      </trkpt>
      <trkpt lat="46.365252015" lon="6.497078023">
        <ele>462.3</ele>
      </trkpt>
      <trkpt lat="46.365163002" lon="6.497166031">
        <ele>461.21</ele>
      </trkpt>
      <trkpt lat="46.36508396" lon="6.497228975">
        <ele>461.95</ele>
      </trkpt>
      <trkpt lat="46.36493702" lon="6.497315982">
        <ele>463.2</ele>
      </trkpt>
      <trkpt lat="46.364620019" lon="6.497478007">
        <ele>466.37</ele>
      </trkpt>
      <trkpt lat="46.364564028" lon="6.497504993">
        <ele>468.85</ele>
      </trkpt>
      <trkpt lat="46.364506029" lon="6.497518987">
        <ele>472.04</ele>
      </trkpt>
      <trkpt lat="46.364459006" lon="6.497518984">
        <ele>473.69</ele>
      </trkpt>
      <trkpt lat="46.364409967" lon="6.497502981">
        <ele>475.05</ele>
      </trkpt>
      <trkpt lat="46.364364033" lon="6.497475992">
        <ele>476.01</ele>
      </trkpt>
      <trkpt lat="46.364325985" lon="6.497437009">
        <ele>476.42</ele>
      </trkpt>
      <trkpt lat="46.364283987" lon="6.49738103">
        <ele>476.6</ele>
      </trkpt>
      <trkpt lat="46.364249965" lon="6.497300979">
        <ele>476.17</ele>
      </trkpt>
      <trkpt lat="46.364163956" lon="6.497019008">
        <ele>475.27</ele>
      </trkpt>
      <trkpt lat="46.364122975" lon="6.496919009">
        <ele>474.97</ele>
      </trkpt>
      <trkpt lat="46.364063966" lon="6.496811971">
        <ele>475.17</ele>
      </trkpt>
      <trkpt lat="46.363959023" lon="6.496667972">
        <ele>475.17</ele>
      </trkpt>
      <trkpt lat="46.363828017" lon="6.496500003">
        <ele>476.07</ele>
      </trkpt>
      <trkpt lat="46.363733972" lon="6.49638299">
        <ele>477.5</ele>
      </trkpt>
      <trkpt lat="46.363505978" lon="6.496186017">
        <ele>478.49</ele>
      </trkpt>
      <trkpt lat="46.363326021" lon="6.496037988">
        <ele>479.21</ele>
      </trkpt>
      <trkpt lat="46.363231972" lon="6.495971025">
        <ele>480.15</ele>
      </trkpt>
      <trkpt lat="46.363158969" lon="6.495934975">
        <ele>480.67</ele>
      </trkpt>
      <trkpt lat="46.363075992" lon="6.495912011">
        <ele>480.97</ele>
      </trkpt>
      <trkpt lat="46.362991001" lon="6.495900023">
        <ele>480.97</ele>
      </trkpt>
      <trkpt lat="46.362872984" lon="6.495901025">
        <ele>480.91</ele>
      </trkpt>
      <trkpt lat="46.362804" lon="6.495889971">
        <ele>480.7</ele>
      </trkpt>
      <trkpt lat="46.362745995" lon="6.495873031">
        <ele>480.35</ele>
      </trkpt>
      <trkpt lat="46.362694029" lon="6.49584696">
        <ele>480.76</ele>
      </trkpt>
      <trkpt lat="46.362645995" lon="6.495802042">
        <ele>481.2</ele>
      </trkpt>
      <trkpt lat="46.362607024" lon="6.495754019">
        <ele>481.63</ele>
      </trkpt>
      <trkpt lat="46.362574" lon="6.49569902">
        <ele>482.04</ele>
      </trkpt>
      <trkpt lat="46.362548011" lon="6.495632976">
        <ele>482.34</ele>
      </trkpt>
      <trkpt lat="46.362525968" lon="6.495557029">
        <ele>482.17</ele>
      </trkpt>
      <trkpt lat="46.362510968" lon="6.495468018">
        <ele>481.97</ele>
      </trkpt>
      <trkpt lat="46.36250401" lon="6.49536602">
        <ele>481.89</ele>
      </trkpt>
      <trkpt lat="46.362496969" lon="6.494826966">
        <ele>481.96</ele>
      </trkpt>
      <trkpt lat="46.362489007" lon="6.494640981">
        <ele>482.18</ele>
      </trkpt>
      <trkpt lat="46.362475007" lon="6.494504019">
        <ele>482.26</ele>
      </trkpt>
      <trkpt lat="46.362453969" lon="6.494409974">
        <ele>482.82</ele>
      </trkpt>
      <trkpt lat="46.36237199" lon="6.494135969">
        <ele>483.68</ele>
      </trkpt>
      <trkpt lat="46.36228398" lon="6.493842012">
        <ele>484.41</ele>
      </trkpt>
      <trkpt lat="46.362206031" lon="6.493579997">
        <ele>485.07</ele>
      </trkpt>
      <trkpt lat="46.362183994" lon="6.493487035">
        <ele>486.03</ele>
      </trkpt>
      <trkpt lat="46.362174015" lon="6.493410012">
        <ele>486.57</ele>
      </trkpt>
      <trkpt lat="46.362178041" lon="6.493256029">
        <ele>486.76</ele>
      </trkpt>
      <trkpt lat="46.362144241" lon="6.493245717">
        <ele>488.74</ele>
      </trkpt>
      <trkpt lat="46.36210266" lon="6.493219598">
        <ele>490.25</ele>
      </trkpt>
      <trkpt lat="46.362069184" lon="6.493171342">
        <ele>490.79</ele>
      </trkpt>
      <trkpt lat="46.362045594" lon="6.493096678">
        <ele>493.21</ele>
      </trkpt>
      <trkpt lat="46.362041675" lon="6.493018116">
        <ele>495.17</ele>
      </trkpt>
      <trkpt lat="46.362057006" lon="6.492941969">
        <ele>495.03</ele>
      </trkpt>
      <trkpt lat="46.361950969" lon="6.492837024">
        <ele>494.76</ele>
      </trkpt>
      <trkpt lat="46.361899003" lon="6.492763006">
        <ele>497.61</ele>
      </trkpt>
      <trkpt lat="46.361844018" lon="6.492661013">
        <ele>497.74</ele>
      </trkpt>
      <trkpt lat="46.361762963" lon="6.492437041">
        <ele>497.8</ele>
      </trkpt>
      <trkpt lat="46.361704963" lon="6.492274016">
        <ele>498.23</ele>
      </trkpt>
      <trkpt lat="46.36158502" lon="6.491903033">
        <ele>499.48</ele>
      </trkpt>
      <trkpt lat="46.361463983" lon="6.491641018">
        <ele>498.2</ele>
      </trkpt>
      <trkpt lat="46.361343029" lon="6.491486028">
        <ele>497.73</ele>
      </trkpt>
      <trkpt lat="46.361173963" lon="6.491390976">
        <ele>497.84</ele>
      </trkpt>
      <trkpt lat="46.360970034" lon="6.491362984">
        <ele>498.32</ele>
      </trkpt>
      <trkpt lat="46.360828975" lon="6.49137497">
        <ele>498.09</ele>
      </trkpt>
      <trkpt lat="46.360713971" lon="6.491447974">
        <ele>498.19</ele>
      </trkpt>
      <trkpt lat="46.360610034" lon="6.491511009">
        <ele>498.09</ele>
      </trkpt>
      <trkpt lat="46.360515984" lon="6.491640006">
        <ele>499.24</ele>
      </trkpt>
      <trkpt lat="46.360411967" lon="6.491886017">
        <ele>500.32</ele>
      </trkpt>
      <trkpt lat="46.360367969" lon="6.492154989">
        <ele>504.53</ele>
      </trkpt>
      <trkpt lat="46.360286996" lon="6.492762004">
        <ele>506.57</ele>
      </trkpt>
      <trkpt lat="46.360217005" lon="6.49339702">
        <ele>507.61</ele>
      </trkpt>
      <trkpt lat="46.36016697" lon="6.493766996">
        <ele>508.88</ele>
      </trkpt>
      <trkpt lat="46.360118015" lon="6.494136974">
        <ele>512.65</ele>
      </trkpt>
      <trkpt lat="46.360028998" lon="6.494380971">
        <ele>511.08</ele>
      </trkpt>
      <trkpt lat="46.359904026" lon="6.494639969">
        <ele>511.39</ele>
      </trkpt>
      <trkpt lat="46.35973698" lon="6.494925957">
        <ele>514.23</ele>
      </trkpt>
      <trkpt lat="46.359571011" lon="6.495212039">
        <ele>513.31</ele>
      </trkpt>
      <trkpt lat="46.359419966" lon="6.495514956">
        <ele>511.86</ele>
      </trkpt>
      <trkpt lat="46.359270025" lon="6.495817969">
        <ele>513.02</ele>
      </trkpt>
      <trkpt lat="46.35918796" lon="6.495988028">
        <ele>515.37</ele>
      </trkpt>
      <trkpt lat="46.359140013" lon="6.496207971">
        <ele>515.94</ele>
      </trkpt>
      <trkpt lat="46.359154017" lon="6.496476024">
        <ele>520.27</ele>
      </trkpt>
      <trkpt lat="46.359198017" lon="6.496648031">
        <ele>523.17</ele>
      </trkpt>
      <trkpt lat="46.359444025" lon="6.496935023">
        <ele>526.59</ele>
      </trkpt>
      <trkpt lat="46.359628011" lon="6.497201981">
        <ele>529.32</ele>
      </trkpt>
      <trkpt lat="46.359941995" lon="6.497649999">
        <ele>532.89</ele>
      </trkpt>
      <trkpt lat="46.360041999" lon="6.498003968">
        <ele>535.55</ele>
      </trkpt>
      <trkpt lat="46.360041996" lon="6.498163096">
        <ele>538.05</ele>
      </trkpt>
      <trkpt lat="46.360041989" lon="6.498475031">
        <ele>540.85</ele>
      </trkpt>
      <trkpt lat="46.360015005" lon="6.498925972">
        <ele>543.15</ele>
      </trkpt>
      <trkpt lat="46.360007401" lon="6.499053323">
        <ele>545.02</ele>
      </trkpt>
      <trkpt lat="46.360007401" lon="6.499053323">
        <ele>546.67</ele>
      </trkpt>
      <trkpt lat="46.359988013" lon="6.499378005">
        <ele>548.67</ele>
      </trkpt>
      <trkpt lat="46.360044007" lon="6.49975603">
        <ele>550.23</ele>
      </trkpt>
      <trkpt lat="46.360101" lon="6.500134979">
        <ele>552.1</ele>
      </trkpt>
      <trkpt lat="46.360231003" lon="6.500444021">
        <ele>554.8</ele>
      </trkpt>
      <trkpt lat="46.360361007" lon="6.500752986">
        <ele>556.84</ele>
      </trkpt>
      <trkpt lat="46.360552031" lon="6.501150031">
        <ele>558.01</ele>
      </trkpt>
      <trkpt lat="46.360712963" lon="6.501486383">
        <ele>558.72</ele>
      </trkpt>
      <trkpt lat="46.360741965" lon="6.501546997">
        <ele>558.87</ele>
      </trkpt>
      <trkpt lat="46.360811427" lon="6.501606268">
        <ele>557.88</ele>
      </trkpt>
      <trkpt lat="46.36108302" lon="6.501838016">
        <ele>557.26</ele>
      </trkpt>
      <trkpt lat="46.361425007" lon="6.50212803">
        <ele>558.28</ele>
      </trkpt>
      <trkpt lat="46.361779985" lon="6.50237304">
        <ele>559.34</ele>
      </trkpt>
      <trkpt lat="46.362135964" lon="6.502618039">
        <ele>560.39</ele>
      </trkpt>
      <trkpt lat="46.362384988" lon="6.502899994">
        <ele>562.56</ele>
      </trkpt>
      <trkpt lat="46.362635016" lon="6.50318298">
        <ele>563.05</ele>
      </trkpt>
      <trkpt lat="46.362883959" lon="6.503466028">
        <ele>561.97</ele>
      </trkpt>
      <trkpt lat="46.362999972" lon="6.503875985">
        <ele>562.98</ele>
      </trkpt>
      <trkpt lat="46.363115972" lon="6.504286034">
        <ele>563.61</ele>
      </trkpt>
      <trkpt lat="46.363112035" lon="6.504494995">
        <ele>565.78</ele>
      </trkpt>
      <trkpt lat="46.362972977" lon="6.504917026">
        <ele>568.55</ele>
      </trkpt>
      <trkpt lat="46.362834005" lon="6.505337967">
        <ele>570.41</ele>
      </trkpt>
      <trkpt lat="46.36276401" lon="6.505768046">
        <ele>570.7</ele>
      </trkpt>
      <trkpt lat="46.362767038" lon="6.506326015">
        <ele>572.94</ele>
      </trkpt>
      <trkpt lat="46.362769963" lon="6.506884004">
        <ele>572.86</ele>
      </trkpt>
      <trkpt lat="46.36271498" lon="6.507183988">
        <ele>573.89</ele>
      </trkpt>
      <trkpt lat="46.362558995" lon="6.50749203">
        <ele>576.99</ele>
      </trkpt>
      <trkpt lat="46.362516998" lon="6.507538965">
        <ele>579.73</ele>
      </trkpt>
      <trkpt lat="46.362400991" lon="6.507669979">
        <ele>580.47</ele>
      </trkpt>
      <trkpt lat="46.362397564" lon="6.50767135">
        <ele>580.6</ele>
      </trkpt>
      <trkpt lat="46.362135965" lon="6.50777601">
        <ele>581.43</ele>
      </trkpt>
      <trkpt lat="46.361842006" lon="6.50789897">
        <ele>580.21</ele>
      </trkpt>
      <trkpt lat="46.361546968" lon="6.508021012">
        <ele>579.91</ele>
      </trkpt>
      <trkpt lat="46.361253013" lon="6.508142966">
        <ele>578.65</ele>
      </trkpt>
      <trkpt lat="46.361116977" lon="6.508256963">
        <ele>581.95</ele>
      </trkpt>
      <trkpt lat="46.361021" lon="6.508432978">
        <ele>582.7</ele>
      </trkpt>
      <trkpt lat="46.36089301" lon="6.508786029">
        <ele>583.53</ele>
      </trkpt>
      <trkpt lat="46.360836014" lon="6.508989036">
        <ele>586.09</ele>
      </trkpt>
      <trkpt lat="46.36073199" lon="6.509359012">
        <ele>589.66</ele>
      </trkpt>
      <trkpt lat="46.360627969" lon="6.509727986">
        <ele>589.31</ele>
      </trkpt>
      <trkpt lat="46.360572991" lon="6.510158981">
        <ele>590.59</ele>
      </trkpt>
      <trkpt lat="46.360519006" lon="6.510588972">
        <ele>594.17</ele>
      </trkpt>
      <trkpt lat="46.360464024" lon="6.511019978">
        <ele>593.71</ele>
      </trkpt>
      <trkpt lat="46.360386993" lon="6.511434035">
        <ele>596.71</ele>
      </trkpt>
      <trkpt lat="46.360309966" lon="6.511847011">
        <ele>598.61</ele>
      </trkpt>
      <trkpt lat="46.360106031" lon="6.512401975">
        <ele>599.58</ele>
      </trkpt>
      <trkpt lat="46.360013999" lon="6.512829957">
        <ele>601.47</ele>
      </trkpt>
      <trkpt lat="46.359921958" lon="6.513257013">
        <ele>605.15</ele>
      </trkpt>
      <trkpt lat="46.359831023" lon="6.513684997">
        <ele>602.83</ele>
      </trkpt>
      <trkpt lat="46.359778969" lon="6.514208033">
        <ele>601.47</ele>
      </trkpt>
      <trkpt lat="46.359727001" lon="6.514729968">
        <ele>601.47</ele>
      </trkpt>
      <trkpt lat="46.359672018" lon="6.515220982">
        <ele>598.82</ele>
      </trkpt>
      <trkpt lat="46.359607978" lon="6.515409998">
        <ele>595.44</ele>
      </trkpt>
      <trkpt lat="46.359532959" lon="6.515528005">
        <ele>596.59</ele>
      </trkpt>
      <trkpt lat="46.359418966" lon="6.515615018">
        <ele>599.22</ele>
      </trkpt>
      <trkpt lat="46.359299025" lon="6.515590961">
        <ele>600.96</ele>
      </trkpt>
      <trkpt lat="46.358924018" lon="6.51532399">
        <ele>603.97</ele>
      </trkpt>
      <trkpt lat="46.358823019" lon="6.515179987">
        <ele>607.36</ele>
      </trkpt>
      <trkpt lat="46.358660994" lon="6.514697021">
        <ele>608.78</ele>
      </trkpt>
      <trkpt lat="46.358572984" lon="6.514479011">
        <ele>609.17</ele>
      </trkpt>
      <trkpt lat="46.358465024" lon="6.514346996">
        <ele>610.38</ele>
      </trkpt>
      <trkpt lat="46.358359997" lon="6.514290001">
        <ele>611.66</ele>
      </trkpt>
      <trkpt lat="46.358048024" lon="6.514271978">
        <ele>611.79</ele>
      </trkpt>
      <trkpt lat="46.35773596" lon="6.514253962">
        <ele>612.51</ele>
      </trkpt>
      <trkpt lat="46.357467992" lon="6.514380033">
        <ele>613.18</ele>
      </trkpt>
      <trkpt lat="46.357447038" lon="6.514388996">
        <ele>615.22</ele>
      </trkpt>
      <trkpt lat="46.357079995" lon="6.51450299">
        <ele>615.31</ele>
      </trkpt>
      <trkpt lat="46.35682301" lon="6.514552019">
        <ele>616.61</ele>
      </trkpt>
      <trkpt lat="46.356652016" lon="6.514584957">
        <ele>617.63</ele>
      </trkpt>
      <trkpt lat="46.356352024" lon="6.514568028">
        <ele>617.98</ele>
      </trkpt>
      <trkpt lat="46.355974005" lon="6.514512963">
        <ele>616.68</ele>
      </trkpt>
      <trkpt lat="46.355594975" lon="6.514457977">
        <ele>616.13</ele>
      </trkpt>
      <trkpt lat="46.355485009" lon="6.514469962">
        <ele>615.58</ele>
      </trkpt>
      <trkpt lat="46.355232043" lon="6.514497964">
        <ele>615.36</ele>
      </trkpt>
      <trkpt lat="46.354977976" lon="6.514526039">
        <ele>615.63</ele>
      </trkpt>
      <trkpt lat="46.354718978" lon="6.514569039">
        <ele>615.94</ele>
      </trkpt>
      <trkpt lat="46.354458979" lon="6.514612028">
        <ele>616.52</ele>
      </trkpt>
      <trkpt lat="46.354209031" lon="6.514692997">
        <ele>616.9</ele>
      </trkpt>
      <trkpt lat="46.353959997" lon="6.514772969">
        <ele>617.41</ele>
      </trkpt>
      <trkpt lat="46.353615001" lon="6.514888971">
        <ele>617.83</ele>
      </trkpt>
      <trkpt lat="46.353297999" lon="6.514996006">
        <ele>618.17</ele>
      </trkpt>
      <trkpt lat="46.353270001" lon="6.515005986">
        <ele>618.37</ele>
      </trkpt>
      <trkpt lat="46.352926006" lon="6.515121997">
        <ele>618.63</ele>
      </trkpt>
      <trkpt lat="46.352900023" lon="6.515132978">
        <ele>619.84</ele>
      </trkpt>
      <trkpt lat="46.352588972" lon="6.515236996">
        <ele>623.23</ele>
      </trkpt>
      <trkpt lat="46.352277002" lon="6.515341006">
        <ele>624.27</ele>
      </trkpt>
      <trkpt lat="46.352081026" lon="6.515452998">
        <ele>625.3</ele>
      </trkpt>
      <trkpt lat="46.351944987" lon="6.515627007">
        <ele>627.18</ele>
      </trkpt>
      <trkpt lat="46.351925042" lon="6.515666975">
        <ele>626.91</ele>
      </trkpt>
      <trkpt lat="46.351729994" lon="6.516074005">
        <ele>624.85</ele>
      </trkpt>
      <trkpt lat="46.351534021" lon="6.516480023">
        <ele>626.97</ele>
      </trkpt>
      <trkpt lat="46.351337972" lon="6.51688697">
        <ele>627.66</ele>
      </trkpt>
      <trkpt lat="46.351203023" lon="6.517173965">
        <ele>628.57</ele>
      </trkpt>
      <trkpt lat="46.351118029" lon="6.517354012">
        <ele>631.36</ele>
      </trkpt>
      <trkpt lat="46.350897004" lon="6.517820967">
        <ele>633.35</ele>
      </trkpt>
      <trkpt lat="46.350675966" lon="6.518288009">
        <ele>633.56</ele>
      </trkpt>
      <trkpt lat="46.350584022" lon="6.518639961">
        <ele>635.3</ele>
      </trkpt>
      <trkpt lat="46.350551996" lon="6.519067012">
        <ele>635.89</ele>
      </trkpt>
      <trkpt lat="46.350518976" lon="6.519495">
        <ele>635.86</ele>
      </trkpt>
      <trkpt lat="46.350433986" lon="6.520094977">
        <ele>636.1</ele>
      </trkpt>
      <trkpt lat="46.350341025" lon="6.520463026">
        <ele>636.17</ele>
      </trkpt>
      <trkpt lat="46.350246984" lon="6.520830992">
        <ele>636.45</ele>
      </trkpt>
      <trkpt lat="46.350212031" lon="6.520968032">
        <ele>636.87</ele>
      </trkpt>
      <trkpt lat="46.350124023" lon="6.521147993">
        <ele>637.09</ele>
      </trkpt>
      <trkpt lat="46.349976001" lon="6.521255032">
        <ele>637.44</ele>
      </trkpt>
      <trkpt lat="46.349744994" lon="6.521254021">
        <ele>638.16</ele>
      </trkpt>
      <trkpt lat="46.349724956" lon="6.521254032">
        <ele>638.41</ele>
      </trkpt>
      <trkpt lat="46.349451041" lon="6.521204985">
        <ele>638.56</ele>
      </trkpt>
      <trkpt lat="46.349385997" lon="6.521156042">
        <ele>639.5</ele>
      </trkpt>
      <trkpt lat="46.349349034" lon="6.521127966">
        <ele>640.12</ele>
      </trkpt>
      <trkpt lat="46.349141996" lon="6.52084599">
        <ele>640.43</ele>
      </trkpt>
      <trkpt lat="46.348846034" lon="6.520440983">
        <ele>640.83</ele>
      </trkpt>
      <trkpt lat="46.348540014" lon="6.520218017">
        <ele>641.27</ele>
      </trkpt>
      <trkpt lat="46.34816903" lon="6.520026">
        <ele>641.01</ele>
      </trkpt>
      <trkpt lat="46.347995018" lon="6.520001019">
        <ele>643.33</ele>
      </trkpt>
      <trkpt lat="46.347936013" lon="6.520034041">
        <ele>645.01</ele>
      </trkpt>
      <trkpt lat="46.347859988" lon="6.520077955">
        <ele>646.15</ele>
      </trkpt>
      <trkpt lat="46.347749014" lon="6.520322968">
        <ele>648.55</ele>
      </trkpt>
      <trkpt lat="46.347701983" lon="6.520726967">
        <ele>648.22</ele>
      </trkpt>
      <trkpt lat="46.347664018" lon="6.520955961">
        <ele>648.46</ele>
      </trkpt>
      <trkpt lat="46.347649007" lon="6.521042971">
        <ele>647.79</ele>
      </trkpt>
      <trkpt lat="46.347553966" lon="6.521306997">
        <ele>648.19</ele>
      </trkpt>
      <trkpt lat="46.347402999" lon="6.521600023">
        <ele>648.16</ele>
      </trkpt>
      <trkpt lat="46.347173004" lon="6.522004032">
        <ele>651.14</ele>
      </trkpt>
      <trkpt lat="46.346942" lon="6.522407959">
        <ele>651.44</ele>
      </trkpt>
      <trkpt lat="46.346712002" lon="6.522811974">
        <ele>653.72</ele>
      </trkpt>
      <trkpt lat="46.346488959" lon="6.523265009">
        <ele>655.94</ele>
      </trkpt>
      <trkpt lat="46.346443026" lon="6.523527025">
        <ele>657.92</ele>
      </trkpt>
      <trkpt lat="46.346438001" lon="6.523744027">
        <ele>659.49</ele>
      </trkpt>
      <trkpt lat="46.346113036" lon="6.52373398">
        <ele>660.98</ele>
      </trkpt>
      <trkpt lat="46.345787977" lon="6.523724005">
        <ele>660.15</ele>
      </trkpt>
      <trkpt lat="46.345779433" lon="6.523723738">
        <ele>659.65</ele>
      </trkpt>
      <trkpt lat="46.345404005" lon="6.523712014">
        <ele>659.27</ele>
      </trkpt>
      <trkpt lat="46.345020032" lon="6.523700037">
        <ele>657.51</ele>
      </trkpt>
      <trkpt lat="46.344635973" lon="6.523687963">
        <ele>656.13</ele>
      </trkpt>
      <trkpt lat="46.344250991" lon="6.523675972">
        <ele>657.01</ele>
      </trkpt>
      <trkpt lat="46.344182009" lon="6.523661971">
        <ele>657.75</ele>
      </trkpt>
      <trkpt lat="46.343871042" lon="6.523600037">
        <ele>656.21</ele>
      </trkpt>
      <trkpt lat="46.343489996" lon="6.523524007">
        <ele>656.85</ele>
      </trkpt>
      <trkpt lat="46.343109046" lon="6.523448986">
        <ele>656.58</ele>
      </trkpt>
      <trkpt lat="46.342729009" lon="6.52337297">
        <ele>656.41</ele>
      </trkpt>
      <trkpt lat="46.342347966" lon="6.523298036">
        <ele>655.93</ele>
      </trkpt>
      <trkpt lat="46.342012015" lon="6.523266018">
        <ele>657.31</ele>
      </trkpt>
      <trkpt lat="46.341676989" lon="6.523232992">
        <ele>657.82</ele>
      </trkpt>
      <trkpt lat="46.341340958" lon="6.523200969">
        <ele>658.85</ele>
      </trkpt>
      <trkpt lat="46.341091007" lon="6.523164006">
        <ele>658.35</ele>
      </trkpt>
      <trkpt lat="46.340821031" lon="6.523096028">
        <ele>657.97</ele>
      </trkpt>
      <trkpt lat="46.340550969" lon="6.522987986">
        <ele>656.64</ele>
      </trkpt>
      <trkpt lat="46.340453985" lon="6.522942977">
        <ele>655.78</ele>
      </trkpt>
      <trkpt lat="46.34039397" lon="6.522906013">
        <ele>654.84</ele>
      </trkpt>
      <trkpt lat="46.34031703" lon="6.522850023">
        <ele>655.62</ele>
      </trkpt>
      <trkpt lat="46.340124999" lon="6.522679026">
        <ele>655.63</ele>
      </trkpt>
      <trkpt lat="46.339933976" lon="6.522508043">
        <ele>656.62</ele>
      </trkpt>
      <trkpt lat="46.339850992" lon="6.522441995">
        <ele>656.82</ele>
      </trkpt>
      <trkpt lat="46.339760966" lon="6.522376028">
        <ele>656.55</ele>
      </trkpt>
      <trkpt lat="46.339571958" lon="6.52229003">
        <ele>655.02</ele>
      </trkpt>
      <trkpt lat="46.339395019" lon="6.522202012">
        <ele>654.35</ele>
      </trkpt>
      <trkpt lat="46.339285969" lon="6.522128013">
        <ele>653.75</ele>
      </trkpt>
      <trkpt lat="46.339180025" lon="6.522036971">
        <ele>652.88</ele>
      </trkpt>
      <trkpt lat="46.339095028" lon="6.52192902">
        <ele>652.54</ele>
      </trkpt>
      <trkpt lat="46.338961002" lon="6.521731965">
        <ele>653.07</ele>
      </trkpt>
      <trkpt lat="46.338932001" lon="6.521690976">
        <ele>653.13</ele>
      </trkpt>
      <trkpt lat="46.338877571" lon="6.521732849">
        <ele>652.87</ele>
      </trkpt>
      <trkpt lat="46.338822208" lon="6.521742803">
        <ele>653.82</ele>
      </trkpt>
      <trkpt lat="46.338765385" lon="6.521711318">
        <ele>654.43</ele>
      </trkpt>
      <trkpt lat="46.338727121" lon="6.521649235">
        <ele>654.47</ele>
      </trkpt>
      <trkpt lat="46.338717023" lon="6.521548441">
        <ele>654.29</ele>
      </trkpt>
      <trkpt lat="46.338741981" lon="6.521460981">
        <ele>654.04</ele>
      </trkpt>
      <trkpt lat="46.338692031" lon="6.521403976">
        <ele>653.49</ele>
      </trkpt>
      <trkpt lat="46.338669984" lon="6.521385025">
        <ele>653.76</ele>
      </trkpt>
      <trkpt lat="46.338621036" lon="6.521351002">
        <ele>653.77</ele>
      </trkpt>
      <trkpt lat="46.338507042" lon="6.521287971">
        <ele>654.81</ele>
      </trkpt>
      <trkpt lat="46.338425991" lon="6.521217978">
        <ele>655.09</ele>
      </trkpt>
      <trkpt lat="46.338233037" lon="6.521016975">
        <ele>654.99</ele>
      </trkpt>
      <trkpt lat="46.338143015" lon="6.520900974">
        <ele>654.27</ele>
      </trkpt>
      <trkpt lat="46.338094988" lon="6.520812965">
        <ele>654.03</ele>
      </trkpt>
      <trkpt lat="46.338057021" lon="6.520712967">
        <ele>653.16</ele>
      </trkpt>
      <trkpt lat="46.338026003" lon="6.520584982">
        <ele>652.61</ele>
      </trkpt>
      <trkpt lat="46.338019966" lon="6.520493027">
        <ele>651.95</ele>
      </trkpt>
      <trkpt lat="46.337985016" lon="6.520005958">
        <ele>651.26</ele>
      </trkpt>
      <trkpt lat="46.337950981" lon="6.519844021">
        <ele>651.03</ele>
      </trkpt>
      <trkpt lat="46.337902034" lon="6.519704965">
        <ele>650.27</ele>
      </trkpt>
      <trkpt lat="46.337717963" lon="6.51938">
        <ele>649.93</ele>
      </trkpt>
      <trkpt lat="46.337533983" lon="6.519055029">
        <ele>649.38</ele>
      </trkpt>
      <trkpt lat="46.33738797" lon="6.518809026">
        <ele>649.61</ele>
      </trkpt>
      <trkpt lat="46.337324019" lon="6.518722024">
        <ele>649.44</ele>
      </trkpt>
      <trkpt lat="46.337137016" lon="6.518512972">
        <ele>650</ele>
      </trkpt>
      <trkpt lat="46.336923026" lon="6.518277028">
        <ele>651.19</ele>
      </trkpt>
      <trkpt lat="46.336709043" lon="6.51803998">
        <ele>652.02</ele>
      </trkpt>
      <trkpt lat="46.336379043" lon="6.517633958">
        <ele>652.16</ele>
      </trkpt>
      <trkpt lat="46.336048963" lon="6.517229028">
        <ele>651.35</ele>
      </trkpt>
      <trkpt lat="46.335718966" lon="6.516824017">
        <ele>649.29</ele>
      </trkpt>
      <trkpt lat="46.335411021" lon="6.516424035">
        <ele>646.47</ele>
      </trkpt>
      <trkpt lat="46.335102984" lon="6.516024976">
        <ele>644.47</ele>
      </trkpt>
      <trkpt lat="46.334796034" lon="6.515625991">
        <ele>642.39</ele>
      </trkpt>
      <trkpt lat="46.334611975" lon="6.515373034">
        <ele>641.82</ele>
      </trkpt>
      <trkpt lat="46.334371998" lon="6.514857954">
        <ele>644.8</ele>
      </trkpt>
      <trkpt lat="46.334131018" lon="6.514341969">
        <ele>647.73</ele>
      </trkpt>
      <trkpt lat="46.333958011" lon="6.513965028">
        <ele>650.18</ele>
      </trkpt>
      <trkpt lat="46.333785013" lon="6.513588025">
        <ele>652.12</ele>
      </trkpt>
      <trkpt lat="46.333611004" lon="6.513210999">
        <ele>650.13</ele>
      </trkpt>
      <trkpt lat="46.333589969" lon="6.513056018">
        <ele>644.34</ele>
      </trkpt>
      <trkpt lat="46.333597001" lon="6.512542961">
        <ele>638.35</ele>
      </trkpt>
      <trkpt lat="46.333561966" lon="6.512173984">
        <ele>632.1</ele>
      </trkpt>
      <trkpt lat="46.333418974" lon="6.511831007">
        <ele>627.05</ele>
      </trkpt>
      <trkpt lat="46.333134995" lon="6.51136799">
        <ele>626.14</ele>
      </trkpt>
      <trkpt lat="46.332812037" lon="6.510986028">
        <ele>626.54</ele>
      </trkpt>
      <trkpt lat="46.332454974" lon="6.510808999">
        <ele>627.98</ele>
      </trkpt>
      <trkpt lat="46.332097983" lon="6.510631977">
        <ele>630.22</ele>
      </trkpt>
      <trkpt lat="46.331740998" lon="6.510455023">
        <ele>631.97</ele>
      </trkpt>
      <trkpt lat="46.331477977" lon="6.510319993">
        <ele>634.08</ele>
      </trkpt>
      <trkpt lat="46.331215038" lon="6.510184957">
        <ele>637.73</ele>
      </trkpt>
      <trkpt lat="46.330885039" lon="6.509914988">
        <ele>642.06</ele>
      </trkpt>
      <trkpt lat="46.330554963" lon="6.509644002">
        <ele>644.92</ele>
      </trkpt>
      <trkpt lat="46.330224967" lon="6.509373012">
        <ele>648.64</ele>
      </trkpt>
      <trkpt lat="46.330032012" lon="6.509215021">
        <ele>651.44</ele>
      </trkpt>
      <trkpt lat="46.329894967" lon="6.509103026">
        <ele>650.25</ele>
      </trkpt>
      <trkpt lat="46.329636974" lon="6.508913017">
        <ele>647.34</ele>
      </trkpt>
      <trkpt lat="46.32937898" lon="6.508722997">
        <ele>645.79</ele>
      </trkpt>
      <trkpt lat="46.329149988" lon="6.508687038">
        <ele>643.56</ele>
      </trkpt>
      <trkpt lat="46.328874975" lon="6.508658039">
        <ele>641.31</ele>
      </trkpt>
      <trkpt lat="46.32859997" lon="6.508629029">
        <ele>639.5</ele>
      </trkpt>
      <trkpt lat="46.328356977" lon="6.508517967">
        <ele>638.87</ele>
      </trkpt>
      <trkpt lat="46.328112976" lon="6.508408">
        <ele>639.31</ele>
      </trkpt>
      <trkpt lat="46.327824972" lon="6.508261992">
        <ele>638.76</ele>
      </trkpt>
      <trkpt lat="46.327536973" lon="6.508116987">
        <ele>636.98</ele>
      </trkpt>
      <trkpt lat="46.32719801" lon="6.507792022">
        <ele>637.23</ele>
      </trkpt>
      <trkpt lat="46.326876984" lon="6.507378031">
        <ele>636.21</ele>
      </trkpt>
      <trkpt lat="46.32655604" lon="6.506963973">
        <ele>633.89</ele>
      </trkpt>
      <trkpt lat="46.326338022" lon="6.506585029">
        <ele>632.28</ele>
      </trkpt>
      <trkpt lat="46.326119008" lon="6.506204996">
        <ele>631.42</ele>
      </trkpt>
      <trkpt lat="46.325905021" lon="6.505984047">
        <ele>629.62</ele>
      </trkpt>
      <trkpt lat="46.325691027" lon="6.505763008">
        <ele>628.62</ele>
      </trkpt>
      <trkpt lat="46.325329012" lon="6.505427991">
        <ele>627.16</ele>
      </trkpt>
      <trkpt lat="46.324968007" lon="6.505092964">
        <ele>625.15</ele>
      </trkpt>
      <trkpt lat="46.324713028" lon="6.504863971">
        <ele>623.56</ele>
      </trkpt>
      <trkpt lat="46.324457968" lon="6.504634975">
        <ele>621.9</ele>
      </trkpt>
      <trkpt lat="46.324202984" lon="6.504406988">
        <ele>619.67</ele>
      </trkpt>
      <trkpt lat="46.323936022" lon="6.504055026">
        <ele>618.08</ele>
      </trkpt>
      <trkpt lat="46.323722035" lon="6.503693011">
        <ele>617.09</ele>
      </trkpt>
      <trkpt lat="46.323527897" lon="6.503367044">
        <ele>615.88</ele>
      </trkpt>
      <trkpt lat="46.323507033" lon="6.503332013">
        <ele>615.87</ele>
      </trkpt>
      <trkpt lat="46.323221973" lon="6.502850973">
        <ele>616.38</ele>
      </trkpt>
      <trkpt lat="46.322935975" lon="6.502371022">
        <ele>617.4</ele>
      </trkpt>
      <trkpt lat="46.322649988" lon="6.501890987">
        <ele>618.29</ele>
      </trkpt>
      <trkpt lat="46.322363991" lon="6.501410032">
        <ele>618.93</ele>
      </trkpt>
      <trkpt lat="46.322079018" lon="6.500930006">
        <ele>619.39</ele>
      </trkpt>
      <trkpt lat="46.321793025" lon="6.500449973">
        <ele>619.53</ele>
      </trkpt>
      <trkpt lat="46.321507031" lon="6.49996902">
        <ele>619.38</ele>
      </trkpt>
      <trkpt lat="46.321312984" lon="6.499634997">
        <ele>619.77</ele>
      </trkpt>
      <trkpt lat="46.321118031" lon="6.499301985">
        <ele>620.83</ele>
      </trkpt>
      <trkpt lat="46.320951976" lon="6.499095965">
        <ele>621.87</ele>
      </trkpt>
      <trkpt lat="46.320670019" lon="6.498859007">
        <ele>623.17</ele>
      </trkpt>
      <trkpt lat="46.320368018" lon="6.498655986">
        <ele>624.63</ele>
      </trkpt>
      <trkpt lat="46.320089982" lon="6.498578038">
        <ele>625.83</ele>
      </trkpt>
      <trkpt lat="46.319699975" lon="6.498555996">
        <ele>627.13</ele>
      </trkpt>
      <trkpt lat="46.319483979" lon="6.498654991">
        <ele>628.39</ele>
      </trkpt>
      <trkpt lat="46.31926697" lon="6.498754987">
        <ele>629.61</ele>
      </trkpt>
      <trkpt lat="46.318942" lon="6.498853967">
        <ele>631.04</ele>
      </trkpt>
      <trkpt lat="46.318733042" lon="6.498913992">
        <ele>632.85</ele>
      </trkpt>
      <trkpt lat="46.318530032" lon="6.499096969">
        <ele>634.76</ele>
      </trkpt>
      <trkpt lat="46.318327024" lon="6.499279022">
        <ele>636.58</ele>
      </trkpt>
      <trkpt lat="46.318206991" lon="6.499371977">
        <ele>638.43</ele>
      </trkpt>
      <trkpt lat="46.318057964" lon="6.49942202">
        <ele>640.31</ele>
      </trkpt>
      <trkpt lat="46.317801977" lon="6.499322028">
        <ele>641.34</ele>
      </trkpt>
      <trkpt lat="46.317545999" lon="6.499222024">
        <ele>641.75</ele>
      </trkpt>
      <trkpt lat="46.317210969" lon="6.498973996">
        <ele>643.35</ele>
      </trkpt>
      <trkpt lat="46.316876031" lon="6.498724975">
        <ele>646.38</ele>
      </trkpt>
      <trkpt lat="46.316470011" lon="6.498471006">
        <ele>648.94</ele>
      </trkpt>
      <trkpt lat="46.316063995" lon="6.498218042">
        <ele>651.98</ele>
      </trkpt>
      <trkpt lat="46.31588403" lon="6.497994998">
        <ele>654.63</ele>
      </trkpt>
      <trkpt lat="46.315702982" lon="6.497772029">
        <ele>655.77</ele>
      </trkpt>
      <trkpt lat="46.315399976" lon="6.497299969">
        <ele>654.92</ele>
      </trkpt>
      <trkpt lat="46.315097976" lon="6.496827979">
        <ele>654.81</ele>
      </trkpt>
      <trkpt lat="46.314795974" lon="6.496355994">
        <ele>653.83</ele>
      </trkpt>
      <trkpt lat="46.314556006" lon="6.495823994">
        <ele>653.8</ele>
      </trkpt>
      <trkpt lat="46.314316029" lon="6.495290997">
        <ele>653.36</ele>
      </trkpt>
      <trkpt lat="46.314200025" lon="6.494794038">
        <ele>653.77</ele>
      </trkpt>
      <trkpt lat="46.314084017" lon="6.494295975">
        <ele>653.34</ele>
      </trkpt>
      <trkpt lat="46.313977988" lon="6.493694996">
        <ele>653.37</ele>
      </trkpt>
      <trkpt lat="46.313831974" lon="6.493333985">
        <ele>653.06</ele>
      </trkpt>
      <trkpt lat="46.313686965" lon="6.492973989">
        <ele>653.77</ele>
      </trkpt>
      <trkpt lat="46.313591999" lon="6.492501994">
        <ele>653.89</ele>
      </trkpt>
      <trkpt lat="46.313431985" lon="6.492055999">
        <ele>654.24</ele>
      </trkpt>
      <trkpt lat="46.313255969" lon="6.491617961">
        <ele>654.71</ele>
      </trkpt>
      <trkpt lat="46.313080031" lon="6.491180008">
        <ele>655.41</ele>
      </trkpt>
      <trkpt lat="46.31300904" lon="6.491077996">
        <ele>655.47</ele>
      </trkpt>
      <trkpt lat="46.312711987" lon="6.49085697">
        <ele>655.73</ele>
      </trkpt>
      <trkpt lat="46.312467993" lon="6.49117003">
        <ele>655.84</ele>
      </trkpt>
      <trkpt lat="46.312198004" lon="6.491553007">
        <ele>655.96</ele>
      </trkpt>
      <trkpt lat="46.311970018" lon="6.49185098">
        <ele>655.85</ele>
      </trkpt>
      <trkpt lat="46.311741024" lon="6.492148027">
        <ele>655.85</ele>
      </trkpt>
      <trkpt lat="46.311668018" lon="6.492244003">
        <ele>655.72</ele>
      </trkpt>
      <trkpt lat="46.311436006" lon="6.492548008">
        <ele>655.74</ele>
      </trkpt>
      <trkpt lat="46.311355034" lon="6.492640977">
        <ele>656.06</ele>
      </trkpt>
      <trkpt lat="46.31116896" lon="6.492858983">
        <ele>659.4</ele>
      </trkpt>
      <trkpt lat="46.310981961" lon="6.493078008">
        <ele>665.06</ele>
      </trkpt>
      <trkpt lat="46.310651963" lon="6.493492992">
        <ele>672.07</ele>
      </trkpt>
      <trkpt lat="46.310550037" lon="6.493768007">
        <ele>679.27</ele>
      </trkpt>
      <trkpt lat="46.310524979" lon="6.494028006">
        <ele>686.43</ele>
      </trkpt>
      <trkpt lat="46.310621033" lon="6.494268987">
        <ele>692.32</ele>
      </trkpt>
      <trkpt lat="46.310792026" lon="6.494699994">
        <ele>697.83</ele>
      </trkpt>
      <trkpt lat="46.310967963" lon="6.495225037">
        <ele>702.45</ele>
      </trkpt>
      <trkpt lat="46.311163009" lon="6.495627021">
        <ele>706.21</ele>
      </trkpt>
      <trkpt lat="46.311359987" lon="6.495864991">
        <ele>710.59</ele>
      </trkpt>
      <trkpt lat="46.311714039" lon="6.496131034">
        <ele>713.19</ele>
      </trkpt>
      <trkpt lat="46.311801961" lon="6.496300003">
        <ele>712.61</ele>
      </trkpt>
      <trkpt lat="46.312185014" lon="6.496552973">
        <ele>713.55</ele>
      </trkpt>
      <trkpt lat="46.312568987" lon="6.496807033">
        <ele>717.03</ele>
      </trkpt>
      <trkpt lat="46.312907025" lon="6.497163014">
        <ele>720.54</ele>
      </trkpt>
      <trkpt lat="46.31297803" lon="6.49736803">
        <ele>726.08</ele>
      </trkpt>
      <trkpt lat="46.313240966" lon="6.497785033">
        <ele>731</ele>
      </trkpt>
      <trkpt lat="46.313557969" lon="6.498002029">
        <ele>733</ele>
      </trkpt>
      <trkpt lat="46.313670032" lon="6.498172031">
        <ele>732.78</ele>
      </trkpt>
      <trkpt lat="46.313900033" lon="6.498237984">
        <ele>731.53</ele>
      </trkpt>
      <trkpt lat="46.314090975" lon="6.498434042">
        <ele>728</ele>
      </trkpt>
      <trkpt lat="46.314220977" lon="6.498566977">
        <ele>725.05</ele>
      </trkpt>
      <trkpt lat="46.314542002" lon="6.498895966">
        <ele>727.31</ele>
      </trkpt>
      <trkpt lat="46.314837972" lon="6.499150028">
        <ele>732.7</ele>
      </trkpt>
      <trkpt lat="46.315037958" lon="6.499421014">
        <ele>737.47</ele>
      </trkpt>
      <trkpt lat="46.315180033" lon="6.499686968">
        <ele>743.64</ele>
      </trkpt>
      <trkpt lat="46.315322023" lon="6.499953009">
        <ele>750.97</ele>
      </trkpt>
      <trkpt lat="46.315544984" lon="6.500270012">
        <ele>754.83</ele>
      </trkpt>
      <trkpt lat="46.315768025" lon="6.500587022">
        <ele>755.79</ele>
      </trkpt>
      <trkpt lat="46.315929965" lon="6.500918023">
        <ele>756.16</ele>
      </trkpt>
      <trkpt lat="46.31609199" lon="6.501250032">
        <ele>754.11</ele>
      </trkpt>
      <trkpt lat="46.316259964" lon="6.501565019">
        <ele>756.46</ele>
      </trkpt>
      <trkpt lat="46.316358031" lon="6.502177981">
        <ele>756.75</ele>
      </trkpt>
      <trkpt lat="46.316456011" lon="6.50279103">
        <ele>758.84</ele>
      </trkpt>
      <trkpt lat="46.316549973" lon="6.503304009">
        <ele>761.83</ele>
      </trkpt>
      <trkpt lat="46.316644014" lon="6.503816981">
        <ele>765.91</ele>
      </trkpt>
      <trkpt lat="46.316650971" lon="6.504141018">
        <ele>759.97</ele>
      </trkpt>
      <trkpt lat="46.316605968" lon="6.504554007">
        <ele>763.41</ele>
      </trkpt>
      <trkpt lat="46.316560027" lon="6.505127996">
        <ele>763</ele>
      </trkpt>
      <trkpt lat="46.31644402" lon="6.505490017">
        <ele>762.67</ele>
      </trkpt>
      <trkpt lat="46.316205977" lon="6.505743981">
        <ele>763.82</ele>
      </trkpt>
      <trkpt lat="46.316052002" lon="6.50582202">
        <ele>771.1</ele>
      </trkpt>
      <trkpt lat="46.315914044" lon="6.505864011">
        <ele>770.82</ele>
      </trkpt>
      <trkpt lat="46.315542973" lon="6.505707026">
        <ele>773.36</ele>
      </trkpt>
      <trkpt lat="46.315254972" lon="6.505501995">
        <ele>777.67</ele>
      </trkpt>
      <trkpt lat="46.314912985" lon="6.505193966">
        <ele>781.29</ele>
      </trkpt>
      <trkpt lat="46.314529014" lon="6.505012993">
        <ele>784.58</ele>
      </trkpt>
      <trkpt lat="46.314287028" lon="6.504889033">
        <ele>787.95</ele>
      </trkpt>
      <trkpt lat="46.314045964" lon="6.504764977">
        <ele>790.7</ele>
      </trkpt>
      <trkpt lat="46.313832981" lon="6.504545032">
        <ele>793.07</ele>
      </trkpt>
      <trkpt lat="46.313619995" lon="6.504324008">
        <ele>795.21</ele>
      </trkpt>
      <trkpt lat="46.31329503" lon="6.503968021">
        <ele>797.66</ele>
      </trkpt>
      <trkpt lat="46.312990013" lon="6.503805">
        <ele>799.85</ele>
      </trkpt>
      <trkpt lat="46.312685998" lon="6.503641966">
        <ele>803.03</ele>
      </trkpt>
      <trkpt lat="46.312380979" lon="6.503479026">
        <ele>805.37</ele>
      </trkpt>
      <trkpt lat="46.312027019" lon="6.503354966">
        <ele>807.97</ele>
      </trkpt>
      <trkpt lat="46.311672041" lon="6.503232014">
        <ele>810.23</ele>
      </trkpt>
      <trkpt lat="46.311388987" lon="6.502965972">
        <ele>812.66</ele>
      </trkpt>
      <trkpt lat="46.311119006" lon="6.50261803">
        <ele>814.92</ele>
      </trkpt>
      <trkpt lat="46.311005008" lon="6.502471017">
        <ele>817.84</ele>
      </trkpt>
      <trkpt lat="46.310739975" lon="6.502074971">
        <ele>820.27</ele>
      </trkpt>
      <trkpt lat="46.310475025" lon="6.501680014">
        <ele>822.94</ele>
      </trkpt>
      <trkpt lat="46.31022901" lon="6.501480028">
        <ele>825.44</ele>
      </trkpt>
      <trkpt lat="46.310003963" lon="6.501425959">
        <ele>827.63</ele>
      </trkpt>
      <trkpt lat="46.309661973" lon="6.501470969">
        <ele>829.69</ele>
      </trkpt>
      <trkpt lat="46.309319997" lon="6.501516994">
        <ele>832.74</ele>
      </trkpt>
      <trkpt lat="46.309098964" lon="6.501505">
        <ele>835.71</ele>
      </trkpt>
      <trkpt lat="46.309025963" lon="6.501570966">
        <ele>838.08</ele>
      </trkpt>
      <trkpt lat="46.308953033" lon="6.501680014">
        <ele>840.41</ele>
      </trkpt>
      <trkpt lat="46.308843991" lon="6.501849001">
        <ele>842.1</ele>
      </trkpt>
      <trkpt lat="46.308694032" lon="6.501848997">
        <ele>842.55</ele>
      </trkpt>
      <trkpt lat="46.308544002" lon="6.501710024">
        <ele>842.87</ele>
      </trkpt>
      <trkpt lat="46.308387006" lon="6.501391011">
        <ele>843.85</ele>
      </trkpt>
      <trkpt lat="46.308366967" lon="6.500961015">
        <ele>844.96</ele>
      </trkpt>
      <trkpt lat="46.308321966" lon="6.500741001">
        <ele>846.06</ele>
      </trkpt>
      <trkpt lat="46.308191958" lon="6.500657006">
        <ele>848.45</ele>
      </trkpt>
      <trkpt lat="46.308095988" lon="6.500687007">
        <ele>850.52</ele>
      </trkpt>
      <trkpt lat="46.30782701" lon="6.501171984">
        <ele>853.03</ele>
      </trkpt>
      <trkpt lat="46.307727014" lon="6.501443987">
        <ele>854.9</ele>
      </trkpt>
      <trkpt lat="46.307620988" lon="6.501808">
        <ele>856.89</ele>
      </trkpt>
      <trkpt lat="46.307539006" lon="6.501944963">
        <ele>858.12</ele>
      </trkpt>
      <trkpt lat="46.307375983" lon="6.501994002">
        <ele>860.19</ele>
      </trkpt>
      <trkpt lat="46.307304989" lon="6.501837008">
        <ele>861.7</ele>
      </trkpt>
      <trkpt lat="46.307222009" lon="6.50125698">
        <ele>863.37</ele>
      </trkpt>
      <trkpt lat="46.307075995" lon="6.501148016">
        <ele>865.39</ele>
      </trkpt>
      <trkpt lat="46.306851026" lon="6.501179031">
        <ele>867.37</ele>
      </trkpt>
      <trkpt lat="46.306621027" lon="6.501106025">
        <ele>869.33</ele>
      </trkpt>
      <trkpt lat="46.306446008" lon="6.500984996">
        <ele>871.09</ele>
      </trkpt>
      <trkpt lat="46.306229001" lon="6.500652986">
        <ele>872.63</ele>
      </trkpt>
      <trkpt lat="46.30601199" lon="6.500350983">
        <ele>875.15</ele>
      </trkpt>
      <trkpt lat="46.305745035" lon="6.500068001">
        <ele>877.22</ele>
      </trkpt>
      <trkpt lat="46.305507992" lon="6.499886041">
        <ele>879.37</ele>
      </trkpt>
      <trkpt lat="46.305476975" lon="6.499849993">
        <ele>881.38</ele>
      </trkpt>
      <trkpt lat="46.305373965" lon="6.499728962">
        <ele>884.09</ele>
      </trkpt>
      <trkpt lat="46.305260976" lon="6.499349007">
        <ele>885.57</ele>
      </trkpt>
      <trkpt lat="46.305056963" lon="6.499080037">
        <ele>887.38</ele>
      </trkpt>
      <trkpt lat="46.304853029" lon="6.498811984">
        <ele>889.63</ele>
      </trkpt>
      <trkpt lat="46.304711043" lon="6.498509983">
        <ele>892.23</ele>
      </trkpt>
      <trkpt lat="46.304568966" lon="6.498207979">
        <ele>894.27</ele>
      </trkpt>
      <trkpt lat="46.304430998" lon="6.497959966">
        <ele>896.6</ele>
      </trkpt>
      <trkpt lat="46.30422698" lon="6.497755018">
        <ele>899.44</ele>
      </trkpt>
      <trkpt lat="46.303938979" lon="6.497664002">
        <ele>903.18</ele>
      </trkpt>
      <trkpt lat="46.303647035" lon="6.497603973">
        <ele>907.1</ele>
      </trkpt>
      <trkpt lat="46.303337994" lon="6.497645972">
        <ele>911.2</ele>
      </trkpt>
      <trkpt lat="46.303120987" lon="6.497585963">
        <ele>914.19</ele>
      </trkpt>
      <trkpt lat="46.302922002" lon="6.49759099">
        <ele>916.67</ele>
      </trkpt>
      <trkpt lat="46.30279896" lon="6.497648993">
        <ele>918.23</ele>
      </trkpt>
      <trkpt lat="46.302754031" lon="6.497875975">
        <ele>919.97</ele>
      </trkpt>
      <trkpt lat="46.302838017" lon="6.498497995">
        <ele>921.26</ele>
      </trkpt>
      <trkpt lat="46.302865005" lon="6.498962009">
        <ele>924.02</ele>
      </trkpt>
      <trkpt lat="46.302856966" lon="6.499288996">
        <ele>925.3</ele>
      </trkpt>
      <trkpt lat="46.302785968" lon="6.499529981">
        <ele>926.8</ele>
      </trkpt>
      <trkpt lat="46.302717987" lon="6.499654032">
        <ele>927.89</ele>
      </trkpt>
      <trkpt lat="46.302619002" lon="6.49983197">
        <ele>929.32</ele>
      </trkpt>
      <trkpt lat="46.302384977" lon="6.499976985">
        <ele>930.35</ele>
      </trkpt>
      <trkpt lat="46.302230997" lon="6.50019398">
        <ele>933</ele>
      </trkpt>
      <trkpt lat="46.30220401" lon="6.500794966">
        <ele>934.6</ele>
      </trkpt>
      <trkpt lat="46.302177028" lon="6.50139603">
        <ele>937.14</ele>
      </trkpt>
      <trkpt lat="46.302131005" lon="6.501842959">
        <ele>939.15</ele>
      </trkpt>
      <trkpt lat="46.302064032" lon="6.502187041">
        <ele>942.19</ele>
      </trkpt>
      <trkpt lat="46.301830014" lon="6.502663974">
        <ele>945.1</ele>
      </trkpt>
      <trkpt lat="46.301734032" lon="6.502899995">
        <ele>948.13</ele>
      </trkpt>
      <trkpt lat="46.30164703" lon="6.503244">
        <ele>950.39</ele>
      </trkpt>
      <trkpt lat="46.30153002" lon="6.503407027">
        <ele>952.96</ele>
      </trkpt>
      <trkpt lat="46.301417036" lon="6.503285995">
        <ele>954.74</ele>
      </trkpt>
      <trkpt lat="46.301245033" lon="6.502984993">
        <ele>956.39</ele>
      </trkpt>
      <trkpt lat="46.301155012" lon="6.502920028">
        <ele>958.06</ele>
      </trkpt>
      <trkpt lat="46.301034991" lon="6.502827003">
        <ele>959.64</ele>
      </trkpt>
      <trkpt lat="46.300872965" lon="6.502734044">
        <ele>961.7</ele>
      </trkpt>
      <trkpt lat="46.300671969" lon="6.502684004">
        <ele>962.82</ele>
      </trkpt>
      <trkpt lat="46.300540031" lon="6.502634966">
        <ele>963.92</ele>
      </trkpt>
      <trkpt lat="46.300442971" lon="6.502506973">
        <ele>964.86</ele>
      </trkpt>
      <trkpt lat="46.30035798" lon="6.50228201">
        <ele>965.53</ele>
      </trkpt>
      <trkpt lat="46.300252032" lon="6.502115033">
        <ele>967.2</ele>
      </trkpt>
      <trkpt lat="46.300167038" lon="6.502077989">
        <ele>969.29</ele>
      </trkpt>
      <trkpt lat="46.300043993" lon="6.502058042">
        <ele>971.9</ele>
      </trkpt>
      <trkpt lat="46.299936039" lon="6.502053016">
        <ele>974.17</ele>
      </trkpt>
      <trkpt lat="46.299855985" lon="6.50196903">
        <ele>976.43</ele>
      </trkpt>
      <trkpt lat="46.299723973" lon="6.501678">
        <ele>979.25</ele>
      </trkpt>
      <trkpt lat="46.299650971" lon="6.501612958">
        <ele>980.28</ele>
      </trkpt>
      <trkpt lat="46.29953496" lon="6.501636014">
        <ele>981.96</ele>
      </trkpt>
      <trkpt lat="46.299479976" lon="6.501784036">
        <ele>987.01</ele>
      </trkpt>
      <trkpt lat="46.299351985" lon="6.502072032">
        <ele>990.93</ele>
      </trkpt>
      <trkpt lat="46.299256014" lon="6.502412002">
        <ele>991.89</ele>
      </trkpt>
      <trkpt lat="46.299197007" lon="6.50275902">
        <ele>994.64</ele>
      </trkpt>
      <trkpt lat="46.299242016" lon="6.503108967">
        <ele>996.1</ele>
      </trkpt>
      <trkpt lat="46.299361034" lon="6.503451028">
        <ele>994.44</ele>
      </trkpt>
      <trkpt lat="46.299390034" lon="6.503605">
        <ele>995.02</ele>
      </trkpt>
      <trkpt lat="46.299377963" lon="6.503769957">
        <ele>996.63</ele>
      </trkpt>
      <trkpt lat="46.29928803" lon="6.504086968">
        <ele>998.29</ele>
      </trkpt>
      <trkpt lat="46.299247966" lon="6.504276985">
        <ele>1000.06</ele>
      </trkpt>
      <trkpt lat="46.299301021" lon="6.504445035">
        <ele>1002.77</ele>
      </trkpt>
      <trkpt lat="46.299507967" lon="6.504799002">
        <ele>1003.99</ele>
      </trkpt>
      <trkpt lat="46.299634034" lon="6.505217012">
        <ele>1005.15</ele>
      </trkpt>
      <trkpt lat="46.299737977" lon="6.505374008">
        <ele>1004.12</ele>
      </trkpt>
      <trkpt lat="46.299891026" lon="6.50541097">
        <ele>1006.35</ele>
      </trkpt>
      <trkpt lat="46.300117007" lon="6.505461009">
        <ele>1007.42</ele>
      </trkpt>
      <trkpt lat="46.300175007" lon="6.505526967">
        <ele>1009.02</ele>
      </trkpt>
      <trkpt lat="46.300202994" lon="6.505615984">
        <ele>1009.39</ele>
      </trkpt>
      <trkpt lat="46.300183974" lon="6.505736021">
        <ele>1012.16</ele>
      </trkpt>
      <trkpt lat="46.30011901" lon="6.505780027">
        <ele>1012.53</ele>
      </trkpt>
      <trkpt lat="46.299858001" lon="6.505718001">
        <ele>1013.13</ele>
      </trkpt>
      <trkpt lat="46.299622972" lon="6.505780028">
        <ele>1014.16</ele>
      </trkpt>
      <trkpt lat="46.299388026" lon="6.505841968">
        <ele>1018.77</ele>
      </trkpt>
      <trkpt lat="46.299148973" lon="6.505864007">
        <ele>1022.8</ele>
      </trkpt>
      <trkpt lat="46.298909002" lon="6.505885974">
        <ele>1027.07</ele>
      </trkpt>
      <trkpt lat="46.298760972" lon="6.505864014">
        <ele>1031.83</ele>
      </trkpt>
      <trkpt lat="46.298669028" lon="6.505927967">
        <ele>1036.16</ele>
      </trkpt>
      <trkpt lat="46.298649997" lon="6.506051017">
        <ele>1037.51</ele>
      </trkpt>
      <trkpt lat="46.298686962" lon="6.506175992">
        <ele>1037.48</ele>
      </trkpt>
      <trkpt lat="46.298876979" lon="6.506257032">
        <ele>1038.41</ele>
      </trkpt>
      <trkpt lat="46.299155011" lon="6.506286963">
        <ele>1039.87</ele>
      </trkpt>
      <trkpt lat="46.299389031" lon="6.506344958">
        <ele>1040.56</ele>
      </trkpt>
      <trkpt lat="46.299621968" lon="6.506402963">
        <ele>1042.81</ele>
      </trkpt>
      <trkpt lat="46.299723972" lon="6.506401037">
        <ele>1047.05</ele>
      </trkpt>
      <trkpt lat="46.299935035" lon="6.50644496">
        <ele>1049.22</ele>
      </trkpt>
      <trkpt lat="46.30019001" lon="6.506531961">
        <ele>1049.56</ele>
      </trkpt>
      <trkpt lat="46.300445989" lon="6.506617962">
        <ele>1054.61</ele>
      </trkpt>
      <trkpt lat="46.300738012" lon="6.506697002">
        <ele>1057.6</ele>
      </trkpt>
      <trkpt lat="46.301020987" lon="6.506835974">
        <ele>1060.38</ele>
      </trkpt>
      <trkpt lat="46.301304964" lon="6.506974024">
        <ele>1062.99</ele>
      </trkpt>
      <trkpt lat="46.301535974" lon="6.507130008">
        <ele>1067.27</ele>
      </trkpt>
      <trkpt lat="46.301748033" lon="6.507339984">
        <ele>1071.39</ele>
      </trkpt>
      <trkpt lat="46.302091021" lon="6.507530995">
        <ele>1077.58</ele>
      </trkpt>
      <trkpt lat="46.30216403" lon="6.507624972">
        <ele>1080.04</ele>
      </trkpt>
      <trkpt lat="46.302132004" lon="6.50778296">
        <ele>1083.78</ele>
      </trkpt>
      <trkpt lat="46.302064036" lon="6.507820009">
        <ele>1083.63</ele>
      </trkpt>
      <trkpt lat="46.302008964" lon="6.507781038">
        <ele>1081.59</ele>
      </trkpt>
      <trkpt lat="46.301763039" lon="6.507567964">
        <ele>1078.4</ele>
      </trkpt>
      <trkpt lat="46.301570007" lon="6.507458995">
        <ele>1081.31</ele>
      </trkpt>
      <trkpt lat="46.301384004" lon="6.507414996">
        <ele>1085.35</ele>
      </trkpt>
      <trkpt lat="46.301044041" lon="6.507394963">
        <ele>1092.87</ele>
      </trkpt>
      <trkpt lat="46.300738016" lon="6.507321042">
        <ele>1096.89</ele>
      </trkpt>
      <trkpt lat="46.300493013" lon="6.507291025">
        <ele>1102.58</ele>
      </trkpt>
      <trkpt lat="46.30027299" lon="6.507291026">
        <ele>1102.29</ele>
      </trkpt>
      <trkpt lat="46.300152958" lon="6.507268985">
        <ele>1096.53</ele>
      </trkpt>
      <trkpt lat="46.299965037" lon="6.507384991">
        <ele>1090.15</ele>
      </trkpt>
      <trkpt lat="46.299859653" lon="6.50746889">
        <ele>1086.7</ele>
      </trkpt>
      <trkpt lat="46.299803009" lon="6.507513985">
        <ele>1084.81</ele>
      </trkpt>
      <trkpt lat="46.299559017" lon="6.507732005">
        <ele>1086.83</ele>
      </trkpt>
      <trkpt lat="46.299266995" lon="6.508054035">
        <ele>1093.51</ele>
      </trkpt>
      <trkpt lat="46.299044031" lon="6.508265011">
        <ele>1098.29</ele>
      </trkpt>
      <trkpt lat="46.298820986" lon="6.508475981">
        <ele>1102.6</ele>
      </trkpt>
      <trkpt lat="46.298533997" lon="6.50882501">
        <ele>1102.75</ele>
      </trkpt>
      <trkpt lat="46.298292005" lon="6.509049975">
        <ele>1103.41</ele>
      </trkpt>
      <trkpt lat="46.29813996" lon="6.509152993">
        <ele>1103.24</ele>
      </trkpt>
      <trkpt lat="46.297951033" lon="6.509224984">
        <ele>1104.41</ele>
      </trkpt>
      <trkpt lat="46.297781967" lon="6.509319029">
        <ele>1104.42</ele>
      </trkpt>
      <trkpt lat="46.297546022" lon="6.509532022">
        <ele>1105.29</ele>
      </trkpt>
      <trkpt lat="46.297498999" lon="6.509569994">
        <ele>1105.01</ele>
      </trkpt>
      <trkpt lat="46.297451971" lon="6.509594961">
        <ele>1104.86</ele>
      </trkpt>
      <trkpt lat="46.29740202" lon="6.509610976">
        <ele>1105.18</ele>
      </trkpt>
      <trkpt lat="46.297356745" lon="6.509618343">
        <ele>1105.27</ele>
      </trkpt>
      <trkpt lat="46.29733404" lon="6.509622037">
        <ele>1106.11</ele>
      </trkpt>
      <trkpt lat="46.296933977" lon="6.509655977">
        <ele>1107.68</ele>
      </trkpt>
      <trkpt lat="46.296533993" lon="6.509690013">
        <ele>1109.15</ele>
      </trkpt>
      <trkpt lat="46.296134007" lon="6.509724958">
        <ele>1111.97</ele>
      </trkpt>
      <trkpt lat="46.295902995" lon="6.509732008">
        <ele>1115.44</ele>
      </trkpt>
      <trkpt lat="46.29567099" lon="6.509739968">
        <ele>1118.57</ele>
      </trkpt>
      <trkpt lat="46.295598984" lon="6.509738963">
        <ele>1121.34</ele>
      </trkpt>
      <trkpt lat="46.295532017" lon="6.509735017">
        <ele>1123.04</ele>
      </trkpt>
      <trkpt lat="46.295472" lon="6.509726979">
        <ele>1123.78</ele>
      </trkpt>
      <trkpt lat="46.295402008" lon="6.509712982">
        <ele>1124.37</ele>
      </trkpt>
      <trkpt lat="46.295300009" lon="6.509689012">
        <ele>1125.51</ele>
      </trkpt>
      <trkpt lat="46.295197996" lon="6.509654977">
        <ele>1126.89</ele>
      </trkpt>
      <trkpt lat="46.294901022" lon="6.509517018">
        <ele>1127.52</ele>
      </trkpt>
      <trkpt lat="46.294603969" lon="6.509378964">
        <ele>1128.01</ele>
      </trkpt>
      <trkpt lat="46.294500039" lon="6.50933404">
        <ele>1129.02</ele>
      </trkpt>
      <trkpt lat="46.294467012" lon="6.509320036">
        <ele>1127.31</ele>
      </trkpt>
      <trkpt lat="46.294338013" lon="6.509257002">
        <ele>1125.26</ele>
      </trkpt>
      <trkpt lat="46.294153026" lon="6.509102019">
        <ele>1124.45</ele>
      </trkpt>
      <trkpt lat="46.294103987" lon="6.509070006">
        <ele>1123.51</ele>
      </trkpt>
      <trkpt lat="46.294050012" lon="6.509044022">
        <ele>1121.06</ele>
      </trkpt>
      <trkpt lat="46.294036016" lon="6.509038989">
        <ele>1120.67</ele>
      </trkpt>
      <trkpt lat="46.293997036" lon="6.509026007">
        <ele>1120.31</ele>
      </trkpt>
      <trkpt lat="46.293944986" lon="6.509013007">
        <ele>1119.96</ele>
      </trkpt>
      <trkpt lat="46.293887988" lon="6.50900203">
        <ele>1119.72</ele>
      </trkpt>
      <trkpt lat="46.29383502" lon="6.508993977">
        <ele>1119.64</ele>
      </trkpt>
      <trkpt lat="46.293785979" lon="6.508986019">
        <ele>1119.45</ele>
      </trkpt>
      <trkpt lat="46.293738034" lon="6.50898401">
        <ele>1119.12</ele>
      </trkpt>
      <trkpt lat="46.293685986" lon="6.508989955">
        <ele>1118.65</ele>
      </trkpt>
      <trkpt lat="46.293638961" lon="6.508997003">
        <ele>1118.04</ele>
      </trkpt>
      <trkpt lat="46.293594956" lon="6.509008991">
        <ele>1118.06</ele>
      </trkpt>
      <trkpt lat="46.293548017" lon="6.509027006">
        <ele>1117.72</ele>
      </trkpt>
      <trkpt lat="46.293502006" lon="6.509047044">
        <ele>1117.21</ele>
      </trkpt>
      <trkpt lat="46.293452975" lon="6.509075028">
        <ele>1116.54</ele>
      </trkpt>
      <trkpt lat="46.293408041" lon="6.50909901">
        <ele>1114.99</ele>
      </trkpt>
      <trkpt lat="46.293361015" lon="6.509125992">
        <ele>1113.16</ele>
      </trkpt>
      <trkpt lat="46.29304896" lon="6.509331017">
        <ele>1111.49</ele>
      </trkpt>
      <trkpt lat="46.292964979" lon="6.509386003">
        <ele>1108.83</ele>
      </trkpt>
      <trkpt lat="46.292919045" lon="6.509407969">
        <ele>1106.05</ele>
      </trkpt>
      <trkpt lat="46.292867993" lon="6.509421962">
        <ele>1103.86</ele>
      </trkpt>
      <trkpt lat="46.292821984" lon="6.509432013">
        <ele>1101.76</ele>
      </trkpt>
      <trkpt lat="46.292762967" lon="6.509433025">
        <ele>1099.63</ele>
      </trkpt>
      <trkpt lat="46.292712012" lon="6.50942397">
        <ele>1098.74</ele>
      </trkpt>
      <trkpt lat="46.292658024" lon="6.509406034">
        <ele>1097.85</ele>
      </trkpt>
      <trkpt lat="46.29261201" lon="6.50938701">
        <ele>1097.02</ele>
      </trkpt>
      <trkpt lat="46.292564988" lon="6.509360016">
        <ele>1096.22</ele>
      </trkpt>
      <trkpt lat="46.292519981" lon="6.509324985">
        <ele>1095.9</ele>
      </trkpt>
      <trkpt lat="46.292477981" lon="6.509278965">
        <ele>1095.57</ele>
      </trkpt>
      <trkpt lat="46.292443038" lon="6.509228001">
        <ele>1095.66</ele>
      </trkpt>
      <trkpt lat="46.292406989" lon="6.509166993">
        <ele>1095.35</ele>
      </trkpt>
      <trkpt lat="46.292374972" lon="6.509098">
        <ele>1095.44</ele>
      </trkpt>
      <trkpt lat="46.292342026" lon="6.509019962">
        <ele>1095.27</ele>
      </trkpt>
      <trkpt lat="46.292251004" lon="6.50876097">
        <ele>1095</ele>
      </trkpt>
      <trkpt lat="46.292225014" lon="6.508706992">
        <ele>1094.59</ele>
      </trkpt>
      <trkpt lat="46.292196022" lon="6.508664993">
        <ele>1094.81</ele>
      </trkpt>
      <trkpt lat="46.292168025" lon="6.508631964">
        <ele>1094.83</ele>
      </trkpt>
      <trkpt lat="46.292135001" lon="6.508602969">
        <ele>1094.75</ele>
      </trkpt>
      <trkpt lat="46.292093003" lon="6.50857003">
        <ele>1094.45</ele>
      </trkpt>
      <trkpt lat="46.292048996" lon="6.508542021">
        <ele>1093.91</ele>
      </trkpt>
      <trkpt lat="46.292006" lon="6.508520994">
        <ele>1093.15</ele>
      </trkpt>
      <trkpt lat="46.291964002" lon="6.508510005">
        <ele>1090.77</ele>
      </trkpt>
      <trkpt lat="46.291922011" lon="6.508509002">
        <ele>1088.05</ele>
      </trkpt>
      <trkpt lat="46.291591013" lon="6.508544035">
        <ele>1086.94</ele>
      </trkpt>
      <trkpt lat="46.291541978" lon="6.508542034">
        <ele>1085.69</ele>
      </trkpt>
      <trkpt lat="46.291493028" lon="6.508531977">
        <ele>1084.29</ele>
      </trkpt>
      <trkpt lat="46.291455979" lon="6.508523008">
        <ele>1086.21</ele>
      </trkpt>
      <trkpt lat="46.291412984" lon="6.508503984">
        <ele>1087.98</ele>
      </trkpt>
      <trkpt lat="46.291100003" lon="6.508348995">
        <ele>1087.9</ele>
      </trkpt>
      <trkpt lat="46.291054993" lon="6.508328958">
        <ele>1089.7</ele>
      </trkpt>
      <trkpt lat="46.291015013" lon="6.50831304">
        <ele>1091.51</ele>
      </trkpt>
      <trkpt lat="46.29097201" lon="6.508308007">
        <ele>1091.08</ele>
      </trkpt>
      <trkpt lat="46.290933039" lon="6.508307003">
        <ele>1090.66</ele>
      </trkpt>
      <trkpt lat="46.290886009" lon="6.508313036">
        <ele>1088.81</ele>
      </trkpt>
      <trkpt lat="46.290837983" lon="6.508320995">
        <ele>1085.35</ele>
      </trkpt>
      <trkpt lat="46.290586029" lon="6.508419986">
        <ele>1082.11</ele>
      </trkpt>
      <trkpt lat="46.290332971" lon="6.508519985">
        <ele>1079.21</ele>
      </trkpt>
      <trkpt lat="46.290290986" lon="6.508541022">
        <ele>1076.68</ele>
      </trkpt>
      <trkpt lat="46.290245971" lon="6.508572032">
        <ele>1075.92</ele>
      </trkpt>
      <trkpt lat="46.290208003" lon="6.508599034">
        <ele>1075.11</ele>
      </trkpt>
      <trkpt lat="46.290173967" lon="6.508634987">
        <ele>1075.84</ele>
      </trkpt>
      <trkpt lat="46.290144968" lon="6.508673955">
        <ele>1076.65</ele>
      </trkpt>
      <trkpt lat="46.290117976" lon="6.508713025">
        <ele>1077.54</ele>
      </trkpt>
      <trkpt lat="46.290093003" lon="6.508759961">
        <ele>1078.56</ele>
      </trkpt>
      <trkpt lat="46.290070034" lon="6.508807988">
        <ele>1078.63</ele>
      </trkpt>
      <trkpt lat="46.290063997" lon="6.508821981">
        <ele>1077.43</ele>
      </trkpt>
      <trkpt lat="46.290045981" lon="6.50885904">
        <ele>1076.42</ele>
      </trkpt>
      <trkpt lat="46.290028035" lon="6.508906972">
        <ele>1075.59</ele>
      </trkpt>
      <trkpt lat="46.290010018" lon="6.508961038">
        <ele>1074.9</ele>
      </trkpt>
      <trkpt lat="46.289994009" lon="6.509018964">
        <ele>1075.39</ele>
      </trkpt>
      <trkpt lat="46.289982022" lon="6.509077966">
        <ele>1075.93</ele>
      </trkpt>
      <trkpt lat="46.289980008" lon="6.509143005">
        <ele>1075.92</ele>
      </trkpt>
      <trkpt lat="46.289984039" lon="6.509202021">
        <ele>1075.94</ele>
      </trkpt>
      <trkpt lat="46.289991999" lon="6.50926103">
        <ele>1076.41</ele>
      </trkpt>
      <trkpt lat="46.289999966" lon="6.509314005">
        <ele>1076.52</ele>
      </trkpt>
      <trkpt lat="46.290098025" lon="6.50964702">
        <ele>1076.72</ele>
      </trkpt>
      <trkpt lat="46.290196007" lon="6.509981032">
        <ele>1075.82</ele>
      </trkpt>
      <trkpt lat="46.290205982" lon="6.510031992">
        <ele>1075.3</ele>
      </trkpt>
      <trkpt lat="46.290212024" lon="6.51009301">
        <ele>1074.79</ele>
      </trkpt>
      <trkpt lat="46.290214031" lon="6.510145993">
        <ele>1075.11</ele>
      </trkpt>
      <trkpt lat="46.290215043" lon="6.510207014">
        <ele>1075.85</ele>
      </trkpt>
      <trkpt lat="46.290210011" lon="6.510267022">
        <ele>1076.53</ele>
      </trkpt>
      <trkpt lat="46.290203977" lon="6.510329969">
        <ele>1077.44</ele>
      </trkpt>
      <trkpt lat="46.290177998" lon="6.510562996">
        <ele>1078.62</ele>
      </trkpt>
      <trkpt lat="46.290178999" lon="6.510622">
        <ele>1079.95</ele>
      </trkpt>
      <trkpt lat="46.290186038" lon="6.510690988">
        <ele>1081.25</ele>
      </trkpt>
      <trkpt lat="46.290201967" lon="6.510752003">
        <ele>1084.77</ele>
      </trkpt>
      <trkpt lat="46.290218978" lon="6.510803973">
        <ele>1088.02</ele>
      </trkpt>
      <trkpt lat="46.290241023" lon="6.510854017">
        <ele>1085.62</ele>
      </trkpt>
      <trkpt lat="46.290272038" lon="6.510897005">
        <ele>1082.8</ele>
      </trkpt>
      <trkpt lat="46.29030104" lon="6.510931047">
        <ele>1079.61</ele>
      </trkpt>
      <trkpt lat="46.29033398" lon="6.510954004">
        <ele>1075.84</ele>
      </trkpt>
      <trkpt lat="46.290374966" lon="6.510968012">
        <ele>1070.26</ele>
      </trkpt>
      <trkpt lat="46.290415032" lon="6.510960962">
        <ele>1070.37</ele>
      </trkpt>
      <trkpt lat="46.290450995" lon="6.510942024">
        <ele>1069.51</ele>
      </trkpt>
      <trkpt lat="46.29048703" lon="6.510914028">
        <ele>1068.44</ele>
      </trkpt>
      <trkpt lat="46.290736979" lon="6.510582018">
        <ele>1067.42</ele>
      </trkpt>
      <trkpt lat="46.290773023" lon="6.510544972">
        <ele>1068.74</ele>
      </trkpt>
      <trkpt lat="46.290806973" lon="6.510522004">
        <ele>1069.38</ele>
      </trkpt>
      <trkpt lat="46.29084603" lon="6.510502978">
        <ele>1070.85</ele>
      </trkpt>
      <trkpt lat="46.290884" lon="6.510489981">
        <ele>1072.5</ele>
      </trkpt>
      <trkpt lat="46.290920045" lon="6.510487977">
        <ele>1070.06</ele>
      </trkpt>
      <trkpt lat="46.290957006" lon="6.510498033">
        <ele>1066.84</ele>
      </trkpt>
      <trkpt lat="46.290992963" lon="6.510516971">
        <ele>1063.69</ele>
      </trkpt>
      <trkpt lat="46.291022969" lon="6.510547984">
        <ele>1060.65</ele>
      </trkpt>
      <trkpt lat="46.291053987" lon="6.510587968">
        <ele>1057.69</ele>
      </trkpt>
      <trkpt lat="46.29107997" lon="6.51063599">
        <ele>1059.14</ele>
      </trkpt>
      <trkpt lat="46.291099998" lon="6.510681003">
        <ele>1057.8</ele>
      </trkpt>
      <trkpt lat="46.291119032" lon="6.510741023">
        <ele>1056.5</ele>
      </trkpt>
      <trkpt lat="46.291262017" lon="6.511262037">
        <ele>1052.57</ele>
      </trkpt>
      <trkpt lat="46.29127703" lon="6.511324984">
        <ele>1048.73</ele>
      </trkpt>
      <trkpt lat="46.291297977" lon="6.511391043">
        <ele>1044.85</ele>
      </trkpt>
      <trkpt lat="46.291321031" lon="6.511453987">
        <ele>1043.88</ele>
      </trkpt>
      <trkpt lat="46.291347016" lon="6.511508966">
        <ele>1039.76</ele>
      </trkpt>
      <trkpt lat="46.291377026" lon="6.511566973">
        <ele>1037.97</ele>
      </trkpt>
      <trkpt lat="46.291592022" lon="6.511907027">
        <ele>1035.88</ele>
      </trkpt>
      <trkpt lat="46.291620014" lon="6.511957988">
        <ele>1033.46</ele>
      </trkpt>
      <trkpt lat="46.291646" lon="6.512014983">
        <ele>1030.66</ele>
      </trkpt>
      <trkpt lat="46.291662007" lon="6.512079022">
        <ele>1030.67</ele>
      </trkpt>
      <trkpt lat="46.291671981" lon="6.512143987">
        <ele>1030.35</ele>
      </trkpt>
      <trkpt lat="46.291679021" lon="6.512214979">
        <ele>1029.65</ele>
      </trkpt>
      <trkpt lat="46.291679018" lon="6.512277002">
        <ele>1028.65</ele>
      </trkpt>
      <trkpt lat="46.29167198" lon="6.512342969">
        <ele>1026.86</ele>
      </trkpt>
      <trkpt lat="46.291666031" lon="6.512401983">
        <ele>1024.65</ele>
      </trkpt>
      <trkpt lat="46.291627977" lon="6.512751005">
        <ele>1022.39</ele>
      </trkpt>
      <trkpt lat="46.291622028" lon="6.512824011">
        <ele>1020.07</ele>
      </trkpt>
      <trkpt lat="46.291620014" lon="6.512884019">
        <ele>1018.48</ele>
      </trkpt>
      <trkpt lat="46.291624038" lon="6.512954011">
        <ele>1017.49</ele>
      </trkpt>
      <trkpt lat="46.291633005" lon="6.513022995">
        <ele>1016.75</ele>
      </trkpt>
      <trkpt lat="46.291647006" lon="6.513088037">
        <ele>1016.19</ele>
      </trkpt>
      <trkpt lat="46.29166503" lon="6.513155014">
        <ele>1015.86</ele>
      </trkpt>
      <trkpt lat="46.291684976" lon="6.513211999">
        <ele>1015.67</ele>
      </trkpt>
      <trkpt lat="46.291715985" lon="6.513268005">
        <ele>1015.58</ele>
      </trkpt>
      <trkpt lat="46.291912034" lon="6.513564968">
        <ele>1015.56</ele>
      </trkpt>
      <trkpt lat="46.291937016" lon="6.513612993">
        <ele>1015.54</ele>
      </trkpt>
      <trkpt lat="46.291962" lon="6.51366999">
        <ele>1015.55</ele>
      </trkpt>
      <trkpt lat="46.291984968" lon="6.513731006">
        <ele>1014.82</ele>
      </trkpt>
      <trkpt lat="46.292006002" lon="6.513783991">
        <ele>1015.04</ele>
      </trkpt>
      <trkpt lat="46.292022012" lon="6.513839983">
        <ele>1015.2</ele>
      </trkpt>
      <trkpt lat="46.292092005" lon="6.51415296">
        <ele>1015.3</ele>
      </trkpt>
      <trkpt lat="46.292101973" lon="6.514209031">
        <ele>1017.22</ele>
      </trkpt>
      <trkpt lat="46.292103986" lon="6.514265021">
        <ele>1019.09</ele>
      </trkpt>
      <trkpt lat="46.292099044" lon="6.514312971">
        <ele>1017.94</ele>
      </trkpt>
      <trkpt lat="46.292087978" lon="6.514356977">
        <ele>1016.82</ele>
      </trkpt>
      <trkpt lat="46.292068028" lon="6.514399983">
        <ele>1015.76</ele>
      </trkpt>
      <trkpt lat="46.292042966" lon="6.514436016">
        <ele>1012.88</ele>
      </trkpt>
      <trkpt lat="46.292013961" lon="6.514464007">
        <ele>1010.15</ele>
      </trkpt>
      <trkpt lat="46.291975995" lon="6.514489992">
        <ele>1009.61</ele>
      </trkpt>
      <trkpt lat="46.291939026" lon="6.514502986">
        <ele>1009.36</ele>
      </trkpt>
      <trkpt lat="46.291903991" lon="6.514497966">
        <ele>1009.42</ele>
      </trkpt>
      <trkpt lat="46.291869969" lon="6.51447097">
        <ele>1008.2</ele>
      </trkpt>
      <trkpt lat="46.291840044" lon="6.514433004">
        <ele>1007.18</ele>
      </trkpt>
      <trkpt lat="46.291570979" lon="6.513956992">
        <ele>1005.86</ele>
      </trkpt>
      <trkpt lat="46.291537031" lon="6.513901006">
        <ele>1004.33</ele>
      </trkpt>
      <trkpt lat="46.29149403" lon="6.513846012">
        <ele>1002.52</ele>
      </trkpt>
      <trkpt lat="46.291452043" lon="6.513792032">
        <ele>1002.01</ele>
      </trkpt>
      <trkpt lat="46.291409961" lon="6.513741999">
        <ele>1001.23</ele>
      </trkpt>
      <trkpt lat="46.291372" lon="6.513703023">
        <ele>1000.59</ele>
      </trkpt>
      <trkpt lat="46.291328989" lon="6.513660016">
        <ele>999.99</ele>
      </trkpt>
      <trkpt lat="46.291286" lon="6.513620965">
        <ele>999.31</ele>
      </trkpt>
      <trkpt lat="46.291096979" lon="6.513482997">
        <ele>999.33</ele>
      </trkpt>
      <trkpt lat="46.291049033" lon="6.513455004">
        <ele>999.48</ele>
      </trkpt>
      <trkpt lat="46.291005028" lon="6.51342902">
        <ele>999.76</ele>
      </trkpt>
      <trkpt lat="46.290963968" lon="6.513408985">
        <ele>1000.1</ele>
      </trkpt>
      <trkpt lat="46.29092004" lon="6.513397998">
        <ele>1000.59</ele>
      </trkpt>
      <trkpt lat="46.290878966" lon="6.513390965">
        <ele>1000.13</ele>
      </trkpt>
      <trkpt lat="46.290841" lon="6.513390958">
        <ele>999.44</ele>
      </trkpt>
      <trkpt lat="46.290485024" lon="6.513414007">
        <ele>998.76</ele>
      </trkpt>
      <trkpt lat="46.290427021" lon="6.513425989">
        <ele>998.13</ele>
      </trkpt>
      <trkpt lat="46.290377984" lon="6.513443006">
        <ele>997.52</ele>
      </trkpt>
      <trkpt lat="46.290333978" lon="6.513466978">
        <ele>997.19</ele>
      </trkpt>
      <trkpt lat="46.29028503" lon="6.513503023">
        <ele>996.88</ele>
      </trkpt>
      <trkpt lat="46.290246971" lon="6.513532032">
        <ele>996.29</ele>
      </trkpt>
      <trkpt lat="46.290202969" lon="6.51357604">
        <ele>999.32</ele>
      </trkpt>
      <trkpt lat="46.290166007" lon="6.513622971">
        <ele>1002.08</ele>
      </trkpt>
      <trkpt lat="46.290130967" lon="6.513673003">
        <ele>1001.08</ele>
      </trkpt>
      <trkpt lat="46.290089985" lon="6.513731014">
        <ele>1000.17</ele>
      </trkpt>
      <trkpt lat="46.289796031" lon="6.514201997">
        <ele>998.16</ele>
      </trkpt>
      <trkpt lat="46.289766022" lon="6.514244992">
        <ele>992.2</ele>
      </trkpt>
      <trkpt lat="46.289732996" lon="6.514282046">
        <ele>986.25</ele>
      </trkpt>
      <trkpt lat="46.289692008" lon="6.514313973">
        <ele>983.77</ele>
      </trkpt>
      <trkpt lat="46.289656972" lon="6.514341979">
        <ele>982.68</ele>
      </trkpt>
      <trkpt lat="46.289612965" lon="6.51436803">
        <ele>982.37</ele>
      </trkpt>
      <trkpt lat="46.28956804" lon="6.514382957">
        <ele>981.63</ele>
      </trkpt>
      <trkpt lat="46.289528981" lon="6.514385974">
        <ele>977.89</ele>
      </trkpt>
      <trkpt lat="46.289483965" lon="6.514383966">
        <ele>974.77</ele>
      </trkpt>
      <trkpt lat="46.289062023" lon="6.514323027">
        <ele>972.49</ele>
      </trkpt>
      <trkpt lat="46.288805031" lon="6.514302994">
        <ele>970.06</ele>
      </trkpt>
      <trkpt lat="46.288547966" lon="6.514282956">
        <ele>971.21</ele>
      </trkpt>
      <trkpt lat="46.288504962" lon="6.514284978">
        <ele>975.43</ele>
      </trkpt>
      <trkpt lat="46.288456011" lon="6.514288998">
        <ele>979.25</ele>
      </trkpt>
      <trkpt lat="46.288413013" lon="6.514306011">
        <ele>980.89</ele>
      </trkpt>
      <trkpt lat="46.288375966" lon="6.514329987">
        <ele>983.27</ele>
      </trkpt>
      <trkpt lat="46.288336987" lon="6.514370974">
        <ele>982.77</ele>
      </trkpt>
      <trkpt lat="46.288302032" lon="6.514417993">
        <ele>982.46</ele>
      </trkpt>
      <trkpt lat="46.288275965" lon="6.514459992">
        <ele>982.22</ele>
      </trkpt>
      <trkpt lat="46.288140017" lon="6.514724027">
        <ele>981.92</ele>
      </trkpt>
      <trkpt lat="46.288112015" lon="6.514770036">
        <ele>981.46</ele>
      </trkpt>
      <trkpt lat="46.288082018" lon="6.514812029">
        <ele>980.63</ele>
      </trkpt>
      <trkpt lat="46.288043959" lon="6.514857964">
        <ele>979.62</ele>
      </trkpt>
      <trkpt lat="46.287984025" lon="6.514924011">
        <ele>984.32</ele>
      </trkpt>
      <trkpt lat="46.287948997" lon="6.514961976">
        <ele>988.86</ele>
      </trkpt>
      <trkpt lat="46.287913036" lon="6.514996019">
        <ele>992.24</ele>
      </trkpt>
      <trkpt lat="46.287880008" lon="6.515019991">
        <ele>995.38</ele>
      </trkpt>
      <trkpt lat="46.287764004" lon="6.51507102">
        <ele>991.82</ele>
      </trkpt>
      <trkpt lat="46.287713041" lon="6.515099028">
        <ele>985.99</ele>
      </trkpt>
      <trkpt lat="46.287664004" lon="6.515132971">
        <ele>979.66</ele>
      </trkpt>
      <trkpt lat="46.287488995" lon="6.515317962">
        <ele>973.73</ele>
      </trkpt>
      <trkpt lat="46.287448012" lon="6.515347963">
        <ele>973.59</ele>
      </trkpt>
      <trkpt lat="46.287399981" lon="6.515379982">
        <ele>979.36</ele>
      </trkpt>
      <trkpt lat="46.28736" lon="6.515402025">
        <ele>978.4</ele>
      </trkpt>
      <trkpt lat="46.287313981" lon="6.515417036">
        <ele>976.84</ele>
      </trkpt>
      <trkpt lat="46.287160007" lon="6.515438996">
        <ele>980.49</ele>
      </trkpt>
      <trkpt lat="46.287096972" lon="6.515456008">
        <ele>977.3</ele>
      </trkpt>
      <trkpt lat="46.287040978" lon="6.515467999">
        <ele>974.07</ele>
      </trkpt>
      <trkpt lat="46.286966967" lon="6.515481992">
        <ele>973.26</ele>
      </trkpt>
      <trkpt lat="46.286920032" lon="6.515489026">
        <ele>972.72</ele>
      </trkpt>
      <trkpt lat="46.286876027" lon="6.515489032">
        <ele>972.53</ele>
      </trkpt>
      <trkpt lat="46.286824981" lon="6.515487026">
        <ele>972.96</ele>
      </trkpt>
      <trkpt lat="46.286778963" lon="6.515478972">
        <ele>972.67</ele>
      </trkpt>
      <trkpt lat="46.286710985" lon="6.515463969">
        <ele>973</ele>
      </trkpt>
      <trkpt lat="46.28660202" lon="6.515428012">
        <ele>974.14</ele>
      </trkpt>
      <trkpt lat="46.286580979" lon="6.515421979">
        <ele>970.39</ele>
      </trkpt>
      <trkpt lat="46.286562037" lon="6.51542097">
        <ele>971.74</ele>
      </trkpt>
      <trkpt lat="46.286544015" lon="6.515423986">
        <ele>974.68</ele>
      </trkpt>
      <trkpt lat="46.286525995" lon="6.51543397">
        <ele>977.82</ele>
      </trkpt>
      <trkpt lat="46.286513005" lon="6.515452989">
        <ele>981.23</ele>
      </trkpt>
      <trkpt lat="46.286503032" lon="6.515481991">
        <ele>981.17</ele>
      </trkpt>
      <trkpt lat="46.28650001" lon="6.515513001">
        <ele>977.08</ele>
      </trkpt>
      <trkpt lat="46.286503027" lon="6.515544022">
        <ele>973.26</ele>
      </trkpt>
      <trkpt lat="46.286511996" lon="6.515572018">
        <ele>967.32</ele>
      </trkpt>
      <trkpt lat="46.286523983" lon="6.515593968">
        <ele>961.53</ele>
      </trkpt>
      <trkpt lat="46.286539999" lon="6.515615007">
        <ele>959.63</ele>
      </trkpt>
      <trkpt lat="46.286558018" lon="6.51562901">
        <ele>957.79</ele>
      </trkpt>
      <trkpt lat="46.286579973" lon="6.515638989">
        <ele>955.93</ele>
      </trkpt>
      <trkpt lat="46.286601019" lon="6.515646024">
        <ele>956.57</ele>
      </trkpt>
      <trkpt lat="46.286897991" lon="6.515693972">
        <ele>957.33</ele>
      </trkpt>
      <trkpt lat="46.286952965" lon="6.515703018">
        <ele>958.19</ele>
      </trkpt>
      <trkpt lat="46.287006028" lon="6.515715009">
        <ele>958.61</ele>
      </trkpt>
      <trkpt lat="46.287057995" lon="6.515725993">
        <ele>958.22</ele>
      </trkpt>
      <trkpt lat="46.287208031" lon="6.515744009">
        <ele>957.93</ele>
      </trkpt>
      <trkpt lat="46.287434014" lon="6.515746024">
        <ele>957.79</ele>
      </trkpt>
      <trkpt lat="46.28747902" lon="6.515738983">
        <ele>957.88</ele>
      </trkpt>
      <trkpt lat="46.287527971" lon="6.515727996">
        <ele>954.91</ele>
      </trkpt>
      <trkpt lat="46.287586982" lon="6.515712">
        <ele>951.17</ele>
      </trkpt>
      <trkpt lat="46.287645992" lon="6.515689034">
        <ele>950.52</ele>
      </trkpt>
      <trkpt lat="46.28795402" lon="6.515543016">
        <ele>949.99</ele>
      </trkpt>
      <trkpt lat="46.288260966" lon="6.515397005">
        <ele>949.44</ele>
      </trkpt>
      <trkpt lat="46.288300026" lon="6.515382002">
        <ele>952.73</ele>
      </trkpt>
      <trkpt lat="46.288332968" lon="6.515375966">
        <ele>957.97</ele>
      </trkpt>
      <trkpt lat="46.288363986" lon="6.515379988">
        <ele>960.19</ele>
      </trkpt>
      <trkpt lat="46.288390973" lon="6.515393983">
        <ele>962.26</ele>
      </trkpt>
      <trkpt lat="46.288411005" lon="6.515428023">
        <ele>964.11</ele>
      </trkpt>
      <trkpt lat="46.288422986" lon="6.515472024">
        <ele>960.42</ele>
      </trkpt>
      <trkpt lat="46.288425003" lon="6.515519962">
        <ele>956.14</ele>
      </trkpt>
      <trkpt lat="46.288415027" lon="6.51556397">
        <ele>951.19</ele>
      </trkpt>
      <trkpt lat="46.288391974" lon="6.515600013">
        <ele>945.53</ele>
      </trkpt>
      <trkpt lat="46.288363977" lon="6.515623983">
        <ele>941.07</ele>
      </trkpt>
      <trkpt lat="46.288326011" lon="6.51564704">
        <ele>943.48</ele>
      </trkpt>
      <trkpt lat="46.288039015" lon="6.515780979">
        <ele>942.39</ele>
      </trkpt>
      <trkpt lat="46.287752021" lon="6.515913994">
        <ele>944.13</ele>
      </trkpt>
      <trkpt lat="46.287526047" lon="6.51603101">
        <ele>945.33</ele>
      </trkpt>
      <trkpt lat="46.287299979" lon="6.516147005">
        <ele>944.14</ele>
      </trkpt>
      <trkpt lat="46.287253969" lon="6.516176019">
        <ele>940.35</ele>
      </trkpt>
      <trkpt lat="46.287204013" lon="6.516209954">
        <ele>939.31</ele>
      </trkpt>
      <trkpt lat="46.287158994" lon="6.516248016">
        <ele>932.03</ele>
      </trkpt>
      <trkpt lat="46.286804027" lon="6.516598972">
        <ele>922.88</ele>
      </trkpt>
      <trkpt lat="46.286448966" lon="6.516950009">
        <ele>911.51</ele>
      </trkpt>
      <trkpt lat="46.286092984" lon="6.517301034">
        <ele>900.8</ele>
      </trkpt>
      <trkpt lat="46.285738013" lon="6.51765199">
        <ele>893.54</ele>
      </trkpt>
      <trkpt lat="46.285699966" lon="6.517691967">
        <ele>889.89</ele>
      </trkpt>
      <trkpt lat="46.285666016" lon="6.517732038">
        <ele>888.94</ele>
      </trkpt>
      <trkpt lat="46.285636011" lon="6.517776043">
        <ele>891.17</ele>
      </trkpt>
      <trkpt lat="46.285544983" lon="6.517932018">
        <ele>892.81</ele>
      </trkpt>
      <trkpt lat="46.285517986" lon="6.517986006">
        <ele>892.1</ele>
      </trkpt>
      <trkpt lat="46.285489995" lon="6.518045013">
        <ele>891.9</ele>
      </trkpt>
      <trkpt lat="46.285469964" lon="6.518104012">
        <ele>892.13</ele>
      </trkpt>
      <trkpt lat="46.285440964" lon="6.518223957">
        <ele>892.71</ele>
      </trkpt>
      <trkpt lat="46.285430985" lon="6.518303">
        <ele>894.37</ele>
      </trkpt>
      <trkpt lat="46.285424029" lon="6.518379027">
        <ele>894.07</ele>
      </trkpt>
      <trkpt lat="46.285420001" lon="6.518451029">
        <ele>894</ele>
      </trkpt>
      <trkpt lat="46.285421009" lon="6.518519013">
        <ele>894.21</ele>
      </trkpt>
      <trkpt lat="46.285427968" lon="6.518591007">
        <ele>894.61</ele>
      </trkpt>
      <trkpt lat="46.285439032" lon="6.518659989">
        <ele>892.4</ele>
      </trkpt>
      <trkpt lat="46.285447997" lon="6.518719006">
        <ele>889.78</ele>
      </trkpt>
      <trkpt lat="46.285592" lon="6.519304984">
        <ele>886.87</ele>
      </trkpt>
      <trkpt lat="46.285734997" lon="6.519891967">
        <ele>883.71</ele>
      </trkpt>
      <trkpt lat="46.285745974" lon="6.519971007">
        <ele>880.4</ele>
      </trkpt>
      <trkpt lat="46.285752014" lon="6.520045022">
        <ele>874.54</ele>
      </trkpt>
      <trkpt lat="46.28575302" lon="6.52012004">
        <ele>871.05</ele>
      </trkpt>
      <trkpt lat="46.285746982" lon="6.520187012">
        <ele>867.21</ele>
      </trkpt>
      <trkpt lat="46.285736" lon="6.520248023">
        <ele>868.78</ele>
      </trkpt>
      <trkpt lat="46.285714047" lon="6.520309967">
        <ele>869.85</ele>
      </trkpt>
      <trkpt lat="46.285693003" lon="6.520360007">
        <ele>875.47</ele>
      </trkpt>
      <trkpt lat="46.285667021" lon="6.520409964">
        <ele>880.55</ele>
      </trkpt>
      <trkpt lat="46.285635" lon="6.520452966">
        <ele>885.13</ele>
      </trkpt>
      <trkpt lat="46.285599963" lon="6.520494955">
        <ele>882.07</ele>
      </trkpt>
      <trkpt lat="46.285561988" lon="6.520536027">
        <ele>878.17</ele>
      </trkpt>
      <trkpt lat="46.285367028" lon="6.520740968">
        <ele>874.12</ele>
      </trkpt>
      <trkpt lat="46.285171984" lon="6.52094598">
        <ele>869.76</ele>
      </trkpt>
      <trkpt lat="46.285128985" lon="6.520983958">
        <ele>865.26</ele>
      </trkpt>
      <trkpt lat="46.285082967" lon="6.521012044">
        <ele>862.28</ele>
      </trkpt>
      <trkpt lat="46.285039967" lon="6.521029974">
        <ele>859.67</ele>
      </trkpt>
      <trkpt lat="46.284776024" lon="6.521109014">
        <ele>857.34</ele>
      </trkpt>
      <trkpt lat="46.28451199" lon="6.521188983">
        <ele>855.53</ele>
      </trkpt>
      <trkpt lat="46.284462039" lon="6.521215969">
        <ele>854.22</ele>
      </trkpt>
      <trkpt lat="46.284411999" lon="6.521244965">
        <ele>853.19</ele>
      </trkpt>
      <trkpt lat="46.284362961" lon="6.521278004">
        <ele>852.93</ele>
      </trkpt>
      <trkpt lat="46.284322979" lon="6.521318985">
        <ele>852.78</ele>
      </trkpt>
      <trkpt lat="46.284285014" lon="6.521362981">
        <ele>852.86</ele>
      </trkpt>
      <trkpt lat="46.284249974" lon="6.521416968">
        <ele>853.15</ele>
      </trkpt>
      <trkpt lat="46.284214014" lon="6.52147598">
        <ele>853.17</ele>
      </trkpt>
      <trkpt lat="46.284181999" lon="6.521544957">
        <ele>853.65</ele>
      </trkpt>
      <trkpt lat="46.284059033" lon="6.521829019">
        <ele>854.03</ele>
      </trkpt>
      <trkpt lat="46.283935992" lon="6.522114011">
        <ele>854.28</ele>
      </trkpt>
      <trkpt lat="46.283866005" lon="6.522306952">
        <ele>854.29</ele>
      </trkpt>
      <trkpt lat="46.283844961" lon="6.522466969">
        <ele>853.61</ele>
      </trkpt>
      <trkpt lat="46.283780001" lon="6.522627985">
        <ele>852.25</ele>
      </trkpt>
      <trkpt lat="46.283758962" lon="6.522724964">
        <ele>851.16</ele>
      </trkpt>
      <trkpt lat="46.283780001" lon="6.522875">
        <ele>849.71</ele>
      </trkpt>
      <trkpt lat="46.283833981" lon="6.523025036">
        <ele>848.59</ele>
      </trkpt>
      <trkpt lat="46.28387698" lon="6.52308899">
        <ele>847.99</ele>
      </trkpt>
      <trkpt lat="46.284209993" lon="6.523400964">
        <ele>847.41</ele>
      </trkpt>
      <trkpt lat="46.28448802" lon="6.523636999">
        <ele>845.8</ele>
      </trkpt>
      <trkpt lat="46.284756996" lon="6.523904968">
        <ele>843.76</ele>
      </trkpt>
      <trkpt lat="46.285303999" lon="6.524397992">
        <ele>842.32</ele>
      </trkpt>
      <trkpt lat="46.285432996" lon="6.52449497">
        <ele>840.92</ele>
      </trkpt>
      <trkpt lat="46.285614967" lon="6.524580968">
        <ele>838.6</ele>
      </trkpt>
      <trkpt lat="46.286141016" lon="6.524666967">
        <ele>836.98</ele>
      </trkpt>
      <trkpt lat="46.286419965" lon="6.524741985">
        <ele>836.56</ele>
      </trkpt>
      <trkpt lat="46.286537982" lon="6.524794958">
        <ele>835.2</ele>
      </trkpt>
      <trkpt lat="46.286751972" lon="6.524955975">
        <ele>833.58</ele>
      </trkpt>
      <trkpt lat="46.286923969" lon="6.525139036">
        <ele>833.02</ele>
      </trkpt>
      <trkpt lat="46.287825024" lon="6.526233042">
        <ele>832.45</ele>
      </trkpt>
      <trkpt lat="46.287900042" lon="6.526296996">
        <ele>830.7</ele>
      </trkpt>
      <trkpt lat="46.287974976" lon="6.526393974">
        <ele>829.29</ele>
      </trkpt>
      <trkpt lat="46.289165961" lon="6.527455961">
        <ele>828.34</ele>
      </trkpt>
      <trkpt lat="46.289573992" lon="6.527885031">
        <ele>826.95</ele>
      </trkpt>
      <trkpt lat="46.29033599" lon="6.528744008">
        <ele>825.8</ele>
      </trkpt>
      <trkpt lat="46.290474962" lon="6.528829001">
        <ele>824.98</ele>
      </trkpt>
      <trkpt lat="46.290497007" lon="6.528979959">
        <ele>823.48</ele>
      </trkpt>
      <trkpt lat="46.290861033" lon="6.529666018">
        <ele>822.14</ele>
      </trkpt>
      <trkpt lat="46.291150963" lon="6.530073965">
        <ele>821.53</ele>
      </trkpt>
      <trkpt lat="46.291526975" lon="6.53053497">
        <ele>822.59</ele>
      </trkpt>
      <trkpt lat="46.291826963" lon="6.530814003">
        <ele>823.81</ele>
      </trkpt>
      <trkpt lat="46.292224014" lon="6.531039979">
        <ele>825.4</ele>
      </trkpt>
      <trkpt lat="46.292545963" lon="6.531351032">
        <ele>827.69</ele>
      </trkpt>
      <trkpt lat="46.292620981" lon="6.531404005">
        <ele>829.31</ele>
      </trkpt>
      <trkpt lat="46.292920969" lon="6.531510958">
        <ele>829.87</ele>
      </trkpt>
      <trkpt lat="46.292995987" lon="6.531608021">
        <ele>830.29</ele>
      </trkpt>
      <trkpt lat="46.293221964" lon="6.531705">
        <ele>831.28</ele>
      </trkpt>
      <trkpt lat="46.293586995" lon="6.531941034">
        <ele>829.28</ele>
      </trkpt>
      <trkpt lat="46.293747006" lon="6.532080006">
        <ele>828.15</ele>
      </trkpt>
      <trkpt lat="46.294347989" lon="6.53281996">
        <ele>826.19</ele>
      </trkpt>
      <trkpt lat="46.294519985" lon="6.533066975">
        <ele>823.95</ele>
      </trkpt>
      <trkpt lat="46.294960035" lon="6.533570979">
        <ele>821.74</ele>
      </trkpt>
      <trkpt lat="46.295281984" lon="6.534011029">
        <ele>821.42</ele>
      </trkpt>
      <trkpt lat="46.295475019" lon="6.534237005">
        <ele>819.94</ele>
      </trkpt>
      <trkpt lat="46.29588573" lon="6.53483425">
        <ele>817.7</ele>
      </trkpt>
      <trkpt lat="46.296065021" lon="6.535094976">
        <ele>815.95</ele>
      </trkpt>
      <trkpt lat="46.296236012" lon="6.535255993">
        <ele>814.71</ele>
      </trkpt>
      <trkpt lat="46.29636501" lon="6.535449028">
        <ele>814.03</ele>
      </trkpt>
      <trkpt lat="46.296569025" lon="6.535673998">
        <ele>813.8</ele>
      </trkpt>
      <trkpt lat="46.296632979" lon="6.535684979">
        <ele>814.44</ele>
      </trkpt>
      <trkpt lat="46.296686958" lon="6.535759997">
        <ele>814.46</ele>
      </trkpt>
      <trkpt lat="46.296869013" lon="6.535888994">
        <ele>813.05</ele>
      </trkpt>
      <trkpt lat="46.297084009" lon="6.535984967">
        <ele>811.53</ele>
      </trkpt>
      <trkpt lat="46.29731996" lon="6.536070965">
        <ele>810.94</ele>
      </trkpt>
      <trkpt lat="46.297426997" lon="6.536082029">
        <ele>810.12</ele>
      </trkpt>
      <trkpt lat="46.297641993" lon="6.536136009">
        <ele>809.16</ele>
      </trkpt>
      <trkpt lat="46.297695972" lon="6.536179008">
        <ele>809.38</ele>
      </trkpt>
      <trkpt lat="46.297866963" lon="6.536403978">
        <ele>805.78</ele>
      </trkpt>
      <trkpt lat="46.298274994" lon="6.536844028">
        <ele>802.4</ele>
      </trkpt>
      <trkpt lat="46.298339032" lon="6.536930026">
        <ele>799.48</ele>
      </trkpt>
      <trkpt lat="46.298382031" lon="6.53704796">
        <ele>796.21</ele>
      </trkpt>
      <trkpt lat="46.29842503" lon="6.53699398">
        <ele>793.17</ele>
      </trkpt>
      <trkpt lat="46.298542963" lon="6.536940001">
        <ele>793.93</ele>
      </trkpt>
      <trkpt lat="46.298660981" lon="6.536940001">
        <ele>792.86</ele>
      </trkpt>
      <trkpt lat="46.299015032" lon="6.536983">
        <ele>791.07</ele>
      </trkpt>
      <trkpt lat="46.299551977" lon="6.53699398">
        <ele>790.21</ele>
      </trkpt>
      <trkpt lat="46.299712993" lon="6.536983">
        <ele>789.76</ele>
      </trkpt>
      <trkpt lat="46.300206017" lon="6.536864983">
        <ele>789.34</ele>
      </trkpt>
      <trkpt lat="46.301183011" lon="6.536778985">
        <ele>789.66</ele>
      </trkpt>
      <trkpt lat="46.301301029" lon="6.536812009">
        <ele>789.99</ele>
      </trkpt>
      <trkpt lat="46.301515019" lon="6.536907982">
        <ele>790.99</ele>
      </trkpt>
      <trkpt lat="46.302062022" lon="6.537391031">
        <ele>790.7</ele>
      </trkpt>
      <trkpt lat="46.302223038" lon="6.537605021">
        <ele>790.43</ele>
      </trkpt>
      <trkpt lat="46.302277017" lon="6.537744999">
        <ele>789.92</ele>
      </trkpt>
      <trkpt lat="46.302340971" lon="6.537830997">
        <ele>789.47</ele>
      </trkpt>
      <trkpt lat="46.302309036" lon="6.538216984">
        <ele>788.39</ele>
      </trkpt>
      <trkpt lat="46.302309036" lon="6.538731968">
        <ele>787.31</ele>
      </trkpt>
      <trkpt lat="46.302244998" lon="6.540856026">
        <ele>786.06</ele>
      </trkpt>
      <trkpt lat="46.302277017" lon="6.541125001">
        <ele>785.14</ele>
      </trkpt>
      <trkpt lat="46.302395035" lon="6.54142499">
        <ele>784.93</ele>
      </trkpt>
      <trkpt lat="46.302587986" lon="6.541735958">
        <ele>785.53</ele>
      </trkpt>
      <trkpt lat="46.302749002" lon="6.541928993">
        <ele>786.44</ele>
      </trkpt>
      <trkpt lat="46.302835001" lon="6.541994037">
        <ele>787.94</ele>
      </trkpt>
      <trkpt lat="46.30331696" lon="6.542165028">
        <ele>788.79</ele>
      </trkpt>
      <trkpt lat="46.303435983" lon="6.542251026">
        <ele>789.39</ele>
      </trkpt>
      <trkpt lat="46.30354302" lon="6.54236896">
        <ele>788.98</ele>
      </trkpt>
      <trkpt lat="46.303853989" lon="6.54326004">
        <ele>788.45</ele>
      </trkpt>
      <trkpt lat="46.303939987" lon="6.54347403">
        <ele>787.35</ele>
      </trkpt>
      <trkpt lat="46.304068984" lon="6.543720961">
        <ele>786.42</ele>
      </trkpt>
      <trkpt lat="46.30449797" lon="6.544299982">
        <ele>785</ele>
      </trkpt>
      <trkpt lat="46.304820003" lon="6.544654034">
        <ele>783.78</ele>
      </trkpt>
      <trkpt lat="46.305763973" lon="6.545845019">
        <ele>782.7</ele>
      </trkpt>
      <trkpt lat="46.305742012" lon="6.545974016">
        <ele>781.15</ele>
      </trkpt>
      <trkpt lat="46.305752993" lon="6.546135032">
        <ele>778.86</ele>
      </trkpt>
      <trkpt lat="46.305891965" lon="6.546596037">
        <ele>776.05</ele>
      </trkpt>
      <trkpt lat="46.305977963" lon="6.547057964">
        <ele>772.43</ele>
      </trkpt>
      <trkpt lat="46.306127999" lon="6.547389971">
        <ele>768.01</ele>
      </trkpt>
      <trkpt lat="46.306846999" lon="6.548323967">
        <ele>763.4</ele>
      </trkpt>
      <trkpt lat="46.307522999" lon="6.549150003">
        <ele>760.07</ele>
      </trkpt>
      <trkpt lat="46.307770014" lon="6.549429037">
        <ele>758.05</ele>
      </trkpt>
      <trkpt lat="46.30798501" lon="6.549643027">
        <ele>756.75</ele>
      </trkpt>
      <trkpt lat="46.30822096" lon="6.549803959">
        <ele>756.15</ele>
      </trkpt>
      <trkpt lat="46.308789002" lon="6.550115012">
        <ele>755.6</ele>
      </trkpt>
      <trkpt lat="46.308875" lon="6.550179971">
        <ele>754.13</ele>
      </trkpt>
      <trkpt lat="46.308982037" lon="6.550330007">
        <ele>750.22</ele>
      </trkpt>
      <trkpt lat="46.309208013" lon="6.550973989">
        <ele>746.52</ele>
      </trkpt>
      <trkpt lat="46.30960498" lon="6.551768007">
        <ele>740.93</ele>
      </trkpt>
      <trkpt lat="46.309808996" lon="6.552132033">
        <ele>735.33</ele>
      </trkpt>
      <trkpt lat="46.310377037" lon="6.553023029">
        <ele>730.62</ele>
      </trkpt>
      <trkpt lat="46.310720025" lon="6.553452015">
        <ele>728.15</ele>
      </trkpt>
      <trkpt lat="46.31092404" lon="6.553742029">
        <ele>725.84</ele>
      </trkpt>
      <trkpt lat="46.310989" lon="6.553966999">
        <ele>724.37</ele>
      </trkpt>
      <trkpt lat="46.311021019" lon="6.554234968">
        <ele>722.78</ele>
      </trkpt>
      <trkpt lat="46.310998974" lon="6.554750036">
        <ele>721.4</ele>
      </trkpt>
      <trkpt lat="46.311021019" lon="6.555125965">
        <ele>719.14</ele>
      </trkpt>
      <trkpt lat="46.311041974" lon="6.555265021">
        <ele>716.22</ele>
      </trkpt>
      <trkpt lat="46.31120299" lon="6.555909002">
        <ele>713.69</ele>
      </trkpt>
      <trkpt lat="46.311225034" lon="6.556241009">
        <ele>712.4</ele>
      </trkpt>
      <trkpt lat="46.311245989" lon="6.556348968">
        <ele>710.29</ele>
      </trkpt>
      <trkpt lat="46.311278008" lon="6.556445025">
        <ele>709.65</ele>
      </trkpt>
      <trkpt lat="46.311374987" lon="6.556606041">
        <ele>708.67</ele>
      </trkpt>
      <trkpt lat="46.311513958" lon="6.556735039">
        <ele>708.09</ele>
      </trkpt>
      <trkpt lat="46.311803972" lon="6.556950035">
        <ele>707.16</ele>
      </trkpt>
      <trkpt lat="46.31186801" lon="6.557046007">
        <ele>706.66</ele>
      </trkpt>
      <trkpt lat="46.311901035" lon="6.557153966">
        <ele>705.3</ele>
      </trkpt>
      <trkpt lat="46.311889971" lon="6.557293022">
        <ele>704.98</ele>
      </trkpt>
      <trkpt lat="46.311803972" lon="6.557422019">
        <ele>704.57</ele>
      </trkpt>
      <trkpt lat="46.311749993" lon="6.557442974">
        <ele>703.58</ele>
      </trkpt>
      <trkpt lat="46.31164304" lon="6.557431994">
        <ele>701.55</ele>
      </trkpt>
      <trkpt lat="46.311385967" lon="6.557325041">
        <ele>699.23</ele>
      </trkpt>
      <trkpt lat="46.310741985" lon="6.557132006">
        <ele>696.41</ele>
      </trkpt>
      <trkpt lat="46.310388017" lon="6.557003008">
        <ele>693.16</ele>
      </trkpt>
      <trkpt lat="46.310216021" lon="6.556884991">
        <ele>690.73</ele>
      </trkpt>
      <trkpt lat="46.310076965" lon="6.556735039">
        <ele>687.88</ele>
      </trkpt>
      <trkpt lat="46.309947967" lon="6.556552984">
        <ele>685.39</ele>
      </trkpt>
      <trkpt lat="46.309787035" lon="6.556241009">
        <ele>683.19</ele>
      </trkpt>
      <trkpt lat="46.309583019" lon="6.555598034">
        <ele>681.33</ele>
      </trkpt>
      <trkpt lat="46.309486963" lon="6.555426037">
        <ele>679.13</ele>
      </trkpt>
      <trkpt lat="46.309432983" lon="6.555371974">
        <ele>679.04</ele>
      </trkpt>
      <trkpt lat="46.309357965" lon="6.55532998">
        <ele>678.63</ele>
      </trkpt>
      <trkpt lat="46.309303986" lon="6.55530802">
        <ele>678.23</ele>
      </trkpt>
      <trkpt lat="46.30892898" lon="6.555276001">
        <ele>677.9</ele>
      </trkpt>
      <trkpt lat="46.308381977" lon="6.555286981">
        <ele>677.16</ele>
      </trkpt>
      <trkpt lat="46.308177961" lon="6.555265021">
        <ele>675.29</ele>
      </trkpt>
      <trkpt lat="46.307823993" lon="6.555071985">
        <ele>673.64</ele>
      </trkpt>
      <trkpt lat="46.307694996" lon="6.555061005">
        <ele>672.65</ele>
      </trkpt>
      <trkpt lat="46.30754496" lon="6.555136023">
        <ele>672.63</ele>
      </trkpt>
      <trkpt lat="46.307447981" lon="6.555265021">
        <ele>673.94</ele>
      </trkpt>
      <trkpt lat="46.307384027" lon="6.555426037">
        <ele>678.19</ele>
      </trkpt>
      <trkpt lat="46.307372963" lon="6.555575989">
        <ele>683.94</ele>
      </trkpt>
      <trkpt lat="46.307447981" lon="6.555887042">
        <ele>688.4</ele>
      </trkpt>
      <trkpt lat="46.307619978" lon="6.556284008">
        <ele>689.94</ele>
      </trkpt>
      <trkpt lat="46.307673035" lon="6.556445025">
        <ele>692.78</ele>
      </trkpt>
      <trkpt lat="46.307684015" lon="6.556542004">
        <ele>695.03</ele>
      </trkpt>
      <trkpt lat="46.307673035" lon="6.55698197">
        <ele>696.46</ele>
      </trkpt>
      <trkpt lat="46.307694996" lon="6.55719596">
        <ele>699.33</ele>
      </trkpt>
      <trkpt lat="46.307770014" lon="6.557431994">
        <ele>704.41</ele>
      </trkpt>
      <trkpt lat="46.307845032" lon="6.557614971">
        <ele>709.66</ele>
      </trkpt>
      <trkpt lat="46.307909992" lon="6.557722008">
        <ele>711.97</ele>
      </trkpt>
      <trkpt lat="46.308017028" lon="6.557851005">
        <ele>713.83</ele>
      </trkpt>
      <trkpt lat="46.308403015" lon="6.558107995">
        <ele>715.4</ele>
      </trkpt>
      <trkpt lat="46.308552967" lon="6.558247972">
        <ele>716.48</ele>
      </trkpt>
      <trkpt lat="46.308713984" lon="6.558473026">
        <ele>713.74</ele>
      </trkpt>
      <trkpt lat="46.309003998" lon="6.55898801">
        <ele>711.66</ele>
      </trkpt>
      <trkpt lat="46.30914297" lon="6.559352959">
        <ele>710.25</ele>
      </trkpt>
      <trkpt lat="46.309197033" lon="6.559567032">
        <ele>710.04</ele>
      </trkpt>
      <trkpt lat="46.309217988" lon="6.55970701">
        <ele>710.88</ele>
      </trkpt>
      <trkpt lat="46.309251012" lon="6.560264993">
        <ele>713.69</ele>
      </trkpt>
      <trkpt lat="46.309346985" lon="6.560618961">
        <ele>717.05</ele>
      </trkpt>
      <trkpt lat="46.309551001" lon="6.561079966">
        <ele>721.07</ele>
      </trkpt>
      <trkpt lat="46.310002031" lon="6.562271034">
        <ele>723.51</ele>
      </trkpt>
      <trkpt lat="46.310280981" lon="6.563076032">
        <ele>725.38</ele>
      </trkpt>
      <trkpt lat="46.310398998" lon="6.563333021">
        <ele>727.02</ele>
      </trkpt>
      <trkpt lat="46.310635032" lon="6.563729988">
        <ele>729.55</ele>
      </trkpt>
      <trkpt lat="46.310721414" lon="6.564008147">
        <ele>730.23</ele>
      </trkpt>
      <trkpt lat="46.310794959" lon="6.564244972">
        <ele>732.11</ele>
      </trkpt>
      <trkpt lat="46.31093502" lon="6.564448988">
        <ele>735.07</ele>
      </trkpt>
      <trkpt lat="46.311374987" lon="6.564834975">
        <ele>738.05</ele>
      </trkpt>
      <trkpt lat="46.31164304" lon="6.565178968">
        <ele>741.69</ele>
      </trkpt>
      <trkpt lat="46.311815036" lon="6.565458002">
        <ele>745.93</ele>
      </trkpt>
      <trkpt lat="46.312350975" lon="6.566648986">
        <ele>748.87</ele>
      </trkpt>
      <trkpt lat="46.312405039" lon="6.566787958">
        <ele>752.32</ele>
      </trkpt>
      <trkpt lat="46.312468993" lon="6.567045031">
        <ele>755.32</ele>
      </trkpt>
      <trkpt lat="46.31260897" lon="6.567764031">
        <ele>757.07</ele>
      </trkpt>
      <trkpt lat="46.312619029" lon="6.567979027">
        <ele>760.12</ele>
      </trkpt>
      <trkpt lat="46.312565971" lon="6.568322014">
        <ele>763.96</ele>
      </trkpt>
      <trkpt lat="46.312544011" lon="6.568600964">
        <ele>765.44</ele>
      </trkpt>
      <trkpt lat="46.312565971" lon="6.568965996">
        <ele>766.68</ele>
      </trkpt>
      <trkpt lat="46.312705027" lon="6.569394981">
        <ele>767.99</ele>
      </trkpt>
      <trkpt lat="46.312920023" lon="6.569878031">
        <ele>768.77</ele>
      </trkpt>
      <trkpt lat="46.313144993" lon="6.570285978">
        <ele>769.5</ele>
      </trkpt>
      <trkpt lat="46.31332797" lon="6.570542967">
        <ele>770.34</ele>
      </trkpt>
      <trkpt lat="46.313521005" lon="6.570757963">
        <ele>771.73</ele>
      </trkpt>
      <trkpt lat="46.313616978" lon="6.570854019">
        <ele>772.45</ele>
      </trkpt>
      <trkpt lat="46.31397103" lon="6.571144033">
        <ele>773.06</ele>
      </trkpt>
      <trkpt lat="46.314443015" lon="6.571455002">
        <ele>773.54</ele>
      </trkpt>
      <trkpt lat="46.314764964" lon="6.571712997">
        <ele>774.49</ele>
      </trkpt>
      <trkpt lat="46.315109041" lon="6.572109042">
        <ele>775.08</ele>
      </trkpt>
      <trkpt lat="46.315248013" lon="6.572238039">
        <ele>776.56</ele>
      </trkpt>
      <trkpt lat="46.315344991" lon="6.572367037">
        <ele>778.37</ele>
      </trkpt>
      <trkpt lat="46.315397965" lon="6.572506009">
        <ele>778.31</ele>
      </trkpt>
      <trkpt lat="46.315429984" lon="6.572721004">
        <ele>781.59</ele>
      </trkpt>
      <trkpt lat="46.315420009" lon="6.57291404">
        <ele>785.46</ele>
      </trkpt>
      <trkpt lat="46.315344991" lon="6.573225008">
        <ele>789.97</ele>
      </trkpt>
      <trkpt lat="46.315323031" lon="6.573450984">
        <ele>793.24</ele>
      </trkpt>
      <trkpt lat="46.315344991" lon="6.573762037">
        <ele>797.77</ele>
      </trkpt>
      <trkpt lat="46.315420009" lon="6.573954988">
        <ele>799.07</ele>
      </trkpt>
      <trkpt lat="46.315644979" lon="6.574297976">
        <ele>799.43</ele>
      </trkpt>
      <trkpt lat="46.315730978" lon="6.574458992">
        <ele>800.3</ele>
      </trkpt>
      <trkpt lat="46.315784035" lon="6.574652027">
        <ele>801.27</ele>
      </trkpt>
      <trkpt lat="46.315805996" lon="6.574835004">
        <ele>802.2</ele>
      </trkpt>
      <trkpt lat="46.315934993" lon="6.575382007">
        <ele>801.58</ele>
      </trkpt>
      <trkpt lat="46.316159964" lon="6.575992964">
        <ele>803.05</ele>
      </trkpt>
      <trkpt lat="46.316191982" lon="6.576219024">
        <ele>801.01</ele>
      </trkpt>
      <trkpt lat="46.316191982" lon="6.576337041">
        <ele>799.78</ele>
      </trkpt>
      <trkpt lat="46.316148983" lon="6.576734008">
        <ele>798.62</ele>
      </trkpt>
      <trkpt lat="46.316085029" lon="6.57688396">
        <ele>800.25</ele>
      </trkpt>
      <trkpt lat="46.315944968" lon="6.577044977">
        <ele>796.22</ele>
      </trkpt>
      <trkpt lat="46.315805996" lon="6.577258967">
        <ele>793.4</ele>
      </trkpt>
      <trkpt lat="46.315752016" lon="6.577485027">
        <ele>790.83</ele>
      </trkpt>
      <trkpt lat="46.315784035" lon="6.577923987">
        <ele>791.62</ele>
      </trkpt>
      <trkpt lat="46.315730978" lon="6.57803203">
        <ele>792.24</ele>
      </trkpt>
      <trkpt lat="46.315548001" lon="6.578257">
        <ele>799.15</ele>
      </trkpt>
      <trkpt lat="46.315506007" lon="6.578342998">
        <ele>808.03</ele>
      </trkpt>
      <trkpt lat="46.315483963" lon="6.57852497">
        <ele>813.77</ele>
      </trkpt>
      <trkpt lat="46.315506007" lon="6.578665031">
        <ele>816.44</ele>
      </trkpt>
      <trkpt lat="46.315548001" lon="6.578718005">
        <ele>815.11</ele>
      </trkpt>
      <trkpt lat="46.31560198" lon="6.578771984">
        <ele>812.02</ele>
      </trkpt>
      <trkpt lat="46.315773977" lon="6.578879021">
        <ele>807.96</ele>
      </trkpt>
      <trkpt lat="46.315881014" lon="6.578976">
        <ele>805.16</ele>
      </trkpt>
      <trkpt lat="46.315924013" lon="6.579040038">
        <ele>801.71</ele>
      </trkpt>
      <trkpt lat="46.316085029" lon="6.579480004">
        <ele>801.58</ele>
      </trkpt>
      <trkpt lat="46.316214027" lon="6.579684019">
        <ele>802.59</ele>
      </trkpt>
      <trkpt lat="46.316234982" lon="6.579747973">
        <ele>802.94</ele>
      </trkpt>
      <trkpt lat="46.316245962" lon="6.579899015">
        <ele>806.97</ele>
      </trkpt>
      <trkpt lat="46.316212903" lon="6.580371802">
        <ele>812.4</ele>
      </trkpt>
      <trkpt lat="46.316191982" lon="6.580670988">
        <ele>817.48</ele>
      </trkpt>
      <trkpt lat="46.316245962" lon="6.58102504">
        <ele>819.46</ele>
      </trkpt>
      <trkpt lat="46.31631" lon="6.581154037">
        <ele>819.52</ele>
      </trkpt>
      <trkpt lat="46.316481996" lon="6.581336008">
        <ele>814.26</ele>
      </trkpt>
      <trkpt lat="46.316577969" lon="6.581508005">
        <ele>809.85</ele>
      </trkpt>
      <trkpt lat="46.316663967" lon="6.581689976">
        <ele>806.55</ele>
      </trkpt>
      <trkpt lat="46.316706967" lon="6.581861973">
        <ele>802.05</ele>
      </trkpt>
      <trkpt lat="46.316718031" lon="6.58199097">
        <ele>799.99</ele>
      </trkpt>
      <trkpt lat="46.316663968" lon="6.582141006">
        <ele>804.72</ele>
      </trkpt>
      <trkpt lat="46.316620968" lon="6.582184005">
        <ele>808.37</ele>
      </trkpt>
      <trkpt lat="46.316395998" lon="6.582290959">
        <ele>811.19</ele>
      </trkpt>
      <trkpt lat="46.31633196" lon="6.582365977">
        <ele>814.29</ele>
      </trkpt>
      <trkpt lat="46.31631" lon="6.58242004">
        <ele>817.78</ele>
      </trkpt>
      <trkpt lat="46.316299019" lon="6.582559012">
        <ele>816.26</ele>
      </trkpt>
      <trkpt lat="46.31631" lon="6.58264501">
        <ele>812.81</ele>
      </trkpt>
      <trkpt lat="46.316449977" lon="6.583009958">
        <ele>809.15</ele>
      </trkpt>
      <trkpt lat="46.316460036" lon="6.583321011">
        <ele>806.68</ele>
      </trkpt>
      <trkpt lat="46.316492977" lon="6.583493007">
        <ele>802.82</ele>
      </trkpt>
      <trkpt lat="46.316557014" lon="6.583654024">
        <ele>800.1</ele>
      </trkpt>
      <trkpt lat="46.316695986" lon="6.583878994">
        <ele>798.34</ele>
      </trkpt>
      <trkpt lat="46.316749966" lon="6.58402903">
        <ele>796.37</ele>
      </trkpt>
      <trkpt lat="46.31676103" lon="6.584115028">
        <ele>795.78</ele>
      </trkpt>
      <trkpt lat="46.316749966" lon="6.58430798">
        <ele>795.82</ele>
      </trkpt>
      <trkpt lat="46.316729011" lon="6.584404958">
        <ele>796.1</ele>
      </trkpt>
      <trkpt lat="46.316610994" lon="6.584726991">
        <ele>795.31</ele>
      </trkpt>
      <trkpt lat="46.316577969" lon="6.584887002">
        <ele>795.05</ele>
      </trkpt>
      <trkpt lat="46.316577969" lon="6.58498398">
        <ele>795.41</ele>
      </trkpt>
      <trkpt lat="46.316610994" lon="6.585134016">
        <ele>794.66</ele>
      </trkpt>
      <trkpt lat="46.316675032" lon="6.585284974">
        <ele>790.9</ele>
      </trkpt>
      <trkpt lat="46.316781985" lon="6.585455965">
        <ele>788.87</ele>
      </trkpt>
      <trkpt lat="46.316814003" lon="6.585584963">
        <ele>789.41</ele>
      </trkpt>
      <trkpt lat="46.316814003" lon="6.585659981">
        <ele>786.53</ele>
      </trkpt>
      <trkpt lat="46.316804029" lon="6.585724018">
        <ele>784.95</ele>
      </trkpt>
      <trkpt lat="46.316729011" lon="6.585863996">
        <ele>785.43</ele>
      </trkpt>
      <trkpt lat="46.316610994" lon="6.586002968">
        <ele>788.41</ele>
      </trkpt>
      <trkpt lat="46.316257026" lon="6.586325001">
        <ele>788.79</ele>
      </trkpt>
      <trkpt lat="46.316128029" lon="6.586486017">
        <ele>790.78</ele>
      </trkpt>
      <trkpt lat="46.315944968" lon="6.586829005">
        <ele>791.79</ele>
      </trkpt>
      <trkpt lat="46.315795016" lon="6.587343989">
        <ele>793.57</ele>
      </trkpt>
      <trkpt lat="46.315752016" lon="6.587677002">
        <ele>792.85</ele>
      </trkpt>
      <trkpt lat="46.315687979" lon="6.587944971">
        <ele>792.36</ele>
      </trkpt>
      <trkpt lat="46.315591" lon="6.588213025">
        <ele>792.3</ele>
      </trkpt>
      <trkpt lat="46.31537701" lon="6.588663971">
        <ele>793.45</ele>
      </trkpt>
      <trkpt lat="46.315268967" lon="6.588964965">
        <ele>794.29</ele>
      </trkpt>
      <trkpt lat="46.315226974" lon="6.589104021">
        <ele>794.36</ele>
      </trkpt>
      <trkpt lat="46.315011978" lon="6.590155028">
        <ele>795.39</ele>
      </trkpt>
      <trkpt lat="46.314905025" lon="6.590445042">
        <ele>797.39</ele>
      </trkpt>
      <trkpt lat="46.314787008" lon="6.590660037">
        <ele>798.42</ele>
      </trkpt>
      <trkpt lat="46.314764964" lon="6.590734972">
        <ele>799.52</ele>
      </trkpt>
      <trkpt lat="46.314764964" lon="6.590991961">
        <ele>801.12</ele>
      </trkpt>
      <trkpt lat="46.314957999" lon="6.591656981">
        <ele>801.41</ele>
      </trkpt>
      <trkpt lat="46.315162014" lon="6.592559041">
        <ele>802.77</ele>
      </trkpt>
      <trkpt lat="46.315151034" lon="6.592762973">
        <ele>804.72</ele>
      </trkpt>
      <trkpt lat="46.315054977" lon="6.593159018">
        <ele>807.41</ele>
      </trkpt>
      <trkpt lat="46.315054977" lon="6.593384994">
        <ele>809.29</ele>
      </trkpt>
      <trkpt lat="46.315066041" lon="6.59358901">
        <ele>810.31</ele>
      </trkpt>
      <trkpt lat="46.315181041" lon="6.594403982">
        <ele>809.52</ele>
      </trkpt>
      <trkpt lat="46.315205013" lon="6.594640017">
        <ele>809.57</ele>
      </trkpt>
      <trkpt lat="46.315151034" lon="6.594855012">
        <ele>806.71</ele>
      </trkpt>
      <trkpt lat="46.315109041" lon="6.594864987">
        <ele>806.05</ele>
      </trkpt>
      <trkpt lat="46.314882981" lon="6.594875967">
        <ele>805.17</ele>
      </trkpt>
      <trkpt lat="46.314561032" lon="6.594844032">
        <ele>803.19</ele>
      </trkpt>
      <trkpt lat="46.31421796" lon="6.594758034">
        <ele>801.83</ele>
      </trkpt>
      <trkpt lat="46.314045964" lon="6.594758034">
        <ele>802.91</ele>
      </trkpt>
      <trkpt lat="46.313874973" lon="6.594778988">
        <ele>806.8</ele>
      </trkpt>
      <trkpt lat="46.31353098" lon="6.594726015">
        <ele>809.31</ele>
      </trkpt>
      <trkpt lat="46.313455962" lon="6.594726015">
        <ele>815.62</ele>
      </trkpt>
      <trkpt lat="46.31331699" lon="6.594789969">
        <ele>817.25</ele>
      </trkpt>
      <trkpt lat="46.313177012" lon="6.594950985">
        <ele>819.54</ele>
      </trkpt>
      <trkpt lat="46.313015996" lon="6.595251979">
        <ele>813.35</ele>
      </trkpt>
      <trkpt lat="46.312908959" lon="6.595508968">
        <ele>810</ele>
      </trkpt>
      <trkpt lat="46.312779961" lon="6.595906019">
        <ele>802.79</ele>
      </trkpt>
      <trkpt lat="46.312726987" lon="6.596153034">
        <ele>800.68</ele>
      </trkpt>
      <trkpt lat="46.312640989" lon="6.596720992">
        <ele>798.11</ele>
      </trkpt>
      <trkpt lat="46.312630009" lon="6.597568989">
        <ele>797.01</ele>
      </trkpt>
      <trkpt lat="46.312522972" lon="6.598169971">
        <ele>796.29</ele>
      </trkpt>
      <trkpt lat="46.312501011" lon="6.598330988">
        <ele>796.29</ele>
      </trkpt>
      <trkpt lat="46.312501011" lon="6.598501978">
        <ele>795.23</ele>
      </trkpt>
      <trkpt lat="46.312534036" lon="6.598771037">
        <ele>793.46</ele>
      </trkpt>
      <trkpt lat="46.312630009" lon="6.599275041">
        <ele>797.15</ele>
      </trkpt>
      <trkpt lat="46.312726987" lon="6.600068975">
        <ele>800.19</ele>
      </trkpt>
      <trkpt lat="46.312834024" lon="6.600744976">
        <ele>802.72</ele>
      </trkpt>
      <trkpt lat="46.312877024" lon="6.601152001">
        <ele>802.27</ele>
      </trkpt>
      <trkpt lat="46.31286596" lon="6.601420976">
        <ele>799.6</ele>
      </trkpt>
      <trkpt lat="46.31282296" lon="6.601785002">
        <ele>796.35</ele>
      </trkpt>
      <trkpt lat="46.312705027" lon="6.602236033">
        <ele>794.07</ele>
      </trkpt>
      <trkpt lat="46.312416019" lon="6.602783035">
        <ele>790.66</ele>
      </trkpt>
      <trkpt lat="46.312307976" lon="6.603029966">
        <ele>794.16</ele>
      </trkpt>
      <trkpt lat="46.312158024" lon="6.603437997">
        <ele>800.03</ele>
      </trkpt>
      <trkpt lat="46.312060962" lon="6.603856003">
        <ele>799.97</ele>
      </trkpt>
      <trkpt lat="46.311964989" lon="6.604478024">
        <ele>801.38</ele>
      </trkpt>
      <trkpt lat="46.311943028" lon="6.604725039">
        <ele>798.85</ele>
      </trkpt>
      <trkpt lat="46.311964989" lon="6.60492897">
        <ele>788.62</ele>
      </trkpt>
      <trkpt lat="46.312103961" lon="6.605272042">
        <ele>779.03</ele>
      </trkpt>
      <trkpt lat="46.31214696" lon="6.605464993">
        <ele>774.52</ele>
      </trkpt>
      <trkpt lat="46.31214696" lon="6.605573036">
        <ele>768.65</ele>
      </trkpt>
      <trkpt lat="46.312093986" lon="6.605798006">
        <ele>765.23</ele>
      </trkpt>
      <trkpt lat="46.311964989" lon="6.606002022">
        <ele>764.4</ele>
      </trkpt>
      <trkpt lat="46.31187899" lon="6.60630201">
        <ele>762.7</ele>
      </trkpt>
      <trkpt lat="46.311825011" lon="6.606827974">
        <ele>760.34</ele>
      </trkpt>
      <trkpt lat="46.311858036" lon="6.607374977">
        <ele>756.42</ele>
      </trkpt>
      <trkpt lat="46.311803972" lon="6.607601037">
        <ele>756.35</ele>
      </trkpt>
      <trkpt lat="46.311760973" lon="6.607664991">
        <ele>759.25</ele>
      </trkpt>
      <trkpt lat="46.311665" lon="6.607740009">
        <ele>761.27</ele>
      </trkpt>
      <trkpt lat="46.311374987" lon="6.607889961">
        <ele>761.64</ele>
      </trkpt>
      <trkpt lat="46.311235009" lon="6.608007979">
        <ele>763.65</ele>
      </trkpt>
      <trkpt lat="46.311084973" lon="6.608211994">
        <ele>762.81</ele>
      </trkpt>
      <trkpt lat="46.31093502" lon="6.608340992">
        <ele>758.78</ele>
      </trkpt>
      <trkpt lat="46.310849022" lon="6.608393965">
        <ele>755.29</ele>
      </trkpt>
      <trkpt lat="46.310645007" lon="6.608468983">
        <ele>752.55</ele>
      </trkpt>
      <trkpt lat="46.310506035" lon="6.608491028">
        <ele>748.2</ele>
      </trkpt>
      <trkpt lat="46.31027" lon="6.608479964">
        <ele>748.83</ele>
      </trkpt>
      <trkpt lat="46.309979986" lon="6.608436964">
        <ele>750.01</ele>
      </trkpt>
      <trkpt lat="46.309841014" lon="6.608448029">
        <ele>751.9</ele>
      </trkpt>
      <trkpt lat="46.309775971" lon="6.608479964">
        <ele>755.2</ele>
      </trkpt>
      <trkpt lat="46.30960498" lon="6.608706023">
        <ele>754.85</ele>
      </trkpt>
      <trkpt lat="46.309486963" lon="6.608995032">
        <ele>753.97</ele>
      </trkpt>
      <trkpt lat="46.309443964" lon="6.609241962">
        <ele>752.47</ele>
      </trkpt>
      <trkpt lat="46.309432983" lon="6.609402979">
        <ele>747.93</ele>
      </trkpt>
      <trkpt lat="46.309465002" lon="6.609906983">
        <ele>742.42</ele>
      </trkpt>
      <trkpt lat="46.309432983" lon="6.61004696">
        <ele>742.21</ele>
      </trkpt>
      <trkpt lat="46.309369029" lon="6.610164978">
        <ele>739.09</ele>
      </trkpt>
      <trkpt lat="46.309132995" lon="6.610433031">
        <ele>736.76</ele>
      </trkpt>
      <trkpt lat="46.308917999" lon="6.610593963">
        <ele>736.24</ele>
      </trkpt>
      <trkpt lat="46.308552967" lon="6.61076596">
        <ele>734.93</ele>
      </trkpt>
      <trkpt lat="46.308478033" lon="6.610819017">
        <ele>729.65</ele>
      </trkpt>
      <trkpt lat="46.308338977" lon="6.610958995">
        <ele>728.64</ele>
      </trkpt>
      <trkpt lat="46.307962965" lon="6.611484038">
        <ele>724.08</ele>
      </trkpt>
      <trkpt lat="46.307576979" lon="6.611956023">
        <ele>725.09</ele>
      </trkpt>
      <trkpt lat="46.307470025" lon="6.61214998">
        <ele>722.74</ele>
      </trkpt>
      <trkpt lat="46.307329964" lon="6.612524986">
        <ele>723.73</ele>
      </trkpt>
      <trkpt lat="46.307137012" lon="6.612824975">
        <ele>723.24</ele>
      </trkpt>
      <trkpt lat="46.307061994" lon="6.61301801">
        <ele>725.89</ele>
      </trkpt>
      <trkpt lat="46.307008015" lon="6.613211967">
        <ele>719.48</ele>
      </trkpt>
      <trkpt lat="46.306943977" lon="6.613339959">
        <ele>718.24</ele>
      </trkpt>
      <trkpt lat="46.306889998" lon="6.613394022">
        <ele>714.62</ele>
      </trkpt>
      <trkpt lat="46.306794025" lon="6.613415983">
        <ele>712.19</ele>
      </trkpt>
      <trkpt lat="46.30654701" lon="6.613405002">
        <ele>709.38</ele>
      </trkpt>
      <trkpt lat="46.306514991" lon="6.613426041">
        <ele>712.5</ele>
      </trkpt>
      <trkpt lat="46.306332014" lon="6.613641037">
        <ele>711.6</ele>
      </trkpt>
      <trkpt lat="46.306213997" lon="6.613715971">
        <ele>711.57</ele>
      </trkpt>
      <trkpt lat="46.306138979" lon="6.613801969">
        <ele>709.17</ele>
      </trkpt>
      <trkpt lat="46.305924989" lon="6.614274038">
        <ele>707.1</ele>
      </trkpt>
      <trkpt lat="46.305860029" lon="6.614380991">
        <ele>701.81</ele>
      </trkpt>
      <trkpt lat="46.305720974" lon="6.614542007">
        <ele>699.88</ele>
      </trkpt>
      <trkpt lat="46.30449797" lon="6.615614975">
        <ele>697.47</ele>
      </trkpt>
      <trkpt lat="46.304228995" lon="6.615765011">
        <ele>695.49</ele>
      </trkpt>
      <trkpt lat="46.30403596" lon="6.61581899">
        <ele>693.61</ele>
      </trkpt>
      <trkpt lat="46.303886007" lon="6.61580801">
        <ele>693.59</ele>
      </trkpt>
      <trkpt lat="46.303714011" lon="6.615754031">
        <ele>692.62</ele>
      </trkpt>
      <trkpt lat="46.303606974" lon="6.615689993">
        <ele>691.72</ele>
      </trkpt>
      <trkpt lat="46.302910019" lon="6.615036037">
        <ele>690.08</ele>
      </trkpt>
      <trkpt lat="46.302244998" lon="6.614466989">
        <ele>688.39</ele>
      </trkpt>
      <trkpt lat="46.302040983" lon="6.614391971">
        <ele>689.15</ele>
      </trkpt>
      <trkpt lat="46.301891031" lon="6.614370011">
        <ele>695.61</ele>
      </trkpt>
      <trkpt lat="46.301086033" lon="6.614499008">
        <ele>702.55</ele>
      </trkpt>
      <trkpt lat="46.300903978" lon="6.614563968">
        <ele>699.9</ele>
      </trkpt>
      <trkpt lat="46.300635003" lon="6.614832021">
        <ele>704.49</ele>
      </trkpt>
      <trkpt lat="46.300227977" lon="6.615571976">
        <ele>698.24</ele>
      </trkpt>
      <trkpt lat="46.30010996" lon="6.615711031">
        <ele>685.51</ele>
      </trkpt>
      <trkpt lat="46.29983101" lon="6.615894008">
        <ele>672.1</ele>
      </trkpt>
      <trkpt lat="46.299691033" lon="6.615914963">
        <ele>673.09</ele>
      </trkpt>
      <trkpt lat="46.299583996" lon="6.615904989">
        <ele>671.08</ele>
      </trkpt>
      <trkpt lat="46.29939096" lon="6.615840029">
        <ele>675.89</ele>
      </trkpt>
      <trkpt lat="46.298983013" lon="6.615465023">
        <ele>682.42</ele>
      </trkpt>
      <trkpt lat="46.298854016" lon="6.615410959">
        <ele>688.59</ele>
      </trkpt>
      <trkpt lat="46.29871496" lon="6.615410959">
        <ele>689.71</ele>
      </trkpt>
      <trkpt lat="46.298593646" lon="6.615441288">
        <ele>686.97</ele>
      </trkpt>
      <trkpt lat="46.298542963" lon="6.615453958">
        <ele>685.34</ele>
      </trkpt>
      <trkpt lat="46.298403991" lon="6.615465023">
        <ele>682.85</ele>
      </trkpt>
      <trkpt lat="46.298307013" lon="6.615453958">
        <ele>681.6</ele>
      </trkpt>
      <trkpt lat="46.298125042" lon="6.61535698">
        <ele>680.6</ele>
      </trkpt>
      <trkpt lat="46.297941981" lon="6.615175009">
        <ele>679.48</ele>
      </trkpt>
      <trkpt lat="46.297823964" lon="6.615121029">
        <ele>679.25</ele>
      </trkpt>
      <trkpt lat="46.297684992" lon="6.615110971">
        <ele>679.24</ele>
      </trkpt>
      <trkpt lat="46.296643959" lon="6.615121029">
        <ele>680.12</ele>
      </trkpt>
      <trkpt lat="46.29637599" lon="6.61508901">
        <ele>680.63</ele>
      </trkpt>
      <trkpt lat="46.29609704" lon="6.61487502">
        <ele>679.93</ele>
      </trkpt>
      <trkpt lat="46.295484994" lon="6.614348972">
        <ele>680.03</ele>
      </trkpt>
      <trkpt lat="46.294380007" lon="6.614058958">
        <ele>679.15</ele>
      </trkpt>
      <trkpt lat="46.29426199" lon="6.614058958">
        <ele>679.47</ele>
      </trkpt>
      <trkpt lat="46.294080019" lon="6.614102041">
        <ele>678.97</ele>
      </trkpt>
      <trkpt lat="46.294005001" lon="6.614156021">
        <ele>679.36</ele>
      </trkpt>
      <trkpt lat="46.293757986" lon="6.614563968">
        <ele>677.76</ele>
      </trkpt>
      <trkpt lat="46.293543996" lon="6.614852976">
        <ele>677.67</ele>
      </trkpt>
      <trkpt lat="46.292524003" lon="6.615271987">
        <ele>675.36</ele>
      </trkpt>
      <trkpt lat="46.292353012" lon="6.615293026">
        <ele>673.59</ele>
      </trkpt>
      <trkpt lat="46.291182982" lon="6.615336025">
        <ele>671.64</ele>
      </trkpt>
      <trkpt lat="46.290796995" lon="6.615336025">
        <ele>670.26</ele>
      </trkpt>
      <trkpt lat="46.290368009" lon="6.615121029">
        <ele>669.18</ele>
      </trkpt>
      <trkpt lat="46.290174974" lon="6.614895975">
        <ele>669.63</ele>
      </trkpt>
      <trkpt lat="46.28988496" lon="6.614509989">
        <ele>671.43</ele>
      </trkpt>
      <trkpt lat="46.289424039" lon="6.61440203">
        <ele>672.04</ele>
      </trkpt>
      <trkpt lat="46.289091026" lon="6.61443497">
        <ele>672.84</ele>
      </trkpt>
      <trkpt lat="46.288103973" lon="6.614895975">
        <ele>672.12</ele>
      </trkpt>
      <trkpt lat="46.287364019" lon="6.61515397">
        <ele>670.9</ele>
      </trkpt>
      <trkpt lat="46.286688019" lon="6.61514299">
        <ele>668.34</ele>
      </trkpt>
      <trkpt lat="46.286032973" lon="6.615046011">
        <ele>667.86</ele>
      </trkpt>
      <trkpt lat="46.285765003" lon="6.615056992">
        <ele>671.5</ele>
      </trkpt>
      <trkpt lat="46.285626032" lon="6.61507803">
        <ele>676.12</ele>
      </trkpt>
      <trkpt lat="46.285067964" lon="6.615347005">
        <ele>677.84</ele>
      </trkpt>
      <trkpt lat="46.284509981" lon="6.61580801">
        <ele>678.57</ele>
      </trkpt>
      <trkpt lat="46.284380984" lon="6.615851009">
        <ele>678.71</ele>
      </trkpt>
      <trkpt lat="46.284156013" lon="6.615957962">
        <ele>674.49</ele>
      </trkpt>
      <trkpt lat="46.283790981" lon="6.616012026">
        <ele>669.32</ele>
      </trkpt>
      <trkpt lat="46.283458974" lon="6.616161978">
        <ele>666.41</ele>
      </trkpt>
      <trkpt lat="46.283276199" lon="6.616409905">
        <ele>664.46</ele>
      </trkpt>
      <trkpt lat="46.283197962" lon="6.616516029">
        <ele>664.15</ele>
      </trkpt>
      <trkpt lat="46.283094026" lon="6.616645027">
        <ele>663.91</ele>
      </trkpt>
      <trkpt lat="46.283094026" lon="6.616848959">
        <ele>664.67</ele>
      </trkpt>
      <trkpt lat="46.283062007" lon="6.616977034">
        <ele>666.2</ele>
      </trkpt>
      <trkpt lat="46.282965029" lon="6.617074013">
        <ele>673.38</ele>
      </trkpt>
      <trkpt lat="46.282513998" lon="6.617309963">
        <ele>678.15</ele>
      </trkpt>
      <trkpt lat="46.27965996" lon="6.618564986">
        <ele>683.31</ele>
      </trkpt>
      <trkpt lat="46.279414035" lon="6.618726002">
        <ele>688.79</ele>
      </trkpt>
      <trkpt lat="46.279285038" lon="6.618844019">
        <ele>693.47</ele>
      </trkpt>
      <trkpt lat="46.279178001" lon="6.618973017">
        <ele>693.09</ele>
      </trkpt>
      <trkpt lat="46.278952025" lon="6.619294966">
        <ele>695.44</ele>
      </trkpt>
      <trkpt lat="46.278726971" lon="6.619692016">
        <ele>697.41</ele>
      </trkpt>
      <trkpt lat="46.278523039" lon="6.620121002">
        <ele>699.29</ele>
      </trkpt>
      <trkpt lat="46.277944017" lon="6.621205034">
        <ele>700.53</ele>
      </trkpt>
      <trkpt lat="46.277729021" lon="6.621516002">
        <ele>707.03</ele>
      </trkpt>
      <trkpt lat="46.277589966" lon="6.621654974">
        <ele>711.56</ele>
      </trkpt>
      <trkpt lat="46.277417969" lon="6.621740973">
        <ele>718.84</ele>
      </trkpt>
      <trkpt lat="46.277214037" lon="6.621783972">
        <ele>724.37</ele>
      </trkpt>
      <trkpt lat="46.27709602" lon="6.621783972">
        <ele>730.39</ele>
      </trkpt>
      <trkpt lat="46.276624035" lon="6.621677019">
        <ele>729.39</ele>
      </trkpt>
      <trkpt lat="46.276366962" lon="6.621666038">
        <ele>735.05</ele>
      </trkpt>
      <trkpt lat="46.276237965" lon="6.621686993">
        <ele>735.61</ele>
      </trkpt>
      <trkpt lat="46.27570102" lon="6.621838035">
        <ele>734.42</ele>
      </trkpt>
      <trkpt lat="46.275432967" lon="6.621977007">
        <ele>732.72</ele>
      </trkpt>
      <trkpt lat="46.275026025" lon="6.622287976">
        <ele>732.74</ele>
      </trkpt>
      <trkpt lat="46.274897028" lon="6.622438012">
        <ele>727.44</ele>
      </trkpt>
      <trkpt lat="46.274865009" lon="6.62252401">
        <ele>725.28</ele>
      </trkpt>
      <trkpt lat="46.274865009" lon="6.622857023">
        <ele>727.53</ele>
      </trkpt>
      <trkpt lat="46.274993001" lon="6.623811973">
        <ele>730.07</ele>
      </trkpt>
      <trkpt lat="46.275003981" lon="6.624025963">
        <ele>734.32</ele>
      </trkpt>
      <trkpt lat="46.274983026" lon="6.62418698">
        <ele>736.41</ele>
      </trkpt>
      <trkpt lat="46.274951007" lon="6.624295022">
        <ele>739.52</ele>
      </trkpt>
      <trkpt lat="46.274811029" lon="6.624541031">
        <ele>740.94</ele>
      </trkpt>
      <trkpt lat="46.274660993" lon="6.624690983">
        <ele>742.96</ele>
      </trkpt>
      <trkpt lat="46.274564015" lon="6.624744963">
        <ele>743.66</ele>
      </trkpt>
      <trkpt lat="46.274445998" lon="6.624776982">
        <ele>746.01</ele>
      </trkpt>
      <trkpt lat="46.274081971" lon="6.624928024">
        <ele>746.66</ele>
      </trkpt>
      <trkpt lat="46.273685005" lon="6.625131033">
        <ele>748.96</ele>
      </trkpt>
      <trkpt lat="46.273104977" lon="6.625377964">
        <ele>751.14</ele>
      </trkpt>
      <trkpt lat="46.272804989" lon="6.625624979">
        <ele>754.33</ele>
      </trkpt>
      <trkpt lat="46.272665011" lon="6.625818014">
        <ele>759.58</ele>
      </trkpt>
      <trkpt lat="46.271838974" lon="6.627104972">
        <ele>766.67</ele>
      </trkpt>
      <trkpt lat="46.270584036" lon="6.629101038">
        <ele>778.23</ele>
      </trkpt>
      <trkpt lat="46.270391" lon="6.62930497">
        <ele>790.72</ele>
      </trkpt>
      <trkpt lat="46.270165024" lon="6.629433967">
        <ele>803.02</ele>
      </trkpt>
      <trkpt lat="46.269865036" lon="6.629530024">
        <ele>812.77</ele>
      </trkpt>
      <trkpt lat="46.269596983" lon="6.629594983">
        <ele>818.37</ele>
      </trkpt>
      <trkpt lat="46.269392967" lon="6.629605042">
        <ele>820.97</ele>
      </trkpt>
      <trkpt lat="46.269275034" lon="6.629584003">
        <ele>819.72</ele>
      </trkpt>
      <trkpt lat="46.269157017" lon="6.629530024">
        <ele>816.79</ele>
      </trkpt>
      <trkpt lat="46.268587969" lon="6.629187036">
        <ele>811.59</ele>
      </trkpt>
      <trkpt lat="46.268309019" lon="6.629058039">
        <ele>810.02</ele>
      </trkpt>
      <trkpt lat="46.268181028" lon="6.62902602">
        <ele>804.28</ele>
      </trkpt>
      <trkpt lat="46.267944993" lon="6.62901504">
        <ele>800.62</ele>
      </trkpt>
      <trkpt lat="46.267805016" lon="6.62902602">
        <ele>796.86</ele>
      </trkpt>
      <trkpt lat="46.267558001" lon="6.629089974">
        <ele>797.84</ele>
      </trkpt>
      <trkpt lat="46.267321967" lon="6.629230035">
        <ele>795.54</ele>
      </trkpt>
      <trkpt lat="46.267215013" lon="6.629316034">
        <ele>795.18</ele>
      </trkpt>
      <trkpt lat="46.266989959" lon="6.629627002">
        <ele>796.56</ele>
      </trkpt>
      <trkpt lat="46.266774964" lon="6.62996999">
        <ele>804</ele>
      </trkpt>
      <trkpt lat="46.266420996" lon="6.630453039">
        <ele>806.68</ele>
      </trkpt>
      <trkpt lat="46.266334997" lon="6.630539037">
        <ele>811.44</ele>
      </trkpt>
      <trkpt lat="46.266078008" lon="6.630742969">
        <ele>814.76</ele>
      </trkpt>
      <trkpt lat="46.265637958" lon="6.631031977">
        <ele>818.86</ele>
      </trkpt>
      <trkpt lat="46.265402008" lon="6.631106995">
        <ele>817.48</ele>
      </trkpt>
      <trkpt lat="46.26527301" lon="6.631129039">
        <ele>817.68</ele>
      </trkpt>
      <trkpt lat="46.264993977" lon="6.631129039">
        <ele>818.13</ele>
      </trkpt>
      <trkpt lat="46.264521992" lon="6.631097021">
        <ele>819.54</ele>
      </trkpt>
      <trkpt lat="46.26438302" lon="6.631117975">
        <ele>819.87</ele>
      </trkpt>
      <trkpt lat="46.26415696" lon="6.631182013">
        <ele>820.91</ele>
      </trkpt>
      <trkpt lat="46.263868036" lon="6.631311011">
        <ele>822.95</ele>
      </trkpt>
      <trkpt lat="46.263707019" lon="6.631429028">
        <ele>823.66</ele>
      </trkpt>
      <trkpt lat="46.263341987" lon="6.631890032">
        <ele>824.78</ele>
      </trkpt>
      <trkpt lat="46.263169991" lon="6.632073009">
        <ele>826.29</ele>
      </trkpt>
      <trkpt lat="46.263083992" lon="6.632148027">
        <ele>827.22</ele>
      </trkpt>
      <trkpt lat="46.262773024" lon="6.632329998">
        <ele>828.08</ele>
      </trkpt>
      <trkpt lat="46.262633968" lon="6.632448016">
        <ele>830.84</ele>
      </trkpt>
      <trkpt lat="46.262536989" lon="6.632567039">
        <ele>832.62</ele>
      </trkpt>
      <trkpt lat="46.262484016" lon="6.632673992">
        <ele>833.39</ele>
      </trkpt>
      <trkpt lat="46.262204982" lon="6.633005999">
        <ele>833.99</ele>
      </trkpt>
      <trkpt lat="46.262043966" lon="6.633124016">
        <ele>834.23</ele>
      </trkpt>
      <trkpt lat="46.261656973" lon="6.633339012">
        <ele>833.5</ele>
      </trkpt>
      <trkpt lat="46.261518002" lon="6.633382011">
        <ele>833.59</ele>
      </trkpt>
      <trkpt lat="46.261464022" lon="6.633359967">
        <ele>831.92</ele>
      </trkpt>
      <trkpt lat="46.261356985" lon="6.633263994">
        <ele>830.89</ele>
      </trkpt>
      <trkpt lat="46.261207033" lon="6.632844983">
        <ele>830.27</ele>
      </trkpt>
      <trkpt lat="46.261164034" lon="6.632769965">
        <ele>828.78</ele>
      </trkpt>
      <trkpt lat="46.26110997" lon="6.632716991">
        <ele>824.79</ele>
      </trkpt>
      <trkpt lat="46.260413015" lon="6.632245006">
        <ele>822.54</ele>
      </trkpt>
      <trkpt lat="46.260133982" lon="6.632105028">
        <ele>821.11</ele>
      </trkpt>
      <trkpt lat="46.259823013" lon="6.631922973">
        <ele>818.18</ele>
      </trkpt>
      <trkpt lat="46.259661997" lon="6.631793976">
        <ele>815.4</ele>
      </trkpt>
      <trkpt lat="46.259597037" lon="6.631707977">
        <ele>814.38</ele>
      </trkpt>
      <trkpt lat="46.25950098" lon="6.631515026">
        <ele>812.46</ele>
      </trkpt>
      <trkpt lat="46.259437026" lon="6.63135401">
        <ele>809.55</ele>
      </trkpt>
      <trkpt lat="46.259253966" lon="6.630742969">
        <ele>807.46</ele>
      </trkpt>
      <trkpt lat="46.259167967" lon="6.630539037">
        <ele>805.34</ele>
      </trkpt>
      <trkpt lat="46.259061014" lon="6.630346002">
        <ele>803.07</ele>
      </trkpt>
      <trkpt lat="46.258932017" lon="6.63019496">
        <ele>800.57</ele>
      </trkpt>
      <trkpt lat="46.258771" lon="6.630045008">
        <ele>798.14</ele>
      </trkpt>
      <trkpt lat="46.258632028" lon="6.62995901">
        <ele>796.2</ele>
      </trkpt>
      <trkpt lat="46.25854603" lon="6.629949035">
        <ele>794.61</ele>
      </trkpt>
      <trkpt lat="46.258492973" lon="6.62995901">
        <ele>794.64</ele>
      </trkpt>
      <trkpt lat="46.258385014" lon="6.630045008">
        <ele>795.95</ele>
      </trkpt>
      <trkpt lat="46.258299015" lon="6.63019496">
        <ele>797.29</ele>
      </trkpt>
      <trkpt lat="46.258223997" lon="6.630398976">
        <ele>796.43</ele>
      </trkpt>
      <trkpt lat="46.258073961" lon="6.63062403">
        <ele>795.75</ele>
      </trkpt>
      <trkpt lat="46.25787003" lon="6.630850006">
        <ele>796.09</ele>
      </trkpt>
      <trkpt lat="46.257805992" lon="6.630902979">
        <ele>792.75</ele>
      </trkpt>
      <trkpt lat="46.257687975" lon="6.630945979">
        <ele>789.53</ele>
      </trkpt>
      <trkpt lat="46.257570041" lon="6.630925024">
        <ele>788.12</ele>
      </trkpt>
      <trkpt lat="46.257483959" lon="6.630870961">
        <ele>786.14</ele>
      </trkpt>
      <trkpt lat="46.25722697" lon="6.630613972">
        <ele>782.4</ele>
      </trkpt>
      <trkpt lat="46.257129991" lon="6.630496038">
        <ele>781.96</ele>
      </trkpt>
      <trkpt lat="46.256980039" lon="6.63042102">
        <ele>781.29</ele>
      </trkpt>
      <trkpt lat="46.256914996" lon="6.63042102">
        <ele>780.96</ele>
      </trkpt>
      <trkpt lat="46.256819023" lon="6.630484974">
        <ele>781.4</ele>
      </trkpt>
      <trkpt lat="46.256776024" lon="6.630527973">
        <ele>781.65</ele>
      </trkpt>
      <trkpt lat="46.256733024" lon="6.63062403">
        <ele>781.73</ele>
      </trkpt>
      <trkpt lat="46.256615007" lon="6.630784962">
        <ele>781.42</ele>
      </trkpt>
      <trkpt lat="46.256453991" lon="6.630945979">
        <ele>780.49</ele>
      </trkpt>
      <trkpt lat="46.256292975" lon="6.631043041">
        <ele>778.17</ele>
      </trkpt>
      <trkpt lat="46.256111003" lon="6.631074976">
        <ele>775.84</ele>
      </trkpt>
      <trkpt lat="46.255596019" lon="6.631043041">
        <ele>774.5</ele>
      </trkpt>
      <trkpt lat="46.255349005" lon="6.630979003">
        <ele>774.42</ele>
      </trkpt>
      <trkpt lat="46.255134009" lon="6.630882025">
        <ele>775.01</ele>
      </trkpt>
      <trkpt lat="46.254983973" lon="6.630764008">
        <ele>774.41</ele>
      </trkpt>
      <trkpt lat="46.254780041" lon="6.630559992">
        <ele>775.49</ele>
      </trkpt>
      <trkpt lat="46.254651966" lon="6.630516993">
        <ele>774.84</ele>
      </trkpt>
      <trkpt lat="46.254544007" lon="6.630549012">
        <ele>775.17</ele>
      </trkpt>
      <trkpt lat="46.254287018" lon="6.63068899">
        <ele>775.36</ele>
      </trkpt>
      <trkpt lat="46.25414704" lon="6.630721008">
        <ele>774.16</ele>
      </trkpt>
      <trkpt lat="46.25322503" lon="6.630710028">
        <ele>773.03</ele>
      </trkpt>
      <trkpt lat="46.252881037" lon="6.630678009">
        <ele>775.57</ele>
      </trkpt>
      <trkpt lat="46.25275204" lon="6.63064599">
        <ele>774.03</ele>
      </trkpt>
      <trkpt lat="46.252388014" lon="6.63063501">
        <ele>771.85</ele>
      </trkpt>
      <trkpt lat="46.252259016" lon="6.630656971">
        <ele>775.56</ele>
      </trkpt>
      <trkpt lat="46.252055" lon="6.630721008">
        <ele>780.51</ele>
      </trkpt>
      <trkpt lat="46.251883004" lon="6.630817987">
        <ele>781.73</ele>
      </trkpt>
      <trkpt lat="46.251615034" lon="6.631063996">
        <ele>787.75</ele>
      </trkpt>
      <trkpt lat="46.25138998" lon="6.631321991">
        <ele>794.92</ele>
      </trkpt>
      <trkpt lat="46.251326026" lon="6.63136499">
        <ele>797.42</ele>
      </trkpt>
      <trkpt lat="46.251271963" lon="6.631386029">
        <ele>796.44</ele>
      </trkpt>
      <trkpt lat="46.25116501" lon="6.631386029">
        <ele>796.85</ele>
      </trkpt>
      <trkpt lat="46.250917995" lon="6.631429028">
        <ele>793.92</ele>
      </trkpt>
      <trkpt lat="46.250766895" lon="6.631479683">
        <ele>790.52</ele>
      </trkpt>
      <trkpt lat="46.250595963" lon="6.631536987">
        <ele>791.69</ele>
      </trkpt>
      <trkpt lat="46.250535741" lon="6.631573561">
        <ele>795.11</ele>
      </trkpt>
      <trkpt lat="46.250102017" lon="6.631836975">
        <ele>799.67</ele>
      </trkpt>
      <trkpt lat="46.249813009" lon="6.632093964">
        <ele>802.93</ele>
      </trkpt>
      <trkpt lat="46.24971603" lon="6.632211981">
        <ele>811.06</ele>
      </trkpt>
      <trkpt lat="46.249502041" lon="6.632609032">
        <ele>813.01</ele>
      </trkpt>
      <trkpt lat="46.24910499" lon="6.633520983">
        <ele>818</ele>
      </trkpt>
      <trkpt lat="46.248704676" lon="6.634268603">
        <ele>822.36</ele>
      </trkpt>
      <trkpt lat="46.248622024" lon="6.63442296">
        <ele>824.54</ele>
      </trkpt>
      <trkpt lat="46.248289011" lon="6.635141037">
        <ele>820.21</ele>
      </trkpt>
      <trkpt lat="46.248009978" lon="6.63596699">
        <ele>817.39</ele>
      </trkpt>
      <trkpt lat="46.247924985" lon="6.636095988">
        <ele>808</ele>
      </trkpt>
      <trkpt lat="46.247785008" lon="6.636203024">
        <ele>796.97</ele>
      </trkpt>
      <trkpt lat="46.24766699" lon="6.636267984">
        <ele>789.97</ele>
      </trkpt>
      <trkpt lat="46.247301958" lon="6.636386001">
        <ele>786.1</ele>
      </trkpt>
      <trkpt lat="46.247195005" lon="6.63646102">
        <ele>781.32</ele>
      </trkpt>
      <trkpt lat="46.247076988" lon="6.636622036">
        <ele>774.17</ele>
      </trkpt>
      <trkpt lat="46.24698001" lon="6.636837032">
        <ele>769.52</ele>
      </trkpt>
      <trkpt lat="46.246852018" lon="6.637404989">
        <ele>764.83</ele>
      </trkpt>
      <trkpt lat="46.246529985" lon="6.639056979">
        <ele>758.26</ele>
      </trkpt>
      <trkpt lat="46.246423032" lon="6.639336012">
        <ele>755.1</ele>
      </trkpt>
      <trkpt lat="46.24603604" lon="6.639959039">
        <ele>756.55</ele>
      </trkpt>
      <trkpt lat="46.245939983" lon="6.640227009">
        <ele>755.91</ele>
      </trkpt>
      <trkpt lat="46.245886004" lon="6.640494978">
        <ele>755.22</ele>
      </trkpt>
      <trkpt lat="46.245875023" lon="6.641116999">
        <ele>756.08</ele>
      </trkpt>
      <trkpt lat="46.245853985" lon="6.641288996">
        <ele>755.62</ele>
      </trkpt>
      <trkpt lat="46.245800005" lon="6.641503992">
        <ele>756.6</ele>
      </trkpt>
      <trkpt lat="46.245672014" lon="6.641740026">
        <ele>758.23</ele>
      </trkpt>
      <trkpt lat="46.245543016" lon="6.641911017">
        <ele>759.69</ele>
      </trkpt>
      <trkpt lat="46.245242022" lon="6.642093994">
        <ele>760.92</ele>
      </trkpt>
      <trkpt lat="46.245102966" lon="6.642115032">
        <ele>763.83</ele>
      </trkpt>
      <trkpt lat="46.244695019" lon="6.642060969">
        <ele>764.59</ele>
      </trkpt>
      <trkpt lat="46.244501984" lon="6.642060969">
        <ele>765.28</ele>
      </trkpt>
      <trkpt lat="46.244244995" lon="6.642115032">
        <ele>765.31</ele>
      </trkpt>
      <trkpt lat="46.24399798" lon="6.642232966">
        <ele>765.18</ele>
      </trkpt>
      <trkpt lat="46.243696986" lon="6.642533038">
        <ele>766.79</ele>
      </trkpt>
      <trkpt lat="46.243418036" lon="6.643016003">
        <ele>768.13</ele>
      </trkpt>
      <trkpt lat="46.242925012" lon="6.644057035">
        <ele>771.25</ele>
      </trkpt>
      <trkpt lat="46.242582025" lon="6.644733036">
        <ele>775.96</ele>
      </trkpt>
      <trkpt lat="46.241187025" lon="6.64712498">
        <ele>779.54</ele>
      </trkpt>
      <trkpt lat="46.240778994" lon="6.648004996">
        <ele>781.59</ele>
      </trkpt>
      <trkpt lat="46.240446987" lon="6.648809994">
        <ele>784.27</ele>
      </trkpt>
      <trkpt lat="46.24022101" lon="6.649432015">
        <ele>784.12</ele>
      </trkpt>
      <trkpt lat="46.23999604" lon="6.649861">
        <ele>784.75</ele>
      </trkpt>
      <trkpt lat="46.239803005" lon="6.650097035">
        <ele>785.45</ele>
      </trkpt>
      <trkpt lat="46.239695968" lon="6.650183033">
        <ele>786.89</ele>
      </trkpt>
      <trkpt lat="46.238042973" lon="6.651234962">
        <ele>787.24</ele>
      </trkpt>
      <trkpt lat="46.237732004" lon="6.651449036">
        <ele>788.62</ele>
      </trkpt>
      <trkpt lat="46.237570988" lon="6.651641987">
        <ele>789.28</ele>
      </trkpt>
      <trkpt lat="46.237475015" lon="6.651835022">
        <ele>791.7</ele>
      </trkpt>
      <trkpt lat="46.237378037" lon="6.652211035">
        <ele>792.74</ele>
      </trkpt>
      <trkpt lat="46.237366972" lon="6.652950989">
        <ele>795.37</ele>
      </trkpt>
      <trkpt lat="46.237335037" lon="6.653079987">
        <ele>798.11</ele>
      </trkpt>
      <trkpt lat="46.23728198" lon="6.653187023">
        <ele>801.39</ele>
      </trkpt>
      <trkpt lat="46.237163963" lon="6.653305041">
        <ele>800</ele>
      </trkpt>
      <trkpt lat="46.236370029" lon="6.653981041">
        <ele>798.87</ele>
      </trkpt>
      <trkpt lat="46.235811962" lon="6.654345989">
        <ele>797.46</ele>
      </trkpt>
      <trkpt lat="46.235694029" lon="6.654442968">
        <ele>796.09</ele>
      </trkpt>
      <trkpt lat="46.235576011" lon="6.654560985">
        <ele>793.83</ele>
      </trkpt>
      <trkpt lat="46.235361015" lon="6.65496801">
        <ele>795.11</ele>
      </trkpt>
      <trkpt lat="46.235270994" lon="6.655104971">
        <ele>797.32</ele>
      </trkpt>
      <trkpt lat="46.235092962" lon="6.655353997">
        <ele>798.87</ele>
      </trkpt>
      <trkpt lat="46.234728014" lon="6.655654991">
        <ele>799.75</ele>
      </trkpt>
      <trkpt lat="46.234513018" lon="6.655805027">
        <ele>802.81</ele>
      </trkpt>
      <trkpt lat="46.233976996" lon="6.656029997">
        <ele>803.9</ele>
      </trkpt>
      <trkpt lat="46.233795024" lon="6.656072997">
        <ele>804.91</ele>
      </trkpt>
      <trkpt lat="46.232904028" lon="6.656063022">
        <ele>806.12</ele>
      </trkpt>
      <trkpt lat="46.232657013" lon="6.656095041">
        <ele>808.05</ele>
      </trkpt>
      <trkpt lat="46.232454004" lon="6.656148015">
        <ele>806.25</ele>
      </trkpt>
      <trkpt lat="46.231263019" lon="6.656598961">
        <ele>807.6</ele>
      </trkpt>
      <trkpt lat="46.230930006" lon="6.656845976">
        <ele>807.64</ele>
      </trkpt>
      <trkpt lat="46.230705036" lon="6.657125009">
        <ele>806.94</ele>
      </trkpt>
      <trkpt lat="46.229974972" lon="6.658305014">
        <ele>807.81</ele>
      </trkpt>
      <trkpt lat="46.229793001" lon="6.658509029">
        <ele>808.21</ele>
      </trkpt>
      <trkpt lat="46.229631985" lon="6.658638027">
        <ele>808.86</ele>
      </trkpt>
      <trkpt lat="46.229298972" lon="6.658841036">
        <ele>810.32</ele>
      </trkpt>
      <trkpt lat="46.228935029" lon="6.659024013">
        <ele>811.7</ele>
      </trkpt>
      <trkpt lat="46.22866597" lon="6.659119986">
        <ele>811.13</ele>
      </trkpt>
      <trkpt lat="46.228462039" lon="6.659173966">
        <ele>813.33</ele>
      </trkpt>
      <trkpt lat="46.227614963" lon="6.65918503">
        <ele>813.2</ele>
      </trkpt>
      <trkpt lat="46.227465011" lon="6.659228029">
        <ele>812.18</ele>
      </trkpt>
      <trkpt lat="46.227217996" lon="6.659334982">
        <ele>812.5</ele>
      </trkpt>
      <trkpt lat="46.226520035" lon="6.659720968">
        <ele>813.56</ele>
      </trkpt>
      <trkpt lat="46.225951994" lon="6.66007502">
        <ele>814.79</ele>
      </trkpt>
      <trkpt lat="46.225254033" lon="6.660600984">
        <ele>822.23</ele>
      </trkpt>
      <trkpt lat="46.224814989" lon="6.661244966">
        <ele>825.86</ele>
      </trkpt>
      <trkpt lat="46.224418022" lon="6.661931025">
        <ele>836.22</ele>
      </trkpt>
      <trkpt lat="46.223956011" lon="6.662489008">
        <ele>839.58</ele>
      </trkpt>
      <trkpt lat="46.223472962" lon="6.663218988">
        <ele>841.88</ele>
      </trkpt>
      <trkpt lat="46.223152019" lon="6.663389979">
        <ele>840.13</ele>
      </trkpt>
      <trkpt lat="46.222582972" lon="6.663518976">
        <ele>843.67</ele>
      </trkpt>
      <trkpt lat="46.222239984" lon="6.663755011">
        <ele>839.94</ele>
      </trkpt>
      <trkpt lat="46.221800018" lon="6.664292039">
        <ele>843.61</ele>
      </trkpt>
      <trkpt lat="46.221402967" lon="6.664870977">
        <ele>846.82</ele>
      </trkpt>
      <trkpt lat="46.221177997" lon="6.665236009">
        <ele>846.66</ele>
      </trkpt>
      <trkpt lat="46.220973982" lon="6.66541798">
        <ele>846.08</ele>
      </trkpt>
      <trkpt lat="46.220855964" lon="6.665483024">
        <ele>844.99</ele>
      </trkpt>
      <trkpt lat="46.220715987" lon="6.665514959">
        <ele>843.87</ele>
      </trkpt>
      <trkpt lat="46.220491016" lon="6.665557958">
        <ele>843.3</ele>
      </trkpt>
      <trkpt lat="46.220125984" lon="6.665589977">
        <ele>844.36</ele>
      </trkpt>
      <trkpt lat="46.219847035" lon="6.665632976">
        <ele>845.17</ele>
      </trkpt>
      <trkpt lat="46.219535982" lon="6.665697014">
        <ele>848.72</ele>
      </trkpt>
      <trkpt lat="46.219257032" lon="6.665836992">
        <ele>851.5</ele>
      </trkpt>
      <trkpt lat="46.217905031" lon="6.66658801">
        <ele>853.71</ele>
      </trkpt>
      <trkpt lat="46.217132974" lon="6.667370964">
        <ele>856.41</ele>
      </trkpt>
      <trkpt lat="46.216788981" lon="6.667820988">
        <ele>859.17</ele>
      </trkpt>
      <trkpt lat="46.216456974" lon="6.668390036">
        <ele>859.1</ele>
      </trkpt>
      <trkpt lat="46.216232004" lon="6.668658005">
        <ele>859.55</ele>
      </trkpt>
      <trkpt lat="46.214932976" lon="6.669785036">
        <ele>861.12</ele>
      </trkpt>
      <trkpt lat="46.214483036" lon="6.669967007">
        <ele>861.51</ele>
      </trkpt>
      <trkpt lat="46.214095959" lon="6.670085024">
        <ele>861.91</ele>
      </trkpt>
      <trkpt lat="46.213795971" lon="6.670203041">
        <ele>861.94</ele>
      </trkpt>
      <trkpt lat="46.212701965" lon="6.670922041">
        <ele>860.99</ele>
      </trkpt>
      <trkpt lat="46.211714996" lon="6.671618996">
        <ele>859.24</ele>
      </trkpt>
      <trkpt lat="46.211571131" lon="6.671707836">
        <ele>858.87</ele>
      </trkpt>
      <trkpt lat="46.210595869" lon="6.672310071">
        <ele>859.1</ele>
      </trkpt>
      <trkpt lat="46.210481012" lon="6.672380995">
        <ele>860.9</ele>
      </trkpt>
      <trkpt lat="46.209868966" lon="6.672777962">
        <ele>862.67</ele>
      </trkpt>
      <trkpt lat="46.207606019" lon="6.674312018">
        <ele>865.42</ele>
      </trkpt>
      <trkpt lat="46.20733696" lon="6.674451996">
        <ele>867.59</ele>
      </trkpt>
      <trkpt lat="46.207305025" lon="6.674398016">
        <ele>868.8</ele>
      </trkpt>
      <trkpt lat="46.207250962" lon="6.674376978">
        <ele>869.08</ele>
      </trkpt>
      <trkpt lat="46.207197988" lon="6.674398016">
        <ele>869.48</ele>
      </trkpt>
      <trkpt lat="46.207154989" lon="6.674451996">
        <ele>871.05</ele>
      </trkpt>
      <trkpt lat="46.207154989" lon="6.674613012">
        <ele>875.05</ele>
      </trkpt>
      <trkpt lat="46.205363022" lon="6.675813971">
        <ele>879.98</ele>
      </trkpt>
      <trkpt lat="46.204204978" lon="6.67652199">
        <ele>881.9</ele>
      </trkpt>
      <trkpt lat="46.204032982" lon="6.676661968">
        <ele>883.8</ele>
      </trkpt>
      <trkpt lat="46.203936003" lon="6.676769005">
        <ele>885.36</ele>
      </trkpt>
      <trkpt lat="46.203883029" lon="6.676898003">
        <ele>887.53</ele>
      </trkpt>
      <trkpt lat="46.203875249" lon="6.676958202">
        <ele>886.2</ele>
      </trkpt>
      <trkpt lat="46.203754032" lon="6.677896036">
        <ele>889.47</ele>
      </trkpt>
      <trkpt lat="46.203699969" lon="6.678013969">
        <ele>892.57</ele>
      </trkpt>
      <trkpt lat="46.203560997" lon="6.678196024">
        <ele>893.2</ele>
      </trkpt>
      <trkpt lat="46.203195965" lon="6.678582011">
        <ele>891.05</ele>
      </trkpt>
      <trkpt lat="46.203099992" lon="6.678764988">
        <ele>889.3</ele>
      </trkpt>
      <trkpt lat="46.202949034" lon="6.679215012">
        <ele>887.12</ele>
      </trkpt>
      <trkpt lat="46.202906035" lon="6.679397989">
        <ele>886.39</ele>
      </trkpt>
      <trkpt lat="46.202874016" lon="6.679688003">
        <ele>886.18</ele>
      </trkpt>
      <trkpt lat="46.202874016" lon="6.680439021">
        <ele>885.4</ele>
      </trkpt>
      <trkpt lat="46.20273496" lon="6.681264974">
        <ele>887.07</ele>
      </trkpt>
      <trkpt lat="46.202627001" lon="6.681747017">
        <ele>889.42</ele>
      </trkpt>
      <trkpt lat="46.202488029" lon="6.682615969">
        <ele>888.72</ele>
      </trkpt>
      <trkpt lat="46.202402031" lon="6.682938002">
        <ele>890.72</ele>
      </trkpt>
      <trkpt lat="46.202273034" lon="6.683163978">
        <ele>891.05</ele>
      </trkpt>
      <trkpt lat="46.202122997" lon="6.683260035">
        <ele>890.86</ele>
      </trkpt>
      <trkpt lat="46.202036999" lon="6.68329197">
        <ele>889.35</ele>
      </trkpt>
      <trkpt lat="46.20200498" lon="6.683206977">
        <ele>890.41</ele>
      </trkpt>
      <trkpt lat="46.201984026" lon="6.683195997">
        <ele>889.02</ele>
      </trkpt>
      <trkpt lat="46.201929962" lon="6.683228016">
        <ele>889.56</ele>
      </trkpt>
      <trkpt lat="46.201918982" lon="6.683260035">
        <ele>890.07</ele>
      </trkpt>
      <trkpt lat="46.201929962" lon="6.683324994">
        <ele>890.77</ele>
      </trkpt>
      <trkpt lat="46.201972961" lon="6.683357013">
        <ele>890.41</ele>
      </trkpt>
      <trkpt lat="46.201812029" lon="6.683624983">
        <ele>889.88</ele>
      </trkpt>
      <trkpt lat="46.201436017" lon="6.684161005">
        <ele>889.9</ele>
      </trkpt>
      <trkpt lat="46.201296961" lon="6.684440039">
        <ele>889.82</ele>
      </trkpt>
      <trkpt lat="46.201104009" lon="6.684955023">
        <ele>890.07</ele>
      </trkpt>
      <trkpt lat="46.200921033" lon="6.685771001">
        <ele>890.84</ele>
      </trkpt>
      <trkpt lat="46.200803015" lon="6.686597038">
        <ele>891.79</ele>
      </trkpt>
      <trkpt lat="46.200577961" lon="6.687863041">
        <ele>892.34</ele>
      </trkpt>
      <trkpt lat="46.200503027" lon="6.688217008">
        <ele>893.73</ele>
      </trkpt>
      <trkpt lat="46.20033103" lon="6.68885001">
        <ele>894.71</ele>
      </trkpt>
      <trkpt lat="46.200288031" lon="6.689289976">
        <ele>895.47</ele>
      </trkpt>
      <trkpt lat="46.200266993" lon="6.689375974">
        <ele>896.79</ele>
      </trkpt>
      <trkpt lat="46.200213013" lon="6.689503966">
        <ele>898.15</ele>
      </trkpt>
      <trkpt lat="46.20011704" lon="6.689569009">
        <ele>899.01</ele>
      </trkpt>
      <trkpt lat="46.200062977" lon="6.689578984">
        <ele>900.64</ele>
      </trkpt>
      <trkpt lat="46.19994496" lon="6.689546965">
        <ele>900.27</ele>
      </trkpt>
      <trkpt lat="46.199644972" lon="6.689397013">
        <ele>899.6</ele>
      </trkpt>
      <trkpt lat="46.199580012" lon="6.689386032">
        <ele>901.99</ele>
      </trkpt>
      <trkpt lat="46.199527038" lon="6.689397013">
        <ele>906.43</ele>
      </trkpt>
      <trkpt lat="46.199377002" lon="6.689536991">
        <ele>905.98</ele>
      </trkpt>
      <trkpt lat="46.199086988" lon="6.689922977">
        <ele>910.36</ele>
      </trkpt>
      <trkpt lat="46.198947011" lon="6.690179966">
        <ele>915.09</ele>
      </trkpt>
      <trkpt lat="46.198753975" lon="6.690620016">
        <ele>915.59</ele>
      </trkpt>
      <trkpt lat="46.198367989" lon="6.691296017">
        <ele>917.9</ele>
      </trkpt>
      <trkpt lat="46.198143018" lon="6.691789962">
        <ele>921.49</ele>
      </trkpt>
      <trkpt lat="46.197767006" lon="6.692476021">
        <ele>924.45</ele>
      </trkpt>
      <trkpt lat="46.197628034" lon="6.692766035">
        <ele>929.2</ele>
      </trkpt>
      <trkpt lat="46.19732704" lon="6.693485035">
        <ele>935.29</ele>
      </trkpt>
      <trkpt lat="46.197144985" lon="6.694043018">
        <ele>937.57</ele>
      </trkpt>
      <trkpt lat="46.197058987" lon="6.694204034">
        <ele>942.82</ele>
      </trkpt>
      <trkpt lat="46.197024034" lon="6.694237981">
        <ele>945.81</ele>
      </trkpt>
      <trkpt lat="46.196887996" lon="6.694375025">
        <ele>946.17</ele>
      </trkpt>
      <trkpt lat="46.196608962" lon="6.694547022">
        <ele>946.15</ele>
      </trkpt>
      <trkpt lat="46.19644803" lon="6.694665039">
        <ele>946.4</ele>
      </trkpt>
      <trkpt lat="46.195932962" lon="6.695094025">
        <ele>945</ele>
      </trkpt>
      <trkpt lat="46.195374979" lon="6.695458973">
        <ele>945.94</ele>
      </trkpt>
      <trkpt lat="46.195107009" lon="6.695695007">
        <ele>947.97</ele>
      </trkpt>
      <trkpt lat="46.193593992" lon="6.697369041">
        <ele>951.05</ele>
      </trkpt>
      <trkpt lat="46.193283023" lon="6.69763701">
        <ele>954.68</ele>
      </trkpt>
      <trkpt lat="46.191845024" lon="6.699095964">
        <ele>960.29</ele>
      </trkpt>
      <trkpt lat="46.191404974" lon="6.699579013">
        <ele>963.12</ele>
      </trkpt>
      <trkpt lat="46.190986969" lon="6.700083017">
        <ele>966.09</ele>
      </trkpt>
      <trkpt lat="46.19061104" lon="6.700490965">
        <ele>967.07</ele>
      </trkpt>
      <trkpt lat="46.190428985" lon="6.700651981">
        <ele>967.84</ele>
      </trkpt>
      <trkpt lat="46.19022497" lon="6.700769998">
        <ele>968.24</ele>
      </trkpt>
      <trkpt lat="46.190084992" lon="6.700812997">
        <ele>969.34</ele>
      </trkpt>
      <trkpt lat="46.189785004" lon="6.700845016">
        <ele>968.97</ele>
      </trkpt>
      <trkpt lat="46.189613007" lon="6.700888015">
        <ele>970.26</ele>
      </trkpt>
      <trkpt lat="46.18927002" lon="6.701049032">
        <ele>970.84</ele>
      </trkpt>
      <trkpt lat="46.189066004" lon="6.701166965">
        <ele>971.28</ele>
      </trkpt>
      <trkpt lat="46.188895013" lon="6.701317001">
        <ele>971.74</ele>
      </trkpt>
      <trkpt lat="46.188798035" lon="6.701424038">
        <ele>971.77</ele>
      </trkpt>
      <trkpt lat="46.188505087" lon="6.701793585">
        <ele>971.52</ele>
      </trkpt>
      <trkpt lat="46.188347004" lon="6.701993002">
        <ele>970.6</ele>
      </trkpt>
      <trkpt lat="46.188004017" lon="6.702378988">
        <ele>969.89</ele>
      </trkpt>
      <trkpt lat="46.187295997" lon="6.703097988">
        <ele>968.57</ele>
      </trkpt>
      <trkpt lat="46.186824013" lon="6.703612972">
        <ele>968.65</ele>
      </trkpt>
      <trkpt lat="46.186523018" lon="6.703859987">
        <ele>966.29</ele>
      </trkpt>
      <trkpt lat="46.185762025" lon="6.70440699">
        <ele>965.24</ele>
      </trkpt>
      <trkpt lat="46.185611989" lon="6.704535987">
        <ele>966.57</ele>
      </trkpt>
      <trkpt lat="46.185343014" lon="6.704824995">
        <ele>966.06</ele>
      </trkpt>
      <trkpt lat="46.18506398" lon="6.705092965">
        <ele>965.7</ele>
      </trkpt>
      <trkpt lat="46.184710013" lon="6.705328999">
        <ele>966.27</ele>
      </trkpt>
      <trkpt lat="46.184539022" lon="6.705468977">
        <ele>968.68</ele>
      </trkpt>
      <trkpt lat="46.184001993" lon="6.706069959">
        <ele>969.76</ele>
      </trkpt>
      <trkpt lat="46.183702005" lon="6.706252014">
        <ele>971.7</ele>
      </trkpt>
      <trkpt lat="46.18323002" lon="6.70645603">
        <ele>970.79</ele>
      </trkpt>
      <trkpt lat="46.182875968" lon="6.706648981">
        <ele>973.47</ele>
      </trkpt>
      <trkpt lat="46.182563994" lon="6.706885016">
        <ele>970.45</ele>
      </trkpt>
      <trkpt lat="46.182145989" lon="6.70713203">
        <ele>967.88</ele>
      </trkpt>
      <trkpt lat="46.182039035" lon="6.707218029">
        <ele>965.48</ele>
      </trkpt>
      <trkpt lat="46.181792021" lon="6.70746496">
        <ele>965.24</ele>
      </trkpt>
      <trkpt lat="46.181212999" lon="6.707947003">
        <ele>962.2</ele>
      </trkpt>
      <trkpt lat="46.180836987" lon="6.708151018">
        <ele>963.25</ele>
      </trkpt>
      <trkpt lat="46.180375982" lon="6.708484031">
        <ele>961.42</ele>
      </trkpt>
      <trkpt lat="46.180214966" lon="6.708547985">
        <ele>961.26</ele>
      </trkpt>
      <trkpt lat="46.179710962" lon="6.708623003">
        <ele>958.4</ele>
      </trkpt>
      <trkpt lat="46.179342577" lon="6.70866156">
        <ele>961.51</ele>
      </trkpt>
    </trkseg>
  </trk>
</gpx>