<?xml version='1.0' encoding='utf-8'?>
<gpx xmlns="http://www.topografix.com/GPX/1/1" xmlns:xsi="http://www.w3.org/2001/XMLSchema-instance" creator="Loopi" version="1.1" xsi:schemaLocation="http://www.topografix.com/GPX/1/1 http://www.topografix.com/GPX/1/1/gpx.xsd http://www.garmin.com/xmlschemas/GpxExtensions/v3 http://www.garmin.com/xmlschemas/GpxExtensionsv3.xsd http://www.garmin.com/xmlschemas/TrackPointExtension/v1 http://www.garmin.com/xmlschemas/TrackPointExtensionv1.xsd"><metadata><name>route-des-grandes-alpes-a-velo-morzine-avoriaz-le-grand-bornand</name><desc>GPX combiné automatiquement</desc></metadata><trk><name>route-des-grandes-alpes-a-velo-morzine-avoriaz-le-grand-bornand</name><trkseg>
      <trkpt lat="46.179342577" lon="6.70866156">
        <ele>961.51</ele>
      </trkpt>
      <trkpt lat="46.179069998" lon="6.70868">
        <ele>960.45</ele>
      </trkpt>
      <trkpt lat="46.178960027" lon="6.708719982">
        <ele>961.96</ele>
      </trkpt>
      <trkpt lat="46.178909987" lon="6.708759963">
        <ele>962.42</ele>
      </trkpt>
      <trkpt lat="46.178870005" lon="6.708830036">
        <ele>963.23</ele>
      </trkpt>
      <trkpt lat="46.178860031" lon="6.708900025">
        <ele>963.44</ele>
      </trkpt>
      <trkpt lat="46.178800017" lon="6.708930032">
        <ele>963.5</ele>
      </trkpt>
      <trkpt lat="46.178679988" lon="6.708960039">
        <ele>963.64</ele>
      </trkpt>
      <trkpt lat="46.178359967" lon="6.709060036">
        <ele>964.03</ele>
      </trkpt>
      <trkpt lat="46.178070037" lon="6.709119966">
        <ele>964.27</ele>
      </trkpt>
      <trkpt lat="46.177680027" lon="6.709089959">
        <ele>964.67</ele>
      </trkpt>
      <trkpt lat="46.177480034" lon="6.708989963">
        <ele>965.7</ele>
      </trkpt>
      <trkpt lat="46.177299991" lon="6.708919974">
        <ele>966.08</ele>
      </trkpt>
      <trkpt lat="46.177150039" lon="6.708949981">
        <ele>967.09</ele>
      </trkpt>
      <trkpt lat="46.177009977" lon="6.709060036">
        <ele>969.62</ele>
      </trkpt>
      <trkpt lat="46.17687" lon="6.709239995">
        <ele>972.54</ele>
      </trkpt>
      <trkpt lat="46.176449982" lon="6.709980033">
        <ele>973.91</ele>
      </trkpt>
      <trkpt lat="46.176330037" lon="6.710129986">
        <ele>975.52</ele>
      </trkpt>
      <trkpt lat="46.176189976" lon="6.710250014">
        <ele>976.26</ele>
      </trkpt>
      <trkpt lat="46.175899962" lon="6.710320003">
        <ele>975.65</ele>
      </trkpt>
      <trkpt lat="46.175889987" lon="6.710250014">
        <ele>974.96</ele>
      </trkpt>
      <trkpt lat="46.175850006" lon="6.710220007">
        <ele>974.66</ele>
      </trkpt>
      <trkpt lat="46.175819999" lon="6.710220007">
        <ele>975.07</ele>
      </trkpt>
      <trkpt lat="46.175729977" lon="6.709790016">
        <ele>975.35</ele>
      </trkpt>
      <trkpt lat="46.17569997" lon="6.709550042">
        <ele>975.36</ele>
      </trkpt>
      <trkpt lat="46.17569997" lon="6.709439987">
        <ele>977.37</ele>
      </trkpt>
      <trkpt lat="46.175729977" lon="6.70924997">
        <ele>977.16</ele>
      </trkpt>
      <trkpt lat="46.175810024" lon="6.70907001">
        <ele>979.59</ele>
      </trkpt>
      <trkpt lat="46.175980009" lon="6.708800029">
        <ele>982.25</ele>
      </trkpt>
      <trkpt lat="46.176159969" lon="6.70857003">
        <ele>983.58</ele>
      </trkpt>
      <trkpt lat="46.17624999" lon="6.708470033">
        <ele>979.78</ele>
      </trkpt>
      <trkpt lat="46.176619967" lon="6.708150012">
        <ele>982.51</ele>
      </trkpt>
      <trkpt lat="46.176809985" lon="6.707929987">
        <ele>982.07</ele>
      </trkpt>
      <trkpt lat="46.177469976" lon="6.706809998">
        <ele>981.46</ele>
      </trkpt>
      <trkpt lat="46.177520016" lon="6.706860037">
        <ele>982.42</ele>
      </trkpt>
      <trkpt lat="46.177580031" lon="6.706849979">
        <ele>986.35</ele>
      </trkpt>
      <trkpt lat="46.177590005" lon="6.70700999">
        <ele>987.03</ele>
      </trkpt>
      <trkpt lat="46.177569972" lon="6.707190033">
        <ele>987.42</ele>
      </trkpt>
      <trkpt lat="46.177480034" lon="6.707539978">
        <ele>988.11</ele>
      </trkpt>
      <trkpt lat="46.177390013" lon="6.70773997">
        <ele>989.08</ele>
      </trkpt>
      <trkpt lat="46.177339973" lon="6.707750028">
        <ele>989.71</ele>
      </trkpt>
      <trkpt lat="46.17703001" lon="6.707699988">
        <ele>993.56</ele>
      </trkpt>
      <trkpt lat="46.176809985" lon="6.707720021">
        <ele>997.97</ele>
      </trkpt>
      <trkpt lat="46.17546997" lon="6.70818002">
        <ele>1001.94</ele>
      </trkpt>
      <trkpt lat="46.175280036" lon="6.708229976">
        <ele>1006.74</ele>
      </trkpt>
      <trkpt lat="46.175139975" lon="6.708240034">
        <ele>1013.49</ele>
      </trkpt>
      <trkpt lat="46.17463002" lon="6.708250008">
        <ele>1016.97</ele>
      </trkpt>
      <trkpt lat="46.173770037" lon="6.708429968">
        <ele>1022.1</ele>
      </trkpt>
      <trkpt lat="46.173650008" lon="6.708310023">
        <ele>1027.34</ele>
      </trkpt>
      <trkpt lat="46.173659982" lon="6.707869973">
        <ele>1029.86</ele>
      </trkpt>
      <trkpt lat="46.173689989" lon="6.707820017">
        <ele>1031.89</ele>
      </trkpt>
      <trkpt lat="46.173750004" lon="6.70756001">
        <ele>1033.13</ele>
      </trkpt>
      <trkpt lat="46.173870033" lon="6.707269996">
        <ele>1034.04</ele>
      </trkpt>
      <trkpt lat="46.173910014" lon="6.707100011">
        <ele>1034.47</ele>
      </trkpt>
      <trkpt lat="46.173910014" lon="6.707030022">
        <ele>1036.11</ele>
      </trkpt>
      <trkpt lat="46.17385" lon="6.706870012">
        <ele>1038.22</ele>
      </trkpt>
      <trkpt lat="46.17379996" lon="6.706819972">
        <ele>1040.27</ele>
      </trkpt>
      <trkpt lat="46.173699964" lon="6.706789965">
        <ele>1041.64</ele>
      </trkpt>
      <trkpt lat="46.173599968" lon="6.706819972">
        <ele>1042.71</ele>
      </trkpt>
      <trkpt lat="46.173150027" lon="6.707100011">
        <ele>1047.22</ele>
      </trkpt>
      <trkpt lat="46.172969984" lon="6.707179975">
        <ele>1052.86</ele>
      </trkpt>
      <trkpt lat="46.172160041" lon="6.707269996">
        <ele>1059.65</ele>
      </trkpt>
      <trkpt lat="46.17161002" lon="6.707379967">
        <ele>1066.14</ele>
      </trkpt>
      <trkpt lat="46.171310032" lon="6.707369992">
        <ele>1073.52</ele>
      </trkpt>
      <trkpt lat="46.171090007" lon="6.707379967">
        <ele>1077.61</ele>
      </trkpt>
      <trkpt lat="46.170650041" lon="6.707530003">
        <ele>1079.98</ele>
      </trkpt>
      <trkpt lat="46.170569994" lon="6.707539977">
        <ele>1082.4</ele>
      </trkpt>
      <trkpt lat="46.170140002" lon="6.707439981">
        <ele>1084.81</ele>
      </trkpt>
      <trkpt lat="46.169689978" lon="6.707369992">
        <ele>1088.3</ele>
      </trkpt>
      <trkpt lat="46.169440029" lon="6.707300004">
        <ele>1090.45</ele>
      </trkpt>
      <trkpt lat="46.16921003" lon="6.70722004">
        <ele>1094.69</ele>
      </trkpt>
      <trkpt lat="46.169110034" lon="6.707209982">
        <ele>1100.5</ele>
      </trkpt>
      <trkpt lat="46.168969972" lon="6.707200007">
        <ele>1105.53</ele>
      </trkpt>
      <trkpt lat="46.168739973" lon="6.707230015">
        <ele>1112.34</ele>
      </trkpt>
      <trkpt lat="46.168279974" lon="6.707369992">
        <ele>1117.37</ele>
      </trkpt>
      <trkpt lat="46.168170003" lon="6.707360018">
        <ele>1123.63</ele>
      </trkpt>
      <trkpt lat="46.167919971" lon="6.707279971">
        <ele>1126.33</ele>
      </trkpt>
      <trkpt lat="46.167879989" lon="6.707279971">
        <ele>1128.77</ele>
      </trkpt>
      <trkpt lat="46.167789968" lon="6.707330011">
        <ele>1127.72</ele>
      </trkpt>
      <trkpt lat="46.167749986" lon="6.707369992">
        <ele>1129.85</ele>
      </trkpt>
      <trkpt lat="46.167529961" lon="6.707769977">
        <ele>1127.71</ele>
      </trkpt>
      <trkpt lat="46.167410016" lon="6.707880031">
        <ele>1128.65</ele>
      </trkpt>
      <trkpt lat="46.167120002" lon="6.708080023">
        <ele>1130.2</ele>
      </trkpt>
      <trkpt lat="46.167059988" lon="6.70812998">
        <ele>1131.62</ele>
      </trkpt>
      <trkpt lat="46.166980024" lon="6.708270041">
        <ele>1133.96</ele>
      </trkpt>
      <trkpt lat="46.16686997" lon="6.708779996">
        <ele>1136.34</ele>
      </trkpt>
      <trkpt lat="46.166799981" lon="6.70891">
        <ele>1136.53</ele>
      </trkpt>
      <trkpt lat="46.166750025" lon="6.708970014">
        <ele>1137.92</ele>
      </trkpt>
      <trkpt lat="46.166639971" lon="6.709040003">
        <ele>1143.15</ele>
      </trkpt>
      <trkpt lat="46.16597998" lon="6.709300009">
        <ele>1146.91</ele>
      </trkpt>
      <trkpt lat="46.165659958" lon="6.709330017">
        <ele>1151.1</ele>
      </trkpt>
      <trkpt lat="46.165470025" lon="6.709369998">
        <ele>1155.32</ele>
      </trkpt>
      <trkpt lat="46.165349996" lon="6.709390031">
        <ele>1158.19</ele>
      </trkpt>
      <trkpt lat="46.16525" lon="6.709319958">
        <ele>1158.56</ele>
      </trkpt>
      <trkpt lat="46.165119996" lon="6.709149973">
        <ele>1159.55</ele>
      </trkpt>
      <trkpt lat="46.16507004" lon="6.709030028">
        <ele>1160.7</ele>
      </trkpt>
      <trkpt lat="46.164999967" lon="6.708719982">
        <ele>1161.8</ele>
      </trkpt>
      <trkpt lat="46.16496996" lon="6.708410019">
        <ele>1162.23</ele>
      </trkpt>
      <trkpt lat="46.164980018" lon="6.708280016">
        <ele>1162.72</ele>
      </trkpt>
      <trkpt lat="46.165089989" lon="6.707780035">
        <ele>1163.23</ele>
      </trkpt>
      <trkpt lat="46.165150003" lon="6.707629999">
        <ele>1163.35</ele>
      </trkpt>
      <trkpt lat="46.165229967" lon="6.707499996">
        <ele>1164.32</ele>
      </trkpt>
      <trkpt lat="46.165280007" lon="6.707439981">
        <ele>1165.67</ele>
      </trkpt>
      <trkpt lat="46.165389977" lon="6.707360018">
        <ele>1166.21</ele>
      </trkpt>
      <trkpt lat="46.165459966" lon="6.707330011">
        <ele>1168.61</ele>
      </trkpt>
      <trkpt lat="46.16580002" lon="6.70706003">
        <ele>1172.3</ele>
      </trkpt>
      <trkpt lat="46.166060027" lon="6.706870012">
        <ele>1175.6</ele>
      </trkpt>
      <trkpt lat="46.166350041" lon="6.706529958">
        <ele>1179.12</ele>
      </trkpt>
      <trkpt lat="46.166409971" lon="6.706410013">
        <ele>1184.46</ele>
      </trkpt>
      <trkpt lat="46.166420029" lon="6.706340024">
        <ele>1187.58</ele>
      </trkpt>
      <trkpt lat="46.166409971" lon="6.706210021">
        <ele>1189.92</ele>
      </trkpt>
      <trkpt lat="46.166360015" lon="6.70605001">
        <ele>1191.87</ele>
      </trkpt>
      <trkpt lat="46.166239986" lon="6.705899974">
        <ele>1193.59</ele>
      </trkpt>
      <trkpt lat="46.166179972" lon="6.705880025">
        <ele>1195.79</ele>
      </trkpt>
      <trkpt lat="46.16597998" lon="6.705910033">
        <ele>1197.47</ele>
      </trkpt>
      <trkpt lat="46.165649984" lon="6.706059985">
        <ele>1199.62</ele>
      </trkpt>
      <trkpt lat="46.165440017" lon="6.706089992">
        <ele>1201.15</ele>
      </trkpt>
      <trkpt lat="46.16535997" lon="6.706080018">
        <ele>1204.12</ele>
      </trkpt>
      <trkpt lat="46.165219992" lon="6.706029978">
        <ele>1206.18</ele>
      </trkpt>
      <trkpt lat="46.165099964" lon="6.70594004">
        <ele>1211.06</ele>
      </trkpt>
      <trkpt lat="46.16452002" lon="6.705120038">
        <ele>1214.61</ele>
      </trkpt>
      <trkpt lat="46.164030014" lon="6.704319986">
        <ele>1219.7</ele>
      </trkpt>
      <trkpt lat="46.163839996" lon="6.704159975">
        <ele>1225.07</ele>
      </trkpt>
      <trkpt lat="46.163589964" lon="6.703970041">
        <ele>1227.82</ele>
      </trkpt>
      <trkpt lat="46.16345996" lon="6.703889994">
        <ele>1230.18</ele>
      </trkpt>
      <trkpt lat="46.163319983" lon="6.703769965">
        <ele>1232.79</ele>
      </trkpt>
      <trkpt lat="46.163210012" lon="6.703610038">
        <ele>1234.59</ele>
      </trkpt>
      <trkpt lat="46.163059976" lon="6.703230003">
        <ele>1235.29</ele>
      </trkpt>
      <trkpt lat="46.16295998" lon="6.703060018">
        <ele>1236.8</ele>
      </trkpt>
      <trkpt lat="46.162859984" lon="6.702939989">
        <ele>1237.49</ele>
      </trkpt>
      <trkpt lat="46.16278002" lon="6.702879975">
        <ele>1238.74</ele>
      </trkpt>
      <trkpt lat="46.162639959" lon="6.702800011">
        <ele>1239.69</ele>
      </trkpt>
      <trkpt lat="46.162520014" lon="6.702770004">
        <ele>1240.23</ele>
      </trkpt>
      <trkpt lat="46.162459999" lon="6.702770004">
        <ele>1240.45</ele>
      </trkpt>
      <trkpt lat="46.162239974" lon="6.70281996">
        <ele>1240.14</ele>
      </trkpt>
      <trkpt lat="46.162120029" lon="6.702809986">
        <ele>1238.69</ele>
      </trkpt>
      <trkpt lat="46.162" lon="6.702739997">
        <ele>1238.23</ele>
      </trkpt>
      <trkpt lat="46.16189003" lon="6.702649975">
        <ele>1237.21</ele>
      </trkpt>
      <trkpt lat="46.161519969" lon="6.702379994">
        <ele>1237.76</ele>
      </trkpt>
      <trkpt lat="46.161379991" lon="6.70231998">
        <ele>1237.76</ele>
      </trkpt>
      <trkpt lat="46.160889985" lon="6.702200035">
        <ele>1238.8</ele>
      </trkpt>
      <trkpt lat="46.160550015" lon="6.702040024">
        <ele>1239.09</ele>
      </trkpt>
      <trkpt lat="46.160260001" lon="6.701950002">
        <ele>1239.66</ele>
      </trkpt>
      <trkpt lat="46.160109965" lon="6.701859981">
        <ele>1242.76</ele>
      </trkpt>
      <trkpt lat="46.159979962" lon="6.701740036">
        <ele>1244.64</ele>
      </trkpt>
      <trkpt lat="46.159790028" lon="6.701599974">
        <ele>1245.12</ele>
      </trkpt>
      <trkpt lat="46.159639992" lon="6.70153996">
        <ele>1244.83</ele>
      </trkpt>
      <trkpt lat="46.159430025" lon="6.701520011">
        <ele>1245.62</ele>
      </trkpt>
      <trkpt lat="46.159340003" lon="6.701490004">
        <ele>1243.82</ele>
      </trkpt>
      <trkpt lat="46.159170018" lon="6.70130996">
        <ele>1243.35</ele>
      </trkpt>
      <trkpt lat="46.159000033" lon="6.701209964">
        <ele>1243.6</ele>
      </trkpt>
      <trkpt lat="46.158940019" lon="6.701220022">
        <ele>1244.92</ele>
      </trkpt>
      <trkpt lat="46.158880005" lon="6.701269979">
        <ele>1245.85</ele>
      </trkpt>
      <trkpt lat="46.158810016" lon="6.701439964">
        <ele>1245.81</ele>
      </trkpt>
      <trkpt lat="46.158800041" lon="6.701569967">
        <ele>1246.01</ele>
      </trkpt>
      <trkpt lat="46.15881999" lon="6.701659989">
        <ele>1246.41</ele>
      </trkpt>
      <trkpt lat="46.158989975" lon="6.701919995">
        <ele>1247.19</ele>
      </trkpt>
      <trkpt lat="46.159019982" lon="6.701999959">
        <ele>1247.37</ele>
      </trkpt>
      <trkpt lat="46.159110004" lon="6.702230042">
        <ele>1248.41</ele>
      </trkpt>
      <trkpt lat="46.159230033" lon="6.702410001">
        <ele>1249.47</ele>
      </trkpt>
      <trkpt lat="46.159460032" lon="6.702660033">
        <ele>1250.87</ele>
      </trkpt>
      <trkpt lat="46.159479981" lon="6.702790037">
        <ele>1251.86</ele>
      </trkpt>
      <trkpt lat="46.159460032" lon="6.703000004">
        <ele>1253.37</ele>
      </trkpt>
      <trkpt lat="46.159409992" lon="6.703069992">
        <ele>1254.23</ele>
      </trkpt>
      <trkpt lat="46.159330029" lon="6.703130007">
        <ele>1255.24</ele>
      </trkpt>
      <trkpt lat="46.159279989" lon="6.703130007">
        <ele>1256</ele>
      </trkpt>
      <trkpt lat="46.159200026" lon="6.703090025">
        <ele>1257.96</ele>
      </trkpt>
      <trkpt lat="46.158970026" lon="6.702890033">
        <ele>1260.47</ele>
      </trkpt>
      <trkpt lat="46.158580016" lon="6.702630026">
        <ele>1263.18</ele>
      </trkpt>
      <trkpt lat="46.158329984" lon="6.702519972">
        <ele>1266.53</ele>
      </trkpt>
      <trkpt lat="46.158190006" lon="6.70247999">
        <ele>1270.29</ele>
      </trkpt>
      <trkpt lat="46.157490034" lon="6.702379994">
        <ele>1272.81</ele>
      </trkpt>
      <trkpt lat="46.157400012" lon="6.702379994">
        <ele>1275.8</ele>
      </trkpt>
      <trkpt lat="46.157319965" lon="6.702389969">
        <ele>1278.8</ele>
      </trkpt>
      <trkpt lat="46.157089965" lon="6.70247999">
        <ele>1281.47</ele>
      </trkpt>
      <trkpt lat="46.15697002" lon="6.702509997">
        <ele>1282.52</ele>
      </trkpt>
      <trkpt lat="46.156700039" lon="6.702449983">
        <ele>1283.97</ele>
      </trkpt>
      <trkpt lat="46.156499963" lon="6.702379994">
        <ele>1284.56</ele>
      </trkpt>
      <trkpt lat="46.156410025" lon="6.70237002">
        <ele>1285.96</ele>
      </trkpt>
      <trkpt lat="46.156350011" lon="6.702400027">
        <ele>1286.94</ele>
      </trkpt>
      <trkpt lat="46.156310029" lon="6.70247999">
        <ele>1288.94</ele>
      </trkpt>
      <trkpt lat="46.156310029" lon="6.70253003">
        <ele>1290.26</ele>
      </trkpt>
      <trkpt lat="46.156340037" lon="6.702619968">
        <ele>1291.05</ele>
      </trkpt>
      <trkpt lat="46.156399967" lon="6.702679982">
        <ele>1291.53</ele>
      </trkpt>
      <trkpt lat="46.156599959" lon="6.702809986">
        <ele>1292.44</ele>
      </trkpt>
      <trkpt lat="46.156670032" lon="6.702890033">
        <ele>1293.8</ele>
      </trkpt>
      <trkpt lat="46.156859966" lon="6.70326001">
        <ele>1295.45</ele>
      </trkpt>
      <trkpt lat="46.156989969" lon="6.70343997">
        <ele>1296.97</ele>
      </trkpt>
      <trkpt lat="46.157119973" lon="6.703569973">
        <ele>1297.79</ele>
      </trkpt>
      <trkpt lat="46.157230027" lon="6.703659994">
        <ele>1298.67</ele>
      </trkpt>
      <trkpt lat="46.157260034" lon="6.703690002">
        <ele>1299.33</ele>
      </trkpt>
      <trkpt lat="46.157270009" lon="6.703759991">
        <ele>1300.08</ele>
      </trkpt>
      <trkpt lat="46.157260034" lon="6.703859987">
        <ele>1301.38</ele>
      </trkpt>
      <trkpt lat="46.157230027" lon="6.703880019">
        <ele>1302.64</ele>
      </trkpt>
      <trkpt lat="46.157179987" lon="6.703889994">
        <ele>1304.04</ele>
      </trkpt>
      <trkpt lat="46.157010002" lon="6.703810031">
        <ele>1305.34</ele>
      </trkpt>
      <trkpt lat="46.156900031" lon="6.703769965">
        <ele>1306.5</ele>
      </trkpt>
      <trkpt lat="46.156700039" lon="6.703799972">
        <ele>1308.27</ele>
      </trkpt>
      <trkpt lat="46.156519996" lon="6.703799972">
        <ele>1310.72</ele>
      </trkpt>
      <trkpt lat="46.156159993" lon="6.703690002">
        <ele>1314.59</ele>
      </trkpt>
      <trkpt lat="46.156059997" lon="6.703690002">
        <ele>1318.02</ele>
      </trkpt>
      <trkpt lat="46.155829998" lon="6.703729983">
        <ele>1321.49</ele>
      </trkpt>
      <trkpt lat="46.155549958" lon="6.703810031">
        <ele>1324.93</ele>
      </trkpt>
      <trkpt lat="46.15524997" lon="6.703950008">
        <ele>1328.34</ele>
      </trkpt>
      <trkpt lat="46.155119967" lon="6.704029972">
        <ele>1329.46</ele>
      </trkpt>
      <trkpt lat="46.154949982" lon="6.704159975">
        <ele>1331.51</ele>
      </trkpt>
      <trkpt lat="46.154759964" lon="6.704340018">
        <ele>1332.8</ele>
      </trkpt>
      <trkpt lat="46.154589979" lon="6.704459963">
        <ele>1333.84</ele>
      </trkpt>
      <trkpt lat="46.154440027" lon="6.704489971">
        <ele>1334.82</ele>
      </trkpt>
      <trkpt lat="46.154080024" lon="6.704530036">
        <ele>1335.83</ele>
      </trkpt>
      <trkpt lat="46.152579999" lon="6.705000009">
        <ele>1337.53</ele>
      </trkpt>
      <trkpt lat="46.152250003" lon="6.705149962">
        <ele>1340.27</ele>
      </trkpt>
      <trkpt lat="46.151629994" lon="6.705520023">
        <ele>1342.95</ele>
      </trkpt>
      <trkpt lat="46.151460009" lon="6.70560996">
        <ele>1345.71</ele>
      </trkpt>
      <trkpt lat="46.151379961" lon="6.705629993">
        <ele>1348.06</ele>
      </trkpt>
      <trkpt lat="46.151290024" lon="6.705629993">
        <ele>1350.38</ele>
      </trkpt>
      <trkpt lat="46.151220035" lon="6.70560996">
        <ele>1351.63</ele>
      </trkpt>
      <trkpt lat="46.151030017" lon="6.705460008">
        <ele>1351.19</ele>
      </trkpt>
      <trkpt lat="46.150890039" lon="6.705379961">
        <ele>1351.76</ele>
      </trkpt>
      <trkpt lat="46.150800018" lon="6.705360012">
        <ele>1352.93</ele>
      </trkpt>
      <trkpt lat="46.150449989" lon="6.705379961">
        <ele>1352.45</ele>
      </trkpt>
      <trkpt lat="46.150099961" lon="6.705339979">
        <ele>1352.64</ele>
      </trkpt>
      <trkpt lat="46.149920002" lon="6.705250042">
        <ele>1354.06</ele>
      </trkpt>
      <trkpt lat="46.149911153" lon="6.705242298">
        <ele>1353.96</ele>
      </trkpt>
      <trkpt lat="46.149599981" lon="6.704970002">
        <ele>1354.23</ele>
      </trkpt>
      <trkpt lat="46.149509959" lon="6.70493002">
        <ele>1354.83</ele>
      </trkpt>
      <trkpt lat="46.149369981" lon="6.704900013">
        <ele>1356.62</ele>
      </trkpt>
      <trkpt lat="46.149290018" lon="6.704909988">
        <ele>1358.89</ele>
      </trkpt>
      <trkpt lat="46.149009978" lon="6.705019958">
        <ele>1363.04</ele>
      </trkpt>
      <trkpt lat="46.148870001" lon="6.705100005">
        <ele>1367.6</ele>
      </trkpt>
      <trkpt lat="46.148660034" lon="6.705169994">
        <ele>1372.28</ele>
      </trkpt>
      <trkpt lat="46.148440009" lon="6.705209976">
        <ele>1376.15</ele>
      </trkpt>
      <trkpt lat="46.147889988" lon="6.705230009">
        <ele>1379.89</ele>
      </trkpt>
      <trkpt lat="46.147620007" lon="6.705220034">
        <ele>1381.98</ele>
      </trkpt>
      <trkpt lat="46.147499979" lon="6.705190027">
        <ele>1384.03</ele>
      </trkpt>
      <trkpt lat="46.147410041" lon="6.705120038">
        <ele>1384.91</ele>
      </trkpt>
      <trkpt lat="46.147299986" lon="6.704900013">
        <ele>1385.25</ele>
      </trkpt>
      <trkpt lat="46.147220023" lon="6.704619974">
        <ele>1384.99</ele>
      </trkpt>
      <trkpt lat="46.147180041" lon="6.704570018">
        <ele>1386.14</ele>
      </trkpt>
      <trkpt lat="46.147120027" lon="6.704559959">
        <ele>1386.59</ele>
      </trkpt>
      <trkpt lat="46.147069987" lon="6.704589967">
        <ele>1388.29</ele>
      </trkpt>
      <trkpt lat="46.147030005" lon="6.704700021">
        <ele>1390.38</ele>
      </trkpt>
      <trkpt lat="46.146950042" lon="6.705120038">
        <ele>1392.88</ele>
      </trkpt>
      <trkpt lat="46.146920035" lon="6.705149962">
        <ele>1394.94</ele>
      </trkpt>
      <trkpt lat="46.14686002" lon="6.705179969">
        <ele>1396.64</ele>
      </trkpt>
      <trkpt lat="46.146800006" lon="6.705149962">
        <ele>1397.8</ele>
      </trkpt>
      <trkpt lat="46.146769999" lon="6.705100005">
        <ele>1397.92</ele>
      </trkpt>
      <trkpt lat="46.146739991" lon="6.70471997">
        <ele>1398.58</ele>
      </trkpt>
      <trkpt lat="46.146679977" lon="6.704559959">
        <ele>1398.21</ele>
      </trkpt>
      <trkpt lat="46.146639995" lon="6.704510003">
        <ele>1397.02</ele>
      </trkpt>
      <trkpt lat="46.146590039" lon="6.704479996">
        <ele>1399.74</ele>
      </trkpt>
      <trkpt lat="46.146489959" lon="6.704470022">
        <ele>1401.99</ele>
      </trkpt>
      <trkpt lat="46.146100033" lon="6.704649981">
        <ele>1406.61</ele>
      </trkpt>
      <trkpt lat="46.145959971" lon="6.704679988">
        <ele>1409.98</ele>
      </trkpt>
      <trkpt lat="46.145789986" lon="6.704679988">
        <ele>1418.51</ele>
      </trkpt>
      <trkpt lat="46.145060006" lon="6.704830024">
        <ele>1422.58</ele>
      </trkpt>
      <trkpt lat="46.144130034" lon="6.705090031">
        <ele>1427.99</ele>
      </trkpt>
      <trkpt lat="46.14368001" lon="6.705190027">
        <ele>1430.07</ele>
      </trkpt>
      <trkpt lat="46.143599963" lon="6.705220034">
        <ele>1434.06</ele>
      </trkpt>
      <trkpt lat="46.143489992" lon="6.705299998">
        <ele>1434.37</ele>
      </trkpt>
      <trkpt lat="46.14323996" lon="6.705639968">
        <ele>1434.86</ele>
      </trkpt>
      <trkpt lat="46.14295003" lon="6.706010029">
        <ele>1436.02</ele>
      </trkpt>
      <trkpt lat="46.142779961" lon="6.706159981">
        <ele>1439.04</ele>
      </trkpt>
      <trkpt lat="46.142620034" lon="6.706259977">
        <ele>1442.22</ele>
      </trkpt>
      <trkpt lat="46.142290039" lon="6.706449995">
        <ele>1443.19</ele>
      </trkpt>
      <trkpt lat="46.142100021" lon="6.706519984">
        <ele>1446.02</ele>
      </trkpt>
      <trkpt lat="46.14178" lon="6.706589973">
        <ele>1448.18</ele>
      </trkpt>
      <trkpt lat="46.141659971" lon="6.706659961">
        <ele>1450.7</ele>
      </trkpt>
      <trkpt lat="46.141510019" lon="6.706819972">
        <ele>1452.5</ele>
      </trkpt>
      <trkpt lat="46.141289994" lon="6.70711996">
        <ele>1457.74</ele>
      </trkpt>
      <trkpt lat="46.140850028" lon="6.707530003">
        <ele>1462.55</ele>
      </trkpt>
      <trkpt lat="46.140599996" lon="6.70789998">
        <ele>1467.9</ele>
      </trkpt>
      <trkpt lat="46.140469992" lon="6.708029984">
        <ele>1471.75</ele>
      </trkpt>
      <trkpt lat="46.140379971" lon="6.708089998">
        <ele>1475.07</ele>
      </trkpt>
      <trkpt lat="46.140190037" lon="6.708280016">
        <ele>1476.57</ele>
      </trkpt>
      <trkpt lat="46.140090041" lon="6.708410019">
        <ele>1476.81</ele>
      </trkpt>
      <trkpt lat="46.139689973" lon="6.709100017">
        <ele>1476.94</ele>
      </trkpt>
      <trkpt lat="46.139570028" lon="6.709219962">
        <ele>1476.6</ele>
      </trkpt>
      <trkpt lat="46.139359977" lon="6.709369998">
        <ele>1477.67</ele>
      </trkpt>
      <trkpt lat="46.139069963" lon="6.709500002">
        <ele>1478.58</ele>
      </trkpt>
      <trkpt lat="46.13881004" lon="6.709579965">
        <ele>1480.02</ele>
      </trkpt>
      <trkpt lat="46.138629997" lon="6.709539983">
        <ele>1481.21</ele>
      </trkpt>
      <trkpt lat="46.138590016" lon="6.709500002">
        <ele>1482.61</ele>
      </trkpt>
      <trkpt lat="46.138409972" lon="6.709260028">
        <ele>1482.97</ele>
      </trkpt>
      <trkpt lat="46.13820998" lon="6.709119966">
        <ele>1484.75</ele>
      </trkpt>
      <trkpt lat="46.138079977" lon="6.709100017">
        <ele>1487.5</ele>
      </trkpt>
      <trkpt lat="46.137679992" lon="6.709209988">
        <ele>1490.47</ele>
      </trkpt>
      <trkpt lat="46.137559963" lon="6.709219962">
        <ele>1495.59</ele>
      </trkpt>
      <trkpt lat="46.137380004" lon="6.709200013">
        <ele>1500.96</ele>
      </trkpt>
      <trkpt lat="46.137159979" lon="6.709119966">
        <ele>1505.95</ele>
      </trkpt>
      <trkpt lat="46.13708999" lon="6.709060036">
        <ele>1510.63</ele>
      </trkpt>
      <trkpt lat="46.136940038" lon="6.708900025">
        <ele>1515.73</ele>
      </trkpt>
      <trkpt lat="46.136840042" lon="6.70868">
        <ele>1517.96</ele>
      </trkpt>
      <trkpt lat="46.136729987" lon="6.708299965">
        <ele>1519.93</ele>
      </trkpt>
      <trkpt lat="46.136629991" lon="6.708080023">
        <ele>1520.41</ele>
      </trkpt>
      <trkpt lat="46.136390017" lon="6.70773997">
        <ele>1524.23</ele>
      </trkpt>
      <trkpt lat="46.136260014" lon="6.707520029">
        <ele>1526.24</ele>
      </trkpt>
      <trkpt lat="46.136209974" lon="6.707390025">
        <ele>1531.26</ele>
      </trkpt>
      <trkpt lat="46.135909986" lon="6.706250003">
        <ele>1537.95</ele>
      </trkpt>
      <trkpt lat="46.135890037" lon="6.706069959">
        <ele>1537.36</ele>
      </trkpt>
      <trkpt lat="46.13591996" lon="6.705780029">
        <ele>1537.15</ele>
      </trkpt>
      <trkpt lat="46.136009982" lon="6.705409968">
        <ele>1537.96</ele>
      </trkpt>
      <trkpt lat="46.13602004" lon="6.70526999">
        <ele>1539.64</ele>
      </trkpt>
      <trkpt lat="46.135990033" lon="6.704740003">
        <ele>1538.93</ele>
      </trkpt>
      <trkpt lat="46.136079971" lon="6.704440014">
        <ele>1546.17</ele>
      </trkpt>
      <trkpt lat="46.136350036" lon="6.703959983">
        <ele>1551.55</ele>
      </trkpt>
      <trkpt lat="46.136650024" lon="6.703539966">
        <ele>1557.98</ele>
      </trkpt>
      <trkpt lat="46.136989994" lon="6.70320997">
        <ele>1559.2</ele>
      </trkpt>
      <trkpt lat="46.137259975" lon="6.702860026">
        <ele>1561.48</ele>
      </trkpt>
      <trkpt lat="46.137410011" lon="6.702770004">
        <ele>1562.16</ele>
      </trkpt>
      <trkpt lat="46.13753004" lon="6.70270999">
        <ele>1560.81</ele>
      </trkpt>
      <trkpt lat="46.137649985" lon="6.702619968">
        <ele>1561.23</ele>
      </trkpt>
      <trkpt lat="46.137760039" lon="6.702470016">
        <ele>1566.08</ele>
      </trkpt>
      <trkpt lat="46.137909992" lon="6.70214002">
        <ele>1566.58</ele>
      </trkpt>
      <trkpt lat="46.138130017" lon="6.701499978">
        <ele>1572.24</ele>
      </trkpt>
      <trkpt lat="46.13820998" lon="6.70130996">
        <ele>1574.68</ele>
      </trkpt>
      <trkpt lat="46.138300002" lon="6.701130001">
        <ele>1577.04</ele>
      </trkpt>
      <trkpt lat="46.138499994" lon="6.700830013">
        <ele>1576.22</ele>
      </trkpt>
      <trkpt lat="46.13859999" lon="6.700649969">
        <ele>1579.82</ele>
      </trkpt>
      <trkpt lat="46.138629997" lon="6.700500017">
        <ele>1580.7</ele>
      </trkpt>
      <trkpt lat="46.13859999" lon="6.700019985">
        <ele>1587.04</ele>
      </trkpt>
      <trkpt lat="46.13859999" lon="6.699629975">
        <ele>1590.07</ele>
      </trkpt>
      <trkpt lat="46.138580041" lon="6.69945999">
        <ele>1593.35</ele>
      </trkpt>
      <trkpt lat="46.138539976" lon="6.699399976">
        <ele>1598.61</ele>
      </trkpt>
      <trkpt lat="46.138509968" lon="6.699380027">
        <ele>1603.22</ele>
      </trkpt>
      <trkpt lat="46.138450038" lon="6.699390002">
        <ele>1603.17</ele>
      </trkpt>
      <trkpt lat="46.13842003" lon="6.699420009">
        <ele>1603.13</ele>
      </trkpt>
      <trkpt lat="46.138339983" lon="6.699559987">
        <ele>1603.84</ele>
      </trkpt>
      <trkpt lat="46.138249962" lon="6.699770037">
        <ele>1602.66</ele>
      </trkpt>
      <trkpt lat="46.138019962" lon="6.700210003">
        <ele>1601.45</ele>
      </trkpt>
      <trkpt lat="46.137679992" lon="6.700760024">
        <ele>1602.16</ele>
      </trkpt>
      <trkpt lat="46.137619978" lon="6.700820038">
        <ele>1603.2</ele>
      </trkpt>
      <trkpt lat="46.137579996" lon="6.700830013">
        <ele>1607.02</ele>
      </trkpt>
      <trkpt lat="46.137549989" lon="6.700820038">
        <ele>1609.3</ele>
      </trkpt>
      <trkpt lat="46.137500033" lon="6.700760024">
        <ele>1609.88</ele>
      </trkpt>
      <trkpt lat="46.137489974" lon="6.700639995">
        <ele>1612.59</ele>
      </trkpt>
      <trkpt lat="46.137700025" lon="6.699620001">
        <ele>1617.33</ele>
      </trkpt>
      <trkpt lat="46.137830028" lon="6.699199984">
        <ele>1622.27</ele>
      </trkpt>
      <trkpt lat="46.138009988" lon="6.698100027">
        <ele>1626.17</ele>
      </trkpt>
      <trkpt lat="46.138139991" lon="6.697710017">
        <ele>1632.53</ele>
      </trkpt>
      <trkpt lat="46.138430005" lon="6.697099982">
        <ele>1637.83</ele>
      </trkpt>
      <trkpt lat="46.13859999" lon="6.696860008">
        <ele>1638.48</ele>
      </trkpt>
      <trkpt lat="46.138680037" lon="6.696779961">
        <ele>1638.64</ele>
      </trkpt>
      <trkpt lat="46.138880029" lon="6.696650041">
        <ele>1641.76</ele>
      </trkpt>
      <trkpt lat="46.13909997" lon="6.696549961">
        <ele>1644.07</ele>
      </trkpt>
      <trkpt lat="46.139280014" lon="6.696409984">
        <ele>1643.01</ele>
      </trkpt>
      <trkpt lat="46.139480006" lon="6.696030032">
        <ele>1646.03</ele>
      </trkpt>
      <trkpt lat="46.139600035" lon="6.69588997">
        <ele>1645.91</ele>
      </trkpt>
      <trkpt lat="46.139759961" lon="6.695810007">
        <ele>1645.36</ele>
      </trkpt>
      <trkpt lat="46.139870016" lon="6.695789974">
        <ele>1645.66</ele>
      </trkpt>
      <trkpt lat="46.139940005" lon="6.695759967">
        <ele>1648.48</ele>
      </trkpt>
      <trkpt lat="46.139970012" lon="6.695700036">
        <ele>1649.98</ele>
      </trkpt>
      <trkpt lat="46.139960038" lon="6.69560004">
        <ele>1652.01</ele>
      </trkpt>
      <trkpt lat="46.139940005" lon="6.695570033">
        <ele>1652.93</ele>
      </trkpt>
      <trkpt lat="46.139860042" lon="6.695519993">
        <ele>1653.34</ele>
      </trkpt>
      <trkpt lat="46.139689973" lon="6.69555">
        <ele>1653.63</ele>
      </trkpt>
      <trkpt lat="46.139449999" lon="6.695629964">
        <ele>1653.68</ele>
      </trkpt>
      <trkpt lat="46.139427109" lon="6.695643903">
        <ele>1653.97</ele>
      </trkpt>
      <trkpt lat="46.139219999" lon="6.695770025">
        <ele>1654.81</ele>
      </trkpt>
      <trkpt lat="46.138969967" lon="6.69583004">
        <ele>1655.16</ele>
      </trkpt>
      <trkpt lat="46.138899978" lon="6.695819981">
        <ele>1657.12</ele>
      </trkpt>
      <trkpt lat="46.13876" lon="6.695759967">
        <ele>1658.79</ele>
      </trkpt>
      <trkpt lat="46.138200005" lon="6.695419997">
        <ele>1660.23</ele>
      </trkpt>
      <trkpt lat="46.138070002" lon="6.69538999">
        <ele>1659.8</ele>
      </trkpt>
      <trkpt lat="46.137930024" lon="6.695429971">
        <ele>1659.22</ele>
      </trkpt>
      <trkpt lat="46.13787001" lon="6.695459979">
        <ele>1652.95</ele>
      </trkpt>
      <trkpt lat="46.13771" lon="6.695610015">
        <ele>1645.97</ele>
      </trkpt>
      <trkpt lat="46.137610003" lon="6.69572996">
        <ele>1643.33</ele>
      </trkpt>
      <trkpt lat="46.137329964" lon="6.696109995">
        <ele>1637.56</ele>
      </trkpt>
      <trkpt lat="46.137170037" lon="6.696309987">
        <ele>1637.13</ele>
      </trkpt>
      <trkpt lat="46.13675002" lon="6.696929997">
        <ele>1638.8</ele>
      </trkpt>
      <trkpt lat="46.136599984" lon="6.697090007">
        <ele>1643.01</ele>
      </trkpt>
      <trkpt lat="46.136480039" lon="6.697150022">
        <ele>1641.51</ele>
      </trkpt>
      <trkpt lat="46.136350036" lon="6.697169971">
        <ele>1646.19</ele>
      </trkpt>
      <trkpt lat="46.136230007" lon="6.697129989">
        <ele>1642.65</ele>
      </trkpt>
      <trkpt lat="46.136090029" lon="6.697020018">
        <ele>1640.37</ele>
      </trkpt>
      <trkpt lat="46.135719968" lon="6.696590027">
        <ele>1636.51</ele>
      </trkpt>
      <trkpt lat="46.135570016" lon="6.696449965">
        <ele>1632.61</ele>
      </trkpt>
      <trkpt lat="46.135340016" lon="6.696290038">
        <ele>1628.73</ele>
      </trkpt>
      <trkpt lat="46.134810029" lon="6.696000025">
        <ele>1625.13</ele>
      </trkpt>
      <trkpt lat="46.13446" lon="6.695819981">
        <ele>1622.57</ele>
      </trkpt>
      <trkpt lat="46.134260008" lon="6.695749992">
        <ele>1619.78</ele>
      </trkpt>
      <trkpt lat="46.133900005" lon="6.695700036">
        <ele>1619.73</ele>
      </trkpt>
      <trkpt lat="46.133649973" lon="6.695710011">
        <ele>1616.47</ele>
      </trkpt>
      <trkpt lat="46.132751668" lon="6.695821833">
        <ele>1617.5</ele>
      </trkpt>
      <trkpt lat="46.131240008" lon="6.696009999">
        <ele>1616.77</ele>
      </trkpt>
      <trkpt lat="46.131070023" lon="6.696049981">
        <ele>1619.45</ele>
      </trkpt>
      <trkpt lat="46.130929962" lon="6.696109995">
        <ele>1619.33</ele>
      </trkpt>
      <trkpt lat="46.130759977" lon="6.696230024">
        <ele>1621.05</ele>
      </trkpt>
      <trkpt lat="46.130619999" lon="6.696360027">
        <ele>1624.48</ele>
      </trkpt>
      <trkpt lat="46.130039971" lon="6.696969978">
        <ele>1630</ele>
      </trkpt>
      <trkpt lat="46.129890019" lon="6.697169971">
        <ele>1633.21</ele>
      </trkpt>
      <trkpt lat="46.129520042" lon="6.697910009">
        <ele>1638.74</ele>
      </trkpt>
      <trkpt lat="46.129460028" lon="6.698000031">
        <ele>1642.62</ele>
      </trkpt>
      <trkpt lat="46.129319966" lon="6.698170016">
        <ele>1647.17</ele>
      </trkpt>
      <trkpt lat="46.129230028" lon="6.698240004">
        <ele>1650.51</ele>
      </trkpt>
      <trkpt lat="46.12904001" lon="6.698330026">
        <ele>1654.28</ele>
      </trkpt>
      <trkpt lat="46.128680008" lon="6.698409989">
        <ele>1656.2</ele>
      </trkpt>
      <trkpt lat="46.128550004" lon="6.698419964">
        <ele>1661.66</ele>
      </trkpt>
      <trkpt lat="46.128429975" lon="6.698409989">
        <ele>1660.9</ele>
      </trkpt>
      <trkpt lat="46.128210034" lon="6.698349975">
        <ele>1662.25</ele>
      </trkpt>
      <trkpt lat="46.127890013" lon="6.698130034">
        <ele>1663.37</ele>
      </trkpt>
      <trkpt lat="46.127739977" lon="6.698079994">
        <ele>1663.62</ele>
      </trkpt>
      <trkpt lat="46.127669988" lon="6.698079994">
        <ele>1662.68</ele>
      </trkpt>
      <trkpt lat="46.12753001" lon="6.698110001">
        <ele>1664.15</ele>
      </trkpt>
      <trkpt lat="46.12737" lon="6.698209997">
        <ele>1666.3</ele>
      </trkpt>
      <trkpt lat="46.127270004" lon="6.698360033">
        <ele>1664.7</ele>
      </trkpt>
      <trkpt lat="46.127149975" lon="6.698709978">
        <ele>1663.31</ele>
      </trkpt>
      <trkpt lat="46.127079986" lon="6.699120021">
        <ele>1663.2</ele>
      </trkpt>
      <trkpt lat="46.127040004" lon="6.699750004">
        <ele>1662.82</ele>
      </trkpt>
      <trkpt lat="46.12708996" lon="6.700089974">
        <ele>1659.72</ele>
      </trkpt>
      <trkpt lat="46.127130026" lon="6.700219978">
        <ele>1659.7</ele>
      </trkpt>
      <trkpt lat="46.127249971" lon="6.700449977">
        <ele>1660.94</ele>
      </trkpt>
      <trkpt lat="46.127439989" lon="6.700749965">
        <ele>1659.92</ele>
      </trkpt>
      <trkpt lat="46.127490029" lon="6.700869994">
        <ele>1658.79</ele>
      </trkpt>
      <trkpt lat="46.127539985" lon="6.70102003">
        <ele>1658.78</ele>
      </trkpt>
      <trkpt lat="46.127560018" lon="6.701169983">
        <ele>1661.81</ele>
      </trkpt>
      <trkpt lat="46.127549959" lon="6.701439964">
        <ele>1663.72</ele>
      </trkpt>
      <trkpt lat="46.127400007" lon="6.702080006">
        <ele>1665.03</ele>
      </trkpt>
      <trkpt lat="46.127379974" lon="6.702240016">
        <ele>1666.89</ele>
      </trkpt>
      <trkpt lat="46.12737" lon="6.702419976">
        <ele>1667.53</ele>
      </trkpt>
      <trkpt lat="46.127379974" lon="6.702630026">
        <ele>1663.99</ele>
      </trkpt>
      <trkpt lat="46.127400007" lon="6.702719964">
        <ele>1662.43</ele>
      </trkpt>
      <trkpt lat="46.127469996" lon="6.702890033">
        <ele>1661.3</ele>
      </trkpt>
      <trkpt lat="46.127599999" lon="6.703020036">
        <ele>1660.24</ele>
      </trkpt>
      <trkpt lat="46.127669988" lon="6.703060018">
        <ele>1659.86</ele>
      </trkpt>
      <trkpt lat="46.12770997" lon="6.703120032">
        <ele>1658.67</ele>
      </trkpt>
      <trkpt lat="46.127769984" lon="6.703269985">
        <ele>1655.15</ele>
      </trkpt>
      <trkpt lat="46.127850031" lon="6.703539966">
        <ele>1653.32</ele>
      </trkpt>
      <trkpt lat="46.127960002" lon="6.703740042">
        <ele>1650.34</ele>
      </trkpt>
      <trkpt lat="46.128229983" lon="6.704019997">
        <ele>1648.97</ele>
      </trkpt>
      <trkpt lat="46.128440034" lon="6.704459963">
        <ele>1650.22</ele>
      </trkpt>
      <trkpt lat="46.128719989" lon="6.704870006">
        <ele>1652.64</ele>
      </trkpt>
      <trkpt lat="46.12888" lon="6.705069998">
        <ele>1655.51</ele>
      </trkpt>
      <trkpt lat="46.128959963" lon="6.705169994">
        <ele>1659.38</ele>
      </trkpt>
      <trkpt lat="46.129490035" lon="6.705680033">
        <ele>1661.2</ele>
      </trkpt>
      <trkpt lat="46.129730009" lon="6.705959989">
        <ele>1662.01</ele>
      </trkpt>
      <trkpt lat="46.129799997" lon="6.706080018">
        <ele>1664.56</ele>
      </trkpt>
      <trkpt lat="46.129860012" lon="6.706189988">
        <ele>1666.26</ele>
      </trkpt>
      <trkpt lat="46.130250022" lon="6.707030022">
        <ele>1668.5</ele>
      </trkpt>
      <trkpt lat="46.130359992" lon="6.707279971">
        <ele>1670.85</ele>
      </trkpt>
      <trkpt lat="46.130410032" lon="6.707490021">
        <ele>1673.15</ele>
      </trkpt>
      <trkpt lat="46.130410032" lon="6.707569985">
        <ele>1674.53</ele>
      </trkpt>
      <trkpt lat="46.130380025" lon="6.70773997">
        <ele>1675.38</ele>
      </trkpt>
      <trkpt lat="46.130269971" lon="6.707980027">
        <ele>1675.31</ele>
      </trkpt>
      <trkpt lat="46.129879961" lon="6.708450001">
        <ele>1676.52</ele>
      </trkpt>
      <trkpt lat="46.129760016" lon="6.708689975">
        <ele>1678.61</ele>
      </trkpt>
      <trkpt lat="46.129739983" lon="6.708849985">
        <ele>1679.76</ele>
      </trkpt>
      <trkpt lat="46.129760016" lon="6.709279977">
        <ele>1681.4</ele>
      </trkpt>
      <trkpt lat="46.129750041" lon="6.709599998">
        <ele>1683.6</ele>
      </trkpt>
      <trkpt lat="46.129690027" lon="6.709890012">
        <ele>1684.92</ele>
      </trkpt>
      <trkpt lat="46.129579972" lon="6.710299971">
        <ele>1685.87</ele>
      </trkpt>
      <trkpt lat="46.129539991" lon="6.710570035">
        <ele>1688.13</ele>
      </trkpt>
      <trkpt lat="46.129630012" lon="6.712680012">
        <ele>1687.58</ele>
      </trkpt>
      <trkpt lat="46.129600005" lon="6.712959968">
        <ele>1688.4</ele>
      </trkpt>
      <trkpt lat="46.129509984" lon="6.713170018">
        <ele>1688.19</ele>
      </trkpt>
      <trkpt lat="46.129370006" lon="6.713340003">
        <ele>1687.88</ele>
      </trkpt>
      <trkpt lat="46.129217981" lon="6.713442944">
        <ele>1686.83</ele>
      </trkpt>
      <trkpt lat="46.129200021" lon="6.713449974">
        <ele>1688.04</ele>
      </trkpt>
      <trkpt lat="46.129119974" lon="6.713460032">
        <ele>1687.94</ele>
      </trkpt>
      <trkpt lat="46.12898997" lon="6.713430025">
        <ele>1687.93</ele>
      </trkpt>
      <trkpt lat="46.128859967" lon="6.713330029">
        <ele>1687.31</ele>
      </trkpt>
      <trkpt lat="46.128719989" lon="6.713040015">
        <ele>1685.15</ele>
      </trkpt>
      <trkpt lat="46.128519997" lon="6.712310035">
        <ele>1683.18</ele>
      </trkpt>
      <trkpt lat="46.128369961" lon="6.711960006">
        <ele>1681.34</ele>
      </trkpt>
      <trkpt lat="46.12831003" lon="6.711869985">
        <ele>1679.57</ele>
      </trkpt>
      <trkpt lat="46.128199976" lon="6.71175004">
        <ele>1676.17</ele>
      </trkpt>
      <trkpt lat="46.128110038" lon="6.711679967">
        <ele>1674.98</ele>
      </trkpt>
      <trkpt lat="46.127520036" lon="6.711170012">
        <ele>1671.96</ele>
      </trkpt>
      <trkpt lat="46.12737" lon="6.71107999">
        <ele>1669.2</ele>
      </trkpt>
      <trkpt lat="46.127290037" lon="6.711049983">
        <ele>1667.14</ele>
      </trkpt>
      <trkpt lat="46.127209989" lon="6.711040009">
        <ele>1665.12</ele>
      </trkpt>
      <trkpt lat="46.126610013" lon="6.711100023">
        <ele>1664.87</ele>
      </trkpt>
      <trkpt lat="46.126519991" lon="6.711089965">
        <ele>1663.92</ele>
      </trkpt>
      <trkpt lat="46.126289992" lon="6.711010002">
        <ele>1663.85</ele>
      </trkpt>
      <trkpt lat="46.126150014" lon="6.710979994">
        <ele>1661.65</ele>
      </trkpt>
      <trkpt lat="46.125999978" lon="6.711010002">
        <ele>1662.42</ele>
      </trkpt>
      <trkpt lat="46.125799986" lon="6.71107999">
        <ele>1658.78</ele>
      </trkpt>
      <trkpt lat="46.125709964" lon="6.71107999">
        <ele>1659.13</ele>
      </trkpt>
      <trkpt lat="46.125630001" lon="6.711060042">
        <ele>1656.46</ele>
      </trkpt>
      <trkpt lat="46.125420034" lon="6.710940013">
        <ele>1656.54</ele>
      </trkpt>
      <trkpt lat="46.125339987" lon="6.710910005">
        <ele>1656.46</ele>
      </trkpt>
      <trkpt lat="46.125260023" lon="6.710889973">
        <ele>1654.97</ele>
      </trkpt>
      <trkpt lat="46.125179976" lon="6.710889973">
        <ele>1648.96</ele>
      </trkpt>
      <trkpt lat="46.124789966" lon="6.710949987">
        <ele>1645.21</ele>
      </trkpt>
      <trkpt lat="46.124280011" lon="6.711089965">
        <ele>1641.54</ele>
      </trkpt>
      <trkpt lat="46.124159982" lon="6.711109998">
        <ele>1634.71</ele>
      </trkpt>
      <trkpt lat="46.124050012" lon="6.711109998">
        <ele>1631.44</ele>
      </trkpt>
      <trkpt lat="46.123100007" lon="6.710959962">
        <ele>1630.71</ele>
      </trkpt>
      <trkpt lat="46.122700022" lon="6.71091998">
        <ele>1627.05</ele>
      </trkpt>
      <trkpt lat="46.122430041" lon="6.710900031">
        <ele>1622.52</ele>
      </trkpt>
      <trkpt lat="46.121959984" lon="6.71091998">
        <ele>1617</ele>
      </trkpt>
      <trkpt lat="46.12161004" lon="6.710810009">
        <ele>1611.85</ele>
      </trkpt>
      <trkpt lat="46.121469978" lon="6.710780002">
        <ele>1604.86</ele>
      </trkpt>
      <trkpt lat="46.121309968" lon="6.710770028">
        <ele>1603.28</ele>
      </trkpt>
      <trkpt lat="46.12122003" lon="6.710789977">
        <ele>1600.06</ele>
      </trkpt>
      <trkpt lat="46.121020038" lon="6.710870024">
        <ele>1598.8</ele>
      </trkpt>
      <trkpt lat="46.120709991" lon="6.711060042">
        <ele>1594.43</ele>
      </trkpt>
      <trkpt lat="46.120519973" lon="6.71113003">
        <ele>1592.77</ele>
      </trkpt>
      <trkpt lat="46.120110014" lon="6.711219968">
        <ele>1586.87</ele>
      </trkpt>
      <trkpt lat="46.119399984" lon="6.711449968">
        <ele>1582.56</ele>
      </trkpt>
      <trkpt lat="46.119090021" lon="6.711600004">
        <ele>1580.15</ele>
      </trkpt>
      <trkpt lat="46.118700011" lon="6.711669993">
        <ele>1576.51</ele>
      </trkpt>
      <trkpt lat="46.118579982" lon="6.711709974">
        <ele>1572.73</ele>
      </trkpt>
      <trkpt lat="46.118119983" lon="6.71203997">
        <ele>1570.6</ele>
      </trkpt>
      <trkpt lat="46.117880009" lon="6.712150024">
        <ele>1567</ele>
      </trkpt>
      <trkpt lat="46.11775998" lon="6.712159999">
        <ele>1562.67</ele>
      </trkpt>
      <trkpt lat="46.117399977" lon="6.712060003">
        <ele>1560.87</ele>
      </trkpt>
      <trkpt lat="46.117109964" lon="6.711999988">
        <ele>1561.04</ele>
      </trkpt>
      <trkpt lat="46.11697996" lon="6.711999988">
        <ele>1558.3</ele>
      </trkpt>
      <trkpt lat="46.116570001" lon="6.71209001">
        <ele>1557.73</ele>
      </trkpt>
      <trkpt lat="46.116040014" lon="6.712259995">
        <ele>1555.62</ele>
      </trkpt>
      <trkpt lat="46.115979999" lon="6.712269969">
        <ele>1555.57</ele>
      </trkpt>
      <trkpt lat="46.115919985" lon="6.712259995">
        <ele>1552.52</ele>
      </trkpt>
      <trkpt lat="46.115780007" lon="6.712190006">
        <ele>1549.07</ele>
      </trkpt>
      <trkpt lat="46.115610022" lon="6.71203997">
        <ele>1544.5</ele>
      </trkpt>
      <trkpt lat="46.11512999" lon="6.711509982">
        <ele>1541.64</ele>
      </trkpt>
      <trkpt lat="46.114679966" lon="6.711160038">
        <ele>1538.17</ele>
      </trkpt>
      <trkpt lat="46.114430018" lon="6.711030034">
        <ele>1534.53</ele>
      </trkpt>
      <trkpt lat="46.114339996" lon="6.711010002">
        <ele>1533.93</ele>
      </trkpt>
      <trkpt lat="46.114230026" lon="6.711010002">
        <ele>1534.7</ele>
      </trkpt>
      <trkpt lat="46.113959961" lon="6.710930038">
        <ele>1534.5</ele>
      </trkpt>
      <trkpt lat="46.113830041" lon="6.710859965">
        <ele>1534.08</ele>
      </trkpt>
      <trkpt lat="46.113680005" lon="6.710710013">
        <ele>1534.41</ele>
      </trkpt>
      <trkpt lat="46.113550002" lon="6.710510021">
        <ele>1533.21</ele>
      </trkpt>
      <trkpt lat="46.113269962" lon="6.709939968">
        <ele>1529.29</ele>
      </trkpt>
      <trkpt lat="46.113210032" lon="6.709730001">
        <ele>1526.23</ele>
      </trkpt>
      <trkpt lat="46.113090003" lon="6.708989963">
        <ele>1519.67</ele>
      </trkpt>
      <trkpt lat="46.113039963" lon="6.708819978">
        <ele>1512.09</ele>
      </trkpt>
      <trkpt lat="46.112650037" lon="6.70745004">
        <ele>1506.63</ele>
      </trkpt>
      <trkpt lat="46.112599997" lon="6.707369992">
        <ele>1503.48</ele>
      </trkpt>
      <trkpt lat="46.112479968" lon="6.707239989">
        <ele>1498.72</ele>
      </trkpt>
      <trkpt lat="46.112409979" lon="6.707190033">
        <ele>1495.7</ele>
      </trkpt>
      <trkpt lat="46.111819977" lon="6.706949975">
        <ele>1491.28</ele>
      </trkpt>
      <trkpt lat="46.111629959" lon="6.706900019">
        <ele>1485.71</ele>
      </trkpt>
      <trkpt lat="46.111429967" lon="6.706889961">
        <ele>1480.02</ele>
      </trkpt>
      <trkpt lat="46.111350004" lon="6.706860037">
        <ele>1476.72</ele>
      </trkpt>
      <trkpt lat="46.111299964" lon="6.706809998">
        <ele>1475.92</ele>
      </trkpt>
      <trkpt lat="46.111289989" lon="6.706760041">
        <ele>1478.56</ele>
      </trkpt>
      <trkpt lat="46.111350004" lon="6.70667002">
        <ele>1479.64</ele>
      </trkpt>
      <trkpt lat="46.111730039" lon="6.706630038">
        <ele>1481.61</ele>
      </trkpt>
      <trkpt lat="46.112539982" lon="6.706380006">
        <ele>1481.54</ele>
      </trkpt>
      <trkpt lat="46.112699993" lon="6.706349999">
        <ele>1480.83</ele>
      </trkpt>
      <trkpt lat="46.112860003" lon="6.706370031">
        <ele>1477.77</ele>
      </trkpt>
      <trkpt lat="46.113020014" lon="6.706449995">
        <ele>1475.49</ele>
      </trkpt>
      <trkpt lat="46.113429973" lon="6.706749983">
        <ele>1470.41</ele>
      </trkpt>
      <trkpt lat="46.113640023" lon="6.706930026">
        <ele>1466.71</ele>
      </trkpt>
      <trkpt lat="46.113789976" lon="6.707030022">
        <ele>1462.46</ele>
      </trkpt>
      <trkpt lat="46.113940012" lon="6.70700999">
        <ele>1458.95</ele>
      </trkpt>
      <trkpt lat="46.113979993" lon="6.706970008">
        <ele>1455.93</ele>
      </trkpt>
      <trkpt lat="46.113989968" lon="6.706860037">
        <ele>1455.41</ele>
      </trkpt>
      <trkpt lat="46.113949986" lon="6.706740009">
        <ele>1454.13</ele>
      </trkpt>
      <trkpt lat="46.113780001" lon="6.706570024">
        <ele>1452.52</ele>
      </trkpt>
      <trkpt lat="46.113729961" lon="6.706500035">
        <ele>1451.19</ele>
      </trkpt>
      <trkpt lat="46.113540027" lon="6.706089992">
        <ele>1450.51</ele>
      </trkpt>
      <trkpt lat="46.113369958" lon="6.705829985">
        <ele>1448.6</ele>
      </trkpt>
      <trkpt lat="46.113220006" lon="6.705639968">
        <ele>1448.55</ele>
      </trkpt>
      <trkpt lat="46.113059996" lon="6.705490015">
        <ele>1448.01</ele>
      </trkpt>
      <trkpt lat="46.11296" lon="6.705420027">
        <ele>1447.05</ele>
      </trkpt>
      <trkpt lat="46.112669986" lon="6.70526999">
        <ele>1446.63</ele>
      </trkpt>
      <trkpt lat="46.112539982" lon="6.705179969">
        <ele>1446.97</ele>
      </trkpt>
      <trkpt lat="46.112439986" lon="6.705069998">
        <ele>1444.42</ele>
      </trkpt>
      <trkpt lat="46.11239003" lon="6.705000009">
        <ele>1440.84</ele>
      </trkpt>
      <trkpt lat="46.112309983" lon="6.704830024">
        <ele>1437.24</ele>
      </trkpt>
      <trkpt lat="46.112119965" lon="6.70420004">
        <ele>1434.49</ele>
      </trkpt>
      <trkpt lat="46.112009995" lon="6.704010023">
        <ele>1432.04</ele>
      </trkpt>
      <trkpt lat="46.111889966" lon="6.703869961">
        <ele>1428.28</ele>
      </trkpt>
      <trkpt lat="46.111819977" lon="6.703810031">
        <ele>1422.13</ele>
      </trkpt>
      <trkpt lat="46.111619985" lon="6.703680027">
        <ele>1418.61</ele>
      </trkpt>
      <trkpt lat="46.11066998" lon="6.703230003">
        <ele>1411.54</ele>
      </trkpt>
      <trkpt lat="46.110469988" lon="6.703150039">
        <ele>1404.09</ele>
      </trkpt>
      <trkpt lat="46.110209981" lon="6.703109974">
        <ele>1396.96</ele>
      </trkpt>
      <trkpt lat="46.110149967" lon="6.703090025">
        <ele>1394.66</ele>
      </trkpt>
      <trkpt lat="46.110060029" lon="6.703020036">
        <ele>1389.08</ele>
      </trkpt>
      <trkpt lat="46.110030022" lon="6.702969996">
        <ele>1386.28</ele>
      </trkpt>
      <trkpt lat="46.110000014" lon="6.702839993">
        <ele>1383.51</ele>
      </trkpt>
      <trkpt lat="46.110009989" lon="6.70270999">
        <ele>1385.65</ele>
      </trkpt>
      <trkpt lat="46.110039996" lon="6.702649975">
        <ele>1387.32</ele>
      </trkpt>
      <trkpt lat="46.110149967" lon="6.702570012">
        <ele>1390.23</ele>
      </trkpt>
      <trkpt lat="46.110190032" lon="6.702560037">
        <ele>1392.69</ele>
      </trkpt>
      <trkpt lat="46.110239988" lon="6.702560037">
        <ele>1394.64</ele>
      </trkpt>
      <trkpt lat="46.110450039" lon="6.702649975">
        <ele>1394.43</ele>
      </trkpt>
      <trkpt lat="46.110479962" lon="6.702640001">
        <ele>1394.17</ele>
      </trkpt>
      <trkpt lat="46.110520028" lon="6.702579986">
        <ele>1393.43</ele>
      </trkpt>
      <trkpt lat="46.110530002" lon="6.702470016">
        <ele>1391.41</ele>
      </trkpt>
      <trkpt lat="46.110469988" lon="6.70231998">
        <ele>1390.16</ele>
      </trkpt>
      <trkpt lat="46.110409973" lon="6.702219984">
        <ele>1387.1</ele>
      </trkpt>
      <trkpt lat="46.110269995" lon="6.702070031">
        <ele>1382.3</ele>
      </trkpt>
      <trkpt lat="46.110090036" lon="6.70192997">
        <ele>1378.24</ele>
      </trkpt>
      <trkpt lat="46.109380005" lon="6.701520011">
        <ele>1374.82</ele>
      </trkpt>
      <trkpt lat="46.10931999" lon="6.701499978">
        <ele>1370.22</ele>
      </trkpt>
      <trkpt lat="46.109229969" lon="6.701510036">
        <ele>1367.55</ele>
      </trkpt>
      <trkpt lat="46.10915998" lon="6.70159">
        <ele>1366.17</ele>
      </trkpt>
      <trkpt lat="46.109150005" lon="6.70164004">
        <ele>1364.77</ele>
      </trkpt>
      <trkpt lat="46.10915998" lon="6.701789992">
        <ele>1362.62</ele>
      </trkpt>
      <trkpt lat="46.109310016" lon="6.702200035">
        <ele>1361.3</ele>
      </trkpt>
      <trkpt lat="46.109459968" lon="6.702779978">
        <ele>1358.48</ele>
      </trkpt>
      <trkpt lat="46.109649986" lon="6.703299992">
        <ele>1353.91</ele>
      </trkpt>
      <trkpt lat="46.109689968" lon="6.703569973">
        <ele>1347.84</ele>
      </trkpt>
      <trkpt lat="46.10971" lon="6.704530036">
        <ele>1342.61</ele>
      </trkpt>
      <trkpt lat="46.109819971" lon="6.706380006">
        <ele>1338.51</ele>
      </trkpt>
      <trkpt lat="46.10976004" lon="6.706849979">
        <ele>1332.82</ele>
      </trkpt>
      <trkpt lat="46.109670019" lon="6.707249964">
        <ele>1324.54</ele>
      </trkpt>
      <trkpt lat="46.109540015" lon="6.707639974">
        <ele>1322</ele>
      </trkpt>
      <trkpt lat="46.109289983" lon="6.708250008">
        <ele>1318.29</ele>
      </trkpt>
      <trkpt lat="46.10915998" lon="6.708749989">
        <ele>1312.18</ele>
      </trkpt>
      <trkpt lat="46.109069958" lon="6.709009996">
        <ele>1307.57</ele>
      </trkpt>
      <trkpt lat="46.108999969" lon="6.709179981">
        <ele>1307.41</ele>
      </trkpt>
      <trkpt lat="46.108920006" lon="6.709479969">
        <ele>1301.43</ele>
      </trkpt>
      <trkpt lat="46.108910032" lon="6.709829997">
        <ele>1296.78</ele>
      </trkpt>
      <trkpt lat="46.108969962" lon="6.710299971">
        <ele>1294.29</ele>
      </trkpt>
      <trkpt lat="46.108950013" lon="6.71180997">
        <ele>1292.42</ele>
      </trkpt>
      <trkpt lat="46.108889999" lon="6.712080035">
        <ele>1290.85</ele>
      </trkpt>
      <trkpt lat="46.108539971" lon="6.713070022">
        <ele>1290.07</ele>
      </trkpt>
      <trkpt lat="46.10848004" lon="6.713089971">
        <ele>1289.74</ele>
      </trkpt>
      <trkpt lat="46.108420026" lon="6.713040015">
        <ele>1287.45</ele>
      </trkpt>
      <trkpt lat="46.108409967" lon="6.712919986">
        <ele>1283.71</ele>
      </trkpt>
      <trkpt lat="46.108529996" lon="6.712269969">
        <ele>1279.65</ele>
      </trkpt>
      <trkpt lat="46.108560003" lon="6.711539989">
        <ele>1274.8</ele>
      </trkpt>
      <trkpt lat="46.108550029" lon="6.710949987">
        <ele>1267.98</ele>
      </trkpt>
      <trkpt lat="46.108499989" lon="6.710670032">
        <ele>1261.95</ele>
      </trkpt>
      <trkpt lat="46.108460007" lon="6.710550003">
        <ele>1257.28</ele>
      </trkpt>
      <trkpt lat="46.108200001" lon="6.709920019">
        <ele>1253.38</ele>
      </trkpt>
      <trkpt lat="46.108160019" lon="6.709860004">
        <ele>1251.03</ele>
      </trkpt>
      <trkpt lat="46.10809003" lon="6.70979999">
        <ele>1250.2</ele>
      </trkpt>
      <trkpt lat="46.107990034" lon="6.709829997">
        <ele>1246.53</ele>
      </trkpt>
      <trkpt lat="46.107939994" lon="6.709890012">
        <ele>1245.78</ele>
      </trkpt>
      <trkpt lat="46.107900012" lon="6.709960001">
        <ele>1245.37</ele>
      </trkpt>
      <trkpt lat="46.107830023" lon="6.71024004">
        <ele>1244.59</ele>
      </trkpt>
      <trkpt lat="46.107790042" lon="6.71052997">
        <ele>1243.04</ele>
      </trkpt>
      <trkpt lat="46.107500028" lon="6.711560022">
        <ele>1243.56</ele>
      </trkpt>
      <trkpt lat="46.107280003" lon="6.712220013">
        <ele>1239.97</ele>
      </trkpt>
      <trkpt lat="46.107089985" lon="6.712699961">
        <ele>1235.98</ele>
      </trkpt>
      <trkpt lat="46.106769964" lon="6.713379985">
        <ele>1232.18</ele>
      </trkpt>
      <trkpt lat="46.106639961" lon="6.713790027">
        <ele>1228.14</ele>
      </trkpt>
      <trkpt lat="46.106569972" lon="6.713809976">
        <ele>1224.71</ele>
      </trkpt>
      <trkpt lat="46.106539965" lon="6.713730013">
        <ele>1224.55</ele>
      </trkpt>
      <trkpt lat="46.106599979" lon="6.713219974">
        <ele>1222.72</ele>
      </trkpt>
      <trkpt lat="46.106590005" lon="6.712919986">
        <ele>1218.67</ele>
      </trkpt>
      <trkpt lat="46.106550023" lon="6.712699961">
        <ele>1214.11</ele>
      </trkpt>
      <trkpt lat="46.106429994" lon="6.712389998">
        <ele>1210.08</ele>
      </trkpt>
      <trkpt lat="46.106230002" lon="6.711980039">
        <ele>1205.83</ele>
      </trkpt>
      <trkpt lat="46.106209969" lon="6.711890018">
        <ele>1201.73</ele>
      </trkpt>
      <trkpt lat="46.106199995" lon="6.711669993">
        <ele>1200.17</ele>
      </trkpt>
      <trkpt lat="46.106230002" lon="6.711209994">
        <ele>1200.33</ele>
      </trkpt>
      <trkpt lat="46.106220027" lon="6.710989969">
        <ele>1199</ele>
      </trkpt>
      <trkpt lat="46.106179962" lon="6.710870024">
        <ele>1197.31</ele>
      </trkpt>
      <trkpt lat="46.106079966" lon="6.710789977">
        <ele>1193.85</ele>
      </trkpt>
      <trkpt lat="46.10603001" lon="6.710780002">
        <ele>1193.12</ele>
      </trkpt>
      <trkpt lat="46.105930014" lon="6.710789977">
        <ele>1191.86</ele>
      </trkpt>
      <trkpt lat="46.105809985" lon="6.710870024">
        <ele>1188.67</ele>
      </trkpt>
      <trkpt lat="46.105739996" lon="6.710949987">
        <ele>1186.06</ele>
      </trkpt>
      <trkpt lat="46.105630025" lon="6.711140005">
        <ele>1187.46</ele>
      </trkpt>
      <trkpt lat="46.105530029" lon="6.711409986">
        <ele>1182.44</ele>
      </trkpt>
      <trkpt lat="46.10546004" lon="6.711660018">
        <ele>1177.72</ele>
      </trkpt>
      <trkpt lat="46.105240015" lon="6.712670037">
        <ele>1175.75</ele>
      </trkpt>
      <trkpt lat="46.105210008" lon="6.712940019">
        <ele>1171.54</ele>
      </trkpt>
      <trkpt lat="46.105189975" lon="6.713460032">
        <ele>1166.06</ele>
      </trkpt>
      <trkpt lat="46.105149994" lon="6.713720038">
        <ele>1163.83</ele>
      </trkpt>
      <trkpt lat="46.10501999" lon="6.714030001">
        <ele>1163.45</ele>
      </trkpt>
      <trkpt lat="46.104980009" lon="6.71415003">
        <ele>1163.31</ele>
      </trkpt>
      <trkpt lat="46.104950001" lon="6.714220019">
        <ele>1161.93</ele>
      </trkpt>
      <trkpt lat="46.104919994" lon="6.714250026">
        <ele>1161.58</ele>
      </trkpt>
      <trkpt lat="46.10485998" lon="6.714260001">
        <ele>1163.09</ele>
      </trkpt>
      <trkpt lat="46.104810024" lon="6.714180037">
        <ele>1159.54</ele>
      </trkpt>
      <trkpt lat="46.104870038" lon="6.71376002">
        <ele>1156.73</ele>
      </trkpt>
      <trkpt lat="46.104850005" lon="6.713570002">
        <ele>1156.64</ele>
      </trkpt>
      <trkpt lat="46.104780016" lon="6.713439999">
        <ele>1156.06</ele>
      </trkpt>
      <trkpt lat="46.104740035" lon="6.713400017">
        <ele>1153.77</ele>
      </trkpt>
      <trkpt lat="46.104659988" lon="6.713379985">
        <ele>1154.55</ele>
      </trkpt>
      <trkpt lat="46.104620006" lon="6.713400017">
        <ele>1152.4</ele>
      </trkpt>
      <trkpt lat="46.104589999" lon="6.713439999">
        <ele>1151.7</ele>
      </trkpt>
      <trkpt lat="46.104559991" lon="6.713579977">
        <ele>1148.26</ele>
      </trkpt>
      <trkpt lat="46.104589999" lon="6.713930005">
        <ele>1146.83</ele>
      </trkpt>
      <trkpt lat="46.10452001" lon="6.714499975">
        <ele>1146.41</ele>
      </trkpt>
      <trkpt lat="46.10446997" lon="6.714689992">
        <ele>1148.91</ele>
      </trkpt>
      <trkpt lat="46.104390006" lon="6.714789988">
        <ele>1147.9</ele>
      </trkpt>
      <trkpt lat="46.104329992" lon="6.714819996">
        <ele>1148.3</ele>
      </trkpt>
      <trkpt lat="46.104150033" lon="6.714810021">
        <ele>1145.44</ele>
      </trkpt>
      <trkpt lat="46.103649968" lon="6.714650011">
        <ele>1141.68</ele>
      </trkpt>
      <trkpt lat="46.103309998" lon="6.714480026">
        <ele>1135.53</ele>
      </trkpt>
      <trkpt lat="46.102989977" lon="6.714250026">
        <ele>1131.96</ele>
      </trkpt>
      <trkpt lat="46.102789985" lon="6.714060008">
        <ele>1128.06</ele>
      </trkpt>
      <trkpt lat="46.10267004" lon="6.713879965">
        <ele>1124.97</ele>
      </trkpt>
      <trkpt lat="46.102420008" lon="6.713330029">
        <ele>1122.19</ele>
      </trkpt>
      <trkpt lat="46.102409027" lon="6.713278983">
        <ele>1121.26</ele>
      </trkpt>
      <trkpt lat="46.102420008" lon="6.713118972">
        <ele>1118.1</ele>
      </trkpt>
      <trkpt lat="46.102667022" lon="6.712582027">
        <ele>1114.51</ele>
      </trkpt>
      <trkpt lat="46.102891993" lon="6.712164022">
        <ele>1111.95</ele>
      </trkpt>
      <trkpt lat="46.103171026" lon="6.711594975">
        <ele>1110.45</ele>
      </trkpt>
      <trkpt lat="46.103395997" lon="6.710993992">
        <ele>1107.66</ele>
      </trkpt>
      <trkpt lat="46.103524994" lon="6.710554026">
        <ele>1105.97</ele>
      </trkpt>
      <trkpt lat="46.103589032" lon="6.710156975">
        <ele>1106.61</ele>
      </trkpt>
      <trkpt lat="46.103578974" lon="6.709856987">
        <ele>1106.6</ele>
      </trkpt>
      <trkpt lat="46.103535974" lon="6.70946002">
        <ele>1105.45</ele>
      </trkpt>
      <trkpt lat="46.103633037" lon="6.709202025">
        <ele>1103.77</ele>
      </trkpt>
      <trkpt lat="46.103782989" lon="6.708913017">
        <ele>1103.23</ele>
      </trkpt>
      <trkpt lat="46.104039978" lon="6.708257971">
        <ele>1101.06</ele>
      </trkpt>
      <trkpt lat="46.104233013" lon="6.707882965">
        <ele>1099.57</ele>
      </trkpt>
      <trkpt lat="46.104286993" lon="6.707636034">
        <ele>1096.26</ele>
      </trkpt>
      <trkpt lat="46.104286993" lon="6.707561016">
        <ele>1094.44</ele>
      </trkpt>
      <trkpt lat="46.104243994" lon="6.707324982">
        <ele>1091.37</ele>
      </trkpt>
      <trkpt lat="46.104094042" lon="6.707024993">
        <ele>1087.87</ele>
      </trkpt>
      <trkpt lat="46.103944005" lon="6.706852997">
        <ele>1084.35</ele>
      </trkpt>
      <trkpt lat="46.103621973" lon="6.706562983">
        <ele>1082.78</ele>
      </trkpt>
      <trkpt lat="46.103547038" lon="6.706444966">
        <ele>1081.67</ele>
      </trkpt>
      <trkpt lat="46.103524994" lon="6.706370031">
        <ele>1079.28</ele>
      </trkpt>
      <trkpt lat="46.103524994" lon="6.706295013">
        <ele>1078.46</ele>
      </trkpt>
      <trkpt lat="46.103567993" lon="6.706176996">
        <ele>1078.51</ele>
      </trkpt>
      <trkpt lat="46.103664972" lon="6.706058979">
        <ele>1076.96</ele>
      </trkpt>
      <trkpt lat="46.103847027" lon="6.705909027">
        <ele>1077.46</ele>
      </trkpt>
      <trkpt lat="46.10418004" lon="6.705705011">
        <ele>1079.72</ele>
      </trkpt>
      <trkpt lat="46.104319012" lon="6.705597974">
        <ele>1082.26</ele>
      </trkpt>
      <trkpt lat="46.104351031" lon="6.705554975">
        <ele>1083.72</ele>
      </trkpt>
      <trkpt lat="46.104362011" lon="6.705490015">
        <ele>1086.76</ele>
      </trkpt>
      <trkpt lat="46.104351031" lon="6.705425978">
        <ele>1082.5</ele>
      </trkpt>
      <trkpt lat="46.104319012" lon="6.705393959">
        <ele>1078.42</ele>
      </trkpt>
      <trkpt lat="46.104276013" lon="6.705371998">
        <ele>1074.01</ele>
      </trkpt>
      <trkpt lat="46.104233013" lon="6.705371998">
        <ele>1069.77</ele>
      </trkpt>
      <trkpt lat="46.103718029" lon="6.705554975">
        <ele>1065.83</ele>
      </trkpt>
      <trkpt lat="46.103633037" lon="6.705608033">
        <ele>1066.57</ele>
      </trkpt>
      <trkpt lat="46.103386022" lon="6.705854963">
        <ele>1066.94</ele>
      </trkpt>
      <trkpt lat="46.103320979" lon="6.705952026">
        <ele>1064.71</ele>
      </trkpt>
      <trkpt lat="46.102934992" lon="6.706315968">
        <ele>1063.77</ele>
      </trkpt>
      <trkpt lat="46.102816975" lon="6.706487965">
        <ele>1062.22</ele>
      </trkpt>
      <trkpt lat="46.10274204" lon="6.706648981">
        <ele>1059.15</ele>
      </trkpt>
      <trkpt lat="46.102667022" lon="6.706681">
        <ele>1055.12</ele>
      </trkpt>
      <trkpt lat="46.102635004" lon="6.706671026">
        <ele>1053.94</ele>
      </trkpt>
      <trkpt lat="46.102592004" lon="6.706562983">
        <ele>1051.19</ele>
      </trkpt>
      <trkpt lat="46.102592004" lon="6.706510009">
        <ele>1050.44</ele>
      </trkpt>
      <trkpt lat="46.102635004" lon="6.706401966">
        <ele>1050.97</ele>
      </trkpt>
      <trkpt lat="46.102687977" lon="6.706338013">
        <ele>1052.64</ele>
      </trkpt>
      <trkpt lat="46.10301001" lon="6.706069959">
        <ele>1054.5</ele>
      </trkpt>
      <trkpt lat="46.10307497" lon="6.705995025">
        <ele>1054.69</ele>
      </trkpt>
      <trkpt lat="46.103182007" lon="6.705811964">
        <ele>1052.63</ele>
      </trkpt>
      <trkpt lat="46.103429021" lon="6.705115009">
        <ele>1049.15</ele>
      </trkpt>
      <trkpt lat="46.103643011" lon="6.70462098">
        <ele>1045.56</ele>
      </trkpt>
      <trkpt lat="46.10368601" lon="6.70434203">
        <ele>1041.16</ele>
      </trkpt>
      <trkpt lat="46.103718029" lon="6.703311978">
        <ele>1037.49</ele>
      </trkpt>
      <trkpt lat="46.103858007" lon="6.702475967">
        <ele>1034.37</ele>
      </trkpt>
      <trkpt lat="46.103847027" lon="6.70229299">
        <ele>1032.38</ele>
      </trkpt>
      <trkpt lat="46.103804028" lon="6.702174973">
        <ele>1030.65</ele>
      </trkpt>
      <trkpt lat="46.10372901" lon="6.702111019">
        <ele>1029.64</ele>
      </trkpt>
      <trkpt lat="46.10367503" lon="6.702088974">
        <ele>1028.39</ele>
      </trkpt>
      <trkpt lat="46.103578974" lon="6.702100038">
        <ele>1026.84</ele>
      </trkpt>
      <trkpt lat="46.103438996" lon="6.702186037">
        <ele>1024.84</ele>
      </trkpt>
      <trkpt lat="46.103311004" lon="6.702315034">
        <ele>1024.16</ele>
      </trkpt>
      <trkpt lat="46.103085028" lon="6.702443026">
        <ele>1022.19</ele>
      </trkpt>
      <trkpt lat="46.102988971" lon="6.702464987">
        <ele>1019.71</ele>
      </trkpt>
      <trkpt lat="46.102891993" lon="6.702464987">
        <ele>1016.54</ele>
      </trkpt>
      <trkpt lat="46.101959003" lon="6.702572023">
        <ele>1014.83</ele>
      </trkpt>
      <trkpt lat="46.101765968" lon="6.702615023">
        <ele>1012.07</ele>
      </trkpt>
      <trkpt lat="46.10161501" lon="6.702690041">
        <ele>1008.66</ele>
      </trkpt>
      <trkpt lat="46.101358021" lon="6.702905036">
        <ele>1005.68</ele>
      </trkpt>
      <trkpt lat="46.101154005" lon="6.703162026">
        <ele>1002.43</ele>
      </trkpt>
      <trkpt lat="46.100768018" lon="6.70369897">
        <ele>999.38</ele>
      </trkpt>
      <trkpt lat="46.100571966" lon="6.704101972">
        <ele>993.28</ele>
      </trkpt>
      <trkpt lat="46.100435006" lon="6.704449989">
        <ele>989.96</ele>
      </trkpt>
      <trkpt lat="46.100124037" lon="6.705362024">
        <ele>987.81</ele>
      </trkpt>
      <trkpt lat="46.099952962" lon="6.705758991">
        <ele>986.6</ele>
      </trkpt>
      <trkpt lat="46.099834023" lon="6.705952026">
        <ele>983.9</ele>
      </trkpt>
      <trkpt lat="46.099394979" lon="6.706401967">
        <ele>984.22</ele>
      </trkpt>
      <trkpt lat="46.099233963" lon="6.706605982">
        <ele>983.34</ele>
      </trkpt>
      <trkpt lat="46.099104965" lon="6.706842016">
        <ele>982.65</ele>
      </trkpt>
      <trkpt lat="46.098932968" lon="6.707314001">
        <ele>982.22</ele>
      </trkpt>
      <trkpt lat="46.098826015" lon="6.70741098">
        <ele>982.46</ele>
      </trkpt>
      <trkpt lat="46.098707998" lon="6.70746496">
        <ele>982.52</ele>
      </trkpt>
      <trkpt lat="46.098600961" lon="6.707432019">
        <ele>982.24</ele>
      </trkpt>
      <trkpt lat="46.098546982" lon="6.707389019">
        <ele>981.45</ele>
      </trkpt>
      <trkpt lat="46.098385965" lon="6.70713203">
        <ele>980.29</ele>
      </trkpt>
      <trkpt lat="46.098225033" lon="6.706820978">
        <ele>978.41</ele>
      </trkpt>
      <trkpt lat="46.098139035" lon="6.706702961">
        <ele>976.85</ele>
      </trkpt>
      <trkpt lat="46.098064017" lon="6.706616962">
        <ele>974.89</ele>
      </trkpt>
      <trkpt lat="46.097988998" lon="6.706562983">
        <ele>972.65</ele>
      </trkpt>
      <trkpt lat="46.097784983" lon="6.70645603">
        <ele>969.29</ele>
      </trkpt>
      <trkpt lat="46.097484995" lon="6.706391992">
        <ele>967.26</ele>
      </trkpt>
      <trkpt lat="46.097323978" lon="6.706413031">
        <ele>964.06</ele>
      </trkpt>
      <trkpt lat="46.097162962" lon="6.706487965">
        <ele>960.6</ele>
      </trkpt>
      <trkpt lat="46.096947966" lon="6.70673498">
        <ele>956.27</ele>
      </trkpt>
      <trkpt lat="46.096841013" lon="6.706991969">
        <ele>953.82</ele>
      </trkpt>
      <trkpt lat="46.096798014" lon="6.707228003">
        <ele>948.76</ele>
      </trkpt>
      <trkpt lat="46.096851993" lon="6.708076">
        <ele>944.28</ele>
      </trkpt>
      <trkpt lat="46.096744034" lon="6.70900899">
        <ele>942.03</ele>
      </trkpt>
      <trkpt lat="46.096679997" lon="6.709438982">
        <ele>940.95</ele>
      </trkpt>
      <trkpt lat="46.096647978" lon="6.709975004">
        <ele>937.96</ele>
      </trkpt>
      <trkpt lat="46.096604979" lon="6.710114982">
        <ele>937.48</ele>
      </trkpt>
      <trkpt lat="46.096455026" lon="6.710232999">
        <ele>937.17</ele>
      </trkpt>
      <trkpt lat="46.096337009" lon="6.710222019">
        <ele>934.79</ele>
      </trkpt>
      <trkpt lat="46.09629401" lon="6.71019">
        <ele>931.13</ele>
      </trkpt>
      <trkpt lat="46.096218992" lon="6.710082041">
        <ele>928.93</ele>
      </trkpt>
      <trkpt lat="46.096186973" lon="6.709921025">
        <ele>925.95</ele>
      </trkpt>
      <trkpt lat="46.096143974" lon="6.709406041">
        <ele>922.27</ele>
      </trkpt>
      <trkpt lat="46.096003996" lon="6.708698021">
        <ele>919.05</ele>
      </trkpt>
      <trkpt lat="46.095607029" lon="6.707614995">
        <ele>917.42</ele>
      </trkpt>
      <trkpt lat="46.095553972" lon="6.7074">
        <ele>915.35</ele>
      </trkpt>
      <trkpt lat="46.095542992" lon="6.707271002">
        <ele>913.96</ele>
      </trkpt>
      <trkpt lat="46.09556403" lon="6.706885016">
        <ele>913.05</ele>
      </trkpt>
      <trkpt lat="46.095553972" lon="6.706713019">
        <ele>912.78</ele>
      </trkpt>
      <trkpt lat="46.095510973" lon="6.706628026">
        <ele>912.55</ele>
      </trkpt>
      <trkpt lat="46.095467973" lon="6.706595002">
        <ele>909.97</ele>
      </trkpt>
      <trkpt lat="46.095424974" lon="6.706585027">
        <ele>909.83</ele>
      </trkpt>
      <trkpt lat="46.09535004" lon="6.706628026">
        <ele>908.98</ele>
      </trkpt>
      <trkpt lat="46.095318021" lon="6.706671026">
        <ele>908.79</ele>
      </trkpt>
      <trkpt lat="46.095284997" lon="6.706799017">
        <ele>904.47</ele>
      </trkpt>
      <trkpt lat="46.095232023" lon="6.707518017">
        <ele>902.97</ele>
      </trkpt>
      <trkpt lat="46.095081987" lon="6.708375988">
        <ele>897.53</ele>
      </trkpt>
      <trkpt lat="46.094952989" lon="6.708902037">
        <ele>892.47</ele>
      </trkpt>
      <trkpt lat="46.09484503" lon="6.709202025">
        <ele>887.27</ele>
      </trkpt>
      <trkpt lat="46.094770012" lon="6.709632017">
        <ele>884.27</ele>
      </trkpt>
      <trkpt lat="46.094662975" lon="6.709975004">
        <ele>880.46</ele>
      </trkpt>
      <trkpt lat="46.094533978" lon="6.710199974">
        <ele>878</ele>
      </trkpt>
      <trkpt lat="46.094061993" lon="6.710737003">
        <ele>876.68</ele>
      </trkpt>
      <trkpt lat="46.09396602" lon="6.710864995">
        <ele>873.18</ele>
      </trkpt>
      <trkpt lat="46.093772985" lon="6.711273026">
        <ele>871.48</ele>
      </trkpt>
      <trkpt lat="46.093686987" lon="6.711370004">
        <ele>870.51</ele>
      </trkpt>
      <trkpt lat="46.093654968" lon="6.711390959">
        <ele>868.95</ele>
      </trkpt>
      <trkpt lat="46.09351499" lon="6.711379979">
        <ele>866.64</ele>
      </trkpt>
      <trkpt lat="46.09306396" lon="6.711246036">
        <ele>864.54</ele>
      </trkpt>
      <trkpt lat="46.092657018" lon="6.71112299">
        <ele>861.35</ele>
      </trkpt>
      <trkpt lat="46.092517041" lon="6.711004972">
        <ele>858.07</ele>
      </trkpt>
      <trkpt lat="46.092345966" lon="6.710801041">
        <ele>855.97</ele>
      </trkpt>
      <trkpt lat="46.092291987" lon="6.710704984">
        <ele>853.6</ele>
      </trkpt>
      <trkpt lat="46.092205988" lon="6.710479008">
        <ele>852.84</ele>
      </trkpt>
      <trkpt lat="46.092185034" lon="6.710371971">
        <ele>853.49</ele>
      </trkpt>
      <trkpt lat="46.092185033" lon="6.710254038">
        <ele>853</ele>
      </trkpt>
      <trkpt lat="46.092196014" lon="6.710136021">
        <ele>850.97</ele>
      </trkpt>
      <trkpt lat="46.092314031" lon="6.709578037">
        <ele>849.68</ele>
      </trkpt>
      <trkpt lat="46.092324005" lon="6.709471">
        <ele>847.63</ele>
      </trkpt>
      <trkpt lat="46.092314031" lon="6.709256004">
        <ele>845.52</ele>
      </trkpt>
      <trkpt lat="46.092238007" lon="6.70900899">
        <ele>844.71</ele>
      </trkpt>
      <trkpt lat="46.092185033" lon="6.708870018">
        <ele>844.38</ele>
      </trkpt>
      <trkpt lat="46.092142034" lon="6.70880598">
        <ele>843.7</ele>
      </trkpt>
      <trkpt lat="46.092034997" lon="6.708752001">
        <ele>843.46</ele>
      </trkpt>
      <trkpt lat="46.091991998" lon="6.70874102">
        <ele>842.92</ele>
      </trkpt>
      <trkpt lat="46.091938019" lon="6.708752001">
        <ele>840.99</ele>
      </trkpt>
      <trkpt lat="46.09185202" lon="6.708816038">
        <ele>840.47</ele>
      </trkpt>
      <trkpt lat="46.091787983" lon="6.708902037">
        <ele>838.14</ele>
      </trkpt>
      <trkpt lat="46.091583967" lon="6.709234966">
        <ele>836.56</ele>
      </trkpt>
      <trkpt lat="46.091368971" lon="6.709535038">
        <ele>834.64</ele>
      </trkpt>
      <trkpt lat="46.091315998" lon="6.709641991">
        <ele>832.4</ele>
      </trkpt>
      <trkpt lat="46.091272999" lon="6.709813988">
        <ele>829.13</ele>
      </trkpt>
      <trkpt lat="46.091079963" lon="6.711327005">
        <ele>827.4</ele>
      </trkpt>
      <trkpt lat="46.091068983" lon="6.711445022">
        <ele>824.4</ele>
      </trkpt>
      <trkpt lat="46.091079963" lon="6.71157402">
        <ele>821.9</ele>
      </trkpt>
      <trkpt lat="46.09117602" lon="6.712003006">
        <ele>820.87</ele>
      </trkpt>
      <trkpt lat="46.091358997" lon="6.712668026">
        <ele>820.78</ele>
      </trkpt>
      <trkpt lat="46.091391016" lon="6.712872041">
        <ele>820.68</ele>
      </trkpt>
      <trkpt lat="46.091391016" lon="6.71295804">
        <ele>821.26</ele>
      </trkpt>
      <trkpt lat="46.091358997" lon="6.713140011">
        <ele>821.07</ele>
      </trkpt>
      <trkpt lat="46.091272999" lon="6.71346196">
        <ele>822.05</ele>
      </trkpt>
      <trkpt lat="46.091068983" lon="6.714051962">
        <ele>821.95</ele>
      </trkpt>
      <trkpt lat="46.091036964" lon="6.714223959">
        <ele>821.81</ele>
      </trkpt>
      <trkpt lat="46.091048028" lon="6.714395033">
        <ele>822.06</ele>
      </trkpt>
      <trkpt lat="46.091079963" lon="6.714481031">
        <ele>823.34</ele>
      </trkpt>
      <trkpt lat="46.091219019" lon="6.714706002">
        <ele>825.03</ele>
      </trkpt>
      <trkpt lat="46.091305017" lon="6.714888979">
        <ele>825.79</ele>
      </trkpt>
      <trkpt lat="46.091326978" lon="6.715102969">
        <ele>826.65</ele>
      </trkpt>
      <trkpt lat="46.091305017" lon="6.715306984">
        <ele>827.83</ele>
      </trkpt>
      <trkpt lat="46.090993965" lon="6.71624098">
        <ele>826.86</ele>
      </trkpt>
      <trkpt lat="46.090435982" lon="6.717657018">
        <ele>826.58</ele>
      </trkpt>
      <trkpt lat="46.090286029" lon="6.718204022">
        <ele>826.53</ele>
      </trkpt>
      <trkpt lat="46.090211012" lon="6.718923021">
        <ele>827.48</ele>
      </trkpt>
      <trkpt lat="46.090135993" lon="6.719372962">
        <ele>826.66</ele>
      </trkpt>
      <trkpt lat="46.089920998" lon="6.720243003">
        <ele>827.58</ele>
      </trkpt>
      <trkpt lat="46.089684963" lon="6.721089994">
        <ele>824.15</ele>
      </trkpt>
      <trkpt lat="46.089106025" lon="6.722592032">
        <ele>822.45</ele>
      </trkpt>
      <trkpt lat="46.088946015" lon="6.723202988">
        <ele>819.55</ele>
      </trkpt>
      <trkpt lat="46.088839984" lon="6.723489985">
        <ele>816.82</ele>
      </trkpt>
      <trkpt lat="46.088790027" lon="6.723629963">
        <ele>813.2</ele>
      </trkpt>
      <trkpt lat="46.088700006" lon="6.723849988">
        <ele>810.82</ele>
      </trkpt>
      <trkpt lat="46.088630017" lon="6.724079987">
        <ele>807.72</ele>
      </trkpt>
      <trkpt lat="46.088439999" lon="6.724449964">
        <ele>805</ele>
      </trkpt>
      <trkpt lat="46.088360036" lon="6.724569993">
        <ele>803.07</ele>
      </trkpt>
      <trkpt lat="46.088100029" lon="6.724820025">
        <ele>801.55</ele>
      </trkpt>
      <trkpt lat="46.087849997" lon="6.725099981">
        <ele>800.29</ele>
      </trkpt>
      <trkpt lat="46.087659979" lon="6.725359988">
        <ele>798.03</ele>
      </trkpt>
      <trkpt lat="46.087540034" lon="6.725599961">
        <ele>795.63</ele>
      </trkpt>
      <trkpt lat="46.087450013" lon="6.725819986">
        <ele>792.63</ele>
      </trkpt>
      <trkpt lat="46.087299976" lon="6.726089967">
        <ele>789.63</ele>
      </trkpt>
      <trkpt lat="46.086929999" lon="6.726539992">
        <ele>786.69</ele>
      </trkpt>
      <trkpt lat="46.086779963" lon="6.726739984">
        <ele>784.26</ele>
      </trkpt>
      <trkpt lat="46.086639986" lon="6.727060005">
        <ele>781.35</ele>
      </trkpt>
      <trkpt lat="46.086509982" lon="6.727520004">
        <ele>778.5</ele>
      </trkpt>
      <trkpt lat="46.08636003" lon="6.728159962">
        <ele>776.25</ele>
      </trkpt>
      <trkpt lat="46.086319964" lon="6.728670001">
        <ele>775.75</ele>
      </trkpt>
      <trkpt lat="46.08630999" lon="6.729420014">
        <ele>775.54</ele>
      </trkpt>
      <trkpt lat="46.086300015" lon="6.729669962">
        <ele>774.57</ele>
      </trkpt>
      <trkpt lat="46.086270008" lon="6.729780016">
        <ele>772.85</ele>
      </trkpt>
      <trkpt lat="46.086160038" lon="6.730170026">
        <ele>767.36</ele>
      </trkpt>
      <trkpt lat="46.085470039" lon="6.731840037">
        <ele>763.12</ele>
      </trkpt>
      <trkpt lat="46.085380018" lon="6.732129967">
        <ele>758.72</ele>
      </trkpt>
      <trkpt lat="46.085310029" lon="6.732180007">
        <ele>755.08</ele>
      </trkpt>
      <trkpt lat="46.085289996" lon="6.73225997">
        <ele>751.83</ele>
      </trkpt>
      <trkpt lat="46.085280022" lon="6.732660038">
        <ele>751.43</ele>
      </trkpt>
      <trkpt lat="46.085289996" lon="6.733469982">
        <ele>749.17</ele>
      </trkpt>
      <trkpt lat="46.085269963" lon="6.733720014">
        <ele>747.23</ele>
      </trkpt>
      <trkpt lat="46.085229982" lon="6.733899973">
        <ele>744.73</ele>
      </trkpt>
      <trkpt lat="46.085199974" lon="6.733969962">
        <ele>743.03</ele>
      </trkpt>
      <trkpt lat="46.085129986" lon="6.734040035">
        <ele>742.65</ele>
      </trkpt>
      <trkpt lat="46.084980033" lon="6.733629992">
        <ele>741.14</ele>
      </trkpt>
      <trkpt lat="46.084929993" lon="6.733420026">
        <ele>739.55</ele>
      </trkpt>
      <trkpt lat="46.084920019" lon="6.733209975">
        <ele>739.59</ele>
      </trkpt>
      <trkpt lat="46.084960001" lon="6.732819965">
        <ele>737.77</ele>
      </trkpt>
      <trkpt lat="46.084929993" lon="6.732709994">
        <ele>735.47</ele>
      </trkpt>
      <trkpt lat="46.084860004" lon="6.732660038">
        <ele>733.47</ele>
      </trkpt>
      <trkpt lat="46.08479999" lon="6.732670013">
        <ele>731.07</ele>
      </trkpt>
      <trkpt lat="46.084739976" lon="6.732749976">
        <ele>729.47</ele>
      </trkpt>
      <trkpt lat="46.084699994" lon="6.732890038">
        <ele>729.53</ele>
      </trkpt>
      <trkpt lat="46.084660012" lon="6.733179968">
        <ele>729.48</ele>
      </trkpt>
      <trkpt lat="46.084590023" lon="6.733320029">
        <ele>728.88</ele>
      </trkpt>
      <trkpt lat="46.084509976" lon="6.733399993">
        <ele>728.82</ele>
      </trkpt>
      <trkpt lat="46.084260028" lon="6.733580036">
        <ele>727.2</ele>
      </trkpt>
      <trkpt lat="46.084149973" lon="6.733699981">
        <ele>725.78</ele>
      </trkpt>
      <trkpt lat="46.08401997" lon="6.733880024">
        <ele>724.35</ele>
      </trkpt>
      <trkpt lat="46.083970014" lon="6.733920006">
        <ele>723.63</ele>
      </trkpt>
      <trkpt lat="46.083810003" lon="6.733969962">
        <ele>722.42</ele>
      </trkpt>
      <trkpt lat="46.083779996" lon="6.733699981">
        <ele>720.76</ele>
      </trkpt>
      <trkpt lat="46.083529964" lon="6.732960027">
        <ele>719.04</ele>
      </trkpt>
      <trkpt lat="46.083410019" lon="6.732510002">
        <ele>717.45</ele>
      </trkpt>
      <trkpt lat="46.083370037" lon="6.732040029">
        <ele>715.76</ele>
      </trkpt>
      <trkpt lat="46.083359979" lon="6.731390012">
        <ele>713.69</ele>
      </trkpt>
      <trkpt lat="46.083250008" lon="6.730930014">
        <ele>712.24</ele>
      </trkpt>
      <trkpt lat="46.083450001" lon="6.729499977">
        <ele>710.72</ele>
      </trkpt>
      <trkpt lat="46.083459975" lon="6.729390006">
        <ele>709.3</ele>
      </trkpt>
      <trkpt lat="46.083450001" lon="6.728999997">
        <ele>708.12</ele>
      </trkpt>
      <trkpt lat="46.083559971" lon="6.728630019">
        <ele>707.99</ele>
      </trkpt>
      <trkpt lat="46.083649993" lon="6.728440002">
        <ele>707.77</ele>
      </trkpt>
      <trkpt lat="46.083649993" lon="6.728319973">
        <ele>707.9</ele>
      </trkpt>
      <trkpt lat="46.083510015" lon="6.728040017">
        <ele>707.72</ele>
      </trkpt>
      <trkpt lat="46.083450001" lon="6.727789985">
        <ele>707.91</ele>
      </trkpt>
      <trkpt lat="46.083410019" lon="6.727259997">
        <ele>707.96</ele>
      </trkpt>
      <trkpt lat="46.083189994" lon="6.727169976">
        <ele>708.06</ele>
      </trkpt>
      <trkpt lat="46.083099972" lon="6.727160001">
        <ele>707.46</ele>
      </trkpt>
      <trkpt lat="46.082920013" lon="6.727150027">
        <ele>707.02</ele>
      </trkpt>
      <trkpt lat="46.082720021" lon="6.727060005">
        <ele>706.05</ele>
      </trkpt>
      <trkpt lat="46.082639974" lon="6.727050031">
        <ele>705.92</ele>
      </trkpt>
      <trkpt lat="46.082309978" lon="6.727080038">
        <ele>706.04</ele>
      </trkpt>
      <trkpt lat="46.081940001" lon="6.727139968">
        <ele>706.5</ele>
      </trkpt>
      <trkpt lat="46.081519984" lon="6.727129994">
        <ele>706.76</ele>
      </trkpt>
      <trkpt lat="46.081329966" lon="6.727139968">
        <ele>706.87</ele>
      </trkpt>
      <trkpt lat="46.08105001" lon="6.727180034">
        <ele>706.19</ele>
      </trkpt>
      <trkpt lat="46.080750022" lon="6.727199983">
        <ele>705.32</ele>
      </trkpt>
      <trkpt lat="46.08071004" lon="6.727160001">
        <ele>704.69</ele>
      </trkpt>
      <trkpt lat="46.080690008" lon="6.727060005">
        <ele>704.09</ele>
      </trkpt>
      <trkpt lat="46.080669975" lon="6.727020023">
        <ele>703.22</ele>
      </trkpt>
      <trkpt lat="46.081180014" lon="6.726049986">
        <ele>702.4</ele>
      </trkpt>
      <trkpt lat="46.082290029" lon="6.724000024">
        <ele>701.68</ele>
      </trkpt>
      <trkpt lat="46.082330011" lon="6.724060038">
        <ele>700.89</ele>
      </trkpt>
      <trkpt lat="46.082379967" lon="6.724089962">
        <ele>700.22</ele>
      </trkpt>
      <trkpt lat="46.082439981" lon="6.724079987">
        <ele>700.16</ele>
      </trkpt>
      <trkpt lat="46.082479963" lon="6.72404998">
        <ele>700.13</ele>
      </trkpt>
      <trkpt lat="46.082499996" lon="6.723910002">
        <ele>700.2</ele>
      </trkpt>
      <trkpt lat="46.082690014" lon="6.723559974">
        <ele>700.32</ele>
      </trkpt>
      <trkpt lat="46.082799984" lon="6.723399963">
        <ele>700.38</ele>
      </trkpt>
      <trkpt lat="46.08295002" lon="6.72332">
        <ele>700.28</ele>
      </trkpt>
      <trkpt lat="46.083069965" lon="6.723329974">
        <ele>700.24</ele>
      </trkpt>
      <trkpt lat="46.083359979" lon="6.723549999">
        <ele>700.59</ele>
      </trkpt>
      <trkpt lat="46.08396004" lon="6.724040005">
        <ele>700.83</ele>
      </trkpt>
      <trkpt lat="46.084109992" lon="6.724140002">
        <ele>701.04</ele>
      </trkpt>
      <trkpt lat="46.084149973" lon="6.724149976">
        <ele>701.54</ele>
      </trkpt>
      <trkpt lat="46.084209988" lon="6.724119969">
        <ele>702.06</ele>
      </trkpt>
      <trkpt lat="46.084279977" lon="6.723930035">
        <ele>701.2</ele>
      </trkpt>
      <trkpt lat="46.084290035" lon="6.723840013">
        <ele>700.56</ele>
      </trkpt>
      <trkpt lat="46.084279977" lon="6.723250011">
        <ele>700.26</ele>
      </trkpt>
      <trkpt lat="46.08430001" lon="6.722709965">
        <ele>699.22</ele>
      </trkpt>
      <trkpt lat="46.084400006" lon="6.721740011">
        <ele>697.88</ele>
      </trkpt>
      <trkpt lat="46.085340036" lon="6.717730025">
        <ele>697.17</ele>
      </trkpt>
      <trkpt lat="46.085380018" lon="6.717540007">
        <ele>696.28</ele>
      </trkpt>
      <trkpt lat="46.085419999" lon="6.71722996">
        <ele>695.99</ele>
      </trkpt>
      <trkpt lat="46.085419999" lon="6.717100041">
        <ele>696.5</ele>
      </trkpt>
      <trkpt lat="46.085389992" lon="6.716980012">
        <ele>697.56</ele>
      </trkpt>
      <trkpt lat="46.085269963" lon="6.716559995">
        <ele>698.91</ele>
      </trkpt>
      <trkpt lat="46.084869979" lon="6.715790033">
        <ele>700.18</ele>
      </trkpt>
      <trkpt lat="46.084720027" lon="6.715430031">
        <ele>699.19</ele>
      </trkpt>
      <trkpt lat="46.084630005" lon="6.71505997">
        <ele>698.12</ele>
      </trkpt>
      <trkpt lat="46.084579965" lon="6.71472">
        <ele>696.03</ele>
      </trkpt>
      <trkpt lat="46.084449962" lon="6.712900037">
        <ele>693.4</ele>
      </trkpt>
      <trkpt lat="46.084439987" lon="6.711390037">
        <ele>690.15</ele>
      </trkpt>
      <trkpt lat="46.084469994" lon="6.710719988">
        <ele>688.57</ele>
      </trkpt>
      <trkpt lat="46.084599998" lon="6.709200013">
        <ele>686.54</ele>
      </trkpt>
      <trkpt lat="46.084880037" lon="6.707499996">
        <ele>685.77</ele>
      </trkpt>
      <trkpt lat="46.085369959" lon="6.705000009">
        <ele>683.16</ele>
      </trkpt>
      <trkpt lat="46.085689981" lon="6.70320997">
        <ele>681.33</ele>
      </trkpt>
      <trkpt lat="46.087680012" lon="6.691619977">
        <ele>678.62</ele>
      </trkpt>
      <trkpt lat="46.087810015" lon="6.690929979">
        <ele>676.25</ele>
      </trkpt>
      <trkpt lat="46.088289963" lon="6.689159973">
        <ele>673.4</ele>
      </trkpt>
      <trkpt lat="46.088439999" lon="6.688429993">
        <ele>673.4</ele>
      </trkpt>
      <trkpt lat="46.088509988" lon="6.687979968">
        <ele>675</ele>
      </trkpt>
      <trkpt lat="46.08860001" lon="6.687040022">
        <ele>676.27</ele>
      </trkpt>
      <trkpt lat="46.08882905" lon="6.684586331">
        <ele>676.11</ele>
      </trkpt>
      <trkpt lat="46.088950038" lon="6.683289958">
        <ele>675.21</ele>
      </trkpt>
      <trkpt lat="46.089229993" lon="6.680340031">
        <ele>673.93</ele>
      </trkpt>
      <trkpt lat="46.089280033" lon="6.679690015">
        <ele>671.33</ele>
      </trkpt>
      <trkpt lat="46.089299982" lon="6.679509971">
        <ele>669.74</ele>
      </trkpt>
      <trkpt lat="46.089350022" lon="6.679509971">
        <ele>669.26</ele>
      </trkpt>
      <trkpt lat="46.089369971" lon="6.679479964">
        <ele>669.44</ele>
      </trkpt>
      <trkpt lat="46.089399978" lon="6.679409975">
        <ele>669.52</ele>
      </trkpt>
      <trkpt lat="46.089369971" lon="6.67929003">
        <ele>668.98</ele>
      </trkpt>
      <trkpt lat="46.08932999" lon="6.679260023">
        <ele>668.4</ele>
      </trkpt>
      <trkpt lat="46.089299982" lon="6.679260023">
        <ele>666.97</ele>
      </trkpt>
      <trkpt lat="46.089729974" lon="6.677799979">
        <ele>665.23</ele>
      </trkpt>
      <trkpt lat="46.090730019" lon="6.674649976">
        <ele>663.57</ele>
      </trkpt>
      <trkpt lat="46.091269981" lon="6.672969991">
        <ele>661.83</ele>
      </trkpt>
      <trkpt lat="46.091620009" lon="6.672000038">
        <ele>660.22</ele>
      </trkpt>
      <trkpt lat="46.092349989" lon="6.670089969">
        <ele>659.39</ele>
      </trkpt>
      <trkpt lat="46.093420023" lon="6.667380016">
        <ele>658.72</ele>
      </trkpt>
      <trkpt lat="46.093659997" lon="6.666939966">
        <ele>657.8</ele>
      </trkpt>
      <trkpt lat="46.094660042" lon="6.66532997">
        <ele>660.06</ele>
      </trkpt>
      <trkpt lat="46.094930023" lon="6.664709961">
        <ele>661.77</ele>
      </trkpt>
      <trkpt lat="46.095070001" lon="6.664300002">
        <ele>662.1</ele>
      </trkpt>
      <trkpt lat="46.095200004" lon="6.663809996">
        <ele>663</ele>
      </trkpt>
      <trkpt lat="46.095409971" lon="6.663099965">
        <ele>662.96</ele>
      </trkpt>
      <trkpt lat="46.095486074" lon="6.662834821">
        <ele>660.12</ele>
      </trkpt>
      <trkpt lat="46.096050013" lon="6.66086996">
        <ele>657.62</ele>
      </trkpt>
      <trkpt lat="46.09675996" lon="6.658640038">
        <ele>656.94</ele>
      </trkpt>
      <trkpt lat="46.096960036" lon="6.657920033">
        <ele>656.11</ele>
      </trkpt>
      <trkpt lat="46.097869975" lon="6.654629968">
        <ele>654.96</ele>
      </trkpt>
      <trkpt lat="46.098080026" lon="6.653829999">
        <ele>653.76</ele>
      </trkpt>
      <trkpt lat="46.09848001" lon="6.652440028">
        <ele>654.23</ele>
      </trkpt>
      <trkpt lat="46.098619988" lon="6.651920015">
        <ele>653.73</ele>
      </trkpt>
      <trkpt lat="46.098740017" lon="6.651369994">
        <ele>650.76</ele>
      </trkpt>
      <trkpt lat="46.099569993" lon="6.646270026">
        <ele>648.97</ele>
      </trkpt>
      <trkpt lat="46.100510024" lon="6.640609978">
        <ele>647.25</ele>
      </trkpt>
      <trkpt lat="46.100619994" lon="6.640010001">
        <ele>646.04</ele>
      </trkpt>
      <trkpt lat="46.100880001" lon="6.638899986">
        <ele>645.11</ele>
      </trkpt>
      <trkpt lat="46.101279985" lon="6.636760002">
        <ele>645.8</ele>
      </trkpt>
      <trkpt lat="46.10139004" lon="6.635740008">
        <ele>647.71</ele>
      </trkpt>
      <trkpt lat="46.101490036" lon="6.633909987">
        <ele>647.79</ele>
      </trkpt>
      <trkpt lat="46.101519959" lon="6.633589966">
        <ele>645.84</ele>
      </trkpt>
      <trkpt lat="46.101609981" lon="6.63304003">
        <ele>643.76</ele>
      </trkpt>
      <trkpt lat="46.101809973" lon="6.632350031">
        <ele>642.07</ele>
      </trkpt>
      <trkpt lat="46.102740029" lon="6.629690034">
        <ele>639.35</ele>
      </trkpt>
      <trkpt lat="46.102949996" lon="6.629170021">
        <ele>638.27</ele>
      </trkpt>
      <trkpt lat="46.103490042" lon="6.627969984">
        <ele>637.08</ele>
      </trkpt>
      <trkpt lat="46.103820037" lon="6.627149982">
        <ele>637.36</ele>
      </trkpt>
      <trkpt lat="46.104260003" lon="6.625890015">
        <ele>637.25</ele>
      </trkpt>
      <trkpt lat="46.104589999" lon="6.624840014">
        <ele>637.25</ele>
      </trkpt>
      <trkpt lat="46.10507003" lon="6.62320001">
        <ele>637.35</ele>
      </trkpt>
      <trkpt lat="46.105240015" lon="6.622549994">
        <ele>637.22</ele>
      </trkpt>
      <trkpt lat="46.105349986" lon="6.622020006">
        <ele>636.02</ele>
      </trkpt>
      <trkpt lat="46.105560036" lon="6.620730031">
        <ele>635.31</ele>
      </trkpt>
      <trkpt lat="46.105619967" lon="6.61996996">
        <ele>634.55</ele>
      </trkpt>
      <trkpt lat="46.10558996" lon="6.617420018">
        <ele>633.88</ele>
      </trkpt>
      <trkpt lat="46.105600018" lon="6.616149992">
        <ele>633.2</ele>
      </trkpt>
      <trkpt lat="46.105849966" lon="6.614860017">
        <ele>633.24</ele>
      </trkpt>
      <trkpt lat="46.105969995" lon="6.613949994">
        <ele>632.19</ele>
      </trkpt>
      <trkpt lat="46.106000002" lon="6.613520002">
        <ele>631.15</ele>
      </trkpt>
      <trkpt lat="46.106069991" lon="6.607930027">
        <ele>630.22</ele>
      </trkpt>
      <trkpt lat="46.106079966" lon="6.607500035">
        <ele>629.62</ele>
      </trkpt>
      <trkpt lat="46.106130006" lon="6.606650026">
        <ele>628.5</ele>
      </trkpt>
      <trkpt lat="46.106199995" lon="6.605960028">
        <ele>628.48</ele>
      </trkpt>
      <trkpt lat="46.106260009" lon="6.605479997">
        <ele>628.6</ele>
      </trkpt>
      <trkpt lat="46.106339972" lon="6.605029972">
        <ele>628.61</ele>
      </trkpt>
      <trkpt lat="46.106450027" lon="6.604590006">
        <ele>628.69</ele>
      </trkpt>
      <trkpt lat="46.106539965" lon="6.604030011">
        <ele>629.15</ele>
      </trkpt>
      <trkpt lat="46.106659993" lon="6.60052998">
        <ele>629.91</ele>
      </trkpt>
      <trkpt lat="46.106720008" lon="6.599879963">
        <ele>630.83</ele>
      </trkpt>
      <trkpt lat="46.106910026" lon="6.598780006">
        <ele>632.2</ele>
      </trkpt>
      <trkpt lat="46.106950007" lon="6.59834004">
        <ele>633.61</ele>
      </trkpt>
      <trkpt lat="46.107059978" lon="6.596649997">
        <ele>635.29</ele>
      </trkpt>
      <trkpt lat="46.10709996" lon="6.595620029">
        <ele>637.02</ele>
      </trkpt>
      <trkpt lat="46.107180007" lon="6.59454002">
        <ele>638.77</ele>
      </trkpt>
      <trkpt lat="46.107219988" lon="6.593790008">
        <ele>640.55</ele>
      </trkpt>
      <trkpt lat="46.10731001" lon="6.593309976">
        <ele>642.5</ele>
      </trkpt>
      <trkpt lat="46.107419981" lon="6.593000013">
        <ele>643.93</ele>
      </trkpt>
      <trkpt lat="46.107500028" lon="6.592540014">
        <ele>645</ele>
      </trkpt>
      <trkpt lat="46.107860031" lon="6.59130997">
        <ele>645.67</ele>
      </trkpt>
      <trkpt lat="46.107909987" lon="6.59125004">
        <ele>645.99</ele>
      </trkpt>
      <trkpt lat="46.107919961" lon="6.591120036">
        <ele>646.13</ele>
      </trkpt>
      <trkpt lat="46.107839998" lon="6.591069996">
        <ele>645.97</ele>
      </trkpt>
      <trkpt lat="46.107800016" lon="6.591090029">
        <ele>645.48</ele>
      </trkpt>
      <trkpt lat="46.107630031" lon="6.591079971">
        <ele>644.28</ele>
      </trkpt>
      <trkpt lat="46.10697004" lon="6.59097">
        <ele>642.71</ele>
      </trkpt>
      <trkpt lat="46.106099999" lon="6.590890037">
        <ele>640.28</ele>
      </trkpt>
      <trkpt lat="46.105530029" lon="6.590849971">
        <ele>638.37</ele>
      </trkpt>
      <trkpt lat="46.104020029" lon="6.590649979">
        <ele>636.09</ele>
      </trkpt>
      <trkpt lat="46.103130039" lon="6.590560041">
        <ele>633.87</ele>
      </trkpt>
      <trkpt lat="46.102320012" lon="6.590459961">
        <ele>631.65</ele>
      </trkpt>
      <trkpt lat="46.10212002" lon="6.590449987">
        <ele>629.9</ele>
      </trkpt>
      <trkpt lat="46.101349974" lon="6.590349991">
        <ele>628.5</ele>
      </trkpt>
      <trkpt lat="46.10100003" lon="6.590300035">
        <ele>626.8</ele>
      </trkpt>
      <trkpt lat="46.100789979" lon="6.590280002">
        <ele>625.74</ele>
      </trkpt>
      <trkpt lat="46.097216449" lon="6.589881409">
        <ele>624.91</ele>
      </trkpt>
      <trkpt lat="46.09712113" lon="6.589875176">
        <ele>625.96</ele>
      </trkpt>
      <trkpt lat="46.097087524" lon="6.589872978">
        <ele>626.85</ele>
      </trkpt>
      <trkpt lat="46.097034005" lon="6.589871238">
        <ele>630.38</ele>
      </trkpt>
      <trkpt lat="46.09689696" lon="6.589864623">
        <ele>633.53</ele>
      </trkpt>
      <trkpt lat="46.096800026" lon="6.589929974">
        <ele>637.66</ele>
      </trkpt>
      <trkpt lat="46.0967333" lon="6.590015421">
        <ele>639.91</ele>
      </trkpt>
      <trkpt lat="46.096700265" lon="6.589937131">
        <ele>641.13</ele>
      </trkpt>
      <trkpt lat="46.096689971" lon="6.589869959">
        <ele>641.09</ele>
      </trkpt>
      <trkpt lat="46.096679997" lon="6.589729981">
        <ele>640.08</ele>
      </trkpt>
      <trkpt lat="46.096700029" lon="6.589469975">
        <ele>639.97</ele>
      </trkpt>
      <trkpt lat="46.09675996" lon="6.589130005">
        <ele>639.86</ele>
      </trkpt>
      <trkpt lat="46.09675996" lon="6.588589959">
        <ele>641.06</ele>
      </trkpt>
      <trkpt lat="46.096610008" lon="6.588040022">
        <ele>641.48</ele>
      </trkpt>
      <trkpt lat="46.096489979" lon="6.587699968">
        <ele>643.41</ele>
      </trkpt>
      <trkpt lat="46.096440023" lon="6.587499976">
        <ele>643.5</ele>
      </trkpt>
      <trkpt lat="46.096350001" lon="6.587290009">
        <ele>643.89</ele>
      </trkpt>
      <trkpt lat="46.096180016" lon="6.587090017">
        <ele>643.63</ele>
      </trkpt>
      <trkpt lat="46.096110027" lon="6.586890025">
        <ele>645.22</ele>
      </trkpt>
      <trkpt lat="46.096050013" lon="6.586769996">
        <ele>645.63</ele>
      </trkpt>
      <trkpt lat="46.095839962" lon="6.586470008">
        <ele>651.79</ele>
      </trkpt>
      <trkpt lat="46.095739966" lon="6.58633003">
        <ele>657.21</ele>
      </trkpt>
      <trkpt lat="46.095390022" lon="6.586089972">
        <ele>661.68</ele>
      </trkpt>
      <trkpt lat="46.095290026" lon="6.585980002">
        <ele>665.97</ele>
      </trkpt>
      <trkpt lat="46.095230011" lon="6.585829966">
        <ele>667.88</ele>
      </trkpt>
      <trkpt lat="46.095209978" lon="6.585650006">
        <ele>665.92</ele>
      </trkpt>
      <trkpt lat="46.095320033" lon="6.584969982">
        <ele>663.39</ele>
      </trkpt>
      <trkpt lat="46.095390022" lon="6.584739983">
        <ele>661.72</ele>
      </trkpt>
      <trkpt lat="46.095539974" lon="6.584579973">
        <ele>658.49</ele>
      </trkpt>
      <trkpt lat="46.095609963" lon="6.584439995">
        <ele>659.06</ele>
      </trkpt>
      <trkpt lat="46.095650028" lon="6.58427001">
        <ele>655.68</ele>
      </trkpt>
      <trkpt lat="46.095669977" lon="6.583949989">
        <ele>655.16</ele>
      </trkpt>
      <trkpt lat="46.095750025" lon="6.583440034">
        <ele>653.68</ele>
      </trkpt>
      <trkpt lat="46.095839962" lon="6.583090005">
        <ele>654.17</ele>
      </trkpt>
      <trkpt lat="46.096069962" lon="6.582560018">
        <ele>653.54</ele>
      </trkpt>
      <trkpt lat="46.096120002" lon="6.582390033">
        <ele>656.22</ele>
      </trkpt>
      <trkpt lat="46.096380008" lon="6.581280017">
        <ele>655.27</ele>
      </trkpt>
      <trkpt lat="46.09647003" lon="6.581069967">
        <ele>656.88</ele>
      </trkpt>
      <trkpt lat="46.096549993" lon="6.580980029">
        <ele>655.4</ele>
      </trkpt>
      <trkpt lat="46.096710004" lon="6.580729997">
        <ele>655.76</ele>
      </trkpt>
      <trkpt lat="46.097000018" lon="6.579960035">
        <ele>656.99</ele>
      </trkpt>
      <trkpt lat="46.097060032" lon="6.57963004">
        <ele>659.82</ele>
      </trkpt>
      <trkpt lat="46.097060032" lon="6.579380007">
        <ele>659.18</ele>
      </trkpt>
      <trkpt lat="46.097119963" lon="6.578249959">
        <ele>664.49</ele>
      </trkpt>
      <trkpt lat="46.097179977" lon="6.577960029">
        <ele>663.75</ele>
      </trkpt>
      <trkpt lat="46.097249966" lon="6.577819968">
        <ele>660.92</ele>
      </trkpt>
      <trkpt lat="46.09753998" lon="6.577459965">
        <ele>656.95</ele>
      </trkpt>
      <trkpt lat="46.097650034" lon="6.577170035">
        <ele>656.72</ele>
      </trkpt>
      <trkpt lat="46.09798003" lon="6.57616999">
        <ele>653.1</ele>
      </trkpt>
      <trkpt lat="46.098080026" lon="6.575920042">
        <ele>652.39</ele>
      </trkpt>
      <trkpt lat="46.098129982" lon="6.575609995">
        <ele>651.92</ele>
      </trkpt>
      <trkpt lat="46.098229978" lon="6.575410003">
        <ele>653.6</ele>
      </trkpt>
      <trkpt lat="46.098250011" lon="6.574940029">
        <ele>654.54</ele>
      </trkpt>
      <trkpt lat="46.098310025" lon="6.574569968">
        <ele>653.07</ele>
      </trkpt>
      <trkpt lat="46.098399963" lon="6.57432002">
        <ele>654.94</ele>
      </trkpt>
      <trkpt lat="46.098700035" lon="6.573790032">
        <ele>655.88</ele>
      </trkpt>
      <trkpt lat="46.098729959" lon="6.573619964">
        <ele>657.12</ele>
      </trkpt>
      <trkpt lat="46.098740017" lon="6.573389964">
        <ele>657.64</ele>
      </trkpt>
      <trkpt lat="46.098719984" lon="6.573159965">
        <ele>659.03</ele>
      </trkpt>
      <trkpt lat="46.098600039" lon="6.572610028">
        <ele>661.38</ele>
      </trkpt>
      <trkpt lat="46.098589981" lon="6.572510032">
        <ele>662.15</ele>
      </trkpt>
      <trkpt lat="46.098629963" lon="6.572250025">
        <ele>663.77</ele>
      </trkpt>
      <trkpt lat="46.09881998" lon="6.571769994">
        <ele>664.39</ele>
      </trkpt>
      <trkpt lat="46.098940009" lon="6.57147998">
        <ele>667.38</ele>
      </trkpt>
      <trkpt lat="46.098970016" lon="6.57124998">
        <ele>665.81</ele>
      </trkpt>
      <trkpt lat="46.098959958" lon="6.571100028">
        <ele>666.37</ele>
      </trkpt>
      <trkpt lat="46.099030031" lon="6.570919985">
        <ele>665.47</ele>
      </trkpt>
      <trkpt lat="46.099319961" lon="6.570469961">
        <ele>666.84</ele>
      </trkpt>
      <trkpt lat="46.099400008" lon="6.570380023">
        <ele>667.2</ele>
      </trkpt>
      <trkpt lat="46.099409983" lon="6.570080034">
        <ele>668.55</ele>
      </trkpt>
      <trkpt lat="46.099860007" lon="6.569600003">
        <ele>672.43</ele>
      </trkpt>
      <trkpt lat="46.09999001" lon="6.569479974">
        <ele>673.57</ele>
      </trkpt>
      <trkpt lat="46.100059999" lon="6.569379978">
        <ele>674.91</ele>
      </trkpt>
      <trkpt lat="46.100139962" lon="6.569209993">
        <ele>677.43</ele>
      </trkpt>
      <trkpt lat="46.100139962" lon="6.568659972">
        <ele>680.71</ele>
      </trkpt>
      <trkpt lat="46.100090006" lon="6.568399966">
        <ele>684.63</ele>
      </trkpt>
      <trkpt lat="46.099999985" lon="6.568269962">
        <ele>690.68</ele>
      </trkpt>
      <trkpt lat="46.099860007" lon="6.568150017">
        <ele>694.56</ele>
      </trkpt>
      <trkpt lat="46.099809967" lon="6.56806997">
        <ele>697.38</ele>
      </trkpt>
      <trkpt lat="46.099799992" lon="6.567969974">
        <ele>700.21</ele>
      </trkpt>
      <trkpt lat="46.099860007" lon="6.567709967">
        <ele>701.72</ele>
      </trkpt>
      <trkpt lat="46.099860007" lon="6.567479968">
        <ele>703.12</ele>
      </trkpt>
      <trkpt lat="46.099799992" lon="6.566909999">
        <ele>706</ele>
      </trkpt>
      <trkpt lat="46.099890014" lon="6.566419993">
        <ele>708.29</ele>
      </trkpt>
      <trkpt lat="46.099790018" lon="6.56605999">
        <ele>710.53</ele>
      </trkpt>
      <trkpt lat="46.099760011" lon="6.565629998">
        <ele>712.09</ele>
      </trkpt>
      <trkpt lat="46.099660015" lon="6.565420031">
        <ele>714.17</ele>
      </trkpt>
      <trkpt lat="46.099460022" lon="6.565430006">
        <ele>716.98</ele>
      </trkpt>
      <trkpt lat="46.099349968" lon="6.565479962">
        <ele>718.57</ele>
      </trkpt>
      <trkpt lat="46.099270005" lon="6.565569984">
        <ele>720.87</ele>
      </trkpt>
      <trkpt lat="46.099140002" lon="6.565939961">
        <ele>721.55</ele>
      </trkpt>
      <trkpt lat="46.099040005" lon="6.566069964">
        <ele>723.57</ele>
      </trkpt>
      <trkpt lat="46.098789973" lon="6.566310022">
        <ele>723.43</ele>
      </trkpt>
      <trkpt lat="46.09871001" lon="6.566340029">
        <ele>723.7</ele>
      </trkpt>
      <trkpt lat="46.098619988" lon="6.566340029">
        <ele>726.76</ele>
      </trkpt>
      <trkpt lat="46.098489985" lon="6.566370036">
        <ele>728.44</ele>
      </trkpt>
      <trkpt lat="46.098440029" lon="6.566540021">
        <ele>729.39</ele>
      </trkpt>
      <trkpt lat="46.098440029" lon="6.566700032">
        <ele>729</ele>
      </trkpt>
      <trkpt lat="46.098410021" lon="6.566870017">
        <ele>729.86</ele>
      </trkpt>
      <trkpt lat="46.09837004" lon="6.56700002">
        <ele>729.92</ele>
      </trkpt>
      <trkpt lat="46.09803996" lon="6.567420037">
        <ele>732.86</ele>
      </trkpt>
      <trkpt lat="46.097899983" lon="6.567899985">
        <ele>732.02</ele>
      </trkpt>
      <trkpt lat="46.097820019" lon="6.567999981">
        <ele>740.5</ele>
      </trkpt>
      <trkpt lat="46.097669983" lon="6.568280021">
        <ele>744.66</ele>
      </trkpt>
      <trkpt lat="46.097579962" lon="6.568989968">
        <ele>742.12</ele>
      </trkpt>
      <trkpt lat="46.097499998" lon="6.569319964">
        <ele>740.08</ele>
      </trkpt>
      <trkpt lat="46.097430009" lon="6.569469999">
        <ele>742.14</ele>
      </trkpt>
      <trkpt lat="46.096840007" lon="6.570429979">
        <ele>737.69</ele>
      </trkpt>
      <trkpt lat="46.096649989" lon="6.570870029">
        <ele>739.12</ele>
      </trkpt>
      <trkpt lat="46.09647003" lon="6.571349977">
        <ele>746.27</ele>
      </trkpt>
      <trkpt lat="46.096170042" lon="6.571950037">
        <ele>750.76</ele>
      </trkpt>
      <trkpt lat="46.096059987" lon="6.572499974">
        <ele>754.39</ele>
      </trkpt>
      <trkpt lat="46.096050013" lon="6.572899958">
        <ele>758.28</ele>
      </trkpt>
      <trkpt lat="46.096020006" lon="6.573010012">
        <ele>761.04</ele>
      </trkpt>
      <trkpt lat="46.09592001" lon="6.573100034">
        <ele>767.56</ele>
      </trkpt>
      <trkpt lat="46.095330007" lon="6.573330034">
        <ele>771.4</ele>
      </trkpt>
      <trkpt lat="46.095100008" lon="6.573470011">
        <ele>778.12</ele>
      </trkpt>
      <trkpt lat="46.094849976" lon="6.573690036">
        <ele>781.7</ele>
      </trkpt>
      <trkpt lat="46.094459966" lon="6.574039981">
        <ele>783.12</ele>
      </trkpt>
      <trkpt lat="46.094300039" lon="6.574220024">
        <ele>777.03</ele>
      </trkpt>
      <trkpt lat="46.094199959" lon="6.574399983">
        <ele>776.98</ele>
      </trkpt>
      <trkpt lat="46.09407004" lon="6.574720005">
        <ele>772.76</ele>
      </trkpt>
      <trkpt lat="46.093980018" lon="6.574810026">
        <ele>769.44</ele>
      </trkpt>
      <trkpt lat="46.093620015" lon="6.574989986">
        <ele>769.25</ele>
      </trkpt>
      <trkpt lat="46.093480037" lon="6.575110014">
        <ele>771.97</ele>
      </trkpt>
      <trkpt lat="46.093339976" lon="6.575270025">
        <ele>770.88</ele>
      </trkpt>
      <trkpt lat="46.093130009" lon="6.575579988">
        <ele>772.69</ele>
      </trkpt>
      <trkpt lat="46.092939991" lon="6.575770006">
        <ele>775.31</ele>
      </trkpt>
      <trkpt lat="46.092819963" lon="6.57583002">
        <ele>776.76</ele>
      </trkpt>
      <trkpt lat="46.092689959" lon="6.575849969">
        <ele>777.95</ele>
      </trkpt>
      <trkpt lat="46.092500025" lon="6.57583002">
        <ele>780.83</ele>
      </trkpt>
      <trkpt lat="46.092400029" lon="6.575879976">
        <ele>781.29</ele>
      </trkpt>
      <trkpt lat="46.092149997" lon="6.576120034">
        <ele>783.02</ele>
      </trkpt>
      <trkpt lat="46.091910023" lon="6.576290019">
        <ele>783.41</ele>
      </trkpt>
      <trkpt lat="46.09172998" lon="6.576399989">
        <ele>784.55</ele>
      </trkpt>
      <trkpt lat="46.091229999" lon="6.57666997">
        <ele>785.34</ele>
      </trkpt>
      <trkpt lat="46.090890029" lon="6.576820007">
        <ele>785.2</ele>
      </trkpt>
      <trkpt lat="46.090760026" lon="6.576940035">
        <ele>786.01</ele>
      </trkpt>
      <trkpt lat="46.090730019" lon="6.577010024">
        <ele>786.8</ele>
      </trkpt>
      <trkpt lat="46.090679979" lon="6.577319987">
        <ele>783.64</ele>
      </trkpt>
      <trkpt lat="46.090670004" lon="6.57778996">
        <ele>780.8</ele>
      </trkpt>
      <trkpt lat="46.090779975" lon="6.579110026">
        <ele>779.92</ele>
      </trkpt>
      <trkpt lat="46.091020033" lon="6.579329967">
        <ele>776.37</ele>
      </trkpt>
      <trkpt lat="46.091120029" lon="6.579470029">
        <ele>773.03</ele>
      </trkpt>
      <trkpt lat="46.091209967" lon="6.579640014">
        <ele>772.76</ele>
      </trkpt>
      <trkpt lat="46.091220025" lon="6.579700028">
        <ele>772.23</ele>
      </trkpt>
      <trkpt lat="46.091220025" lon="6.579789966">
        <ele>771.04</ele>
      </trkpt>
      <trkpt lat="46.091190018" lon="6.579870013">
        <ele>769.88</ele>
      </trkpt>
      <trkpt lat="46.091099996" lon="6.579909995">
        <ele>768.75</ele>
      </trkpt>
      <trkpt lat="46.090979967" lon="6.579889962">
        <ele>767.42</ele>
      </trkpt>
      <trkpt lat="46.090900004" lon="6.579849981">
        <ele>765.67</ele>
      </trkpt>
      <trkpt lat="46.090790033" lon="6.579759959">
        <ele>764.54</ele>
      </trkpt>
      <trkpt lat="46.090460038" lon="6.579589974">
        <ele>763.14</ele>
      </trkpt>
      <trkpt lat="46.090389965" lon="6.579589974">
        <ele>761.54</ele>
      </trkpt>
      <trkpt lat="46.089819996" lon="6.57974001">
        <ele>759.42</ele>
      </trkpt>
      <trkpt lat="46.089699967" lon="6.579789966">
        <ele>757.94</ele>
      </trkpt>
      <trkpt lat="46.089060008" lon="6.58030998">
        <ele>755.94</ele>
      </trkpt>
      <trkpt lat="46.088720038" lon="6.58046999">
        <ele>754.28</ele>
      </trkpt>
      <trkpt lat="46.088619959" lon="6.580530005">
        <ele>752.04</ele>
      </trkpt>
      <trkpt lat="46.088509988" lon="6.580639975">
        <ele>750.2</ele>
      </trkpt>
      <trkpt lat="46.088340003" lon="6.58086">
        <ele>747.78</ele>
      </trkpt>
      <trkpt lat="46.088249981" lon="6.58103996">
        <ele>746.01</ele>
      </trkpt>
      <trkpt lat="46.088040015" lon="6.581719983">
        <ele>743.41</ele>
      </trkpt>
      <trkpt lat="46.087520001" lon="6.582860006">
        <ele>741.64</ele>
      </trkpt>
      <trkpt lat="46.087350016" lon="6.58276001">
        <ele>740.12</ele>
      </trkpt>
      <trkpt lat="46.087069977" lon="6.582599999">
        <ele>738.45</ele>
      </trkpt>
      <trkpt lat="46.08664996" lon="6.582309985">
        <ele>735.65</ele>
      </trkpt>
      <trkpt lat="46.08652004" lon="6.582170008">
        <ele>732.37</ele>
      </trkpt>
      <trkpt lat="46.086449968" lon="6.58197999">
        <ele>729.29</ele>
      </trkpt>
      <trkpt lat="46.086249975" lon="6.581099974">
        <ele>726.55</ele>
      </trkpt>
      <trkpt lat="46.086209994" lon="6.581010036">
        <ele>723.98</ele>
      </trkpt>
      <trkpt lat="46.086189961" lon="6.580929989">
        <ele>722.7</ele>
      </trkpt>
      <trkpt lat="46.086179987" lon="6.58069999">
        <ele>723.07</ele>
      </trkpt>
      <trkpt lat="46.086119972" lon="6.580439983">
        <ele>721.24</ele>
      </trkpt>
      <trkpt lat="46.085979994" lon="6.580009991">
        <ele>717.39</ele>
      </trkpt>
      <trkpt lat="46.085840017" lon="6.579779992">
        <ele>712.71</ele>
      </trkpt>
      <trkpt lat="46.085159993" lon="6.579270037">
        <ele>707.96</ele>
      </trkpt>
      <trkpt lat="46.084939968" lon="6.579029979">
        <ele>702.4</ele>
      </trkpt>
      <trkpt lat="46.084869979" lon="6.578920009">
        <ele>695.51</ele>
      </trkpt>
      <trkpt lat="46.084750034" lon="6.578680035">
        <ele>690.83</ele>
      </trkpt>
      <trkpt lat="46.084439987" lon="6.577700023">
        <ele>687.8</ele>
      </trkpt>
      <trkpt lat="46.084430013" lon="6.577159977">
        <ele>684.34</ele>
      </trkpt>
      <trkpt lat="46.08440998" lon="6.57711002">
        <ele>681.56</ele>
      </trkpt>
      <trkpt lat="46.084369998" lon="6.577099962">
        <ele>681.04</ele>
      </trkpt>
      <trkpt lat="46.084330017" lon="6.577129969">
        <ele>679.96</ele>
      </trkpt>
      <trkpt lat="46.084139999" lon="6.577879982">
        <ele>678.73</ele>
      </trkpt>
      <trkpt lat="46.084109992" lon="6.577919964">
        <ele>677.62</ele>
      </trkpt>
      <trkpt lat="46.08407001" lon="6.577909989">
        <ele>676.47</ele>
      </trkpt>
      <trkpt lat="46.084049977" lon="6.577879982">
        <ele>672.21</ele>
      </trkpt>
      <trkpt lat="46.084040003" lon="6.57744999">
        <ele>668.8</ele>
      </trkpt>
      <trkpt lat="46.084009996" lon="6.577300038">
        <ele>665.14</ele>
      </trkpt>
      <trkpt lat="46.08396004" lon="6.577150002">
        <ele>660.89</ele>
      </trkpt>
      <trkpt lat="46.08385996" lon="6.576959984">
        <ele>654.96</ele>
      </trkpt>
      <trkpt lat="46.083600037" lon="6.576659996">
        <ele>650.95</ele>
      </trkpt>
      <trkpt lat="46.083440026" lon="6.576369982">
        <ele>647.3</ele>
      </trkpt>
      <trkpt lat="46.083189994" lon="6.575549981">
        <ele>646.4</ele>
      </trkpt>
      <trkpt lat="46.08318002" lon="6.575370021">
        <ele>642.17</ele>
      </trkpt>
      <trkpt lat="46.083240034" lon="6.575029967">
        <ele>640.82</ele>
      </trkpt>
      <trkpt lat="46.08318002" lon="6.574929971">
        <ele>641.11</ele>
      </trkpt>
      <trkpt lat="46.083080023" lon="6.575410003">
        <ele>640.74</ele>
      </trkpt>
      <trkpt lat="46.083010035" lon="6.576279961">
        <ele>637.48</ele>
      </trkpt>
      <trkpt lat="46.083010035" lon="6.576680029">
        <ele>637.2</ele>
      </trkpt>
      <trkpt lat="46.083089998" lon="6.57767999">
        <ele>637.66</ele>
      </trkpt>
      <trkpt lat="46.083059991" lon="6.578009985">
        <ele>639.05</ele>
      </trkpt>
      <trkpt lat="46.082929987" lon="6.578330006">
        <ele>638.48</ele>
      </trkpt>
      <trkpt lat="46.082479963" lon="6.579110026">
        <ele>634.24</ele>
      </trkpt>
      <trkpt lat="46.082379967" lon="6.579329967">
        <ele>633.06</ele>
      </trkpt>
      <trkpt lat="46.082249964" lon="6.579749985">
        <ele>632.52</ele>
      </trkpt>
      <trkpt lat="46.082200007" lon="6.580009991">
        <ele>627.87</ele>
      </trkpt>
      <trkpt lat="46.082100011" lon="6.580820018">
        <ele>626.08</ele>
      </trkpt>
      <trkpt lat="46.082030022" lon="6.581180021">
        <ele>625.6</ele>
      </trkpt>
      <trkpt lat="46.081889961" lon="6.581610013">
        <ele>624.58</ele>
      </trkpt>
      <trkpt lat="46.081770016" lon="6.581819979">
        <ele>618.77</ele>
      </trkpt>
      <trkpt lat="46.081589973" lon="6.582060037">
        <ele>617</ele>
      </trkpt>
      <trkpt lat="46.081400039" lon="6.582330018">
        <ele>614.26</ele>
      </trkpt>
      <trkpt lat="46.081150006" lon="6.582650039">
        <ele>614.29</ele>
      </trkpt>
      <trkpt lat="46.08099997" lon="6.58276001">
        <ele>613.84</ele>
      </trkpt>
      <trkpt lat="46.080829986" lon="6.582839973">
        <ele>616.2</ele>
      </trkpt>
      <trkpt lat="46.08066" lon="6.58286998">
        <ele>617.9</ele>
      </trkpt>
      <trkpt lat="46.080560004" lon="6.58286998">
        <ele>617.72</ele>
      </trkpt>
      <trkpt lat="46.080469983" lon="6.582850032">
        <ele>617.72</ele>
      </trkpt>
      <trkpt lat="46.080000009" lon="6.582660014">
        <ele>615.91</ele>
      </trkpt>
      <trkpt lat="46.079600025" lon="6.582630007">
        <ele>610.85</ele>
      </trkpt>
      <trkpt lat="46.079340018" lon="6.582679963">
        <ele>609.33</ele>
      </trkpt>
      <trkpt lat="46.078710034" lon="6.582850032">
        <ele>606.89</ele>
      </trkpt>
      <trkpt lat="46.078509958" lon="6.582980035">
        <ele>605.99</ele>
      </trkpt>
      <trkpt lat="46.078360006" lon="6.583129987">
        <ele>603.28</ele>
      </trkpt>
      <trkpt lat="46.078239977" lon="6.583299972">
        <ele>604.28</ele>
      </trkpt>
      <trkpt lat="46.078109974" lon="6.583559979">
        <ele>600.37</ele>
      </trkpt>
      <trkpt lat="46.077979971" lon="6.58393004">
        <ele>600.75</ele>
      </trkpt>
      <trkpt lat="46.077879975" lon="6.584089966">
        <ele>599.54</ele>
      </trkpt>
      <trkpt lat="46.077839993" lon="6.584119974">
        <ele>599.3</ele>
      </trkpt>
      <trkpt lat="46.077719964" lon="6.584119974">
        <ele>595.63</ele>
      </trkpt>
      <trkpt lat="46.077660033" lon="6.584079992">
        <ele>594.86</ele>
      </trkpt>
      <trkpt lat="46.077630026" lon="6.58404001">
        <ele>593.07</ele>
      </trkpt>
      <trkpt lat="46.077570012" lon="6.583859967">
        <ele>591.15</ele>
      </trkpt>
      <trkpt lat="46.077589961" lon="6.583689982">
        <ele>590.36</ele>
      </trkpt>
      <trkpt lat="46.077640001" lon="6.583559979">
        <ele>591.44</ele>
      </trkpt>
      <trkpt lat="46.07820997" lon="6.58242004">
        <ele>591.07</ele>
      </trkpt>
      <trkpt lat="46.078480035" lon="6.58197999">
        <ele>590.96</ele>
      </trkpt>
      <trkpt lat="46.078690002" lon="6.581770023">
        <ele>590.33</ele>
      </trkpt>
      <trkpt lat="46.078769965" lon="6.581710009">
        <ele>589.72</ele>
      </trkpt>
      <trkpt lat="46.078889994" lon="6.581680002">
        <ele>590.26</ele>
      </trkpt>
      <trkpt lat="46.079210015" lon="6.581710009">
        <ele>590.93</ele>
      </trkpt>
      <trkpt lat="46.079319986" lon="6.581700034">
        <ele>589.1</ele>
      </trkpt>
      <trkpt lat="46.079359967" lon="6.581680002">
        <ele>587.5</ele>
      </trkpt>
      <trkpt lat="46.079440014" lon="6.58158998">
        <ele>585.99</ele>
      </trkpt>
      <trkpt lat="46.079459963" lon="6.581529966">
        <ele>584.12</ele>
      </trkpt>
      <trkpt lat="46.079479996" lon="6.581370039">
        <ele>581.64</ele>
      </trkpt>
      <trkpt lat="46.079449989" lon="6.581259984">
        <ele>580.4</ele>
      </trkpt>
      <trkpt lat="46.079359967" lon="6.581120007">
        <ele>579.49</ele>
      </trkpt>
      <trkpt lat="46.079240022" lon="6.581029985">
        <ele>579.69</ele>
      </trkpt>
      <trkpt lat="46.078940034" lon="6.580899982">
        <ele>578.51</ele>
      </trkpt>
      <trkpt lat="46.078750016" lon="6.580850026">
        <ele>578.77</ele>
      </trkpt>
      <trkpt lat="46.07865002" lon="6.580850026">
        <ele>577.21</ele>
      </trkpt>
      <trkpt lat="46.078529991" lon="6.580880033">
        <ele>574.53</ele>
      </trkpt>
      <trkpt lat="46.078390013" lon="6.580929989">
        <ele>571.13</ele>
      </trkpt>
      <trkpt lat="46.078042197" lon="6.581113333">
        <ele>569.95</ele>
      </trkpt>
      <trkpt lat="46.077996" lon="6.581140993">
        <ele>568.37</ele>
      </trkpt>
      <trkpt lat="46.077775003" lon="6.581275006">
        <ele>566.08</ele>
      </trkpt>
      <trkpt lat="46.077698999" lon="6.581327999">
        <ele>564.72</ele>
      </trkpt>
      <trkpt lat="46.077619996" lon="6.581400006">
        <ele>563.12</ele>
      </trkpt>
      <trkpt lat="46.077518001" lon="6.581517">
        <ele>559.67</ele>
      </trkpt>
      <trkpt lat="46.077361002" lon="6.581734998">
        <ele>558.23</ele>
      </trkpt>
      <trkpt lat="46.077073994" lon="6.582176003">
        <ele>557.5</ele>
      </trkpt>
      <trkpt lat="46.076881997" lon="6.582469999">
        <ele>556.77</ele>
      </trkpt>
      <trkpt lat="46.076750288" lon="6.582672376">
        <ele>558.14</ele>
      </trkpt>
      <trkpt lat="46.076690003" lon="6.582765004">
        <ele>558.6</ele>
      </trkpt>
      <trkpt lat="46.076586997" lon="6.582876008">
        <ele>557.01</ele>
      </trkpt>
      <trkpt lat="46.076487004" lon="6.582958998">
        <ele>557.49</ele>
      </trkpt>
      <trkpt lat="46.076352999" lon="6.583051996">
        <ele>558.05</ele>
      </trkpt>
      <trkpt lat="46.076317661" lon="6.583080582">
        <ele>554.79</ele>
      </trkpt>
      <trkpt lat="46.076259003" lon="6.583128007">
        <ele>554.62</ele>
      </trkpt>
      <trkpt lat="46.076189996" lon="6.583201995">
        <ele>554.08</ele>
      </trkpt>
      <trkpt lat="46.076129997" lon="6.583289006">
        <ele>553.49</ele>
      </trkpt>
      <trkpt lat="46.076093484" lon="6.58336391">
        <ele>552.82</ele>
      </trkpt>
      <trkpt lat="46.076090998" lon="6.583369006">
        <ele>553.62</ele>
      </trkpt>
      <trkpt lat="46.076083998" lon="6.583384001">
        <ele>554.33</ele>
      </trkpt>
      <trkpt lat="46.076050998" lon="6.583515995">
        <ele>554</ele>
      </trkpt>
      <trkpt lat="46.076005003" lon="6.583760006">
        <ele>554.4</ele>
      </trkpt>
      <trkpt lat="46.075967001" lon="6.583881998">
        <ele>555.78</ele>
      </trkpt>
      <trkpt lat="46.075918002" lon="6.583993998">
        <ele>559.31</ele>
      </trkpt>
      <trkpt lat="46.075854997" lon="6.584083997">
        <ele>562.16</ele>
      </trkpt>
      <trkpt lat="46.075804" lon="6.584134006">
        <ele>565.72</ele>
      </trkpt>
      <trkpt lat="46.075741999" lon="6.584162003">
        <ele>568.77</ele>
      </trkpt>
      <trkpt lat="46.075670002" lon="6.584178002">
        <ele>571.22</ele>
      </trkpt>
      <trkpt lat="46.075623001" lon="6.584194">
        <ele>572.28</ele>
      </trkpt>
      <trkpt lat="46.075536994" lon="6.584235999">
        <ele>570.83</ele>
      </trkpt>
      <trkpt lat="46.075433002" lon="6.584303997">
        <ele>570.43</ele>
      </trkpt>
      <trkpt lat="46.075355995" lon="6.584355002">
        <ele>570.64</ele>
      </trkpt>
      <trkpt lat="46.075307002" lon="6.584365003">
        <ele>571.18</ele>
      </trkpt>
      <trkpt lat="46.075237998" lon="6.584368995">
        <ele>568.28</ele>
      </trkpt>
      <trkpt lat="46.075174995" lon="6.584344005">
        <ele>568.9</ele>
      </trkpt>
      <trkpt lat="46.075104002" lon="6.584299997">
        <ele>570.24</ele>
      </trkpt>
      <trkpt lat="46.075007999" lon="6.584195995">
        <ele>566.85</ele>
      </trkpt>
      <trkpt lat="46.07493233" lon="6.584117696">
        <ele>561.44</ele>
      </trkpt>
      <trkpt lat="46.074892999" lon="6.584076998">
        <ele>559.59</ele>
      </trkpt>
      <trkpt lat="46.074799998" lon="6.584018007">
        <ele>556.9</ele>
      </trkpt>
      <trkpt lat="46.074722004" lon="6.583999006">
        <ele>549.82</ele>
      </trkpt>
      <trkpt lat="46.074641999" lon="6.583991998">
        <ele>547.23</ele>
      </trkpt>
      <trkpt lat="46.074561002" lon="6.583997009">
        <ele>546.5</ele>
      </trkpt>
      <trkpt lat="46.074485998" lon="6.584019999">
        <ele>548.05</ele>
      </trkpt>
      <trkpt lat="46.074403998" lon="6.584064992">
        <ele>546.64</ele>
      </trkpt>
      <trkpt lat="46.074343996" lon="6.584114995">
        <ele>548.71</ele>
      </trkpt>
      <trkpt lat="46.074286999" lon="6.584199995">
        <ele>550.56</ele>
      </trkpt>
      <trkpt lat="46.074194005" lon="6.584323004">
        <ele>552.25</ele>
      </trkpt>
      <trkpt lat="46.074125998" lon="6.584378999">
        <ele>547.43</ele>
      </trkpt>
      <trkpt lat="46.074062996" lon="6.584409002">
        <ele>545.27</ele>
      </trkpt>
      <trkpt lat="46.073960999" lon="6.584438999">
        <ele>542.79</ele>
      </trkpt>
      <trkpt lat="46.073794999" lon="6.584493001">
        <ele>540.11</ele>
      </trkpt>
      <trkpt lat="46.073725001" lon="6.584532999">
        <ele>537.16</ele>
      </trkpt>
      <trkpt lat="46.073670998" lon="6.584588003">
        <ele>537.73</ele>
      </trkpt>
      <trkpt lat="46.073609998" lon="6.584667003">
        <ele>537.72</ele>
      </trkpt>
      <trkpt lat="46.073566999" lon="6.584760001">
        <ele>539.09</ele>
      </trkpt>
      <trkpt lat="46.073518998" lon="6.584889998">
        <ele>538.38</ele>
      </trkpt>
      <trkpt lat="46.073485005" lon="6.585020003">
        <ele>537.44</ele>
      </trkpt>
      <trkpt lat="46.073469001" lon="6.585146999">
        <ele>536.24</ele>
      </trkpt>
      <trkpt lat="46.073466962" lon="6.585206068">
        <ele>535.62</ele>
      </trkpt>
      <trkpt lat="46.073462004" lon="6.58535">
        <ele>533.38</ele>
      </trkpt>
      <trkpt lat="46.073464999" lon="6.585503">
        <ele>533.01</ele>
      </trkpt>
      <trkpt lat="46.073460001" lon="6.585621997">
        <ele>535.66</ele>
      </trkpt>
      <trkpt lat="46.073454996" lon="6.585702994">
        <ele>539</ele>
      </trkpt>
      <trkpt lat="46.073429997" lon="6.585800002">
        <ele>542.45</ele>
      </trkpt>
      <trkpt lat="46.073386001" lon="6.585878">
        <ele>546.43</ele>
      </trkpt>
      <trkpt lat="46.073315" lon="6.585944002">
        <ele>550.77</ele>
      </trkpt>
      <trkpt lat="46.073251998" lon="6.585970001">
        <ele>551.97</ele>
      </trkpt>
      <trkpt lat="46.073198003" lon="6.585969998">
        <ele>552.98</ele>
      </trkpt>
      <trkpt lat="46.073139997" lon="6.585960007">
        <ele>553.67</ele>
      </trkpt>
      <trkpt lat="46.073089002" lon="6.585930994">
        <ele>554.12</ele>
      </trkpt>
      <trkpt lat="46.073035997" lon="6.58589">
        <ele>554.12</ele>
      </trkpt>
      <trkpt lat="46.072978003" lon="6.585798997">
        <ele>552.61</ele>
      </trkpt>
      <trkpt lat="46.072922004" lon="6.585711">
        <ele>550.97</ele>
      </trkpt>
      <trkpt lat="46.072882135" lon="6.58564059">
        <ele>550.2</ele>
      </trkpt>
      <trkpt lat="46.072879003" lon="6.585635003">
        <ele>545.54</ele>
      </trkpt>
      <trkpt lat="46.072743002" lon="6.585386003">
        <ele>542.84</ele>
      </trkpt>
      <trkpt lat="46.072590994" lon="6.585166006">
        <ele>542.5</ele>
      </trkpt>
      <trkpt lat="46.072455996" lon="6.585005001">
        <ele>538.3</ele>
      </trkpt>
      <trkpt lat="46.072393003" lon="6.584965998">
        <ele>530.52</ele>
      </trkpt>
      <trkpt lat="46.072333997" lon="6.584948003">
        <ele>529.63</ele>
      </trkpt>
      <trkpt lat="46.072287002" lon="6.584940998">
        <ele>527.49</ele>
      </trkpt>
      <trkpt lat="46.072223997" lon="6.584946003">
        <ele>521.86</ele>
      </trkpt>
      <trkpt lat="46.072098999" lon="6.584983005">
        <ele>519.49</ele>
      </trkpt>
      <trkpt lat="46.071728999" lon="6.585102004">
        <ele>517.77</ele>
      </trkpt>
      <trkpt lat="46.071359998" lon="6.585229005">
        <ele>513.1</ele>
      </trkpt>
      <trkpt lat="46.071210006" lon="6.585295004">
        <ele>511.15</ele>
      </trkpt>
      <trkpt lat="46.071125999" lon="6.585342995">
        <ele>509.19</ele>
      </trkpt>
      <trkpt lat="46.071027996" lon="6.585411999">
        <ele>507.99</ele>
      </trkpt>
      <trkpt lat="46.070941999" lon="6.585490994">
        <ele>511.47</ele>
      </trkpt>
      <trkpt lat="46.070857" lon="6.585603999">
        <ele>512.91</ele>
      </trkpt>
      <trkpt lat="46.070719001" lon="6.585784995">
        <ele>511.29</ele>
      </trkpt>
      <trkpt lat="46.070642994" lon="6.585889002">
        <ele>512.8</ele>
      </trkpt>
      <trkpt lat="46.070588995" lon="6.585935002">
        <ele>514.39</ele>
      </trkpt>
      <trkpt lat="46.070541998" lon="6.585965994">
        <ele>512.31</ele>
      </trkpt>
      <trkpt lat="46.070474001" lon="6.585995991">
        <ele>512.22</ele>
      </trkpt>
      <trkpt lat="46.070409995" lon="6.586007004">
        <ele>512.12</ele>
      </trkpt>
      <trkpt lat="46.070353994" lon="6.586000006">
        <ele>512.19</ele>
      </trkpt>
      <trkpt lat="46.070295003" lon="6.585981002">
        <ele>512.44</ele>
      </trkpt>
      <trkpt lat="46.070216998" lon="6.585924998">
        <ele>509.88</ele>
      </trkpt>
      <trkpt lat="46.070150005" lon="6.585858007">
        <ele>506.57</ele>
      </trkpt>
      <trkpt lat="46.069813" lon="6.585528007">
        <ele>503.06</ele>
      </trkpt>
      <trkpt lat="46.069537002" lon="6.585246998">
        <ele>499.18</ele>
      </trkpt>
      <trkpt lat="46.069474995" lon="6.585169998">
        <ele>494.87</ele>
      </trkpt>
      <trkpt lat="46.069461001" lon="6.585151006">
        <ele>494.27</ele>
      </trkpt>
      <trkpt lat="46.069417004" lon="6.585082007">
        <ele>494.29</ele>
      </trkpt>
      <trkpt lat="46.069339998" lon="6.584927996">
        <ele>493.7</ele>
      </trkpt>
      <trkpt lat="46.069317001" lon="6.584883006">
        <ele>493.43</ele>
      </trkpt>
      <trkpt lat="46.069275998" lon="6.584791993">
        <ele>493.21</ele>
      </trkpt>
      <trkpt lat="46.069212998" lon="6.584660006">
        <ele>492.2</ele>
      </trkpt>
      <trkpt lat="46.069196" lon="6.584620006">
        <ele>491.14</ele>
      </trkpt>
      <trkpt lat="46.068996004" lon="6.584131004">
        <ele>490.67</ele>
      </trkpt>
      <trkpt lat="46.068911001" lon="6.583844999">
        <ele>489.73</ele>
      </trkpt>
      <trkpt lat="46.068901002" lon="6.583725006">
        <ele>488.74</ele>
      </trkpt>
      <trkpt lat="46.068902002" lon="6.583658">
        <ele>488.57</ele>
      </trkpt>
      <trkpt lat="46.068890004" lon="6.583602993">
        <ele>488.44</ele>
      </trkpt>
      <trkpt lat="46.068880995" lon="6.583587991">
        <ele>488.34</ele>
      </trkpt>
      <trkpt lat="46.068857997" lon="6.583553001">
        <ele>488.4</ele>
      </trkpt>
      <trkpt lat="46.068831997" lon="6.583525999">
        <ele>487.84</ele>
      </trkpt>
      <trkpt lat="46.068786004" lon="6.583501008">
        <ele>487.34</ele>
      </trkpt>
      <trkpt lat="46.068621998" lon="6.583236995">
        <ele>486.93</ele>
      </trkpt>
      <trkpt lat="46.068459996" lon="6.582800005">
        <ele>486.71</ele>
      </trkpt>
      <trkpt lat="46.068325006" lon="6.582434997">
        <ele>486.65</ele>
      </trkpt>
      <trkpt lat="46.06819" lon="6.582069005">
        <ele>486.5</ele>
      </trkpt>
      <trkpt lat="46.068038997" lon="6.581641002">
        <ele>486.43</ele>
      </trkpt>
      <trkpt lat="46.067887" lon="6.581213001">
        <ele>486.22</ele>
      </trkpt>
      <trkpt lat="46.067735997" lon="6.580784005">
        <ele>485.65</ele>
      </trkpt>
      <trkpt lat="46.067633003" lon="6.580481998">
        <ele>485.14</ele>
      </trkpt>
      <trkpt lat="46.067530004" lon="6.580178995">
        <ele>485.39</ele>
      </trkpt>
      <trkpt lat="46.067439003" lon="6.580000993">
        <ele>485.04</ele>
      </trkpt>
      <trkpt lat="46.067400996" lon="6.579942001">
        <ele>484.73</ele>
      </trkpt>
      <trkpt lat="46.067358996" lon="6.579878994">
        <ele>484.58</ele>
      </trkpt>
      <trkpt lat="46.067265004" lon="6.579776">
        <ele>484.2</ele>
      </trkpt>
      <trkpt lat="46.067195006" lon="6.579734996">
        <ele>483.75</ele>
      </trkpt>
      <trkpt lat="46.067089996" lon="6.579706007">
        <ele>483.8</ele>
      </trkpt>
      <trkpt lat="46.066914996" lon="6.579668002">
        <ele>483.98</ele>
      </trkpt>
      <trkpt lat="46.066875004" lon="6.579678994">
        <ele>484.17</ele>
      </trkpt>
      <trkpt lat="46.066635" lon="6.579745002">
        <ele>484.36</ele>
      </trkpt>
      <trkpt lat="46.066614002" lon="6.579751999">
        <ele>484.55</ele>
      </trkpt>
      <trkpt lat="46.066605997" lon="6.579754003">
        <ele>484.67</ele>
      </trkpt>
      <trkpt lat="46.066587004" lon="6.579761998">
        <ele>484.67</ele>
      </trkpt>
      <trkpt lat="46.066423999" lon="6.579819997">
        <ele>484.46</ele>
      </trkpt>
      <trkpt lat="46.066095001" lon="6.579937002">
        <ele>484.1</ele>
      </trkpt>
      <trkpt lat="46.065976003" lon="6.579981007">
        <ele>483.74</ele>
      </trkpt>
      <trkpt lat="46.065603998" lon="6.580116004">
        <ele>483.57</ele>
      </trkpt>
      <trkpt lat="46.065595002" lon="6.580120002">
        <ele>483.38</ele>
      </trkpt>
      <trkpt lat="46.065379006" lon="6.580196999">
        <ele>483.38</ele>
      </trkpt>
      <trkpt lat="46.065345" lon="6.580204003">
        <ele>483.54</ele>
      </trkpt>
      <trkpt lat="46.065315001" lon="6.580204003">
        <ele>483.7</ele>
      </trkpt>
      <trkpt lat="46.065299005" lon="6.580205006">
        <ele>483.73</ele>
      </trkpt>
      <trkpt lat="46.065243" lon="6.580201006">
        <ele>483.79</ele>
      </trkpt>
      <trkpt lat="46.065196001" lon="6.580181004">
        <ele>483.97</ele>
      </trkpt>
      <trkpt lat="46.065150002" lon="6.580155008">
        <ele>484.01</ele>
      </trkpt>
      <trkpt lat="46.065096997" lon="6.5801">
        <ele>484.49</ele>
      </trkpt>
      <trkpt lat="46.065037997" lon="6.580019">
        <ele>484.84</ele>
      </trkpt>
      <trkpt lat="46.064926" lon="6.579881">
        <ele>485.15</ele>
      </trkpt>
      <trkpt lat="46.064881999" lon="6.579834">
        <ele>485.46</ele>
      </trkpt>
      <trkpt lat="46.064840999" lon="6.579801">
        <ele>485.91</ele>
      </trkpt>
      <trkpt lat="46.064767999" lon="6.579755995">
        <ele>485.98</ele>
      </trkpt>
      <trkpt lat="46.064750999" lon="6.579746003">
        <ele>485.63</ele>
      </trkpt>
      <trkpt lat="46.064658001" lon="6.579713992">
        <ele>485.38</ele>
      </trkpt>
      <trkpt lat="46.064565998" lon="6.579695007">
        <ele>485.09</ele>
      </trkpt>
      <trkpt lat="46.064457999" lon="6.579695001">
        <ele>484.14</ele>
      </trkpt>
      <trkpt lat="46.064342" lon="6.579709999">
        <ele>484.11</ele>
      </trkpt>
      <trkpt lat="46.064048998" lon="6.579752996">
        <ele>484.7</ele>
      </trkpt>
      <trkpt lat="46.063628998" lon="6.579823004">
        <ele>484.32</ele>
      </trkpt>
      <trkpt lat="46.063586001" lon="6.579831001">
        <ele>483.81</ele>
      </trkpt>
      <trkpt lat="46.063306001" lon="6.579879002">
        <ele>483.79</ele>
      </trkpt>
      <trkpt lat="46.063108" lon="6.579905994">
        <ele>483.53</ele>
      </trkpt>
      <trkpt lat="46.062837996" lon="6.579946008">
        <ele>482.85</ele>
      </trkpt>
      <trkpt lat="46.062545999" lon="6.579988007">
        <ele>483.06</ele>
      </trkpt>
      <trkpt lat="46.062269006" lon="6.580025">
        <ele>483.68</ele>
      </trkpt>
      <trkpt lat="46.061990999" lon="6.580063002">
        <ele>484.36</ele>
      </trkpt>
      <trkpt lat="46.061847001" lon="6.580082002">
        <ele>484.45</ele>
      </trkpt>
      <trkpt lat="46.061600003" lon="6.580116003">
        <ele>484.85</ele>
      </trkpt>
      <trkpt lat="46.061353" lon="6.580151">
        <ele>485.21</ele>
      </trkpt>
      <trkpt lat="46.061349999" lon="6.580123004">
        <ele>485.23</ele>
      </trkpt>
      <trkpt lat="46.061336997" lon="6.580086003">
        <ele>485.36</ele>
      </trkpt>
      <trkpt lat="46.061312999" lon="6.580054994">
        <ele>485.38</ele>
      </trkpt>
      <trkpt lat="46.061287998" lon="6.580040001">
        <ele>485.65</ele>
      </trkpt>
      <trkpt lat="46.061264002" lon="6.580036003">
        <ele>485.98</ele>
      </trkpt>
      <trkpt lat="46.061236005" lon="6.580037998">
        <ele>486.34</ele>
      </trkpt>
      <trkpt lat="46.061212004" lon="6.580060998">
        <ele>486.72</ele>
      </trkpt>
      <trkpt lat="46.061192996" lon="6.580093995">
        <ele>487.11</ele>
      </trkpt>
      <trkpt lat="46.061183998" lon="6.580128008">
        <ele>487.21</ele>
      </trkpt>
      <trkpt lat="46.061185998" lon="6.580166001">
        <ele>486.91</ele>
      </trkpt>
      <trkpt lat="46.060916996" lon="6.580207994">
        <ele>486.68</ele>
      </trkpt>
      <trkpt lat="46.060648003" lon="6.58025">
        <ele>486.46</ele>
      </trkpt>
      <trkpt lat="46.060551" lon="6.580264007">
        <ele>486.48</ele>
      </trkpt>
      <trkpt lat="46.060507998" lon="6.580268999">
        <ele>486.72</ele>
      </trkpt>
      <trkpt lat="46.060118999" lon="6.580322994">
        <ele>487.34</ele>
      </trkpt>
      <trkpt lat="46.059983001" lon="6.580340999">
        <ele>487.57</ele>
      </trkpt>
      <trkpt lat="46.059694997" lon="6.580376999">
        <ele>487.87</ele>
      </trkpt>
      <trkpt lat="46.059406998" lon="6.580413997">
        <ele>487.92</ele>
      </trkpt>
      <trkpt lat="46.059087998" lon="6.580458995">
        <ele>487.51</ele>
      </trkpt>
      <trkpt lat="46.058769999" lon="6.580503994">
        <ele>486.75</ele>
      </trkpt>
      <trkpt lat="46.058373003" lon="6.580564003">
        <ele>486.31</ele>
      </trkpt>
      <trkpt lat="46.057975998" lon="6.580618003">
        <ele>485.41</ele>
      </trkpt>
      <trkpt lat="46.057942998" lon="6.580607993">
        <ele>484.48</ele>
      </trkpt>
      <trkpt lat="46.057915996" lon="6.580602996">
        <ele>483.89</ele>
      </trkpt>
      <trkpt lat="46.057889999" lon="6.580601004">
        <ele>483.61</ele>
      </trkpt>
      <trkpt lat="46.057879995" lon="6.580576993">
        <ele>483.33</ele>
      </trkpt>
      <trkpt lat="46.057867997" lon="6.580559004">
        <ele>483.4</ele>
      </trkpt>
      <trkpt lat="46.057845003" lon="6.580544997">
        <ele>483.47</ele>
      </trkpt>
      <trkpt lat="46.057823995" lon="6.580540002">
        <ele>483.61</ele>
      </trkpt>
      <trkpt lat="46.057806999" lon="6.580541005">
        <ele>483.59</ele>
      </trkpt>
      <trkpt lat="46.057665994" lon="6.580461003">
        <ele>483.91</ele>
      </trkpt>
      <trkpt lat="46.057573995" lon="6.580354">
        <ele>484.12</ele>
      </trkpt>
      <trkpt lat="46.057513994" lon="6.580305005">
        <ele>484.2</ele>
      </trkpt>
      <trkpt lat="46.057471003" lon="6.580257999">
        <ele>484.18</ele>
      </trkpt>
      <trkpt lat="46.057409004" lon="6.580216008">
        <ele>484.4</ele>
      </trkpt>
      <trkpt lat="46.057406999" lon="6.580214997">
        <ele>484.35</ele>
      </trkpt>
      <trkpt lat="46.057358996" lon="6.580169995">
        <ele>484.45</ele>
      </trkpt>
      <trkpt lat="46.057319002" lon="6.580107997">
        <ele>484.64</ele>
      </trkpt>
      <trkpt lat="46.057267002" lon="6.580026001">
        <ele>484.75</ele>
      </trkpt>
      <trkpt lat="46.057214" lon="6.579982008">
        <ele>484.73</ele>
      </trkpt>
      <trkpt lat="46.057150001" lon="6.579948005">
        <ele>484.61</ele>
      </trkpt>
      <trkpt lat="46.057114999" lon="6.579945996">
        <ele>484.25</ele>
      </trkpt>
      <trkpt lat="46.057108" lon="6.579944996">
        <ele>484</ele>
      </trkpt>
      <trkpt lat="46.057066003" lon="6.579956994">
        <ele>483.89</ele>
      </trkpt>
      <trkpt lat="46.057028994" lon="6.579975998">
        <ele>483.97</ele>
      </trkpt>
      <trkpt lat="46.057008004" lon="6.579994997">
        <ele>484.1</ele>
      </trkpt>
      <trkpt lat="46.056972" lon="6.580027001">
        <ele>484.62</ele>
      </trkpt>
      <trkpt lat="46.056966997" lon="6.580039001">
        <ele>485.56</ele>
      </trkpt>
      <trkpt lat="46.056936999" lon="6.580112001">
        <ele>486.12</ele>
      </trkpt>
      <trkpt lat="46.056827002" lon="6.580159006">
        <ele>487.07</ele>
      </trkpt>
      <trkpt lat="46.056720663" lon="6.580219397">
        <ele>488.36</ele>
      </trkpt>
      <trkpt lat="46.056655581" lon="6.580164764">
        <ele>487.24</ele>
      </trkpt>
      <trkpt lat="46.056605992" lon="6.580139552">
        <ele>486.89</ele>
      </trkpt>
      <trkpt lat="46.056498998" lon="6.579674001">
        <ele>486.13</ele>
      </trkpt>
      <trkpt lat="46.056463997" lon="6.579502999">
        <ele>484.71</ele>
      </trkpt>
      <trkpt lat="46.056427" lon="6.579326999">
        <ele>482.87</ele>
      </trkpt>
      <trkpt lat="46.056418" lon="6.579282003">
        <ele>483.06</ele>
      </trkpt>
      <trkpt lat="46.056415004" lon="6.579265001">
        <ele>484.67</ele>
      </trkpt>
      <trkpt lat="46.056449003" lon="6.579185996">
        <ele>486.72</ele>
      </trkpt>
      <trkpt lat="46.056463001" lon="6.579084997">
        <ele>488.8</ele>
      </trkpt>
      <trkpt lat="46.056489001" lon="6.578955">
        <ele>488.52</ele>
      </trkpt>
      <trkpt lat="46.056515996" lon="6.578865996">
        <ele>488.62</ele>
      </trkpt>
      <trkpt lat="46.056581994" lon="6.578835">
        <ele>486.15</ele>
      </trkpt>
      <trkpt lat="46.056657995" lon="6.578760996">
        <ele>483.93</ele>
      </trkpt>
      <trkpt lat="46.056746001" lon="6.578697006">
        <ele>481.78</ele>
      </trkpt>
      <trkpt lat="46.056822002" lon="6.578593002">
        <ele>481.95</ele>
      </trkpt>
      <trkpt lat="46.056853003" lon="6.578550999">
        <ele>481.9</ele>
      </trkpt>
      <trkpt lat="46.056900005" lon="6.578435006">
        <ele>481.76</ele>
      </trkpt>
      <trkpt lat="46.056924002" lon="6.578399008">
        <ele>481.74</ele>
      </trkpt>
      <trkpt lat="46.056961997" lon="6.578371004">
        <ele>481.8</ele>
      </trkpt>
      <trkpt lat="46.057021996" lon="6.578341002">
        <ele>481.42</ele>
      </trkpt>
      <trkpt lat="46.057053005" lon="6.578328999">
        <ele>481.52</ele>
      </trkpt>
      <trkpt lat="46.057112004" lon="6.578272998">
        <ele>481.61</ele>
      </trkpt>
      <trkpt lat="46.057179004" lon="6.578150007">
        <ele>481.69</ele>
      </trkpt>
      <trkpt lat="46.05735" lon="6.577844">
        <ele>481.85</ele>
      </trkpt>
      <trkpt lat="46.057518001" lon="6.577601992">
        <ele>482.34</ele>
      </trkpt>
      <trkpt lat="46.057685" lon="6.577359995">
        <ele>482.51</ele>
      </trkpt>
      <trkpt lat="46.057983999" lon="6.576921004">
        <ele>482.45</ele>
      </trkpt>
      <trkpt lat="46.058193004" lon="6.576585003">
        <ele>482.36</ele>
      </trkpt>
      <trkpt lat="46.058360997" lon="6.576280007">
        <ele>482.01</ele>
      </trkpt>
      <trkpt lat="46.058385999" lon="6.576230995">
        <ele>482.3</ele>
      </trkpt>
      <trkpt lat="46.058582998" lon="6.575846002">
        <ele>482.25</ele>
      </trkpt>
      <trkpt lat="46.058738005" lon="6.575566001">
        <ele>482.44</ele>
      </trkpt>
      <trkpt lat="46.058915997" lon="6.575266001">
        <ele>482.55</ele>
      </trkpt>
      <trkpt lat="46.058893001" lon="6.575176004">
        <ele>482.72</ele>
      </trkpt>
      <trkpt lat="46.058875003" lon="6.575050996">
        <ele>482.55</ele>
      </trkpt>
      <trkpt lat="46.058872005" lon="6.574952006">
        <ele>482.21</ele>
      </trkpt>
    </trkseg>
  <trkseg>
      <trkpt lat="46.058872005" lon="6.574952006">
        <ele>482.21</ele>
      </trkpt>
      <trkpt lat="46.058930998" lon="6.574956998">
        <ele>482.2</ele>
      </trkpt>
      <trkpt lat="46.058983005" lon="6.574953999">
        <ele>481.53</ele>
      </trkpt>
      <trkpt lat="46.059032001" lon="6.574933">
        <ele>481.55</ele>
      </trkpt>
      <trkpt lat="46.059071001" lon="6.574902002">
        <ele>481.65</ele>
      </trkpt>
      <trkpt lat="46.059134" lon="6.57481">
        <ele>481.92</ele>
      </trkpt>
      <trkpt lat="46.059238999" lon="6.574655005">
        <ele>482.9</ele>
      </trkpt>
      <trkpt lat="46.059313994" lon="6.574477004">
        <ele>483.02</ele>
      </trkpt>
      <trkpt lat="46.059408" lon="6.574301003">
        <ele>483.3</ele>
      </trkpt>
      <trkpt lat="46.059185002" lon="6.573925004">
        <ele>483.48</ele>
      </trkpt>
      <trkpt lat="46.058936" lon="6.573504005">
        <ele>483.39</ele>
      </trkpt>
      <trkpt lat="46.05892" lon="6.573465998">
        <ele>483.2</ele>
      </trkpt>
      <trkpt lat="46.058868999" lon="6.573345007">
        <ele>483.34</ele>
      </trkpt>
      <trkpt lat="46.058851" lon="6.573250001">
        <ele>483.35</ele>
      </trkpt>
      <trkpt lat="46.058825997" lon="6.573147003">
        <ele>483.4</ele>
      </trkpt>
      <trkpt lat="46.058819996" lon="6.573056002">
        <ele>483.54</ele>
      </trkpt>
      <trkpt lat="46.058810001" lon="6.572958992">
        <ele>483.76</ele>
      </trkpt>
      <trkpt lat="46.058789001" lon="6.572896006">
        <ele>484.06</ele>
      </trkpt>
      <trkpt lat="46.058759" lon="6.572842003">
        <ele>484.32</ele>
      </trkpt>
      <trkpt lat="46.058733003" lon="6.572811994">
        <ele>484.44</ele>
      </trkpt>
      <trkpt lat="46.058726995" lon="6.572805">
        <ele>484.47</ele>
      </trkpt>
      <trkpt lat="46.058674004" lon="6.572764004">
        <ele>484.49</ele>
      </trkpt>
      <trkpt lat="46.058606001" lon="6.572748006">
        <ele>484.2</ele>
      </trkpt>
      <trkpt lat="46.058569002" lon="6.572765009">
        <ele>484.16</ele>
      </trkpt>
      <trkpt lat="46.058524996" lon="6.572771003">
        <ele>484.09</ele>
      </trkpt>
      <trkpt lat="46.058454" lon="6.572765">
        <ele>484</ele>
      </trkpt>
      <trkpt lat="46.058381999" lon="6.572736001">
        <ele>483.91</ele>
      </trkpt>
      <trkpt lat="46.058326999" lon="6.572705">
        <ele>483.8</ele>
      </trkpt>
      <trkpt lat="46.058311999" lon="6.572686998">
        <ele>483.45</ele>
      </trkpt>
      <trkpt lat="46.058272998" lon="6.572643999">
        <ele>483.26</ele>
      </trkpt>
      <trkpt lat="46.058237002" lon="6.572575999">
        <ele>483.2</ele>
      </trkpt>
      <trkpt lat="46.058213" lon="6.572500997">
        <ele>483.51</ele>
      </trkpt>
      <trkpt lat="46.058201005" lon="6.572450004">
        <ele>483.87</ele>
      </trkpt>
      <trkpt lat="46.058194999" lon="6.572372003">
        <ele>484.2</ele>
      </trkpt>
      <trkpt lat="46.058194002" lon="6.572343">
        <ele>484.51</ele>
      </trkpt>
      <trkpt lat="46.058152999" lon="6.572263992">
        <ele>484.78</ele>
      </trkpt>
      <trkpt lat="46.058145999" lon="6.572254991">
        <ele>484.68</ele>
      </trkpt>
      <trkpt lat="46.058117999" lon="6.572213006">
        <ele>484.57</ele>
      </trkpt>
      <trkpt lat="46.058091997" lon="6.572179994">
        <ele>484.49</ele>
      </trkpt>
      <trkpt lat="46.058052" lon="6.572150008">
        <ele>484.42</ele>
      </trkpt>
      <trkpt lat="46.057993998" lon="6.572115006">
        <ele>484.35</ele>
      </trkpt>
      <trkpt lat="46.057984997" lon="6.572111999">
        <ele>484.35</ele>
      </trkpt>
      <trkpt lat="46.057933003" lon="6.572092006">
        <ele>484.31</ele>
      </trkpt>
      <trkpt lat="46.057866001" lon="6.572075996">
        <ele>484.18</ele>
      </trkpt>
      <trkpt lat="46.057823003" lon="6.572077991">
        <ele>483.89</ele>
      </trkpt>
      <trkpt lat="46.057766002" lon="6.572065001">
        <ele>484.17</ele>
      </trkpt>
      <trkpt lat="46.057696998" lon="6.572026992">
        <ele>484.27</ele>
      </trkpt>
      <trkpt lat="46.057523002" lon="6.571876994">
        <ele>484.3</ele>
      </trkpt>
      <trkpt lat="46.057362004" lon="6.571735002">
        <ele>484.19</ele>
      </trkpt>
      <trkpt lat="46.057055004" lon="6.571472001">
        <ele>484.51</ele>
      </trkpt>
      <trkpt lat="46.056824996" lon="6.571269008">
        <ele>484.36</ele>
      </trkpt>
      <trkpt lat="46.056664001" lon="6.571106006">
        <ele>484.08</ele>
      </trkpt>
      <trkpt lat="46.056525996" lon="6.570910007">
        <ele>484.03</ele>
      </trkpt>
      <trkpt lat="46.056433006" lon="6.5707">
        <ele>484.29</ele>
      </trkpt>
      <trkpt lat="46.056392003" lon="6.570555999">
        <ele>484.34</ele>
      </trkpt>
      <trkpt lat="46.056370996" lon="6.570464001">
        <ele>483.97</ele>
      </trkpt>
      <trkpt lat="46.056353999" lon="6.570345993">
        <ele>483.9</ele>
      </trkpt>
      <trkpt lat="46.056343" lon="6.570229009">
        <ele>483.75</ele>
      </trkpt>
      <trkpt lat="46.056336" lon="6.570124999">
        <ele>483.45</ele>
      </trkpt>
      <trkpt lat="46.056334999" lon="6.570038005">
        <ele>483.03</ele>
      </trkpt>
      <trkpt lat="46.056344004" lon="6.569864005">
        <ele>482.92</ele>
      </trkpt>
      <trkpt lat="46.056372998" lon="6.569532995">
        <ele>482.71</ele>
      </trkpt>
      <trkpt lat="46.056427003" lon="6.569087003">
        <ele>482.17</ele>
      </trkpt>
      <trkpt lat="46.056480001" lon="6.56864">
        <ele>481.52</ele>
      </trkpt>
      <trkpt lat="46.056512997" lon="6.568350992">
        <ele>481.53</ele>
      </trkpt>
      <trkpt lat="46.056517997" lon="6.568246001">
        <ele>481.47</ele>
      </trkpt>
      <trkpt lat="46.056522994" lon="6.568163992">
        <ele>481.39</ele>
      </trkpt>
      <trkpt lat="46.056520998" lon="6.568037002">
        <ele>481.66</ele>
      </trkpt>
      <trkpt lat="46.056517" lon="6.567904004">
        <ele>482.14</ele>
      </trkpt>
      <trkpt lat="46.056504003" lon="6.567737003">
        <ele>482.02</ele>
      </trkpt>
      <trkpt lat="46.056484001" lon="6.567545997">
        <ele>482.24</ele>
      </trkpt>
      <trkpt lat="46.056459998" lon="6.567393003">
        <ele>482.43</ele>
      </trkpt>
      <trkpt lat="46.056452433" lon="6.567360415">
        <ele>482.45</ele>
      </trkpt>
      <trkpt lat="46.056423998" lon="6.567238001">
        <ele>482.58</ele>
      </trkpt>
      <trkpt lat="46.056370002" lon="6.567051002">
        <ele>482.78</ele>
      </trkpt>
      <trkpt lat="46.056265995" lon="6.566734001">
        <ele>482.68</ele>
      </trkpt>
      <trkpt lat="46.056161" lon="6.566417998">
        <ele>482.64</ele>
      </trkpt>
      <trkpt lat="46.056123005" lon="6.566301996">
        <ele>482.8</ele>
      </trkpt>
      <trkpt lat="46.056084996" lon="6.566183001">
        <ele>482.84</ele>
      </trkpt>
      <trkpt lat="46.056047001" lon="6.566072993">
        <ele>482.88</ele>
      </trkpt>
      <trkpt lat="46.056004" lon="6.565975996">
        <ele>483</ele>
      </trkpt>
      <trkpt lat="46.055952003" lon="6.565882999">
        <ele>483.2</ele>
      </trkpt>
      <trkpt lat="46.055896002" lon="6.565867996">
        <ele>483.31</ele>
      </trkpt>
      <trkpt lat="46.055873004" lon="6.565844001">
        <ele>483.38</ele>
      </trkpt>
      <trkpt lat="46.055853996" lon="6.565817002">
        <ele>483.29</ele>
      </trkpt>
      <trkpt lat="46.055830999" lon="6.565744001">
        <ele>483.17</ele>
      </trkpt>
      <trkpt lat="46.05583" lon="6.565667999">
        <ele>483.06</ele>
      </trkpt>
      <trkpt lat="46.055834003" lon="6.565574002">
        <ele>482.98</ele>
      </trkpt>
      <trkpt lat="46.055834996" lon="6.565492006">
        <ele>482.99</ele>
      </trkpt>
      <trkpt lat="46.055820999" lon="6.565408001">
        <ele>483.05</ele>
      </trkpt>
      <trkpt lat="46.055800001" lon="6.565318998">
        <ele>483.08</ele>
      </trkpt>
      <trkpt lat="46.055767996" lon="6.565211995">
        <ele>483.26</ele>
      </trkpt>
      <trkpt lat="46.055731998" lon="6.565072002">
        <ele>483.57</ele>
      </trkpt>
      <trkpt lat="46.055654002" lon="6.564725999">
        <ele>483.98</ele>
      </trkpt>
      <trkpt lat="46.055586996" lon="6.564318005">
        <ele>484.39</ele>
      </trkpt>
      <trkpt lat="46.055527997" lon="6.563906997">
        <ele>484.85</ele>
      </trkpt>
      <trkpt lat="46.055500002" lon="6.563680998">
        <ele>485.15</ele>
      </trkpt>
      <trkpt lat="46.055490003" lon="6.563493002">
        <ele>485.29</ele>
      </trkpt>
      <trkpt lat="46.055487996" lon="6.563354996">
        <ele>485.3</ele>
      </trkpt>
      <trkpt lat="46.055467994" lon="6.563235995">
        <ele>485.68</ele>
      </trkpt>
      <trkpt lat="46.055459998" lon="6.563026999">
        <ele>485.82</ele>
      </trkpt>
      <trkpt lat="46.055430001" lon="6.562690004">
        <ele>485.96</ele>
      </trkpt>
      <trkpt lat="46.055414997" lon="6.562569994">
        <ele>486.11</ele>
      </trkpt>
      <trkpt lat="46.055391" lon="6.562478001">
        <ele>486.3</ele>
      </trkpt>
      <trkpt lat="46.055348997" lon="6.562463003">
        <ele>486.19</ele>
      </trkpt>
      <trkpt lat="46.055323002" lon="6.562442">
        <ele>486.2</ele>
      </trkpt>
      <trkpt lat="46.055297" lon="6.562396009">
        <ele>486.21</ele>
      </trkpt>
      <trkpt lat="46.055273004" lon="6.562316005">
        <ele>486.19</ele>
      </trkpt>
      <trkpt lat="46.055272998" lon="6.562302993">
        <ele>486.15</ele>
      </trkpt>
      <trkpt lat="46.05527" lon="6.562257004">
        <ele>486.06</ele>
      </trkpt>
      <trkpt lat="46.055277998" lon="6.562207003">
        <ele>486.02</ele>
      </trkpt>
      <trkpt lat="46.055248002" lon="6.562116007">
        <ele>486.5</ele>
      </trkpt>
      <trkpt lat="46.055186005" lon="6.561945007">
        <ele>487.01</ele>
      </trkpt>
      <trkpt lat="46.055107" lon="6.561746997">
        <ele>487.51</ele>
      </trkpt>
      <trkpt lat="46.054997998" lon="6.561502997">
        <ele>487.97</ele>
      </trkpt>
      <trkpt lat="46.054936998" lon="6.561344997">
        <ele>488.51</ele>
      </trkpt>
      <trkpt lat="46.054871004" lon="6.561158009">
        <ele>488.62</ele>
      </trkpt>
      <trkpt lat="46.054787001" lon="6.560876001">
        <ele>489.08</ele>
      </trkpt>
      <trkpt lat="46.054700006" lon="6.560566999">
        <ele>489.43</ele>
      </trkpt>
      <trkpt lat="46.054575003" lon="6.560129003">
        <ele>489.99</ele>
      </trkpt>
      <trkpt lat="46.054533005" lon="6.559989004">
        <ele>490.47</ele>
      </trkpt>
      <trkpt lat="46.054447003" lon="6.559681002">
        <ele>490.91</ele>
      </trkpt>
      <trkpt lat="46.054361001" lon="6.559373">
        <ele>490.97</ele>
      </trkpt>
      <trkpt lat="46.054315003" lon="6.559224004">
        <ele>491.1</ele>
      </trkpt>
      <trkpt lat="46.054215002" lon="6.558889009">
        <ele>491.09</ele>
      </trkpt>
      <trkpt lat="46.054191" lon="6.558816">
        <ele>491.01</ele>
      </trkpt>
      <trkpt lat="46.054179998" lon="6.558784007">
        <ele>490.98</ele>
      </trkpt>
      <trkpt lat="46.054129" lon="6.558630002">
        <ele>491.33</ele>
      </trkpt>
      <trkpt lat="46.054032997" lon="6.558365997">
        <ele>491.7</ele>
      </trkpt>
      <trkpt lat="46.053921005" lon="6.558092995">
        <ele>492.06</ele>
      </trkpt>
      <trkpt lat="46.053889003" lon="6.558020997">
        <ele>492.45</ele>
      </trkpt>
      <trkpt lat="46.053863001" lon="6.557964004">
        <ele>493.15</ele>
      </trkpt>
      <trkpt lat="46.053780999" lon="6.557777994">
        <ele>493.59</ele>
      </trkpt>
      <trkpt lat="46.053613002" lon="6.557427999">
        <ele>494.19</ele>
      </trkpt>
      <trkpt lat="46.053475997" lon="6.557150003">
        <ele>495.21</ele>
      </trkpt>
      <trkpt lat="46.053297002" lon="6.556778999">
        <ele>496.21</ele>
      </trkpt>
      <trkpt lat="46.053130003" lon="6.556428998">
        <ele>496.78</ele>
      </trkpt>
      <trkpt lat="46.053061003" lon="6.556257998">
        <ele>497.22</ele>
      </trkpt>
      <trkpt lat="46.053037004" lon="6.556182001">
        <ele>497.73</ele>
      </trkpt>
      <trkpt lat="46.053033003" lon="6.556167009">
        <ele>497.82</ele>
      </trkpt>
      <trkpt lat="46.053013998" lon="6.556065999">
        <ele>497.96</ele>
      </trkpt>
      <trkpt lat="46.053012999" lon="6.556049">
        <ele>498.07</ele>
      </trkpt>
      <trkpt lat="46.053004003" lon="6.55597">
        <ele>498.5</ele>
      </trkpt>
      <trkpt lat="46.052992005" lon="6.555836999">
        <ele>498.71</ele>
      </trkpt>
      <trkpt lat="46.05296" lon="6.555199001">
        <ele>498.94</ele>
      </trkpt>
      <trkpt lat="46.052970004" lon="6.555042994">
        <ele>499.47</ele>
      </trkpt>
      <trkpt lat="46.053002998" lon="6.554836002">
        <ele>500</ele>
      </trkpt>
      <trkpt lat="46.053057" lon="6.554582">
        <ele>500.18</ele>
      </trkpt>
      <trkpt lat="46.053087998" lon="6.554385999">
        <ele>500.35</ele>
      </trkpt>
      <trkpt lat="46.053097998" lon="6.554283008">
        <ele>500.49</ele>
      </trkpt>
      <trkpt lat="46.053099001" lon="6.554201004">
        <ele>500.29</ele>
      </trkpt>
      <trkpt lat="46.053085996" lon="6.554046007">
        <ele>500.34</ele>
      </trkpt>
      <trkpt lat="46.053059003" lon="6.553762995">
        <ele>500.3</ele>
      </trkpt>
      <trkpt lat="46.053036997" lon="6.553537996">
        <ele>500.24</ele>
      </trkpt>
      <trkpt lat="46.053019003" lon="6.553344005">
        <ele>500.37</ele>
      </trkpt>
      <trkpt lat="46.053014998" lon="6.553307003">
        <ele>500.52</ele>
      </trkpt>
      <trkpt lat="46.053004003" lon="6.553160008">
        <ele>500.43</ele>
      </trkpt>
      <trkpt lat="46.053006004" lon="6.553066002">
        <ele>500.46</ele>
      </trkpt>
      <trkpt lat="46.053027997" lon="6.552951008">
        <ele>500.66</ele>
      </trkpt>
      <trkpt lat="46.053052" lon="6.552829995">
        <ele>500.77</ele>
      </trkpt>
      <trkpt lat="46.053066994" lon="6.552714004">
        <ele>500.93</ele>
      </trkpt>
      <trkpt lat="46.053070002" lon="6.552586998">
        <ele>501.18</ele>
      </trkpt>
      <trkpt lat="46.053068" lon="6.552564005">
        <ele>501.65</ele>
      </trkpt>
      <trkpt lat="46.053058" lon="6.552430992">
        <ele>501.98</ele>
      </trkpt>
      <trkpt lat="46.052999997" lon="6.552006994">
        <ele>502.21</ele>
      </trkpt>
      <trkpt lat="46.052953998" lon="6.551751004">
        <ele>502.76</ele>
      </trkpt>
      <trkpt lat="46.052924999" lon="6.551661002">
        <ele>503.08</ele>
      </trkpt>
      <trkpt lat="46.052883002" lon="6.551571001">
        <ele>503.23</ele>
      </trkpt>
      <trkpt lat="46.052841004" lon="6.551479006">
        <ele>503.44</ele>
      </trkpt>
      <trkpt lat="46.052808998" lon="6.551409007">
        <ele>503.69</ele>
      </trkpt>
      <trkpt lat="46.052773998" lon="6.551349999">
        <ele>503.64</ele>
      </trkpt>
      <trkpt lat="46.052752004" lon="6.551309997">
        <ele>503.78</ele>
      </trkpt>
      <trkpt lat="46.052731996" lon="6.551239996">
        <ele>503.65</ele>
      </trkpt>
      <trkpt lat="46.05271" lon="6.551148">
        <ele>503.5</ele>
      </trkpt>
      <trkpt lat="46.052683002" lon="6.551020001">
        <ele>503.5</ele>
      </trkpt>
      <trkpt lat="46.052645" lon="6.550859998">
        <ele>503.37</ele>
      </trkpt>
      <trkpt lat="46.052629005" lon="6.550795992">
        <ele>503.9</ele>
      </trkpt>
      <trkpt lat="46.052610999" lon="6.550712994">
        <ele>504.47</ele>
      </trkpt>
      <trkpt lat="46.052581998" lon="6.550599999">
        <ele>505</ele>
      </trkpt>
      <trkpt lat="46.052559999" lon="6.550496002">
        <ele>505.15</ele>
      </trkpt>
      <trkpt lat="46.052555998" lon="6.550479004">
        <ele>505.48</ele>
      </trkpt>
      <trkpt lat="46.052541994" lon="6.550353994">
        <ele>504.95</ele>
      </trkpt>
      <trkpt lat="46.052532" lon="6.550086003">
        <ele>504.65</ele>
      </trkpt>
      <trkpt lat="46.052527" lon="6.549881008">
        <ele>504.31</ele>
      </trkpt>
      <trkpt lat="46.052514994" lon="6.549782008">
        <ele>504.08</ele>
      </trkpt>
      <trkpt lat="46.052489994" lon="6.549665">
        <ele>504.28</ele>
      </trkpt>
      <trkpt lat="46.052443003" lon="6.549522">
        <ele>504.46</ele>
      </trkpt>
      <trkpt lat="46.052341001" lon="6.549197005">
        <ele>505.15</ele>
      </trkpt>
      <trkpt lat="46.052278994" lon="6.548985999">
        <ele>505.7</ele>
      </trkpt>
      <trkpt lat="46.052258001" lon="6.548871996">
        <ele>506.07</ele>
      </trkpt>
      <trkpt lat="46.052243999" lon="6.548743996">
        <ele>506.59</ele>
      </trkpt>
      <trkpt lat="46.052237998" lon="6.548599994">
        <ele>506.9</ele>
      </trkpt>
      <trkpt lat="46.052246995" lon="6.548361001">
        <ele>507.41</ele>
      </trkpt>
      <trkpt lat="46.052245998" lon="6.548187002">
        <ele>507.65</ele>
      </trkpt>
      <trkpt lat="46.052242996" lon="6.548018">
        <ele>508.77</ele>
      </trkpt>
      <trkpt lat="46.052227001" lon="6.547817993">
        <ele>509.71</ele>
      </trkpt>
      <trkpt lat="46.052192999" lon="6.547594">
        <ele>513.45</ele>
      </trkpt>
      <trkpt lat="46.052123" lon="6.547208002">
        <ele>515.23</ele>
      </trkpt>
      <trkpt lat="46.052066997" lon="6.546749994">
        <ele>518.97</ele>
      </trkpt>
      <trkpt lat="46.052049002" lon="6.546579002">
        <ele>521.23</ele>
      </trkpt>
      <trkpt lat="46.052050999" lon="6.546455001">
        <ele>520.27</ele>
      </trkpt>
      <trkpt lat="46.052062996" lon="6.546348994">
        <ele>516.27</ele>
      </trkpt>
      <trkpt lat="46.052084999" lon="6.546259997">
        <ele>515.54</ele>
      </trkpt>
      <trkpt lat="46.052126998" lon="6.546149">
        <ele>513.95</ele>
      </trkpt>
      <trkpt lat="46.052183001" lon="6.546025999">
        <ele>513.62</ele>
      </trkpt>
      <trkpt lat="46.052318996" lon="6.545822002">
        <ele>515.95</ele>
      </trkpt>
      <trkpt lat="46.052532997" lon="6.545511996">
        <ele>516.27</ele>
      </trkpt>
      <trkpt lat="46.052608002" lon="6.545393003">
        <ele>516.48</ele>
      </trkpt>
      <trkpt lat="46.052656001" lon="6.545291001">
        <ele>515.8</ele>
      </trkpt>
      <trkpt lat="46.052683997" lon="6.545199994">
        <ele>514.28</ele>
      </trkpt>
      <trkpt lat="46.052699002" lon="6.545105003">
        <ele>512.38</ele>
      </trkpt>
      <trkpt lat="46.052709997" lon="6.544980002">
        <ele>515.45</ele>
      </trkpt>
      <trkpt lat="46.052706997" lon="6.544852">
        <ele>517.28</ele>
      </trkpt>
      <trkpt lat="46.052678999" lon="6.544703005">
        <ele>521.6</ele>
      </trkpt>
      <trkpt lat="46.052609003" lon="6.544477997">
        <ele>525.29</ele>
      </trkpt>
      <trkpt lat="46.052547996" lon="6.544262995">
        <ele>528.6</ele>
      </trkpt>
      <trkpt lat="46.052529998" lon="6.544110995">
        <ele>532.27</ele>
      </trkpt>
      <trkpt lat="46.052537001" lon="6.543961993">
        <ele>533.71</ele>
      </trkpt>
      <trkpt lat="46.052555004" lon="6.543839995">
        <ele>530.81</ele>
      </trkpt>
      <trkpt lat="46.052604001" lon="6.543639999">
        <ele>531.07</ele>
      </trkpt>
      <trkpt lat="46.052701003" lon="6.543280996">
        <ele>531.24</ele>
      </trkpt>
      <trkpt lat="46.052748001" lon="6.543043999">
        <ele>527.69</ele>
      </trkpt>
      <trkpt lat="46.052757998" lon="6.542905003">
        <ele>528.29</ele>
      </trkpt>
      <trkpt lat="46.052755997" lon="6.542764003">
        <ele>530.1</ele>
      </trkpt>
      <trkpt lat="46.052743004" lon="6.542658001">
        <ele>528.81</ele>
      </trkpt>
      <trkpt lat="46.052718004" lon="6.542548001">
        <ele>530.69</ele>
      </trkpt>
      <trkpt lat="46.052677003" lon="6.542425006">
        <ele>533.66</ele>
      </trkpt>
      <trkpt lat="46.052631002" lon="6.542320993">
        <ele>534.16</ele>
      </trkpt>
      <trkpt lat="46.052580999" lon="6.542235999">
        <ele>535.76</ele>
      </trkpt>
      <trkpt lat="46.05251" lon="6.542142998">
        <ele>538.76</ele>
      </trkpt>
      <trkpt lat="46.052414997" lon="6.542051996">
        <ele>539.35</ele>
      </trkpt>
      <trkpt lat="46.052224005" lon="6.541871004">
        <ele>539.77</ele>
      </trkpt>
      <trkpt lat="46.052159002" lon="6.541784009">
        <ele>541.23</ele>
      </trkpt>
      <trkpt lat="46.052111001" lon="6.541704997">
        <ele>541.72</ele>
      </trkpt>
      <trkpt lat="46.052079999" lon="6.54162">
        <ele>544.82</ele>
      </trkpt>
      <trkpt lat="46.052063996" lon="6.541518">
        <ele>547.68</ele>
      </trkpt>
      <trkpt lat="46.052061002" lon="6.541409006">
        <ele>546.93</ele>
      </trkpt>
      <trkpt lat="46.052072003" lon="6.541318003">
        <ele>544.8</ele>
      </trkpt>
      <trkpt lat="46.052096995" lon="6.541216005">
        <ele>546.2</ele>
      </trkpt>
      <trkpt lat="46.052155997" lon="6.541099005">
        <ele>544.46</ele>
      </trkpt>
      <trkpt lat="46.052209995" lon="6.541025001">
        <ele>540.81</ele>
      </trkpt>
      <trkpt lat="46.052285999" lon="6.540958993">
        <ele>540.13</ele>
      </trkpt>
      <trkpt lat="46.052384004" lon="6.540904008">
        <ele>539.58</ele>
      </trkpt>
      <trkpt lat="46.052719004" lon="6.540742005">
        <ele>538.17</ele>
      </trkpt>
      <trkpt lat="46.052807004" lon="6.540673997">
        <ele>534.81</ele>
      </trkpt>
      <trkpt lat="46.052879002" lon="6.540596">
        <ele>533.75</ele>
      </trkpt>
      <trkpt lat="46.052924995" lon="6.540506992">
        <ele>533.31</ele>
      </trkpt>
      <trkpt lat="46.052948995" lon="6.540432995">
        <ele>534.56</ele>
      </trkpt>
      <trkpt lat="46.052970997" lon="6.540317001">
        <ele>534.3</ele>
      </trkpt>
      <trkpt lat="46.053019" lon="6.539965993">
        <ele>537.6</ele>
      </trkpt>
      <trkpt lat="46.053078998" lon="6.539501">
        <ele>540.56</ele>
      </trkpt>
      <trkpt lat="46.053121995" lon="6.539292003">
        <ele>541.51</ele>
      </trkpt>
      <trkpt lat="46.053165999" lon="6.539159002">
        <ele>542.58</ele>
      </trkpt>
      <trkpt lat="46.053239999" lon="6.539015997">
        <ele>543.27</ele>
      </trkpt>
      <trkpt lat="46.053312001" lon="6.538902005">
        <ele>542.48</ele>
      </trkpt>
      <trkpt lat="46.053322997" lon="6.538885002">
        <ele>542.1</ele>
      </trkpt>
      <trkpt lat="46.053360998" lon="6.538823002">
        <ele>542.42</ele>
      </trkpt>
      <trkpt lat="46.053435002" lon="6.538708996">
        <ele>540.98</ele>
      </trkpt>
      <trkpt lat="46.053487354" lon="6.538619243">
        <ele>539.56</ele>
      </trkpt>
      <trkpt lat="46.053498001" lon="6.538601001">
        <ele>539.29</ele>
      </trkpt>
      <trkpt lat="46.053540997" lon="6.538532007">
        <ele>538.92</ele>
      </trkpt>
      <trkpt lat="46.053595995" lon="6.538419003">
        <ele>539.88</ele>
      </trkpt>
      <trkpt lat="46.053643001" lon="6.53829">
        <ele>542.46</ele>
      </trkpt>
      <trkpt lat="46.053673004" lon="6.538140003">
        <ele>544.61</ele>
      </trkpt>
      <trkpt lat="46.053676997" lon="6.537989004">
        <ele>547.19</ele>
      </trkpt>
      <trkpt lat="46.053664998" lon="6.537795003">
        <ele>549.44</ele>
      </trkpt>
      <trkpt lat="46.053646002" lon="6.537635998">
        <ele>551.44</ele>
      </trkpt>
      <trkpt lat="46.053634006" lon="6.537505992">
        <ele>553.75</ele>
      </trkpt>
      <trkpt lat="46.053637999" lon="6.537373999">
        <ele>556.16</ele>
      </trkpt>
      <trkpt lat="46.053664" lon="6.537241002">
        <ele>554.11</ele>
      </trkpt>
      <trkpt lat="46.053698003" lon="6.537141003">
        <ele>552.8</ele>
      </trkpt>
      <trkpt lat="46.053771003" lon="6.537012002">
        <ele>552.61</ele>
      </trkpt>
      <trkpt lat="46.053905001" lon="6.536883005">
        <ele>550.57</ele>
      </trkpt>
      <trkpt lat="46.054070999" lon="6.536742992">
        <ele>548.87</ele>
      </trkpt>
      <trkpt lat="46.054195001" lon="6.536602992">
        <ele>550.02</ele>
      </trkpt>
      <trkpt lat="46.054279002" lon="6.536475009">
        <ele>550.77</ele>
      </trkpt>
      <trkpt lat="46.054356004" lon="6.536315994">
        <ele>551.61</ele>
      </trkpt>
      <trkpt lat="46.054444998" lon="6.536081998">
        <ele>552.31</ele>
      </trkpt>
      <trkpt lat="46.054596004" lon="6.535594997">
        <ele>554.03</ele>
      </trkpt>
      <trkpt lat="46.054689002" lon="6.535232009">
        <ele>556.08</ele>
      </trkpt>
      <trkpt lat="46.054722001" lon="6.535015006">
        <ele>557.69</ele>
      </trkpt>
      <trkpt lat="46.054736997" lon="6.534694007">
        <ele>559.59</ele>
      </trkpt>
      <trkpt lat="46.054728998" lon="6.534362">
        <ele>560.68</ele>
      </trkpt>
      <trkpt lat="46.054726999" lon="6.534341998">
        <ele>561.8</ele>
      </trkpt>
      <trkpt lat="46.054703001" lon="6.534013998">
        <ele>562.49</ele>
      </trkpt>
      <trkpt lat="46.054680001" lon="6.533817007">
        <ele>563.31</ele>
      </trkpt>
      <trkpt lat="46.054675998" lon="6.533788992">
        <ele>563.72</ele>
      </trkpt>
      <trkpt lat="46.054671999" lon="6.533677003">
        <ele>565.57</ele>
      </trkpt>
      <trkpt lat="46.054683996" lon="6.533395998">
        <ele>567.81</ele>
      </trkpt>
      <trkpt lat="46.054735002" lon="6.533025994">
        <ele>569.04</ele>
      </trkpt>
      <trkpt lat="46.054849998" lon="6.532504999">
        <ele>573.55</ele>
      </trkpt>
      <trkpt lat="46.054954002" lon="6.532052006">
        <ele>573.52</ele>
      </trkpt>
      <trkpt lat="46.055030002" lon="6.531779995">
        <ele>576.21</ele>
      </trkpt>
      <trkpt lat="46.055143" lon="6.531489">
        <ele>576.98</ele>
      </trkpt>
      <trkpt lat="46.055329001" lon="6.531095002">
        <ele>577.24</ele>
      </trkpt>
      <trkpt lat="46.055448" lon="6.530825998">
        <ele>576.93</ele>
      </trkpt>
      <trkpt lat="46.055521998" lon="6.530583996">
        <ele>583.08</ele>
      </trkpt>
      <trkpt lat="46.055571996" lon="6.530275003">
        <ele>586.78</ele>
      </trkpt>
      <trkpt lat="46.055607004" lon="6.529957007">
        <ele>589.45</ele>
      </trkpt>
      <trkpt lat="46.055618003" lon="6.529659995">
        <ele>594.37</ele>
      </trkpt>
      <trkpt lat="46.055604004" lon="6.529426994">
        <ele>596.49</ele>
      </trkpt>
      <trkpt lat="46.055565996" lon="6.529161998">
        <ele>595.33</ele>
      </trkpt>
      <trkpt lat="46.055503999" lon="6.528759001">
        <ele>593.27</ele>
      </trkpt>
      <trkpt lat="46.055442997" lon="6.528391996">
        <ele>592.45</ele>
      </trkpt>
      <trkpt lat="46.055384001" lon="6.528143004">
        <ele>591.14</ele>
      </trkpt>
      <trkpt lat="46.055300998" lon="6.527956001">
        <ele>590.05</ele>
      </trkpt>
      <trkpt lat="46.055202004" lon="6.527829004">
        <ele>589.91</ele>
      </trkpt>
      <trkpt lat="46.055102001" lon="6.527759">
        <ele>590.18</ele>
      </trkpt>
      <trkpt lat="46.055019001" lon="6.527736995">
        <ele>590.46</ele>
      </trkpt>
      <trkpt lat="46.054915003" lon="6.527746992">
        <ele>591.09</ele>
      </trkpt>
      <trkpt lat="46.054683999" lon="6.527842997">
        <ele>593.17</ele>
      </trkpt>
      <trkpt lat="46.054346003" lon="6.528011002">
        <ele>593.94</ele>
      </trkpt>
      <trkpt lat="46.054302002" lon="6.528034005">
        <ele>594.38</ele>
      </trkpt>
      <trkpt lat="46.054097001" lon="6.528134992">
        <ele>595.87</ele>
      </trkpt>
      <trkpt lat="46.054027999" lon="6.528166009">
        <ele>597.02</ele>
      </trkpt>
      <trkpt lat="46.053962998" lon="6.528195004">
        <ele>597.2</ele>
      </trkpt>
      <trkpt lat="46.053916002" lon="6.528242996">
        <ele>597.82</ele>
      </trkpt>
      <trkpt lat="46.053868997" lon="6.528315003">
        <ele>599.41</ele>
      </trkpt>
      <trkpt lat="46.053784002" lon="6.528503006">
        <ele>600.09</ele>
      </trkpt>
      <trkpt lat="46.053709995" lon="6.528658001">
        <ele>600.43</ele>
      </trkpt>
      <trkpt lat="46.053652998" lon="6.528739995">
        <ele>602.65</ele>
      </trkpt>
      <trkpt lat="46.053566998" lon="6.528798997">
        <ele>604.32</ele>
      </trkpt>
      <trkpt lat="46.053457002" lon="6.528832002">
        <ele>610.27</ele>
      </trkpt>
      <trkpt lat="46.053278999" lon="6.528853">
        <ele>610.85</ele>
      </trkpt>
      <trkpt lat="46.053174002" lon="6.528889005">
        <ele>612.27</ele>
      </trkpt>
      <trkpt lat="46.053089" lon="6.528953003">
        <ele>612.25</ele>
      </trkpt>
      <trkpt lat="46.053001003" lon="6.529055001">
        <ele>613.55</ele>
      </trkpt>
      <trkpt lat="46.052938996" lon="6.529173996">
        <ele>613.96</ele>
      </trkpt>
      <trkpt lat="46.052926994" lon="6.529207999">
        <ele>616.36</ele>
      </trkpt>
      <trkpt lat="46.052914001" lon="6.529242004">
        <ele>618.42</ele>
      </trkpt>
      <trkpt lat="46.052895005" lon="6.529363995">
        <ele>620.5</ele>
      </trkpt>
      <trkpt lat="46.052886004" lon="6.529417999">
        <ele>623.22</ele>
      </trkpt>
      <trkpt lat="46.052882994" lon="6.529531993">
        <ele>619.5</ele>
      </trkpt>
      <trkpt lat="46.052897003" lon="6.529656997">
        <ele>618.63</ele>
      </trkpt>
      <trkpt lat="46.052911001" lon="6.529878996">
        <ele>618.13</ele>
      </trkpt>
      <trkpt lat="46.052922999" lon="6.530034995">
        <ele>617.26</ele>
      </trkpt>
      <trkpt lat="46.052911" lon="6.530213001">
        <ele>615.86</ele>
      </trkpt>
      <trkpt lat="46.052872" lon="6.530343999">
        <ele>617.49</ele>
      </trkpt>
      <trkpt lat="46.052807002" lon="6.530483994">
        <ele>618.19</ele>
      </trkpt>
      <trkpt lat="46.052635997" lon="6.530773995">
        <ele>618.5</ele>
      </trkpt>
      <trkpt lat="46.052485004" lon="6.531035">
        <ele>619.65</ele>
      </trkpt>
      <trkpt lat="46.052411" lon="6.531161999">
        <ele>625.45</ele>
      </trkpt>
      <trkpt lat="46.052217998" lon="6.531495998">
        <ele>626.16</ele>
      </trkpt>
      <trkpt lat="46.052069004" lon="6.531754991">
        <ele>628.89</ele>
      </trkpt>
      <trkpt lat="46.051995004" lon="6.531882998">
        <ele>632.46</ele>
      </trkpt>
      <trkpt lat="46.051832" lon="6.532175008">
        <ele>635.72</ele>
      </trkpt>
      <trkpt lat="46.051675003" lon="6.532433004">
        <ele>634.48</ele>
      </trkpt>
      <trkpt lat="46.051489999" lon="6.532699995">
        <ele>637.42</ele>
      </trkpt>
      <trkpt lat="46.051369998" lon="6.532870003">
        <ele>640.23</ele>
      </trkpt>
      <trkpt lat="46.051324997" lon="6.532931995">
        <ele>642.63</ele>
      </trkpt>
      <trkpt lat="46.051294002" lon="6.533016003">
        <ele>645.06</ele>
      </trkpt>
      <trkpt lat="46.051228997" lon="6.533167991">
        <ele>647.76</ele>
      </trkpt>
      <trkpt lat="46.051163997" lon="6.533301">
        <ele>648.37</ele>
      </trkpt>
      <trkpt lat="46.051117999" lon="6.533420991">
        <ele>648.75</ele>
      </trkpt>
      <trkpt lat="46.051058001" lon="6.533612993">
        <ele>651.34</ele>
      </trkpt>
      <trkpt lat="46.050998" lon="6.533749003">
        <ele>652.64</ele>
      </trkpt>
      <trkpt lat="46.050956002" lon="6.533817">
        <ele>652.71</ele>
      </trkpt>
      <trkpt lat="46.050901004" lon="6.533868004">
        <ele>654.01</ele>
      </trkpt>
      <trkpt lat="46.050847997" lon="6.533901996">
        <ele>656.94</ele>
      </trkpt>
      <trkpt lat="46.050776002" lon="6.533923995">
        <ele>656.36</ele>
      </trkpt>
      <trkpt lat="46.050692996" lon="6.533920999">
        <ele>655.19</ele>
      </trkpt>
      <trkpt lat="46.050610002" lon="6.533890999">
        <ele>655.92</ele>
      </trkpt>
      <trkpt lat="46.050488998" lon="6.533802006">
        <ele>656.79</ele>
      </trkpt>
      <trkpt lat="46.050353995" lon="6.533686999">
        <ele>655.19</ele>
      </trkpt>
      <trkpt lat="46.050255002" lon="6.533587008">
        <ele>655.9</ele>
      </trkpt>
      <trkpt lat="46.050175003" lon="6.533534999">
        <ele>658.14</ele>
      </trkpt>
      <trkpt lat="46.050114003" lon="6.533529004">
        <ele>659.66</ele>
      </trkpt>
      <trkpt lat="46.050042003" lon="6.533548">
        <ele>662.04</ele>
      </trkpt>
      <trkpt lat="46.049985" lon="6.533588997">
        <ele>665.28</ele>
      </trkpt>
      <trkpt lat="46.049972029" lon="6.533606067">
        <ele>667.39</ele>
      </trkpt>
      <trkpt lat="46.049966003" lon="6.533614003">
        <ele>669.6</ele>
      </trkpt>
      <trkpt lat="46.049935002" lon="6.533655999">
        <ele>671.69</ele>
      </trkpt>
      <trkpt lat="46.049915001" lon="6.533707998">
        <ele>674.8</ele>
      </trkpt>
      <trkpt lat="46.049897003" lon="6.533753005">
        <ele>675.81</ele>
      </trkpt>
      <trkpt lat="46.049888002" lon="6.533874">
        <ele>678.81</ele>
      </trkpt>
      <trkpt lat="46.049917999" lon="6.534041997">
        <ele>679.2</ele>
      </trkpt>
      <trkpt lat="46.049987002" lon="6.534293998">
        <ele>680.54</ele>
      </trkpt>
      <trkpt lat="46.050067" lon="6.534527003">
        <ele>676.46</ele>
      </trkpt>
      <trkpt lat="46.050090002" lon="6.534659999">
        <ele>675.3</ele>
      </trkpt>
      <trkpt lat="46.050092" lon="6.534765002">
        <ele>672.57</ele>
      </trkpt>
      <trkpt lat="46.050074995" lon="6.534863992">
        <ele>672.57</ele>
      </trkpt>
      <trkpt lat="46.050047001" lon="6.534975997">
        <ele>671.76</ele>
      </trkpt>
      <trkpt lat="46.049996999" lon="6.535071997">
        <ele>675.25</ele>
      </trkpt>
      <trkpt lat="46.049931002" lon="6.535169">
        <ele>677.31</ele>
      </trkpt>
      <trkpt lat="46.049856003" lon="6.535236994">
        <ele>677.32</ele>
      </trkpt>
      <trkpt lat="46.049770001" lon="6.535275994">
        <ele>680.77</ele>
      </trkpt>
      <trkpt lat="46.049632994" lon="6.535327">
        <ele>682.95</ele>
      </trkpt>
      <trkpt lat="46.049514999" lon="6.535370997">
        <ele>684.54</ele>
      </trkpt>
      <trkpt lat="46.049453004" lon="6.535418">
        <ele>686.46</ele>
      </trkpt>
      <trkpt lat="46.049396002" lon="6.535475993">
        <ele>686.08</ele>
      </trkpt>
      <trkpt lat="46.049350997" lon="6.535556001">
        <ele>685.47</ele>
      </trkpt>
      <trkpt lat="46.049324997" lon="6.535649996">
        <ele>685.76</ele>
      </trkpt>
      <trkpt lat="46.049295994" lon="6.535764006">
        <ele>687</ele>
      </trkpt>
      <trkpt lat="46.049286001" lon="6.535824">
        <ele>684.76</ele>
      </trkpt>
      <trkpt lat="46.049294997" lon="6.535891003">
        <ele>684.48</ele>
      </trkpt>
      <trkpt lat="46.049329999" lon="6.535945">
        <ele>680.31</ele>
      </trkpt>
      <trkpt lat="46.049376998" lon="6.536036003">
        <ele>676.24</ele>
      </trkpt>
      <trkpt lat="46.049382998" lon="6.536052002">
        <ele>672.09</ele>
      </trkpt>
      <trkpt lat="46.04942" lon="6.536166997">
        <ele>670.98</ele>
      </trkpt>
      <trkpt lat="46.049438001" lon="6.536286">
        <ele>671.78</ele>
      </trkpt>
      <trkpt lat="46.049429998" lon="6.536434995">
        <ele>673.23</ele>
      </trkpt>
      <trkpt lat="46.049398001" lon="6.536572994">
        <ele>676.28</ele>
      </trkpt>
      <trkpt lat="46.049334997" lon="6.536741">
        <ele>678</ele>
      </trkpt>
      <trkpt lat="46.049189996" lon="6.537118002">
        <ele>682.83</ele>
      </trkpt>
      <trkpt lat="46.049055998" lon="6.537478001">
        <ele>686.1</ele>
      </trkpt>
      <trkpt lat="46.048885998" lon="6.537947997">
        <ele>689.32</ele>
      </trkpt>
      <trkpt lat="46.048757004" lon="6.538266008">
        <ele>690.91</ele>
      </trkpt>
      <trkpt lat="46.048652997" lon="6.538573006">
        <ele>693.35</ele>
      </trkpt>
      <trkpt lat="46.048569998" lon="6.538773002">
        <ele>693.29</ele>
      </trkpt>
      <trkpt lat="46.048515998" lon="6.538863003">
        <ele>694.12</ele>
      </trkpt>
      <trkpt lat="46.048512003" lon="6.538872002">
        <ele>694.67</ele>
      </trkpt>
      <trkpt lat="46.04845" lon="6.538952996">
        <ele>695.04</ele>
      </trkpt>
      <trkpt lat="46.048346005" lon="6.539050003">
        <ele>695.7</ele>
      </trkpt>
      <trkpt lat="46.048276003" lon="6.539121005">
        <ele>698.14</ele>
      </trkpt>
      <trkpt lat="46.048211998" lon="6.539201998">
        <ele>699.24</ele>
      </trkpt>
      <trkpt lat="46.048158" lon="6.539288996">
        <ele>700.07</ele>
      </trkpt>
      <trkpt lat="46.048099998" lon="6.539398001">
        <ele>700.58</ele>
      </trkpt>
      <trkpt lat="46.048039003" lon="6.539520004">
        <ele>702.96</ele>
      </trkpt>
      <trkpt lat="46.047970006" lon="6.539620003">
        <ele>700.94</ele>
      </trkpt>
      <trkpt lat="46.047892002" lon="6.539716003">
        <ele>700.65</ele>
      </trkpt>
      <trkpt lat="46.047805998" lon="6.539796005">
        <ele>700.64</ele>
      </trkpt>
      <trkpt lat="46.047729001" lon="6.539869001">
        <ele>705.01</ele>
      </trkpt>
      <trkpt lat="46.047680003" lon="6.539933005">
        <ele>707.89</ele>
      </trkpt>
      <trkpt lat="46.047631" lon="6.540011001">
        <ele>710.76</ele>
      </trkpt>
      <trkpt lat="46.047573002" lon="6.540119008">
        <ele>713.98</ele>
      </trkpt>
      <trkpt lat="46.047519998" lon="6.540243997">
        <ele>716.91</ele>
      </trkpt>
      <trkpt lat="46.047442996" lon="6.540419">
        <ele>719.75</ele>
      </trkpt>
      <trkpt lat="46.047400002" lon="6.540484995">
        <ele>722.22</ele>
      </trkpt>
      <trkpt lat="46.047334002" lon="6.540545002">
        <ele>723.64</ele>
      </trkpt>
      <trkpt lat="46.047269003" lon="6.540607003">
        <ele>725.08</ele>
      </trkpt>
      <trkpt lat="46.047228996" lon="6.540671999">
        <ele>727.05</ele>
      </trkpt>
      <trkpt lat="46.047197" lon="6.540742003">
        <ele>725.38</ele>
      </trkpt>
      <trkpt lat="46.047183003" lon="6.540808001">
        <ele>723.8</ele>
      </trkpt>
      <trkpt lat="46.047177" lon="6.540865997">
        <ele>726.84</ele>
      </trkpt>
      <trkpt lat="46.047175" lon="6.540899992">
        <ele>726.88</ele>
      </trkpt>
      <trkpt lat="46.047183003" lon="6.540998995">
        <ele>727.98</ele>
      </trkpt>
      <trkpt lat="46.047208996" lon="6.541109008">
        <ele>727.21</ele>
      </trkpt>
      <trkpt lat="46.047263001" lon="6.541324997">
        <ele>727.14</ele>
      </trkpt>
      <trkpt lat="46.047299004" lon="6.541495993">
        <ele>727.19</ele>
      </trkpt>
      <trkpt lat="46.047311005" lon="6.541645002">
        <ele>727.55</ele>
      </trkpt>
      <trkpt lat="46.047305998" lon="6.541798003">
        <ele>726.89</ele>
      </trkpt>
      <trkpt lat="46.047286002" lon="6.541922994">
        <ele>727.89</ele>
      </trkpt>
      <trkpt lat="46.047242001" lon="6.542081999">
        <ele>727.77</ele>
      </trkpt>
      <trkpt lat="46.047159994" lon="6.542258993">
        <ele>726.72</ele>
      </trkpt>
      <trkpt lat="46.047079995" lon="6.542447004">
        <ele>725.68</ele>
      </trkpt>
      <trkpt lat="46.047001997" lon="6.542603">
        <ele>723.85</ele>
      </trkpt>
      <trkpt lat="46.046926003" lon="6.542734995">
        <ele>721.33</ele>
      </trkpt>
      <trkpt lat="46.046885995" lon="6.542787005">
        <ele>720.67</ele>
      </trkpt>
      <trkpt lat="46.046818001" lon="6.542842997">
        <ele>718.6</ele>
      </trkpt>
      <trkpt lat="46.046702002" lon="6.542927997">
        <ele>721.26</ele>
      </trkpt>
      <trkpt lat="46.046367997" lon="6.543148001">
        <ele>724.11</ele>
      </trkpt>
      <trkpt lat="46.045996995" lon="6.543387999">
        <ele>726.69</ele>
      </trkpt>
      <trkpt lat="46.045790999" lon="6.543520008">
        <ele>728.08</ele>
      </trkpt>
      <trkpt lat="46.045585003" lon="6.543652003">
        <ele>730.43</ele>
      </trkpt>
      <trkpt lat="46.045219995" lon="6.543881003">
        <ele>730.01</ele>
      </trkpt>
      <trkpt lat="46.044936996" lon="6.544058992">
        <ele>732.25</ele>
      </trkpt>
      <trkpt lat="46.044864001" lon="6.544109998">
        <ele>735.09</ele>
      </trkpt>
      <trkpt lat="46.044852997" lon="6.544120006">
        <ele>737.35</ele>
      </trkpt>
      <trkpt lat="46.044799003" lon="6.544167008">
        <ele>739.77</ele>
      </trkpt>
      <trkpt lat="46.044734997" lon="6.544238994">
        <ele>742.08</ele>
      </trkpt>
      <trkpt lat="46.044651002" lon="6.544346">
        <ele>742.14</ele>
      </trkpt>
      <trkpt lat="46.044508002" lon="6.544522996">
        <ele>745.68</ele>
      </trkpt>
      <trkpt lat="46.044194997" lon="6.544934">
        <ele>748.5</ele>
      </trkpt>
      <trkpt lat="46.044021" lon="6.545140009">
        <ele>751.27</ele>
      </trkpt>
      <trkpt lat="46.043954001" lon="6.545197004">
        <ele>751.31</ele>
      </trkpt>
      <trkpt lat="46.043935995" lon="6.545213007">
        <ele>750.68</ele>
      </trkpt>
      <trkpt lat="46.043877995" lon="6.545250001">
        <ele>746.41</ele>
      </trkpt>
      <trkpt lat="46.043825996" lon="6.545260005">
        <ele>742.99</ele>
      </trkpt>
      <trkpt lat="46.043764997" lon="6.545256005">
        <ele>743.94</ele>
      </trkpt>
      <trkpt lat="46.043716006" lon="6.545237">
        <ele>749.9</ele>
      </trkpt>
      <trkpt lat="46.043625996" lon="6.545185007">
        <ele>754.83</ele>
      </trkpt>
      <trkpt lat="46.043418999" lon="6.545044992">
        <ele>758.98</ele>
      </trkpt>
      <trkpt lat="46.043330999" lon="6.544990994">
        <ele>762.43</ele>
      </trkpt>
      <trkpt lat="46.043263" lon="6.544969003">
        <ele>765.9</ele>
      </trkpt>
      <trkpt lat="46.043216" lon="6.544967006">
        <ele>767.09</ele>
      </trkpt>
      <trkpt lat="46.043141997" lon="6.544989998">
        <ele>769.18</ele>
      </trkpt>
      <trkpt lat="46.043107998" lon="6.545012994">
        <ele>772.07</ele>
      </trkpt>
      <trkpt lat="46.043044005" lon="6.545054002">
        <ele>775.58</ele>
      </trkpt>
      <trkpt lat="46.042999003" lon="6.545105995">
        <ele>773.11</ele>
      </trkpt>
      <trkpt lat="46.042980999" lon="6.545147006">
        <ele>771.12</ele>
      </trkpt>
      <trkpt lat="46.042969004" lon="6.545224997">
        <ele>769.85</ele>
      </trkpt>
      <trkpt lat="46.042973" lon="6.545319994">
        <ele>768.97</ele>
      </trkpt>
      <trkpt lat="46.042989996" lon="6.545443996">
        <ele>768.34</ele>
      </trkpt>
      <trkpt lat="46.042991003" lon="6.545521001">
        <ele>767.36</ele>
      </trkpt>
      <trkpt lat="46.042981" lon="6.545616001">
        <ele>768.24</ele>
      </trkpt>
      <trkpt lat="46.042955001" lon="6.545676002">
        <ele>768.31</ele>
      </trkpt>
      <trkpt lat="46.042885996" lon="6.545789005">
        <ele>767.84</ele>
      </trkpt>
      <trkpt lat="46.042778999" lon="6.545925005">
        <ele>769.86</ele>
      </trkpt>
      <trkpt lat="46.04271" lon="6.545988004">
        <ele>770.02</ele>
      </trkpt>
      <trkpt lat="46.042619998" lon="6.546033999">
        <ele>767.41</ele>
      </trkpt>
      <trkpt lat="46.042522999" lon="6.546057006">
        <ele>767.36</ele>
      </trkpt>
      <trkpt lat="46.042446002" lon="6.546059001">
        <ele>770.74</ele>
      </trkpt>
      <trkpt lat="46.042372999" lon="6.546044">
        <ele>770.24</ele>
      </trkpt>
      <trkpt lat="46.042312004" lon="6.546004998">
        <ele>773.07</ele>
      </trkpt>
      <trkpt lat="46.042207997" lon="6.545936">
        <ele>780.02</ele>
      </trkpt>
      <trkpt lat="46.042142998" lon="6.545906008">
        <ele>784.26</ele>
      </trkpt>
      <trkpt lat="46.042079999" lon="6.545904001">
        <ele>784.89</ele>
      </trkpt>
      <trkpt lat="46.042010006" lon="6.545924997">
        <ele>786.27</ele>
      </trkpt>
      <trkpt lat="46.041946997" lon="6.545957006">
        <ele>787.83</ele>
      </trkpt>
      <trkpt lat="46.041887" lon="6.546009998">
        <ele>785.7</ele>
      </trkpt>
      <trkpt lat="46.041778998" lon="6.546148997">
        <ele>783.96</ele>
      </trkpt>
      <trkpt lat="46.041645001" lon="6.546327998">
        <ele>782.49</ele>
      </trkpt>
      <trkpt lat="46.041572003" lon="6.546428003">
        <ele>780.53</ele>
      </trkpt>
      <trkpt lat="46.041522999" lon="6.546482001">
        <ele>778.13</ele>
      </trkpt>
      <trkpt lat="46.041446999" lon="6.546544003">
        <ele>774.73</ele>
      </trkpt>
      <trkpt lat="46.041367995" lon="6.546576997">
        <ele>775.76</ele>
      </trkpt>
      <trkpt lat="46.041281" lon="6.546573001">
        <ele>776.14</ele>
      </trkpt>
      <trkpt lat="46.041186006" lon="6.546555">
        <ele>776.81</ele>
      </trkpt>
      <trkpt lat="46.041111996" lon="6.546554004">
        <ele>778.13</ele>
      </trkpt>
      <trkpt lat="46.041046997" lon="6.546577003">
        <ele>785.36</ele>
      </trkpt>
      <trkpt lat="46.040992997" lon="6.546620996">
        <ele>787.67</ele>
      </trkpt>
      <trkpt lat="46.040896999" lon="6.546700993">
        <ele>787.46</ele>
      </trkpt>
      <trkpt lat="46.040798002" lon="6.546824998">
        <ele>790.6</ele>
      </trkpt>
      <trkpt lat="46.040705003" lon="6.546943993">
        <ele>794.03</ele>
      </trkpt>
      <trkpt lat="46.040629998" lon="6.547038999">
        <ele>792.62</ele>
      </trkpt>
      <trkpt lat="46.040585005" lon="6.54708">
        <ele>791.69</ele>
      </trkpt>
      <trkpt lat="46.040499995" lon="6.547136992">
        <ele>798.45</ele>
      </trkpt>
      <trkpt lat="46.040433" lon="6.547165001">
        <ele>802.42</ele>
      </trkpt>
      <trkpt lat="46.040365998" lon="6.547196996">
        <ele>806.55</ele>
      </trkpt>
      <trkpt lat="46.040296006" lon="6.547238997">
        <ele>804.07</ele>
      </trkpt>
      <trkpt lat="46.040234002" lon="6.547292995">
        <ele>808.87</ele>
      </trkpt>
      <trkpt lat="46.040151005" lon="6.547380999">
        <ele>809.56</ele>
      </trkpt>
      <trkpt lat="46.040084998" lon="6.547471006">
        <ele>804.44</ele>
      </trkpt>
      <trkpt lat="46.039995996" lon="6.547608002">
        <ele>800.09</ele>
      </trkpt>
      <trkpt lat="46.039944996" lon="6.547727997">
        <ele>810.54</ele>
      </trkpt>
      <trkpt lat="46.039900005" lon="6.547853">
        <ele>807.99</ele>
      </trkpt>
      <trkpt lat="46.039837998" lon="6.548081009">
        <ele>805.79</ele>
      </trkpt>
      <trkpt lat="46.039808" lon="6.548198993">
        <ele>809.63</ele>
      </trkpt>
      <trkpt lat="46.039771997" lon="6.548290004">
        <ele>812.53</ele>
      </trkpt>
      <trkpt lat="46.039725999" lon="6.548370002">
        <ele>807.09</ele>
      </trkpt>
      <trkpt lat="46.039661997" lon="6.548456991">
        <ele>807.6</ele>
      </trkpt>
      <trkpt lat="46.039567997" lon="6.548566998">
        <ele>807.35</ele>
      </trkpt>
      <trkpt lat="46.039447995" lon="6.548691">
        <ele>810.24</ele>
      </trkpt>
      <trkpt lat="46.039322003" lon="6.548812">
        <ele>804.75</ele>
      </trkpt>
      <trkpt lat="46.039141001" lon="6.548969999">
        <ele>806.12</ele>
      </trkpt>
      <trkpt lat="46.039053001" lon="6.549045004">
        <ele>805.45</ele>
      </trkpt>
      <trkpt lat="46.038943998" lon="6.549119999">
        <ele>811.55</ele>
      </trkpt>
      <trkpt lat="46.038820999" lon="6.549188007">
        <ele>813.2</ele>
      </trkpt>
      <trkpt lat="46.038715001" lon="6.549240998">
        <ele>822.1</ele>
      </trkpt>
      <trkpt lat="46.038655" lon="6.549286009">
        <ele>822.79</ele>
      </trkpt>
      <trkpt lat="46.038586" lon="6.549350993">
        <ele>825.36</ele>
      </trkpt>
      <trkpt lat="46.038323002" lon="6.549676004">
        <ele>821.07</ele>
      </trkpt>
      <trkpt lat="46.038250996" lon="6.549771002">
        <ele>817.13</ele>
      </trkpt>
      <trkpt lat="46.038182001" lon="6.549845006">
        <ele>812.58</ele>
      </trkpt>
      <trkpt lat="46.038102" lon="6.549898005">
        <ele>815.43</ele>
      </trkpt>
      <trkpt lat="46.037944001" lon="6.549999006">
        <ele>817.84</ele>
      </trkpt>
      <trkpt lat="46.037760995" lon="6.550106998">
        <ele>820.3</ele>
      </trkpt>
      <trkpt lat="46.037661002" lon="6.550189003">
        <ele>822.79</ele>
      </trkpt>
      <trkpt lat="46.037585003" lon="6.550281995">
        <ele>826.58</ele>
      </trkpt>
      <trkpt lat="46.037455001" lon="6.550469009">
        <ele>828.84</ele>
      </trkpt>
      <trkpt lat="46.037391004" lon="6.550540008">
        <ele>830.81</ele>
      </trkpt>
      <trkpt lat="46.037333003" lon="6.550585004">
        <ele>831.73</ele>
      </trkpt>
      <trkpt lat="46.037268" lon="6.550611">
        <ele>836.43</ele>
      </trkpt>
      <trkpt lat="46.037175002" lon="6.550632003">
        <ele>839.13</ele>
      </trkpt>
      <trkpt lat="46.037034997" lon="6.550633998">
        <ele>836.87</ele>
      </trkpt>
      <trkpt lat="46.036815002" lon="6.550641994">
        <ele>834.74</ele>
      </trkpt>
      <trkpt lat="46.036743001" lon="6.550655993">
        <ele>833.32</ele>
      </trkpt>
      <trkpt lat="46.036670001" lon="6.550675997">
        <ele>832.37</ele>
      </trkpt>
      <trkpt lat="46.036606999" lon="6.550705992">
        <ele>832.68</ele>
      </trkpt>
      <trkpt lat="46.036440003" lon="6.550847008">
        <ele>833.06</ele>
      </trkpt>
      <trkpt lat="46.036294001" lon="6.550990001">
        <ele>833.75</ele>
      </trkpt>
      <trkpt lat="46.036195" lon="6.551076001">
        <ele>834.61</ele>
      </trkpt>
      <trkpt lat="46.036118" lon="6.551132995">
        <ele>833.86</ele>
      </trkpt>
      <trkpt lat="46.036043001" lon="6.551183997">
        <ele>833.26</ele>
      </trkpt>
      <trkpt lat="46.035947002" lon="6.551231997">
        <ele>836.33</ele>
      </trkpt>
      <trkpt lat="46.035814002" lon="6.551265">
        <ele>839.23</ele>
      </trkpt>
      <trkpt lat="46.035606998" lon="6.551320996">
        <ele>842.45</ele>
      </trkpt>
      <trkpt lat="46.035501005" lon="6.551357996">
        <ele>852.05</ele>
      </trkpt>
      <trkpt lat="46.035444" lon="6.551399999">
        <ele>862.96</ele>
      </trkpt>
      <trkpt lat="46.035411003" lon="6.551438998">
        <ele>863.97</ele>
      </trkpt>
      <trkpt lat="46.035395003" lon="6.551459993">
        <ele>867.12</ele>
      </trkpt>
      <trkpt lat="46.035362" lon="6.551538">
        <ele>871.76</ele>
      </trkpt>
      <trkpt lat="46.035334999" lon="6.551630994">
        <ele>870.23</ele>
      </trkpt>
      <trkpt lat="46.035327003" lon="6.551719003">
        <ele>862.94</ele>
      </trkpt>
      <trkpt lat="46.035316998" lon="6.551855003">
        <ele>863.3</ele>
      </trkpt>
      <trkpt lat="46.035297" lon="6.551920999">
        <ele>862.99</ele>
      </trkpt>
      <trkpt lat="46.035280001" lon="6.551997995">
        <ele>861.67</ele>
      </trkpt>
      <trkpt lat="46.035234997" lon="6.552103997">
        <ele>863.47</ele>
      </trkpt>
      <trkpt lat="46.035199003" lon="6.552164998">
        <ele>870.89</ele>
      </trkpt>
      <trkpt lat="46.035134999" lon="6.552237001">
        <ele>872.67</ele>
      </trkpt>
      <trkpt lat="46.035072005" lon="6.552306999">
        <ele>873.8</ele>
      </trkpt>
      <trkpt lat="46.035011994" lon="6.552379001">
        <ele>874.73</ele>
      </trkpt>
      <trkpt lat="46.034954997" lon="6.552483994">
        <ele>870.82</ele>
      </trkpt>
      <trkpt lat="46.034919001" lon="6.552566">
        <ele>867.03</ele>
      </trkpt>
      <trkpt lat="46.034876002" lon="6.552696009">
        <ele>868.46</ele>
      </trkpt>
      <trkpt lat="46.034849001" lon="6.552770002">
        <ele>869.79</ele>
      </trkpt>
      <trkpt lat="46.034797" lon="6.552865999">
        <ele>871.07</ele>
      </trkpt>
      <trkpt lat="46.034759003" lon="6.552924993">
        <ele>872.21</ele>
      </trkpt>
      <trkpt lat="46.034707003" lon="6.553006002">
        <ele>873.55</ele>
      </trkpt>
      <trkpt lat="46.034613998" lon="6.553155996">
        <ele>874.94</ele>
      </trkpt>
      <trkpt lat="46.034514" lon="6.553324006">
        <ele>876.67</ele>
      </trkpt>
      <trkpt lat="46.034466997" lon="6.553423004">
        <ele>874</ele>
      </trkpt>
      <trkpt lat="46.034424997" lon="6.553527994">
        <ele>876.3</ele>
      </trkpt>
      <trkpt lat="46.034379" lon="6.553634007">
        <ele>872.47</ele>
      </trkpt>
      <trkpt lat="46.034256998" lon="6.553848">
        <ele>874.63</ele>
      </trkpt>
      <trkpt lat="46.034076998" lon="6.554133008">
        <ele>870.23</ele>
      </trkpt>
      <trkpt lat="46.033937006" lon="6.554338005">
        <ele>868.86</ele>
      </trkpt>
      <trkpt lat="46.033778005" lon="6.554554999">
        <ele>862.02</ele>
      </trkpt>
      <trkpt lat="46.033538999" lon="6.554852001">
        <ele>866.26</ele>
      </trkpt>
      <trkpt lat="46.033492998" lon="6.554916998">
        <ele>863.69</ele>
      </trkpt>
      <trkpt lat="46.033434003" lon="6.554980998">
        <ele>866.08</ele>
      </trkpt>
      <trkpt lat="46.033375001" lon="6.555029998">
        <ele>875.42</ele>
      </trkpt>
      <trkpt lat="46.033285" lon="6.555076993">
        <ele>883.06</ele>
      </trkpt>
      <trkpt lat="46.033126004" lon="6.555150999">
        <ele>878.48</ele>
      </trkpt>
      <trkpt lat="46.033024998" lon="6.555207997">
        <ele>879.4</ele>
      </trkpt>
      <trkpt lat="46.032933" lon="6.555282998">
        <ele>881.5</ele>
      </trkpt>
      <trkpt lat="46.032839004" lon="6.555377994">
        <ele>883.87</ele>
      </trkpt>
      <trkpt lat="46.032724995" lon="6.555496">
        <ele>880.98</ele>
      </trkpt>
      <trkpt lat="46.032587999" lon="6.555656002">
        <ele>884.12</ele>
      </trkpt>
      <trkpt lat="46.032485998" lon="6.555802997">
        <ele>889.46</ele>
      </trkpt>
      <trkpt lat="46.032397998" lon="6.555939004">
        <ele>893.64</ele>
      </trkpt>
      <trkpt lat="46.032335002" lon="6.556014999">
        <ele>884.5</ele>
      </trkpt>
      <trkpt lat="46.032259002" lon="6.556088004">
        <ele>886.56</ele>
      </trkpt>
      <trkpt lat="46.032156" lon="6.556152001">
        <ele>888.45</ele>
      </trkpt>
      <trkpt lat="46.032045" lon="6.556204002">
        <ele>886.73</ele>
      </trkpt>
      <trkpt lat="46.031925998" lon="6.556243008">
        <ele>884.66</ele>
      </trkpt>
      <trkpt lat="46.031802006" lon="6.556275001">
        <ele>892.85</ele>
      </trkpt>
      <trkpt lat="46.031664006" lon="6.556307006">
        <ele>895.23</ele>
      </trkpt>
      <trkpt lat="46.031484002" lon="6.556350995">
        <ele>901.19</ele>
      </trkpt>
      <trkpt lat="46.031319004" lon="6.556401998">
        <ele>899.21</ele>
      </trkpt>
      <trkpt lat="46.031162" lon="6.556453001">
        <ele>901.72</ele>
      </trkpt>
      <trkpt lat="46.030866001" lon="6.556566005">
        <ele>897.2</ele>
      </trkpt>
      <trkpt lat="46.030662006" lon="6.556669006">
        <ele>897.9</ele>
      </trkpt>
      <trkpt lat="46.030447998" lon="6.556777997">
        <ele>893.69</ele>
      </trkpt>
      <trkpt lat="46.030231997" lon="6.556889006">
        <ele>892.72</ele>
      </trkpt>
      <trkpt lat="46.030090996" lon="6.556953996">
        <ele>887.76</ele>
      </trkpt>
      <trkpt lat="46.029988005" lon="6.556980007">
        <ele>888.75</ele>
      </trkpt>
      <trkpt lat="46.029895001" lon="6.556997994">
        <ele>884.92</ele>
      </trkpt>
      <trkpt lat="46.029786002" lon="6.556998006">
        <ele>885.9</ele>
      </trkpt>
      <trkpt lat="46.029631003" lon="6.556984003">
        <ele>887.47</ele>
      </trkpt>
      <trkpt lat="46.029462997" lon="6.556969998">
        <ele>892.92</ele>
      </trkpt>
      <trkpt lat="46.029382001" lon="6.556969001">
        <ele>896.37</ele>
      </trkpt>
      <trkpt lat="46.029265002" lon="6.556991">
        <ele>901.22</ele>
      </trkpt>
      <trkpt lat="46.029228002" lon="6.557006995">
        <ele>903.29</ele>
      </trkpt>
      <trkpt lat="46.029224984" lon="6.557008365">
        <ele>907.42</ele>
      </trkpt>
      <trkpt lat="46.029154997" lon="6.557040006">
        <ele>909.56</ele>
      </trkpt>
      <trkpt lat="46.028967996" lon="6.557132002">
        <ele>910.68</ele>
      </trkpt>
      <trkpt lat="46.028745005" lon="6.557241998">
        <ele>911.82</ele>
      </trkpt>
      <trkpt lat="46.028520999" lon="6.557350996">
        <ele>913.64</ele>
      </trkpt>
      <trkpt lat="46.028479997" lon="6.557371001">
        <ele>914.4</ele>
      </trkpt>
      <trkpt lat="46.028262994" lon="6.557476">
        <ele>914.44</ele>
      </trkpt>
      <trkpt lat="46.028148998" lon="6.557538994">
        <ele>915.75</ele>
      </trkpt>
      <trkpt lat="46.028078999" lon="6.557595997">
        <ele>917.09</ele>
      </trkpt>
      <trkpt lat="46.028037998" lon="6.557655006">
        <ele>918.56</ele>
      </trkpt>
      <trkpt lat="46.027991002" lon="6.557745008">
        <ele>919.66</ele>
      </trkpt>
      <trkpt lat="46.027870001" lon="6.558022998">
        <ele>920.75</ele>
      </trkpt>
      <trkpt lat="46.027807997" lon="6.558141999">
        <ele>921.8</ele>
      </trkpt>
      <trkpt lat="46.027733002" lon="6.558226009">
        <ele>921.78</ele>
      </trkpt>
      <trkpt lat="46.027645003" lon="6.558296999">
        <ele>920.91</ele>
      </trkpt>
      <trkpt lat="46.027554001" lon="6.558324999">
        <ele>919.69</ele>
      </trkpt>
      <trkpt lat="46.027470995" lon="6.558321994">
        <ele>918.13</ele>
      </trkpt>
      <trkpt lat="46.027385998" lon="6.558297999">
        <ele>918.4</ele>
      </trkpt>
      <trkpt lat="46.027271999" lon="6.558248006">
        <ele>918.9</ele>
      </trkpt>
      <trkpt lat="46.027023996" lon="6.558125994">
        <ele>918.79</ele>
      </trkpt>
      <trkpt lat="46.026776002" lon="6.558003996">
        <ele>917.96</ele>
      </trkpt>
      <trkpt lat="46.026548994" lon="6.557893996">
        <ele>917.2</ele>
      </trkpt>
      <trkpt lat="46.026320995" lon="6.557783997">
        <ele>914.77</ele>
      </trkpt>
      <trkpt lat="46.02605" lon="6.557622003">
        <ele>911.98</ele>
      </trkpt>
      <trkpt lat="46.025882002" lon="6.557478">
        <ele>911.16</ele>
      </trkpt>
      <trkpt lat="46.025747999" lon="6.557353991">
        <ele>911.16</ele>
      </trkpt>
      <trkpt lat="46.025640001" lon="6.557229996">
        <ele>911.23</ele>
      </trkpt>
      <trkpt lat="46.025519001" lon="6.557071995">
        <ele>911.2</ele>
      </trkpt>
      <trkpt lat="46.025429998" lon="6.556937002">
        <ele>912.55</ele>
      </trkpt>
      <trkpt lat="46.025316001" lon="6.556754001">
        <ele>912.67</ele>
      </trkpt>
      <trkpt lat="46.025158003" lon="6.556428997">
        <ele>913.13</ele>
      </trkpt>
      <trkpt lat="46.025120004" lon="6.556341004">
        <ele>913.74</ele>
      </trkpt>
      <trkpt lat="46.025064002" lon="6.556208006">
        <ele>914.38</ele>
      </trkpt>
      <trkpt lat="46.024998997" lon="6.556091002">
        <ele>915.3</ele>
      </trkpt>
      <trkpt lat="46.024943003" lon="6.555988996">
        <ele>917</ele>
      </trkpt>
      <trkpt lat="46.024811999" lon="6.555826005">
        <ele>917.88</ele>
      </trkpt>
      <trkpt lat="46.024561001" lon="6.555534005">
        <ele>919.58</ele>
      </trkpt>
      <trkpt lat="46.024378005" lon="6.555331007">
        <ele>920.78</ele>
      </trkpt>
      <trkpt lat="46.024272004" lon="6.555213993">
        <ele>921.09</ele>
      </trkpt>
      <trkpt lat="46.024027001" lon="6.554913005">
        <ele>921.03</ele>
      </trkpt>
      <trkpt lat="46.023894006" lon="6.554738995">
        <ele>921.18</ele>
      </trkpt>
      <trkpt lat="46.023819002" lon="6.554617997">
        <ele>921.11</ele>
      </trkpt>
      <trkpt lat="46.023749001" lon="6.554493001">
        <ele>921.17</ele>
      </trkpt>
      <trkpt lat="46.023665004" lon="6.554362999">
        <ele>921.58</ele>
      </trkpt>
      <trkpt lat="46.023588006" lon="6.554257">
        <ele>921.62</ele>
      </trkpt>
      <trkpt lat="46.023393999" lon="6.554038003">
        <ele>921.89</ele>
      </trkpt>
      <trkpt lat="46.023299995" lon="6.553930996">
        <ele>922.33</ele>
      </trkpt>
      <trkpt lat="46.023211" lon="6.553806004">
        <ele>922.22</ele>
      </trkpt>
      <trkpt lat="46.023028997" lon="6.553545991">
        <ele>923.87</ele>
      </trkpt>
      <trkpt lat="46.022930005" lon="6.553423006">
        <ele>925.19</ele>
      </trkpt>
      <trkpt lat="46.022867997" lon="6.553366994">
        <ele>925.85</ele>
      </trkpt>
      <trkpt lat="46.022798005" lon="6.553331001">
        <ele>926.33</ele>
      </trkpt>
      <trkpt lat="46.022710005" lon="6.553300999">
        <ele>927.65</ele>
      </trkpt>
      <trkpt lat="46.022599994" lon="6.553284999">
        <ele>926.68</ele>
      </trkpt>
      <trkpt lat="46.022428006" lon="6.553283004">
        <ele>926.39</ele>
      </trkpt>
      <trkpt lat="46.022329994" lon="6.553243996">
        <ele>926.51</ele>
      </trkpt>
      <trkpt lat="46.022256997" lon="6.553187999">
        <ele>925.91</ele>
      </trkpt>
      <trkpt lat="46.022199" lon="6.553108995">
        <ele>925.2</ele>
      </trkpt>
      <trkpt lat="46.022098998" lon="6.552936001">
        <ele>925.14</ele>
      </trkpt>
      <trkpt lat="46.022027994" lon="6.552810999">
        <ele>925.12</ele>
      </trkpt>
      <trkpt lat="46.021860003" lon="6.552536995">
        <ele>925.75</ele>
      </trkpt>
      <trkpt lat="46.021645001" lon="6.552177997">
        <ele>926.1</ele>
      </trkpt>
      <trkpt lat="46.021405002" lon="6.551774999">
        <ele>926.72</ele>
      </trkpt>
      <trkpt lat="46.021258006" lon="6.551522996">
        <ele>927.19</ele>
      </trkpt>
      <trkpt lat="46.021121001" lon="6.551268004">
        <ele>926.72</ele>
      </trkpt>
      <trkpt lat="46.020990001" lon="6.550906006">
        <ele>927.29</ele>
      </trkpt>
      <trkpt lat="46.020863002" lon="6.550546003">
        <ele>928.79</ele>
      </trkpt>
      <trkpt lat="46.020660004" lon="6.550010001">
        <ele>929.47</ele>
      </trkpt>
      <trkpt lat="46.020577" lon="6.549758994">
        <ele>929.66</ele>
      </trkpt>
      <trkpt lat="46.020531004" lon="6.549575991">
        <ele>931.72</ele>
      </trkpt>
      <trkpt lat="46.020505002" lon="6.549425993">
        <ele>932.39</ele>
      </trkpt>
      <trkpt lat="46.020484996" lon="6.549237992">
        <ele>933.48</ele>
      </trkpt>
      <trkpt lat="46.020482002" lon="6.549208997">
        <ele>934.85</ele>
      </trkpt>
      <trkpt lat="46.020453999" lon="6.548974999">
        <ele>938.95</ele>
      </trkpt>
      <trkpt lat="46.020430999" lon="6.548805994">
        <ele>941.34</ele>
      </trkpt>
      <trkpt lat="46.020327996" lon="6.548417">
        <ele>942.8</ele>
      </trkpt>
      <trkpt lat="46.020208996" lon="6.548024995">
        <ele>944.31</ele>
      </trkpt>
      <trkpt lat="46.020158" lon="6.547853007">
        <ele>945.28</ele>
      </trkpt>
      <trkpt lat="46.020061997" lon="6.547538">
        <ele>946.28</ele>
      </trkpt>
      <trkpt lat="46.020039" lon="6.547407994">
        <ele>946.08</ele>
      </trkpt>
      <trkpt lat="46.020031003" lon="6.547286008">
        <ele>945.73</ele>
      </trkpt>
      <trkpt lat="46.020043994" lon="6.547061995">
        <ele>947.08</ele>
      </trkpt>
      <trkpt lat="46.020055002" lon="6.546916005">
        <ele>948.79</ele>
      </trkpt>
      <trkpt lat="46.020055998" lon="6.546800991">
        <ele>948.87</ele>
      </trkpt>
      <trkpt lat="46.020037999" lon="6.546695">
        <ele>952.34</ele>
      </trkpt>
      <trkpt lat="46.019950006" lon="6.546380008">
        <ele>956.13</ele>
      </trkpt>
      <trkpt lat="46.019787001" lon="6.545929005">
        <ele>957.08</ele>
      </trkpt>
      <trkpt lat="46.019714002" lon="6.545748006">
        <ele>958.14</ele>
      </trkpt>
      <trkpt lat="46.019606001" lon="6.545459001">
        <ele>959.17</ele>
      </trkpt>
      <trkpt lat="46.019532999" lon="6.545230001">
        <ele>957.95</ele>
      </trkpt>
      <trkpt lat="46.019459999" lon="6.545034008">
        <ele>958.9</ele>
      </trkpt>
      <trkpt lat="46.019353006" lon="6.544810994">
        <ele>958.84</ele>
      </trkpt>
      <trkpt lat="46.019287002" lon="6.544674">
        <ele>959.75</ele>
      </trkpt>
      <trkpt lat="46.019228998" lon="6.544519008">
        <ele>960.34</ele>
      </trkpt>
      <trkpt lat="46.019185" lon="6.544372992">
        <ele>961.31</ele>
      </trkpt>
      <trkpt lat="46.019148004" lon="6.544294994">
        <ele>961.6</ele>
      </trkpt>
      <trkpt lat="46.019052994" lon="6.544198001">
        <ele>965.19</ele>
      </trkpt>
      <trkpt lat="46.018845001" lon="6.544006001">
        <ele>967.25</ele>
      </trkpt>
      <trkpt lat="46.018711001" lon="6.543861004">
        <ele>968.16</ele>
      </trkpt>
      <trkpt lat="46.018649998" lon="6.543717995">
        <ele>970.07</ele>
      </trkpt>
      <trkpt lat="46.018615001" lon="6.543580998">
        <ele>970.69</ele>
      </trkpt>
      <trkpt lat="46.018602003" lon="6.543425998">
        <ele>968.47</ele>
      </trkpt>
      <trkpt lat="46.018600001" lon="6.543273001">
        <ele>967.79</ele>
      </trkpt>
      <trkpt lat="46.018598999" lon="6.543150008">
        <ele>967.51</ele>
      </trkpt>
      <trkpt lat="46.018569" lon="6.543043998">
        <ele>968.01</ele>
      </trkpt>
      <trkpt lat="46.018516997" lon="6.542954994">
        <ele>968.69</ele>
      </trkpt>
      <trkpt lat="46.018466004" lon="6.542887003">
        <ele>969.08</ele>
      </trkpt>
      <trkpt lat="46.018349995" lon="6.542755007">
        <ele>969.6</ele>
      </trkpt>
      <trkpt lat="46.018176996" lon="6.542564002">
        <ele>970.91</ele>
      </trkpt>
      <trkpt lat="46.018019006" lon="6.542406998">
        <ele>969.44</ele>
      </trkpt>
      <trkpt lat="46.017940999" lon="6.542291996">
        <ele>968.18</ele>
      </trkpt>
      <trkpt lat="46.017850998" lon="6.542141999">
        <ele>967.25</ele>
      </trkpt>
      <trkpt lat="46.017663" lon="6.541773994">
        <ele>965.24</ele>
      </trkpt>
      <trkpt lat="46.017561999" lon="6.541583998">
        <ele>961.97</ele>
      </trkpt>
      <trkpt lat="46.017422999" lon="6.541311997">
        <ele>960</ele>
      </trkpt>
      <trkpt lat="46.017338003" lon="6.541161007">
        <ele>958.23</ele>
      </trkpt>
      <trkpt lat="46.017215995" lon="6.541002005">
        <ele>957.03</ele>
      </trkpt>
      <trkpt lat="46.017089001" lon="6.540860006">
        <ele>956.1</ele>
      </trkpt>
      <trkpt lat="46.016906996" lon="6.54069">
        <ele>956.14</ele>
      </trkpt>
      <trkpt lat="46.016745005" lon="6.540544999">
        <ele>956.21</ele>
      </trkpt>
      <trkpt lat="46.016723998" lon="6.540529">
        <ele>956.28</ele>
      </trkpt>
      <trkpt lat="46.016519004" lon="6.540349002">
        <ele>956.66</ele>
      </trkpt>
      <trkpt lat="46.016281999" lon="6.540133008">
        <ele>958.16</ele>
      </trkpt>
      <trkpt lat="46.015953998" lon="6.539839999">
        <ele>959.76</ele>
      </trkpt>
      <trkpt lat="46.015587006" lon="6.539514002">
        <ele>960.71</ele>
      </trkpt>
      <trkpt lat="46.015433003" lon="6.539379006">
        <ele>961.91</ele>
      </trkpt>
      <trkpt lat="46.015294001" lon="6.539254006">
        <ele>963.37</ele>
      </trkpt>
      <trkpt lat="46.015092004" lon="6.539078998">
        <ele>964.55</ele>
      </trkpt>
      <trkpt lat="46.014841997" lon="6.538898003">
        <ele>965.17</ele>
      </trkpt>
      <trkpt lat="46.014668006" lon="6.538783005">
        <ele>966.59</ele>
      </trkpt>
      <trkpt lat="46.014543994" lon="6.538701008">
        <ele>967.79</ele>
      </trkpt>
      <trkpt lat="46.014225004" lon="6.538496002">
        <ele>968.15</ele>
      </trkpt>
      <trkpt lat="46.013905003" lon="6.538304">
        <ele>967.35</ele>
      </trkpt>
      <trkpt lat="46.013634004" lon="6.538120005">
        <ele>967.08</ele>
      </trkpt>
      <trkpt lat="46.013454001" lon="6.538005001">
        <ele>966.64</ele>
      </trkpt>
      <trkpt lat="46.013425001" lon="6.537986006">
        <ele>966.45</ele>
      </trkpt>
      <trkpt lat="46.013139004" lon="6.537831995">
        <ele>967.33</ele>
      </trkpt>
      <trkpt lat="46.012979999" lon="6.537765009">
        <ele>968.4</ele>
      </trkpt>
      <trkpt lat="46.012750004" lon="6.537664993">
        <ele>969.46</ele>
      </trkpt>
      <trkpt lat="46.012467003" lon="6.537541994">
        <ele>970.23</ele>
      </trkpt>
      <trkpt lat="46.012420999" lon="6.537521996">
        <ele>970.77</ele>
      </trkpt>
      <trkpt lat="46.012260001" lon="6.537452995">
        <ele>970.41</ele>
      </trkpt>
      <trkpt lat="46.012204999" lon="6.537401007">
        <ele>970.21</ele>
      </trkpt>
      <trkpt lat="46.012152" lon="6.537337997">
        <ele>970.54</ele>
      </trkpt>
      <trkpt lat="46.012084" lon="6.537226">
        <ele>970.83</ele>
      </trkpt>
      <trkpt lat="46.012027998" lon="6.537103003">
        <ele>971.57</ele>
      </trkpt>
      <trkpt lat="46.011973999" lon="6.536960005">
        <ele>972.63</ele>
      </trkpt>
      <trkpt lat="46.011913002" lon="6.536719">
        <ele>973.74</ele>
      </trkpt>
      <trkpt lat="46.011845004" lon="6.536423004">
        <ele>974.6</ele>
      </trkpt>
      <trkpt lat="46.011836997" lon="6.536384998">
        <ele>975.68</ele>
      </trkpt>
      <trkpt lat="46.011699004" lon="6.535795998">
        <ele>976.47</ele>
      </trkpt>
      <trkpt lat="46.011694003" lon="6.535773994">
        <ele>976.89</ele>
      </trkpt>
      <trkpt lat="46.011586002" lon="6.535321999">
        <ele>977.75</ele>
      </trkpt>
      <trkpt lat="46.011579" lon="6.535286994">
        <ele>978.27</ele>
      </trkpt>
      <trkpt lat="46.011518005" lon="6.535012009">
        <ele>979.38</ele>
      </trkpt>
      <trkpt lat="46.011497001" lon="6.534898005">
        <ele>980.11</ele>
      </trkpt>
      <trkpt lat="46.011454994" lon="6.534665005">
        <ele>981.52</ele>
      </trkpt>
      <trkpt lat="46.011444006" lon="6.534437997">
        <ele>982.48</ele>
      </trkpt>
      <trkpt lat="46.011445998" lon="6.534293001">
        <ele>983.5</ele>
      </trkpt>
      <trkpt lat="46.011475001" lon="6.534213997">
        <ele>983.83</ele>
      </trkpt>
      <trkpt lat="46.011492998" lon="6.534188996">
        <ele>984.57</ele>
      </trkpt>
      <trkpt lat="46.011532997" lon="6.534135991">
        <ele>984.78</ele>
      </trkpt>
      <trkpt lat="46.011591001" lon="6.534094997">
        <ele>985.08</ele>
      </trkpt>
      <trkpt lat="46.011642999" lon="6.534085002">
        <ele>985.98</ele>
      </trkpt>
      <trkpt lat="46.011717005" lon="6.534104002">
        <ele>986.84</ele>
      </trkpt>
      <trkpt lat="46.011849002" lon="6.534184997">
        <ele>986.39</ele>
      </trkpt>
      <trkpt lat="46.01198" lon="6.534284998">
        <ele>986.01</ele>
      </trkpt>
      <trkpt lat="46.012162003" lon="6.534425005">
        <ele>986.18</ele>
      </trkpt>
      <trkpt lat="46.012367003" lon="6.534583996">
        <ele>986.84</ele>
      </trkpt>
      <trkpt lat="46.012502998" lon="6.534709003">
        <ele>987.46</ele>
      </trkpt>
      <trkpt lat="46.012645003" lon="6.534869004">
        <ele>988.5</ele>
      </trkpt>
      <trkpt lat="46.012674002" lon="6.534911995">
        <ele>988.69</ele>
      </trkpt>
      <trkpt lat="46.012818002" lon="6.535118996">
        <ele>990.43</ele>
      </trkpt>
      <trkpt lat="46.012922004" lon="6.535235997">
        <ele>989.93</ele>
      </trkpt>
      <trkpt lat="46.013170001" lon="6.535469999">
        <ele>990.26</ele>
      </trkpt>
      <trkpt lat="46.013262996" lon="6.535531001">
        <ele>991.95</ele>
      </trkpt>
      <trkpt lat="46.013332003" lon="6.535536007">
        <ele>994.83</ele>
      </trkpt>
      <trkpt lat="46.013396" lon="6.535514999">
        <ele>995.89</ele>
      </trkpt>
      <trkpt lat="46.013442" lon="6.535465005">
        <ele>996.33</ele>
      </trkpt>
      <trkpt lat="46.013468" lon="6.535407994">
        <ele>998.24</ele>
      </trkpt>
      <trkpt lat="46.013486999" lon="6.535306998">
        <ele>999.49</ele>
      </trkpt>
      <trkpt lat="46.013466002" lon="6.535214997">
        <ele>1000.22</ele>
      </trkpt>
      <trkpt lat="46.013410999" lon="6.535106993">
        <ele>1000.6</ele>
      </trkpt>
      <trkpt lat="46.013292996" lon="6.534942995">
        <ele>1002.62</ele>
      </trkpt>
      <trkpt lat="46.013219005" lon="6.534846992">
        <ele>1003.63</ele>
      </trkpt>
      <trkpt lat="46.013166999" lon="6.534780994">
        <ele>1004.34</ele>
      </trkpt>
      <trkpt lat="46.013051994" lon="6.534673998">
        <ele>1004.84</ele>
      </trkpt>
      <trkpt lat="46.012885005" lon="6.534549998">
        <ele>1004.89</ele>
      </trkpt>
      <trkpt lat="46.012817999" lon="6.534484007">
        <ele>1005.09</ele>
      </trkpt>
      <trkpt lat="46.012733005" lon="6.534343998">
        <ele>1005.04</ele>
      </trkpt>
      <trkpt lat="46.012626997" lon="6.534082997">
        <ele>1005.67</ele>
      </trkpt>
      <trkpt lat="46.012496997" lon="6.533753998">
        <ele>1007</ele>
      </trkpt>
      <trkpt lat="46.012436997" lon="6.533564005">
        <ele>1009.06</ele>
      </trkpt>
      <trkpt lat="46.012401001" lon="6.533452">
        <ele>1011.68</ele>
      </trkpt>
      <trkpt lat="46.012328" lon="6.533175995">
        <ele>1013.63</ele>
      </trkpt>
      <trkpt lat="46.012297004" lon="6.533069007">
        <ele>1015.31</ele>
      </trkpt>
      <trkpt lat="46.012261995" lon="6.532945008">
        <ele>1016.85</ele>
      </trkpt>
      <trkpt lat="46.012195" lon="6.532770001">
        <ele>1018.11</ele>
      </trkpt>
      <trkpt lat="46.012123004" lon="6.532637999">
        <ele>1018.75</ele>
      </trkpt>
      <trkpt lat="46.012063002" lon="6.532547997">
        <ele>1019.14</ele>
      </trkpt>
      <trkpt lat="46.012056004" lon="6.532538">
        <ele>1020.15</ele>
      </trkpt>
      <trkpt lat="46.011932001" lon="6.532378996">
        <ele>1020.48</ele>
      </trkpt>
      <trkpt lat="46.011729999" lon="6.532105006">
        <ele>1020.63</ele>
      </trkpt>
      <trkpt lat="46.011658004" lon="6.532003006">
        <ele>1021.83</ele>
      </trkpt>
      <trkpt lat="46.011586003" lon="6.531874007">
        <ele>1023.64</ele>
      </trkpt>
      <trkpt lat="46.011543996" lon="6.531754994">
        <ele>1025.73</ele>
      </trkpt>
      <trkpt lat="46.011490997" lon="6.531565004">
        <ele>1029.28</ele>
      </trkpt>
      <trkpt lat="46.011433002" lon="6.531295002">
        <ele>1033.49</ele>
      </trkpt>
      <trkpt lat="46.011354004" lon="6.530904998">
        <ele>1036.74</ele>
      </trkpt>
      <trkpt lat="46.011313004" lon="6.530736">
        <ele>1040.08</ele>
      </trkpt>
      <trkpt lat="46.011267" lon="6.530648">
        <ele>1041.77</ele>
      </trkpt>
      <trkpt lat="46.011158001" lon="6.530544002">
        <ele>1042.07</ele>
      </trkpt>
      <trkpt lat="46.011089002" lon="6.530466997">
        <ele>1043.8</ele>
      </trkpt>
      <trkpt lat="46.011037996" lon="6.530332998">
        <ele>1046.31</ele>
      </trkpt>
      <trkpt lat="46.010979001" lon="6.530143">
        <ele>1047.77</ele>
      </trkpt>
      <trkpt lat="46.010930997" lon="6.530069996">
        <ele>1049.79</ele>
      </trkpt>
      <trkpt lat="46.010821997" lon="6.529992002">
        <ele>1052.03</ele>
      </trkpt>
      <trkpt lat="46.010664996" lon="6.529904006">
        <ele>1051.24</ele>
      </trkpt>
      <trkpt lat="46.010582997" lon="6.529822999">
        <ele>1050.03</ele>
      </trkpt>
      <trkpt lat="46.010545002" lon="6.529735994">
        <ele>1049.62</ele>
      </trkpt>
      <trkpt lat="46.010542994" lon="6.529648">
        <ele>1049.45</ele>
      </trkpt>
      <trkpt lat="46.010581002" lon="6.529567996">
        <ele>1050.08</ele>
      </trkpt>
      <trkpt lat="46.010631995" lon="6.529534996">
        <ele>1051.95</ele>
      </trkpt>
      <trkpt lat="46.010703999" lon="6.529537005">
        <ele>1053.53</ele>
      </trkpt>
      <trkpt lat="46.010752998" lon="6.529569994">
        <ele>1054.82</ele>
      </trkpt>
      <trkpt lat="46.010816998" lon="6.529654995">
        <ele>1055.37</ele>
      </trkpt>
      <trkpt lat="46.010880997" lon="6.529729">
        <ele>1054.02</ele>
      </trkpt>
      <trkpt lat="46.010943001" lon="6.529744998">
        <ele>1052.87</ele>
      </trkpt>
      <trkpt lat="46.011078001" lon="6.529751996">
        <ele>1052.92</ele>
      </trkpt>
      <trkpt lat="46.011183001" lon="6.529789992">
        <ele>1052.28</ele>
      </trkpt>
      <trkpt lat="46.011255998" lon="6.529878999">
        <ele>1051.79</ele>
      </trkpt>
      <trkpt lat="46.011305001" lon="6.529982999">
        <ele>1052.26</ele>
      </trkpt>
      <trkpt lat="46.011355005" lon="6.530065007">
        <ele>1052.33</ele>
      </trkpt>
      <trkpt lat="46.011405002" lon="6.530105009">
        <ele>1053.82</ele>
      </trkpt>
      <trkpt lat="46.011505999" lon="6.530154003">
        <ele>1055.59</ele>
      </trkpt>
      <trkpt lat="46.011559997" lon="6.530214004">
        <ele>1057.32</ele>
      </trkpt>
      <trkpt lat="46.01161" lon="6.530305003">
        <ele>1059.61</ele>
      </trkpt>
      <trkpt lat="46.011634002" lon="6.530406002">
        <ele>1061.33</ele>
      </trkpt>
      <trkpt lat="46.011657003" lon="6.530602991">
        <ele>1060.12</ele>
      </trkpt>
      <trkpt lat="46.011687005" lon="6.530697998">
        <ele>1059.03</ele>
      </trkpt>
      <trkpt lat="46.011693005" lon="6.530724994">
        <ele>1058.27</ele>
      </trkpt>
      <trkpt lat="46.011714996" lon="6.530764997">
        <ele>1058.57</ele>
      </trkpt>
      <trkpt lat="46.011772998" lon="6.530820003">
        <ele>1057.75</ele>
      </trkpt>
      <trkpt lat="46.011914999" lon="6.530904">
        <ele>1058.37</ele>
      </trkpt>
      <trkpt lat="46.012134002" lon="6.531025996">
        <ele>1060.04</ele>
      </trkpt>
      <trkpt lat="46.012247002" lon="6.531093009">
        <ele>1060.45</ele>
      </trkpt>
      <trkpt lat="46.012319005" lon="6.531127996">
        <ele>1060.06</ele>
      </trkpt>
      <trkpt lat="46.012420003" lon="6.531178999">
        <ele>1062.25</ele>
      </trkpt>
      <trkpt lat="46.012475002" lon="6.531205999">
        <ele>1061.84</ele>
      </trkpt>
      <trkpt lat="46.012539" lon="6.531214999">
        <ele>1062.05</ele>
      </trkpt>
      <trkpt lat="46.012644004" lon="6.531219">
        <ele>1065.25</ele>
      </trkpt>
      <trkpt lat="46.012748998" lon="6.531227995">
        <ele>1066.72</ele>
      </trkpt>
      <trkpt lat="46.012868998" lon="6.531259002">
        <ele>1069.3</ele>
      </trkpt>
      <trkpt lat="46.012995999" lon="6.531318997">
        <ele>1072.51</ele>
      </trkpt>
      <trkpt lat="46.013146997" lon="6.531382993">
        <ele>1074.33</ele>
      </trkpt>
      <trkpt lat="46.013279996" lon="6.531453">
        <ele>1074.58</ele>
      </trkpt>
      <trkpt lat="46.013418997" lon="6.531543005">
        <ele>1076.79</ele>
      </trkpt>
      <trkpt lat="46.013462003" lon="6.531569003">
        <ele>1077.99</ele>
      </trkpt>
      <trkpt lat="46.013596998" lon="6.531661998">
        <ele>1079.59</ele>
      </trkpt>
      <trkpt lat="46.013841001" lon="6.531811004">
        <ele>1080.38</ele>
      </trkpt>
      <trkpt lat="46.013987004" lon="6.531896997">
        <ele>1081.92</ele>
      </trkpt>
      <trkpt lat="46.014096996" lon="6.531954997">
        <ele>1083.18</ele>
      </trkpt>
      <trkpt lat="46.014213" lon="6.532016994">
        <ele>1082.36</ele>
      </trkpt>
      <trkpt lat="46.014296999" lon="6.532060995">
        <ele>1082.28</ele>
      </trkpt>
      <trkpt lat="46.014352998" lon="6.532073002">
        <ele>1083.23</ele>
      </trkpt>
      <trkpt lat="46.014406002" lon="6.532053003">
        <ele>1083.67</ele>
      </trkpt>
      <trkpt lat="46.014438995" lon="6.532024008">
        <ele>1083.69</ele>
      </trkpt>
      <trkpt lat="46.014467004" lon="6.531979996">
        <ele>1086.07</ele>
      </trkpt>
      <trkpt lat="46.014481" lon="6.531922004">
        <ele>1087.92</ele>
      </trkpt>
      <trkpt lat="46.014467994" lon="6.531828007">
        <ele>1089.16</ele>
      </trkpt>
      <trkpt lat="46.014434997" lon="6.531762002">
        <ele>1090.29</ele>
      </trkpt>
      <trkpt lat="46.014344998" lon="6.531686993">
        <ele>1090.81</ele>
      </trkpt>
      <trkpt lat="46.014235006" lon="6.531629006">
        <ele>1090.21</ele>
      </trkpt>
      <trkpt lat="46.014107002" lon="6.531562992">
        <ele>1090.48</ele>
      </trkpt>
      <trkpt lat="46.014005" lon="6.531475996">
        <ele>1090.73</ele>
      </trkpt>
      <trkpt lat="46.013898999" lon="6.531349">
        <ele>1091.53</ele>
      </trkpt>
      <trkpt lat="46.013823995" lon="6.531231008">
        <ele>1092.93</ele>
      </trkpt>
      <trkpt lat="46.013733004" lon="6.531095002">
        <ele>1094.4</ele>
      </trkpt>
      <trkpt lat="46.013635999" lon="6.530933008">
        <ele>1095.1</ele>
      </trkpt>
      <trkpt lat="46.013562001" lon="6.530768003">
        <ele>1096.2</ele>
      </trkpt>
      <trkpt lat="46.013550002" lon="6.530742005">
        <ele>1099.23</ele>
      </trkpt>
      <trkpt lat="46.013517996" lon="6.530676001">
        <ele>1100.52</ele>
      </trkpt>
      <trkpt lat="46.013400999" lon="6.530528999">
        <ele>1102.76</ele>
      </trkpt>
      <trkpt lat="46.013262995" lon="6.530420004">
        <ele>1103.5</ele>
      </trkpt>
      <trkpt lat="46.013134998" lon="6.530349997">
        <ele>1103.57</ele>
      </trkpt>
      <trkpt lat="46.012988001" lon="6.530294994">
        <ele>1101.91</ele>
      </trkpt>
      <trkpt lat="46.012927002" lon="6.530280004">
        <ele>1101.68</ele>
      </trkpt>
      <trkpt lat="46.012860002" lon="6.530245002">
        <ele>1100.63</ele>
      </trkpt>
      <trkpt lat="46.012826002" lon="6.530196996">
        <ele>1101.58</ele>
      </trkpt>
      <trkpt lat="46.012769005" lon="6.530048998">
        <ele>1103.54</ele>
      </trkpt>
      <trkpt lat="46.012721001" lon="6.529908008">
        <ele>1106.5</ele>
      </trkpt>
      <trkpt lat="46.012671002" lon="6.529789995">
        <ele>1107.98</ele>
      </trkpt>
      <trkpt lat="46.012601998" lon="6.52969">
        <ele>1108.22</ele>
      </trkpt>
      <trkpt lat="46.012491003" lon="6.529556002">
        <ele>1109.1</ele>
      </trkpt>
      <trkpt lat="46.012401998" lon="6.529433998">
        <ele>1110.38</ele>
      </trkpt>
      <trkpt lat="46.012305002" lon="6.529267005">
        <ele>1110.72</ele>
      </trkpt>
      <trkpt lat="46.012248005" lon="6.529142994">
        <ele>1111.52</ele>
      </trkpt>
      <trkpt lat="46.012195001" lon="6.528987998">
        <ele>1114.61</ele>
      </trkpt>
      <trkpt lat="46.012166" lon="6.528829006">
        <ele>1116</ele>
      </trkpt>
      <trkpt lat="46.012143997" lon="6.528655999">
        <ele>1117.68</ele>
      </trkpt>
      <trkpt lat="46.012112001" lon="6.528422998">
        <ele>1117.03</ele>
      </trkpt>
      <trkpt lat="46.012086002" lon="6.528301004">
        <ele>1118.2</ele>
      </trkpt>
      <trkpt lat="46.012053995" lon="6.528179996">
        <ele>1118.57</ele>
      </trkpt>
      <trkpt lat="46.012005999" lon="6.528050006">
        <ele>1120.12</ele>
      </trkpt>
      <trkpt lat="46.011915999" lon="6.527788005">
        <ele>1121.36</ele>
      </trkpt>
      <trkpt lat="46.011857004" lon="6.527623001">
        <ele>1124.76</ele>
      </trkpt>
      <trkpt lat="46.011740001" lon="6.527224003">
        <ele>1128.34</ele>
      </trkpt>
      <trkpt lat="46.011658001" lon="6.526966994">
        <ele>1131.12</ele>
      </trkpt>
      <trkpt lat="46.011566998" lon="6.526683005">
        <ele>1133.25</ele>
      </trkpt>
      <trkpt lat="46.011514006" lon="6.526561998">
        <ele>1134.81</ele>
      </trkpt>
      <trkpt lat="46.011435995" lon="6.526450992">
        <ele>1135.34</ele>
      </trkpt>
      <trkpt lat="46.011334998" lon="6.526329003">
        <ele>1136.34</ele>
      </trkpt>
      <trkpt lat="46.011267" lon="6.526207009">
        <ele>1137.99</ele>
      </trkpt>
      <trkpt lat="46.011182994" lon="6.526007999">
        <ele>1139.59</ele>
      </trkpt>
      <trkpt lat="46.011117999" lon="6.525886005">
        <ele>1139.89</ele>
      </trkpt>
      <trkpt lat="46.011054003" lon="6.525816998">
        <ele>1140.52</ele>
      </trkpt>
      <trkpt lat="46.010960997" lon="6.525773001">
        <ele>1140.26</ele>
      </trkpt>
      <trkpt lat="46.010891997" lon="6.525710996">
        <ele>1138.48</ele>
      </trkpt>
      <trkpt lat="46.010853998" lon="6.525622001">
        <ele>1137.67</ele>
      </trkpt>
      <trkpt lat="46.010834003" lon="6.525510008">
        <ele>1139.5</ele>
      </trkpt>
      <trkpt lat="46.010836998" lon="6.525385997">
        <ele>1142.02</ele>
      </trkpt>
      <trkpt lat="46.010915002" lon="6.524941001">
        <ele>1144.54</ele>
      </trkpt>
      <trkpt lat="46.010938002" lon="6.524774003">
        <ele>1148.25</ele>
      </trkpt>
      <trkpt lat="46.010926004" lon="6.524667995">
        <ele>1150.51</ele>
      </trkpt>
      <trkpt lat="46.010887001" lon="6.524603995">
        <ele>1150.78</ele>
      </trkpt>
      <trkpt lat="46.010743998" lon="6.524492992">
        <ele>1150.69</ele>
      </trkpt>
      <trkpt lat="46.010665002" lon="6.524413">
        <ele>1149.74</ele>
      </trkpt>
      <trkpt lat="46.010626003" lon="6.524316996">
        <ele>1149.69</ele>
      </trkpt>
      <trkpt lat="46.010599998" lon="6.524097996">
        <ele>1150.53</ele>
      </trkpt>
      <trkpt lat="46.010575003" lon="6.523943007">
        <ele>1151.13</ele>
      </trkpt>
      <trkpt lat="46.010523998" lon="6.523806997">
        <ele>1151.88</ele>
      </trkpt>
      <trkpt lat="46.010460997" lon="6.523739002">
        <ele>1153.84</ele>
      </trkpt>
      <trkpt lat="46.010289003" lon="6.523613001">
        <ele>1154.33</ele>
      </trkpt>
      <trkpt lat="46.010123004" lon="6.523490994">
        <ele>1154.63</ele>
      </trkpt>
      <trkpt lat="46.010076002" lon="6.523440998">
        <ele>1157.11</ele>
      </trkpt>
      <trkpt lat="46.010054001" lon="6.523384997">
        <ele>1160.41</ele>
      </trkpt>
      <trkpt lat="46.010042999" lon="6.523116005">
        <ele>1163.33</ele>
      </trkpt>
      <trkpt lat="46.010035" lon="6.522984008">
        <ele>1166.97</ele>
      </trkpt>
      <trkpt lat="46.010014002" lon="6.522860997">
        <ele>1171.49</ele>
      </trkpt>
      <trkpt lat="46.009960996" lon="6.522689002">
        <ele>1173.44</ele>
      </trkpt>
      <trkpt lat="46.009905002" lon="6.522576">
        <ele>1172.95</ele>
      </trkpt>
      <trkpt lat="46.009763999" lon="6.522384992">
        <ele>1173.39</ele>
      </trkpt>
      <trkpt lat="46.009610997" lon="6.522193993">
        <ele>1172.93</ele>
      </trkpt>
      <trkpt lat="46.009465001" lon="6.522027001">
        <ele>1173.83</ele>
      </trkpt>
      <trkpt lat="46.009404996" lon="6.521927003">
        <ele>1175.65</ele>
      </trkpt>
      <trkpt lat="46.009272002" lon="6.521698997">
        <ele>1178.3</ele>
      </trkpt>
      <trkpt lat="46.009154999" lon="6.521532998">
        <ele>1179.31</ele>
      </trkpt>
      <trkpt lat="46.009054995" lon="6.521416002">
        <ele>1182.19</ele>
      </trkpt>
      <trkpt lat="46.008772996" lon="6.521177992">
        <ele>1183.92</ele>
      </trkpt>
      <trkpt lat="46.008622995" lon="6.521018005">
        <ele>1185.78</ele>
      </trkpt>
      <trkpt lat="46.008559" lon="6.520937003">
        <ele>1187.28</ele>
      </trkpt>
      <trkpt lat="46.008517002" lon="6.520882001">
        <ele>1189.41</ele>
      </trkpt>
      <trkpt lat="46.008400998" lon="6.520715992">
        <ele>1191.23</ele>
      </trkpt>
      <trkpt lat="46.008346004" lon="6.520618">
        <ele>1192.38</ele>
      </trkpt>
      <trkpt lat="46.008312995" lon="6.520508997">
        <ele>1193.65</ele>
      </trkpt>
      <trkpt lat="46.008307004" lon="6.520398995">
        <ele>1195.64</ele>
      </trkpt>
      <trkpt lat="46.008270998" lon="6.520291003">
        <ele>1197.57</ele>
      </trkpt>
      <trkpt lat="46.008166002" lon="6.520122001">
        <ele>1198.75</ele>
      </trkpt>
      <trkpt lat="46.008071003" lon="6.519990998">
        <ele>1197.88</ele>
      </trkpt>
      <trkpt lat="46.007954" lon="6.519878004">
        <ele>1196.48</ele>
      </trkpt>
      <trkpt lat="46.007816997" lon="6.519759991">
        <ele>1194.75</ele>
      </trkpt>
      <trkpt lat="46.007722996" lon="6.519645003">
        <ele>1194.53</ele>
      </trkpt>
      <trkpt lat="46.007638996" lon="6.519481992">
        <ele>1194.73</ele>
      </trkpt>
      <trkpt lat="46.00755" lon="6.519324004">
        <ele>1196.22</ele>
      </trkpt>
      <trkpt lat="46.007461006" lon="6.519219001">
        <ele>1197.27</ele>
      </trkpt>
      <trkpt lat="46.007366" lon="6.519145008">
        <ele>1198.6</ele>
      </trkpt>
      <trkpt lat="46.007288002" lon="6.519074005">
        <ele>1198.28</ele>
      </trkpt>
      <trkpt lat="46.007173999" lon="6.518931998">
        <ele>1199.08</ele>
      </trkpt>
      <trkpt lat="46.006906001" lon="6.518520003">
        <ele>1199.71</ele>
      </trkpt>
      <trkpt lat="46.006718997" lon="6.518252005">
        <ele>1202.21</ele>
      </trkpt>
      <trkpt lat="46.006653" lon="6.518125995">
        <ele>1204.66</ele>
      </trkpt>
      <trkpt lat="46.006610999" lon="6.517984005">
        <ele>1206.9</ele>
      </trkpt>
      <trkpt lat="46.006594001" lon="6.517763998">
        <ele>1208.66</ele>
      </trkpt>
      <trkpt lat="46.006560999" lon="6.517629997">
        <ele>1210.72</ele>
      </trkpt>
      <trkpt lat="46.006519004" lon="6.517529001">
        <ele>1211.3</ele>
      </trkpt>
      <trkpt lat="46.006442998" lon="6.517432996">
        <ele>1213.71</ele>
      </trkpt>
      <trkpt lat="46.006263006" lon="6.517279">
        <ele>1215.33</ele>
      </trkpt>
      <trkpt lat="46.006120999" lon="6.517127006">
        <ele>1217.61</ele>
      </trkpt>
      <trkpt lat="46.006039001" lon="6.517072996">
        <ele>1218.86</ele>
      </trkpt>
      <trkpt lat="46.005964" lon="6.517069996">
        <ele>1219.84</ele>
      </trkpt>
      <trkpt lat="46.005873999" lon="6.517093991">
        <ele>1217.74</ele>
      </trkpt>
      <trkpt lat="46.005806999" lon="6.517094">
        <ele>1217.62</ele>
      </trkpt>
      <trkpt lat="46.005699" lon="6.517068">
        <ele>1216.23</ele>
      </trkpt>
      <trkpt lat="46.005545006" lon="6.517001003">
        <ele>1215.15</ele>
      </trkpt>
      <trkpt lat="46.005337006" lon="6.516899003">
        <ele>1216.26</ele>
      </trkpt>
      <trkpt lat="46.005266995" lon="6.516834002">
        <ele>1218.6</ele>
      </trkpt>
      <trkpt lat="46.005207001" lon="6.516728003">
        <ele>1219.73</ele>
      </trkpt>
      <trkpt lat="46.005140999" lon="6.516578004">
        <ele>1221.22</ele>
      </trkpt>
      <trkpt lat="46.005053" lon="6.516355002">
        <ele>1223.59</ele>
      </trkpt>
      <trkpt lat="46.004988006" lon="6.516083995">
        <ele>1225.51</ele>
      </trkpt>
      <trkpt lat="46.004934997" lon="6.515815993">
        <ele>1226.69</ele>
      </trkpt>
      <trkpt lat="46.004895002" lon="6.515591005">
        <ele>1228.24</ele>
      </trkpt>
      <trkpt lat="46.004885" lon="6.515445998">
        <ele>1230</ele>
      </trkpt>
      <trkpt lat="46.004883" lon="6.515394001">
        <ele>1232.34</ele>
      </trkpt>
      <trkpt lat="46.004876996" lon="6.514991001">
        <ele>1234.43</ele>
      </trkpt>
      <trkpt lat="46.004874" lon="6.514497998">
        <ele>1239.21</ele>
      </trkpt>
      <trkpt lat="46.004873004" lon="6.514313998">
        <ele>1243.61</ele>
      </trkpt>
      <trkpt lat="46.004848001" lon="6.514211998">
        <ele>1246.62</ele>
      </trkpt>
      <trkpt lat="46.004813995" lon="6.514139006">
        <ele>1248.37</ele>
      </trkpt>
      <trkpt lat="46.004754001" lon="6.514064004">
        <ele>1249.87</ele>
      </trkpt>
      <trkpt lat="46.004633001" lon="6.513979994">
        <ele>1250.07</ele>
      </trkpt>
      <trkpt lat="46.004546998" lon="6.513907999">
        <ele>1249.09</ele>
      </trkpt>
      <trkpt lat="46.004470995" lon="6.513815004">
        <ele>1249.07</ele>
      </trkpt>
      <trkpt lat="46.004312001" lon="6.513624998">
        <ele>1249.97</ele>
      </trkpt>
      <trkpt lat="46.004189002" lon="6.513503997">
        <ele>1250.63</ele>
      </trkpt>
      <trkpt lat="46.004044999" lon="6.513360998">
        <ele>1249.94</ele>
      </trkpt>
      <trkpt lat="46.003939999" lon="6.513261004">
        <ele>1249.76</ele>
      </trkpt>
      <trkpt lat="46.003839" lon="6.513195">
        <ele>1248.68</ele>
      </trkpt>
      <trkpt lat="46.003679997" lon="6.513145002">
        <ele>1247.28</ele>
      </trkpt>
      <trkpt lat="46.003617999" lon="6.513109002">
        <ele>1245.31</ele>
      </trkpt>
      <trkpt lat="46.003572004" lon="6.513044999">
        <ele>1244.83</ele>
      </trkpt>
      <trkpt lat="46.003530001" lon="6.512944995">
        <ele>1245.69</ele>
      </trkpt>
      <trkpt lat="46.003486" lon="6.512765005">
        <ele>1247.36</ele>
      </trkpt>
      <trkpt lat="46.003435003" lon="6.512455997">
        <ele>1249.54</ele>
      </trkpt>
      <trkpt lat="46.003402997" lon="6.512306006">
        <ele>1251.86</ele>
      </trkpt>
      <trkpt lat="46.003352006" lon="6.512179003">
        <ele>1253.32</ele>
      </trkpt>
      <trkpt lat="46.003224999" lon="6.511948002">
        <ele>1255.31</ele>
      </trkpt>
      <trkpt lat="46.003217003" lon="6.511930004">
        <ele>1256.56</ele>
      </trkpt>
      <trkpt lat="46.003193994" lon="6.511884001">
        <ele>1257.67</ele>
      </trkpt>
      <trkpt lat="46.003153998" lon="6.511805003">
        <ele>1259.23</ele>
      </trkpt>
      <trkpt lat="46.003076999" lon="6.511639994">
        <ele>1260.8</ele>
      </trkpt>
      <trkpt lat="46.003009002" lon="6.511470995">
        <ele>1262.48</ele>
      </trkpt>
      <trkpt lat="46.002938002" lon="6.511347994">
        <ele>1264.97</ele>
      </trkpt>
      <trkpt lat="46.002829" lon="6.511176998">
        <ele>1267.23</ele>
      </trkpt>
      <trkpt lat="46.002563003" lon="6.510813009">
        <ele>1269.6</ele>
      </trkpt>
      <trkpt lat="46.002350997" lon="6.510515007">
        <ele>1272.02</ele>
      </trkpt>
      <trkpt lat="46.002171" lon="6.510241997">
        <ele>1273.72</ele>
      </trkpt>
      <trkpt lat="46.002079" lon="6.510076993">
        <ele>1274.91</ele>
      </trkpt>
      <trkpt lat="46.001988" lon="6.509871">
        <ele>1276.73</ele>
      </trkpt>
      <trkpt lat="46.001894996" lon="6.509626996">
        <ele>1277.71</ele>
      </trkpt>
      <trkpt lat="46.001798996" lon="6.509265008">
        <ele>1279.03</ele>
      </trkpt>
      <trkpt lat="46.001738001" lon="6.509114002">
        <ele>1279.55</ele>
      </trkpt>
      <trkpt lat="46.001661999" lon="6.508965">
        <ele>1280.04</ele>
      </trkpt>
      <trkpt lat="46.001577003" lon="6.508827001">
        <ele>1280.11</ele>
      </trkpt>
      <trkpt lat="46.001549998" lon="6.508724003">
        <ele>1281.22</ele>
      </trkpt>
      <trkpt lat="46.001553004" lon="6.508626994">
        <ele>1282.33</ele>
      </trkpt>
      <trkpt lat="46.001590999" lon="6.508541996">
        <ele>1284.1</ele>
      </trkpt>
      <trkpt lat="46.001643006" lon="6.508506007">
        <ele>1285.93</ele>
      </trkpt>
      <trkpt lat="46.001695003" lon="6.508506996">
        <ele>1287.48</ele>
      </trkpt>
      <trkpt lat="46.001750006" lon="6.508548002">
        <ele>1287.87</ele>
      </trkpt>
      <trkpt lat="46.001788001" lon="6.508632002">
        <ele>1288.33</ele>
      </trkpt>
      <trkpt lat="46.001855001" lon="6.508823992">
        <ele>1288.18</ele>
      </trkpt>
      <trkpt lat="46.001917998" lon="6.508952">
        <ele>1288.5</ele>
      </trkpt>
      <trkpt lat="46.002032" lon="6.509112999">
        <ele>1289.17</ele>
      </trkpt>
      <trkpt lat="46.002159997" lon="6.509242995">
        <ele>1290.43</ele>
      </trkpt>
      <trkpt lat="46.002321003" lon="6.509326996">
        <ele>1291.71</ele>
      </trkpt>
      <trkpt lat="46.002499003" lon="6.509431004">
        <ele>1293.71</ele>
      </trkpt>
      <trkpt lat="46.002592003" lon="6.509511998">
        <ele>1294.59</ele>
      </trkpt>
      <trkpt lat="46.002743" lon="6.509710995">
        <ele>1295.83</ele>
      </trkpt>
      <trkpt lat="46.002851998" lon="6.509853997">
        <ele>1297.3</ele>
      </trkpt>
      <trkpt lat="46.002935003" lon="6.509914008">
        <ele>1298.59</ele>
      </trkpt>
      <trkpt lat="46.002994996" lon="6.509916996">
        <ele>1299.79</ele>
      </trkpt>
      <trkpt lat="46.003058001" lon="6.509864998">
        <ele>1301.69</ele>
      </trkpt>
      <trkpt lat="46.003093" lon="6.509780997">
        <ele>1302.88</ele>
      </trkpt>
      <trkpt lat="46.003099999" lon="6.509675005">
        <ele>1303.7</ele>
      </trkpt>
      <trkpt lat="46.003067002" lon="6.509590002">
        <ele>1303.97</ele>
      </trkpt>
      <trkpt lat="46.002948" lon="6.509465">
        <ele>1303.79</ele>
      </trkpt>
      <trkpt lat="46.002818996" lon="6.509338999">
        <ele>1303.58</ele>
      </trkpt>
      <trkpt lat="46.002715998" lon="6.509238004">
        <ele>1303.13</ele>
      </trkpt>
      <trkpt lat="46.0026" lon="6.509087003">
        <ele>1303.26</ele>
      </trkpt>
      <trkpt lat="46.002490997" lon="6.508911008">
        <ele>1304.17</ele>
      </trkpt>
      <trkpt lat="46.002398994" lon="6.508737003">
        <ele>1306.49</ele>
      </trkpt>
      <trkpt lat="46.002357006" lon="6.508589006">
        <ele>1308.93</ele>
      </trkpt>
      <trkpt lat="46.002329002" lon="6.508312001">
        <ele>1311.8</ele>
      </trkpt>
      <trkpt lat="46.002317998" lon="6.508164998">
        <ele>1315.21</ele>
      </trkpt>
      <trkpt lat="46.002289006" lon="6.508030998">
        <ele>1318.26</ele>
      </trkpt>
      <trkpt lat="46.002211994" lon="6.507861005">
        <ele>1320.35</ele>
      </trkpt>
      <trkpt lat="46.002062003" lon="6.507573">
        <ele>1322.31</ele>
      </trkpt>
      <trkpt lat="46.001972005" lon="6.507431993">
        <ele>1323.04</ele>
      </trkpt>
      <trkpt lat="46.001886997" lon="6.507340002">
        <ele>1322.88</ele>
      </trkpt>
      <trkpt lat="46.001775998" lon="6.507233005">
        <ele>1322.63</ele>
      </trkpt>
      <trkpt lat="46.001717002" lon="6.507145998">
        <ele>1322.8</ele>
      </trkpt>
      <trkpt lat="46.001637001" lon="6.506944994">
        <ele>1323.17</ele>
      </trkpt>
      <trkpt lat="46.001582997" lon="6.506729999">
        <ele>1324.78</ele>
      </trkpt>
      <trkpt lat="46.001565003" lon="6.506546996">
        <ele>1326.63</ele>
      </trkpt>
      <trkpt lat="46.001578995" lon="6.506420008">
        <ele>1329.99</ele>
      </trkpt>
      <trkpt lat="46.001687997" lon="6.506052991">
        <ele>1331.82</ele>
      </trkpt>
      <trkpt lat="46.00181" lon="6.505687009">
        <ele>1331.94</ele>
      </trkpt>
      <trkpt lat="46.001931999" lon="6.505322007">
        <ele>1333.64</ele>
      </trkpt>
      <trkpt lat="46.002045996" lon="6.504963">
        <ele>1335.55</ele>
      </trkpt>
      <trkpt lat="46.002160997" lon="6.504605">
        <ele>1336.76</ele>
      </trkpt>
      <trkpt lat="46.002202005" lon="6.504484">
        <ele>1336.16</ele>
      </trkpt>
      <trkpt lat="46.002274002" lon="6.504266001">
        <ele>1341.21</ele>
      </trkpt>
      <trkpt lat="46.002342005" lon="6.504046001">
        <ele>1341.83</ele>
      </trkpt>
      <trkpt lat="46.002432998" lon="6.503863992">
        <ele>1342.82</ele>
      </trkpt>
      <trkpt lat="46.002535999" lon="6.503655999">
        <ele>1344.92</ele>
      </trkpt>
      <trkpt lat="46.002611998" lon="6.503484002">
        <ele>1348.53</ele>
      </trkpt>
      <trkpt lat="46.002700003" lon="6.503163997">
        <ele>1347.33</ele>
      </trkpt>
      <trkpt lat="46.00278" lon="6.502782004">
        <ele>1348.35</ele>
      </trkpt>
      <trkpt lat="46.002824003" lon="6.502456">
        <ele>1349.59</ele>
      </trkpt>
      <trkpt lat="46.002833001" lon="6.502137997">
        <ele>1349.3</ele>
      </trkpt>
      <trkpt lat="46.002818997" lon="6.501955997">
        <ele>1350.32</ele>
      </trkpt>
      <trkpt lat="46.002744999" lon="6.501609001">
        <ele>1353.45</ele>
      </trkpt>
      <trkpt lat="46.002601002" lon="6.501068008">
        <ele>1356.47</ele>
      </trkpt>
      <trkpt lat="46.002439001" lon="6.500529998">
        <ele>1358.74</ele>
      </trkpt>
      <trkpt lat="46.002351995" lon="6.500289003">
        <ele>1360.43</ele>
      </trkpt>
      <trkpt lat="46.002284002" lon="6.500157001">
        <ele>1362.1</ele>
      </trkpt>
      <trkpt lat="46.002186002" lon="6.500006003">
        <ele>1362.46</ele>
      </trkpt>
      <trkpt lat="46.002115001" lon="6.499865997">
        <ele>1362.42</ele>
      </trkpt>
      <trkpt lat="46.002083999" lon="6.499755001">
        <ele>1364.19</ele>
      </trkpt>
      <trkpt lat="46.002067999" lon="6.499507999">
        <ele>1366.18</ele>
      </trkpt>
      <trkpt lat="46.002045" lon="6.499241009">
        <ele>1368.39</ele>
      </trkpt>
      <trkpt lat="46.002006998" lon="6.498995996">
        <ele>1370.86</ele>
      </trkpt>
      <trkpt lat="46.001923997" lon="6.498688002">
        <ele>1374.92</ele>
      </trkpt>
      <trkpt lat="46.001822006" lon="6.498327996">
        <ele>1377.38</ele>
      </trkpt>
      <trkpt lat="46.001723006" lon="6.498097006">
        <ele>1379.79</ele>
      </trkpt>
      <trkpt lat="46.001545004" lon="6.497750004">
        <ele>1382.33</ele>
      </trkpt>
      <trkpt lat="46.001327996" lon="6.497338">
        <ele>1384.38</ele>
      </trkpt>
      <trkpt lat="46.001149003" lon="6.496966999">
        <ele>1386.87</ele>
      </trkpt>
      <trkpt lat="46.001009004" lon="6.496687">
        <ele>1389.08</ele>
      </trkpt>
      <trkpt lat="46.00087" lon="6.496406005">
        <ele>1391.64</ele>
      </trkpt>
      <trkpt lat="46.000682997" lon="6.496045004">
        <ele>1393.84</ele>
      </trkpt>
      <trkpt lat="46.000569004" lon="6.495836998">
        <ele>1396.31</ele>
      </trkpt>
      <trkpt lat="46.000505" lon="6.495714002">
        <ele>1395.21</ele>
      </trkpt>
      <trkpt lat="46.000459002" lon="6.495591996">
        <ele>1394.87</ele>
      </trkpt>
      <trkpt lat="46.000373998" lon="6.495399997">
        <ele>1395.27</ele>
      </trkpt>
      <trkpt lat="46.000346999" lon="6.495302001">
        <ele>1396.56</ele>
      </trkpt>
      <trkpt lat="46.000342998" lon="6.495198005">
        <ele>1394.88</ele>
      </trkpt>
      <trkpt lat="46.000363996" lon="6.495111997">
        <ele>1400.85</ele>
      </trkpt>
      <trkpt lat="46.000408999" lon="6.494976">
        <ele>1407.58</ele>
      </trkpt>
      <trkpt lat="46.000431003" lon="6.494872">
        <ele>1412.36</ele>
      </trkpt>
      <trkpt lat="46.000445005" lon="6.494694002">
        <ele>1414.06</ele>
      </trkpt>
      <trkpt lat="46.000480995" lon="6.494413995">
        <ele>1419.71</ele>
      </trkpt>
      <trkpt lat="46.000512" lon="6.494195003">
        <ele>1421.86</ele>
      </trkpt>
      <trkpt lat="46.000519005" lon="6.494060005">
        <ele>1419.89</ele>
      </trkpt>
      <trkpt lat="46.000513002" lon="6.493882999">
        <ele>1420.87</ele>
      </trkpt>
      <trkpt lat="46.000525002" lon="6.493711999">
        <ele>1422.95</ele>
      </trkpt>
      <trkpt lat="46.000563" lon="6.493464997">
        <ele>1424.5</ele>
      </trkpt>
      <trkpt lat="46.000582998" lon="6.493278998">
        <ele>1424.93</ele>
      </trkpt>
      <trkpt lat="46.000585997" lon="6.493166004">
        <ele>1428.36</ele>
      </trkpt>
      <trkpt lat="46.000574999" lon="6.493066995">
        <ele>1428.77</ele>
      </trkpt>
      <trkpt lat="46.000530998" lon="6.492949994">
        <ele>1429.88</ele>
      </trkpt>
      <trkpt lat="46.000376002" lon="6.492700008">
        <ele>1435.09</ele>
      </trkpt>
      <trkpt lat="46.000251001" lon="6.492541002">
        <ele>1438.05</ele>
      </trkpt>
      <trkpt lat="46.000128002" lon="6.492416994">
        <ele>1438.01</ele>
      </trkpt>
      <trkpt lat="46.000042996" lon="6.492357002">
        <ele>1440.06</ele>
      </trkpt>
      <trkpt lat="45.999936999" lon="6.492318002">
        <ele>1440.85</ele>
      </trkpt>
      <trkpt lat="45.999794998" lon="6.492282005">
        <ele>1435.64</ele>
      </trkpt>
      <trkpt lat="45.999690999" lon="6.492220006">
        <ele>1433.99</ele>
      </trkpt>
      <trkpt lat="45.999615" lon="6.492149994">
        <ele>1435.37</ele>
      </trkpt>
      <trkpt lat="45.999544002" lon="6.492014003">
        <ele>1435.95</ele>
      </trkpt>
      <trkpt lat="45.999475996" lon="6.491839996">
        <ele>1440.25</ele>
      </trkpt>
      <trkpt lat="45.999348002" lon="6.491607006">
        <ele>1445.96</ele>
      </trkpt>
      <trkpt lat="45.999138999" lon="6.491263001">
        <ele>1449.38</ele>
      </trkpt>
      <trkpt lat="45.999054003" lon="6.491110008">
        <ele>1452.35</ele>
      </trkpt>
      <trkpt lat="45.998966999" lon="6.490904003">
        <ele>1454.67</ele>
      </trkpt>
      <trkpt lat="45.998885995" lon="6.490724997">
        <ele>1454.87</ele>
      </trkpt>
      <trkpt lat="45.998800996" lon="6.490605995">
        <ele>1454.73</ele>
      </trkpt>
      <trkpt lat="45.998694002" lon="6.490479997">
        <ele>1455.14</ele>
      </trkpt>
      <trkpt lat="45.998488997" lon="6.490234004">
        <ele>1454.58</ele>
      </trkpt>
      <trkpt lat="45.998324004" lon="6.490014">
        <ele>1455.16</ele>
      </trkpt>
      <trkpt lat="45.998209995" lon="6.489859999">
        <ele>1455.33</ele>
      </trkpt>
      <trkpt lat="45.998115998" lon="6.489696002">
        <ele>1457.25</ele>
      </trkpt>
      <trkpt lat="45.998043003" lon="6.489527002">
        <ele>1458.07</ele>
      </trkpt>
      <trkpt lat="45.997986" lon="6.489297998">
        <ele>1459.54</ele>
      </trkpt>
      <trkpt lat="45.997902996" lon="6.488994">
        <ele>1462.37</ele>
      </trkpt>
      <trkpt lat="45.997849" lon="6.488732002">
        <ele>1465.95</ele>
      </trkpt>
      <trkpt lat="45.997812998" lon="6.488447994">
        <ele>1468.29</ele>
      </trkpt>
      <trkpt lat="45.997762001" lon="6.488171999">
        <ele>1472.63</ele>
      </trkpt>
      <trkpt lat="45.997698995" lon="6.487903999">
        <ele>1476.58</ele>
      </trkpt>
      <trkpt lat="45.997677005" lon="6.487745001">
        <ele>1479.46</ele>
      </trkpt>
      <trkpt lat="45.997675006" lon="6.487499998">
        <ele>1483.56</ele>
      </trkpt>
      <trkpt lat="45.997663999" lon="6.487334997">
        <ele>1485.37</ele>
      </trkpt>
      <trkpt lat="45.997638994" lon="6.487105">
        <ele>1484.76</ele>
      </trkpt>
      <trkpt lat="45.997608999" lon="6.486808999">
        <ele>1486.11</ele>
      </trkpt>
      <trkpt lat="45.997605003" lon="6.486564995">
        <ele>1487.82</ele>
      </trkpt>
      <trkpt lat="45.997632996" lon="6.486368996">
        <ele>1488.76</ele>
      </trkpt>
      <trkpt lat="45.997659995" lon="6.486171007">
        <ele>1492.48</ele>
      </trkpt>
      <trkpt lat="45.997661001" lon="6.486058993">
        <ele>1495.35</ele>
      </trkpt>
      <trkpt lat="45.997644999" lon="6.485937002">
        <ele>1498.44</ele>
      </trkpt>
      <trkpt lat="45.997536002" lon="6.485588996">
        <ele>1498.97</ele>
      </trkpt>
      <trkpt lat="45.997371003" lon="6.485078999">
        <ele>1499.18</ele>
      </trkpt>
      <trkpt lat="45.997286002" lon="6.484778003">
        <ele>1499.16</ele>
      </trkpt>
      <trkpt lat="45.997206994" lon="6.484423999">
        <ele>1502.18</ele>
      </trkpt>
      <trkpt lat="45.997112998" lon="6.484038008">
        <ele>1503.58</ele>
      </trkpt>
      <trkpt lat="45.997053001" lon="6.483850003">
        <ele>1506.24</ele>
      </trkpt>
      <trkpt lat="45.996980997" lon="6.483708004">
        <ele>1508.84</ele>
      </trkpt>
      <trkpt lat="45.996827996" lon="6.483462002">
        <ele>1511.3</ele>
      </trkpt>
      <trkpt lat="45.996695998" lon="6.483188996">
        <ele>1514.11</ele>
      </trkpt>
      <trkpt lat="45.996634997" lon="6.482987001">
        <ele>1517.5</ele>
      </trkpt>
      <trkpt lat="45.996562006" lon="6.482703003">
        <ele>1519.44</ele>
      </trkpt>
      <trkpt lat="45.996532004" lon="6.482599995">
        <ele>1522.29</ele>
      </trkpt>
      <trkpt lat="45.996510001" lon="6.482519996">
        <ele>1523.77</ele>
      </trkpt>
      <trkpt lat="45.996444" lon="6.482397003">
        <ele>1524.54</ele>
      </trkpt>
      <trkpt lat="45.996343999" lon="6.482262002">
        <ele>1524.76</ele>
      </trkpt>
      <trkpt lat="45.996201002" lon="6.482141998">
        <ele>1525.84</ele>
      </trkpt>
      <trkpt lat="45.996034" lon="6.482056001">
        <ele>1525.7</ele>
      </trkpt>
      <trkpt lat="45.995979006" lon="6.482003">
        <ele>1525.77</ele>
      </trkpt>
      <trkpt lat="45.995894005" lon="6.481903999">
        <ele>1528.55</ele>
      </trkpt>
      <trkpt lat="45.995703" lon="6.481677005">
        <ele>1530.38</ele>
      </trkpt>
      <trkpt lat="45.995391002" lon="6.481333992">
        <ele>1531.09</ele>
      </trkpt>
      <trkpt lat="45.995155002" lon="6.481064995">
        <ele>1531.98</ele>
      </trkpt>
      <trkpt lat="45.995053004" lon="6.480948005">
        <ele>1533.61</ele>
      </trkpt>
      <trkpt lat="45.994983999" lon="6.480835005">
        <ele>1533.62</ele>
      </trkpt>
      <trkpt lat="45.994912994" lon="6.480656001">
        <ele>1534.73</ele>
      </trkpt>
      <trkpt lat="45.994848997" lon="6.480431997">
        <ele>1537.8</ele>
      </trkpt>
      <trkpt lat="45.994815" lon="6.480241006">
        <ele>1540.94</ele>
      </trkpt>
      <trkpt lat="45.994787998" lon="6.480149999">
        <ele>1544.16</ele>
      </trkpt>
      <trkpt lat="45.994744996" lon="6.480052005">
        <ele>1546.66</ele>
      </trkpt>
      <trkpt lat="45.994633999" lon="6.479794004">
        <ele>1549.28</ele>
      </trkpt>
      <trkpt lat="45.994561996" lon="6.479597002">
        <ele>1551.75</ele>
      </trkpt>
      <trkpt lat="45.994468998" lon="6.479283005">
        <ele>1554.49</ele>
      </trkpt>
      <trkpt lat="45.994392997" lon="6.478993997">
        <ele>1557.39</ele>
      </trkpt>
      <trkpt lat="45.994335996" lon="6.478714998">
        <ele>1559.53</ele>
      </trkpt>
      <trkpt lat="45.994288003" lon="6.478530006">
        <ele>1561.37</ele>
      </trkpt>
      <trkpt lat="45.994245" lon="6.478426996">
        <ele>1563.43</ele>
      </trkpt>
      <trkpt lat="45.994194997" lon="6.478339994">
        <ele>1564.09</ele>
      </trkpt>
      <trkpt lat="45.994095" lon="6.478219996">
        <ele>1566.53</ele>
      </trkpt>
      <trkpt lat="45.993822999" lon="6.477976003">
        <ele>1568.84</ele>
      </trkpt>
      <trkpt lat="45.993526999" lon="6.477736005">
        <ele>1570.62</ele>
      </trkpt>
      <trkpt lat="45.993355001" lon="6.477569001">
        <ele>1575.79</ele>
      </trkpt>
      <trkpt lat="45.993264002" lon="6.477474999">
        <ele>1580.24</ele>
      </trkpt>
      <trkpt lat="45.993189004" lon="6.477410007">
        <ele>1580.86</ele>
      </trkpt>
      <trkpt lat="45.993052004" lon="6.477317003">
        <ele>1583.33</ele>
      </trkpt>
      <trkpt lat="45.992942002" lon="6.477230995">
        <ele>1587.31</ele>
      </trkpt>
      <trkpt lat="45.992829998" lon="6.477078999">
        <ele>1587.99</ele>
      </trkpt>
      <trkpt lat="45.992661997" lon="6.476837001">
        <ele>1591.59</ele>
      </trkpt>
      <trkpt lat="45.992539995" lon="6.476645993">
        <ele>1596.15</ele>
      </trkpt>
      <trkpt lat="45.992463004" lon="6.476500001">
        <ele>1601.65</ele>
      </trkpt>
      <trkpt lat="45.992404004" lon="6.476348992">
        <ele>1605.47</ele>
      </trkpt>
      <trkpt lat="45.992351998" lon="6.476143995">
        <ele>1608.18</ele>
      </trkpt>
      <trkpt lat="45.992302001" lon="6.475953996">
        <ele>1610.06</ele>
      </trkpt>
      <trkpt lat="45.992257995" lon="6.475824005">
        <ele>1612.57</ele>
      </trkpt>
      <trkpt lat="45.992249999" lon="6.475797003">
        <ele>1612.08</ele>
      </trkpt>
      <trkpt lat="45.992240998" lon="6.475769006">
        <ele>1612.1</ele>
      </trkpt>
      <trkpt lat="45.992205999" lon="6.475648003">
        <ele>1612.36</ele>
      </trkpt>
      <trkpt lat="45.992184996" lon="6.475576999">
        <ele>1611.34</ele>
      </trkpt>
      <trkpt lat="45.992162001" lon="6.475500994">
        <ele>1609.26</ele>
      </trkpt>
      <trkpt lat="45.992040003" lon="6.475101002">
        <ele>1607.81</ele>
      </trkpt>
      <trkpt lat="45.991953999" lon="6.474830998">
        <ele>1604.31</ele>
      </trkpt>
      <trkpt lat="45.991909002" lon="6.474688002">
        <ele>1599.78</ele>
      </trkpt>
      <trkpt lat="45.991782996" lon="6.474158003">
        <ele>1595.85</ele>
      </trkpt>
      <trkpt lat="45.99172465" lon="6.47393417">
        <ele>1593.21</ele>
      </trkpt>
      <trkpt lat="45.991721997" lon="6.473923993">
        <ele>1590.16</ele>
      </trkpt>
      <trkpt lat="45.991711005" lon="6.473883004">
        <ele>1587.4</ele>
      </trkpt>
      <trkpt lat="45.991565002" lon="6.473402995">
        <ele>1586.51</ele>
      </trkpt>
      <trkpt lat="45.991492003" lon="6.473199006">
        <ele>1584.12</ele>
      </trkpt>
      <trkpt lat="45.991366" lon="6.472922008">
        <ele>1581.73</ele>
      </trkpt>
      <trkpt lat="45.991207002" lon="6.472549007">
        <ele>1577.52</ele>
      </trkpt>
      <trkpt lat="45.991012" lon="6.472109997">
        <ele>1574.73</ele>
      </trkpt>
      <trkpt lat="45.990890003" lon="6.471820998">
        <ele>1569.43</ele>
      </trkpt>
      <trkpt lat="45.990805" lon="6.471566005">
        <ele>1567.49</ele>
      </trkpt>
      <trkpt lat="45.990693002" lon="6.471163999">
        <ele>1564.74</ele>
      </trkpt>
      <trkpt lat="45.990592995" lon="6.470802994">
        <ele>1562.42</ele>
      </trkpt>
      <trkpt lat="45.990437002" lon="6.470222996">
        <ele>1560.95</ele>
      </trkpt>
      <trkpt lat="45.990336999" lon="6.469864994">
        <ele>1561.47</ele>
      </trkpt>
      <trkpt lat="45.990282004" lon="6.469736001">
        <ele>1560.04</ele>
      </trkpt>
      <trkpt lat="45.990219999" lon="6.469671003">
        <ele>1557.56</ele>
      </trkpt>
      <trkpt lat="45.990140998" lon="6.469649997">
        <ele>1555.92</ele>
      </trkpt>
      <trkpt lat="45.990073005" lon="6.469676006">
        <ele>1553.32</ele>
      </trkpt>
      <trkpt lat="45.990013006" lon="6.469756999">
        <ele>1550.02</ele>
      </trkpt>
      <trkpt lat="45.989984002" lon="6.469848998">
        <ele>1547.6</ele>
      </trkpt>
      <trkpt lat="45.989980001" lon="6.469946001">
        <ele>1546.53</ele>
      </trkpt>
      <trkpt lat="45.990048002" lon="6.470185006">
        <ele>1547.25</ele>
      </trkpt>
      <trkpt lat="45.990065999" lon="6.470246">
        <ele>1548.23</ele>
      </trkpt>
      <trkpt lat="45.990168996" lon="6.470597995">
        <ele>1549.99</ele>
      </trkpt>
      <trkpt lat="45.990283999" lon="6.471027005">
        <ele>1550.5</ele>
      </trkpt>
      <trkpt lat="45.990335006" lon="6.471269">
        <ele>1550.87</ele>
      </trkpt>
      <trkpt lat="45.990327" lon="6.471353997">
        <ele>1549.45</ele>
      </trkpt>
      <trkpt lat="45.990302006" lon="6.471435994">
        <ele>1547.88</ele>
      </trkpt>
      <trkpt lat="45.990250003" lon="6.471498998">
        <ele>1544.62</ele>
      </trkpt>
      <trkpt lat="45.990190002" lon="6.471538001">
        <ele>1542.3</ele>
      </trkpt>
      <trkpt lat="45.990116994" lon="6.471519996">
        <ele>1540.93</ele>
      </trkpt>
      <trkpt lat="45.990056003" lon="6.471469">
        <ele>1539.45</ele>
      </trkpt>
      <trkpt lat="45.989997" lon="6.471366998">
        <ele>1537.43</ele>
      </trkpt>
      <trkpt lat="45.989902002" lon="6.471036999">
        <ele>1537.3</ele>
      </trkpt>
      <trkpt lat="45.989812998" lon="6.470693995">
        <ele>1537.86</ele>
      </trkpt>
      <trkpt lat="45.989695998" lon="6.470256006">
        <ele>1537.58</ele>
      </trkpt>
      <trkpt lat="45.989637002" lon="6.469972002">
        <ele>1534.76</ele>
      </trkpt>
      <trkpt lat="45.989586998" lon="6.469663996">
        <ele>1534.1</ele>
      </trkpt>
      <trkpt lat="45.989554001" lon="6.469375995">
        <ele>1532.07</ele>
      </trkpt>
      <trkpt lat="45.989520001" lon="6.469146005">
        <ele>1529.72</ele>
      </trkpt>
      <trkpt lat="45.989488997" lon="6.468980006">
        <ele>1528.2</ele>
      </trkpt>
      <trkpt lat="45.989451997" lon="6.468772004">
        <ele>1529.01</ele>
      </trkpt>
      <trkpt lat="45.989382003" lon="6.468302007">
        <ele>1528.12</ele>
      </trkpt>
      <trkpt lat="45.989340999" lon="6.468181995">
        <ele>1528.08</ele>
      </trkpt>
      <trkpt lat="45.989285005" lon="6.468091994">
        <ele>1526.82</ele>
      </trkpt>
      <trkpt lat="45.989210002" lon="6.468057007">
        <ele>1524.97</ele>
      </trkpt>
      <trkpt lat="45.989123" lon="6.468077991">
        <ele>1523.75</ele>
      </trkpt>
      <trkpt lat="45.989106" lon="6.468093006">
        <ele>1522.7</ele>
      </trkpt>
      <trkpt lat="45.989068999" lon="6.468128005">
        <ele>1522.22</ele>
      </trkpt>
      <trkpt lat="45.989038999" lon="6.468209001">
        <ele>1521.73</ele>
      </trkpt>
      <trkpt lat="45.989043001" lon="6.468331994">
        <ele>1521.31</ele>
      </trkpt>
      <trkpt lat="45.989068995" lon="6.468449999">
        <ele>1520.53</ele>
      </trkpt>
      <trkpt lat="45.989169004" lon="6.468739998">
        <ele>1519.77</ele>
      </trkpt>
      <trkpt lat="45.989219001" lon="6.468952996">
        <ele>1518.69</ele>
      </trkpt>
      <trkpt lat="45.989237003" lon="6.469070006">
        <ele>1517.75</ele>
      </trkpt>
      <trkpt lat="45.989230997" lon="6.469256002">
        <ele>1516.33</ele>
      </trkpt>
      <trkpt lat="45.989232001" lon="6.469300005">
        <ele>1516.41</ele>
      </trkpt>
      <trkpt lat="45.989235996" lon="6.469431998">
        <ele>1516.36</ele>
      </trkpt>
      <trkpt lat="45.989239003" lon="6.469613002">
        <ele>1515.79</ele>
      </trkpt>
      <trkpt lat="45.989227" lon="6.469771995">
        <ele>1516.53</ele>
      </trkpt>
      <trkpt lat="45.989203002" lon="6.469917998">
        <ele>1517.03</ele>
      </trkpt>
      <trkpt lat="45.989148001" lon="6.470099998">
        <ele>1515.91</ele>
      </trkpt>
      <trkpt lat="45.989066003" lon="6.470285001">
        <ele>1515.07</ele>
      </trkpt>
      <trkpt lat="45.988968997" lon="6.470445005">
        <ele>1514.63</ele>
      </trkpt>
      <trkpt lat="45.988895997" lon="6.470536994">
        <ele>1513.17</ele>
      </trkpt>
      <trkpt lat="45.988867998" lon="6.470569999">
        <ele>1510.7</ele>
      </trkpt>
      <trkpt lat="45.988815003" lon="6.470630999">
        <ele>1509.22</ele>
      </trkpt>
      <trkpt lat="45.988741" lon="6.470685993">
        <ele>1508.76</ele>
      </trkpt>
      <trkpt lat="45.988710005" lon="6.470710003">
        <ele>1508.7</ele>
      </trkpt>
      <trkpt lat="45.988621996" lon="6.470754997">
        <ele>1509.55</ele>
      </trkpt>
      <trkpt lat="45.988581004" lon="6.470776992">
        <ele>1512.33</ele>
      </trkpt>
      <trkpt lat="45.988466998" lon="6.470822">
        <ele>1515.31</ele>
      </trkpt>
      <trkpt lat="45.988422997" lon="6.470826">
        <ele>1517.62</ele>
      </trkpt>
      <trkpt lat="45.988316" lon="6.470840002">
        <ele>1517.64</ele>
      </trkpt>
      <trkpt lat="45.988277" lon="6.470836998">
        <ele>1516.67</ele>
      </trkpt>
      <trkpt lat="45.988182" lon="6.470826">
        <ele>1515.64</ele>
      </trkpt>
      <trkpt lat="45.988155001" lon="6.470817003">
        <ele>1513.88</ele>
      </trkpt>
      <trkpt lat="45.987999999" lon="6.470772995">
        <ele>1512.68</ele>
      </trkpt>
      <trkpt lat="45.987849999" lon="6.470691998">
        <ele>1512.63</ele>
      </trkpt>
      <trkpt lat="45.987714998" lon="6.470555997">
        <ele>1512.47</ele>
      </trkpt>
      <trkpt lat="45.987622" lon="6.470445003">
        <ele>1512.18</ele>
      </trkpt>
      <trkpt lat="45.987550997" lon="6.470351004">
        <ele>1511.68</ele>
      </trkpt>
      <trkpt lat="45.987473004" lon="6.470216002">
        <ele>1509.59</ele>
      </trkpt>
      <trkpt lat="45.987299003" lon="6.469867007">
        <ele>1508.38</ele>
      </trkpt>
      <trkpt lat="45.987128002" lon="6.469466002">
        <ele>1507.77</ele>
      </trkpt>
      <trkpt lat="45.986958" lon="6.469064999">
        <ele>1506.72</ele>
      </trkpt>
      <trkpt lat="45.986742003" lon="6.468588002">
        <ele>1505.09</ele>
      </trkpt>
      <trkpt lat="45.986602998" lon="6.468253999">
        <ele>1503.92</ele>
      </trkpt>
      <trkpt lat="45.986463" lon="6.467879992">
        <ele>1501.53</ele>
      </trkpt>
      <trkpt lat="45.986252994" lon="6.467395004">
        <ele>1497.79</ele>
      </trkpt>
      <trkpt lat="45.986115002" lon="6.467084009">
        <ele>1494.36</ele>
      </trkpt>
      <trkpt lat="45.986018" lon="6.466890005">
        <ele>1491.2</ele>
      </trkpt>
      <trkpt lat="45.985913004" lon="6.466717997">
        <ele>1489.13</ele>
      </trkpt>
      <trkpt lat="45.985802002" lon="6.466566998">
        <ele>1486.87</ele>
      </trkpt>
      <trkpt lat="45.985712999" lon="6.466461995">
        <ele>1486.89</ele>
      </trkpt>
      <trkpt lat="45.985599004" lon="6.466346005">
        <ele>1484.19</ele>
      </trkpt>
      <trkpt lat="45.985462" lon="6.466227">
        <ele>1483.02</ele>
      </trkpt>
      <trkpt lat="45.985330999" lon="6.466133006">
        <ele>1480.69</ele>
      </trkpt>
      <trkpt lat="45.985198995" lon="6.46606">
        <ele>1478.95</ele>
      </trkpt>
      <trkpt lat="45.985029999" lon="6.465991994">
        <ele>1477.6</ele>
      </trkpt>
      <trkpt lat="45.984856" lon="6.465929001">
        <ele>1474.36</ele>
      </trkpt>
      <trkpt lat="45.984599001" lon="6.465844008">
        <ele>1470.56</ele>
      </trkpt>
      <trkpt lat="45.984294997" lon="6.465739001">
        <ele>1468.04</ele>
      </trkpt>
      <trkpt lat="45.983967006" lon="6.465628993">
        <ele>1466.96</ele>
      </trkpt>
      <trkpt lat="45.983573003" lon="6.465493002">
        <ele>1461.48</ele>
      </trkpt>
      <trkpt lat="45.983223001" lon="6.465372999">
        <ele>1457.07</ele>
      </trkpt>
      <trkpt lat="45.982956005" lon="6.465295993">
        <ele>1452.59</ele>
      </trkpt>
      <trkpt lat="45.982910998" lon="6.465288995">
        <ele>1447.85</ele>
      </trkpt>
      <trkpt lat="45.982903006" lon="6.465288">
        <ele>1443.61</ele>
      </trkpt>
      <trkpt lat="45.982854005" lon="6.465288999">
        <ele>1444.46</ele>
      </trkpt>
      <trkpt lat="45.982741997" lon="6.465307996">
        <ele>1448.96</ele>
      </trkpt>
      <trkpt lat="45.982528001" lon="6.465366999">
        <ele>1452.2</ele>
      </trkpt>
      <trkpt lat="45.982153001" lon="6.465469994">
        <ele>1453.57</ele>
      </trkpt>
      <trkpt lat="45.981889002" lon="6.465537999">
        <ele>1451.88</ele>
      </trkpt>
      <trkpt lat="45.981625002" lon="6.465606003">
        <ele>1446.02</ele>
      </trkpt>
      <trkpt lat="45.981387997" lon="6.465667005">
        <ele>1442.82</ele>
      </trkpt>
      <trkpt lat="45.981149996" lon="6.465729005">
        <ele>1439.59</ele>
      </trkpt>
      <trkpt lat="45.980864" lon="6.465803004">
        <ele>1438.41</ele>
      </trkpt>
      <trkpt lat="45.980579001" lon="6.465878009">
        <ele>1436.36</ele>
      </trkpt>
      <trkpt lat="45.980417996" lon="6.465927003">
        <ele>1436.17</ele>
      </trkpt>
      <trkpt lat="45.980315" lon="6.465964007">
        <ele>1430.9</ele>
      </trkpt>
      <trkpt lat="45.980203999" lon="6.466029002">
        <ele>1427.01</ele>
      </trkpt>
      <trkpt lat="45.980068997" lon="6.466136003">
        <ele>1423.42</ele>
      </trkpt>
      <trkpt lat="45.979824002" lon="6.466364003">
        <ele>1422.57</ele>
      </trkpt>
      <trkpt lat="45.979557999" lon="6.466615993">
        <ele>1418.61</ele>
      </trkpt>
      <trkpt lat="45.979410995" lon="6.466751997">
        <ele>1420.69</ele>
      </trkpt>
      <trkpt lat="45.979245998" lon="6.466895994">
        <ele>1418.66</ele>
      </trkpt>
      <trkpt lat="45.979097002" lon="6.467042007">
        <ele>1415.26</ele>
      </trkpt>
      <trkpt lat="45.979007997" lon="6.467141003">
        <ele>1414.16</ele>
      </trkpt>
      <trkpt lat="45.978938004" lon="6.467247002">
        <ele>1414.79</ele>
      </trkpt>
      <trkpt lat="45.978838994" lon="6.467453993">
        <ele>1410.92</ele>
      </trkpt>
      <trkpt lat="45.978754002" lon="6.467683005">
        <ele>1410.58</ele>
      </trkpt>
      <trkpt lat="45.978660996" lon="6.467947">
        <ele>1413.38</ele>
      </trkpt>
      <trkpt lat="45.978579999" lon="6.468154995">
        <ele>1410.95</ele>
      </trkpt>
      <trkpt lat="45.978473998" lon="6.468352997">
        <ele>1409.74</ele>
      </trkpt>
      <trkpt lat="45.978376997" lon="6.468501998">
        <ele>1408.01</ele>
      </trkpt>
      <trkpt lat="45.978297" lon="6.468595004">
        <ele>1409.32</ele>
      </trkpt>
      <trkpt lat="45.978186996" lon="6.468688005">
        <ele>1406.19</ele>
      </trkpt>
      <trkpt lat="45.978062999" lon="6.468757008">
        <ele>1404.31</ele>
      </trkpt>
      <trkpt lat="45.977884995" lon="6.468842993">
        <ele>1402.83</ele>
      </trkpt>
      <trkpt lat="45.977626997" lon="6.468968007">
        <ele>1403.16</ele>
      </trkpt>
      <trkpt lat="45.977518999" lon="6.469027002">
        <ele>1400.97</ele>
      </trkpt>
      <trkpt lat="45.977418001" lon="6.469082004">
        <ele>1400.04</ele>
      </trkpt>
      <trkpt lat="45.977332" lon="6.469155004">
        <ele>1400.32</ele>
      </trkpt>
      <trkpt lat="45.977222001" lon="6.469308999">
        <ele>1400.15</ele>
      </trkpt>
      <trkpt lat="45.977048" lon="6.469609001">
        <ele>1399.35</ele>
      </trkpt>
      <trkpt lat="45.976900999" lon="6.469850006">
        <ele>1398.33</ele>
      </trkpt>
      <trkpt lat="45.976801002" lon="6.470022004">
        <ele>1397.68</ele>
      </trkpt>
      <trkpt lat="45.976746" lon="6.470087002">
        <ele>1397.56</ele>
      </trkpt>
      <trkpt lat="45.976675003" lon="6.470111005">
        <ele>1397.68</ele>
      </trkpt>
      <trkpt lat="45.976608998" lon="6.470097999">
        <ele>1396.51</ele>
      </trkpt>
      <trkpt lat="45.976558001" lon="6.470055003">
        <ele>1393.04</ele>
      </trkpt>
      <trkpt lat="45.976515" lon="6.469982001">
        <ele>1389.87</ele>
      </trkpt>
      <trkpt lat="45.976493003" lon="6.469905993">
        <ele>1387.03</ele>
      </trkpt>
      <trkpt lat="45.976488001" lon="6.469840998">
        <ele>1384.88</ele>
      </trkpt>
      <trkpt lat="45.976510999" lon="6.469735004">
        <ele>1382.13</ele>
      </trkpt>
      <trkpt lat="45.976615998" lon="6.469471003">
        <ele>1382.69</ele>
      </trkpt>
      <trkpt lat="45.976771002" lon="6.469095003">
        <ele>1383.12</ele>
      </trkpt>
      <trkpt lat="45.976943001" lon="6.468670002">
        <ele>1381.15</ele>
      </trkpt>
      <trkpt lat="45.97713" lon="6.468213998">
        <ele>1380.44</ele>
      </trkpt>
      <trkpt lat="45.977309002" lon="6.467763008">
        <ele>1379.94</ele>
      </trkpt>
      <trkpt lat="45.9774" lon="6.467526003">
        <ele>1376.99</ele>
      </trkpt>
      <trkpt lat="45.977471001" lon="6.467295003">
        <ele>1373.91</ele>
      </trkpt>
      <trkpt lat="45.977570995" lon="6.466896999">
        <ele>1374.62</ele>
      </trkpt>
      <trkpt lat="45.977579002" lon="6.466860994">
        <ele>1372.53</ele>
      </trkpt>
      <trkpt lat="45.977639" lon="6.466618995">
        <ele>1371.15</ele>
      </trkpt>
      <trkpt lat="45.977720998" lon="6.466259002">
        <ele>1369.88</ele>
      </trkpt>
      <trkpt lat="45.977803" lon="6.465898">
        <ele>1369.15</ele>
      </trkpt>
      <trkpt lat="45.977895005" lon="6.465489003">
        <ele>1367.03</ele>
      </trkpt>
      <trkpt lat="45.977959996" lon="6.465200994">
        <ele>1362.59</ele>
      </trkpt>
      <trkpt lat="45.978013001" lon="6.464969993">
        <ele>1360.19</ele>
      </trkpt>
      <trkpt lat="45.978153" lon="6.464369003">
        <ele>1359.38</ele>
      </trkpt>
      <trkpt lat="45.97827" lon="6.463870004">
        <ele>1358.02</ele>
      </trkpt>
      <trkpt lat="45.978291999" lon="6.463779998">
        <ele>1354.2</ele>
      </trkpt>
      <trkpt lat="45.978299998" lon="6.463745995">
        <ele>1354.19</ele>
      </trkpt>
      <trkpt lat="45.978432994" lon="6.463176002">
        <ele>1353.47</ele>
      </trkpt>
      <trkpt lat="45.978533004" lon="6.462736006">
        <ele>1352.77</ele>
      </trkpt>
      <trkpt lat="45.978537005" lon="6.462667996">
        <ele>1352.3</ele>
      </trkpt>
      <trkpt lat="45.978528002" lon="6.462593996">
        <ele>1352.28</ele>
      </trkpt>
      <trkpt lat="45.978498999" lon="6.462526998">
        <ele>1351.55</ele>
      </trkpt>
      <trkpt lat="45.978466001" lon="6.462476">
        <ele>1350.86</ele>
      </trkpt>
      <trkpt lat="45.978426996" lon="6.462443991">
        <ele>1350.1</ele>
      </trkpt>
      <trkpt lat="45.978374005" lon="6.462433998">
        <ele>1349.1</ele>
      </trkpt>
      <trkpt lat="45.978321001" lon="6.462439996">
        <ele>1349.63</ele>
      </trkpt>
      <trkpt lat="45.978281002" lon="6.462461991">
        <ele>1349.88</ele>
      </trkpt>
      <trkpt lat="45.978246999" lon="6.462495999">
        <ele>1348.09</ele>
      </trkpt>
      <trkpt lat="45.978201004" lon="6.462576997">
        <ele>1347.14</ele>
      </trkpt>
      <trkpt lat="45.978153003" lon="6.462691999">
        <ele>1345.65</ele>
      </trkpt>
      <trkpt lat="45.978037" lon="6.463005993">
        <ele>1344.03</ele>
      </trkpt>
      <trkpt lat="45.977945003" lon="6.463253003">
        <ele>1342.45</ele>
      </trkpt>
      <trkpt lat="45.977889995" lon="6.463363995">
        <ele>1344.29</ele>
      </trkpt>
      <trkpt lat="45.977812003" lon="6.463495">
        <ele>1343.41</ele>
      </trkpt>
      <trkpt lat="45.977660004" lon="6.463677998">
        <ele>1342.91</ele>
      </trkpt>
      <trkpt lat="45.977449001" lon="6.463921998">
        <ele>1340.78</ele>
      </trkpt>
      <trkpt lat="45.977159002" lon="6.464266995">
        <ele>1338.81</ele>
      </trkpt>
      <trkpt lat="45.976976999" lon="6.464481997">
        <ele>1334.99</ele>
      </trkpt>
      <trkpt lat="45.976796004" lon="6.464697009">
        <ele>1332.94</ele>
      </trkpt>
      <trkpt lat="45.976515005" lon="6.465035002">
        <ele>1331.06</ele>
      </trkpt>
      <trkpt lat="45.976464005" lon="6.465096003">
        <ele>1331.03</ele>
      </trkpt>
      <trkpt lat="45.97642" lon="6.465138997">
        <ele>1331.04</ele>
      </trkpt>
      <trkpt lat="45.976369997" lon="6.465168">
        <ele>1331.6</ele>
      </trkpt>
      <trkpt lat="45.976331002" lon="6.465176002">
        <ele>1330.06</ele>
      </trkpt>
      <trkpt lat="45.976275001" lon="6.465165998">
        <ele>1328.85</ele>
      </trkpt>
      <trkpt lat="45.976227999" lon="6.465137001">
        <ele>1327.91</ele>
      </trkpt>
      <trkpt lat="45.976183003" lon="6.465074001">
        <ele>1325.27</ele>
      </trkpt>
      <trkpt lat="45.976158001" lon="6.464992997">
        <ele>1322.95</ele>
      </trkpt>
      <trkpt lat="45.976151998" lon="6.464876992">
        <ele>1322.44</ele>
      </trkpt>
      <trkpt lat="45.976162997" lon="6.464692001">
        <ele>1321.57</ele>
      </trkpt>
      <trkpt lat="45.976216005" lon="6.464182009">
        <ele>1319.73</ele>
      </trkpt>
      <trkpt lat="45.976269002" lon="6.463618999">
        <ele>1318.48</ele>
      </trkpt>
      <trkpt lat="45.976318996" lon="6.463052993">
        <ele>1315.74</ele>
      </trkpt>
      <trkpt lat="45.976354998" lon="6.462705002">
        <ele>1314.16</ele>
      </trkpt>
      <trkpt lat="45.976365994" lon="6.462393006">
        <ele>1312.39</ele>
      </trkpt>
      <trkpt lat="45.976356001" lon="6.462085002">
        <ele>1309.77</ele>
      </trkpt>
      <trkpt lat="45.97633" lon="6.461595995">
        <ele>1309.23</ele>
      </trkpt>
      <trkpt lat="45.976330005" lon="6.461581995">
        <ele>1309.38</ele>
      </trkpt>
      <trkpt lat="45.976309003" lon="6.461202997">
        <ele>1307.55</ele>
      </trkpt>
      <trkpt lat="45.976287999" lon="6.460823999">
        <ele>1305.26</ele>
      </trkpt>
      <trkpt lat="45.976273998" lon="6.460580009">
        <ele>1304.58</ele>
      </trkpt>
      <trkpt lat="45.976259999" lon="6.460269001">
        <ele>1303.22</ele>
      </trkpt>
      <trkpt lat="45.976252001" lon="6.460206004">
        <ele>1301.64</ele>
      </trkpt>
      <trkpt lat="45.976206998" lon="6.460119">
        <ele>1300.94</ele>
      </trkpt>
      <trkpt lat="45.976064002" lon="6.459938997">
        <ele>1301.43</ele>
      </trkpt>
      <trkpt lat="45.975866" lon="6.459699003">
        <ele>1300.7</ele>
      </trkpt>
      <trkpt lat="45.975755996" lon="6.459531006">
        <ele>1299.65</ele>
      </trkpt>
      <trkpt lat="45.975605003" lon="6.459277009">
        <ele>1297.95</ele>
      </trkpt>
      <trkpt lat="45.975510998" lon="6.459119004">
        <ele>1296.98</ele>
      </trkpt>
      <trkpt lat="45.975407997" lon="6.458927998">
        <ele>1295.61</ele>
      </trkpt>
      <trkpt lat="45.975309998" lon="6.458777991">
        <ele>1295.47</ele>
      </trkpt>
      <trkpt lat="45.975320001" lon="6.458752997">
        <ele>1295.37</ele>
      </trkpt>
      <trkpt lat="45.975317996" lon="6.458713002">
        <ele>1296.41</ele>
      </trkpt>
      <trkpt lat="45.975303002" lon="6.458681007">
        <ele>1296.86</ele>
      </trkpt>
      <trkpt lat="45.975277004" lon="6.458668992">
        <ele>1296.26</ele>
      </trkpt>
      <trkpt lat="45.975253003" lon="6.458671">
        <ele>1295.63</ele>
      </trkpt>
      <trkpt lat="45.975128002" lon="6.458438007">
        <ele>1294.71</ele>
      </trkpt>
      <trkpt lat="45.974925005" lon="6.458053993">
        <ele>1294.33</ele>
      </trkpt>
      <trkpt lat="45.974747001" lon="6.457695998">
        <ele>1293.7</ele>
      </trkpt>
      <trkpt lat="45.974591002" lon="6.457370001">
        <ele>1293.7</ele>
      </trkpt>
      <trkpt lat="45.974457004" lon="6.457056997">
        <ele>1293.67</ele>
      </trkpt>
      <trkpt lat="45.974345004" lon="6.456745001">
        <ele>1292.29</ele>
      </trkpt>
      <trkpt lat="45.974334002" lon="6.456707997">
        <ele>1290.78</ele>
      </trkpt>
      <trkpt lat="45.974274997" lon="6.456499998">
        <ele>1287.82</ele>
      </trkpt>
      <trkpt lat="45.974139001" lon="6.456102999">
        <ele>1285.57</ele>
      </trkpt>
      <trkpt lat="45.973986001" lon="6.455627009">
        <ele>1283.73</ele>
      </trkpt>
      <trkpt lat="45.973861004" lon="6.455182008">
        <ele>1283.53</ele>
      </trkpt>
      <trkpt lat="45.973839997" lon="6.455075008">
        <ele>1282.03</ele>
      </trkpt>
      <trkpt lat="45.973837006" lon="6.455053995">
        <ele>1283.27</ele>
      </trkpt>
      <trkpt lat="45.973807004" lon="6.454882">
        <ele>1282.38</ele>
      </trkpt>
      <trkpt lat="45.973759999" lon="6.454662">
        <ele>1282.15</ele>
      </trkpt>
      <trkpt lat="45.973690998" lon="6.454321002">
        <ele>1281.28</ele>
      </trkpt>
      <trkpt lat="45.973642004" lon="6.454079005">
        <ele>1282.09</ele>
      </trkpt>
      <trkpt lat="45.973597994" lon="6.453875999">
        <ele>1281.35</ele>
      </trkpt>
      <trkpt lat="45.973547996" lon="6.453665999">
        <ele>1282.72</ele>
      </trkpt>
      <trkpt lat="45.973504996" lon="6.453472998">
        <ele>1281.72</ele>
      </trkpt>
      <trkpt lat="45.973478003" lon="6.453319009">
        <ele>1280.94</ele>
      </trkpt>
      <trkpt lat="45.973423999" lon="6.452992995">
        <ele>1279.29</ele>
      </trkpt>
      <trkpt lat="45.973369002" lon="6.452622994">
        <ele>1278.5</ele>
      </trkpt>
      <trkpt lat="45.973290003" lon="6.452213003">
        <ele>1276.72</ele>
      </trkpt>
      <trkpt lat="45.973268999" lon="6.452127994">
        <ele>1276.08</ele>
      </trkpt>
      <trkpt lat="45.973189001" lon="6.451888994">
        <ele>1275.85</ele>
      </trkpt>
      <trkpt lat="45.973071997" lon="6.451584007">
        <ele>1274.45</ele>
      </trkpt>
      <trkpt lat="45.972968999" lon="6.451305005">
        <ele>1273.24</ele>
      </trkpt>
      <trkpt lat="45.972897004" lon="6.451100003">
        <ele>1273.06</ele>
      </trkpt>
      <trkpt lat="45.972787004" lon="6.450874999">
        <ele>1271.73</ele>
      </trkpt>
      <trkpt lat="45.972699998" lon="6.450736006">
        <ele>1270.34</ele>
      </trkpt>
      <trkpt lat="45.972631" lon="6.450620998">
        <ele>1270.14</ele>
      </trkpt>
      <trkpt lat="45.972572003" lon="6.450499003">
        <ele>1269.39</ele>
      </trkpt>
      <trkpt lat="45.972520998" lon="6.450372998">
        <ele>1268.18</ele>
      </trkpt>
      <trkpt lat="45.972469003" lon="6.450227994">
        <ele>1268.13</ele>
      </trkpt>
      <trkpt lat="45.972394002" lon="6.450068">
        <ele>1267.81</ele>
      </trkpt>
      <trkpt lat="45.972381999" lon="6.450048994">
        <ele>1267</ele>
      </trkpt>
      <trkpt lat="45.972313002" lon="6.449948996">
        <ele>1266.33</ele>
      </trkpt>
      <trkpt lat="45.972236997" lon="6.449858008">
        <ele>1265.07</ele>
      </trkpt>
      <trkpt lat="45.972135997" lon="6.449770004">
        <ele>1263.23</ele>
      </trkpt>
      <trkpt lat="45.971948998" lon="6.449651">
        <ele>1262.66</ele>
      </trkpt>
      <trkpt lat="45.971567" lon="6.449426997">
        <ele>1262.76</ele>
      </trkpt>
      <trkpt lat="45.971178996" lon="6.449196002">
        <ele>1262.33</ele>
      </trkpt>
      <trkpt lat="45.970783004" lon="6.448954995">
        <ele>1262.07</ele>
      </trkpt>
      <trkpt lat="45.970573003" lon="6.448830006">
        <ele>1262.1</ele>
      </trkpt>
      <trkpt lat="45.970363003" lon="6.448705004">
        <ele>1261.02</ele>
      </trkpt>
      <trkpt lat="45.970167" lon="6.448588002">
        <ele>1259.08</ele>
      </trkpt>
      <trkpt lat="45.969809003" lon="6.448371994">
        <ele>1257.13</ele>
      </trkpt>
      <trkpt lat="45.969693002" lon="6.448300003">
        <ele>1255.14</ele>
      </trkpt>
      <trkpt lat="45.969438999" lon="6.448142995">
        <ele>1253.16</ele>
      </trkpt>
      <trkpt lat="45.969313997" lon="6.448048996">
        <ele>1251</ele>
      </trkpt>
      <trkpt lat="45.969189001" lon="6.447914009">
        <ele>1248.82</ele>
      </trkpt>
      <trkpt lat="45.968974002" lon="6.447626995">
        <ele>1247.48</ele>
      </trkpt>
      <trkpt lat="45.968689999" lon="6.447252003">
        <ele>1246.99</ele>
      </trkpt>
      <trkpt lat="45.968553001" lon="6.447068002">
        <ele>1244.25</ele>
      </trkpt>
      <trkpt lat="45.968475003" lon="6.446961">
        <ele>1242.69</ele>
      </trkpt>
      <trkpt lat="45.968381998" lon="6.446796004">
        <ele>1240.94</ele>
      </trkpt>
      <trkpt lat="45.968318004" lon="6.446653003">
        <ele>1238.78</ele>
      </trkpt>
      <trkpt lat="45.968258997" lon="6.446488004">
        <ele>1236.93</ele>
      </trkpt>
      <trkpt lat="45.968192006" lon="6.446245997">
        <ele>1236.87</ele>
      </trkpt>
      <trkpt lat="45.968081999" lon="6.445751">
        <ele>1235.68</ele>
      </trkpt>
      <trkpt lat="45.967962004" lon="6.445176002">
        <ele>1234.94</ele>
      </trkpt>
      <trkpt lat="45.967899004" lon="6.444862006">
        <ele>1233.95</ele>
      </trkpt>
      <trkpt lat="45.967835998" lon="6.444547001">
        <ele>1232.58</ele>
      </trkpt>
      <trkpt lat="45.967774003" lon="6.444294997">
        <ele>1231.31</ele>
      </trkpt>
      <trkpt lat="45.967719002" lon="6.444112002">
        <ele>1229.96</ele>
      </trkpt>
      <trkpt lat="45.967674002" lon="6.443994004">
        <ele>1229.08</ele>
      </trkpt>
      <trkpt lat="45.967623003" lon="6.443893003">
        <ele>1228.67</ele>
      </trkpt>
      <trkpt lat="45.967583996" lon="6.443831">
        <ele>1227.46</ele>
      </trkpt>
      <trkpt lat="45.967426998" lon="6.443632006">
        <ele>1226.51</ele>
      </trkpt>
      <trkpt lat="45.967109001" lon="6.443235996">
        <ele>1225.59</ele>
      </trkpt>
      <trkpt lat="45.967077003" lon="6.443196005">
        <ele>1224.63</ele>
      </trkpt>
      <trkpt lat="45.966848999" lon="6.4429">
        <ele>1222.75</ele>
      </trkpt>
      <trkpt lat="45.966836996" lon="6.442883002">
        <ele>1221.5</ele>
      </trkpt>
      <trkpt lat="45.966735004" lon="6.442745995">
        <ele>1220.47</ele>
      </trkpt>
      <trkpt lat="45.966608001" lon="6.442554998">
        <ele>1219.52</ele>
      </trkpt>
      <trkpt lat="45.966501001" lon="6.442371005">
        <ele>1218.39</ele>
      </trkpt>
      <trkpt lat="45.966364997" lon="6.442079998">
        <ele>1218.16</ele>
      </trkpt>
      <trkpt lat="45.966165999" lon="6.441622995">
        <ele>1217.61</ele>
      </trkpt>
      <trkpt lat="45.966017006" lon="6.441262003">
        <ele>1217.3</ele>
      </trkpt>
      <trkpt lat="45.965918005" lon="6.441023">
        <ele>1217.27</ele>
      </trkpt>
      <trkpt lat="45.965882006" lon="6.440928992">
        <ele>1217.66</ele>
      </trkpt>
      <trkpt lat="45.965820001" lon="6.440774005">
        <ele>1217.83</ele>
      </trkpt>
      <trkpt lat="45.965640999" lon="6.440314009">
        <ele>1217.79</ele>
      </trkpt>
      <trkpt lat="45.965550003" lon="6.440076997">
        <ele>1217.98</ele>
      </trkpt>
      <trkpt lat="45.965343997" lon="6.439540997">
        <ele>1216.76</ele>
      </trkpt>
      <trkpt lat="45.965149" lon="6.439038002">
        <ele>1215.36</ele>
      </trkpt>
      <trkpt lat="45.965053004" lon="6.438802">
        <ele>1214.46</ele>
      </trkpt>
      <trkpt lat="45.965042004" lon="6.438776006">
        <ele>1213.4</ele>
      </trkpt>
      <trkpt lat="45.964995003" lon="6.438667005">
        <ele>1211.55</ele>
      </trkpt>
      <trkpt lat="45.964879996" lon="6.438488006">
        <ele>1210.06</ele>
      </trkpt>
      <trkpt lat="45.964718005" lon="6.438253996">
        <ele>1209.04</ele>
      </trkpt>
      <trkpt lat="45.964482997" lon="6.437906004">
        <ele>1208.2</ele>
      </trkpt>
      <trkpt lat="45.964221997" lon="6.437510998">
        <ele>1207.79</ele>
      </trkpt>
      <trkpt lat="45.963978" lon="6.437138992">
        <ele>1208.08</ele>
      </trkpt>
      <trkpt lat="45.963853996" lon="6.436953996">
        <ele>1209.3</ele>
      </trkpt>
      <trkpt lat="45.963801004" lon="6.436895006">
        <ele>1209.76</ele>
      </trkpt>
      <trkpt lat="45.963695995" lon="6.436800999">
        <ele>1208.9</ele>
      </trkpt>
      <trkpt lat="45.963605996" lon="6.436728001">
        <ele>1207.78</ele>
      </trkpt>
      <trkpt lat="45.963248" lon="6.436521998">
        <ele>1206.17</ele>
      </trkpt>
      <trkpt lat="45.962975999" lon="6.436332999">
        <ele>1204.55</ele>
      </trkpt>
      <trkpt lat="45.962818004" lon="6.436197003">
        <ele>1203.1</ele>
      </trkpt>
      <trkpt lat="45.962729998" lon="6.436088008">
        <ele>1203.1</ele>
      </trkpt>
      <trkpt lat="45.962683996" lon="6.435997998">
        <ele>1203.56</ele>
      </trkpt>
      <trkpt lat="45.962630995" lon="6.435871001">
        <ele>1204.63</ele>
      </trkpt>
      <trkpt lat="45.962587997" lon="6.435733992">
        <ele>1205.86</ele>
      </trkpt>
      <trkpt lat="45.962561998" lon="6.435612998">
        <ele>1207.17</ele>
      </trkpt>
      <trkpt lat="45.962539999" lon="6.435520003">
        <ele>1207.78</ele>
      </trkpt>
      <trkpt lat="45.962518002" lon="6.435466996">
        <ele>1208.17</ele>
      </trkpt>
      <trkpt lat="45.962475997" lon="6.435407997">
        <ele>1207.66</ele>
      </trkpt>
      <trkpt lat="45.962413999" lon="6.435360003">
        <ele>1206.97</ele>
      </trkpt>
      <trkpt lat="45.962256003" lon="6.435281007">
        <ele>1204.56</ele>
      </trkpt>
      <trkpt lat="45.962233998" lon="6.435271">
        <ele>1202.02</ele>
      </trkpt>
      <trkpt lat="45.962124994" lon="6.435209991">
        <ele>1200.69</ele>
      </trkpt>
      <trkpt lat="45.962085002" lon="6.435168993">
        <ele>1199.69</ele>
      </trkpt>
      <trkpt lat="45.962047997" lon="6.435108006">
        <ele>1198.21</ele>
      </trkpt>
      <trkpt lat="45.961992006" lon="6.435028994">
        <ele>1197.62</ele>
      </trkpt>
      <trkpt lat="45.961918005" lon="6.434944994">
        <ele>1198.7</ele>
      </trkpt>
      <trkpt lat="45.961823" lon="6.434866998">
        <ele>1198.45</ele>
      </trkpt>
      <trkpt lat="45.961700001" lon="6.434794002">
        <ele>1198.29</ele>
      </trkpt>
      <trkpt lat="45.961599003" lon="6.434762005">
        <ele>1202.2</ele>
      </trkpt>
      <trkpt lat="45.961536003" lon="6.434769007">
        <ele>1206.91</ele>
      </trkpt>
      <trkpt lat="45.961478001" lon="6.434791003">
        <ele>1210.08</ele>
      </trkpt>
      <trkpt lat="45.961466999" lon="6.434798006">
        <ele>1209.33</ele>
      </trkpt>
      <trkpt lat="45.961433998" lon="6.434818008">
        <ele>1208.73</ele>
      </trkpt>
      <trkpt lat="45.961419997" lon="6.434826995">
        <ele>1204.59</ele>
      </trkpt>
      <trkpt lat="45.961397994" lon="6.434841002">
        <ele>1200.55</ele>
      </trkpt>
      <trkpt lat="45.961364004" lon="6.434878997">
        <ele>1197.75</ele>
      </trkpt>
      <trkpt lat="45.961341" lon="6.434923003">
        <ele>1195.87</ele>
      </trkpt>
      <trkpt lat="45.961154997" lon="6.435358002">
        <ele>1198.19</ele>
      </trkpt>
      <trkpt lat="45.961003002" lon="6.435748995">
        <ele>1197.45</ele>
      </trkpt>
      <trkpt lat="45.960947004" lon="6.435957003">
        <ele>1196.66</ele>
      </trkpt>
      <trkpt lat="45.960909005" lon="6.436186994">
        <ele>1191.67</ele>
      </trkpt>
      <trkpt lat="45.960853" lon="6.436374994">
        <ele>1192.61</ele>
      </trkpt>
      <trkpt lat="45.960775999" lon="6.436536997">
        <ele>1186.88</ele>
      </trkpt>
      <trkpt lat="45.960656996" lon="6.436715001">
        <ele>1185.45</ele>
      </trkpt>
      <trkpt lat="45.960464996" lon="6.436937996">
        <ele>1184.06</ele>
      </trkpt>
      <trkpt lat="45.960277" lon="6.437117001">
        <ele>1184.86</ele>
      </trkpt>
      <trkpt lat="45.960075002" lon="6.437270006">
        <ele>1182.74</ele>
      </trkpt>
      <trkpt lat="45.959822549" lon="6.437447133">
        <ele>1183.31</ele>
      </trkpt>
      <trkpt lat="45.959507462" lon="6.437555813">
        <ele>1179.63</ele>
      </trkpt>
      <trkpt lat="45.959001923" lon="6.437701285">
        <ele>1175.08</ele>
      </trkpt>
      <trkpt lat="45.957883182" lon="6.437979593">
        <ele>1170.33</ele>
      </trkpt>
      <trkpt lat="45.957510138" lon="6.437997601">
        <ele>1165.66</ele>
      </trkpt>
      <trkpt lat="45.956625285" lon="6.43772398">
        <ele>1160.44</ele>
      </trkpt>
      <trkpt lat="45.955415986" lon="6.437223563">
        <ele>1156.47</ele>
      </trkpt>
      <trkpt lat="45.95528497" lon="6.43723456">
        <ele>1152.83</ele>
      </trkpt>
      <trkpt lat="45.955182213" lon="6.437365345">
        <ele>1150.57</ele>
      </trkpt>
      <trkpt lat="45.955174969" lon="6.437536026">
        <ele>1147.9</ele>
      </trkpt>
      <trkpt lat="45.955262394" lon="6.437672787">
        <ele>1145.46</ele>
      </trkpt>
      <trkpt lat="45.955608543" lon="6.437862592">
        <ele>1144.74</ele>
      </trkpt>
      <trkpt lat="45.95578644" lon="6.437968123">
        <ele>1143.24</ele>
      </trkpt>
      <trkpt lat="45.956013272" lon="6.438156379">
        <ele>1140.98</ele>
      </trkpt>
      <trkpt lat="45.95627948" lon="6.438471023">
        <ele>1139.79</ele>
      </trkpt>
      <trkpt lat="45.956496995" lon="6.438922009">
        <ele>1138.74</ele>
      </trkpt>
      <trkpt lat="45.956633006" lon="6.439202009">
        <ele>1137.56</ele>
      </trkpt>
      <trkpt lat="45.956658996" lon="6.439251992">
        <ele>1137.45</ele>
      </trkpt>
      <trkpt lat="45.956739999" lon="6.439439994">
        <ele>1137.51</ele>
      </trkpt>
      <trkpt lat="45.956767" lon="6.439558998">
        <ele>1136.88</ele>
      </trkpt>
      <trkpt lat="45.956759003" lon="6.439675001">
        <ele>1136.16</ele>
      </trkpt>
      <trkpt lat="45.956720996" lon="6.439759999">
        <ele>1135.54</ele>
      </trkpt>
      <trkpt lat="45.956678996" lon="6.439793999">
        <ele>1135.04</ele>
      </trkpt>
      <trkpt lat="45.956652997" lon="6.439813994">
        <ele>1134.7</ele>
      </trkpt>
      <trkpt lat="45.956624002" lon="6.439819005">
        <ele>1133.8</ele>
      </trkpt>
      <trkpt lat="45.956592004" lon="6.439827008">
        <ele>1133.13</ele>
      </trkpt>
      <trkpt lat="45.956503997" lon="6.439800004">
        <ele>1132.74</ele>
      </trkpt>
      <trkpt lat="45.956423999" lon="6.439717995">
        <ele>1131.65</ele>
      </trkpt>
      <trkpt lat="45.956349994" lon="6.439585005">
        <ele>1130.61</ele>
      </trkpt>
      <trkpt lat="45.956234999" lon="6.439368">
        <ele>1130.38</ele>
      </trkpt>
      <trkpt lat="45.956222001" lon="6.439344004">
        <ele>1130.05</ele>
      </trkpt>
      <trkpt lat="45.956115005" lon="6.439182009">
        <ele>1128.84</ele>
      </trkpt>
      <trkpt lat="45.955974004" lon="6.439057007">
        <ele>1127.85</ele>
      </trkpt>
      <trkpt lat="45.955808" lon="6.438960995">
        <ele>1126.08</ele>
      </trkpt>
      <trkpt lat="45.955557998" lon="6.438879002">
        <ele>1123.61</ele>
      </trkpt>
      <trkpt lat="45.955363995" lon="6.438811003">
        <ele>1120.35</ele>
      </trkpt>
      <trkpt lat="45.955154004" lon="6.438677998">
        <ele>1118.05</ele>
      </trkpt>
      <trkpt lat="45.954911002" lon="6.438500003">
        <ele>1115.98</ele>
      </trkpt>
      <trkpt lat="45.954796999" lon="6.438398002">
        <ele>1115.2</ele>
      </trkpt>
      <trkpt lat="45.954721999" lon="6.43829">
        <ele>1114.23</ele>
      </trkpt>
      <trkpt lat="45.954644998" lon="6.438130996">
        <ele>1114.1</ele>
      </trkpt>
      <trkpt lat="45.954573" lon="6.438004005">
        <ele>1113.36</ele>
      </trkpt>
      <trkpt lat="45.954501998" lon="6.437950994">
        <ele>1112.51</ele>
      </trkpt>
      <trkpt lat="45.954431997" lon="6.437975994">
        <ele>1110.64</ele>
      </trkpt>
      <trkpt lat="45.954385001" lon="6.438034997">
        <ele>1109.2</ele>
      </trkpt>
      <trkpt lat="45.954365001" lon="6.438129">
        <ele>1107.69</ele>
      </trkpt>
      <trkpt lat="45.954369002" lon="6.438210004">
        <ele>1106.75</ele>
      </trkpt>
      <trkpt lat="45.954397995" lon="6.438281003">
        <ele>1105.96</ele>
      </trkpt>
      <trkpt lat="45.954484998" lon="6.438379002">
        <ele>1105.81</ele>
      </trkpt>
      <trkpt lat="45.954616001" lon="6.438531998">
        <ele>1106.47</ele>
      </trkpt>
      <trkpt lat="45.954817998" lon="6.438794">
        <ele>1107.13</ele>
      </trkpt>
      <trkpt lat="45.954989002" lon="6.439041002">
        <ele>1107.49</ele>
      </trkpt>
      <trkpt lat="45.955040996" lon="6.439131001">
        <ele>1107.9</ele>
      </trkpt>
      <trkpt lat="45.955058999" lon="6.439165002">
        <ele>1107.96</ele>
      </trkpt>
      <trkpt lat="45.955102002" lon="6.439302008">
        <ele>1108.14</ele>
      </trkpt>
      <trkpt lat="45.955123002" lon="6.439399001">
        <ele>1107.85</ele>
      </trkpt>
      <trkpt lat="45.955145" lon="6.439502001">
        <ele>1106.99</ele>
      </trkpt>
      <trkpt lat="45.955194002" lon="6.439709993">
        <ele>1106.18</ele>
      </trkpt>
      <trkpt lat="45.955228998" lon="6.439868999">
        <ele>1105.26</ele>
      </trkpt>
      <trkpt lat="45.955231994" lon="6.439982997">
        <ele>1103.1</ele>
      </trkpt>
      <trkpt lat="45.955201998" lon="6.440066">
        <ele>1101.17</ele>
      </trkpt>
      <trkpt lat="45.955128998" lon="6.440130005">
        <ele>1099.85</ele>
      </trkpt>
      <trkpt lat="45.955054997" lon="6.440132992">
        <ele>1098.92</ele>
      </trkpt>
      <trkpt lat="45.954981999" lon="6.440060003">
        <ele>1098.28</ele>
      </trkpt>
      <trkpt lat="45.954941003" lon="6.439958995">
        <ele>1098.86</ele>
      </trkpt>
      <trkpt lat="45.954907002" lon="6.439748">
        <ele>1099.33</ele>
      </trkpt>
      <trkpt lat="45.954866003" lon="6.439593996">
        <ele>1099.57</ele>
      </trkpt>
      <trkpt lat="45.954798003" lon="6.439465998">
        <ele>1099.07</ele>
      </trkpt>
      <trkpt lat="45.954683" lon="6.439332002">
        <ele>1097.9</ele>
      </trkpt>
      <trkpt lat="45.954370002" lon="6.439038006">
        <ele>1095.82</ele>
      </trkpt>
      <trkpt lat="45.954083003" lon="6.438769996">
        <ele>1093.71</ele>
      </trkpt>
      <trkpt lat="45.953911005" lon="6.438614997">
        <ele>1091.52</ele>
      </trkpt>
      <trkpt lat="45.953806004" lon="6.438511001">
        <ele>1089.19</ele>
      </trkpt>
      <trkpt lat="45.953621997" lon="6.438302995">
        <ele>1087.4</ele>
      </trkpt>
      <trkpt lat="45.953427997" lon="6.437996995">
        <ele>1085.81</ele>
      </trkpt>
      <trkpt lat="45.953230999" lon="6.437655003">
        <ele>1084.4</ele>
      </trkpt>
      <trkpt lat="45.953106004" lon="6.437511008">
        <ele>1083.1</ele>
      </trkpt>
      <trkpt lat="45.95303" lon="6.437447">
        <ele>1082.52</ele>
      </trkpt>
      <trkpt lat="45.952962006" lon="6.437391995">
        <ele>1081.15</ele>
      </trkpt>
      <trkpt lat="45.952634996" lon="6.437208999">
        <ele>1078.69</ele>
      </trkpt>
      <trkpt lat="45.952350996" lon="6.437096997">
        <ele>1075.45</ele>
      </trkpt>
      <trkpt lat="45.951974997" lon="6.436941003">
        <ele>1071.88</ele>
      </trkpt>
      <trkpt lat="45.951597003" lon="6.436731997">
        <ele>1067.43</ele>
      </trkpt>
      <trkpt lat="45.951361998" lon="6.436588002">
        <ele>1065.35</ele>
      </trkpt>
      <trkpt lat="45.951267002" lon="6.436524">
        <ele>1063.4</ele>
      </trkpt>
      <trkpt lat="45.951172995" lon="6.436461003">
        <ele>1063.53</ele>
      </trkpt>
      <trkpt lat="45.950900003" lon="6.436245004">
        <ele>1062.78</ele>
      </trkpt>
      <trkpt lat="45.950673001" lon="6.436074002">
        <ele>1061.4</ele>
      </trkpt>
      <trkpt lat="45.950370005" lon="6.435882002">
        <ele>1058.27</ele>
      </trkpt>
      <trkpt lat="45.950206995" lon="6.435758001">
        <ele>1056.3</ele>
      </trkpt>
      <trkpt lat="45.950090996" lon="6.435634996">
        <ele>1053.69</ele>
      </trkpt>
      <trkpt lat="45.950052996" lon="6.435594001">
        <ele>1052.57</ele>
      </trkpt>
      <trkpt lat="45.949907002" lon="6.435399995">
        <ele>1051.63</ele>
      </trkpt>
      <trkpt lat="45.949761002" lon="6.435221004">
        <ele>1050.7</ele>
      </trkpt>
      <trkpt lat="45.94964" lon="6.435108995">
        <ele>1051.48</ele>
      </trkpt>
      <trkpt lat="45.949619001" lon="6.435099997">
        <ele>1052.03</ele>
      </trkpt>
      <trkpt lat="45.949524004" lon="6.435057992">
        <ele>1050.11</ele>
      </trkpt>
      <trkpt lat="45.949303006" lon="6.434999997">
        <ele>1050.72</ele>
      </trkpt>
      <trkpt lat="45.949154004" lon="6.434937992">
        <ele>1051.48</ele>
      </trkpt>
      <trkpt lat="45.949001003" lon="6.434825992">
        <ele>1050.11</ele>
      </trkpt>
      <trkpt lat="45.948847999" lon="6.434666002">
        <ele>1047.65</ele>
      </trkpt>
      <trkpt lat="45.948674999" lon="6.434463999">
        <ele>1046.19</ele>
      </trkpt>
      <trkpt lat="45.948387003" lon="6.434158999">
        <ele>1042.88</ele>
      </trkpt>
      <trkpt lat="45.948100999" lon="6.433865007">
        <ele>1039.07</ele>
      </trkpt>
      <trkpt lat="45.947762" lon="6.433496">
        <ele>1035.19</ele>
      </trkpt>
      <trkpt lat="45.947441002" lon="6.433136997">
        <ele>1031.65</ele>
      </trkpt>
      <trkpt lat="45.947134997" lon="6.432804">
        <ele>1028.99</ele>
      </trkpt>
      <trkpt lat="45.946871994" lon="6.432514996">
        <ele>1027.56</ele>
      </trkpt>
      <trkpt lat="45.946678997" lon="6.432285996">
        <ele>1025.82</ele>
      </trkpt>
      <trkpt lat="45.946588001" lon="6.432140003">
        <ele>1024.71</ele>
      </trkpt>
      <trkpt lat="45.946508998" lon="6.431948993">
        <ele>1024.33</ele>
      </trkpt>
      <trkpt lat="45.946453" lon="6.431795002">
        <ele>1022.14</ele>
      </trkpt>
      <trkpt lat="45.946355994" lon="6.431643002">
        <ele>1019.85</ele>
      </trkpt>
      <trkpt lat="45.946227003" lon="6.431457005">
        <ele>1019.35</ele>
      </trkpt>
      <trkpt lat="45.946172002" lon="6.431366996">
        <ele>1018.34</ele>
      </trkpt>
      <trkpt lat="45.946131003" lon="6.431229006">
        <ele>1018.33</ele>
      </trkpt>
      <trkpt lat="45.946100997" lon="6.431053999">
        <ele>1021</ele>
      </trkpt>
      <trkpt lat="45.946083001" lon="6.430830992">
        <ele>1023.69</ele>
      </trkpt>
      <trkpt lat="45.946065998" lon="6.430543999">
        <ele>1025.84</ele>
      </trkpt>
      <trkpt lat="45.946050005" lon="6.430374996">
        <ele>1022.79</ele>
      </trkpt>
      <trkpt lat="45.946014003" lon="6.430266002">
        <ele>1018.6</ele>
      </trkpt>
      <trkpt lat="45.945947001" lon="6.430218">
        <ele>1018.32</ele>
      </trkpt>
      <trkpt lat="45.945909995" lon="6.430219997">
        <ele>1017.16</ele>
      </trkpt>
      <trkpt lat="45.945869998" lon="6.430221006">
        <ele>1014.65</ele>
      </trkpt>
      <trkpt lat="45.945832" lon="6.430256005">
        <ele>1015.97</ele>
      </trkpt>
      <trkpt lat="45.945808996" lon="6.430358">
        <ele>1018.43</ele>
      </trkpt>
      <trkpt lat="45.945818" lon="6.430530999">
        <ele>1014.75</ele>
      </trkpt>
      <trkpt lat="45.945870995" lon="6.430749003">
        <ele>1013.6</ele>
      </trkpt>
      <trkpt lat="45.945933003" lon="6.430985993">
        <ele>1012.49</ele>
      </trkpt>
      <trkpt lat="45.945985002" lon="6.431213006">
        <ele>1011.95</ele>
      </trkpt>
      <trkpt lat="45.946067995" lon="6.431607994">
        <ele>1010.51</ele>
      </trkpt>
      <trkpt lat="45.946209" lon="6.432122007">
        <ele>1010.26</ele>
      </trkpt>
      <trkpt lat="45.946336004" lon="6.432552006">
        <ele>1007.59</ele>
      </trkpt>
      <trkpt lat="45.946475003" lon="6.432952003">
        <ele>1006.92</ele>
      </trkpt>
      <trkpt lat="45.946500994" lon="6.433024003">
        <ele>1007.16</ele>
      </trkpt>
      <trkpt lat="45.946577996" lon="6.433231002">
        <ele>1006.78</ele>
      </trkpt>
      <trkpt lat="45.946661002" lon="6.433386008">
        <ele>1008.26</ele>
      </trkpt>
      <trkpt lat="45.946766999" lon="6.433554995">
        <ele>1009.77</ele>
      </trkpt>
      <trkpt lat="45.946859002" lon="6.433693004">
        <ele>1009.93</ele>
      </trkpt>
      <trkpt lat="45.946894005" lon="6.433787003">
        <ele>1010.07</ele>
      </trkpt>
      <trkpt lat="45.946890001" lon="6.433890998">
        <ele>1010.3</ele>
      </trkpt>
      <trkpt lat="45.946862002" lon="6.433968004">
        <ele>1008.82</ele>
      </trkpt>
      <trkpt lat="45.946803" lon="6.434017002">
        <ele>1007.04</ele>
      </trkpt>
      <trkpt lat="45.946730003" lon="6.434008003">
        <ele>1005.28</ele>
      </trkpt>
      <trkpt lat="45.94665" lon="6.433937">
        <ele>1002.89</ele>
      </trkpt>
      <trkpt lat="45.946475576" lon="6.433648841">
        <ele>1000.18</ele>
      </trkpt>
      <trkpt lat="45.946101923" lon="6.432941114">
        <ele>996.81</ele>
      </trkpt>
      <trkpt lat="45.945800514" lon="6.432497508">
        <ele>994.93</ele>
      </trkpt>
      <trkpt lat="45.945655837" lon="6.432246582">
        <ele>991.26</ele>
      </trkpt>
      <trkpt lat="45.945535362" lon="6.431944065">
        <ele>988.52</ele>
      </trkpt>
      <trkpt lat="45.945290572" lon="6.430922839">
        <ele>985.05</ele>
      </trkpt>
      <trkpt lat="45.945163739" lon="6.429200965">
        <ele>981.82</ele>
      </trkpt>
      <trkpt lat="45.945071653" lon="6.428708475">
        <ele>975.8</ele>
      </trkpt>
      <trkpt lat="45.944610968" lon="6.427476182">
        <ele>970.84</ele>
      </trkpt>
      <trkpt lat="45.943846607" lon="6.425941815">
        <ele>965.12</ele>
      </trkpt>
      <trkpt lat="45.943415226" lon="6.425507879">
        <ele>959.96</ele>
      </trkpt>
      <trkpt lat="45.943098246" lon="6.425033869">
        <ele>954.52</ele>
      </trkpt>
      <trkpt lat="45.942500455" lon="6.424182511">
        <ele>951.43</ele>
      </trkpt>
      <trkpt lat="45.941921956" lon="6.423441516">
        <ele>948.8</ele>
      </trkpt>
      <trkpt lat="45.941584402" lon="6.422627022">
        <ele>946.37</ele>
      </trkpt>
      <trkpt lat="45.941439939" lon="6.422538395">
        <ele>944.05</ele>
      </trkpt>
      <trkpt lat="45.94135162" lon="6.422634674">
        <ele>942.18</ele>
      </trkpt>
      <trkpt lat="45.941323412" lon="6.422818758">
        <ele>939.77</ele>
      </trkpt>
      <trkpt lat="45.941509388" lon="6.423337691">
        <ele>937.69</ele>
      </trkpt>
      <trkpt lat="45.941823698" lon="6.42383216">
        <ele>935.14</ele>
      </trkpt>
      <trkpt lat="45.941947771" lon="6.424220407">
        <ele>932.76</ele>
      </trkpt>
      <trkpt lat="45.942001848" lon="6.425017282">
        <ele>931.2</ele>
      </trkpt>
      <trkpt lat="45.942168901" lon="6.425956882">
        <ele>928.87</ele>
      </trkpt>
      <trkpt lat="45.942218356" lon="6.426498311">
        <ele>926.7</ele>
      </trkpt>
      <trkpt lat="45.942161894" lon="6.42720719">
        <ele>924.18</ele>
      </trkpt>
      <trkpt lat="45.942098308" lon="6.427268128">
        <ele>923.89</ele>
      </trkpt>
    </trkseg>
  </trk></gpx>