<?xml version="1.0" encoding="UTF-8"?>
<gpx creator="Loopi" version="1.1" xmlns="http://www.topografix.com/GPX/1/1" xmlns:xsi="http://www.w3.org/2001/XMLSchema-instance" xsi:schemaLocation="http://www.topografix.com/GPX/1/1 http://www.topografix.com/GPX/1/1/gpx.xsd http://www.garmin.com/xmlschemas/GpxExtensions/v3 http://www.garmin.com/xmlschemas/GpxExtensionsv3.xsd http://www.garmin.com/xmlschemas/TrackPointExtension/v1 http://www.garmin.com/xmlschemas/TrackPointExtensionv1.xsd">
  <metadata>
    <name>Activity</name>
  </metadata>
  <trk>
    <name>Le Grand-Bornand / Beaufort-sur-Doron</name>
    <trkseg>
      <trkpt lat="45.942098308" lon="6.427268128">
        <ele>923.89</ele>
      </trkpt>
      <trkpt lat="45.942057005" lon="6.427165007">
        <ele>921.2</ele>
      </trkpt>
      <trkpt lat="45.942" lon="6.427042003">
        <ele>922.36</ele>
      </trkpt>
      <trkpt lat="45.941952" lon="6.426937997">
        <ele>922.13</ele>
      </trkpt>
      <trkpt lat="45.941862003" lon="6.426737993">
        <ele>921.96</ele>
      </trkpt>
      <trkpt lat="45.941723999" lon="6.426471994">
        <ele>922.18</ele>
      </trkpt>
      <trkpt lat="45.941698997" lon="6.426427002">
        <ele>921.3</ele>
      </trkpt>
      <trkpt lat="45.941537994" lon="6.426120996">
        <ele>920.99</ele>
      </trkpt>
      <trkpt lat="45.941392996" lon="6.425848996">
        <ele>920.09</ele>
      </trkpt>
      <trkpt lat="45.941269998" lon="6.425630006">
        <ele>919.29</ele>
      </trkpt>
      <trkpt lat="45.941258003" lon="6.425609997">
        <ele>918.22</ele>
      </trkpt>
      <trkpt lat="45.941106003" lon="6.425326001">
        <ele>917.96</ele>
      </trkpt>
      <trkpt lat="45.941048996" lon="6.425222006">
        <ele>916.55</ele>
      </trkpt>
      <trkpt lat="45.941033002" lon="6.425190005">
        <ele>915.56</ele>
      </trkpt>
      <trkpt lat="45.940917002" lon="6.424975006">
        <ele>915.22</ele>
      </trkpt>
      <trkpt lat="45.940737002" lon="6.424628009">
        <ele>914.46</ele>
      </trkpt>
      <trkpt lat="45.940644001" lon="6.424449997">
        <ele>913.9</ele>
      </trkpt>
      <trkpt lat="45.940585002" lon="6.424357003">
        <ele>914.14</ele>
      </trkpt>
      <trkpt lat="45.940551002" lon="6.424274001">
        <ele>914.41</ele>
      </trkpt>
      <trkpt lat="45.940534006" lon="6.42422">
        <ele>914.47</ele>
      </trkpt>
      <trkpt lat="45.940505994" lon="6.424197006">
        <ele>914.78</ele>
      </trkpt>
      <trkpt lat="45.940489002" lon="6.424156003">
        <ele>915.1</ele>
      </trkpt>
      <trkpt lat="45.940489001" lon="6.424105992">
        <ele>914.61</ele>
      </trkpt>
      <trkpt lat="45.940455002" lon="6.424042007">
        <ele>914.24</ele>
      </trkpt>
      <trkpt lat="45.940376" lon="6.423921997">
        <ele>913.85</ele>
      </trkpt>
      <trkpt lat="45.940309999" lon="6.423798002">
        <ele>913.44</ele>
      </trkpt>
      <trkpt lat="45.940293" lon="6.423766998">
        <ele>913.13</ele>
      </trkpt>
      <trkpt lat="45.940260003" lon="6.423710995">
        <ele>912.8</ele>
      </trkpt>
      <trkpt lat="45.940178001" lon="6.423540001">
        <ele>912.15</ele>
      </trkpt>
      <trkpt lat="45.940041995" lon="6.423230992">
        <ele>911.39</ele>
      </trkpt>
      <trkpt lat="45.939884999" lon="6.422929">
        <ele>910.57</ele>
      </trkpt>
      <trkpt lat="45.939715998" lon="6.422609999">
        <ele>909.56</ele>
      </trkpt>
      <trkpt lat="45.939686001" lon="6.422554003">
        <ele>908.89</ele>
      </trkpt>
      <trkpt lat="45.939552003" lon="6.422298002">
        <ele>908.63</ele>
      </trkpt>
      <trkpt lat="45.939500002" lon="6.422198007">
        <ele>907.58</ele>
      </trkpt>
      <trkpt lat="45.939403996" lon="6.422017">
        <ele>907.17</ele>
      </trkpt>
      <trkpt lat="45.939282003" lon="6.421785997">
        <ele>906.75</ele>
      </trkpt>
      <trkpt lat="45.939108002" lon="6.421457002">
        <ele>906.8</ele>
      </trkpt>
      <trkpt lat="45.938980005" lon="6.421239995">
        <ele>906.58</ele>
      </trkpt>
      <trkpt lat="45.938849998" lon="6.421006004">
        <ele>906.99</ele>
      </trkpt>
      <trkpt lat="45.938654004" lon="6.420636996">
        <ele>906.89</ele>
      </trkpt>
      <trkpt lat="45.938518003" lon="6.420380002">
        <ele>906.06</ele>
      </trkpt>
      <trkpt lat="45.938380996" lon="6.420122004">
        <ele>905.79</ele>
      </trkpt>
      <trkpt lat="45.938190001" lon="6.419758996">
        <ele>905.8</ele>
      </trkpt>
      <trkpt lat="45.938064003" lon="6.419533">
        <ele>904.9</ele>
      </trkpt>
      <trkpt lat="45.937952997" lon="6.419374002">
        <ele>903.62</ele>
      </trkpt>
      <trkpt lat="45.937747001" lon="6.419090009">
        <ele>903.14</ele>
      </trkpt>
      <trkpt lat="45.937589006" lon="6.418847004">
        <ele>902.06</ele>
      </trkpt>
      <trkpt lat="45.937522004" lon="6.418727004">
        <ele>900.74</ele>
      </trkpt>
      <trkpt lat="45.937520959" lon="6.418725195">
        <ele>900.59</ele>
      </trkpt>
      <trkpt lat="45.937511005" lon="6.418708002">
        <ele>900.67</ele>
      </trkpt>
      <trkpt lat="45.937495004" lon="6.418674997">
        <ele>900.67</ele>
      </trkpt>
      <trkpt lat="45.937447999" lon="6.418576003">
        <ele>900.78</ele>
      </trkpt>
      <trkpt lat="45.937335996" lon="6.418304995">
        <ele>901.21</ele>
      </trkpt>
      <trkpt lat="45.937242001" lon="6.418071006">
        <ele>901.28</ele>
      </trkpt>
      <trkpt lat="45.937113" lon="6.417808001">
        <ele>901.34</ele>
      </trkpt>
      <trkpt lat="45.936952997" lon="6.417512004">
        <ele>901.26</ele>
      </trkpt>
      <trkpt lat="45.936769996" lon="6.417214995">
        <ele>900.36</ele>
      </trkpt>
      <trkpt lat="45.936595998" lon="6.416932007">
        <ele>899.34</ele>
      </trkpt>
      <trkpt lat="45.936467995" lon="6.416743001">
        <ele>898.81</ele>
      </trkpt>
      <trkpt lat="45.936370998" lon="6.416638997">
        <ele>897.58</ele>
      </trkpt>
      <trkpt lat="45.936329994" lon="6.416594004">
        <ele>896.32</ele>
      </trkpt>
      <trkpt lat="45.936119996" lon="6.416388001">
        <ele>895.23</ele>
      </trkpt>
      <trkpt lat="45.935916005" lon="6.416183005">
        <ele>893.78</ele>
      </trkpt>
      <trkpt lat="45.935678996" lon="6.415936008">
        <ele>892.16</ele>
      </trkpt>
      <trkpt lat="45.935512001" lon="6.415777994">
        <ele>890.81</ele>
      </trkpt>
      <trkpt lat="45.935374997" lon="6.415684003">
        <ele>890.29</ele>
      </trkpt>
      <trkpt lat="45.935233996" lon="6.415623003">
        <ele>890.2</ele>
      </trkpt>
      <trkpt lat="45.935089994" lon="6.415593001">
        <ele>889.48</ele>
      </trkpt>
      <trkpt lat="45.934985001" lon="6.415589007">
        <ele>889.07</ele>
      </trkpt>
      <trkpt lat="45.934789995" lon="6.415580993">
        <ele>889.15</ele>
      </trkpt>
      <trkpt lat="45.934655005" lon="6.415580008">
        <ele>888.25</ele>
      </trkpt>
      <trkpt lat="45.934618994" lon="6.415581003">
        <ele>887.39</ele>
      </trkpt>
      <trkpt lat="45.934433995" lon="6.415578002">
        <ele>887.48</ele>
      </trkpt>
      <trkpt lat="45.934293002" lon="6.415577006">
        <ele>887.63</ele>
      </trkpt>
      <trkpt lat="45.934235999" lon="6.415578004">
        <ele>888.05</ele>
      </trkpt>
      <trkpt lat="45.934139005" lon="6.415544008">
        <ele>889.05</ele>
      </trkpt>
      <trkpt lat="45.933996994" lon="6.415502995">
        <ele>890.34</ele>
      </trkpt>
      <trkpt lat="45.933939003" lon="6.415479995">
        <ele>891.75</ele>
      </trkpt>
      <trkpt lat="45.933893001" lon="6.415462003">
        <ele>893.34</ele>
      </trkpt>
      <trkpt lat="45.933808996" lon="6.415430995">
        <ele>894.64</ele>
      </trkpt>
      <trkpt lat="45.933633001" lon="6.415334009">
        <ele>896.06</ele>
      </trkpt>
      <trkpt lat="45.933402001" lon="6.415136006">
        <ele>897.41</ele>
      </trkpt>
      <trkpt lat="45.933187998" lon="6.414906998">
        <ele>898.54</ele>
      </trkpt>
      <trkpt lat="45.933015002" lon="6.414705001">
        <ele>899.3</ele>
      </trkpt>
      <trkpt lat="45.932761998" lon="6.414378997">
        <ele>900.9</ele>
      </trkpt>
      <trkpt lat="45.932497002" lon="6.414027993">
        <ele>902.03</ele>
      </trkpt>
      <trkpt lat="45.932276999" lon="6.413745997">
        <ele>903.28</ele>
      </trkpt>
      <trkpt lat="45.932127997" lon="6.413569003">
        <ele>905</ele>
      </trkpt>
      <trkpt lat="45.932002" lon="6.413451009">
        <ele>907.8</ele>
      </trkpt>
      <trkpt lat="45.931779004" lon="6.413277994">
        <ele>910.59</ele>
      </trkpt>
      <trkpt lat="45.931433999" lon="6.413026">
        <ele>913.06</ele>
      </trkpt>
      <trkpt lat="45.931159995" lon="6.412827003">
        <ele>916.62</ele>
      </trkpt>
      <trkpt lat="45.930899002" lon="6.412644005">
        <ele>920.28</ele>
      </trkpt>
      <trkpt lat="45.930538006" lon="6.412415002">
        <ele>922.19</ele>
      </trkpt>
      <trkpt lat="45.930217995" lon="6.412216997">
        <ele>924.37</ele>
      </trkpt>
      <trkpt lat="45.930014004" lon="6.412110995">
        <ele>925.71</ele>
      </trkpt>
      <trkpt lat="45.929902005" lon="6.412102001">
        <ele>926.74</ele>
      </trkpt>
      <trkpt lat="45.929755995" lon="6.412077002">
        <ele>925.91</ele>
      </trkpt>
      <trkpt lat="45.929626998" lon="6.412087996">
        <ele>926.48</ele>
      </trkpt>
      <trkpt lat="45.929496996" lon="6.412123005">
        <ele>925.01</ele>
      </trkpt>
      <trkpt lat="45.929387996" lon="6.412164003">
        <ele>925.88</ele>
      </trkpt>
      <trkpt lat="45.929248" lon="6.412213001">
        <ele>925.32</ele>
      </trkpt>
      <trkpt lat="45.929121004" lon="6.412224003">
        <ele>926.17</ele>
      </trkpt>
      <trkpt lat="45.928881001" lon="6.412190996">
        <ele>927.57</ele>
      </trkpt>
      <trkpt lat="45.928574" lon="6.412169997">
        <ele>928.88</ele>
      </trkpt>
      <trkpt lat="45.928236006" lon="6.412147995">
        <ele>931.64</ele>
      </trkpt>
      <trkpt lat="45.927902998" lon="6.412128007">
        <ele>934.84</ele>
      </trkpt>
      <trkpt lat="45.927645998" lon="6.412105999">
        <ele>937.83</ele>
      </trkpt>
      <trkpt lat="45.927424001" lon="6.412070997">
        <ele>939.81</ele>
      </trkpt>
      <trkpt lat="45.927196997" lon="6.411997001">
        <ele>942.59</ele>
      </trkpt>
      <trkpt lat="45.926929" lon="6.411882997">
        <ele>943.44</ele>
      </trkpt>
      <trkpt lat="45.926594996" lon="6.411738001">
        <ele>944.91</ele>
      </trkpt>
      <trkpt lat="45.926341002" lon="6.411607998">
        <ele>946.09</ele>
      </trkpt>
      <trkpt lat="45.926219005" lon="6.411518993">
        <ele>947.61</ele>
      </trkpt>
      <trkpt lat="45.926117995" lon="6.411406">
        <ele>949.61</ele>
      </trkpt>
      <trkpt lat="45.926019" lon="6.411245007">
        <ele>950.23</ele>
      </trkpt>
      <trkpt lat="45.925888002" lon="6.410958998">
        <ele>950.61</ele>
      </trkpt>
      <trkpt lat="45.925748003" lon="6.410636991">
        <ele>951.27</ele>
      </trkpt>
      <trkpt lat="45.925633998" lon="6.410407006">
        <ele>951.1</ele>
      </trkpt>
      <trkpt lat="45.925537995" lon="6.410242999">
        <ele>950.67</ele>
      </trkpt>
      <trkpt lat="45.925353004" lon="6.409939999">
        <ele>951.15</ele>
      </trkpt>
      <trkpt lat="45.925236995" lon="6.409763002">
        <ele>951.19</ele>
      </trkpt>
      <trkpt lat="45.925203996" lon="6.409713998">
        <ele>951.56</ele>
      </trkpt>
      <trkpt lat="45.925187997" lon="6.409690999">
        <ele>951.89</ele>
      </trkpt>
      <trkpt lat="45.925077" lon="6.409556999">
        <ele>952.19</ele>
      </trkpt>
      <trkpt lat="45.924947" lon="6.409455997">
        <ele>952.76</ele>
      </trkpt>
      <trkpt lat="45.924933004" lon="6.409443998">
        <ele>953.37</ele>
      </trkpt>
      <trkpt lat="45.924781001" lon="6.409381001">
        <ele>953.98</ele>
      </trkpt>
      <trkpt lat="45.924617999" lon="6.409368004">
        <ele>954.69</ele>
      </trkpt>
      <trkpt lat="45.924470002" lon="6.409405001">
        <ele>956.08</ele>
      </trkpt>
      <trkpt lat="45.924320996" lon="6.409496994">
        <ele>956.93</ele>
      </trkpt>
      <trkpt lat="45.924111003" lon="6.409665002">
        <ele>957.92</ele>
      </trkpt>
      <trkpt lat="45.924039001" lon="6.409723997">
        <ele>958.77</ele>
      </trkpt>
      <trkpt lat="45.923911995" lon="6.409827993">
        <ele>959.43</ele>
      </trkpt>
      <trkpt lat="45.923765001" lon="6.409921994">
        <ele>959.97</ele>
      </trkpt>
      <trkpt lat="45.923585002" lon="6.410026995">
        <ele>961.19</ele>
      </trkpt>
      <trkpt lat="45.923342997" lon="6.410138992">
        <ele>962.21</ele>
      </trkpt>
      <trkpt lat="45.923131996" lon="6.410234001">
        <ele>962.29</ele>
      </trkpt>
      <trkpt lat="45.923106997" lon="6.410246995">
        <ele>962.6</ele>
      </trkpt>
      <trkpt lat="45.922860002" lon="6.410374993">
        <ele>962.45</ele>
      </trkpt>
      <trkpt lat="45.922773998" lon="6.410440997">
        <ele>961.86</ele>
      </trkpt>
      <trkpt lat="45.922703997" lon="6.410499997">
        <ele>961.35</ele>
      </trkpt>
      <trkpt lat="45.922659" lon="6.410538009">
        <ele>961.95</ele>
      </trkpt>
      <trkpt lat="45.922636004" lon="6.410590996">
        <ele>962.45</ele>
      </trkpt>
      <trkpt lat="45.922644" lon="6.410659992">
        <ele>963.29</ele>
      </trkpt>
      <trkpt lat="45.922647998" lon="6.410814005">
        <ele>963.85</ele>
      </trkpt>
      <trkpt lat="45.922660998" lon="6.411046996">
        <ele>964.8</ele>
      </trkpt>
      <trkpt lat="45.922707004" lon="6.411273998">
        <ele>965.21</ele>
      </trkpt>
      <trkpt lat="45.922778001" lon="6.411470003">
        <ele>965.56</ele>
      </trkpt>
      <trkpt lat="45.922844" lon="6.411586995">
        <ele>965.92</ele>
      </trkpt>
      <trkpt lat="45.922872002" lon="6.411633996">
        <ele>966.74</ele>
      </trkpt>
      <trkpt lat="45.923021003" lon="6.411786003">
        <ele>967.35</ele>
      </trkpt>
      <trkpt lat="45.923138996" lon="6.411924">
        <ele>968.4</ele>
      </trkpt>
      <trkpt lat="45.923252006" lon="6.412082005">
        <ele>969.59</ele>
      </trkpt>
      <trkpt lat="45.923333994" lon="6.412265004">
        <ele>970.63</ele>
      </trkpt>
      <trkpt lat="45.923389996" lon="6.412522993">
        <ele>971.52</ele>
      </trkpt>
      <trkpt lat="45.923401002" lon="6.412780997">
        <ele>972.21</ele>
      </trkpt>
      <trkpt lat="45.923376999" lon="6.412999003">
        <ele>972.5</ele>
      </trkpt>
      <trkpt lat="45.923293996" lon="6.413253996">
        <ele>972.73</ele>
      </trkpt>
      <trkpt lat="45.923167002" lon="6.413516">
        <ele>972.72</ele>
      </trkpt>
      <trkpt lat="45.923138999" lon="6.413573002">
        <ele>973.81</ele>
      </trkpt>
      <trkpt lat="45.923097002" lon="6.413657008">
        <ele>974.2</ele>
      </trkpt>
      <trkpt lat="45.922955999" lon="6.413934001">
        <ele>975.23</ele>
      </trkpt>
      <trkpt lat="45.922826005" lon="6.414123995">
        <ele>977.96</ele>
      </trkpt>
      <trkpt lat="45.922679" lon="6.41428">
        <ele>978.28</ele>
      </trkpt>
      <trkpt lat="45.922486998" lon="6.414420003">
        <ele>981.53</ele>
      </trkpt>
      <trkpt lat="45.922313003" lon="6.414545998">
        <ele>982.19</ele>
      </trkpt>
      <trkpt lat="45.922121002" lon="6.414767996">
        <ele>983.3</ele>
      </trkpt>
      <trkpt lat="45.921858996" lon="6.415129005">
        <ele>983.23</ele>
      </trkpt>
      <trkpt lat="45.921713998" lon="6.41532">
        <ele>986.02</ele>
      </trkpt>
      <trkpt lat="45.921639995" lon="6.415377996">
        <ele>983.7</ele>
      </trkpt>
      <trkpt lat="45.921561996" lon="6.415416991">
        <ele>984.75</ele>
      </trkpt>
      <trkpt lat="45.921463001" lon="6.415423005">
        <ele>985.22</ele>
      </trkpt>
      <trkpt lat="45.921436001" lon="6.415419006">
        <ele>985.47</ele>
      </trkpt>
      <trkpt lat="45.921357001" lon="6.415407004">
        <ele>985.12</ele>
      </trkpt>
      <trkpt lat="45.921272999" lon="6.415351995">
        <ele>986.08</ele>
      </trkpt>
      <trkpt lat="45.921127999" lon="6.415213005">
        <ele>986.83</ele>
      </trkpt>
      <trkpt lat="45.920966999" lon="6.415012001">
        <ele>987.23</ele>
      </trkpt>
      <trkpt lat="45.920814003" lon="6.414839002">
        <ele>986.04</ele>
      </trkpt>
      <trkpt lat="45.920703001" lon="6.414763001">
        <ele>985.62</ele>
      </trkpt>
      <trkpt lat="45.920583997" lon="6.414725997">
        <ele>985.35</ele>
      </trkpt>
      <trkpt lat="45.920480002" lon="6.414739993">
        <ele>985.43</ele>
      </trkpt>
      <trkpt lat="45.920382003" lon="6.414779001">
        <ele>985.87</ele>
      </trkpt>
      <trkpt lat="45.920302005" lon="6.414843004">
        <ele>987.65</ele>
      </trkpt>
      <trkpt lat="45.920148002" lon="6.415">
        <ele>989.78</ele>
      </trkpt>
      <trkpt lat="45.919989002" lon="6.415158003">
        <ele>990.79</ele>
      </trkpt>
      <trkpt lat="45.919897002" lon="6.415223999">
        <ele>991.85</ele>
      </trkpt>
      <trkpt lat="45.919759006" lon="6.415307004">
        <ele>992.9</ele>
      </trkpt>
      <trkpt lat="45.919706998" lon="6.415329995">
        <ele>991.07</ele>
      </trkpt>
      <trkpt lat="45.919650997" lon="6.415356006">
        <ele>988.84</ele>
      </trkpt>
      <trkpt lat="45.919463001" lon="6.415454003">
        <ele>987.59</ele>
      </trkpt>
      <trkpt lat="45.919364001" lon="6.415529999">
        <ele>985.92</ele>
      </trkpt>
      <trkpt lat="45.919272999" lon="6.415622">
        <ele>983.5</ele>
      </trkpt>
      <trkpt lat="45.919210997" lon="6.415707004">
        <ele>983.27</ele>
      </trkpt>
      <trkpt lat="45.919130997" lon="6.415857">
        <ele>982.44</ele>
      </trkpt>
      <trkpt lat="45.918995003" lon="6.416141007">
        <ele>986.08</ele>
      </trkpt>
      <trkpt lat="45.918860002" lon="6.416418992">
        <ele>985.1</ele>
      </trkpt>
      <trkpt lat="45.918756998" lon="6.416603008">
        <ele>990.45</ele>
      </trkpt>
      <trkpt lat="45.918622997" lon="6.416792992">
        <ele>991.17</ele>
      </trkpt>
      <trkpt lat="45.918534999" lon="6.416895003">
        <ele>992.42</ele>
      </trkpt>
      <trkpt lat="45.918374006" lon="6.417064004">
        <ele>988.68</ele>
      </trkpt>
      <trkpt lat="45.918233998" lon="6.417251998">
        <ele>989.33</ele>
      </trkpt>
      <trkpt lat="45.918082996" lon="6.417507004">
        <ele>986.93</ele>
      </trkpt>
      <trkpt lat="45.917876003" lon="6.417905998">
        <ele>989.86</ele>
      </trkpt>
      <trkpt lat="45.917640996" lon="6.418358005">
        <ele>992.27</ele>
      </trkpt>
      <trkpt lat="45.917458002" lon="6.418694998">
        <ele>994.92</ele>
      </trkpt>
      <trkpt lat="45.917304004" lon="6.418939002">
        <ele>999.84</ele>
      </trkpt>
      <trkpt lat="45.917092004" lon="6.419225002">
        <ele>999.96</ele>
      </trkpt>
      <trkpt lat="45.916848997" lon="6.419527994">
        <ele>1000.82</ele>
      </trkpt>
      <trkpt lat="45.916712001" lon="6.419658">
        <ele>1002.57</ele>
      </trkpt>
      <trkpt lat="45.916603001" lon="6.419723007">
        <ele>1004.05</ele>
      </trkpt>
      <trkpt lat="45.916444998" lon="6.419773">
        <ele>1003.75</ele>
      </trkpt>
      <trkpt lat="45.916300996" lon="6.419765996">
        <ele>1005.87</ele>
      </trkpt>
      <trkpt lat="45.916185001" lon="6.419727001">
        <ele>1007.75</ele>
      </trkpt>
      <trkpt lat="45.916063002" lon="6.419641003">
        <ele>1009.59</ele>
      </trkpt>
      <trkpt lat="45.915956001" lon="6.419535003">
        <ele>1012.33</ele>
      </trkpt>
      <trkpt lat="45.915761996" lon="6.419299001">
        <ele>1015.39</ele>
      </trkpt>
      <trkpt lat="45.915596001" lon="6.419080998">
        <ele>1017.51</ele>
      </trkpt>
      <trkpt lat="45.915429005" lon="6.418862998">
        <ele>1019.15</ele>
      </trkpt>
      <trkpt lat="45.915241004" lon="6.418617998">
        <ele>1019.73</ele>
      </trkpt>
      <trkpt lat="45.915101001" lon="6.418467999">
        <ele>1019.55</ele>
      </trkpt>
      <trkpt lat="45.915016996" lon="6.418405993">
        <ele>1019.02</ele>
      </trkpt>
      <trkpt lat="45.914969001" lon="6.418371996">
        <ele>1018.97</ele>
      </trkpt>
      <trkpt lat="45.914838003" lon="6.418326005">
        <ele>1018.77</ele>
      </trkpt>
      <trkpt lat="45.914652996" lon="6.418303005">
        <ele>1018.8</ele>
      </trkpt>
      <trkpt lat="45.914438001" lon="6.418314004">
        <ele>1019.58</ele>
      </trkpt>
      <trkpt lat="45.914264" lon="6.418316002">
        <ele>1020.34</ele>
      </trkpt>
      <trkpt lat="45.914061002" lon="6.418278999">
        <ele>1021.22</ele>
      </trkpt>
      <trkpt lat="45.913915001" lon="6.418243002">
        <ele>1022.22</ele>
      </trkpt>
      <trkpt lat="45.913868996" lon="6.418231999">
        <ele>1023.1</ele>
      </trkpt>
      <trkpt lat="45.913853001" lon="6.418227998">
        <ele>1023.95</ele>
      </trkpt>
      <trkpt lat="45.913646994" lon="6.418167991">
        <ele>1023.77</ele>
      </trkpt>
      <trkpt lat="45.913473" lon="6.418150995">
        <ele>1022.6</ele>
      </trkpt>
      <trkpt lat="45.913305005" lon="6.418185998">
        <ele>1020.05</ele>
      </trkpt>
      <trkpt lat="45.913110999" lon="6.418245999">
        <ele>1018.09</ele>
      </trkpt>
      <trkpt lat="45.912875003" lon="6.418335999">
        <ele>1013.07</ele>
      </trkpt>
      <trkpt lat="45.912723999" lon="6.418413001">
        <ele>1012.35</ele>
      </trkpt>
      <trkpt lat="45.912632004" lon="6.418498998">
        <ele>1012.88</ele>
      </trkpt>
      <trkpt lat="45.912515" lon="6.418643009">
        <ele>1014.9</ele>
      </trkpt>
      <trkpt lat="45.912388004" lon="6.418862002">
        <ele>1016.75</ele>
      </trkpt>
      <trkpt lat="45.912295" lon="6.419020994">
        <ele>1021.57</ele>
      </trkpt>
      <trkpt lat="45.912207001" lon="6.419103002">
        <ele>1021.31</ele>
      </trkpt>
      <trkpt lat="45.912093002" lon="6.419166997">
        <ele>1021.45</ele>
      </trkpt>
      <trkpt lat="45.911968999" lon="6.419197005">
        <ele>1019.28</ele>
      </trkpt>
      <trkpt lat="45.911837997" lon="6.419219992">
        <ele>1017.96</ele>
      </trkpt>
      <trkpt lat="45.911730998" lon="6.419256995">
        <ele>1017.12</ele>
      </trkpt>
      <trkpt lat="45.911584994" lon="6.419343006">
        <ele>1018.46</ele>
      </trkpt>
      <trkpt lat="45.911428004" lon="6.419481999">
        <ele>1019.59</ele>
      </trkpt>
      <trkpt lat="45.911363999" lon="6.419527003">
        <ele>1021.27</ele>
      </trkpt>
      <trkpt lat="45.911292005" lon="6.419578999">
        <ele>1021.95</ele>
      </trkpt>
      <trkpt lat="45.911188999" lon="6.419627005">
        <ele>1022.78</ele>
      </trkpt>
      <trkpt lat="45.911171996" lon="6.419630998">
        <ele>1022.33</ele>
      </trkpt>
      <trkpt lat="45.91106" lon="6.419655009">
        <ele>1023.11</ele>
      </trkpt>
      <trkpt lat="45.910897998" lon="6.419650995">
        <ele>1025.62</ele>
      </trkpt>
      <trkpt lat="45.910720998" lon="6.419609999">
        <ele>1028.45</ele>
      </trkpt>
      <trkpt lat="45.910517999" lon="6.419536994">
        <ele>1030.21</ele>
      </trkpt>
      <trkpt lat="45.910473002" lon="6.419518008">
        <ele>1032.63</ele>
      </trkpt>
      <trkpt lat="45.910300004" lon="6.419448997">
        <ele>1034.43</ele>
      </trkpt>
      <trkpt lat="45.910101005" lon="6.419339997">
        <ele>1037.33</ele>
      </trkpt>
      <trkpt lat="45.909886003" lon="6.419192998">
        <ele>1040.73</ele>
      </trkpt>
      <trkpt lat="45.909681998" lon="6.419050996">
        <ele>1042.95</ele>
      </trkpt>
      <trkpt lat="45.909517" lon="6.418960998">
        <ele>1043.79</ele>
      </trkpt>
      <trkpt lat="45.909402" lon="6.418921">
        <ele>1043.51</ele>
      </trkpt>
      <trkpt lat="45.909268848" lon="6.418907493">
        <ele>1044.39</ele>
      </trkpt>
      <trkpt lat="45.909263996" lon="6.418906999">
        <ele>1046.91</ele>
      </trkpt>
      <trkpt lat="45.909146006" lon="6.418917003">
        <ele>1049.63</ele>
      </trkpt>
      <trkpt lat="45.908994" lon="6.418954995">
        <ele>1055.49</ele>
      </trkpt>
      <trkpt lat="45.908740002" lon="6.419003002">
        <ele>1061.47</ele>
      </trkpt>
      <trkpt lat="45.908511004" lon="6.419026995">
        <ele>1063.49</ele>
      </trkpt>
      <trkpt lat="45.908482004" lon="6.419027997">
        <ele>1060.53</ele>
      </trkpt>
      <trkpt lat="45.908242998" lon="6.419038999">
        <ele>1059.47</ele>
      </trkpt>
      <trkpt lat="45.908075994" lon="6.419057001">
        <ele>1053.95</ele>
      </trkpt>
      <trkpt lat="45.907942005" lon="6.419098007">
        <ele>1048.85</ele>
      </trkpt>
      <trkpt lat="45.907827003" lon="6.419146001">
        <ele>1046.04</ele>
      </trkpt>
      <trkpt lat="45.907701001" lon="6.419240001">
        <ele>1046.62</ele>
      </trkpt>
      <trkpt lat="45.907594" lon="6.419359002">
        <ele>1042.93</ele>
      </trkpt>
      <trkpt lat="45.907466001" lon="6.419536001">
        <ele>1045.76</ele>
      </trkpt>
      <trkpt lat="45.907303002" lon="6.419743996">
        <ele>1044.15</ele>
      </trkpt>
      <trkpt lat="45.907140001" lon="6.419943998">
        <ele>1046.13</ele>
      </trkpt>
      <trkpt lat="45.907032998" lon="6.420096992">
        <ele>1047.06</ele>
      </trkpt>
      <trkpt lat="45.906953006" lon="6.420245">
        <ele>1050.24</ele>
      </trkpt>
      <trkpt lat="45.906934996" lon="6.420279">
        <ele>1049.2</ele>
      </trkpt>
      <trkpt lat="45.906834995" lon="6.420536002">
        <ele>1051.71</ele>
      </trkpt>
      <trkpt lat="45.906763" lon="6.420657999">
        <ele>1049.52</ele>
      </trkpt>
      <trkpt lat="45.906680003" lon="6.420750997">
        <ele>1045.42</ele>
      </trkpt>
      <trkpt lat="45.906548" lon="6.420869008">
        <ele>1043.94</ele>
      </trkpt>
      <trkpt lat="45.906510004" lon="6.420904001">
        <ele>1042.3</ele>
      </trkpt>
      <trkpt lat="45.906382999" lon="6.421068002">
        <ele>1039.11</ele>
      </trkpt>
      <trkpt lat="45.906287998" lon="6.421232995">
        <ele>1036.07</ele>
      </trkpt>
      <trkpt lat="45.906198004" lon="6.421493997">
        <ele>1034.77</ele>
      </trkpt>
      <trkpt lat="45.906103001" lon="6.421743002">
        <ele>1031.83</ele>
      </trkpt>
      <trkpt lat="45.906075" lon="6.421808995">
        <ele>1031.16</ele>
      </trkpt>
      <trkpt lat="45.906089998" lon="6.421837001">
        <ele>1032.07</ele>
      </trkpt>
      <trkpt lat="45.906095003" lon="6.421878008">
        <ele>1033.11</ele>
      </trkpt>
      <trkpt lat="45.906086998" lon="6.421922997">
        <ele>1034.3</ele>
      </trkpt>
      <trkpt lat="45.906068003" lon="6.421952003">
        <ele>1034.56</ele>
      </trkpt>
      <trkpt lat="45.906037998" lon="6.421962999">
        <ele>1034.25</ele>
      </trkpt>
      <trkpt lat="45.906032004" lon="6.422122002">
        <ele>1033.62</ele>
      </trkpt>
      <trkpt lat="45.906010999" lon="6.422385002">
        <ele>1034.38</ele>
      </trkpt>
      <trkpt lat="45.906006006" lon="6.422473998">
        <ele>1033.26</ele>
      </trkpt>
      <trkpt lat="45.905992" lon="6.422766005">
        <ele>1033.88</ele>
      </trkpt>
      <trkpt lat="45.905957997" lon="6.423289996">
        <ele>1034.45</ele>
      </trkpt>
      <trkpt lat="45.905930003" lon="6.423656005">
        <ele>1035.16</ele>
      </trkpt>
      <trkpt lat="45.905902997" lon="6.424105998">
        <ele>1035.56</ele>
      </trkpt>
      <trkpt lat="45.905888999" lon="6.424361001">
        <ele>1038.55</ele>
      </trkpt>
      <trkpt lat="45.905880998" lon="6.424492998">
        <ele>1041.03</ele>
      </trkpt>
      <trkpt lat="45.905878004" lon="6.424845002">
        <ele>1042.1</ele>
      </trkpt>
      <trkpt lat="45.905882995" lon="6.425316001">
        <ele>1044.19</ele>
      </trkpt>
      <trkpt lat="45.905886995" lon="6.425590005">
        <ele>1044.96</ele>
      </trkpt>
      <trkpt lat="45.905889002" lon="6.425817005">
        <ele>1045.78</ele>
      </trkpt>
      <trkpt lat="45.905899006" lon="6.425983006">
        <ele>1045.82</ele>
      </trkpt>
      <trkpt lat="45.905911" lon="6.426162998">
        <ele>1047.65</ele>
      </trkpt>
      <trkpt lat="45.905948" lon="6.426433">
        <ele>1049.16</ele>
      </trkpt>
      <trkpt lat="45.906010996" lon="6.426741002">
        <ele>1051.03</ele>
      </trkpt>
      <trkpt lat="45.906052995" lon="6.426879996">
        <ele>1052.21</ele>
      </trkpt>
      <trkpt lat="45.906081002" lon="6.427000005">
        <ele>1053.94</ele>
      </trkpt>
      <trkpt lat="45.906052999" lon="6.427005003">
        <ele>1054.41</ele>
      </trkpt>
      <trkpt lat="45.906030996" lon="6.427021994">
        <ele>1054.66</ele>
      </trkpt>
      <trkpt lat="45.906012003" lon="6.427049991">
        <ele>1054.93</ele>
      </trkpt>
      <trkpt lat="45.905996001" lon="6.427105999">
        <ele>1055.17</ele>
      </trkpt>
      <trkpt lat="45.905994" lon="6.427161005">
        <ele>1055.33</ele>
      </trkpt>
      <trkpt lat="45.906005996" lon="6.427219">
        <ele>1055.79</ele>
      </trkpt>
      <trkpt lat="45.906032004" lon="6.427267008">
        <ele>1056.28</ele>
      </trkpt>
      <trkpt lat="45.906065001" lon="6.427294999">
        <ele>1056.88</ele>
      </trkpt>
      <trkpt lat="45.906051996" lon="6.427366002">
        <ele>1058.29</ele>
      </trkpt>
      <trkpt lat="45.906044995" lon="6.427530004">
        <ele>1060.09</ele>
      </trkpt>
      <trkpt lat="45.905990999" lon="6.428003997">
        <ele>1061.61</ele>
      </trkpt>
      <trkpt lat="45.905927003" lon="6.428420997">
        <ele>1063.09</ele>
      </trkpt>
      <trkpt lat="45.905875" lon="6.428759004">
        <ele>1064.71</ele>
      </trkpt>
      <trkpt lat="45.905858997" lon="6.428962998">
        <ele>1065.39</ele>
      </trkpt>
      <trkpt lat="45.905870996" lon="6.429203002">
        <ele>1066.17</ele>
      </trkpt>
      <trkpt lat="45.905896002" lon="6.429377001">
        <ele>1067.05</ele>
      </trkpt>
      <trkpt lat="45.905909999" lon="6.429464997">
        <ele>1067.63</ele>
      </trkpt>
      <trkpt lat="45.905953" lon="6.429732999">
        <ele>1068.06</ele>
      </trkpt>
      <trkpt lat="45.905993" lon="6.429940997">
        <ele>1068.76</ele>
      </trkpt>
      <trkpt lat="45.905994999" lon="6.43013">
        <ele>1069.11</ele>
      </trkpt>
      <trkpt lat="45.905988002" lon="6.430327002">
        <ele>1069.45</ele>
      </trkpt>
      <trkpt lat="45.905971001" lon="6.430333006">
        <ele>1070.07</ele>
      </trkpt>
      <trkpt lat="45.905936994" lon="6.430370991">
        <ele>1070.92</ele>
      </trkpt>
      <trkpt lat="45.905931003" lon="6.430389003">
        <ele>1071.91</ele>
      </trkpt>
      <trkpt lat="45.905819999" lon="6.430430999">
        <ele>1073.21</ele>
      </trkpt>
      <trkpt lat="45.905733005" lon="6.430449003">
        <ele>1074.7</ele>
      </trkpt>
      <trkpt lat="45.905649001" lon="6.430427">
        <ele>1076.4</ele>
      </trkpt>
      <trkpt lat="45.905517999" lon="6.430359">
        <ele>1077.91</ele>
      </trkpt>
      <trkpt lat="45.905377999" lon="6.430232004">
        <ele>1079.28</ele>
      </trkpt>
      <trkpt lat="45.905257" lon="6.430080008">
        <ele>1079.98</ele>
      </trkpt>
      <trkpt lat="45.905112998" lon="6.429841007">
        <ele>1081.7</ele>
      </trkpt>
      <trkpt lat="45.904917998" lon="6.429404999">
        <ele>1084.55</ele>
      </trkpt>
      <trkpt lat="45.904762999" lon="6.429031999">
        <ele>1088.07</ele>
      </trkpt>
      <trkpt lat="45.904691002" lon="6.428837004">
        <ele>1090.15</ele>
      </trkpt>
      <trkpt lat="45.904581" lon="6.428479007">
        <ele>1092.57</ele>
      </trkpt>
      <trkpt lat="45.904476004" lon="6.428158004">
        <ele>1095.03</ele>
      </trkpt>
      <trkpt lat="45.904362003" lon="6.427880996">
        <ele>1095.8</ele>
      </trkpt>
      <trkpt lat="45.904220004" lon="6.427540999">
        <ele>1095.96</ele>
      </trkpt>
      <trkpt lat="45.904103004" lon="6.427270999">
        <ele>1097.2</ele>
      </trkpt>
      <trkpt lat="45.903996997" lon="6.427073003">
        <ele>1098.65</ele>
      </trkpt>
      <trkpt lat="45.903905" lon="6.426932001">
        <ele>1098.74</ele>
      </trkpt>
      <trkpt lat="45.903856002" lon="6.426857996">
        <ele>1099.2</ele>
      </trkpt>
      <trkpt lat="45.903658999" lon="6.426604003">
        <ele>1099.38</ele>
      </trkpt>
      <trkpt lat="45.903489002" lon="6.426426005">
        <ele>1099.37</ele>
      </trkpt>
      <trkpt lat="45.903278002" lon="6.426232005">
        <ele>1099.52</ele>
      </trkpt>
      <trkpt lat="45.903182999" lon="6.426150002">
        <ele>1099.9</ele>
      </trkpt>
      <trkpt lat="45.902953997" lon="6.425950999">
        <ele>1100.43</ele>
      </trkpt>
      <trkpt lat="45.902899998" lon="6.425904004">
        <ele>1100.71</ele>
      </trkpt>
      <trkpt lat="45.902641001" lon="6.425676994">
        <ele>1101.72</ele>
      </trkpt>
      <trkpt lat="45.902475998" lon="6.425551006">
        <ele>1101.97</ele>
      </trkpt>
      <trkpt lat="45.902377001" lon="6.425493997">
        <ele>1102.29</ele>
      </trkpt>
      <trkpt lat="45.902361" lon="6.425488999">
        <ele>1102.49</ele>
      </trkpt>
      <trkpt lat="45.902280004" lon="6.425462003">
        <ele>1103.22</ele>
      </trkpt>
      <trkpt lat="45.902256003" lon="6.425456005">
        <ele>1103.66</ele>
      </trkpt>
      <trkpt lat="45.902194002" lon="6.425435999">
        <ele>1104.98</ele>
      </trkpt>
      <trkpt lat="45.902175998" lon="6.425428993">
        <ele>1106.33</ele>
      </trkpt>
      <trkpt lat="45.901921997" lon="6.425383003">
        <ele>1107.8</ele>
      </trkpt>
      <trkpt lat="45.901621004" lon="6.425336004">
        <ele>1108.55</ele>
      </trkpt>
      <trkpt lat="45.901582998" lon="6.425334996">
        <ele>1110.27</ele>
      </trkpt>
      <trkpt lat="45.901456997" lon="6.425330003">
        <ele>1110.94</ele>
      </trkpt>
      <trkpt lat="45.901296994" lon="6.425342996">
        <ele>1112.38</ele>
      </trkpt>
      <trkpt lat="45.901159994" lon="6.425372008">
        <ele>1113.34</ele>
      </trkpt>
      <trkpt lat="45.901001998" lon="6.425443996">
        <ele>1115.48</ele>
      </trkpt>
      <trkpt lat="45.900861997" lon="6.425495">
        <ele>1117.48</ele>
      </trkpt>
      <trkpt lat="45.900759004" lon="6.425508">
        <ele>1120.12</ele>
      </trkpt>
      <trkpt lat="45.900632998" lon="6.425488005">
        <ele>1121.95</ele>
      </trkpt>
      <trkpt lat="45.900517004" lon="6.425411002">
        <ele>1123.27</ele>
      </trkpt>
      <trkpt lat="45.900387" lon="6.425288009">
        <ele>1124.09</ele>
      </trkpt>
      <trkpt lat="45.900260995" lon="6.425187999">
        <ele>1122.43</ele>
      </trkpt>
      <trkpt lat="45.900171" lon="6.425147999">
        <ele>1120.64</ele>
      </trkpt>
      <trkpt lat="45.900101" lon="6.425154001">
        <ele>1120.27</ele>
      </trkpt>
      <trkpt lat="45.900003999" lon="6.425197996">
        <ele>1120.6</ele>
      </trkpt>
      <trkpt lat="45.899939001" lon="6.425264998">
        <ele>1118.77</ele>
      </trkpt>
      <trkpt lat="45.899882997" lon="6.425371004">
        <ele>1118.48</ele>
      </trkpt>
      <trkpt lat="45.899854" lon="6.425522995">
        <ele>1119.48</ele>
      </trkpt>
      <trkpt lat="45.899851999" lon="6.425566996">
        <ele>1119.15</ele>
      </trkpt>
      <trkpt lat="45.899843001" lon="6.425815995">
        <ele>1118.81</ele>
      </trkpt>
      <trkpt lat="45.899848996" lon="6.426049995">
        <ele>1121.15</ele>
      </trkpt>
      <trkpt lat="45.899849999" lon="6.426096004">
        <ele>1124.98</ele>
      </trkpt>
      <trkpt lat="45.899871994" lon="6.426354004">
        <ele>1127.15</ele>
      </trkpt>
      <trkpt lat="45.899898005" lon="6.426607995">
        <ele>1129.86</ele>
      </trkpt>
      <trkpt lat="45.899901998" lon="6.426759004">
        <ele>1131.64</ele>
      </trkpt>
      <trkpt lat="45.899888004" lon="6.426897998">
        <ele>1132.86</ele>
      </trkpt>
      <trkpt lat="45.899835006" lon="6.427059998">
        <ele>1134.57</ele>
      </trkpt>
      <trkpt lat="45.899758998" lon="6.427204997">
        <ele>1135.34</ele>
      </trkpt>
      <trkpt lat="45.899657999" lon="6.427335002">
        <ele>1135.44</ele>
      </trkpt>
      <trkpt lat="45.899561002" lon="6.427434996">
        <ele>1137.15</ele>
      </trkpt>
      <trkpt lat="45.899518002" lon="6.427455997">
        <ele>1137.39</ele>
      </trkpt>
      <trkpt lat="45.899443005" lon="6.427495999">
        <ele>1135.92</ele>
      </trkpt>
      <trkpt lat="45.899296002" lon="6.427529998">
        <ele>1137.14</ele>
      </trkpt>
      <trkpt lat="45.899273998" lon="6.427536001">
        <ele>1136.69</ele>
      </trkpt>
      <trkpt lat="45.899127001" lon="6.427571007">
        <ele>1136.39</ele>
      </trkpt>
      <trkpt lat="45.899011002" lon="6.427611001">
        <ele>1137.48</ele>
      </trkpt>
      <trkpt lat="45.898893996" lon="6.427674995">
        <ele>1138.92</ele>
      </trkpt>
      <trkpt lat="45.898865997" lon="6.427695006">
        <ele>1139.29</ele>
      </trkpt>
      <trkpt lat="45.898737999" lon="6.427785">
        <ele>1140.11</ele>
      </trkpt>
      <trkpt lat="45.898573994" lon="6.427924005">
        <ele>1140.27</ele>
      </trkpt>
      <trkpt lat="45.898387997" lon="6.428090002">
        <ele>1142.6</ele>
      </trkpt>
      <trkpt lat="45.898357998" lon="6.428117995">
        <ele>1144.54</ele>
      </trkpt>
      <trkpt lat="45.898335005" lon="6.428137">
        <ele>1145.14</ele>
      </trkpt>
      <trkpt lat="45.898319" lon="6.428149998">
        <ele>1145.21</ele>
      </trkpt>
      <trkpt lat="45.898043002" lon="6.428393">
        <ele>1145.36</ele>
      </trkpt>
      <trkpt lat="45.897907" lon="6.428502">
        <ele>1146.04</ele>
      </trkpt>
      <trkpt lat="45.897888999" lon="6.428515996">
        <ele>1145.96</ele>
      </trkpt>
      <trkpt lat="45.897790996" lon="6.428587005">
        <ele>1145.77</ele>
      </trkpt>
      <trkpt lat="45.897563002" lon="6.428729007">
        <ele>1151.43</ele>
      </trkpt>
      <trkpt lat="45.897358001" lon="6.428852003">
        <ele>1155.2</ele>
      </trkpt>
      <trkpt lat="45.897095004" lon="6.429028008">
        <ele>1154.75</ele>
      </trkpt>
      <trkpt lat="45.896924001" lon="6.429140002">
        <ele>1156.92</ele>
      </trkpt>
      <trkpt lat="45.896766003" lon="6.429217008">
        <ele>1159.83</ele>
      </trkpt>
      <trkpt lat="45.896579001" lon="6.429279996">
        <ele>1159.45</ele>
      </trkpt>
      <trkpt lat="45.896391995" lon="6.429314003">
        <ele>1159.98</ele>
      </trkpt>
      <trkpt lat="45.896260995" lon="6.429311001">
        <ele>1162.84</ele>
      </trkpt>
      <trkpt lat="45.896133" lon="6.429274003">
        <ele>1162.44</ele>
      </trkpt>
      <trkpt lat="45.896013999" lon="6.429223997">
        <ele>1163.59</ele>
      </trkpt>
      <trkpt lat="45.895903" lon="6.429210002">
        <ele>1162.19</ele>
      </trkpt>
      <trkpt lat="45.895777" lon="6.429224002">
        <ele>1162.81</ele>
      </trkpt>
      <trkpt lat="45.895631998" lon="6.429265993">
        <ele>1163.49</ele>
      </trkpt>
      <trkpt lat="45.895513997" lon="6.429325">
        <ele>1165.77</ele>
      </trkpt>
      <trkpt lat="45.895415002" lon="6.42941">
        <ele>1167.12</ele>
      </trkpt>
      <trkpt lat="45.895340005" lon="6.429537001">
        <ele>1170.03</ele>
      </trkpt>
      <trkpt lat="45.895280999" lon="6.429638999">
        <ele>1171.91</ele>
      </trkpt>
      <trkpt lat="45.895261004" lon="6.429659002">
        <ele>1172.87</ele>
      </trkpt>
      <trkpt lat="45.895224002" lon="6.429694999">
        <ele>1173.74</ele>
      </trkpt>
      <trkpt lat="45.895206999" lon="6.429699001">
        <ele>1173.73</ele>
      </trkpt>
      <trkpt lat="45.895152" lon="6.429715005">
        <ele>1174.49</ele>
      </trkpt>
      <trkpt lat="45.895070002" lon="6.429705009">
        <ele>1174.48</ele>
      </trkpt>
      <trkpt lat="45.894919002" lon="6.429658007">
        <ele>1174.4</ele>
      </trkpt>
      <trkpt lat="45.894794001" lon="6.429629005">
        <ele>1175.97</ele>
      </trkpt>
      <trkpt lat="45.894574004" lon="6.429619998">
        <ele>1176.56</ele>
      </trkpt>
      <trkpt lat="45.894322996" lon="6.429625996">
        <ele>1177.98</ele>
      </trkpt>
      <trkpt lat="45.894296001" lon="6.429626007">
        <ele>1179.51</ele>
      </trkpt>
      <trkpt lat="45.894068001" lon="6.429624995">
        <ele>1180.88</ele>
      </trkpt>
      <trkpt lat="45.893828999" lon="6.429619994">
        <ele>1179.69</ele>
      </trkpt>
      <trkpt lat="45.893597995" lon="6.429628">
        <ele>1181.13</ele>
      </trkpt>
      <trkpt lat="45.893447002" lon="6.429647">
        <ele>1180.68</ele>
      </trkpt>
      <trkpt lat="45.893252998" lon="6.429692999">
        <ele>1182.85</ele>
      </trkpt>
      <trkpt lat="45.892989996" lon="6.429779998">
        <ele>1185.92</ele>
      </trkpt>
      <trkpt lat="45.892792004" lon="6.429849008">
        <ele>1187.64</ele>
      </trkpt>
      <trkpt lat="45.892737006" lon="6.429862004">
        <ele>1190.42</ele>
      </trkpt>
      <trkpt lat="45.892584996" lon="6.429907995">
        <ele>1191.11</ele>
      </trkpt>
      <trkpt lat="45.892415001" lon="6.429971003">
        <ele>1191.58</ele>
      </trkpt>
      <trkpt lat="45.892276998" lon="6.430044004">
        <ele>1192.53</ele>
      </trkpt>
      <trkpt lat="45.892090999" lon="6.430155">
        <ele>1194.32</ele>
      </trkpt>
      <trkpt lat="45.891931995" lon="6.430246997">
        <ele>1194.64</ele>
      </trkpt>
      <trkpt lat="45.891775999" lon="6.430296005">
        <ele>1197.58</ele>
      </trkpt>
      <trkpt lat="45.891684003" lon="6.430314002">
        <ele>1197.39</ele>
      </trkpt>
      <trkpt lat="45.891631996" lon="6.430321995">
        <ele>1196.56</ele>
      </trkpt>
      <trkpt lat="45.891500001" lon="6.430339">
        <ele>1197.61</ele>
      </trkpt>
      <trkpt lat="45.891394999" lon="6.430361996">
        <ele>1196.86</ele>
      </trkpt>
      <trkpt lat="45.891256002" lon="6.430413997">
        <ele>1197.68</ele>
      </trkpt>
      <trkpt lat="45.891089999" lon="6.430498999">
        <ele>1200.44</ele>
      </trkpt>
      <trkpt lat="45.890804998" lon="6.430679996">
        <ele>1201.43</ele>
      </trkpt>
      <trkpt lat="45.89071" lon="6.430744003">
        <ele>1200.68</ele>
      </trkpt>
      <trkpt lat="45.890476994" lon="6.430896004">
        <ele>1203.26</ele>
      </trkpt>
      <trkpt lat="45.890289005" lon="6.431017002">
        <ele>1202.7</ele>
      </trkpt>
      <trkpt lat="45.890139" lon="6.431132">
        <ele>1200.69</ele>
      </trkpt>
      <trkpt lat="45.890019998" lon="6.431237002">
        <ele>1199.94</ele>
      </trkpt>
      <trkpt lat="45.889840998" lon="6.431433008">
        <ele>1202.47</ele>
      </trkpt>
      <trkpt lat="45.889814004" lon="6.431459995">
        <ele>1201.45</ele>
      </trkpt>
      <trkpt lat="45.889708998" lon="6.431560006">
        <ele>1204.91</ele>
      </trkpt>
      <trkpt lat="45.889503004" lon="6.431765998">
        <ele>1207.44</ele>
      </trkpt>
      <trkpt lat="45.889336001" lon="6.431948007">
        <ele>1210.18</ele>
      </trkpt>
      <trkpt lat="45.889180995" lon="6.432111001">
        <ele>1209.68</ele>
      </trkpt>
      <trkpt lat="45.889091002" lon="6.432203995">
        <ele>1213.15</ele>
      </trkpt>
      <trkpt lat="45.889002999" lon="6.432273002">
        <ele>1212.39</ele>
      </trkpt>
      <trkpt lat="45.888857002" lon="6.432372007">
        <ele>1213.13</ele>
      </trkpt>
      <trkpt lat="45.888609001" lon="6.432509006">
        <ele>1213.96</ele>
      </trkpt>
      <trkpt lat="45.888342" lon="6.432651004">
        <ele>1217.34</ele>
      </trkpt>
      <trkpt lat="45.888284998" lon="6.432680998">
        <ele>1217.52</ele>
      </trkpt>
      <trkpt lat="45.887943001" lon="6.432870002">
        <ele>1217.91</ele>
      </trkpt>
      <trkpt lat="45.887716004" lon="6.432994999">
        <ele>1219.41</ele>
      </trkpt>
      <trkpt lat="45.887489006" lon="6.433119994">
        <ele>1221.42</ele>
      </trkpt>
      <trkpt lat="45.887280999" lon="6.433229006">
        <ele>1220.87</ele>
      </trkpt>
      <trkpt lat="45.887150001" lon="6.433298001">
        <ele>1221.3</ele>
      </trkpt>
      <trkpt lat="45.887075006" lon="6.433326009">
        <ele>1222.79</ele>
      </trkpt>
      <trkpt lat="45.887018001" lon="6.433337998">
        <ele>1223.43</ele>
      </trkpt>
      <trkpt lat="45.886965998" lon="6.433350001">
        <ele>1223.96</ele>
      </trkpt>
      <trkpt lat="45.886949995" lon="6.433353999">
        <ele>1225.06</ele>
      </trkpt>
      <trkpt lat="45.886816998" lon="6.433355006">
        <ele>1226.11</ele>
      </trkpt>
      <trkpt lat="45.886707998" lon="6.433338999">
        <ele>1227.48</ele>
      </trkpt>
      <trkpt lat="45.886654001" lon="6.433333002">
        <ele>1228.26</ele>
      </trkpt>
      <trkpt lat="45.886530997" lon="6.433323997">
        <ele>1228.93</ele>
      </trkpt>
      <trkpt lat="45.886415996" lon="6.433321001">
        <ele>1228.6</ele>
      </trkpt>
      <trkpt lat="45.886300002" lon="6.433337006">
        <ele>1229.01</ele>
      </trkpt>
      <trkpt lat="45.886202003" lon="6.433379004">
        <ele>1230.45</ele>
      </trkpt>
      <trkpt lat="45.886082001" lon="6.433458996">
        <ele>1230.84</ele>
      </trkpt>
      <trkpt lat="45.885869994" lon="6.433648007">
        <ele>1231.18</ele>
      </trkpt>
      <trkpt lat="45.885607001" lon="6.433863008">
        <ele>1233.94</ele>
      </trkpt>
      <trkpt lat="45.885388004" lon="6.434056007">
        <ele>1232.64</ele>
      </trkpt>
      <trkpt lat="45.885230004" lon="6.434186003">
        <ele>1232.78</ele>
      </trkpt>
      <trkpt lat="45.885135002" lon="6.434291">
        <ele>1232.24</ele>
      </trkpt>
      <trkpt lat="45.885015001" lon="6.434469993">
        <ele>1233.87</ele>
      </trkpt>
      <trkpt lat="45.884834001" lon="6.434794999">
        <ele>1234.78</ele>
      </trkpt>
      <trkpt lat="45.884677002" lon="6.435083">
        <ele>1238.79</ele>
      </trkpt>
      <trkpt lat="45.884559997" lon="6.435290003">
        <ele>1239.8</ele>
      </trkpt>
      <trkpt lat="45.884463" lon="6.435449001">
        <ele>1240.46</ele>
      </trkpt>
      <trkpt lat="45.884379998" lon="6.435534003">
        <ele>1241.66</ele>
      </trkpt>
      <trkpt lat="45.884289997" lon="6.435611998">
        <ele>1242.78</ele>
      </trkpt>
      <trkpt lat="45.884184996" lon="6.435720008">
        <ele>1243.77</ele>
      </trkpt>
      <trkpt lat="45.884104002" lon="6.435826996">
        <ele>1244.31</ele>
      </trkpt>
      <trkpt lat="45.884045006" lon="6.435959001">
        <ele>1247.4</ele>
      </trkpt>
      <trkpt lat="45.883987001" lon="6.436101998">
        <ele>1246.55</ele>
      </trkpt>
      <trkpt lat="45.883978996" lon="6.436121">
        <ele>1248.05</ele>
      </trkpt>
      <trkpt lat="45.883917" lon="6.436303008">
        <ele>1248.62</ele>
      </trkpt>
      <trkpt lat="45.883854" lon="6.436561009">
        <ele>1252.86</ele>
      </trkpt>
      <trkpt lat="45.883813998" lon="6.436758997">
        <ele>1252.04</ele>
      </trkpt>
      <trkpt lat="45.883759999" lon="6.436934998">
        <ele>1253.9</ele>
      </trkpt>
      <trkpt lat="45.883684" lon="6.437184998">
        <ele>1252.05</ele>
      </trkpt>
      <trkpt lat="45.883614998" lon="6.437442003">
        <ele>1253.23</ele>
      </trkpt>
      <trkpt lat="45.88356" lon="6.437716001">
        <ele>1250.35</ele>
      </trkpt>
      <trkpt lat="45.883500006" lon="6.438032998">
        <ele>1252.49</ele>
      </trkpt>
      <trkpt lat="45.883452997" lon="6.438230999">
        <ele>1252.55</ele>
      </trkpt>
      <trkpt lat="45.883397995" lon="6.438398998">
        <ele>1256.33</ele>
      </trkpt>
      <trkpt lat="45.883336003" lon="6.438538993">
        <ele>1255.91</ele>
      </trkpt>
      <trkpt lat="45.883235001" lon="6.438711">
        <ele>1256.14</ele>
      </trkpt>
      <trkpt lat="45.883172004" lon="6.438823004">
        <ele>1258.47</ele>
      </trkpt>
      <trkpt lat="45.883131999" lon="6.438893">
        <ele>1260.73</ele>
      </trkpt>
      <trkpt lat="45.883045002" lon="6.439052006">
        <ele>1257.82</ele>
      </trkpt>
      <trkpt lat="45.882973997" lon="6.439205001">
        <ele>1259.04</ele>
      </trkpt>
      <trkpt lat="45.882915996" lon="6.439339991">
        <ele>1259.81</ele>
      </trkpt>
      <trkpt lat="45.882869998" lon="6.439491991">
        <ele>1258.47</ele>
      </trkpt>
      <trkpt lat="45.882832002" lon="6.439697004">
        <ele>1258.37</ele>
      </trkpt>
      <trkpt lat="45.882826" lon="6.439734005">
        <ele>1262.47</ele>
      </trkpt>
      <trkpt lat="45.882784997" lon="6.440012006">
        <ele>1264.06</ele>
      </trkpt>
      <trkpt lat="45.882742003" lon="6.440335001">
        <ele>1269.88</ele>
      </trkpt>
      <trkpt lat="45.882703005" lon="6.440527006">
        <ele>1271.43</ele>
      </trkpt>
      <trkpt lat="45.882653002" lon="6.440724003">
        <ele>1271.6</ele>
      </trkpt>
      <trkpt lat="45.882633006" lon="6.440794007">
        <ele>1272.41</ele>
      </trkpt>
      <trkpt lat="45.882577" lon="6.440991003">
        <ele>1273.03</ele>
      </trkpt>
      <trkpt lat="45.882496004" lon="6.441241997">
        <ele>1269.65</ele>
      </trkpt>
      <trkpt lat="45.882418" lon="6.441456008">
        <ele>1273.54</ele>
      </trkpt>
      <trkpt lat="45.882296999" lon="6.441705006">
        <ele>1277.58</ele>
      </trkpt>
      <trkpt lat="45.882169003" lon="6.441990992">
        <ele>1277.52</ele>
      </trkpt>
      <trkpt lat="45.882090999" lon="6.442135995">
        <ele>1278.53</ele>
      </trkpt>
      <trkpt lat="45.882031997" lon="6.442222998">
        <ele>1280.16</ele>
      </trkpt>
      <trkpt lat="45.881951999" lon="6.442294997">
        <ele>1279.61</ele>
      </trkpt>
      <trkpt lat="45.881881004" lon="6.442340998">
        <ele>1279.67</ele>
      </trkpt>
      <trkpt lat="45.881759996" lon="6.442388999">
        <ele>1282.18</ele>
      </trkpt>
      <trkpt lat="45.881678004" lon="6.442430002">
        <ele>1284.71</ele>
      </trkpt>
      <trkpt lat="45.881594998" lon="6.442496005">
        <ele>1285.99</ele>
      </trkpt>
      <trkpt lat="45.881530994" lon="6.442585005">
        <ele>1287.62</ele>
      </trkpt>
      <trkpt lat="45.881456995" lon="6.442723995">
        <ele>1288.83</ele>
      </trkpt>
      <trkpt lat="45.881395998" lon="6.442827004">
        <ele>1288.79</ele>
      </trkpt>
      <trkpt lat="45.881321998" lon="6.442952999">
        <ele>1288.69</ele>
      </trkpt>
      <trkpt lat="45.881236003" lon="6.443052007">
        <ele>1291.16</ele>
      </trkpt>
      <trkpt lat="45.881147996" lon="6.443128007">
        <ele>1292.86</ele>
      </trkpt>
      <trkpt lat="45.881044995" lon="6.443191997">
        <ele>1292.98</ele>
      </trkpt>
      <trkpt lat="45.880984002" lon="6.443217998">
        <ele>1294.15</ele>
      </trkpt>
      <trkpt lat="45.880909999" lon="6.443250001">
        <ele>1295.21</ele>
      </trkpt>
      <trkpt lat="45.880810002" lon="6.443303002">
        <ele>1294.93</ele>
      </trkpt>
      <trkpt lat="45.880741002" lon="6.443355991">
        <ele>1294.24</ele>
      </trkpt>
      <trkpt lat="45.880639001" lon="6.443478002">
        <ele>1295.63</ele>
      </trkpt>
      <trkpt lat="45.880534993" lon="6.443638008">
        <ele>1297.12</ele>
      </trkpt>
      <trkpt lat="45.880416003" lon="6.443819998">
        <ele>1297.81</ele>
      </trkpt>
      <trkpt lat="45.880313002" lon="6.443994004">
        <ele>1298.31</ele>
      </trkpt>
      <trkpt lat="45.880257004" lon="6.444103">
        <ele>1299.02</ele>
      </trkpt>
      <trkpt lat="45.88023" lon="6.444204994">
        <ele>1299.11</ele>
      </trkpt>
      <trkpt lat="45.880223006" lon="6.444286002">
        <ele>1298.84</ele>
      </trkpt>
      <trkpt lat="45.880221004" lon="6.444309997">
        <ele>1299.27</ele>
      </trkpt>
      <trkpt lat="45.880228995" lon="6.444386999">
        <ele>1299.53</ele>
      </trkpt>
      <trkpt lat="45.880249002" lon="6.444468998">
        <ele>1299.65</ele>
      </trkpt>
      <trkpt lat="45.880275001" lon="6.444527999">
        <ele>1299.67</ele>
      </trkpt>
      <trkpt lat="45.880316001" lon="6.444572994">
        <ele>1300.21</ele>
      </trkpt>
      <trkpt lat="45.880365999" lon="6.444599">
        <ele>1300.54</ele>
      </trkpt>
      <trkpt lat="45.880419005" lon="6.444612999">
        <ele>1300.79</ele>
      </trkpt>
      <trkpt lat="45.880486001" lon="6.444595002">
        <ele>1300.87</ele>
      </trkpt>
      <trkpt lat="45.880564004" lon="6.444547997">
        <ele>1300.73</ele>
      </trkpt>
      <trkpt lat="45.880729999" lon="6.444418993">
        <ele>1301.15</ele>
      </trkpt>
      <trkpt lat="45.880899998" lon="6.444278998">
        <ele>1301.39</ele>
      </trkpt>
      <trkpt lat="45.881163999" lon="6.444055002">
        <ele>1301.72</ele>
      </trkpt>
      <trkpt lat="45.881307001" lon="6.443930998">
        <ele>1302.21</ele>
      </trkpt>
      <trkpt lat="45.881349997" lon="6.443894">
        <ele>1304.46</ele>
      </trkpt>
      <trkpt lat="45.881469998" lon="6.443793002">
        <ele>1305.4</ele>
      </trkpt>
      <trkpt lat="45.881567" lon="6.443720003">
        <ele>1306.45</ele>
      </trkpt>
      <trkpt lat="45.881635004" lon="6.443700003">
        <ele>1307.3</ele>
      </trkpt>
      <trkpt lat="45.881688001" lon="6.443710993">
        <ele>1308.02</ele>
      </trkpt>
      <trkpt lat="45.881739999" lon="6.443748003">
        <ele>1307.03</ele>
      </trkpt>
      <trkpt lat="45.881772998" lon="6.443802991">
        <ele>1307.65</ele>
      </trkpt>
      <trkpt lat="45.881802002" lon="6.443882005">
        <ele>1308.36</ele>
      </trkpt>
      <trkpt lat="45.881806998" lon="6.443986001">
        <ele>1309.31</ele>
      </trkpt>
      <trkpt lat="45.881794995" lon="6.444056">
        <ele>1310.65</ele>
      </trkpt>
      <trkpt lat="45.881750997" lon="6.444159">
        <ele>1312.38</ele>
      </trkpt>
      <trkpt lat="45.881664997" lon="6.444279997">
        <ele>1312.69</ele>
      </trkpt>
      <trkpt lat="45.881584001" lon="6.444390002">
        <ele>1312.97</ele>
      </trkpt>
      <trkpt lat="45.881512999" lon="6.444505999">
        <ele>1313.01</ele>
      </trkpt>
      <trkpt lat="45.881446002" lon="6.444628997">
        <ele>1314.92</ele>
      </trkpt>
      <trkpt lat="45.881377002" lon="6.444788998">
        <ele>1313.78</ele>
      </trkpt>
      <trkpt lat="45.881301998" lon="6.444995999">
        <ele>1314.63</ele>
      </trkpt>
      <trkpt lat="45.881224001" lon="6.445239994">
        <ele>1315.42</ele>
      </trkpt>
      <trkpt lat="45.881140996" lon="6.445479997">
        <ele>1319.24</ele>
      </trkpt>
      <trkpt lat="45.881059002" lon="6.445688006">
        <ele>1318.39</ele>
      </trkpt>
      <trkpt lat="45.880997997" lon="6.445819002">
        <ele>1320.88</ele>
      </trkpt>
      <trkpt lat="45.880933003" lon="6.445920002">
        <ele>1324.31</ele>
      </trkpt>
      <trkpt lat="45.880852998" lon="6.446027006">
        <ele>1326.06</ele>
      </trkpt>
      <trkpt lat="45.880766996" lon="6.446117">
        <ele>1325.26</ele>
      </trkpt>
      <trkpt lat="45.880650002" lon="6.446238997">
        <ele>1327.14</ele>
      </trkpt>
      <trkpt lat="45.880527001" lon="6.446375007">
        <ele>1328.63</ele>
      </trkpt>
      <trkpt lat="45.880497997" lon="6.446405999">
        <ele>1327.51</ele>
      </trkpt>
      <trkpt lat="45.880476" lon="6.446427995">
        <ele>1329.02</ele>
      </trkpt>
      <trkpt lat="45.880373004" lon="6.446542">
        <ele>1328.23</ele>
      </trkpt>
      <trkpt lat="45.880232003" lon="6.446699003">
        <ele>1327.56</ele>
      </trkpt>
      <trkpt lat="45.880122997" lon="6.446828001">
        <ele>1328.81</ele>
      </trkpt>
      <trkpt lat="45.880050003" lon="6.446937997">
        <ele>1329.5</ele>
      </trkpt>
      <trkpt lat="45.880001" lon="6.447028005">
        <ele>1329.09</ele>
      </trkpt>
      <trkpt lat="45.879957999" lon="6.447138998">
        <ele>1330.3</ele>
      </trkpt>
      <trkpt lat="45.879920996" lon="6.447306">
        <ele>1331.28</ele>
      </trkpt>
      <trkpt lat="45.879856002" lon="6.447601">
        <ele>1332.05</ele>
      </trkpt>
      <trkpt lat="45.879817997" lon="6.447758002">
        <ele>1333.08</ele>
      </trkpt>
      <trkpt lat="45.879762002" lon="6.447917002">
        <ele>1334.61</ele>
      </trkpt>
      <trkpt lat="45.879709001" lon="6.448029007">
        <ele>1335.68</ele>
      </trkpt>
      <trkpt lat="45.879648003" lon="6.448112998">
        <ele>1338.34</ele>
      </trkpt>
      <trkpt lat="45.879583002" lon="6.448184001">
        <ele>1339.93</ele>
      </trkpt>
      <trkpt lat="45.879485994" lon="6.448271004">
        <ele>1340.58</ele>
      </trkpt>
      <trkpt lat="45.879372002" lon="6.448361009">
        <ele>1340.23</ele>
      </trkpt>
      <trkpt lat="45.879222004" lon="6.448470996">
        <ele>1343.56</ele>
      </trkpt>
      <trkpt lat="45.879017004" lon="6.448619999">
        <ele>1345</ele>
      </trkpt>
      <trkpt lat="45.878758996" lon="6.448799998">
        <ele>1346.98</ele>
      </trkpt>
      <trkpt lat="45.878530996" lon="6.448955999">
        <ele>1348.68</ele>
      </trkpt>
      <trkpt lat="45.878294998" lon="6.449105007">
        <ele>1352.12</ele>
      </trkpt>
      <trkpt lat="45.878136994" lon="6.449217999">
        <ele>1351.18</ele>
      </trkpt>
      <trkpt lat="45.878006999" lon="6.449327001">
        <ele>1353.25</ele>
      </trkpt>
      <trkpt lat="45.877883005" lon="6.449441992">
        <ele>1353.01</ele>
      </trkpt>
      <trkpt lat="45.877743001" lon="6.449605999">
        <ele>1356.02</ele>
      </trkpt>
      <trkpt lat="45.877601" lon="6.449808">
        <ele>1356.69</ele>
      </trkpt>
      <trkpt lat="45.877468998" lon="6.449988004">
        <ele>1361.02</ele>
      </trkpt>
      <trkpt lat="45.877312" lon="6.450202009">
        <ele>1361.66</ele>
      </trkpt>
      <trkpt lat="45.877154001" lon="6.450411006">
        <ele>1365.22</ele>
      </trkpt>
      <trkpt lat="45.877038999" lon="6.450559991">
        <ele>1367.16</ele>
      </trkpt>
      <trkpt lat="45.876920002" lon="6.450730005">
        <ele>1370.73</ele>
      </trkpt>
      <trkpt lat="45.876855999" lon="6.450839997">
        <ele>1372.33</ele>
      </trkpt>
      <trkpt lat="45.876840998" lon="6.450923002">
        <ele>1374.84</ele>
      </trkpt>
      <trkpt lat="45.876832999" lon="6.451009">
        <ele>1376.31</ele>
      </trkpt>
      <trkpt lat="45.876853002" lon="6.451096003">
        <ele>1377.2</ele>
      </trkpt>
      <trkpt lat="45.876887002" lon="6.451147002">
        <ele>1377.79</ele>
      </trkpt>
      <trkpt lat="45.876922995" lon="6.451185001">
        <ele>1378.08</ele>
      </trkpt>
      <trkpt lat="45.876960006" lon="6.451200004">
        <ele>1378.24</ele>
      </trkpt>
      <trkpt lat="45.877007999" lon="6.451208997">
        <ele>1379.03</ele>
      </trkpt>
      <trkpt lat="45.877070994" lon="6.451191003">
        <ele>1377.51</ele>
      </trkpt>
      <trkpt lat="45.877138997" lon="6.451145991">
        <ele>1375.64</ele>
      </trkpt>
      <trkpt lat="45.877236001" lon="6.451060997">
        <ele>1375.75</ele>
      </trkpt>
      <trkpt lat="45.877328002" lon="6.450984">
        <ele>1375.36</ele>
      </trkpt>
      <trkpt lat="45.877435002" lon="6.450935003">
        <ele>1375.12</ele>
      </trkpt>
      <trkpt lat="45.877556998" lon="6.450902004">
        <ele>1376.55</ele>
      </trkpt>
      <trkpt lat="45.877664" lon="6.450885991">
        <ele>1379.42</ele>
      </trkpt>
      <trkpt lat="45.877777995" lon="6.450890999">
        <ele>1379.45</ele>
      </trkpt>
      <trkpt lat="45.877922996" lon="6.450918996">
        <ele>1379.93</ele>
      </trkpt>
      <trkpt lat="45.87809" lon="6.450959998">
        <ele>1380.04</ele>
      </trkpt>
      <trkpt lat="45.878138001" lon="6.450963997">
        <ele>1380.18</ele>
      </trkpt>
      <trkpt lat="45.878217998" lon="6.450971006">
        <ele>1378.63</ele>
      </trkpt>
      <trkpt lat="45.878342997" lon="6.450960998">
        <ele>1379.27</ele>
      </trkpt>
      <trkpt lat="45.878472" lon="6.450921998">
        <ele>1379.68</ele>
      </trkpt>
      <trkpt lat="45.878620004" lon="6.450838994">
        <ele>1380.56</ele>
      </trkpt>
      <trkpt lat="45.878742004" lon="6.450768996">
        <ele>1381.88</ele>
      </trkpt>
      <trkpt lat="45.878805998" lon="6.450748999">
        <ele>1383.57</ele>
      </trkpt>
      <trkpt lat="45.878866004" lon="6.450756008">
        <ele>1383.81</ele>
      </trkpt>
      <trkpt lat="45.878933002" lon="6.450796995">
        <ele>1384.27</ele>
      </trkpt>
      <trkpt lat="45.878975006" lon="6.450855994">
        <ele>1382.91</ele>
      </trkpt>
      <trkpt lat="45.879006999" lon="6.450949997">
        <ele>1381.76</ele>
      </trkpt>
      <trkpt lat="45.879008998" lon="6.451014996">
        <ele>1382.84</ele>
      </trkpt>
      <trkpt lat="45.878992998" lon="6.451105001">
        <ele>1384.31</ele>
      </trkpt>
      <trkpt lat="45.878943996" lon="6.451203999">
        <ele>1386.12</ele>
      </trkpt>
      <trkpt lat="45.878858996" lon="6.451323003">
        <ele>1388.73</ele>
      </trkpt>
      <trkpt lat="45.878830998" lon="6.451362004">
        <ele>1392.28</ele>
      </trkpt>
      <trkpt lat="45.878672" lon="6.45157">
        <ele>1392.28</ele>
      </trkpt>
      <trkpt lat="45.878545999" lon="6.451709006">
        <ele>1393.36</ele>
      </trkpt>
      <trkpt lat="45.878424003" lon="6.451805999">
        <ele>1395.37</ele>
      </trkpt>
      <trkpt lat="45.878260001" lon="6.451914001">
        <ele>1396.35</ele>
      </trkpt>
      <trkpt lat="45.878067999" lon="6.452022998">
        <ele>1397.15</ele>
      </trkpt>
      <trkpt lat="45.877856996" lon="6.452139992">
        <ele>1401.27</ele>
      </trkpt>
      <trkpt lat="45.877663001" lon="6.452256993">
        <ele>1403.33</ele>
      </trkpt>
      <trkpt lat="45.877440997" lon="6.452403002">
        <ele>1403.67</ele>
      </trkpt>
      <trkpt lat="45.877220998" lon="6.452538">
        <ele>1403.58</ele>
      </trkpt>
      <trkpt lat="45.876999996" lon="6.452670998">
        <ele>1405.29</ele>
      </trkpt>
      <trkpt lat="45.876784004" lon="6.452793998">
        <ele>1405.75</ele>
      </trkpt>
      <trkpt lat="45.876718996" lon="6.452833001">
        <ele>1406.11</ele>
      </trkpt>
      <trkpt lat="45.876609" lon="6.452898002">
        <ele>1407.64</ele>
      </trkpt>
      <trkpt lat="45.876483004" lon="6.452989008">
        <ele>1410.61</ele>
      </trkpt>
      <trkpt lat="45.876353998" lon="6.453095002">
        <ele>1412.34</ele>
      </trkpt>
      <trkpt lat="45.876211997" lon="6.453236004">
        <ele>1411.57</ele>
      </trkpt>
      <trkpt lat="45.876044999" lon="6.453401002">
        <ele>1415.22</ele>
      </trkpt>
      <trkpt lat="45.875886998" lon="6.453577996">
        <ele>1416.68</ele>
      </trkpt>
      <trkpt lat="45.875722005" lon="6.453761997">
        <ele>1417.79</ele>
      </trkpt>
      <trkpt lat="45.875606997" lon="6.453882995">
        <ele>1418.06</ele>
      </trkpt>
      <trkpt lat="45.875507001" lon="6.453980001">
        <ele>1421.51</ele>
      </trkpt>
      <trkpt lat="45.875399998" lon="6.45406">
        <ele>1422.57</ele>
      </trkpt>
      <trkpt lat="45.875282998" lon="6.454134997">
        <ele>1424.12</ele>
      </trkpt>
      <trkpt lat="45.875159002" lon="6.454197993">
        <ele>1424.81</ele>
      </trkpt>
      <trkpt lat="45.874980999" lon="6.454283">
        <ele>1426.65</ele>
      </trkpt>
      <trkpt lat="45.874754004" lon="6.454381995">
        <ele>1427.5</ele>
      </trkpt>
      <trkpt lat="45.874448998" lon="6.454515999">
        <ele>1427.4</ele>
      </trkpt>
      <trkpt lat="45.874174999" lon="6.454637003">
        <ele>1428.76</ele>
      </trkpt>
      <trkpt lat="45.873968999" lon="6.454729994">
        <ele>1431.04</ele>
      </trkpt>
      <trkpt lat="45.873811" lon="6.454804006">
        <ele>1431.74</ele>
      </trkpt>
      <trkpt lat="45.873739997" lon="6.454855997">
        <ele>1432.61</ele>
      </trkpt>
      <trkpt lat="45.873694003" lon="6.454919001">
        <ele>1433.44</ele>
      </trkpt>
      <trkpt lat="45.873648997" lon="6.455010997">
        <ele>1434.06</ele>
      </trkpt>
      <trkpt lat="45.873638006" lon="6.455106003">
        <ele>1434.28</ele>
      </trkpt>
      <trkpt lat="45.873650998" lon="6.455183995">
        <ele>1435.45</ele>
      </trkpt>
      <trkpt lat="45.873679002" lon="6.455262993">
        <ele>1437.27</ele>
      </trkpt>
      <trkpt lat="45.873716997" lon="6.455313003">
        <ele>1438.79</ele>
      </trkpt>
      <trkpt lat="45.873773999" lon="6.455351004">
        <ele>1440.01</ele>
      </trkpt>
      <trkpt lat="45.873835" lon="6.455356995">
        <ele>1440.41</ele>
      </trkpt>
      <trkpt lat="45.873918995" lon="6.455350002">
        <ele>1440.38</ele>
      </trkpt>
      <trkpt lat="45.874127998" lon="6.455294997">
        <ele>1439.95</ele>
      </trkpt>
      <trkpt lat="45.874386001" lon="6.455218997">
        <ele>1440.47</ele>
      </trkpt>
      <trkpt lat="45.874659004" lon="6.45514">
        <ele>1441.98</ele>
      </trkpt>
      <trkpt lat="45.874922994" lon="6.455057999">
        <ele>1442.21</ele>
      </trkpt>
      <trkpt lat="45.875208002" lon="6.454969005">
        <ele>1442.89</ele>
      </trkpt>
      <trkpt lat="45.875531" lon="6.454858001">
        <ele>1442.61</ele>
      </trkpt>
      <trkpt lat="45.875779005" lon="6.454762001">
        <ele>1441.36</ele>
      </trkpt>
      <trkpt lat="45.875901" lon="6.454722005">
        <ele>1440.78</ele>
      </trkpt>
      <trkpt lat="45.875963002" lon="6.454720007">
        <ele>1442.16</ele>
      </trkpt>
      <trkpt lat="45.876012" lon="6.454737995">
        <ele>1442.41</ele>
      </trkpt>
      <trkpt lat="45.876069003" lon="6.454791005">
        <ele>1444.37</ele>
      </trkpt>
      <trkpt lat="45.876107" lon="6.454871006">
        <ele>1446.64</ele>
      </trkpt>
      <trkpt lat="45.876124002" lon="6.454952002">
        <ele>1447.69</ele>
      </trkpt>
      <trkpt lat="45.876114995" lon="6.455028993">
        <ele>1449.01</ele>
      </trkpt>
      <trkpt lat="45.876091997" lon="6.455076007">
        <ele>1450.8</ele>
      </trkpt>
      <trkpt lat="45.876079996" lon="6.455100005">
        <ele>1450.16</ele>
      </trkpt>
      <trkpt lat="45.876027002" lon="6.455161993">
        <ele>1451.05</ele>
      </trkpt>
      <trkpt lat="45.875896003" lon="6.455255003">
        <ele>1452.24</ele>
      </trkpt>
      <trkpt lat="45.875635004" lon="6.455405997">
        <ele>1452.31</ele>
      </trkpt>
      <trkpt lat="45.875466002" lon="6.455517">
        <ele>1454.4</ele>
      </trkpt>
      <trkpt lat="45.875301994" lon="6.455646006">
        <ele>1456.13</ele>
      </trkpt>
      <trkpt lat="45.875163005" lon="6.455790994">
        <ele>1456.98</ele>
      </trkpt>
      <trkpt lat="45.875028999" lon="6.455935997">
        <ele>1457.61</ele>
      </trkpt>
      <trkpt lat="45.874862" lon="6.456137993">
        <ele>1459.46</ele>
      </trkpt>
      <trkpt lat="45.874675003" lon="6.456382">
        <ele>1459.21</ele>
      </trkpt>
      <trkpt lat="45.874541001" lon="6.456573998">
        <ele>1460.63</ele>
      </trkpt>
      <trkpt lat="45.874443996" lon="6.456734002">
        <ele>1462.49</ele>
      </trkpt>
      <trkpt lat="45.874371002" lon="6.456899009">
        <ele>1462.77</ele>
      </trkpt>
      <trkpt lat="45.874308001" lon="6.457055003">
        <ele>1462.62</ele>
      </trkpt>
      <trkpt lat="45.874253001" lon="6.457222002">
        <ele>1463.56</ele>
      </trkpt>
      <trkpt lat="45.874212995" lon="6.457362004">
        <ele>1464.26</ele>
      </trkpt>
      <trkpt lat="45.874182003" lon="6.457514998">
        <ele>1464.61</ele>
      </trkpt>
      <trkpt lat="45.874159002" lon="6.457660996">
        <ele>1466.78</ele>
      </trkpt>
      <trkpt lat="45.874141002" lon="6.457891003">
        <ele>1469.41</ele>
      </trkpt>
      <trkpt lat="45.874123002" lon="6.45829">
        <ele>1470.97</ele>
      </trkpt>
      <trkpt lat="45.874102999" lon="6.458751997">
        <ele>1472.69</ele>
      </trkpt>
      <trkpt lat="45.874081994" lon="6.459214008">
        <ele>1473.89</ele>
      </trkpt>
      <trkpt lat="45.874072003" lon="6.459716003">
        <ele>1475.02</ele>
      </trkpt>
      <trkpt lat="45.874062996" lon="6.460128997">
        <ele>1475.67</ele>
      </trkpt>
      <trkpt lat="45.874056001" lon="6.460443001">
        <ele>1475.99</ele>
      </trkpt>
      <trkpt lat="45.874043999" lon="6.460604992">
        <ele>1476.07</ele>
      </trkpt>
      <trkpt lat="45.874039001" lon="6.460653998">
        <ele>1475.81</ele>
      </trkpt>
      <trkpt lat="45.874023998" lon="6.460792999">
        <ele>1475.05</ele>
      </trkpt>
      <trkpt lat="45.873998001" lon="6.460939001">
        <ele>1475.32</ele>
      </trkpt>
      <trkpt lat="45.873958997" lon="6.461094999">
        <ele>1475.52</ele>
      </trkpt>
      <trkpt lat="45.873907" lon="6.461274996">
        <ele>1477.13</ele>
      </trkpt>
      <trkpt lat="45.873849" lon="6.461437002">
        <ele>1477.64</ele>
      </trkpt>
      <trkpt lat="45.873771998" lon="6.461611995">
        <ele>1478.36</ele>
      </trkpt>
      <trkpt lat="45.873632999" lon="6.461914997">
        <ele>1479.38</ele>
      </trkpt>
      <trkpt lat="45.873455002" lon="6.462278997">
        <ele>1480.59</ele>
      </trkpt>
      <trkpt lat="45.873319998" lon="6.462560995">
        <ele>1480.59</ele>
      </trkpt>
      <trkpt lat="45.873218" lon="6.462788004">
        <ele>1481.98</ele>
      </trkpt>
      <trkpt lat="45.873204006" lon="6.462822004">
        <ele>1483.68</ele>
      </trkpt>
      <trkpt lat="45.873067999" lon="6.463114001">
        <ele>1484.16</ele>
      </trkpt>
      <trkpt lat="45.872920003" lon="6.463455994">
        <ele>1484.69</ele>
      </trkpt>
      <trkpt lat="45.872732998" lon="6.463866994">
        <ele>1485.42</ele>
      </trkpt>
      <trkpt lat="45.872535003" lon="6.464293004">
        <ele>1485.85</ele>
      </trkpt>
      <trkpt lat="45.872352002" lon="6.464690005">
        <ele>1485.86</ele>
      </trkpt>
      <trkpt lat="45.872251999" lon="6.464925003">
        <ele>1486.3</ele>
      </trkpt>
      <trkpt lat="45.872251188" lon="6.464926772">
        <ele>1486.5</ele>
      </trkpt>
      <trkpt lat="45.872202002" lon="6.465034005">
        <ele>1486.25</ele>
      </trkpt>
      <trkpt lat="45.872108002" lon="6.465239005">
        <ele>1486.01</ele>
      </trkpt>
      <trkpt lat="45.871997998" lon="6.465494999">
        <ele>1485.65</ele>
      </trkpt>
      <trkpt lat="45.871951002" lon="6.465599001">
        <ele>1485.23</ele>
      </trkpt>
      <trkpt lat="45.871917998" lon="6.465697006">
        <ele>1484.85</ele>
      </trkpt>
      <trkpt lat="45.871897995" lon="6.465799002">
        <ele>1484.56</ele>
      </trkpt>
      <trkpt lat="45.871886999" lon="6.465898003">
        <ele>1484.89</ele>
      </trkpt>
      <trkpt lat="45.871873" lon="6.466022002">
        <ele>1484.2</ele>
      </trkpt>
      <trkpt lat="45.871818" lon="6.466279001">
        <ele>1483.01</ele>
      </trkpt>
      <trkpt lat="45.871790002" lon="6.466376003">
        <ele>1481.68</ele>
      </trkpt>
      <trkpt lat="45.871721997" lon="6.466484">
        <ele>1481.18</ele>
      </trkpt>
      <trkpt lat="45.871683998" lon="6.466565005">
        <ele>1479.89</ele>
      </trkpt>
      <trkpt lat="45.871652997" lon="6.466659999">
        <ele>1479.32</ele>
      </trkpt>
      <trkpt lat="45.871629996" lon="6.466745999">
        <ele>1478.81</ele>
      </trkpt>
      <trkpt lat="45.871603999" lon="6.466864999">
        <ele>1479.12</ele>
      </trkpt>
      <trkpt lat="45.871596001" lon="6.466939994">
        <ele>1478.48</ele>
      </trkpt>
      <trkpt lat="45.871583002" lon="6.467038997">
        <ele>1477.78</ele>
      </trkpt>
      <trkpt lat="45.871577004" lon="6.467124002">
        <ele>1477.15</ele>
      </trkpt>
      <trkpt lat="45.871570996" lon="6.467229006">
        <ele>1476.49</ele>
      </trkpt>
      <trkpt lat="45.871567997" lon="6.467331993">
        <ele>1476.19</ele>
      </trkpt>
      <trkpt lat="45.871573001" lon="6.467423006">
        <ele>1475.86</ele>
      </trkpt>
      <trkpt lat="45.871582998" lon="6.467519004">
        <ele>1475.61</ele>
      </trkpt>
      <trkpt lat="45.871588998" lon="6.467610996">
        <ele>1475.42</ele>
      </trkpt>
      <trkpt lat="45.871589996" lon="6.467688002">
        <ele>1476.37</ele>
      </trkpt>
      <trkpt lat="45.871583" lon="6.467765008">
        <ele>1476.03</ele>
      </trkpt>
      <trkpt lat="45.871571998" lon="6.467865002">
        <ele>1475.64</ele>
      </trkpt>
      <trkpt lat="45.871562002" lon="6.467976">
        <ele>1475.17</ele>
      </trkpt>
      <trkpt lat="45.871548996" lon="6.468083997">
        <ele>1474.62</ele>
      </trkpt>
      <trkpt lat="45.871536997" lon="6.468192998">
        <ele>1473</ele>
      </trkpt>
      <trkpt lat="45.871525001" lon="6.468300994">
        <ele>1471.56</ele>
      </trkpt>
      <trkpt lat="45.871514996" lon="6.468386998">
        <ele>1470.37</ele>
      </trkpt>
      <trkpt lat="45.871502" lon="6.468458">
        <ele>1469.48</ele>
      </trkpt>
      <trkpt lat="45.871485" lon="6.468504996">
        <ele>1468.8</ele>
      </trkpt>
      <trkpt lat="45.871476002" lon="6.468530004">
        <ele>1468.26</ele>
      </trkpt>
      <trkpt lat="45.871451996" lon="6.468584998">
        <ele>1467.82</ele>
      </trkpt>
      <trkpt lat="45.871421005" lon="6.468630003">
        <ele>1468.87</ele>
      </trkpt>
      <trkpt lat="45.871367002" lon="6.468687006">
        <ele>1469.9</ele>
      </trkpt>
      <trkpt lat="45.871326997" lon="6.468731999">
        <ele>1469.54</ele>
      </trkpt>
      <trkpt lat="45.871278998" lon="6.468789005">
        <ele>1469.19</ele>
      </trkpt>
      <trkpt lat="45.871236995" lon="6.468838001">
        <ele>1468.82</ele>
      </trkpt>
      <trkpt lat="45.871188994" lon="6.468898">
        <ele>1467</ele>
      </trkpt>
      <trkpt lat="45.871140996" lon="6.468957006">
        <ele>1465.12</ele>
      </trkpt>
      <trkpt lat="45.871110001" lon="6.469007998">
        <ele>1465.52</ele>
      </trkpt>
      <trkpt lat="45.871073001" lon="6.469078999">
        <ele>1465.81</ele>
      </trkpt>
      <trkpt lat="45.871035001" lon="6.469150002">
        <ele>1465.28</ele>
      </trkpt>
      <trkpt lat="45.871001001" lon="6.469214004">
        <ele>1464.62</ele>
      </trkpt>
      <trkpt lat="45.870965003" lon="6.469291997">
        <ele>1463.91</ele>
      </trkpt>
      <trkpt lat="45.870931998" lon="6.469377004">
        <ele>1462.75</ele>
      </trkpt>
      <trkpt lat="45.870909998" lon="6.469455001">
        <ele>1461.6</ele>
      </trkpt>
      <trkpt lat="45.870896999" lon="6.469534002">
        <ele>1461.21</ele>
      </trkpt>
      <trkpt lat="45.870893999" lon="6.469607001">
        <ele>1460.82</ele>
      </trkpt>
      <trkpt lat="45.870893998" lon="6.469681001">
        <ele>1460.44</ele>
      </trkpt>
      <trkpt lat="45.870899996" lon="6.469777999">
        <ele>1459.23</ele>
      </trkpt>
      <trkpt lat="45.870911996" lon="6.469873">
        <ele>1458.22</ele>
      </trkpt>
      <trkpt lat="45.870955999" lon="6.470268004">
        <ele>1457.02</ele>
      </trkpt>
      <trkpt lat="45.870969001" lon="6.470403998">
        <ele>1455.7</ele>
      </trkpt>
      <trkpt lat="45.870979004" lon="6.470521996">
        <ele>1454.15</ele>
      </trkpt>
      <trkpt lat="45.870988999" lon="6.470635">
        <ele>1453.56</ele>
      </trkpt>
      <trkpt lat="45.870999999" lon="6.470770997">
        <ele>1452.72</ele>
      </trkpt>
      <trkpt lat="45.871011" lon="6.470858">
        <ele>1451.99</ele>
      </trkpt>
      <trkpt lat="45.871027002" lon="6.470960002">
        <ele>1451.41</ele>
      </trkpt>
      <trkpt lat="45.871044995" lon="6.471054994">
        <ele>1451.06</ele>
      </trkpt>
      <trkpt lat="45.871068" lon="6.471134998">
        <ele>1450.42</ele>
      </trkpt>
      <trkpt lat="45.871088997" lon="6.471211998">
        <ele>1450.03</ele>
      </trkpt>
      <trkpt lat="45.871124998" lon="6.471299995">
        <ele>1449.67</ele>
      </trkpt>
      <trkpt lat="45.871131002" lon="6.471319005">
        <ele>1449.06</ele>
      </trkpt>
      <trkpt lat="45.871224997" lon="6.471577998">
        <ele>1448.27</ele>
      </trkpt>
      <trkpt lat="45.871351001" lon="6.471802001">
        <ele>1447.46</ele>
      </trkpt>
      <trkpt lat="45.871454997" lon="6.472164002">
        <ele>1446.63</ele>
      </trkpt>
      <trkpt lat="45.871512996" lon="6.472365001">
        <ele>1445.03</ele>
      </trkpt>
      <trkpt lat="45.87152" lon="6.472393998">
        <ele>1443.15</ele>
      </trkpt>
      <trkpt lat="45.871594006" lon="6.472678007">
        <ele>1441.76</ele>
      </trkpt>
      <trkpt lat="45.871673995" lon="6.472920999">
        <ele>1440.39</ele>
      </trkpt>
      <trkpt lat="45.871708998" lon="6.472998006">
        <ele>1439.13</ele>
      </trkpt>
      <trkpt lat="45.871749" lon="6.473063999">
        <ele>1437.81</ele>
      </trkpt>
      <trkpt lat="45.871789" lon="6.473128004">
        <ele>1437.4</ele>
      </trkpt>
      <trkpt lat="45.871830001" lon="6.473181995">
        <ele>1436.6</ele>
      </trkpt>
      <trkpt lat="45.871876995" lon="6.473246003">
        <ele>1435.64</ele>
      </trkpt>
      <trkpt lat="45.871916996" lon="6.473305002">
        <ele>1434.55</ele>
      </trkpt>
      <trkpt lat="45.871941" lon="6.473350993">
        <ele>1434.43</ele>
      </trkpt>
      <trkpt lat="45.871970998" lon="6.473413995">
        <ele>1434.06</ele>
      </trkpt>
      <trkpt lat="45.872000998" lon="6.473478996">
        <ele>1433.86</ele>
      </trkpt>
      <trkpt lat="45.872021001" lon="6.473532">
        <ele>1433.61</ele>
      </trkpt>
      <trkpt lat="45.872051005" lon="6.473595996">
        <ele>1432.83</ele>
      </trkpt>
      <trkpt lat="45.872079998" lon="6.473652999">
        <ele>1432.15</ele>
      </trkpt>
      <trkpt lat="45.872119001" lon="6.473722994">
        <ele>1431.63</ele>
      </trkpt>
      <trkpt lat="45.872150998" lon="6.473776999">
        <ele>1431.23</ele>
      </trkpt>
      <trkpt lat="45.872192003" lon="6.473829997">
        <ele>1430.97</ele>
      </trkpt>
      <trkpt lat="45.872217999" lon="6.473870992">
        <ele>1431.33</ele>
      </trkpt>
      <trkpt lat="45.872254001" lon="6.473923998">
        <ele>1431.64</ele>
      </trkpt>
      <trkpt lat="45.872282998" lon="6.473975001">
        <ele>1431.79</ele>
      </trkpt>
      <trkpt lat="45.872296995" lon="6.474006994">
        <ele>1431.3</ele>
      </trkpt>
      <trkpt lat="45.872310999" lon="6.474071001">
        <ele>1430.57</ele>
      </trkpt>
      <trkpt lat="45.872316" lon="6.474132002">
        <ele>1429.72</ele>
      </trkpt>
      <trkpt lat="45.872307001" lon="6.474184004">
        <ele>1428.76</ele>
      </trkpt>
      <trkpt lat="45.872296002" lon="6.474199002">
        <ele>1427.73</ele>
      </trkpt>
      <trkpt lat="45.872279998" lon="6.474219994">
        <ele>1427.19</ele>
      </trkpt>
      <trkpt lat="45.872242997" lon="6.474236992">
        <ele>1426.72</ele>
      </trkpt>
      <trkpt lat="45.872207001" lon="6.474238">
        <ele>1426.29</ele>
      </trkpt>
      <trkpt lat="45.872157004" lon="6.474223004">
        <ele>1425.63</ele>
      </trkpt>
      <trkpt lat="45.872103999" lon="6.474187997">
        <ele>1425.97</ele>
      </trkpt>
      <trkpt lat="45.872060001" lon="6.474151998">
        <ele>1425.77</ele>
      </trkpt>
      <trkpt lat="45.872007006" lon="6.474106992">
        <ele>1426.44</ele>
      </trkpt>
      <trkpt lat="45.871837998" lon="6.474024997">
        <ele>1426.93</ele>
      </trkpt>
      <trkpt lat="45.871714003" lon="6.473975">
        <ele>1427.63</ele>
      </trkpt>
      <trkpt lat="45.871655003" lon="6.473956998">
        <ele>1427.41</ele>
      </trkpt>
      <trkpt lat="45.871619004" lon="6.473959">
        <ele>1427.75</ele>
      </trkpt>
      <trkpt lat="45.871595998" lon="6.473976996">
        <ele>1427.36</ele>
      </trkpt>
      <trkpt lat="45.871541003" lon="6.474065003">
        <ele>1425.53</ele>
      </trkpt>
      <trkpt lat="45.871536005" lon="6.474122005">
        <ele>1424.03</ele>
      </trkpt>
      <trkpt lat="45.871543998" lon="6.474176007">
        <ele>1422.81</ele>
      </trkpt>
      <trkpt lat="45.871570998" lon="6.474237993">
        <ele>1421.83</ele>
      </trkpt>
      <trkpt lat="45.871609001" lon="6.474274002">
        <ele>1421.1</ele>
      </trkpt>
      <trkpt lat="45.871644001" lon="6.474291008">
        <ele>1421.26</ele>
      </trkpt>
      <trkpt lat="45.871707002" lon="6.474313999">
        <ele>1421.58</ele>
      </trkpt>
      <trkpt lat="45.871840997" lon="6.474346006">
        <ele>1421.79</ele>
      </trkpt>
      <trkpt lat="45.871940002" lon="6.474378002">
        <ele>1421.91</ele>
      </trkpt>
      <trkpt lat="45.871968" lon="6.474408993">
        <ele>1421.76</ele>
      </trkpt>
      <trkpt lat="45.871993998" lon="6.474456995">
        <ele>1422.32</ele>
      </trkpt>
      <trkpt lat="45.872002996" lon="6.474494995">
        <ele>1421.57</ele>
      </trkpt>
      <trkpt lat="45.871998997" lon="6.474545002">
        <ele>1420.56</ele>
      </trkpt>
      <trkpt lat="45.871989997" lon="6.474589998">
        <ele>1419.23</ele>
      </trkpt>
      <trkpt lat="45.871969996" lon="6.474630996">
        <ele>1417.68</ele>
      </trkpt>
      <trkpt lat="45.871936" lon="6.474664002">
        <ele>1415.91</ele>
      </trkpt>
      <trkpt lat="45.871895999" lon="6.474665997">
        <ele>1415.68</ele>
      </trkpt>
      <trkpt lat="45.871846998" lon="6.474666999">
        <ele>1414.62</ele>
      </trkpt>
      <trkpt lat="45.871746001" lon="6.474668994">
        <ele>1415.49</ele>
      </trkpt>
      <trkpt lat="45.871626997" lon="6.474661002">
        <ele>1416.18</ele>
      </trkpt>
      <trkpt lat="45.871525996" lon="6.474656997">
        <ele>1416.85</ele>
      </trkpt>
      <trkpt lat="45.871488" lon="6.474665002">
        <ele>1416.69</ele>
      </trkpt>
      <trkpt lat="45.871464" lon="6.474686006">
        <ele>1417.42</ele>
      </trkpt>
      <trkpt lat="45.871445004" lon="6.474743003">
        <ele>1416.45</ele>
      </trkpt>
      <trkpt lat="45.871443006" lon="6.474792994">
        <ele>1415.94</ele>
      </trkpt>
      <trkpt lat="45.871448995" lon="6.474850005">
        <ele>1415.91</ele>
      </trkpt>
      <trkpt lat="45.871466" lon="6.474889994">
        <ele>1414.25</ele>
      </trkpt>
      <trkpt lat="45.871500999" lon="6.474929001">
        <ele>1413.08</ele>
      </trkpt>
      <trkpt lat="45.871536001" lon="6.474943001">
        <ele>1412.4</ele>
      </trkpt>
      <trkpt lat="45.871576994" lon="6.474947998">
        <ele>1411.84</ele>
      </trkpt>
      <trkpt lat="45.871623001" lon="6.474950008">
        <ele>1411.47</ele>
      </trkpt>
      <trkpt lat="45.871645" lon="6.474951008">
        <ele>1413.51</ele>
      </trkpt>
      <trkpt lat="45.871684997" lon="6.474955">
        <ele>1415.66</ele>
      </trkpt>
      <trkpt lat="45.871737996" lon="6.474952999">
        <ele>1415.54</ele>
      </trkpt>
      <trkpt lat="45.871788996" lon="6.474955001">
        <ele>1415.22</ele>
      </trkpt>
      <trkpt lat="45.871836" lon="6.474974997">
        <ele>1414.4</ele>
      </trkpt>
      <trkpt lat="45.871876002" lon="6.474997003">
        <ele>1412.91</ele>
      </trkpt>
      <trkpt lat="45.871897994" lon="6.475036003">
        <ele>1410.78</ele>
      </trkpt>
      <trkpt lat="45.871911003" lon="6.475079005">
        <ele>1410.22</ele>
      </trkpt>
      <trkpt lat="45.871921005" lon="6.475121005">
        <ele>1409.21</ele>
      </trkpt>
      <trkpt lat="45.871928001" lon="6.475191009">
        <ele>1408.42</ele>
      </trkpt>
      <trkpt lat="45.871930997" lon="6.475311007">
        <ele>1407.31</ele>
      </trkpt>
      <trkpt lat="45.871934" lon="6.475414993">
        <ele>1405.94</ele>
      </trkpt>
      <trkpt lat="45.871936001" lon="6.475513999">
        <ele>1404.59</ele>
      </trkpt>
      <trkpt lat="45.871948996" lon="6.475609002">
        <ele>1403.59</ele>
      </trkpt>
      <trkpt lat="45.871979002" lon="6.475693993">
        <ele>1402.88</ele>
      </trkpt>
      <trkpt lat="45.872024002" lon="6.475775">
        <ele>1405.58</ele>
      </trkpt>
      <trkpt lat="45.872061005" lon="6.475851994">
        <ele>1407.77</ele>
      </trkpt>
      <trkpt lat="45.872120004" lon="6.475933007">
        <ele>1409.36</ele>
      </trkpt>
      <trkpt lat="45.872151999" lon="6.476021001">
        <ele>1415.04</ele>
      </trkpt>
      <trkpt lat="45.872150997" lon="6.476105999">
        <ele>1419.59</ele>
      </trkpt>
      <trkpt lat="45.872132001" lon="6.476222998">
        <ele>1416.06</ele>
      </trkpt>
      <trkpt lat="45.872087003" lon="6.476320008">
        <ele>1413.25</ele>
      </trkpt>
      <trkpt lat="45.872033999" lon="6.476383996">
        <ele>1411.11</ele>
      </trkpt>
      <trkpt lat="45.871982002" lon="6.476441003">
        <ele>1404.72</ele>
      </trkpt>
      <trkpt lat="45.871945003" lon="6.476484">
        <ele>1398.73</ele>
      </trkpt>
      <trkpt lat="45.871912" lon="6.476531003">
        <ele>1397.53</ele>
      </trkpt>
      <trkpt lat="45.871876004" lon="6.476582993">
        <ele>1399.45</ele>
      </trkpt>
      <trkpt lat="45.871855996" lon="6.476632997">
        <ele>1401.39</ele>
      </trkpt>
      <trkpt lat="45.871838996" lon="6.476686003">
        <ele>1403.15</ele>
      </trkpt>
      <trkpt lat="45.871834002" lon="6.476703005">
        <ele>1400.77</ele>
      </trkpt>
      <trkpt lat="45.871820998" lon="6.476752999">
        <ele>1398.06</ele>
      </trkpt>
      <trkpt lat="45.871801997" lon="6.476835002">
        <ele>1391.66</ele>
      </trkpt>
      <trkpt lat="45.871788002" lon="6.476896999">
        <ele>1384.45</ele>
      </trkpt>
      <trkpt lat="45.871772997" lon="6.476966002">
        <ele>1380.22</ele>
      </trkpt>
      <trkpt lat="45.871755002" lon="6.477054005">
        <ele>1378.97</ele>
      </trkpt>
      <trkpt lat="45.871730002" lon="6.477241">
        <ele>1381.76</ele>
      </trkpt>
      <trkpt lat="45.871703004" lon="6.477409998">
        <ele>1384.67</ele>
      </trkpt>
      <trkpt lat="45.871696996" lon="6.477491002">
        <ele>1387.89</ele>
      </trkpt>
      <trkpt lat="45.871687994" lon="6.477571997">
        <ele>1387.91</ele>
      </trkpt>
      <trkpt lat="45.871683002" lon="6.477655994">
        <ele>1388.83</ele>
      </trkpt>
      <trkpt lat="45.871677003" lon="6.477738998">
        <ele>1385.82</ele>
      </trkpt>
      <trkpt lat="45.871673006" lon="6.477809999">
        <ele>1385.34</ele>
      </trkpt>
      <trkpt lat="45.871668004" lon="6.477881995">
        <ele>1384.68</ele>
      </trkpt>
      <trkpt lat="45.871667002" lon="6.477981005">
        <ele>1383.7</ele>
      </trkpt>
      <trkpt lat="45.871669002" lon="6.478087004">
        <ele>1382.64</ele>
      </trkpt>
      <trkpt lat="45.871672003" lon="6.478209996">
        <ele>1384.01</ele>
      </trkpt>
      <trkpt lat="45.871673997" lon="6.478291002">
        <ele>1382.88</ele>
      </trkpt>
      <trkpt lat="45.871676999" lon="6.478403994">
        <ele>1382.02</ele>
      </trkpt>
      <trkpt lat="45.871681004" lon="6.478492003">
        <ele>1381.63</ele>
      </trkpt>
      <trkpt lat="45.871685003" lon="6.478577006">
        <ele>1383.53</ele>
      </trkpt>
      <trkpt lat="45.871689996" lon="6.478653994">
        <ele>1382.94</ele>
      </trkpt>
      <trkpt lat="45.871698004" lon="6.478737005">
        <ele>1382.4</ele>
      </trkpt>
      <trkpt lat="45.871714005" lon="6.478846998">
        <ele>1381.86</ele>
      </trkpt>
      <trkpt lat="45.871724997" lon="6.478936997">
        <ele>1381.27</ele>
      </trkpt>
      <trkpt lat="45.871740998" lon="6.479035003">
        <ele>1380.18</ele>
      </trkpt>
      <trkpt lat="45.871756998" lon="6.479133009">
        <ele>1378.87</ele>
      </trkpt>
      <trkpt lat="45.871775004" lon="6.479230006">
        <ele>1378.94</ele>
      </trkpt>
      <trkpt lat="45.871797997" lon="6.479374003">
        <ele>1380</ele>
      </trkpt>
      <trkpt lat="45.871816001" lon="6.479485994">
        <ele>1381.25</ele>
      </trkpt>
      <trkpt lat="45.871832002" lon="6.479586">
        <ele>1380.97</ele>
      </trkpt>
      <trkpt lat="45.871845006" lon="6.479685004">
        <ele>1381.23</ele>
      </trkpt>
      <trkpt lat="45.871858001" lon="6.479783995">
        <ele>1380.2</ele>
      </trkpt>
      <trkpt lat="45.871868005" lon="6.479861003">
        <ele>1380.1</ele>
      </trkpt>
      <trkpt lat="45.871876001" lon="6.479958994">
        <ele>1380.08</ele>
      </trkpt>
      <trkpt lat="45.871876002" lon="6.480008996">
        <ele>1380.28</ele>
      </trkpt>
      <trkpt lat="45.871875996" lon="6.480086997">
        <ele>1380.56</ele>
      </trkpt>
      <trkpt lat="45.871870999" lon="6.480135999">
        <ele>1381.08</ele>
      </trkpt>
      <trkpt lat="45.871865998" lon="6.480199995">
        <ele>1380.1</ele>
      </trkpt>
      <trkpt lat="45.871860002" lon="6.480257992">
        <ele>1379.23</ele>
      </trkpt>
      <trkpt lat="45.871854002" lon="6.480304996">
        <ele>1378.39</ele>
      </trkpt>
      <trkpt lat="45.871844003" lon="6.480356004">
        <ele>1379.04</ele>
      </trkpt>
      <trkpt lat="45.871835001" lon="6.480396005">
        <ele>1379.78</ele>
      </trkpt>
      <trkpt lat="45.871822003" lon="6.480439005">
        <ele>1379.26</ele>
      </trkpt>
      <trkpt lat="45.871805999" lon="6.480473995">
        <ele>1378.83</ele>
      </trkpt>
      <trkpt lat="45.871789997" lon="6.480508005">
        <ele>1378.49</ele>
      </trkpt>
      <trkpt lat="45.871764995" lon="6.480540995">
        <ele>1376.87</ele>
      </trkpt>
      <trkpt lat="45.871743" lon="6.480563001">
        <ele>1375.32</ele>
      </trkpt>
      <trkpt lat="45.871718002" lon="6.480582997">
        <ele>1375.15</ele>
      </trkpt>
      <trkpt lat="45.871696001" lon="6.480603995">
        <ele>1374.99</ele>
      </trkpt>
      <trkpt lat="45.871674005" lon="6.480624001">
        <ele>1374.82</ele>
      </trkpt>
      <trkpt lat="45.871655002" lon="6.480653008">
        <ele>1374.58</ele>
      </trkpt>
      <trkpt lat="45.871635998" lon="6.480684996">
        <ele>1374.27</ele>
      </trkpt>
      <trkpt lat="45.871618002" lon="6.480734003">
        <ele>1375.16</ele>
      </trkpt>
      <trkpt lat="45.871609995" lon="6.480778001">
        <ele>1375.98</ele>
      </trkpt>
      <trkpt lat="45.871605001" lon="6.480833003">
        <ele>1376.71</ele>
      </trkpt>
      <trkpt lat="45.871606002" lon="6.480883003">
        <ele>1377.37</ele>
      </trkpt>
      <trkpt lat="45.871605" lon="6.480935999">
        <ele>1378.01</ele>
      </trkpt>
      <trkpt lat="45.871604001" lon="6.481000002">
        <ele>1377.36</ele>
      </trkpt>
      <trkpt lat="45.871603004" lon="6.481046998">
        <ele>1376.67</ele>
      </trkpt>
      <trkpt lat="45.871601999" lon="6.481091001">
        <ele>1376.03</ele>
      </trkpt>
      <trkpt lat="45.871588001" lon="6.481164996">
        <ele>1375.5</ele>
      </trkpt>
      <trkpt lat="45.871573997" lon="6.481199996">
        <ele>1375.07</ele>
      </trkpt>
      <trkpt lat="45.871553999" lon="6.481223005">
        <ele>1374.73</ele>
      </trkpt>
      <trkpt lat="45.871539" lon="6.481235">
        <ele>1374.61</ele>
      </trkpt>
      <trkpt lat="45.871520999" lon="6.481246999">
        <ele>1374.63</ele>
      </trkpt>
      <trkpt lat="45.871499001" lon="6.481253003">
        <ele>1374.76</ele>
      </trkpt>
      <trkpt lat="45.871477003" lon="6.481252001">
        <ele>1373.31</ele>
      </trkpt>
      <trkpt lat="45.871457996" lon="6.481244">
        <ele>1371.94</ele>
      </trkpt>
      <trkpt lat="45.871442005" lon="6.481229997">
        <ele>1370.62</ele>
      </trkpt>
      <trkpt lat="45.871425999" lon="6.481210005">
        <ele>1369.36</ele>
      </trkpt>
      <trkpt lat="45.871413005" lon="6.481183003">
        <ele>1368.15</ele>
      </trkpt>
      <trkpt lat="45.871404002" lon="6.481149002">
        <ele>1368.66</ele>
      </trkpt>
      <trkpt lat="45.871396995" lon="6.481114003">
        <ele>1369.19</ele>
      </trkpt>
      <trkpt lat="45.871391997" lon="6.481081997">
        <ele>1369.8</ele>
      </trkpt>
      <trkpt lat="45.871389997" lon="6.481053005">
        <ele>1370.49</ele>
      </trkpt>
      <trkpt lat="45.871391994" lon="6.480999001">
        <ele>1371.28</ele>
      </trkpt>
      <trkpt lat="45.871397996" lon="6.480941999">
        <ele>1370.84</ele>
      </trkpt>
      <trkpt lat="45.871410002" lon="6.480867994">
        <ele>1370.4</ele>
      </trkpt>
      <trkpt lat="45.871427005" lon="6.480797995">
        <ele>1369.88</ele>
      </trkpt>
      <trkpt lat="45.871436" lon="6.480755001">
        <ele>1369.28</ele>
      </trkpt>
      <trkpt lat="45.871440999" lon="6.480713006">
        <ele>1368.55</ele>
      </trkpt>
      <trkpt lat="45.871442997" lon="6.480665996">
        <ele>1369.08</ele>
      </trkpt>
      <trkpt lat="45.871441001" lon="6.480623998">
        <ele>1369.6</ele>
      </trkpt>
      <trkpt lat="45.871432999" lon="6.480577995">
        <ele>1370.14</ele>
      </trkpt>
      <trkpt lat="45.871420994" lon="6.480537004">
        <ele>1370.66</ele>
      </trkpt>
      <trkpt lat="45.871399998" lon="6.480502">
        <ele>1371.11</ele>
      </trkpt>
      <trkpt lat="45.871373998" lon="6.480477003">
        <ele>1371.48</ele>
      </trkpt>
      <trkpt lat="45.871355998" lon="6.480472009">
        <ele>1371.81</ele>
      </trkpt>
      <trkpt lat="45.871338003" lon="6.480473001">
        <ele>1370.79</ele>
      </trkpt>
      <trkpt lat="45.871278998" lon="6.480470992">
        <ele>1369.61</ele>
      </trkpt>
      <trkpt lat="45.871238998" lon="6.480486996">
        <ele>1368.27</ele>
      </trkpt>
      <trkpt lat="45.871214" lon="6.480506992">
        <ele>1366.75</ele>
      </trkpt>
      <trkpt lat="45.871186999" lon="6.480537004">
        <ele>1364.93</ele>
      </trkpt>
      <trkpt lat="45.871163003" lon="6.480582999">
        <ele>1364.11</ele>
      </trkpt>
      <trkpt lat="45.871147002" lon="6.480648003">
        <ele>1363.13</ele>
      </trkpt>
      <trkpt lat="45.871133002" lon="6.480719997">
        <ele>1363.34</ele>
      </trkpt>
      <trkpt lat="45.871126999" lon="6.480787">
        <ele>1363.46</ele>
      </trkpt>
      <trkpt lat="45.871119" lon="6.480874006">
        <ele>1363.6</ele>
      </trkpt>
      <trkpt lat="45.871115" lon="6.480945006">
        <ele>1363.68</ele>
      </trkpt>
      <trkpt lat="45.871114003" lon="6.481004002">
        <ele>1363.69</ele>
      </trkpt>
      <trkpt lat="45.871107002" lon="6.481089006">
        <ele>1364.31</ele>
      </trkpt>
      <trkpt lat="45.871095999" lon="6.481172003">
        <ele>1364.88</ele>
      </trkpt>
      <trkpt lat="45.871071004" lon="6.481258">
        <ele>1365.34</ele>
      </trkpt>
      <trkpt lat="45.871032003" lon="6.481358003">
        <ele>1363.6</ele>
      </trkpt>
      <trkpt lat="45.870994998" lon="6.481452002">
        <ele>1362.13</ele>
      </trkpt>
      <trkpt lat="45.870926003" lon="6.481643995">
        <ele>1360.09</ele>
      </trkpt>
      <trkpt lat="45.870922998" lon="6.481651999">
        <ele>1357.9</ele>
      </trkpt>
      <trkpt lat="45.870866004" lon="6.481830995">
        <ele>1355.65</ele>
      </trkpt>
      <trkpt lat="45.870828002" lon="6.481954996">
        <ele>1355.95</ele>
      </trkpt>
      <trkpt lat="45.870802999" lon="6.482049998">
        <ele>1355.95</ele>
      </trkpt>
      <trkpt lat="45.870793001" lon="6.48211">
        <ele>1354.59</ele>
      </trkpt>
      <trkpt lat="45.870785998" lon="6.482185997">
        <ele>1353.56</ele>
      </trkpt>
      <trkpt lat="45.870790004" lon="6.482265992">
        <ele>1352.88</ele>
      </trkpt>
      <trkpt lat="45.870815002" lon="6.482362992">
        <ele>1352.2</ele>
      </trkpt>
      <trkpt lat="45.870829998" lon="6.482396998">
        <ele>1351.5</ele>
      </trkpt>
      <trkpt lat="45.870862004" lon="6.482452001">
        <ele>1350.85</ele>
      </trkpt>
      <trkpt lat="45.870900001" lon="6.482520002">
        <ele>1351.75</ele>
      </trkpt>
      <trkpt lat="45.870941004" lon="6.482608">
        <ele>1352.12</ele>
      </trkpt>
      <trkpt lat="45.870983997" lon="6.482692008">
        <ele>1351.91</ele>
      </trkpt>
      <trkpt lat="45.871018995" lon="6.482778001">
        <ele>1352.43</ele>
      </trkpt>
      <trkpt lat="45.87105" lon="6.482862">
        <ele>1352.34</ele>
      </trkpt>
      <trkpt lat="45.871088998" lon="6.483001008">
        <ele>1350.84</ele>
      </trkpt>
      <trkpt lat="45.871135999" lon="6.483171">
        <ele>1348.84</ele>
      </trkpt>
      <trkpt lat="45.871173006" lon="6.483335999">
        <ele>1348.53</ele>
      </trkpt>
      <trkpt lat="45.871227001" lon="6.483525001">
        <ele>1348.46</ele>
      </trkpt>
      <trkpt lat="45.871268001" lon="6.483673002">
        <ele>1348.7</ele>
      </trkpt>
      <trkpt lat="45.871290999" lon="6.483774005">
        <ele>1348.14</ele>
      </trkpt>
      <trkpt lat="45.871307001" lon="6.483885006">
        <ele>1347.97</ele>
      </trkpt>
      <trkpt lat="45.871331999" lon="6.484043002">
        <ele>1347.44</ele>
      </trkpt>
      <trkpt lat="45.871349003" lon="6.484150995">
        <ele>1345.96</ele>
      </trkpt>
      <trkpt lat="45.871363998" lon="6.484261003">
        <ele>1344.57</ele>
      </trkpt>
      <trkpt lat="45.871377006" lon="6.484331995">
        <ele>1343.73</ele>
      </trkpt>
      <trkpt lat="45.871394001" lon="6.484416">
        <ele>1343.26</ele>
      </trkpt>
      <trkpt lat="45.871407999" lon="6.484473002">
        <ele>1343.26</ele>
      </trkpt>
      <trkpt lat="45.871422004" lon="6.484540005">
        <ele>1343.26</ele>
      </trkpt>
      <trkpt lat="45.871435995" lon="6.484594">
        <ele>1343.45</ele>
      </trkpt>
      <trkpt lat="45.871461998" lon="6.484670007">
        <ele>1343.72</ele>
      </trkpt>
      <trkpt lat="45.871484004" lon="6.484718999">
        <ele>1344.14</ele>
      </trkpt>
      <trkpt lat="45.871503999" lon="6.484761">
        <ele>1343.89</ele>
      </trkpt>
      <trkpt lat="45.871525001" lon="6.484794006">
        <ele>1344.13</ele>
      </trkpt>
      <trkpt lat="45.871577002" lon="6.484840998">
        <ele>1344.71</ele>
      </trkpt>
      <trkpt lat="45.871616996" lon="6.484885992">
        <ele>1345.53</ele>
      </trkpt>
      <trkpt lat="45.871661996" lon="6.484923005">
        <ele>1346.5</ele>
      </trkpt>
      <trkpt lat="45.871693999" lon="6.484955003">
        <ele>1345.87</ele>
      </trkpt>
      <trkpt lat="45.871723001" lon="6.484989006">
        <ele>1345.2</ele>
      </trkpt>
      <trkpt lat="45.871750996" lon="6.485032003">
        <ele>1344.52</ele>
      </trkpt>
      <trkpt lat="45.871771001" lon="6.485068997">
        <ele>1343.86</ele>
      </trkpt>
      <trkpt lat="45.871790006" lon="6.485113">
        <ele>1343.1</ele>
      </trkpt>
      <trkpt lat="45.871800998" lon="6.485163993">
        <ele>1343.02</ele>
      </trkpt>
      <trkpt lat="45.871810002" lon="6.485215997">
        <ele>1342.43</ele>
      </trkpt>
      <trkpt lat="45.871816994" lon="6.485264001">
        <ele>1341.36</ele>
      </trkpt>
      <trkpt lat="45.871824" lon="6.485325001">
        <ele>1342.63</ele>
      </trkpt>
      <trkpt lat="45.871827004" lon="6.485380999">
        <ele>1343.63</ele>
      </trkpt>
      <trkpt lat="45.87183" lon="6.485436997">
        <ele>1344.6</ele>
      </trkpt>
      <trkpt lat="45.871830996" lon="6.485490003">
        <ele>1345.63</ele>
      </trkpt>
      <trkpt lat="45.871827002" lon="6.485539997">
        <ele>1346.63</ele>
      </trkpt>
      <trkpt lat="45.871820997" lon="6.485589993">
        <ele>1343.5</ele>
      </trkpt>
      <trkpt lat="45.871814003" lon="6.485648998">
        <ele>1340.62</ele>
      </trkpt>
      <trkpt lat="45.871801996" lon="6.485693995">
        <ele>1337.86</ele>
      </trkpt>
      <trkpt lat="45.871790999" lon="6.485738991">
        <ele>1336.03</ele>
      </trkpt>
      <trkpt lat="45.871773" lon="6.485799997">
        <ele>1334.24</ele>
      </trkpt>
      <trkpt lat="45.871753994" lon="6.485851003">
        <ele>1333.95</ele>
      </trkpt>
      <trkpt lat="45.871727997" lon="6.485900999">
        <ele>1333.51</ele>
      </trkpt>
      <trkpt lat="45.871714001" lon="6.485931005">
        <ele>1333.1</ele>
      </trkpt>
      <trkpt lat="45.871700005" lon="6.485972999">
        <ele>1331.79</ele>
      </trkpt>
      <trkpt lat="45.871691002" lon="6.486000998">
        <ele>1330.55</ele>
      </trkpt>
      <trkpt lat="45.871683997" lon="6.486053008">
        <ele>1329.22</ele>
      </trkpt>
      <trkpt lat="45.871684004" lon="6.486100997">
        <ele>1328.02</ele>
      </trkpt>
      <trkpt lat="45.871690997" lon="6.486151002">
        <ele>1326.7</ele>
      </trkpt>
      <trkpt lat="45.871699006" lon="6.486177999">
        <ele>1327.29</ele>
      </trkpt>
      <trkpt lat="45.871718998" lon="6.486230001">
        <ele>1327.9</ele>
      </trkpt>
      <trkpt lat="45.871731994" lon="6.486279998">
        <ele>1328.46</ele>
      </trkpt>
      <trkpt lat="45.871735999" lon="6.486343002">
        <ele>1328.96</ele>
      </trkpt>
      <trkpt lat="45.871731998" lon="6.486418003">
        <ele>1329.52</ele>
      </trkpt>
      <trkpt lat="45.871722002" lon="6.486462997">
        <ele>1328.34</ele>
      </trkpt>
      <trkpt lat="45.871711" lon="6.486516006">
        <ele>1327.31</ele>
      </trkpt>
      <trkpt lat="45.871695999" lon="6.486552001">
        <ele>1326.54</ele>
      </trkpt>
      <trkpt lat="45.871671002" lon="6.486587995">
        <ele>1325.95</ele>
      </trkpt>
      <trkpt lat="45.87165" lon="6.486613996">
        <ele>1325.57</ele>
      </trkpt>
      <trkpt lat="45.871620001" lon="6.486637996">
        <ele>1324.51</ele>
      </trkpt>
      <trkpt lat="45.871577998" lon="6.486665998">
        <ele>1324.06</ele>
      </trkpt>
      <trkpt lat="45.871529994" lon="6.486691001">
        <ele>1322.93</ele>
      </trkpt>
      <trkpt lat="45.871471999" lon="6.486710004">
        <ele>1322.78</ele>
      </trkpt>
      <trkpt lat="45.871364005" lon="6.486748">
        <ele>1322.53</ele>
      </trkpt>
      <trkpt lat="45.871236996" lon="6.486785">
        <ele>1323.01</ele>
      </trkpt>
      <trkpt lat="45.871193003" lon="6.486802992">
        <ele>1322.95</ele>
      </trkpt>
      <trkpt lat="45.871143997" lon="6.486826008">
        <ele>1323.62</ele>
      </trkpt>
      <trkpt lat="45.871099006" lon="6.486846002">
        <ele>1323.39</ele>
      </trkpt>
      <trkpt lat="45.871063999" lon="6.486875994">
        <ele>1323.37</ele>
      </trkpt>
      <trkpt lat="45.871035005" lon="6.486908006">
        <ele>1323.69</ele>
      </trkpt>
      <trkpt lat="45.871008999" lon="6.486964994">
        <ele>1323.83</ele>
      </trkpt>
      <trkpt lat="45.870974003" lon="6.487055995">
        <ele>1323.67</ele>
      </trkpt>
      <trkpt lat="45.8709" lon="6.487208993">
        <ele>1323.1</ele>
      </trkpt>
      <trkpt lat="45.870855997" lon="6.487297991">
        <ele>1322.1</ele>
      </trkpt>
      <trkpt lat="45.870806996" lon="6.487394996">
        <ele>1320.65</ele>
      </trkpt>
      <trkpt lat="45.870769001" lon="6.487459006">
        <ele>1318.53</ele>
      </trkpt>
      <trkpt lat="45.870744995" lon="6.487494997">
        <ele>1316.53</ele>
      </trkpt>
      <trkpt lat="45.870723004" lon="6.487525">
        <ele>1315.57</ele>
      </trkpt>
      <trkpt lat="45.870703" lon="6.487546999">
        <ele>1314.79</ele>
      </trkpt>
      <trkpt lat="45.870681" lon="6.487557994">
        <ele>1314.13</ele>
      </trkpt>
      <trkpt lat="45.870651001" lon="6.487563">
        <ele>1314.33</ele>
      </trkpt>
      <trkpt lat="45.870625996" lon="6.487560992">
        <ele>1314.68</ele>
      </trkpt>
      <trkpt lat="45.870598997" lon="6.487549993">
        <ele>1313.69</ele>
      </trkpt>
      <trkpt lat="45.87057" lon="6.487524004">
        <ele>1312.99</ele>
      </trkpt>
      <trkpt lat="45.870545998" lon="6.487486007">
        <ele>1312.58</ele>
      </trkpt>
      <trkpt lat="45.870526999" lon="6.487436005">
        <ele>1312.48</ele>
      </trkpt>
      <trkpt lat="45.870521998" lon="6.487383998">
        <ele>1312.69</ele>
      </trkpt>
      <trkpt lat="45.870515997" lon="6.487319992">
        <ele>1313.87</ele>
      </trkpt>
      <trkpt lat="45.870515995" lon="6.487252004">
        <ele>1315.14</ele>
      </trkpt>
      <trkpt lat="45.870517995" lon="6.487188995">
        <ele>1314.78</ele>
      </trkpt>
      <trkpt lat="45.870522004" lon="6.487128009">
        <ele>1314.46</ele>
      </trkpt>
      <trkpt lat="45.870528001" lon="6.487070994">
        <ele>1314.04</ele>
      </trkpt>
      <trkpt lat="45.870537998" lon="6.487007007">
        <ele>1313.55</ele>
      </trkpt>
      <trkpt lat="45.870555002" lon="6.486958998">
        <ele>1313.03</ele>
      </trkpt>
      <trkpt lat="45.870571004" lon="6.486911004">
        <ele>1314.11</ele>
      </trkpt>
      <trkpt lat="45.870595002" lon="6.486848999">
        <ele>1315.05</ele>
      </trkpt>
      <trkpt lat="45.870625002" lon="6.486794005">
        <ele>1317.51</ele>
      </trkpt>
      <trkpt lat="45.870664995" lon="6.486740006">
        <ele>1317.88</ele>
      </trkpt>
      <trkpt lat="45.870706998" lon="6.486690997">
        <ele>1317.68</ele>
      </trkpt>
      <trkpt lat="45.870741995" lon="6.486661004">
        <ele>1316.88</ele>
      </trkpt>
      <trkpt lat="45.870784002" lon="6.486639003">
        <ele>1315.45</ele>
      </trkpt>
      <trkpt lat="45.870836" lon="6.486615995">
        <ele>1311.95</ele>
      </trkpt>
      <trkpt lat="45.87089" lon="6.486606997">
        <ele>1313.59</ele>
      </trkpt>
      <trkpt lat="45.870930995" lon="6.486602003">
        <ele>1315.26</ele>
      </trkpt>
      <trkpt lat="45.870982" lon="6.486584003">
        <ele>1317.14</ele>
      </trkpt>
      <trkpt lat="45.871016" lon="6.486569998">
        <ele>1319.29</ele>
      </trkpt>
      <trkpt lat="45.871040999" lon="6.486556998">
        <ele>1321.65</ele>
      </trkpt>
      <trkpt lat="45.871069002" lon="6.486527001">
        <ele>1320.68</ele>
      </trkpt>
      <trkpt lat="45.871093998" lon="6.486482001">
        <ele>1319.98</ele>
      </trkpt>
      <trkpt lat="45.871109004" lon="6.486451995">
        <ele>1319.5</ele>
      </trkpt>
      <trkpt lat="45.87112" lon="6.486412005">
        <ele>1319.33</ele>
      </trkpt>
      <trkpt lat="45.871126999" lon="6.486359002">
        <ele>1319.43</ele>
      </trkpt>
      <trkpt lat="45.871125001" lon="6.486303997">
        <ele>1317.82</ele>
      </trkpt>
      <trkpt lat="45.871116996" lon="6.486264006">
        <ele>1316.37</ele>
      </trkpt>
      <trkpt lat="45.8711" lon="6.486210995">
        <ele>1315.05</ele>
      </trkpt>
      <trkpt lat="45.871072997" lon="6.486167996">
        <ele>1313.76</ele>
      </trkpt>
      <trkpt lat="45.871027" lon="6.486116003">
        <ele>1311.31</ele>
      </trkpt>
      <trkpt lat="45.870984994" lon="6.486078997">
        <ele>1311.04</ele>
      </trkpt>
      <trkpt lat="45.870882002" lon="6.485992005">
        <ele>1310.44</ele>
      </trkpt>
      <trkpt lat="45.870773002" lon="6.485899008">
        <ele>1309.33</ele>
      </trkpt>
      <trkpt lat="45.870685996" lon="6.485825002">
        <ele>1307.91</ele>
      </trkpt>
      <trkpt lat="45.870633002" lon="6.485795006">
        <ele>1307.4</ele>
      </trkpt>
      <trkpt lat="45.870598997" lon="6.485754003">
        <ele>1306.43</ele>
      </trkpt>
      <trkpt lat="45.870568" lon="6.485704004">
        <ele>1305.62</ele>
      </trkpt>
      <trkpt lat="45.870544996" lon="6.485657001">
        <ele>1305.18</ele>
      </trkpt>
      <trkpt lat="45.870521001" lon="6.485591006">
        <ele>1305.73</ele>
      </trkpt>
      <trkpt lat="45.870495" lon="6.485498006">
        <ele>1306.78</ele>
      </trkpt>
      <trkpt lat="45.870471" lon="6.485392991">
        <ele>1305.55</ele>
      </trkpt>
      <trkpt lat="45.870436999" lon="6.485209008">
        <ele>1303.72</ele>
      </trkpt>
      <trkpt lat="45.870365999" lon="6.484808995">
        <ele>1302.45</ele>
      </trkpt>
      <trkpt lat="45.870325003" lon="6.484510996">
        <ele>1300.95</ele>
      </trkpt>
      <trkpt lat="45.870293001" lon="6.484364999">
        <ele>1298.25</ele>
      </trkpt>
      <trkpt lat="45.870242996" lon="6.484214999">
        <ele>1298.46</ele>
      </trkpt>
      <trkpt lat="45.870212997" lon="6.484047">
        <ele>1299.72</ele>
      </trkpt>
      <trkpt lat="45.870174998" lon="6.483892005">
        <ele>1299.07</ele>
      </trkpt>
      <trkpt lat="45.870141001" lon="6.483779998">
        <ele>1297.89</ele>
      </trkpt>
      <trkpt lat="45.870102003" lon="6.483691005">
        <ele>1297.53</ele>
      </trkpt>
      <trkpt lat="45.870032996" lon="6.483623999">
        <ele>1296.04</ele>
      </trkpt>
      <trkpt lat="45.869928003" lon="6.483551003">
        <ele>1294.13</ele>
      </trkpt>
      <trkpt lat="45.869791994" lon="6.483473002">
        <ele>1293.59</ele>
      </trkpt>
      <trkpt lat="45.869703995" lon="6.483425003">
        <ele>1292.3</ele>
      </trkpt>
      <trkpt lat="45.869637004" lon="6.483377996">
        <ele>1290.69</ele>
      </trkpt>
      <trkpt lat="45.869577002" lon="6.483337004">
        <ele>1289.79</ele>
      </trkpt>
      <trkpt lat="45.869540002" lon="6.483289003">
        <ele>1289.08</ele>
      </trkpt>
      <trkpt lat="45.869507" lon="6.483228002">
        <ele>1288.57</ele>
      </trkpt>
      <trkpt lat="45.869487995" lon="6.483138996">
        <ele>1288.93</ele>
      </trkpt>
      <trkpt lat="45.869475" lon="6.483047995">
        <ele>1289.77</ele>
      </trkpt>
      <trkpt lat="45.869467002" lon="6.482975">
        <ele>1289.9</ele>
      </trkpt>
      <trkpt lat="45.869457" lon="6.482910008">
        <ele>1290.05</ele>
      </trkpt>
      <trkpt lat="45.869434005" lon="6.482826995">
        <ele>1290.24</ele>
      </trkpt>
      <trkpt lat="45.869405998" lon="6.482749007">
        <ele>1290.56</ele>
      </trkpt>
      <trkpt lat="45.869363999" lon="6.482662007">
        <ele>1290.93</ele>
      </trkpt>
      <trkpt lat="45.869327994" lon="6.482560998">
        <ele>1290.06</ele>
      </trkpt>
      <trkpt lat="45.869309002" lon="6.482499">
        <ele>1289.17</ele>
      </trkpt>
      <trkpt lat="45.869293002" lon="6.482408997">
        <ele>1288.21</ele>
      </trkpt>
      <trkpt lat="45.869283006" lon="6.482334999">
        <ele>1287.16</ele>
      </trkpt>
      <trkpt lat="45.869277998" lon="6.482265006">
        <ele>1286.28</ele>
      </trkpt>
      <trkpt lat="45.869279" lon="6.482198">
        <ele>1286.42</ele>
      </trkpt>
      <trkpt lat="45.869287994" lon="6.482076996">
        <ele>1286.52</ele>
      </trkpt>
      <trkpt lat="45.869295999" lon="6.482022006">
        <ele>1286.6</ele>
      </trkpt>
      <trkpt lat="45.869296998" lon="6.481976999">
        <ele>1286.62</ele>
      </trkpt>
      <trkpt lat="45.869295998" lon="6.481927001">
        <ele>1286.4</ele>
      </trkpt>
      <trkpt lat="45.869289" lon="6.481884998">
        <ele>1287.11</ele>
      </trkpt>
      <trkpt lat="45.869277996" lon="6.481843994">
        <ele>1287.7</ele>
      </trkpt>
      <trkpt lat="45.869259997" lon="6.481807994">
        <ele>1288.12</ele>
      </trkpt>
      <trkpt lat="45.869232998" lon="6.481784998">
        <ele>1288.37</ele>
      </trkpt>
      <trkpt lat="45.869209001" lon="6.481775999">
        <ele>1288.39</ele>
      </trkpt>
      <trkpt lat="45.869175002" lon="6.481771">
        <ele>1288.21</ele>
      </trkpt>
      <trkpt lat="45.869131996" lon="6.481781006">
        <ele>1287.85</ele>
      </trkpt>
      <trkpt lat="45.869102996" lon="6.481801006">
        <ele>1287.36</ele>
      </trkpt>
      <trkpt lat="45.869083003" lon="6.481836994">
        <ele>1286.75</ele>
      </trkpt>
      <trkpt lat="45.869076004" lon="6.481881003">
        <ele>1286.07</ele>
      </trkpt>
      <trkpt lat="45.869079997" lon="6.481931009">
        <ele>1285.33</ele>
      </trkpt>
      <trkpt lat="45.869089996" lon="6.481984994">
        <ele>1285.46</ele>
      </trkpt>
      <trkpt lat="45.869105003" lon="6.482040005">
        <ele>1285.51</ele>
      </trkpt>
      <trkpt lat="45.869120995" lon="6.482111001">
        <ele>1285.5</ele>
      </trkpt>
      <trkpt lat="45.869129996" lon="6.482181">
        <ele>1285.4</ele>
      </trkpt>
      <trkpt lat="45.869130005" lon="6.482243">
        <ele>1285.16</ele>
      </trkpt>
      <trkpt lat="45.869124996" lon="6.482315998">
        <ele>1283.92</ele>
      </trkpt>
      <trkpt lat="45.869116003" lon="6.482401002">
        <ele>1283.88</ele>
      </trkpt>
      <trkpt lat="45.869108001" lon="6.482478998">
        <ele>1283.8</ele>
      </trkpt>
      <trkpt lat="45.869106001" lon="6.482549993">
        <ele>1283.69</ele>
      </trkpt>
      <trkpt lat="45.869106996" lon="6.482622996">
        <ele>1283.61</ele>
      </trkpt>
      <trkpt lat="45.869103006" lon="6.482703001">
        <ele>1283.55</ele>
      </trkpt>
      <trkpt lat="45.869097004" lon="6.482781007">
        <ele>1283.33</ele>
      </trkpt>
      <trkpt lat="45.869086997" lon="6.482853006">
        <ele>1283.18</ele>
      </trkpt>
      <trkpt lat="45.869079003" lon="6.482931002">
        <ele>1283.14</ele>
      </trkpt>
      <trkpt lat="45.869065996" lon="6.482999998">
        <ele>1282.47</ele>
      </trkpt>
      <trkpt lat="45.869051998" lon="6.483068996">
        <ele>1282.02</ele>
      </trkpt>
      <trkpt lat="45.869025001" lon="6.483149998">
        <ele>1280.74</ele>
      </trkpt>
      <trkpt lat="45.868984998" lon="6.483257004">
        <ele>1280.03</ele>
      </trkpt>
      <trkpt lat="45.868959995" lon="6.483308997">
        <ele>1279.5</ele>
      </trkpt>
      <trkpt lat="45.868933995" lon="6.483347998">
        <ele>1279.86</ele>
      </trkpt>
      <trkpt lat="45.868904001" lon="6.483377999">
        <ele>1280.25</ele>
      </trkpt>
      <trkpt lat="45.868865" lon="6.483399005">
        <ele>1280.66</ele>
      </trkpt>
      <trkpt lat="45.868821" lon="6.483411992">
        <ele>1280.19</ele>
      </trkpt>
      <trkpt lat="45.868771002" lon="6.483419">
        <ele>1279.71</ele>
      </trkpt>
      <trkpt lat="45.868737995" lon="6.483420991">
        <ele>1279.19</ele>
      </trkpt>
      <trkpt lat="45.868692002" lon="6.483427001">
        <ele>1278.61</ele>
      </trkpt>
      <trkpt lat="45.86865" lon="6.483435998">
        <ele>1277.97</ele>
      </trkpt>
      <trkpt lat="45.868609001" lon="6.483454">
        <ele>1277.75</ele>
      </trkpt>
      <trkpt lat="45.868571003" lon="6.483471999">
        <ele>1277.48</ele>
      </trkpt>
      <trkpt lat="45.868544996" lon="6.483487">
        <ele>1277.13</ele>
      </trkpt>
      <trkpt lat="45.868514002" lon="6.483511995">
        <ele>1274.58</ele>
      </trkpt>
      <trkpt lat="45.868494" lon="6.483543001">
        <ele>1271.87</ele>
      </trkpt>
      <trkpt lat="45.868464002" lon="6.483581001">
        <ele>1268.98</ele>
      </trkpt>
      <trkpt lat="45.868446" lon="6.483628997">
        <ele>1265.94</ele>
      </trkpt>
      <trkpt lat="45.868435002" lon="6.483678998">
        <ele>1264.8</ele>
      </trkpt>
      <trkpt lat="45.868428004" lon="6.483725005">
        <ele>1265.62</ele>
      </trkpt>
      <trkpt lat="45.868420996" lon="6.483782999">
        <ele>1266.39</ele>
      </trkpt>
      <trkpt lat="45.868417997" lon="6.483844008">
        <ele>1267.23</ele>
      </trkpt>
      <trkpt lat="45.868418995" lon="6.483904005">
        <ele>1268.1</ele>
      </trkpt>
      <trkpt lat="45.868420999" lon="6.483938995">
        <ele>1266.97</ele>
      </trkpt>
      <trkpt lat="45.868427" lon="6.483982005">
        <ele>1265.92</ele>
      </trkpt>
      <trkpt lat="45.868435006" lon="6.484029">
        <ele>1264.96</ele>
      </trkpt>
      <trkpt lat="45.868446999" lon="6.484080001">
        <ele>1265.46</ele>
      </trkpt>
      <trkpt lat="45.868459998" lon="6.484119996">
        <ele>1266</ele>
      </trkpt>
      <trkpt lat="45.868475997" lon="6.484165005">
        <ele>1266.64</ele>
      </trkpt>
      <trkpt lat="45.868503996" lon="6.484213999">
        <ele>1267.35</ele>
      </trkpt>
      <trkpt lat="45.868528999" lon="6.484250004">
        <ele>1268.13</ele>
      </trkpt>
      <trkpt lat="45.868562003" lon="6.484307998">
        <ele>1267.42</ele>
      </trkpt>
      <trkpt lat="45.868617998" lon="6.484376">
        <ele>1267.39</ele>
      </trkpt>
      <trkpt lat="45.868699005" lon="6.484491995">
        <ele>1267.38</ele>
      </trkpt>
      <trkpt lat="45.868773996" lon="6.484591997">
        <ele>1267.5</ele>
      </trkpt>
      <trkpt lat="45.868813004" lon="6.484671003">
        <ele>1267.72</ele>
      </trkpt>
      <trkpt lat="45.868844997" lon="6.484734005">
        <ele>1268.09</ele>
      </trkpt>
      <trkpt lat="45.868871997" lon="6.484789994">
        <ele>1267.86</ele>
      </trkpt>
      <trkpt lat="45.868897001" lon="6.484849006">
        <ele>1267.61</ele>
      </trkpt>
      <trkpt lat="45.868906999" lon="6.484895998">
        <ele>1267.52</ele>
      </trkpt>
      <trkpt lat="45.868915994" lon="6.484959997">
        <ele>1267.19</ele>
      </trkpt>
      <trkpt lat="45.868922" lon="6.485022995">
        <ele>1266.63</ele>
      </trkpt>
      <trkpt lat="45.868920999" lon="6.485106001">
        <ele>1265.87</ele>
      </trkpt>
      <trkpt lat="45.868919999" lon="6.485190994">
        <ele>1264.94</ele>
      </trkpt>
      <trkpt lat="45.868916999" lon="6.485270996">
        <ele>1264.64</ele>
      </trkpt>
      <trkpt lat="45.868911004" lon="6.485353996">
        <ele>1264.24</ele>
      </trkpt>
      <trkpt lat="45.868903996" lon="6.485426002">
        <ele>1263.63</ele>
      </trkpt>
      <trkpt lat="45.868894005" lon="6.485518994">
        <ele>1263.06</ele>
      </trkpt>
      <trkpt lat="45.868888998" lon="6.485642998">
        <ele>1262.67</ele>
      </trkpt>
      <trkpt lat="45.868890002" lon="6.485701008">
        <ele>1261.37</ele>
      </trkpt>
      <trkpt lat="45.868891003" lon="6.485727006">
        <ele>1260.2</ele>
      </trkpt>
      <trkpt lat="45.868893005" lon="6.485767003">
        <ele>1260.32</ele>
      </trkpt>
      <trkpt lat="45.868891998" lon="6.485829996">
        <ele>1260.39</ele>
      </trkpt>
      <trkpt lat="45.868893994" lon="6.485914004">
        <ele>1260.3</ele>
      </trkpt>
      <trkpt lat="45.868892001" lon="6.485984999">
        <ele>1260.06</ele>
      </trkpt>
      <trkpt lat="45.868892995" lon="6.486048003">
        <ele>1259.85</ele>
      </trkpt>
      <trkpt lat="45.868888" lon="6.486124007">
        <ele>1258.63</ele>
      </trkpt>
      <trkpt lat="45.868877999" lon="6.486177">
        <ele>1259.55</ele>
      </trkpt>
      <trkpt lat="45.868869997" lon="6.486226002">
        <ele>1260.3</ele>
      </trkpt>
      <trkpt lat="45.868859996" lon="6.486284001">
        <ele>1261.08</ele>
      </trkpt>
      <trkpt lat="45.868823002" lon="6.486407">
        <ele>1261.25</ele>
      </trkpt>
      <trkpt lat="45.868796999" lon="6.486481999">
        <ele>1260.53</ele>
      </trkpt>
      <trkpt lat="45.868716999" lon="6.486687992">
        <ele>1259.73</ele>
      </trkpt>
      <trkpt lat="45.868605001" lon="6.486975997">
        <ele>1259.09</ele>
      </trkpt>
      <trkpt lat="45.868528" lon="6.487165998">
        <ele>1256.02</ele>
      </trkpt>
      <trkpt lat="45.868474999" lon="6.487285996">
        <ele>1253.66</ele>
      </trkpt>
      <trkpt lat="45.868413998" lon="6.487411991">
        <ele>1254.3</ele>
      </trkpt>
      <trkpt lat="45.868370999" lon="6.487485991">
        <ele>1252.99</ele>
      </trkpt>
      <trkpt lat="45.868340998" lon="6.487522002">
        <ele>1251.79</ele>
      </trkpt>
      <trkpt lat="45.868304005" lon="6.487573995">
        <ele>1253.18</ele>
      </trkpt>
      <trkpt lat="45.868267" lon="6.487614995">
        <ele>1254.58</ele>
      </trkpt>
      <trkpt lat="45.868232997" lon="6.487650997">
        <ele>1252.38</ele>
      </trkpt>
      <trkpt lat="45.868203996" lon="6.487684993">
        <ele>1250.3</ele>
      </trkpt>
      <trkpt lat="45.868175996" lon="6.487713995">
        <ele>1248.29</ele>
      </trkpt>
      <trkpt lat="45.868148003" lon="6.487746003">
        <ele>1246.33</ele>
      </trkpt>
      <trkpt lat="45.868124996" lon="6.487772998">
        <ele>1244.36</ele>
      </trkpt>
      <trkpt lat="45.868106997" lon="6.487802994">
        <ele>1243.93</ele>
      </trkpt>
      <trkpt lat="45.868091005" lon="6.487841">
        <ele>1244.41</ele>
      </trkpt>
      <trkpt lat="45.868073003" lon="6.487890995">
        <ele>1244.76</ele>
      </trkpt>
      <trkpt lat="45.868063995" lon="6.487955003">
        <ele>1244.92</ele>
      </trkpt>
      <trkpt lat="45.868064" lon="6.488015001">
        <ele>1244.94</ele>
      </trkpt>
      <trkpt lat="45.868068998" lon="6.488103004">
        <ele>1244.87</ele>
      </trkpt>
      <trkpt lat="45.868083997" lon="6.488204002">
        <ele>1243.75</ele>
      </trkpt>
      <trkpt lat="45.868098002" lon="6.488295994">
        <ele>1242.32</ele>
      </trkpt>
      <trkpt lat="45.868128996" lon="6.488498994">
        <ele>1241.04</ele>
      </trkpt>
      <trkpt lat="45.868148004" lon="6.488659004">
        <ele>1240.34</ele>
      </trkpt>
      <trkpt lat="45.868151997" lon="6.488691991">
        <ele>1239.64</ele>
      </trkpt>
      <trkpt lat="45.868177001" lon="6.488835001">
        <ele>1238.83</ele>
      </trkpt>
      <trkpt lat="45.868191998" lon="6.488929005">
        <ele>1238.47</ele>
      </trkpt>
      <trkpt lat="45.868204001" lon="6.488983995">
        <ele>1238.21</ele>
      </trkpt>
      <trkpt lat="45.868217994" lon="6.489024995">
        <ele>1237.65</ele>
      </trkpt>
      <trkpt lat="45.868244001" lon="6.489075995">
        <ele>1237.36</ele>
      </trkpt>
      <trkpt lat="45.868272996" lon="6.489113996">
        <ele>1237.62</ele>
      </trkpt>
      <trkpt lat="45.868301" lon="6.489145007">
        <ele>1237.93</ele>
      </trkpt>
      <trkpt lat="45.868347001" lon="6.489193001">
        <ele>1238.21</ele>
      </trkpt>
      <trkpt lat="45.868419995" lon="6.489256006">
        <ele>1238.41</ele>
      </trkpt>
      <trkpt lat="45.868446999" lon="6.489286992">
        <ele>1238.72</ele>
      </trkpt>
      <trkpt lat="45.868467998" lon="6.489317998">
        <ele>1238.81</ele>
      </trkpt>
      <trkpt lat="45.86849" lon="6.489343996">
        <ele>1238.87</ele>
      </trkpt>
      <trkpt lat="45.868507" lon="6.489372001">
        <ele>1238.87</ele>
      </trkpt>
      <trkpt lat="45.868511003" lon="6.489407001">
        <ele>1238.86</ele>
      </trkpt>
      <trkpt lat="45.868510998" lon="6.489455">
        <ele>1238.58</ele>
      </trkpt>
      <trkpt lat="45.868506994" lon="6.489485997">
        <ele>1238.21</ele>
      </trkpt>
      <trkpt lat="45.868492998" lon="6.489525007">
        <ele>1237.28</ele>
      </trkpt>
      <trkpt lat="45.868475" lon="6.489547996">
        <ele>1236.37</ele>
      </trkpt>
      <trkpt lat="45.868450006" lon="6.489564">
        <ele>1235.44</ele>
      </trkpt>
      <trkpt lat="45.86843" lon="6.489569998">
        <ele>1234.55</ele>
      </trkpt>
      <trkpt lat="45.868404998" lon="6.489574002">
        <ele>1233.73</ele>
      </trkpt>
      <trkpt lat="45.868377997" lon="6.489573003">
        <ele>1233.5</ele>
      </trkpt>
      <trkpt lat="45.868355997" lon="6.489562991">
        <ele>1233.35</ele>
      </trkpt>
      <trkpt lat="45.868326" lon="6.489544009">
        <ele>1233.3</ele>
      </trkpt>
      <trkpt lat="45.868284998" lon="6.489503995">
        <ele>1233.37</ele>
      </trkpt>
      <trkpt lat="45.868251999" lon="6.489471004">
        <ele>1233.18</ele>
      </trkpt>
      <trkpt lat="45.868225998" lon="6.489427992">
        <ele>1233.02</ele>
      </trkpt>
      <trkpt lat="45.86819" lon="6.489363999">
        <ele>1232.83</ele>
      </trkpt>
      <trkpt lat="45.868150998" lon="6.489303003">
        <ele>1232.6</ele>
      </trkpt>
      <trkpt lat="45.868119997" lon="6.489263997">
        <ele>1232.29</ele>
      </trkpt>
      <trkpt lat="45.868085994" lon="6.489232001">
        <ele>1232.17</ele>
      </trkpt>
      <trkpt lat="45.868042" lon="6.489194005">
        <ele>1231.64</ele>
      </trkpt>
      <trkpt lat="45.867977997" lon="6.489143994">
        <ele>1231.1</ele>
      </trkpt>
      <trkpt lat="45.867901999" lon="6.489097998">
        <ele>1230.59</ele>
      </trkpt>
      <trkpt lat="45.867869005" lon="6.489078001">
        <ele>1230.14</ele>
      </trkpt>
      <trkpt lat="45.867818002" lon="6.489032001">
        <ele>1229.81</ele>
      </trkpt>
      <trkpt lat="45.867789994" lon="6.488995004">
        <ele>1229.95</ele>
      </trkpt>
      <trkpt lat="45.867766004" lon="6.488954003">
        <ele>1230.19</ele>
      </trkpt>
      <trkpt lat="45.867738001" lon="6.488890001">
        <ele>1229.99</ele>
      </trkpt>
      <trkpt lat="45.867717003" lon="6.488828004">
        <ele>1229.97</ele>
      </trkpt>
      <trkpt lat="45.867689996" lon="6.488762994">
        <ele>1228.6</ele>
      </trkpt>
      <trkpt lat="45.867664997" lon="6.488695995">
        <ele>1227.46</ele>
      </trkpt>
      <trkpt lat="45.867629999" lon="6.488639009">
        <ele>1226.53</ele>
      </trkpt>
      <trkpt lat="45.867589004" lon="6.488561992">
        <ele>1226.24</ele>
      </trkpt>
      <trkpt lat="45.867541001" lon="6.488488003">
        <ele>1225.95</ele>
      </trkpt>
      <trkpt lat="45.867499997" lon="6.488431991">
        <ele>1225.68</ele>
      </trkpt>
      <trkpt lat="45.867467" lon="6.488375002">
        <ele>1225.38</ele>
      </trkpt>
      <trkpt lat="45.867434997" lon="6.488308">
        <ele>1225.03</ele>
      </trkpt>
      <trkpt lat="45.867405995" lon="6.488238993">
        <ele>1224.61</ele>
      </trkpt>
      <trkpt lat="45.867380002" lon="6.488175003">
        <ele>1222.89</ele>
      </trkpt>
      <trkpt lat="45.867367996" lon="6.488134994">
        <ele>1222.66</ele>
      </trkpt>
      <trkpt lat="45.867352" lon="6.488079997">
        <ele>1222.35</ele>
      </trkpt>
      <trkpt lat="45.867335002" lon="6.488009003">
        <ele>1220.59</ele>
      </trkpt>
      <trkpt lat="45.867329998" lon="6.487946005">
        <ele>1218.91</ele>
      </trkpt>
      <trkpt lat="45.867326995" lon="6.487876">
        <ele>1218.49</ele>
      </trkpt>
      <trkpt lat="45.867324999" lon="6.487808999">
        <ele>1218.05</ele>
      </trkpt>
      <trkpt lat="45.867326999" lon="6.487747993">
        <ele>1217.6</ele>
      </trkpt>
      <trkpt lat="45.867327002" lon="6.487691003">
        <ele>1218.56</ele>
      </trkpt>
      <trkpt lat="45.867323995" lon="6.487628996">
        <ele>1218.31</ele>
      </trkpt>
      <trkpt lat="45.867316997" lon="6.487570995">
        <ele>1218.04</ele>
      </trkpt>
      <trkpt lat="45.867302005" lon="6.487501005">
        <ele>1217.7</ele>
      </trkpt>
      <trkpt lat="45.867290999" lon="6.487454001">
        <ele>1217.31</ele>
      </trkpt>
      <trkpt lat="45.867272998" lon="6.487419006">
        <ele>1216.89</ele>
      </trkpt>
      <trkpt lat="45.867248999" lon="6.487373">
        <ele>1217.59</ele>
      </trkpt>
      <trkpt lat="45.867221" lon="6.487322006">
        <ele>1218.28</ele>
      </trkpt>
      <trkpt lat="45.867194998" lon="6.487279008">
        <ele>1218.92</ele>
      </trkpt>
      <trkpt lat="45.867158" lon="6.487216993">
        <ele>1219.51</ele>
      </trkpt>
      <trkpt lat="45.867141997" lon="6.487192008">
        <ele>1220.07</ele>
      </trkpt>
      <trkpt lat="45.867121994" lon="6.487157003">
        <ele>1219.53</ele>
      </trkpt>
      <trkpt lat="45.867105003" lon="6.487110008">
        <ele>1218.21</ele>
      </trkpt>
      <trkpt lat="45.867091002" lon="6.487052003">
        <ele>1217</ele>
      </trkpt>
      <trkpt lat="45.867080002" lon="6.486987001">
        <ele>1215.84</ele>
      </trkpt>
      <trkpt lat="45.867076" lon="6.486914003">
        <ele>1214.67</ele>
      </trkpt>
      <trkpt lat="45.867070001" lon="6.486854001">
        <ele>1214.59</ele>
      </trkpt>
      <trkpt lat="45.867064002" lon="6.486801005">
        <ele>1215.2</ele>
      </trkpt>
      <trkpt lat="45.867052997" lon="6.486748996">
        <ele>1214.12</ele>
      </trkpt>
      <trkpt lat="45.867038994" lon="6.486707996">
        <ele>1213.1</ele>
      </trkpt>
      <trkpt lat="45.867027994" lon="6.486671006">
        <ele>1212.08</ele>
      </trkpt>
      <trkpt lat="45.867004999" lon="6.486635992">
        <ele>1211.04</ele>
      </trkpt>
      <trkpt lat="45.866984002" lon="6.486623">
        <ele>1209.98</ele>
      </trkpt>
      <trkpt lat="45.866953001" lon="6.486619001">
        <ele>1210.5</ele>
      </trkpt>
      <trkpt lat="45.866922002" lon="6.486623995">
        <ele>1210.81</ele>
      </trkpt>
      <trkpt lat="45.866897004" lon="6.486634">
        <ele>1211.86</ele>
      </trkpt>
      <trkpt lat="45.866869998" lon="6.486657994">
        <ele>1212.71</ele>
      </trkpt>
      <trkpt lat="45.866849001" lon="6.486698999">
        <ele>1213.36</ele>
      </trkpt>
      <trkpt lat="45.866838999" lon="6.486742996">
        <ele>1213.85</ele>
      </trkpt>
      <trkpt lat="45.866832999" lon="6.486801">
        <ele>1214.2</ele>
      </trkpt>
      <trkpt lat="45.866833999" lon="6.486860002">
        <ele>1213.54</ele>
      </trkpt>
      <trkpt lat="45.866835006" lon="6.486921997">
        <ele>1212.82</ele>
      </trkpt>
      <trkpt lat="45.866843999" lon="6.487005">
        <ele>1212.65</ele>
      </trkpt>
      <trkpt lat="45.866853998" lon="6.487082002">
        <ele>1212.56</ele>
      </trkpt>
      <trkpt lat="45.866870003" lon="6.487190995">
        <ele>1212.23</ele>
      </trkpt>
      <trkpt lat="45.866873994" lon="6.487207995">
        <ele>1211.69</ele>
      </trkpt>
      <trkpt lat="45.866889998" lon="6.487341">
        <ele>1212.45</ele>
      </trkpt>
      <trkpt lat="45.866902994" lon="6.487480008">
        <ele>1212.64</ele>
      </trkpt>
      <trkpt lat="45.866898998" lon="6.487520991">
        <ele>1212.71</ele>
      </trkpt>
      <trkpt lat="45.866889998" lon="6.487569">
        <ele>1213.06</ele>
      </trkpt>
      <trkpt lat="45.866870002" lon="6.487624002">
        <ele>1213.69</ele>
      </trkpt>
      <trkpt lat="45.866847998" lon="6.487662001">
        <ele>1211.8</ele>
      </trkpt>
      <trkpt lat="45.866812996" lon="6.487699991">
        <ele>1210.01</ele>
      </trkpt>
      <trkpt lat="45.866765006" lon="6.487745004">
        <ele>1208.34</ele>
      </trkpt>
      <trkpt lat="45.866724001" lon="6.487775994">
        <ele>1206.71</ele>
      </trkpt>
      <trkpt lat="45.866694001" lon="6.487806998">
        <ele>1205.04</ele>
      </trkpt>
      <trkpt lat="45.866665999" lon="6.487845998">
        <ele>1205.71</ele>
      </trkpt>
      <trkpt lat="45.866636998" lon="6.487912997">
        <ele>1206.29</ele>
      </trkpt>
      <trkpt lat="45.866608994" lon="6.487997001">
        <ele>1206.79</ele>
      </trkpt>
      <trkpt lat="45.866592998" lon="6.488069003">
        <ele>1207.24</ele>
      </trkpt>
      <trkpt lat="45.866584001" lon="6.488128004">
        <ele>1207.74</ele>
      </trkpt>
      <trkpt lat="45.866567999" lon="6.488192007">
        <ele>1205.49</ele>
      </trkpt>
      <trkpt lat="45.866538997" lon="6.488244994">
        <ele>1203.28</ele>
      </trkpt>
      <trkpt lat="45.866509999" lon="6.488299001">
        <ele>1202.71</ele>
      </trkpt>
      <trkpt lat="45.866475998" lon="6.488343995">
        <ele>1202.04</ele>
      </trkpt>
      <trkpt lat="45.866429002" lon="6.488393005">
        <ele>1201.26</ele>
      </trkpt>
      <trkpt lat="45.866382998" lon="6.488465005">
        <ele>1201.91</ele>
      </trkpt>
      <trkpt lat="45.866344996" lon="6.488530996">
        <ele>1202.75</ele>
      </trkpt>
      <trkpt lat="45.866304003" lon="6.488656999">
        <ele>1201.5</ele>
      </trkpt>
      <trkpt lat="45.866274005" lon="6.488812006">
        <ele>1199.29</ele>
      </trkpt>
      <trkpt lat="45.866256" lon="6.488948999">
        <ele>1197.61</ele>
      </trkpt>
      <trkpt lat="45.866246996" lon="6.489045003">
        <ele>1196.67</ele>
      </trkpt>
      <trkpt lat="45.866255997" lon="6.489170003">
        <ele>1195.34</ele>
      </trkpt>
      <trkpt lat="45.866271998" lon="6.489274996">
        <ele>1194.23</ele>
      </trkpt>
      <trkpt lat="45.866298003" lon="6.489392002">
        <ele>1194.3</ele>
      </trkpt>
      <trkpt lat="45.866331997" lon="6.489514997">
        <ele>1193.89</ele>
      </trkpt>
      <trkpt lat="45.866385999" lon="6.489687991">
        <ele>1192.93</ele>
      </trkpt>
      <trkpt lat="45.866435001" lon="6.489818001">
        <ele>1192.16</ele>
      </trkpt>
      <trkpt lat="45.866466003" lon="6.489905997">
        <ele>1191.1</ele>
      </trkpt>
      <trkpt lat="45.866517996" lon="6.489991993">
        <ele>1190.23</ele>
      </trkpt>
      <trkpt lat="45.86657" lon="6.490046998">
        <ele>1189.74</ele>
      </trkpt>
      <trkpt lat="45.866645995" lon="6.490109999">
        <ele>1189.65</ele>
      </trkpt>
      <trkpt lat="45.866719002" lon="6.490179004">
        <ele>1189.32</ele>
      </trkpt>
      <trkpt lat="45.866788994" lon="6.490269998">
        <ele>1189.3</ele>
      </trkpt>
      <trkpt lat="45.866894" lon="6.490411">
        <ele>1189.17</ele>
      </trkpt>
      <trkpt lat="45.867001" lon="6.490547007">
        <ele>1188.97</ele>
      </trkpt>
      <trkpt lat="45.867028002" lon="6.490582998">
        <ele>1188</ele>
      </trkpt>
      <trkpt lat="45.867066998" lon="6.490621995">
        <ele>1187.7</ele>
      </trkpt>
      <trkpt lat="45.867100997" lon="6.490650004">
        <ele>1187.96</ele>
      </trkpt>
      <trkpt lat="45.867151006" lon="6.490671002">
        <ele>1188.31</ele>
      </trkpt>
      <trkpt lat="45.867197004" lon="6.490686998">
        <ele>1188.66</ele>
      </trkpt>
      <trkpt lat="45.867235003" lon="6.490711003">
        <ele>1189.59</ele>
      </trkpt>
      <trkpt lat="45.867272003" lon="6.490736996">
        <ele>1190.28</ele>
      </trkpt>
      <trkpt lat="45.867294996" lon="6.490756">
        <ele>1190.02</ele>
      </trkpt>
      <trkpt lat="45.867323998" lon="6.490792002">
        <ele>1189.45</ele>
      </trkpt>
      <trkpt lat="45.867351998" lon="6.490858998">
        <ele>1190.41</ele>
      </trkpt>
      <trkpt lat="45.867360996" lon="6.490918997">
        <ele>1189.42</ele>
      </trkpt>
      <trkpt lat="45.867363001" lon="6.490987998">
        <ele>1188.34</ele>
      </trkpt>
      <trkpt lat="45.867358002" lon="6.491036002">
        <ele>1187.92</ele>
      </trkpt>
      <trkpt lat="45.867348004" lon="6.491075999">
        <ele>1187.6</ele>
      </trkpt>
      <trkpt lat="45.867335998" lon="6.491110992">
        <ele>1185.58</ele>
      </trkpt>
      <trkpt lat="45.867312995" lon="6.491153004">
        <ele>1185.4</ele>
      </trkpt>
      <trkpt lat="45.867287004" lon="6.491189008">
        <ele>1186.97</ele>
      </trkpt>
      <trkpt lat="45.867255005" lon="6.491231005">
        <ele>1188.61</ele>
      </trkpt>
      <trkpt lat="45.867196998" lon="6.491315998">
        <ele>1190.34</ele>
      </trkpt>
      <trkpt lat="45.867155004" lon="6.491359994">
        <ele>1190.26</ele>
      </trkpt>
      <trkpt lat="45.867106996" lon="6.491416009">
        <ele>1190.21</ele>
      </trkpt>
      <trkpt lat="45.867052999" lon="6.491478005">
        <ele>1188.42</ele>
      </trkpt>
      <trkpt lat="45.867001006" lon="6.491531999">
        <ele>1186.51</ele>
      </trkpt>
      <trkpt lat="45.866955997" lon="6.491577004">
        <ele>1184.49</ele>
      </trkpt>
      <trkpt lat="45.866912998" lon="6.491627">
        <ele>1184.23</ele>
      </trkpt>
      <trkpt lat="45.866876995" lon="6.491660008">
        <ele>1185.03</ele>
      </trkpt>
      <trkpt lat="45.866841002" lon="6.491685998">
        <ele>1184.55</ele>
      </trkpt>
      <trkpt lat="45.866812999" lon="6.491718003">
        <ele>1184.02</ele>
      </trkpt>
      <trkpt lat="45.866791002" lon="6.491756001">
        <ele>1183.44</ele>
      </trkpt>
      <trkpt lat="45.866765998" lon="6.491791008">
        <ele>1182.79</ele>
      </trkpt>
      <trkpt lat="45.866748997" lon="6.491826007">
        <ele>1180.88</ele>
      </trkpt>
      <trkpt lat="45.866739002" lon="6.491862997">
        <ele>1180.15</ele>
      </trkpt>
      <trkpt lat="45.866731004" lon="6.491915004">
        <ele>1179.4</ele>
      </trkpt>
      <trkpt lat="45.866731994" lon="6.491955">
        <ele>1178.62</ele>
      </trkpt>
      <trkpt lat="45.866735006" lon="6.491998994">
        <ele>1177.73</ele>
      </trkpt>
      <trkpt lat="45.866740003" lon="6.492042005">
        <ele>1178.18</ele>
      </trkpt>
      <trkpt lat="45.866748003" lon="6.492106005">
        <ele>1178.55</ele>
      </trkpt>
      <trkpt lat="45.866763999" lon="6.492193">
        <ele>1178.92</ele>
      </trkpt>
      <trkpt lat="45.866770999" lon="6.492265995">
        <ele>1179.28</ele>
      </trkpt>
      <trkpt lat="45.866777002" lon="6.492321997">
        <ele>1179.64</ele>
      </trkpt>
      <trkpt lat="45.866773998" lon="6.492375998">
        <ele>1178.65</ele>
      </trkpt>
      <trkpt lat="45.866774999" lon="6.492454998">
        <ele>1178.78</ele>
      </trkpt>
      <trkpt lat="45.866774" lon="6.492522002">
        <ele>1178.93</ele>
      </trkpt>
      <trkpt lat="45.866772" lon="6.492588994">
        <ele>1179.07</ele>
      </trkpt>
      <trkpt lat="45.866766995" lon="6.492642997">
        <ele>1179.32</ele>
      </trkpt>
      <trkpt lat="45.866757002" lon="6.492711998">
        <ele>1179.65</ele>
      </trkpt>
      <trkpt lat="45.866750997" lon="6.492758996">
        <ele>1178.99</ele>
      </trkpt>
      <trkpt lat="45.866740994" lon="6.492807004">
        <ele>1178.39</ele>
      </trkpt>
      <trkpt lat="45.866732" lon="6.492846006">
        <ele>1177.9</ele>
      </trkpt>
      <trkpt lat="45.866721995" lon="6.492880996">
        <ele>1177.49</ele>
      </trkpt>
      <trkpt lat="45.866704999" lon="6.492917001">
        <ele>1179.03</ele>
      </trkpt>
      <trkpt lat="45.866687999" lon="6.492945006">
        <ele>1180.76</ele>
      </trkpt>
      <trkpt lat="45.866661997" lon="6.492979008">
        <ele>1182.8</ele>
      </trkpt>
      <trkpt lat="45.866633996" lon="6.493008006">
        <ele>1183.35</ele>
      </trkpt>
      <trkpt lat="45.866563004" lon="6.493065995">
        <ele>1184.47</ele>
      </trkpt>
      <trkpt lat="45.866350004" lon="6.493223003">
        <ele>1183.81</ele>
      </trkpt>
      <trkpt lat="45.866094995" lon="6.493394999">
        <ele>1181.11</ele>
      </trkpt>
      <trkpt lat="45.866006997" lon="6.493451999">
        <ele>1178.3</ele>
      </trkpt>
      <trkpt lat="45.865927997" lon="6.493511001">
        <ele>1177.09</ele>
      </trkpt>
      <trkpt lat="45.865822994" lon="6.493588006">
        <ele>1175.47</ele>
      </trkpt>
      <trkpt lat="45.865806001" lon="6.493599999">
        <ele>1171.78</ele>
      </trkpt>
      <trkpt lat="45.865729999" lon="6.493652997">
        <ele>1170.21</ele>
      </trkpt>
      <trkpt lat="45.865660998" lon="6.493694995">
        <ele>1169.91</ele>
      </trkpt>
      <trkpt lat="45.865585003" lon="6.493739001">
        <ele>1169.48</ele>
      </trkpt>
      <trkpt lat="45.865517995" lon="6.493782996">
        <ele>1168.86</ele>
      </trkpt>
      <trkpt lat="45.865462005" lon="6.493819006">
        <ele>1169.23</ele>
      </trkpt>
      <trkpt lat="45.865421998" lon="6.493848003">
        <ele>1169.41</ele>
      </trkpt>
      <trkpt lat="45.865385998" lon="6.493880003">
        <ele>1168.13</ele>
      </trkpt>
      <trkpt lat="45.865345001" lon="6.493920007">
        <ele>1166.91</ele>
      </trkpt>
      <trkpt lat="45.865306001" lon="6.493968009">
        <ele>1165.7</ele>
      </trkpt>
      <trkpt lat="45.865258" lon="6.494029">
        <ele>1165.54</ele>
      </trkpt>
      <trkpt lat="45.865201997" lon="6.494115004">
        <ele>1165.21</ele>
      </trkpt>
      <trkpt lat="45.865147" lon="6.494190002">
        <ele>1164.75</ele>
      </trkpt>
      <trkpt lat="45.865089997" lon="6.494264008">
        <ele>1164.22</ele>
      </trkpt>
      <trkpt lat="45.865037" lon="6.494327998">
        <ele>1163.65</ele>
      </trkpt>
      <trkpt lat="45.864998997" lon="6.494385997">
        <ele>1162.97</ele>
      </trkpt>
      <trkpt lat="45.864977997" lon="6.494440996">
        <ele>1162.38</ele>
      </trkpt>
      <trkpt lat="45.864957005" lon="6.494507995">
        <ele>1160.91</ele>
      </trkpt>
      <trkpt lat="45.864938001" lon="6.494585003">
        <ele>1159.77</ele>
      </trkpt>
      <trkpt lat="45.864925" lon="6.494646005">
        <ele>1158.98</ele>
      </trkpt>
      <trkpt lat="45.864911999" lon="6.494753004">
        <ele>1158.64</ele>
      </trkpt>
      <trkpt lat="45.864882" lon="6.494869001">
        <ele>1158.36</ele>
      </trkpt>
      <trkpt lat="45.864859996" lon="6.494941006">
        <ele>1159.03</ele>
      </trkpt>
      <trkpt lat="45.864840996" lon="6.494994003">
        <ele>1159.27</ele>
      </trkpt>
      <trkpt lat="45.864809994" lon="6.495055">
        <ele>1159.1</ele>
      </trkpt>
      <trkpt lat="45.864778998" lon="6.495119003">
        <ele>1158.38</ele>
      </trkpt>
      <trkpt lat="45.86475" lon="6.495169998">
        <ele>1157.53</ele>
      </trkpt>
      <trkpt lat="45.864715995" lon="6.495222005">
        <ele>1156.64</ele>
      </trkpt>
      <trkpt lat="45.864683002" lon="6.495275998">
        <ele>1155.83</ele>
      </trkpt>
      <trkpt lat="45.864650997" lon="6.495318997">
        <ele>1155.09</ele>
      </trkpt>
      <trkpt lat="45.864625" lon="6.495354003">
        <ele>1154.75</ele>
      </trkpt>
      <trkpt lat="45.864599996" lon="6.495384002">
        <ele>1154.5</ele>
      </trkpt>
      <trkpt lat="45.864570006" lon="6.495412007">
        <ele>1154.36</ele>
      </trkpt>
      <trkpt lat="45.864541999" lon="6.495433004">
        <ele>1153.07</ele>
      </trkpt>
      <trkpt lat="45.864522001" lon="6.495446005">
        <ele>1151.52</ele>
      </trkpt>
      <trkpt lat="45.864493007" lon="6.495456992">
        <ele>1149.41</ele>
      </trkpt>
      <trkpt lat="45.864466002" lon="6.495466001">
        <ele>1147.08</ele>
      </trkpt>
      <trkpt lat="45.864440001" lon="6.495464997">
        <ele>1144.48</ele>
      </trkpt>
      <trkpt lat="45.864416" lon="6.495462005">
        <ele>1145.66</ele>
      </trkpt>
      <trkpt lat="45.864391004" lon="6.495459994">
        <ele>1147.19</ele>
      </trkpt>
      <trkpt lat="45.864366" lon="6.495453003">
        <ele>1149.06</ele>
      </trkpt>
      <trkpt lat="45.864336998" lon="6.495438004">
        <ele>1149.7</ele>
      </trkpt>
      <trkpt lat="45.864309" lon="6.495413005">
        <ele>1150.84</ele>
      </trkpt>
      <trkpt lat="45.864290003" lon="6.495389003">
        <ele>1149.63</ele>
      </trkpt>
      <trkpt lat="45.864273" lon="6.495355">
        <ele>1148.63</ele>
      </trkpt>
      <trkpt lat="45.864262998" lon="6.495321995">
        <ele>1147.81</ele>
      </trkpt>
      <trkpt lat="45.864259004" lon="6.495276004">
        <ele>1148.82</ele>
      </trkpt>
      <trkpt lat="45.864256998" lon="6.495237997">
        <ele>1149.89</ele>
      </trkpt>
      <trkpt lat="45.864260002" lon="6.495174994">
        <ele>1151.05</ele>
      </trkpt>
      <trkpt lat="45.864263998" lon="6.495118995">
        <ele>1150.52</ele>
      </trkpt>
      <trkpt lat="45.864272997" lon="6.495065003">
        <ele>1150</ele>
      </trkpt>
      <trkpt lat="45.864285997" lon="6.494994996">
        <ele>1149.4</ele>
      </trkpt>
      <trkpt lat="45.864292996" lon="6.494926995">
        <ele>1148.71</ele>
      </trkpt>
      <trkpt lat="45.864293996" lon="6.494859994">
        <ele>1147.92</ele>
      </trkpt>
      <trkpt lat="45.864288996" lon="6.494804005">
        <ele>1148.83</ele>
      </trkpt>
      <trkpt lat="45.864281002" lon="6.494755">
        <ele>1148.48</ele>
      </trkpt>
      <trkpt lat="45.864261996" lon="6.494693995">
        <ele>1148.14</ele>
      </trkpt>
      <trkpt lat="45.864233" lon="6.494615003">
        <ele>1147.82</ele>
      </trkpt>
      <trkpt lat="45.864203002" lon="6.494547999">
        <ele>1147.53</ele>
      </trkpt>
      <trkpt lat="45.864172002" lon="6.494486001">
        <ele>1147.24</ele>
      </trkpt>
      <trkpt lat="45.864146002" lon="6.494427004">
        <ele>1148.25</ele>
      </trkpt>
      <trkpt lat="45.864115" lon="6.494354001">
        <ele>1149.24</ele>
      </trkpt>
      <trkpt lat="45.864079999" lon="6.494273004">
        <ele>1148.98</ele>
      </trkpt>
      <trkpt lat="45.864055" lon="6.494207001">
        <ele>1147.36</ele>
      </trkpt>
      <trkpt lat="45.864033002" lon="6.494141007">
        <ele>1145.61</ele>
      </trkpt>
      <trkpt lat="45.864018999" lon="6.494089002">
        <ele>1143.73</ele>
      </trkpt>
      <trkpt lat="45.864007002" lon="6.494030996">
        <ele>1141.76</ele>
      </trkpt>
      <trkpt lat="45.863999999" lon="6.493972997">
        <ele>1140.95</ele>
      </trkpt>
      <trkpt lat="45.863996995" lon="6.493925006">
        <ele>1141.42</ele>
      </trkpt>
      <trkpt lat="45.863996999" lon="6.493859">
        <ele>1140.95</ele>
      </trkpt>
      <trkpt lat="45.864001004" lon="6.493811994">
        <ele>1141.39</ele>
      </trkpt>
      <trkpt lat="45.864014004" lon="6.493755998">
        <ele>1141.79</ele>
      </trkpt>
      <trkpt lat="45.864039002" lon="6.493694996">
        <ele>1142.13</ele>
      </trkpt>
      <trkpt lat="45.864070002" lon="6.493641005">
        <ele>1142.48</ele>
      </trkpt>
      <trkpt lat="45.864106" lon="6.493576996">
        <ele>1143.76</ele>
      </trkpt>
      <trkpt lat="45.864156998" lon="6.493480006">
        <ele>1142.5</ele>
      </trkpt>
      <trkpt lat="45.864191998" lon="6.493398994">
        <ele>1141.17</ele>
      </trkpt>
      <trkpt lat="45.864232996" lon="6.493316994">
        <ele>1139.76</ele>
      </trkpt>
      <trkpt lat="45.864255003" lon="6.493280999">
        <ele>1138.26</ele>
      </trkpt>
      <trkpt lat="45.864286997" lon="6.493184997">
        <ele>1138.52</ele>
      </trkpt>
      <trkpt lat="45.864301999" lon="6.493126006">
        <ele>1140.38</ele>
      </trkpt>
      <trkpt lat="45.864312003" lon="6.493058995">
        <ele>1140.48</ele>
      </trkpt>
      <trkpt lat="45.864322004" lon="6.492985997">
        <ele>1140.69</ele>
      </trkpt>
      <trkpt lat="45.864323999" lon="6.492934">
        <ele>1140.97</ele>
      </trkpt>
      <trkpt lat="45.864327994" lon="6.492870995">
        <ele>1139.5</ele>
      </trkpt>
      <trkpt lat="45.864327997" lon="6.492825993">
        <ele>1138.03</ele>
      </trkpt>
      <trkpt lat="45.864324997" lon="6.492776995">
        <ele>1138.43</ele>
      </trkpt>
      <trkpt lat="45.864317995" lon="6.492736994">
        <ele>1137.89</ele>
      </trkpt>
      <trkpt lat="45.864308" lon="6.492694998">
        <ele>1137.33</ele>
      </trkpt>
      <trkpt lat="45.864290004" lon="6.492658997">
        <ele>1136.78</ele>
      </trkpt>
      <trkpt lat="45.864268" lon="6.492628999">
        <ele>1136.21</ele>
      </trkpt>
      <trkpt lat="45.864224997" lon="6.492603">
        <ele>1135.63</ele>
      </trkpt>
      <trkpt lat="45.864195999" lon="6.492586996">
        <ele>1135.96</ele>
      </trkpt>
      <trkpt lat="45.864144002" lon="6.492576993">
        <ele>1136.28</ele>
      </trkpt>
      <trkpt lat="45.864094001" lon="6.492575">
        <ele>1135.65</ele>
      </trkpt>
      <trkpt lat="45.864050999" lon="6.492578997">
        <ele>1135.05</ele>
      </trkpt>
      <trkpt lat="45.863993004" lon="6.492583993">
        <ele>1134.44</ele>
      </trkpt>
      <trkpt lat="45.863934999" lon="6.492595994">
        <ele>1133.84</ele>
      </trkpt>
      <trkpt lat="45.863889003" lon="6.492605002">
        <ele>1133.26</ele>
      </trkpt>
      <trkpt lat="45.863836005" lon="6.492618004">
        <ele>1131.54</ele>
      </trkpt>
      <trkpt lat="45.863784998" lon="6.492634009">
        <ele>1129.79</ele>
      </trkpt>
      <trkpt lat="45.863743004" lon="6.492650004">
        <ele>1127.98</ele>
      </trkpt>
      <trkpt lat="45.863700001" lon="6.492681999">
        <ele>1126.08</ele>
      </trkpt>
      <trkpt lat="45.863664" lon="6.492717004">
        <ele>1124.08</ele>
      </trkpt>
      <trkpt lat="45.863621003" lon="6.492766003">
        <ele>1124.07</ele>
      </trkpt>
      <trkpt lat="45.863569004" lon="6.492826005">
        <ele>1122.04</ele>
      </trkpt>
      <trkpt lat="45.863513002" lon="6.492883998">
        <ele>1122.08</ele>
      </trkpt>
      <trkpt lat="45.863460997" lon="6.492934">
        <ele>1122.27</ele>
      </trkpt>
      <trkpt lat="45.863401005" lon="6.492997998">
        <ele>1122.64</ele>
      </trkpt>
      <trkpt lat="45.863362998" lon="6.493011007">
        <ele>1123.26</ele>
      </trkpt>
      <trkpt lat="45.863313" lon="6.493034004">
        <ele>1126.01</ele>
      </trkpt>
      <trkpt lat="45.863254004" lon="6.493048006">
        <ele>1124.69</ele>
      </trkpt>
      <trkpt lat="45.863215001" lon="6.493059997">
        <ele>1123.39</ele>
      </trkpt>
      <trkpt lat="45.863173994" lon="6.493069991">
        <ele>1122.08</ele>
      </trkpt>
      <trkpt lat="45.863136998" lon="6.493085">
        <ele>1120.66</ele>
      </trkpt>
      <trkpt lat="45.863096" lon="6.493109005">
        <ele>1119.18</ele>
      </trkpt>
      <trkpt lat="45.863055002" lon="6.493140004">
        <ele>1119.75</ele>
      </trkpt>
      <trkpt lat="45.863021998" lon="6.493175998">
        <ele>1120.23</ele>
      </trkpt>
      <trkpt lat="45.862986998" lon="6.493213001">
        <ele>1120.54</ele>
      </trkpt>
      <trkpt lat="45.862952" lon="6.493258997">
        <ele>1119.3</ele>
      </trkpt>
      <trkpt lat="45.862930998" lon="6.493303002">
        <ele>1118.01</ele>
      </trkpt>
      <trkpt lat="45.862869" lon="6.493300996">
        <ele>1116.64</ele>
      </trkpt>
      <trkpt lat="45.862839997" lon="6.493307003">
        <ele>1115.22</ele>
      </trkpt>
      <trkpt lat="45.862814" lon="6.493325998">
        <ele>1113.85</ele>
      </trkpt>
      <trkpt lat="45.862782997" lon="6.493348005">
        <ele>1113.96</ele>
      </trkpt>
      <trkpt lat="45.862747996" lon="6.493352999">
        <ele>1114.76</ele>
      </trkpt>
      <trkpt lat="45.862697003" lon="6.493357999">
        <ele>1114.77</ele>
      </trkpt>
      <trkpt lat="45.862658001" lon="6.493372003">
        <ele>1114.66</ele>
      </trkpt>
      <trkpt lat="45.862631001" lon="6.493396005">
        <ele>1114.28</ele>
      </trkpt>
      <trkpt lat="45.862610005" lon="6.49342">
        <ele>1113.49</ele>
      </trkpt>
      <trkpt lat="45.862588997" lon="6.493468004">
        <ele>1111.67</ele>
      </trkpt>
      <trkpt lat="45.862564001" lon="6.493539998">
        <ele>1110.38</ele>
      </trkpt>
      <trkpt lat="45.862548" lon="6.493595996">
        <ele>1108.87</ele>
      </trkpt>
      <trkpt lat="45.862531998" lon="6.493643001">
        <ele>1107.17</ele>
      </trkpt>
      <trkpt lat="45.862509004" lon="6.493694001">
        <ele>1105.53</ele>
      </trkpt>
      <trkpt lat="45.862480005" lon="6.493750001">
        <ele>1104.02</ele>
      </trkpt>
      <trkpt lat="45.862487" lon="6.493823996">
        <ele>1102.66</ele>
      </trkpt>
      <trkpt lat="45.862492997" lon="6.493871995">
        <ele>1101.52</ele>
      </trkpt>
      <trkpt lat="45.862494998" lon="6.493902002">
        <ele>1100.71</ele>
      </trkpt>
      <trkpt lat="45.862500004" lon="6.493935992">
        <ele>1100.17</ele>
      </trkpt>
      <trkpt lat="45.862510999" lon="6.493977999">
        <ele>1099.8</ele>
      </trkpt>
      <trkpt lat="45.862525998" lon="6.494014997">
        <ele>1099.46</ele>
      </trkpt>
      <trkpt lat="45.862555998" lon="6.494070001">
        <ele>1098.53</ele>
      </trkpt>
      <trkpt lat="45.862599005" lon="6.494154999">
        <ele>1098.77</ele>
      </trkpt>
      <trkpt lat="45.862638005" lon="6.494209">
        <ele>1098.88</ele>
      </trkpt>
      <trkpt lat="45.862653" lon="6.494226">
        <ele>1098.85</ele>
      </trkpt>
      <trkpt lat="45.862709994" lon="6.494300003">
        <ele>1098.69</ele>
      </trkpt>
      <trkpt lat="45.862725" lon="6.494339994">
        <ele>1098.95</ele>
      </trkpt>
      <trkpt lat="45.862729" lon="6.494389002">
        <ele>1097.63</ele>
      </trkpt>
      <trkpt lat="45.862722997" lon="6.494449001">
        <ele>1097.51</ele>
      </trkpt>
      <trkpt lat="45.862724996" lon="6.494562997">
        <ele>1097.43</ele>
      </trkpt>
      <trkpt lat="45.862727006" lon="6.494629993">
        <ele>1097.49</ele>
      </trkpt>
      <trkpt lat="45.862731001" lon="6.494708004">
        <ele>1097.8</ele>
      </trkpt>
      <trkpt lat="45.862730001" lon="6.494761005">
        <ele>1098.55</ele>
      </trkpt>
      <trkpt lat="45.862729002" lon="6.494793002">
        <ele>1098.25</ele>
      </trkpt>
      <trkpt lat="45.862724999" lon="6.494844006">
        <ele>1098.05</ele>
      </trkpt>
      <trkpt lat="45.862708998" lon="6.494906996">
        <ele>1096.23</ele>
      </trkpt>
      <trkpt lat="45.862695994" lon="6.494943006">
        <ele>1094.67</ele>
      </trkpt>
      <trkpt lat="45.862619995" lon="6.494994994">
        <ele>1093.36</ele>
      </trkpt>
      <trkpt lat="45.862529995" lon="6.494969007">
        <ele>1092.23</ele>
      </trkpt>
      <trkpt lat="45.862462996" lon="6.494952994">
        <ele>1089.72</ele>
      </trkpt>
      <trkpt lat="45.862407001" lon="6.494943999">
        <ele>1089.24</ele>
      </trkpt>
      <trkpt lat="45.862268999" lon="6.494955997">
        <ele>1087.19</ele>
      </trkpt>
      <trkpt lat="45.862152002" lon="6.494920997">
        <ele>1085.22</ele>
      </trkpt>
      <trkpt lat="45.862050996" lon="6.494902002">
        <ele>1082.83</ele>
      </trkpt>
      <trkpt lat="45.861939996" lon="6.494873008">
        <ele>1082.72</ele>
      </trkpt>
      <trkpt lat="45.861890001" lon="6.494998994">
        <ele>1081.18</ele>
      </trkpt>
      <trkpt lat="45.861819006" lon="6.495172996">
        <ele>1080.97</ele>
      </trkpt>
      <trkpt lat="45.861763003" lon="6.495293002">
        <ele>1080.48</ele>
      </trkpt>
      <trkpt lat="45.861711004" lon="6.495362004">
        <ele>1080.24</ele>
      </trkpt>
      <trkpt lat="45.861670002" lon="6.495410004">
        <ele>1080.13</ele>
      </trkpt>
      <trkpt lat="45.861632" lon="6.495447008">
        <ele>1081.15</ele>
      </trkpt>
      <trkpt lat="45.861598998" lon="6.495465996">
        <ele>1081.15</ele>
      </trkpt>
      <trkpt lat="45.861564" lon="6.495483994">
        <ele>1081.24</ele>
      </trkpt>
      <trkpt lat="45.861523006" lon="6.495499998">
        <ele>1081.41</ele>
      </trkpt>
      <trkpt lat="45.861457998" lon="6.495514003">
        <ele>1080.63</ele>
      </trkpt>
      <trkpt lat="45.861395997" lon="6.495522006">
        <ele>1079.91</ele>
      </trkpt>
      <trkpt lat="45.861327005" lon="6.495536003">
        <ele>1079.18</ele>
      </trkpt>
      <trkpt lat="45.861261003" lon="6.495537005">
        <ele>1078.4</ele>
      </trkpt>
      <trkpt lat="45.861182001" lon="6.495535995">
        <ele>1077.55</ele>
      </trkpt>
      <trkpt lat="45.861103996" lon="6.495536003">
        <ele>1075.96</ele>
      </trkpt>
      <trkpt lat="45.861037997" lon="6.495535999">
        <ele>1074.34</ele>
      </trkpt>
      <trkpt lat="45.860964001" lon="6.495538997">
        <ele>1073.84</ele>
      </trkpt>
      <trkpt lat="45.860897996" lon="6.495542991">
        <ele>1073.36</ele>
      </trkpt>
      <trkpt lat="45.860847001" lon="6.495544002">
        <ele>1072.92</ele>
      </trkpt>
      <trkpt lat="45.860809" lon="6.495546005">
        <ele>1073.22</ele>
      </trkpt>
      <trkpt lat="45.860766998" lon="6.495549999">
        <ele>1073.49</ele>
      </trkpt>
      <trkpt lat="45.860737" lon="6.495556999">
        <ele>1073.78</ele>
      </trkpt>
      <trkpt lat="45.860721996" lon="6.495569994">
        <ele>1073.18</ele>
      </trkpt>
      <trkpt lat="45.860701998" lon="6.495592">
        <ele>1072.51</ele>
      </trkpt>
      <trkpt lat="45.860689002" lon="6.495617004">
        <ele>1071.75</ele>
      </trkpt>
      <trkpt lat="45.860682001" lon="6.495644">
        <ele>1070.87</ele>
      </trkpt>
      <trkpt lat="45.860681997" lon="6.495675001">
        <ele>1071.23</ele>
      </trkpt>
      <trkpt lat="45.860688005" lon="6.495705997">
        <ele>1072.45</ele>
      </trkpt>
      <trkpt lat="45.860696998" lon="6.495731995">
        <ele>1073.65</ele>
      </trkpt>
      <trkpt lat="45.860717003" lon="6.495767993">
        <ele>1074.8</ele>
      </trkpt>
      <trkpt lat="45.860737002" lon="6.495793992">
        <ele>1075.87</ele>
      </trkpt>
      <trkpt lat="45.860772002" lon="6.495824001">
        <ele>1075.42</ele>
      </trkpt>
      <trkpt lat="45.860814003" lon="6.495848002">
        <ele>1075.23</ele>
      </trkpt>
      <trkpt lat="45.860859" lon="6.495864002">
        <ele>1074.87</ele>
      </trkpt>
      <trkpt lat="45.860906997" lon="6.495885003">
        <ele>1075.79</ele>
      </trkpt>
      <trkpt lat="45.860941" lon="6.495905002">
        <ele>1076.75</ele>
      </trkpt>
      <trkpt lat="45.860984001" lon="6.495929002">
        <ele>1077.8</ele>
      </trkpt>
      <trkpt lat="45.861028003" lon="6.495968999">
        <ele>1078.49</ele>
      </trkpt>
      <trkpt lat="45.861061998" lon="6.496006994">
        <ele>1079.27</ele>
      </trkpt>
      <trkpt lat="45.861081999" lon="6.496037007">
        <ele>1078.67</ele>
      </trkpt>
      <trkpt lat="45.861105003" lon="6.496076008">
        <ele>1077.87</ele>
      </trkpt>
      <trkpt lat="45.861140004" lon="6.496122001">
        <ele>1076.92</ele>
      </trkpt>
      <trkpt lat="45.861187998" lon="6.496159994">
        <ele>1077.29</ele>
      </trkpt>
      <trkpt lat="45.861225996" lon="6.496184">
        <ele>1077.61</ele>
      </trkpt>
      <trkpt lat="45.861276999" lon="6.496212998">
        <ele>1081.98</ele>
      </trkpt>
      <trkpt lat="45.861312996" lon="6.496243999">
        <ele>1086.58</ele>
      </trkpt>
      <trkpt lat="45.861345995" lon="6.496304005">
        <ele>1091.46</ele>
      </trkpt>
      <trkpt lat="45.861352996" lon="6.496360002">
        <ele>1095.23</ele>
      </trkpt>
      <trkpt lat="45.861354" lon="6.496405001">
        <ele>1099.3</ele>
      </trkpt>
      <trkpt lat="45.861350006" lon="6.496479007">
        <ele>1099.67</ele>
      </trkpt>
      <trkpt lat="45.861344999" lon="6.496539996">
        <ele>1100.26</ele>
      </trkpt>
      <trkpt lat="45.861340001" lon="6.496587001">
        <ele>1101.16</ele>
      </trkpt>
      <trkpt lat="45.861334994" lon="6.496640998">
        <ele>1105.85</ele>
      </trkpt>
      <trkpt lat="45.861322001" lon="6.496679006">
        <ele>1108.6</ele>
      </trkpt>
      <trkpt lat="45.861266999" lon="6.496747997">
        <ele>1111.98</ele>
      </trkpt>
      <trkpt lat="45.86122" lon="6.496768999">
        <ele>1111.58</ele>
      </trkpt>
      <trkpt lat="45.861159996" lon="6.496761994">
        <ele>1112.38</ele>
      </trkpt>
      <trkpt lat="45.861097998" lon="6.496706999">
        <ele>1106.26</ele>
      </trkpt>
      <trkpt lat="45.861023996" lon="6.496617003">
        <ele>1103.7</ele>
      </trkpt>
      <trkpt lat="45.860929001" lon="6.496547995">
        <ele>1102.37</ele>
      </trkpt>
      <trkpt lat="45.860818004" lon="6.496499995">
        <ele>1102.12</ele>
      </trkpt>
      <trkpt lat="45.860704999" lon="6.496486003">
        <ele>1101.55</ele>
      </trkpt>
      <trkpt lat="45.860582006" lon="6.496493001">
        <ele>1101.57</ele>
      </trkpt>
      <trkpt lat="45.860465004" lon="6.496493992">
        <ele>1100.88</ele>
      </trkpt>
      <trkpt lat="45.860345004" lon="6.496457006">
        <ele>1095.4</ele>
      </trkpt>
      <trkpt lat="45.860210996" lon="6.496425002">
        <ele>1093.54</ele>
      </trkpt>
      <trkpt lat="45.860061001" lon="6.496422005">
        <ele>1086.77</ele>
      </trkpt>
      <trkpt lat="45.859914003" lon="6.496433995">
        <ele>1083.59</ele>
      </trkpt>
      <trkpt lat="45.859796002" lon="6.496448005">
        <ele>1075.84</ele>
      </trkpt>
      <trkpt lat="45.859667001" lon="6.496477005">
        <ele>1071.2</ele>
      </trkpt>
      <trkpt lat="45.859566" lon="6.496511998">
        <ele>1065.52</ele>
      </trkpt>
      <trkpt lat="45.859465997" lon="6.496566006">
        <ele>1061.99</ele>
      </trkpt>
      <trkpt lat="45.859364999" lon="6.496637006">
        <ele>1058.54</ele>
      </trkpt>
      <trkpt lat="45.859297002" lon="6.496693998">
        <ele>1058.37</ele>
      </trkpt>
      <trkpt lat="45.859228997" lon="6.496755001">
        <ele>1057.58</ele>
      </trkpt>
      <trkpt lat="45.859158998" lon="6.496834997">
        <ele>1056.58</ele>
      </trkpt>
      <trkpt lat="45.859094999" lon="6.496924997">
        <ele>1056.68</ele>
      </trkpt>
      <trkpt lat="45.859064996" lon="6.496976994">
        <ele>1055.46</ele>
      </trkpt>
      <trkpt lat="45.859030996" lon="6.497068999">
        <ele>1054.81</ele>
      </trkpt>
      <trkpt lat="45.858994998" lon="6.497166993">
        <ele>1054.95</ele>
      </trkpt>
      <trkpt lat="45.858936001" lon="6.497280003">
        <ele>1056.04</ele>
      </trkpt>
      <trkpt lat="45.858873" lon="6.497375006">
        <ele>1053.61</ele>
      </trkpt>
      <trkpt lat="45.858797999" lon="6.497448001">
        <ele>1051.39</ele>
      </trkpt>
      <trkpt lat="45.858719005" lon="6.497484001">
        <ele>1049.39</ele>
      </trkpt>
      <trkpt lat="45.858703001" lon="6.497492003">
        <ele>1051.69</ele>
      </trkpt>
      <trkpt lat="45.858627998" lon="6.497531005">
        <ele>1049.47</ele>
      </trkpt>
      <trkpt lat="45.858550004" lon="6.497573996">
        <ele>1051.47</ele>
      </trkpt>
      <trkpt lat="45.858463" lon="6.497616002">
        <ele>1053.47</ele>
      </trkpt>
      <trkpt lat="45.858379" lon="6.497659992">
        <ele>1055.06</ele>
      </trkpt>
      <trkpt lat="45.858298004" lon="6.497726001">
        <ele>1049.44</ele>
      </trkpt>
      <trkpt lat="45.858207001" lon="6.497788007">
        <ele>1048.36</ele>
      </trkpt>
      <trkpt lat="45.858083996" lon="6.497876003">
        <ele>1048.94</ele>
      </trkpt>
      <trkpt lat="45.857881997" lon="6.497992992">
        <ele>1045.52</ele>
      </trkpt>
      <trkpt lat="45.857724" lon="6.498097008">
        <ele>1043.35</ele>
      </trkpt>
      <trkpt lat="45.857553003" lon="6.498187995">
        <ele>1040.51</ele>
      </trkpt>
      <trkpt lat="45.857386006" lon="6.498267999">
        <ele>1037.05</ele>
      </trkpt>
      <trkpt lat="45.857245001" lon="6.498326005">
        <ele>1031.95</ele>
      </trkpt>
      <trkpt lat="45.857128001" lon="6.498378993">
        <ele>1031.09</ele>
      </trkpt>
      <trkpt lat="45.857032" lon="6.498426">
        <ele>1027.33</ele>
      </trkpt>
      <trkpt lat="45.856912003" lon="6.498502999">
        <ele>1028.18</ele>
      </trkpt>
      <trkpt lat="45.856614002" lon="6.498699007">
        <ele>1026.09</ele>
      </trkpt>
      <trkpt lat="45.856393003" lon="6.498836005">
        <ele>1022.29</ele>
      </trkpt>
      <trkpt lat="45.856173001" lon="6.498974007">
        <ele>1021.58</ele>
      </trkpt>
      <trkpt lat="45.855848" lon="6.499212002">
        <ele>1019.62</ele>
      </trkpt>
      <trkpt lat="45.855721997" lon="6.499301">
        <ele>1016.23</ele>
      </trkpt>
      <trkpt lat="45.855657" lon="6.499351004">
        <ele>1015.63</ele>
      </trkpt>
      <trkpt lat="45.855602995" lon="6.499392997">
        <ele>1016.48</ele>
      </trkpt>
      <trkpt lat="45.855560002" lon="6.499437998">
        <ele>1013.88</ele>
      </trkpt>
      <trkpt lat="45.855512996" lon="6.499488008">
        <ele>1011.92</ele>
      </trkpt>
      <trkpt lat="45.855463997" lon="6.499542999">
        <ele>1012.3</ele>
      </trkpt>
      <trkpt lat="45.855411001" lon="6.499616996">
        <ele>1012.9</ele>
      </trkpt>
      <trkpt lat="45.855369996" lon="6.499670005">
        <ele>1013.75</ele>
      </trkpt>
      <trkpt lat="45.855335002" lon="6.499714004">
        <ele>1014.81</ele>
      </trkpt>
      <trkpt lat="45.855295003" lon="6.499754009">
        <ele>1018.25</ele>
      </trkpt>
      <trkpt lat="45.855263001" lon="6.499782008">
        <ele>1019.63</ele>
      </trkpt>
      <trkpt lat="45.855225004" lon="6.499806003">
        <ele>1021</ele>
      </trkpt>
      <trkpt lat="45.855178997" lon="6.499828998">
        <ele>1018.33</ele>
      </trkpt>
      <trkpt lat="45.855145004" lon="6.499849996">
        <ele>1015.58</ele>
      </trkpt>
      <trkpt lat="45.855093997" lon="6.499877008">
        <ele>1012.61</ele>
      </trkpt>
      <trkpt lat="45.855048997" lon="6.499912">
        <ele>1009.3</ele>
      </trkpt>
      <trkpt lat="45.855006996" lon="6.499950007">
        <ele>1005.75</ele>
      </trkpt>
      <trkpt lat="45.854965999" lon="6.499993999">
        <ele>1009.22</ele>
      </trkpt>
      <trkpt lat="45.854944006" lon="6.500018996">
        <ele>1012.39</ele>
      </trkpt>
      <trkpt lat="45.854917999" lon="6.500064997">
        <ele>1015.23</ele>
      </trkpt>
      <trkpt lat="45.8549" lon="6.500107997">
        <ele>1015.2</ele>
      </trkpt>
      <trkpt lat="45.854869003" lon="6.500175998">
        <ele>1015.2</ele>
      </trkpt>
      <trkpt lat="45.854844996" lon="6.500242997">
        <ele>1012</ele>
      </trkpt>
      <trkpt lat="45.854825003" lon="6.500297997">
        <ele>1009.01</ele>
      </trkpt>
      <trkpt lat="45.854805002" lon="6.500340999">
        <ele>1006.35</ele>
      </trkpt>
      <trkpt lat="45.854783003" lon="6.500378998">
        <ele>1006.65</ele>
      </trkpt>
      <trkpt lat="45.854751" lon="6.500420993">
        <ele>1012.36</ele>
      </trkpt>
      <trkpt lat="45.854719999" lon="6.500449004">
        <ele>1018.98</ele>
      </trkpt>
      <trkpt lat="45.854683997" lon="6.500478994">
        <ele>1026.37</ele>
      </trkpt>
      <trkpt lat="45.854644995" lon="6.500497003">
        <ele>1027.41</ele>
      </trkpt>
      <trkpt lat="45.854611998" lon="6.50051">
        <ele>1029.07</ele>
      </trkpt>
      <trkpt lat="45.854573004" lon="6.500525997">
        <ele>1025.98</ele>
      </trkpt>
      <trkpt lat="45.854541999" lon="6.500530002">
        <ele>1022.75</ele>
      </trkpt>
      <trkpt lat="45.854512002" lon="6.500532006">
        <ele>1018.81</ele>
      </trkpt>
      <trkpt lat="45.854475997" lon="6.500532997">
        <ele>1021.62</ele>
      </trkpt>
      <trkpt lat="45.854471624" lon="6.50053219">
        <ele>1025.23</ele>
      </trkpt>
      <trkpt lat="45.854449003" lon="6.500528006">
        <ele>1029.13</ele>
      </trkpt>
      <trkpt lat="45.854380998" lon="6.500510996">
        <ele>1026.54</ele>
      </trkpt>
      <trkpt lat="45.854337" lon="6.500474999">
        <ele>1024.27</ele>
      </trkpt>
      <trkpt lat="45.854294001" lon="6.500418994">
        <ele>1021.77</ele>
      </trkpt>
      <trkpt lat="45.854208" lon="6.500312001">
        <ele>1017.99</ele>
      </trkpt>
      <trkpt lat="45.854146998" lon="6.500219999">
        <ele>1013.6</ele>
      </trkpt>
      <trkpt lat="45.854094001" lon="6.500145997">
        <ele>1011.84</ele>
      </trkpt>
      <trkpt lat="45.854030996" lon="6.500084001">
        <ele>1010.22</ele>
      </trkpt>
      <trkpt lat="45.853956" lon="6.500047998">
        <ele>1009.04</ele>
      </trkpt>
      <trkpt lat="45.853871999" lon="6.500029998">
        <ele>1005.65</ele>
      </trkpt>
      <trkpt lat="45.853769" lon="6.500032">
        <ele>1006.22</ele>
      </trkpt>
      <trkpt lat="45.853638002" lon="6.500046001">
        <ele>1006.65</ele>
      </trkpt>
      <trkpt lat="45.853499004" lon="6.500067995">
        <ele>1007.18</ele>
      </trkpt>
      <trkpt lat="45.853404003" lon="6.500091995">
        <ele>1006.44</ele>
      </trkpt>
      <trkpt lat="45.853246998" lon="6.500151995">
        <ele>1007.92</ele>
      </trkpt>
      <trkpt lat="45.853016001" lon="6.500241004">
        <ele>1003.24</ele>
      </trkpt>
      <trkpt lat="45.852697994" lon="6.50036">
        <ele>1005.58</ele>
      </trkpt>
      <trkpt lat="45.852515002" lon="6.500426992">
        <ele>1004.15</ele>
      </trkpt>
      <trkpt lat="45.852408996" lon="6.500477999">
        <ele>1004.92</ele>
      </trkpt>
      <trkpt lat="45.852308001" lon="6.500536007">
        <ele>1003.43</ele>
      </trkpt>
      <trkpt lat="45.852091001" lon="6.500678001">
        <ele>1004.56</ele>
      </trkpt>
      <trkpt lat="45.851864995" lon="6.500829006">
        <ele>999.88</ele>
      </trkpt>
      <trkpt lat="45.851559003" lon="6.501050004">
        <ele>997.85</ele>
      </trkpt>
      <trkpt lat="45.851289995" lon="6.501264008">
        <ele>994.74</ele>
      </trkpt>
      <trkpt lat="45.850963999" lon="6.501530993">
        <ele>993.96</ele>
      </trkpt>
      <trkpt lat="45.850764994" lon="6.501692">
        <ele>991.44</ele>
      </trkpt>
      <trkpt lat="45.850566998" lon="6.501853006">
        <ele>990.87</ele>
      </trkpt>
      <trkpt lat="45.850345994" lon="6.502037998">
        <ele>992.33</ele>
      </trkpt>
      <trkpt lat="45.850125003" lon="6.502223996">
        <ele>994.02</ele>
      </trkpt>
      <trkpt lat="45.849922" lon="6.502404002">
        <ele>993.07</ele>
      </trkpt>
      <trkpt lat="45.849718002" lon="6.502585001">
        <ele>994.03</ele>
      </trkpt>
      <trkpt lat="45.849409999" lon="6.502862">
        <ele>996.27</ele>
      </trkpt>
      <trkpt lat="45.849226" lon="6.503016006">
        <ele>994.09</ele>
      </trkpt>
      <trkpt lat="45.849101999" lon="6.503112993">
        <ele>991.87</ele>
      </trkpt>
      <trkpt lat="45.849013" lon="6.503170993">
        <ele>992.56</ele>
      </trkpt>
      <trkpt lat="45.848919" lon="6.503215003">
        <ele>992.88</ele>
      </trkpt>
      <trkpt lat="45.848844002" lon="6.503249992">
        <ele>990.17</ele>
      </trkpt>
      <trkpt lat="45.848771002" lon="6.503264998">
        <ele>990.89</ele>
      </trkpt>
      <trkpt lat="45.8487" lon="6.503271993">
        <ele>991.45</ele>
      </trkpt>
      <trkpt lat="45.848621003" lon="6.503281008">
        <ele>990.47</ele>
      </trkpt>
      <trkpt lat="45.848533998" lon="6.503273004">
        <ele>989.27</ele>
      </trkpt>
      <trkpt lat="45.848418003" lon="6.503254001">
        <ele>990.22</ele>
      </trkpt>
      <trkpt lat="45.848335002" lon="6.503241002">
        <ele>989.74</ele>
      </trkpt>
      <trkpt lat="45.848244004" lon="6.503235002">
        <ele>988.87</ele>
      </trkpt>
      <trkpt lat="45.848158998" lon="6.503247995">
        <ele>989.2</ele>
      </trkpt>
      <trkpt lat="45.848077" lon="6.503266002">
        <ele>988.51</ele>
      </trkpt>
      <trkpt lat="45.847983996" lon="6.503292997">
        <ele>987.6</ele>
      </trkpt>
      <trkpt lat="45.847855997" lon="6.503329997">
        <ele>988.78</ele>
      </trkpt>
      <trkpt lat="45.847764998" lon="6.503363">
        <ele>988.67</ele>
      </trkpt>
      <trkpt lat="45.847687005" lon="6.503405007">
        <ele>988.2</ele>
      </trkpt>
      <trkpt lat="45.847634002" lon="6.503434995">
        <ele>988.34</ele>
      </trkpt>
      <trkpt lat="45.847578996" lon="6.503487994">
        <ele>988.21</ele>
      </trkpt>
      <trkpt lat="45.847541996" lon="6.503526001">
        <ele>986.68</ele>
      </trkpt>
      <trkpt lat="45.847524002" lon="6.503564997">
        <ele>985.93</ele>
      </trkpt>
      <trkpt lat="45.847483003" lon="6.503642992">
        <ele>986.57</ele>
      </trkpt>
      <trkpt lat="45.847445002" lon="6.503758001">
        <ele>987.13</ele>
      </trkpt>
      <trkpt lat="45.847396002" lon="6.503896006">
        <ele>986.5</ele>
      </trkpt>
      <trkpt lat="45.847363999" lon="6.503976004">
        <ele>986.08</ele>
      </trkpt>
      <trkpt lat="45.847330999" lon="6.504080006">
        <ele>985.96</ele>
      </trkpt>
      <trkpt lat="45.847305001" lon="6.504152995">
        <ele>986.15</ele>
      </trkpt>
      <trkpt lat="45.847290999" lon="6.50419">
        <ele>986.67</ele>
      </trkpt>
      <trkpt lat="45.847264998" lon="6.50425">
        <ele>988.73</ele>
      </trkpt>
      <trkpt lat="45.847243" lon="6.504294003">
        <ele>991.04</ele>
      </trkpt>
      <trkpt lat="45.847215004" lon="6.504332002">
        <ele>993.63</ele>
      </trkpt>
      <trkpt lat="45.847184003" lon="6.504371009">
        <ele>994.94</ele>
      </trkpt>
      <trkpt lat="45.847151004" lon="6.504406999">
        <ele>993.53</ele>
      </trkpt>
      <trkpt lat="45.847114001" lon="6.504438995">
        <ele>992.24</ele>
      </trkpt>
      <trkpt lat="45.847059003" lon="6.504474001">
        <ele>991.06</ele>
      </trkpt>
      <trkpt lat="45.846994003" lon="6.504505997">
        <ele>989.97</ele>
      </trkpt>
      <trkpt lat="45.846917" lon="6.504544002">
        <ele>986.93</ele>
      </trkpt>
      <trkpt lat="45.846828998" lon="6.504580006">
        <ele>986.57</ele>
      </trkpt>
      <trkpt lat="45.846747999" lon="6.504621007">
        <ele>987.62</ele>
      </trkpt>
      <trkpt lat="45.846712003" lon="6.504640001">
        <ele>988.44</ele>
      </trkpt>
      <trkpt lat="45.846666995" lon="6.504663001">
        <ele>989.05</ele>
      </trkpt>
      <trkpt lat="45.846612999" lon="6.504681999">
        <ele>990.11</ele>
      </trkpt>
      <trkpt lat="45.846556002" lon="6.504702998">
        <ele>991.2</ele>
      </trkpt>
      <trkpt lat="45.846499995" lon="6.504721997">
        <ele>990.72</ele>
      </trkpt>
      <trkpt lat="45.846451997" lon="6.504739996">
        <ele>990.28</ele>
      </trkpt>
      <trkpt lat="45.846397999" lon="6.504748005">
        <ele>989.87</ele>
      </trkpt>
      <trkpt lat="45.846348" lon="6.504757003">
        <ele>989.78</ele>
      </trkpt>
      <trkpt lat="45.846297001" lon="6.504758998">
        <ele>989.81</ele>
      </trkpt>
      <trkpt lat="45.846236997" lon="6.504761002">
        <ele>989.87</ele>
      </trkpt>
      <trkpt lat="45.846171996" lon="6.504764003">
        <ele>990</ele>
      </trkpt>
      <trkpt lat="45.846124995" lon="6.504767001">
        <ele>990.14</ele>
      </trkpt>
      <trkpt lat="45.846072" lon="6.504770004">
        <ele>989.48</ele>
      </trkpt>
      <trkpt lat="45.846029002" lon="6.504774998">
        <ele>988.78</ele>
      </trkpt>
      <trkpt lat="45.845967994" lon="6.504786997">
        <ele>988.4</ele>
      </trkpt>
      <trkpt lat="45.845908995" lon="6.504805999">
        <ele>986.84</ele>
      </trkpt>
      <trkpt lat="45.845777005" lon="6.504857998">
        <ele>986.46</ele>
      </trkpt>
      <trkpt lat="45.845518995" lon="6.505010998">
        <ele>986.63</ele>
      </trkpt>
      <trkpt lat="45.845321998" lon="6.505125996">
        <ele>987.88</ele>
      </trkpt>
      <trkpt lat="45.845032002" lon="6.505323004">
        <ele>989.13</ele>
      </trkpt>
      <trkpt lat="45.844929001" lon="6.505395003">
        <ele>987.81</ele>
      </trkpt>
      <trkpt lat="45.844887006" lon="6.505421998">
        <ele>985.28</ele>
      </trkpt>
      <trkpt lat="45.844820998" lon="6.505458004">
        <ele>988.72</ele>
      </trkpt>
      <trkpt lat="45.844807004" lon="6.505466">
        <ele>991.55</ele>
      </trkpt>
      <trkpt lat="45.844747001" lon="6.505496997">
        <ele>994.4</ele>
      </trkpt>
      <trkpt lat="45.84468" lon="6.505528992">
        <ele>998.22</ele>
      </trkpt>
      <trkpt lat="45.844628994" lon="6.505555002">
        <ele>1002.71</ele>
      </trkpt>
      <trkpt lat="45.844551999" lon="6.505593004">
        <ele>1002.78</ele>
      </trkpt>
      <trkpt lat="45.844480002" lon="6.505621006">
        <ele>1002.65</ele>
      </trkpt>
      <trkpt lat="45.844444004" lon="6.505636001">
        <ele>1002.52</ele>
      </trkpt>
      <trkpt lat="45.844399002" lon="6.505653002">
        <ele>1005.44</ele>
      </trkpt>
      <trkpt lat="45.844350996" lon="6.505672998">
        <ele>1004.36</ele>
      </trkpt>
      <trkpt lat="45.844308" lon="6.505691004">
        <ele>1003.55</ele>
      </trkpt>
      <trkpt lat="45.844260001" lon="6.505709001">
        <ele>1002.6</ele>
      </trkpt>
      <trkpt lat="45.844197" lon="6.505728005">
        <ele>1001.51</ele>
      </trkpt>
      <trkpt lat="45.844159003" lon="6.505737997">
        <ele>1000.31</ele>
      </trkpt>
      <trkpt lat="45.844120001" lon="6.505748995">
        <ele>1002.84</ele>
      </trkpt>
      <trkpt lat="45.844082003" lon="6.505757001">
        <ele>1001</ele>
      </trkpt>
      <trkpt lat="45.844029004" lon="6.505760996">
        <ele>999.22</ele>
      </trkpt>
      <trkpt lat="45.843989" lon="6.505761007">
        <ele>997.62</ele>
      </trkpt>
      <trkpt lat="45.843944002" lon="6.505756999">
        <ele>996.09</ele>
      </trkpt>
      <trkpt lat="45.843888001" lon="6.505751994">
        <ele>994.45</ele>
      </trkpt>
      <trkpt lat="45.843843995" lon="6.505740994">
        <ele>993.08</ele>
      </trkpt>
      <trkpt lat="45.843799003" lon="6.505733001">
        <ele>991.8</ele>
      </trkpt>
      <trkpt lat="45.843749004" lon="6.505725992">
        <ele>990.43</ele>
      </trkpt>
      <trkpt lat="45.843689996" lon="6.505727">
        <ele>989.12</ele>
      </trkpt>
      <trkpt lat="45.843635996" lon="6.505730997">
        <ele>987.9</ele>
      </trkpt>
      <trkpt lat="45.843574994" lon="6.505746">
        <ele>987.02</ele>
      </trkpt>
      <trkpt lat="45.843508" lon="6.505766994">
        <ele>986.17</ele>
      </trkpt>
      <trkpt lat="45.843447" lon="6.505785996">
        <ele>985.35</ele>
      </trkpt>
      <trkpt lat="45.843367004" lon="6.505816997">
        <ele>984.6</ele>
      </trkpt>
      <trkpt lat="45.843293998" lon="6.505846998">
        <ele>984.28</ele>
      </trkpt>
      <trkpt lat="45.843206001" lon="6.505884003">
        <ele>988.1</ele>
      </trkpt>
      <trkpt lat="45.843150002" lon="6.505916994">
        <ele>992.31</ele>
      </trkpt>
      <trkpt lat="45.843100995" lon="6.505939002">
        <ele>996.88</ele>
      </trkpt>
      <trkpt lat="45.843054005" lon="6.505970991">
        <ele>1001.75</ele>
      </trkpt>
      <trkpt lat="45.843012004" lon="6.505996992">
        <ele>1006.46</ele>
      </trkpt>
      <trkpt lat="45.842968001" lon="6.506027997">
        <ele>1004.6</ele>
      </trkpt>
      <trkpt lat="45.842926003" lon="6.506059995">
        <ele>1002.46</ele>
      </trkpt>
      <trkpt lat="45.842885" lon="6.506098001">
        <ele>1000.08</ele>
      </trkpt>
      <trkpt lat="45.842847001" lon="6.506140002">
        <ele>997.88</ele>
      </trkpt>
      <trkpt lat="45.842812" lon="6.506176004">
        <ele>995.09</ele>
      </trkpt>
      <trkpt lat="45.842749002" lon="6.506248">
        <ele>998.2</ele>
      </trkpt>
      <trkpt lat="45.842732998" lon="6.506266999">
        <ele>996.94</ele>
      </trkpt>
      <trkpt lat="45.842709002" lon="6.506283001">
        <ele>1000.65</ele>
      </trkpt>
      <trkpt lat="45.842634996" lon="6.506313001">
        <ele>1003.55</ele>
      </trkpt>
      <trkpt lat="45.842567999" lon="6.506327997">
        <ele>1006.61</ele>
      </trkpt>
      <trkpt lat="45.842544003" lon="6.506334996">
        <ele>1009.5</ele>
      </trkpt>
      <trkpt lat="45.842506998" lon="6.506344999">
        <ele>1016.47</ele>
      </trkpt>
      <trkpt lat="45.842486997" lon="6.506356005">
        <ele>1018.36</ele>
      </trkpt>
      <trkpt lat="45.842449004" lon="6.506373992">
        <ele>1016.96</ele>
      </trkpt>
      <trkpt lat="45.842404" lon="6.506398008">
        <ele>1015.65</ele>
      </trkpt>
      <trkpt lat="45.842361001" lon="6.506416993">
        <ele>1014.7</ele>
      </trkpt>
      <trkpt lat="45.842320999" lon="6.506430003">
        <ele>1013.85</ele>
      </trkpt>
      <trkpt lat="45.842274997" lon="6.506440001">
        <ele>1013.07</ele>
      </trkpt>
      <trkpt lat="45.842231005" lon="6.506438997">
        <ele>1015.86</ele>
      </trkpt>
      <trkpt lat="45.842185002" lon="6.506436008">
        <ele>1018.81</ele>
      </trkpt>
      <trkpt lat="45.842140002" lon="6.50643">
        <ele>1018.38</ele>
      </trkpt>
      <trkpt lat="45.842085999" lon="6.506427998">
        <ele>1017.91</ele>
      </trkpt>
      <trkpt lat="45.842040999" lon="6.506428993">
        <ele>1017.55</ele>
      </trkpt>
      <trkpt lat="45.841998001" lon="6.506433998">
        <ele>1017.09</ele>
      </trkpt>
      <trkpt lat="45.841939995" lon="6.506450003">
        <ele>1016.51</ele>
      </trkpt>
      <trkpt lat="45.841900994" lon="6.506461001">
        <ele>1015.83</ele>
      </trkpt>
      <trkpt lat="45.841853999" lon="6.506478003">
        <ele>1015.09</ele>
      </trkpt>
      <trkpt lat="45.841805004" lon="6.506492995">
        <ele>1014.15</ele>
      </trkpt>
      <trkpt lat="45.841768" lon="6.506506995">
        <ele>1013.31</ele>
      </trkpt>
      <trkpt lat="45.841727996" lon="6.506515994">
        <ele>1012.57</ele>
      </trkpt>
      <trkpt lat="45.841682997" lon="6.506521">
        <ele>1015.43</ele>
      </trkpt>
      <trkpt lat="45.841629997" lon="6.506522996">
        <ele>1015.22</ele>
      </trkpt>
      <trkpt lat="45.841574" lon="6.506514999">
        <ele>1015.05</ele>
      </trkpt>
      <trkpt lat="45.841513998" lon="6.506502995">
        <ele>1014.85</ele>
      </trkpt>
      <trkpt lat="45.841466997" lon="6.506488">
        <ele>1014.74</ele>
      </trkpt>
      <trkpt lat="45.841419998" lon="6.506468001">
        <ele>1015.12</ele>
      </trkpt>
      <trkpt lat="45.841356002" lon="6.506445">
        <ele>1015.69</ele>
      </trkpt>
      <trkpt lat="45.841257002" lon="6.506413996">
        <ele>1016.19</ele>
      </trkpt>
      <trkpt lat="45.841198003" lon="6.506406002">
        <ele>1016.62</ele>
      </trkpt>
      <trkpt lat="45.841146002" lon="6.506405998">
        <ele>1017.1</ele>
      </trkpt>
      <trkpt lat="45.841094002" lon="6.506408005">
        <ele>1014.03</ele>
      </trkpt>
      <trkpt lat="45.841002001" lon="6.506420998">
        <ele>1013.99</ele>
      </trkpt>
      <trkpt lat="45.840891003" lon="6.506446002">
        <ele>1010.81</ele>
      </trkpt>
      <trkpt lat="45.840771998" lon="6.506481007">
        <ele>1007.7</ele>
      </trkpt>
      <trkpt lat="45.840660001" lon="6.506507998">
        <ele>1004.23</ele>
      </trkpt>
      <trkpt lat="45.840550994" lon="6.506538003">
        <ele>1000.89</ele>
      </trkpt>
      <trkpt lat="45.840454999" lon="6.506571002">
        <ele>997.1</ele>
      </trkpt>
      <trkpt lat="45.840378002" lon="6.506605002">
        <ele>996.07</ele>
      </trkpt>
      <trkpt lat="45.840282001" lon="6.506651">
        <ele>994.14</ele>
      </trkpt>
      <trkpt lat="45.840192002" lon="6.506697005">
        <ele>992.39</ele>
      </trkpt>
      <trkpt lat="45.840136" lon="6.506725995">
        <ele>993.05</ele>
      </trkpt>
      <trkpt lat="45.840088996" lon="6.506759">
        <ele>993.71</ele>
      </trkpt>
      <trkpt lat="45.840051" lon="6.506791005">
        <ele>994.4</ele>
      </trkpt>
      <trkpt lat="45.840011999" lon="6.506831006">
        <ele>995.53</ele>
      </trkpt>
      <trkpt lat="45.839983996" lon="6.506863994">
        <ele>996.13</ele>
      </trkpt>
      <trkpt lat="45.839959004" lon="6.506899004">
        <ele>996.51</ele>
      </trkpt>
      <trkpt lat="45.839927003" lon="6.506950992">
        <ele>996.63</ele>
      </trkpt>
      <trkpt lat="45.839906998" lon="6.507018999">
        <ele>996.54</ele>
      </trkpt>
      <trkpt lat="45.839895002" lon="6.507085994">
        <ele>998.27</ele>
      </trkpt>
      <trkpt lat="45.839882998" lon="6.507156998">
        <ele>997.9</ele>
      </trkpt>
      <trkpt lat="45.839869996" lon="6.507261005">
        <ele>997.48</ele>
      </trkpt>
      <trkpt lat="45.839859003" lon="6.507331997">
        <ele>997.12</ele>
      </trkpt>
      <trkpt lat="45.839845999" lon="6.507422992">
        <ele>996.84</ele>
      </trkpt>
      <trkpt lat="45.839833001" lon="6.507478999">
        <ele>996.04</ele>
      </trkpt>
      <trkpt lat="45.839815003" lon="6.507540995">
        <ele>997.42</ele>
      </trkpt>
      <trkpt lat="45.839794" lon="6.507594997">
        <ele>999.16</ele>
      </trkpt>
      <trkpt lat="45.839762998" lon="6.507663001">
        <ele>1001.41</ele>
      </trkpt>
      <trkpt lat="45.839716003" lon="6.507735997">
        <ele>1003.99</ele>
      </trkpt>
      <trkpt lat="45.839644999" lon="6.507834999">
        <ele>1005.98</ele>
      </trkpt>
      <trkpt lat="45.839604003" lon="6.507889006">
        <ele>1008.52</ele>
      </trkpt>
      <trkpt lat="45.839464" lon="6.508068">
        <ele>1011.28</ele>
      </trkpt>
      <trkpt lat="45.839400999" lon="6.508153995">
        <ele>1013.77</ele>
      </trkpt>
      <trkpt lat="45.839348003" lon="6.508204002">
        <ele>1016.96</ele>
      </trkpt>
      <trkpt lat="45.839320001" lon="6.508220997">
        <ele>1019.55</ele>
      </trkpt>
      <trkpt lat="45.839287" lon="6.508228003">
        <ele>1021.59</ele>
      </trkpt>
      <trkpt lat="45.839254006" lon="6.508228999">
        <ele>1023.22</ele>
      </trkpt>
      <trkpt lat="45.839226003" lon="6.508226006">
        <ele>1024.63</ele>
      </trkpt>
      <trkpt lat="45.839201999" lon="6.508205999">
        <ele>1025.03</ele>
      </trkpt>
      <trkpt lat="45.839182994" lon="6.508171002">
        <ele>1025.21</ele>
      </trkpt>
      <trkpt lat="45.839158998" lon="6.508128995">
        <ele>1025.18</ele>
      </trkpt>
      <trkpt lat="45.839139" lon="6.508090002">
        <ele>1024.21</ele>
      </trkpt>
      <trkpt lat="45.839117003" lon="6.508043995">
        <ele>1023.58</ele>
      </trkpt>
      <trkpt lat="45.839090004" lon="6.507993002">
        <ele>1023.3</ele>
      </trkpt>
      <trkpt lat="45.839059997" lon="6.507946008">
        <ele>1019.69</ele>
      </trkpt>
      <trkpt lat="45.839030002" lon="6.507914001">
        <ele>1016.73</ele>
      </trkpt>
      <trkpt lat="45.838978999" lon="6.507888008">
        <ele>1015.3</ele>
      </trkpt>
      <trkpt lat="45.838931996" lon="6.507869002">
        <ele>1014.1</ele>
      </trkpt>
      <trkpt lat="45.838881001" lon="6.507861">
        <ele>1013.14</ele>
      </trkpt>
      <trkpt lat="45.838837001" lon="6.507852992">
        <ele>1012.04</ele>
      </trkpt>
      <trkpt lat="45.838791001" lon="6.507846997">
        <ele>1010.91</ele>
      </trkpt>
      <trkpt lat="45.838749" lon="6.507846002">
        <ele>1009.64</ele>
      </trkpt>
      <trkpt lat="45.838694006" lon="6.507853002">
        <ele>1008.32</ele>
      </trkpt>
      <trkpt lat="45.838644995" lon="6.507864999">
        <ele>1007.28</ele>
      </trkpt>
      <trkpt lat="45.838591998" lon="6.507884003">
        <ele>1006.77</ele>
      </trkpt>
      <trkpt lat="45.838498995" lon="6.507932999">
        <ele>1009.68</ele>
      </trkpt>
      <trkpt lat="45.838394001" lon="6.507988996">
        <ele>1012.41</ele>
      </trkpt>
      <trkpt lat="45.838339996" lon="6.508019">
        <ele>1015</ele>
      </trkpt>
      <trkpt lat="45.838291002" lon="6.508049001">
        <ele>1014.51</ele>
      </trkpt>
      <trkpt lat="45.838237994" lon="6.508073007">
        <ele>1017.55</ele>
      </trkpt>
      <trkpt lat="45.838172003" lon="6.508097994">
        <ele>1017.31</ele>
      </trkpt>
      <trkpt lat="45.838116003" lon="6.508106">
        <ele>1017.48</ele>
      </trkpt>
      <trkpt lat="45.838040002" lon="6.508102997">
        <ele>1014.87</ele>
      </trkpt>
      <trkpt lat="45.837964001" lon="6.508102006">
        <ele>1015.18</ele>
      </trkpt>
      <trkpt lat="45.837881005" lon="6.508107998">
        <ele>1015.68</ele>
      </trkpt>
      <trkpt lat="45.837814" lon="6.508114001">
        <ele>1016.06</ele>
      </trkpt>
      <trkpt lat="45.837747001" lon="6.508124996">
        <ele>1013.05</ele>
      </trkpt>
      <trkpt lat="45.837689001" lon="6.508135002">
        <ele>1013.18</ele>
      </trkpt>
      <trkpt lat="45.837622" lon="6.508151">
        <ele>1013.07</ele>
      </trkpt>
      <trkpt lat="45.837554996" lon="6.508161001">
        <ele>1012.51</ele>
      </trkpt>
      <trkpt lat="45.837511996" lon="6.508162006">
        <ele>1012.25</ele>
      </trkpt>
      <trkpt lat="45.837487998" lon="6.508162994">
        <ele>1012.04</ele>
      </trkpt>
      <trkpt lat="45.837405001" lon="6.508167">
        <ele>1012.1</ele>
      </trkpt>
      <trkpt lat="45.837283002" lon="6.508173">
        <ele>1012.74</ele>
      </trkpt>
      <trkpt lat="45.837193004" lon="6.508173995">
        <ele>1009.33</ele>
      </trkpt>
      <trkpt lat="45.837097998" lon="6.508174">
        <ele>1005.44</ele>
      </trkpt>
      <trkpt lat="45.837021996" lon="6.508177999">
        <ele>1004.67</ele>
      </trkpt>
      <trkpt lat="45.836979002" lon="6.508181996">
        <ele>1003.37</ele>
      </trkpt>
      <trkpt lat="45.836925994" lon="6.508188">
        <ele>1001.33</ele>
      </trkpt>
      <trkpt lat="45.836877" lon="6.508197999">
        <ele>999.42</ele>
      </trkpt>
      <trkpt lat="45.836840995" lon="6.508209997">
        <ele>997.32</ele>
      </trkpt>
      <trkpt lat="45.836798003" lon="6.508227006">
        <ele>994.83</ele>
      </trkpt>
      <trkpt lat="45.836767006" lon="6.508248994">
        <ele>991.92</ele>
      </trkpt>
      <trkpt lat="45.836742999" lon="6.508280996">
        <ele>988.64</ele>
      </trkpt>
      <trkpt lat="45.836728997" lon="6.508320004">
        <ele>993.55</ele>
      </trkpt>
      <trkpt lat="45.836722998" lon="6.508359006">
        <ele>998.21</ele>
      </trkpt>
      <trkpt lat="45.836719995" lon="6.508422003">
        <ele>1002.71</ele>
      </trkpt>
      <trkpt lat="45.836716005" lon="6.508465994">
        <ele>1007.22</ele>
      </trkpt>
      <trkpt lat="45.836711994" lon="6.508515">
        <ele>1011.91</ele>
      </trkpt>
      <trkpt lat="45.836704002" lon="6.508578995">
        <ele>1012.27</ele>
      </trkpt>
      <trkpt lat="45.836692997" lon="6.508629993">
        <ele>1012.92</ele>
      </trkpt>
      <trkpt lat="45.836678996" lon="6.508682">
        <ele>1013.8</ele>
      </trkpt>
      <trkpt lat="45.836661998" lon="6.508724003">
        <ele>1014.88</ele>
      </trkpt>
      <trkpt lat="45.836649005" lon="6.508756009">
        <ele>1016.15</ele>
      </trkpt>
      <trkpt lat="45.836635995" lon="6.508786001">
        <ele>1017.59</ele>
      </trkpt>
      <trkpt lat="45.836618999" lon="6.508814">
        <ele>1023.28</ele>
      </trkpt>
      <trkpt lat="45.836599998" lon="6.508833991">
        <ele>1029.03</ele>
      </trkpt>
      <trkpt lat="45.836576997" lon="6.508848996">
        <ele>1031.41</ele>
      </trkpt>
      <trkpt lat="45.836547004" lon="6.508859003">
        <ele>1033.81</ele>
      </trkpt>
      <trkpt lat="45.836523003" lon="6.508856006">
        <ele>1031.22</ele>
      </trkpt>
      <trkpt lat="45.836485998" lon="6.508839003">
        <ele>1025.05</ele>
      </trkpt>
      <trkpt lat="45.836446005" lon="6.508802995">
        <ele>1019.4</ele>
      </trkpt>
      <trkpt lat="45.836406999" lon="6.508756991">
        <ele>1017.73</ele>
      </trkpt>
      <trkpt lat="45.836373001" lon="6.508714001">
        <ele>1016.42</ele>
      </trkpt>
      <trkpt lat="45.836336001" lon="6.508669002">
        <ele>1020.69</ele>
      </trkpt>
      <trkpt lat="45.836305001" lon="6.508638003">
        <ele>1018.56</ele>
      </trkpt>
      <trkpt lat="45.836262003" lon="6.508603003">
        <ele>1016.56</ele>
      </trkpt>
      <trkpt lat="45.836223" lon="6.508582997">
        <ele>1014.91</ele>
      </trkpt>
      <trkpt lat="45.836186004" lon="6.508567993">
        <ele>1013.71</ele>
      </trkpt>
      <trkpt lat="45.836137999" lon="6.508553992">
        <ele>1012.47</ele>
      </trkpt>
      <trkpt lat="45.836093001" lon="6.508549994">
        <ele>1017.57</ele>
      </trkpt>
      <trkpt lat="45.836057003" lon="6.508557995">
        <ele>1022.88</ele>
      </trkpt>
      <trkpt lat="45.836022003" lon="6.508569">
        <ele>1021.25</ele>
      </trkpt>
      <trkpt lat="45.835978999" lon="6.508590997">
        <ele>1019.6</ele>
      </trkpt>
      <trkpt lat="45.835939002" lon="6.508613999">
        <ele>1018.03</ele>
      </trkpt>
      <trkpt lat="45.835893997" lon="6.508634">
        <ele>1016.59</ele>
      </trkpt>
      <trkpt lat="45.835853001" lon="6.508651999">
        <ele>1015.01</ele>
      </trkpt>
      <trkpt lat="45.835810996" lon="6.508669998">
        <ele>1020.16</ele>
      </trkpt>
      <trkpt lat="45.835770999" lon="6.508682">
        <ele>1018.38</ele>
      </trkpt>
      <trkpt lat="45.83573" lon="6.508692003">
        <ele>1016.51</ele>
      </trkpt>
      <trkpt lat="45.835690001" lon="6.508702006">
        <ele>1014.57</ele>
      </trkpt>
      <trkpt lat="45.835652" lon="6.508703999">
        <ele>1012.83</ele>
      </trkpt>
      <trkpt lat="45.835611999" lon="6.508698992">
        <ele>1011.38</ele>
      </trkpt>
      <trkpt lat="45.835563001" lon="6.508674004">
        <ele>1016.65</ele>
      </trkpt>
      <trkpt lat="45.835509001" lon="6.508637996">
        <ele>1015.63</ele>
      </trkpt>
      <trkpt lat="45.835471998" lon="6.508607002">
        <ele>1015.07</ele>
      </trkpt>
      <trkpt lat="45.835409997" lon="6.508569994">
        <ele>1014.42</ele>
      </trkpt>
      <trkpt lat="45.835350999" lon="6.508534996">
        <ele>1013.77</ele>
      </trkpt>
      <trkpt lat="45.835306001" lon="6.508512998">
        <ele>1013.7</ele>
      </trkpt>
      <trkpt lat="45.835253002" lon="6.50849">
        <ele>1013.21</ele>
      </trkpt>
      <trkpt lat="45.835192004" lon="6.508477003">
        <ele>1012.64</ele>
      </trkpt>
      <trkpt lat="45.835137" lon="6.508464001">
        <ele>1012.29</ele>
      </trkpt>
      <trkpt lat="45.835075994" lon="6.508453002">
        <ele>1012.03</ele>
      </trkpt>
      <trkpt lat="45.835017006" lon="6.508440004">
        <ele>1011.67</ele>
      </trkpt>
      <trkpt lat="45.834954996" lon="6.508429999">
        <ele>1011.76</ele>
      </trkpt>
      <trkpt lat="45.834892995" lon="6.508421994">
        <ele>1011.3</ele>
      </trkpt>
      <trkpt lat="45.834813998" lon="6.508421998">
        <ele>1010.47</ele>
      </trkpt>
      <trkpt lat="45.834775004" lon="6.508421994">
        <ele>1009.3</ele>
      </trkpt>
      <trkpt lat="45.834727995" lon="6.508426999">
        <ele>1007.42</ele>
      </trkpt>
      <trkpt lat="45.834677996" lon="6.508438003">
        <ele>1011.55</ele>
      </trkpt>
      <trkpt lat="45.834644997" lon="6.508449006">
        <ele>1010.15</ele>
      </trkpt>
      <trkpt lat="45.834613001" lon="6.508463992">
        <ele>1008.41</ele>
      </trkpt>
      <trkpt lat="45.834559999" lon="6.508502001">
        <ele>1006.14</ele>
      </trkpt>
      <trkpt lat="45.834531" lon="6.508538004">
        <ele>1003.57</ele>
      </trkpt>
      <trkpt lat="45.834507006" lon="6.508587">
        <ele>1000.67</ele>
      </trkpt>
      <trkpt lat="45.834489004" lon="6.508632007">
        <ele>1002.73</ele>
      </trkpt>
      <trkpt lat="45.834473997" lon="6.508692007">
        <ele>1004.57</ele>
      </trkpt>
      <trkpt lat="45.834463002" lon="6.508743004">
        <ele>1010.37</ele>
      </trkpt>
      <trkpt lat="45.834445005" lon="6.508800003">
        <ele>1016.03</ele>
      </trkpt>
      <trkpt lat="45.834431002" lon="6.508838996">
        <ele>1021.69</ele>
      </trkpt>
      <trkpt lat="45.834406998" lon="6.508877006">
        <ele>1027.41</ele>
      </trkpt>
      <trkpt lat="45.834373998" lon="6.508903998">
        <ele>1033.07</ele>
      </trkpt>
      <trkpt lat="45.834343002" lon="6.508921007">
        <ele>1032.11</ele>
      </trkpt>
      <trkpt lat="45.834309003" lon="6.508931997">
        <ele>1031.14</ele>
      </trkpt>
      <trkpt lat="45.834267999" lon="6.508931994">
        <ele>1030.09</ele>
      </trkpt>
      <trkpt lat="45.834241003" lon="6.508920992">
        <ele>1028.97</ele>
      </trkpt>
      <trkpt lat="45.834212996" lon="6.508901003">
        <ele>1023.75</ele>
      </trkpt>
      <trkpt lat="45.834185001" lon="6.508866997">
        <ele>1021.37</ele>
      </trkpt>
      <trkpt lat="45.834151995" lon="6.508812995">
        <ele>1019.46</ele>
      </trkpt>
      <trkpt lat="45.834121998" lon="6.508768005">
        <ele>1018.05</ele>
      </trkpt>
      <trkpt lat="45.834092002" lon="6.508723002">
        <ele>1010.67</ele>
      </trkpt>
      <trkpt lat="45.83406" lon="6.508687994">
        <ele>1008.3</ele>
      </trkpt>
      <trkpt lat="45.834024996" lon="6.508662002">
        <ele>1006.92</ele>
      </trkpt>
      <trkpt lat="45.833972995" lon="6.508641995">
        <ele>1006.34</ele>
      </trkpt>
      <trkpt lat="45.833900996" lon="6.508630001">
        <ele>1006.69</ele>
      </trkpt>
      <trkpt lat="45.833837999" lon="6.508621004">
        <ele>1007.64</ele>
      </trkpt>
      <trkpt lat="45.833768002" lon="6.508611006">
        <ele>1008.44</ele>
      </trkpt>
      <trkpt lat="45.833710003" lon="6.508600999">
        <ele>1009.02</ele>
      </trkpt>
      <trkpt lat="45.833660999" lon="6.508591009">
        <ele>1009.46</ele>
      </trkpt>
      <trkpt lat="45.833594005" lon="6.508573994">
        <ele>1009.16</ele>
      </trkpt>
      <trkpt lat="45.833532995" lon="6.508564002">
        <ele>1009.34</ele>
      </trkpt>
      <trkpt lat="45.833492002" lon="6.508558996">
        <ele>1009.46</ele>
      </trkpt>
      <trkpt lat="45.833455003" lon="6.508553999">
        <ele>1008.82</ele>
      </trkpt>
      <trkpt lat="45.833404998" lon="6.508552998">
        <ele>1008.1</ele>
      </trkpt>
      <trkpt lat="45.833371001" lon="6.508558997">
        <ele>1007.27</ele>
      </trkpt>
      <trkpt lat="45.833314003" lon="6.508591">
        <ele>1017.25</ele>
      </trkpt>
      <trkpt lat="45.833125996" lon="6.508762005">
        <ele>1026.62</ele>
      </trkpt>
      <trkpt lat="45.832906996" lon="6.508934003">
        <ele>1035.41</ele>
      </trkpt>
      <trkpt lat="45.832870005" lon="6.508946995">
        <ele>1043.14</ele>
      </trkpt>
      <trkpt lat="45.832855998" lon="6.508949005">
        <ele>1050.25</ele>
      </trkpt>
      <trkpt lat="45.832828996" lon="6.508945998">
        <ele>1051.38</ele>
      </trkpt>
      <trkpt lat="45.832807994" lon="6.508937003">
        <ele>1052.19</ele>
      </trkpt>
      <trkpt lat="45.832775999" lon="6.508915999">
        <ele>1052.86</ele>
      </trkpt>
      <trkpt lat="45.832755997" lon="6.508887003">
        <ele>1051.01</ele>
      </trkpt>
      <trkpt lat="45.832736001" lon="6.508841">
        <ele>1049.55</ele>
      </trkpt>
      <trkpt lat="45.832716001" lon="6.508796002">
        <ele>1048.29</ele>
      </trkpt>
      <trkpt lat="45.832687999" lon="6.508737007">
        <ele>1041.17</ele>
      </trkpt>
      <trkpt lat="45.832666" lon="6.508686995">
        <ele>1034.44</ele>
      </trkpt>
      <trkpt lat="45.832625999" lon="6.508604001">
        <ele>1031.03</ele>
      </trkpt>
      <trkpt lat="45.832609995" lon="6.508575995">
        <ele>1028.36</ele>
      </trkpt>
      <trkpt lat="45.832570006" lon="6.508518997">
        <ele>1026.17</ele>
      </trkpt>
      <trkpt lat="45.832522003" lon="6.508479994">
        <ele>1031.1</ele>
      </trkpt>
      <trkpt lat="45.832488999" lon="6.508461003">
        <ele>1036.77</ele>
      </trkpt>
      <trkpt lat="45.832441004" lon="6.508451">
        <ele>1035.58</ele>
      </trkpt>
      <trkpt lat="45.832400002" lon="6.508443995">
        <ele>1034.18</ele>
      </trkpt>
      <trkpt lat="45.832353996" lon="6.508445995">
        <ele>1033.17</ele>
      </trkpt>
      <trkpt lat="45.832314001" lon="6.508453006">
        <ele>1032.36</ele>
      </trkpt>
      <trkpt lat="45.832266994" lon="6.508464007">
        <ele>1031.69</ele>
      </trkpt>
      <trkpt lat="45.832212001" lon="6.508484003">
        <ele>1038.24</ele>
      </trkpt>
      <trkpt lat="45.832167001" lon="6.508504996">
        <ele>1037.52</ele>
      </trkpt>
      <trkpt lat="45.832117996" lon="6.508531007">
        <ele>1036.95</ele>
      </trkpt>
      <trkpt lat="45.832073999" lon="6.508557995">
        <ele>1036.04</ele>
      </trkpt>
      <trkpt lat="45.832021999" lon="6.508589">
        <ele>1035.38</ele>
      </trkpt>
      <trkpt lat="45.831979002" lon="6.508625">
        <ele>1034.14</ele>
      </trkpt>
      <trkpt lat="45.831924999" lon="6.508681009">
        <ele>1040.65</ele>
      </trkpt>
      <trkpt lat="45.831896996" lon="6.508707002">
        <ele>1036.5</ele>
      </trkpt>
      <trkpt lat="45.831845004" lon="6.508753996">
        <ele>1032</ele>
      </trkpt>
      <trkpt lat="45.831805001" lon="6.508791992">
        <ele>1027.05</ele>
      </trkpt>
      <trkpt lat="45.831776001" lon="6.508808006">
        <ele>1022.35</ele>
      </trkpt>
      <trkpt lat="45.831741002" lon="6.508809996">
        <ele>1016.77</ele>
      </trkpt>
      <trkpt lat="45.831707997" lon="6.508800005">
        <ele>1021.4</ele>
      </trkpt>
      <trkpt lat="45.831688" lon="6.508787992">
        <ele>1026.06</ele>
      </trkpt>
      <trkpt lat="45.831659001" lon="6.508768005">
        <ele>1030.91</ele>
      </trkpt>
      <trkpt lat="45.831635003" lon="6.508740007">
        <ele>1035.87</ele>
      </trkpt>
      <trkpt lat="45.831601004" lon="6.508694996">
        <ele>1041.61</ele>
      </trkpt>
      <trkpt lat="45.831570998" lon="6.508648009">
        <ele>1037.49</ele>
      </trkpt>
      <trkpt lat="45.831533002" lon="6.508592996">
        <ele>1034.05</ele>
      </trkpt>
      <trkpt lat="45.831504003" lon="6.508550998">
        <ele>1030.34</ele>
      </trkpt>
      <trkpt lat="45.831453998" lon="6.508491998">
        <ele>1026.37</ele>
      </trkpt>
      <trkpt lat="45.831421997" lon="6.508459004">
        <ele>1021.58</ele>
      </trkpt>
      <trkpt lat="45.831393" lon="6.508441003">
        <ele>1026.85</ele>
      </trkpt>
      <trkpt lat="45.831372001" lon="6.508435992">
        <ele>1031.39</ele>
      </trkpt>
      <trkpt lat="45.831334001" lon="6.508432995">
        <ele>1036</ele>
      </trkpt>
      <trkpt lat="45.831306999" lon="6.508439001">
        <ele>1032</ele>
      </trkpt>
      <trkpt lat="45.831272006" lon="6.508454995">
        <ele>1027.96</ele>
      </trkpt>
      <trkpt lat="45.831233" lon="6.508478007">
        <ele>1023.62</ele>
      </trkpt>
      <trkpt lat="45.831208998" lon="6.508501998">
        <ele>1019.35</ele>
      </trkpt>
      <trkpt lat="45.831173003" lon="6.508551995">
        <ele>1014.81</ele>
      </trkpt>
      <trkpt lat="45.831135998" lon="6.508604003">
        <ele>1019.13</ele>
      </trkpt>
      <trkpt lat="45.831103999" lon="6.508653004">
        <ele>1024.19</ele>
      </trkpt>
      <trkpt lat="45.831057998" lon="6.508720996">
        <ele>1029.32</ele>
      </trkpt>
      <trkpt lat="45.831007006" lon="6.508788001">
        <ele>1033.43</ele>
      </trkpt>
      <trkpt lat="45.830963996" lon="6.508844991">
        <ele>1036.76</ele>
      </trkpt>
      <trkpt lat="45.830921006" lon="6.508896992">
        <ele>1038.94</ele>
      </trkpt>
      <trkpt lat="45.830882" lon="6.508938003">
        <ele>1039.86</ele>
      </trkpt>
      <trkpt lat="45.830832998" lon="6.508989996">
        <ele>1040.05</ele>
      </trkpt>
      <trkpt lat="45.830804003" lon="6.509013992">
        <ele>1040.58</ele>
      </trkpt>
      <trkpt lat="45.830755002" lon="6.509050009">
        <ele>1034.17</ele>
      </trkpt>
      <trkpt lat="45.830718001" lon="6.50907">
        <ele>1028.21</ele>
      </trkpt>
      <trkpt lat="45.830671998" lon="6.509088994">
        <ele>1022.67</ele>
      </trkpt>
      <trkpt lat="45.830630003" lon="6.509100003">
        <ele>1017.37</ele>
      </trkpt>
      <trkpt lat="45.830587003" lon="6.509109995">
        <ele>1012.34</ele>
      </trkpt>
      <trkpt lat="45.830548001" lon="6.509121001">
        <ele>1014.53</ele>
      </trkpt>
      <trkpt lat="45.830502006" lon="6.509135998">
        <ele>1016.5</ele>
      </trkpt>
      <trkpt lat="45.830468998" lon="6.509155999">
        <ele>1011.57</ele>
      </trkpt>
      <trkpt lat="45.830437006" lon="6.509181002">
        <ele>1013.53</ele>
      </trkpt>
      <trkpt lat="45.830399998" lon="6.509218001">
        <ele>1015.45</ele>
      </trkpt>
      <trkpt lat="45.830360994" lon="6.509262996">
        <ele>1017.62</ele>
      </trkpt>
      <trkpt lat="45.830330998" lon="6.509298003">
        <ele>1020.16</ele>
      </trkpt>
      <trkpt lat="45.830297997" lon="6.509331994">
        <ele>1030.09</ele>
      </trkpt>
      <trkpt lat="45.830264001" lon="6.509362002">
        <ele>1033.35</ele>
      </trkpt>
      <trkpt lat="45.830215999" lon="6.509382996">
        <ele>1036.94</ele>
      </trkpt>
      <trkpt lat="45.830185996" lon="6.509393002">
        <ele>1031.38</ele>
      </trkpt>
      <trkpt lat="45.83015" lon="6.509403">
        <ele>1026.13</ele>
      </trkpt>
      <trkpt lat="45.830112" lon="6.509418002">
        <ele>1020.66</ele>
      </trkpt>
      <trkpt lat="45.830074004" lon="6.509440999">
        <ele>1015.18</ele>
      </trkpt>
      <trkpt lat="45.830040998" lon="6.509466995">
        <ele>1009.57</ele>
      </trkpt>
      <trkpt lat="45.830012003" lon="6.509502002">
        <ele>1013.21</ele>
      </trkpt>
      <trkpt lat="45.829983998" lon="6.509535008">
        <ele>1016.69</ele>
      </trkpt>
      <trkpt lat="45.829956999" lon="6.509566995">
        <ele>1020.37</ele>
      </trkpt>
      <trkpt lat="45.829927999" lon="6.509600996">
        <ele>1024.35</ele>
      </trkpt>
      <trkpt lat="45.829891005" lon="6.509637002">
        <ele>1028.17</ele>
      </trkpt>
      <trkpt lat="45.829850003" lon="6.509680992">
        <ele>1032.54</ele>
      </trkpt>
      <trkpt lat="45.829809003" lon="6.509720005">
        <ele>1037.11</ele>
      </trkpt>
      <trkpt lat="45.829708005" lon="6.509833003">
        <ele>1041.09</ele>
      </trkpt>
      <trkpt lat="45.829627" lon="6.509916998">
        <ele>1039.29</ele>
      </trkpt>
      <trkpt lat="45.829592" lon="6.509947998">
        <ele>1037.52</ele>
      </trkpt>
      <trkpt lat="45.829554004" lon="6.509973006">
        <ele>1034.94</ele>
      </trkpt>
      <trkpt lat="45.829516997" lon="6.509989992">
        <ele>1032.21</ele>
      </trkpt>
      <trkpt lat="45.829492996" lon="6.509995995">
        <ele>1029.78</ele>
      </trkpt>
      <trkpt lat="45.829445006" lon="6.510004998">
        <ele>1033.49</ele>
      </trkpt>
      <trkpt lat="45.829406004" lon="6.509996004">
        <ele>1030.54</ele>
      </trkpt>
      <trkpt lat="45.829330998" lon="6.509992006">
        <ele>1028.32</ele>
      </trkpt>
      <trkpt lat="45.829263999" lon="6.509982998">
        <ele>1026.4</ele>
      </trkpt>
      <trkpt lat="45.829210003" lon="6.509976996">
        <ele>1024.57</ele>
      </trkpt>
      <trkpt lat="45.829155001" lon="6.509977004">
        <ele>1022.08</ele>
      </trkpt>
      <trkpt lat="45.829111996" lon="6.509986001">
        <ele>1026.35</ele>
      </trkpt>
      <trkpt lat="45.829073997" lon="6.510005">
        <ele>1023.81</ele>
      </trkpt>
      <trkpt lat="45.829032001" lon="6.510042995">
        <ele>1027.86</ele>
      </trkpt>
      <trkpt lat="45.828988995" lon="6.510090002">
        <ele>1032.45</ele>
      </trkpt>
      <trkpt lat="45.828956999" lon="6.510126996">
        <ele>1038.15</ele>
      </trkpt>
      <trkpt lat="45.828914" lon="6.510150009">
        <ele>1045.11</ele>
      </trkpt>
      <trkpt lat="45.828857996" lon="6.510157005">
        <ele>1050.16</ele>
      </trkpt>
      <trkpt lat="45.828797998" lon="6.510162007">
        <ele>1050.22</ele>
      </trkpt>
      <trkpt lat="45.828741" lon="6.510164995">
        <ele>1051.68</ele>
      </trkpt>
      <trkpt lat="45.828667997" lon="6.510165004">
        <ele>1053.32</ele>
      </trkpt>
      <trkpt lat="45.828593" lon="6.510170005">
        <ele>1055.21</ele>
      </trkpt>
      <trkpt lat="45.828540001" lon="6.510165008">
        <ele>1055.95</ele>
      </trkpt>
      <trkpt lat="45.828480994" lon="6.510149998">
        <ele>1056.22</ele>
      </trkpt>
      <trkpt lat="45.828429997" lon="6.510127">
        <ele>1046.1</ele>
      </trkpt>
      <trkpt lat="45.828378002" lon="6.510099">
        <ele>1034.85</ele>
      </trkpt>
      <trkpt lat="45.828336994" lon="6.510071003">
        <ele>1022.46</ele>
      </trkpt>
      <trkpt lat="45.828297003" lon="6.510056996">
        <ele>1019.57</ele>
      </trkpt>
      <trkpt lat="45.828246997" lon="6.510051996">
        <ele>1016.07</ele>
      </trkpt>
      <trkpt lat="45.828206999" lon="6.510063995">
        <ele>1022.16</ele>
      </trkpt>
      <trkpt lat="45.828163997" lon="6.510100997">
        <ele>1029.98</ele>
      </trkpt>
      <trkpt lat="45.828123005" lon="6.510137998">
        <ele>1038.72</ele>
      </trkpt>
      <trkpt lat="45.828068" lon="6.510172006">
        <ele>1048.55</ele>
      </trkpt>
      <trkpt lat="45.828026002" lon="6.510195004">
        <ele>1047.84</ele>
      </trkpt>
      <trkpt lat="45.827984996" lon="6.510211001">
        <ele>1048.33</ele>
      </trkpt>
      <trkpt lat="45.827915" lon="6.510222999">
        <ele>1049.53</ele>
      </trkpt>
      <trkpt lat="45.827840999" lon="6.510229005">
        <ele>1053.59</ele>
      </trkpt>
      <trkpt lat="45.827765001" lon="6.510232008">
        <ele>1048.2</ele>
      </trkpt>
      <trkpt lat="45.827653997" lon="6.510236008">
        <ele>1055.84</ele>
      </trkpt>
      <trkpt lat="45.827515996" lon="6.510247005">
        <ele>1051.89</ele>
      </trkpt>
      <trkpt lat="45.827415998" lon="6.510248997">
        <ele>1048.45</ele>
      </trkpt>
      <trkpt lat="45.827315002" lon="6.510256999">
        <ele>1042.42</ele>
      </trkpt>
      <trkpt lat="45.827196003" lon="6.510270004">
        <ele>1035.15</ele>
      </trkpt>
      <trkpt lat="45.827128" lon="6.510274999">
        <ele>1025.36</ele>
      </trkpt>
      <trkpt lat="45.827051" lon="6.510276005">
        <ele>1025.62</ele>
      </trkpt>
      <trkpt lat="45.827004003" lon="6.510258007">
        <ele>1024.42</ele>
      </trkpt>
      <trkpt lat="45.826956001" lon="6.510230004">
        <ele>1010.36</ele>
      </trkpt>
      <trkpt lat="45.826890003" lon="6.510172001">
        <ele>1006.21</ele>
      </trkpt>
      <trkpt lat="45.826730999" lon="6.510040996">
        <ele>1001.2</ele>
      </trkpt>
      <trkpt lat="45.826655" lon="6.509983995">
        <ele>995.13</ele>
      </trkpt>
      <trkpt lat="45.826604001" lon="6.509957001">
        <ele>982.25</ele>
      </trkpt>
      <trkpt lat="45.826561" lon="6.509944995">
        <ele>980.42</ele>
      </trkpt>
      <trkpt lat="45.826516004" lon="6.509947005">
        <ele>977.77</ele>
      </trkpt>
      <trkpt lat="45.826475997" lon="6.509959004">
        <ele>974.59</ele>
      </trkpt>
      <trkpt lat="45.826437998" lon="6.509987001">
        <ele>971.02</ele>
      </trkpt>
      <trkpt lat="45.826408" lon="6.510015997">
        <ele>972</ele>
      </trkpt>
      <trkpt lat="45.826373997" lon="6.510049999">
        <ele>981.61</ele>
      </trkpt>
      <trkpt lat="45.826352006" lon="6.510084997">
        <ele>991.91</ele>
      </trkpt>
      <trkpt lat="45.826325" lon="6.510125002">
        <ele>992.52</ele>
      </trkpt>
      <trkpt lat="45.826282003" lon="6.510171995">
        <ele>994.13</ele>
      </trkpt>
      <trkpt lat="45.826247002" lon="6.510203006">
        <ele>998.25</ele>
      </trkpt>
      <trkpt lat="45.826194998" lon="6.510243998">
        <ele>996.42</ele>
      </trkpt>
      <trkpt lat="45.826079999" lon="6.510333005">
        <ele>993.96</ele>
      </trkpt>
      <trkpt lat="45.825840996" lon="6.510521998">
        <ele>994.74</ele>
      </trkpt>
      <trkpt lat="45.825743001" lon="6.510598999">
        <ele>994.54</ele>
      </trkpt>
      <trkpt lat="45.825673" lon="6.510652009">
        <ele>992.09</ele>
      </trkpt>
      <trkpt lat="45.825608" lon="6.510699006">
        <ele>986.89</ele>
      </trkpt>
      <trkpt lat="45.825538997" lon="6.510732998">
        <ele>976.78</ele>
      </trkpt>
      <trkpt lat="45.825437998" lon="6.510797005">
        <ele>973.04</ele>
      </trkpt>
      <trkpt lat="45.825379003" lon="6.510836996">
        <ele>969.12</ele>
      </trkpt>
      <trkpt lat="45.825328998" lon="6.510875999">
        <ele>971.39</ele>
      </trkpt>
      <trkpt lat="45.825280996" lon="6.510920997">
        <ele>973.57</ele>
      </trkpt>
      <trkpt lat="45.825231998" lon="6.510983">
        <ele>980.41</ele>
      </trkpt>
      <trkpt lat="45.825192997" lon="6.511040006">
        <ele>979.75</ele>
      </trkpt>
      <trkpt lat="45.825155998" lon="6.511105997">
        <ele>985.08</ele>
      </trkpt>
      <trkpt lat="45.825087001" lon="6.511257996">
        <ele>983.77</ele>
      </trkpt>
      <trkpt lat="45.824957998" lon="6.511542995">
        <ele>982.2</ele>
      </trkpt>
      <trkpt lat="45.824932005" lon="6.511602001">
        <ele>975.59</ele>
      </trkpt>
      <trkpt lat="45.824896" lon="6.511664999">
        <ele>982.91</ele>
      </trkpt>
      <trkpt lat="45.824831996" lon="6.511723997">
        <ele>985.88</ele>
      </trkpt>
      <trkpt lat="45.824771997" lon="6.511769002">
        <ele>990.81</ele>
      </trkpt>
      <trkpt lat="45.824686003" lon="6.511804992">
        <ele>988.67</ele>
      </trkpt>
      <trkpt lat="45.824593004" lon="6.511839001">
        <ele>992.93</ele>
      </trkpt>
      <trkpt lat="45.824539004" lon="6.511864998">
        <ele>991.9</ele>
      </trkpt>
      <trkpt lat="45.824467" lon="6.511902999">
        <ele>990.5</ele>
      </trkpt>
      <trkpt lat="45.824404001" lon="6.511941006">
        <ele>981.59</ele>
      </trkpt>
      <trkpt lat="45.824336" lon="6.511981002">
        <ele>980.79</ele>
      </trkpt>
      <trkpt lat="45.824249996" lon="6.512045999">
        <ele>979.15</ele>
      </trkpt>
      <trkpt lat="45.824186996" lon="6.512113001">
        <ele>981.11</ele>
      </trkpt>
      <trkpt lat="45.824143001" lon="6.512169997">
        <ele>978.73</ele>
      </trkpt>
      <trkpt lat="45.824082004" lon="6.512263002">
        <ele>982.18</ele>
      </trkpt>
      <trkpt lat="45.824007998" lon="6.512352007">
        <ele>984.72</ele>
      </trkpt>
      <trkpt lat="45.823967997" lon="6.512420009">
        <ele>990.03</ele>
      </trkpt>
      <trkpt lat="45.823939" lon="6.512495003">
        <ele>990.61</ele>
      </trkpt>
      <trkpt lat="45.823927999" lon="6.512601994">
        <ele>994.35</ele>
      </trkpt>
      <trkpt lat="45.823917996" lon="6.512680995">
        <ele>998.19</ele>
      </trkpt>
      <trkpt lat="45.823909998" lon="6.512716998">
        <ele>1002.26</ele>
      </trkpt>
      <trkpt lat="45.82389" lon="6.512766998">
        <ele>1003.28</ele>
      </trkpt>
      <trkpt lat="45.823869998" lon="6.512800006">
        <ele>1004.93</ele>
      </trkpt>
      <trkpt lat="45.823848004" lon="6.512819995">
        <ele>1006.86</ele>
      </trkpt>
      <trkpt lat="45.823803001" lon="6.512836997">
        <ele>1008.97</ele>
      </trkpt>
      <trkpt lat="45.823779997" lon="6.512835003">
        <ele>1006.32</ele>
      </trkpt>
      <trkpt lat="45.823752001" lon="6.512827999">
        <ele>1003.92</ele>
      </trkpt>
      <trkpt lat="45.823725002" lon="6.512811002">
        <ele>1001.28</ele>
      </trkpt>
      <trkpt lat="45.823690998" lon="6.512778991">
        <ele>998.8</ele>
      </trkpt>
      <trkpt lat="45.823664998" lon="6.512748998">
        <ele>997.04</ele>
      </trkpt>
      <trkpt lat="45.823635997" lon="6.512709995">
        <ele>996.2</ele>
      </trkpt>
      <trkpt lat="45.823576005" lon="6.512625004">
        <ele>992.63</ele>
      </trkpt>
      <trkpt lat="45.823507" lon="6.512529009">
        <ele>989.13</ele>
      </trkpt>
      <trkpt lat="45.823430997" lon="6.512418">
        <ele>985.49</ele>
      </trkpt>
      <trkpt lat="45.823382999" lon="6.512334005">
        <ele>981.07</ele>
      </trkpt>
      <trkpt lat="45.823348997" lon="6.512265999">
        <ele>977.4</ele>
      </trkpt>
      <trkpt lat="45.823316996" lon="6.512197991">
        <ele>976.2</ele>
      </trkpt>
      <trkpt lat="45.823296003" lon="6.512126996">
        <ele>974.85</ele>
      </trkpt>
      <trkpt lat="45.823269996" lon="6.512069994">
        <ele>973.43</ele>
      </trkpt>
      <trkpt lat="45.823238004" lon="6.512012996">
        <ele>968.52</ele>
      </trkpt>
      <trkpt lat="45.823211998" lon="6.511979999">
        <ele>967.14</ele>
      </trkpt>
      <trkpt lat="45.823164003" lon="6.511923995">
        <ele>966.19</ele>
      </trkpt>
      <trkpt lat="45.823107" lon="6.511873">
        <ele>965.35</ele>
      </trkpt>
      <trkpt lat="45.823048995" lon="6.511831004">
        <ele>964.66</ele>
      </trkpt>
      <trkpt lat="45.823010004" lon="6.511804001">
        <ele>967.51</ele>
      </trkpt>
      <trkpt lat="45.822967998" lon="6.511791">
        <ele>965.33</ele>
      </trkpt>
      <trkpt lat="45.822922001" lon="6.511792997">
        <ele>962.53</ele>
      </trkpt>
      <trkpt lat="45.822883001" lon="6.511807997">
        <ele>959.14</ele>
      </trkpt>
      <trkpt lat="45.822843997" lon="6.511836997">
        <ele>954.5</ele>
      </trkpt>
      <trkpt lat="45.822786001" lon="6.511908004">
        <ele>948.25</ele>
      </trkpt>
      <trkpt lat="45.822646004" lon="6.512138992">
        <ele>945.94</ele>
      </trkpt>
      <trkpt lat="45.822506006" lon="6.512372004">
        <ele>943.24</ele>
      </trkpt>
      <trkpt lat="45.822473004" lon="6.512441004">
        <ele>940.3</ele>
      </trkpt>
      <trkpt lat="45.822445997" lon="6.512501">
        <ele>943.72</ele>
      </trkpt>
      <trkpt lat="45.822424003" lon="6.512563004">
        <ele>947.89</ele>
      </trkpt>
      <trkpt lat="45.822411998" lon="6.512617999">
        <ele>951.83</ele>
      </trkpt>
      <trkpt lat="45.822402002" lon="6.512673005">
        <ele>955.47</ele>
      </trkpt>
      <trkpt lat="45.822394998" lon="6.512734996">
        <ele>958.51</ele>
      </trkpt>
      <trkpt lat="45.822388998" lon="6.512798006">
        <ele>955.39</ele>
      </trkpt>
      <trkpt lat="45.822379006" lon="6.512891999">
        <ele>946.37</ele>
      </trkpt>
      <trkpt lat="45.822366995" lon="6.512954999">
        <ele>943.38</ele>
      </trkpt>
      <trkpt lat="45.822355001" lon="6.513007003">
        <ele>940.71</ele>
      </trkpt>
      <trkpt lat="45.822341999" lon="6.513060993">
        <ele>938.71</ele>
      </trkpt>
      <trkpt lat="45.822325006" lon="6.513109998">
        <ele>936.88</ele>
      </trkpt>
      <trkpt lat="45.822305998" lon="6.513157997">
        <ele>941.05</ele>
      </trkpt>
      <trkpt lat="45.822274005" lon="6.513235995">
        <ele>944.54</ele>
      </trkpt>
      <trkpt lat="45.822242002" lon="6.513302995">
        <ele>941.85</ele>
      </trkpt>
      <trkpt lat="45.822134" lon="6.513509999">
        <ele>938.98</ele>
      </trkpt>
      <trkpt lat="45.821956997" lon="6.513806991">
        <ele>940.99</ele>
      </trkpt>
      <trkpt lat="45.821703995" lon="6.514164002">
        <ele>939.04</ele>
      </trkpt>
      <trkpt lat="45.821561004" lon="6.514347991">
        <ele>932.75</ele>
      </trkpt>
      <trkpt lat="45.821510998" lon="6.514399997">
        <ele>933.31</ele>
      </trkpt>
      <trkpt lat="45.821464" lon="6.514443995">
        <ele>934.73</ele>
      </trkpt>
      <trkpt lat="45.821421001" lon="6.514479996">
        <ele>932.12</ele>
      </trkpt>
      <trkpt lat="45.821380001" lon="6.514501003">
        <ele>934.14</ele>
      </trkpt>
      <trkpt lat="45.821337994" lon="6.514519006">
        <ele>936.16</ele>
      </trkpt>
      <trkpt lat="45.821304" lon="6.514532994">
        <ele>933.86</ele>
      </trkpt>
      <trkpt lat="45.821262003" lon="6.514550998">
        <ele>931.64</ele>
      </trkpt>
      <trkpt lat="45.821223998" lon="6.514566999">
        <ele>929.41</ele>
      </trkpt>
      <trkpt lat="45.821166998" lon="6.514585994">
        <ele>927.2</ele>
      </trkpt>
      <trkpt lat="45.821114996" lon="6.514606003">
        <ele>925.21</ele>
      </trkpt>
      <trkpt lat="45.821065995" lon="6.514634995">
        <ele>927.22</ele>
      </trkpt>
      <trkpt lat="45.820959998" lon="6.514703996">
        <ele>928.76</ele>
      </trkpt>
      <trkpt lat="45.820862004" lon="6.514771005">
        <ele>929.83</ele>
      </trkpt>
      <trkpt lat="45.820779002" lon="6.514831002">
        <ele>928.68</ele>
      </trkpt>
      <trkpt lat="45.820709996" lon="6.514896003">
        <ele>926.88</ele>
      </trkpt>
      <trkpt lat="45.820646001" lon="6.514961001">
        <ele>926.68</ele>
      </trkpt>
      <trkpt lat="45.820564997" lon="6.515057003">
        <ele>924.48</ele>
      </trkpt>
      <trkpt lat="45.820471002" lon="6.515162">
        <ele>922.12</ele>
      </trkpt>
      <trkpt lat="45.820408995" lon="6.515247996">
        <ele>921.51</ele>
      </trkpt>
      <trkpt lat="45.820359001" lon="6.515321001">
        <ele>920.83</ele>
      </trkpt>
      <trkpt lat="45.820330994" lon="6.515362997">
        <ele>918.33</ele>
      </trkpt>
      <trkpt lat="45.820312002" lon="6.515398">
        <ele>917.7</ele>
      </trkpt>
      <trkpt lat="45.820289004" lon="6.515453994">
        <ele>918.8</ele>
      </trkpt>
      <trkpt lat="45.820272001" lon="6.515493996">
        <ele>919.85</ele>
      </trkpt>
      <trkpt lat="45.820257997" lon="6.515537001">
        <ele>920.84</ele>
      </trkpt>
      <trkpt lat="45.820239997" lon="6.515593996">
        <ele>921.82</ele>
      </trkpt>
      <trkpt lat="45.820220001" lon="6.515653996">
        <ele>922.78</ele>
      </trkpt>
      <trkpt lat="45.820198002" lon="6.515719">
        <ele>922.12</ele>
      </trkpt>
      <trkpt lat="45.820178994" lon="6.515771006">
        <ele>921.52</ele>
      </trkpt>
      <trkpt lat="45.820162999" lon="6.515815997">
        <ele>920.01</ele>
      </trkpt>
      <trkpt lat="45.820140998" lon="6.515865995">
        <ele>919.72</ele>
      </trkpt>
      <trkpt lat="45.820117003" lon="6.515911998">
        <ele>919.61</ele>
      </trkpt>
      <trkpt lat="45.820087997" lon="6.515960002">
        <ele>919.64</ele>
      </trkpt>
      <trkpt lat="45.820060005" lon="6.516007">
        <ele>920.03</ele>
      </trkpt>
      <trkpt lat="45.820035998" lon="6.516042998">
        <ele>920.38</ele>
      </trkpt>
      <trkpt lat="45.819925002" lon="6.516147992">
        <ele>919.78</ele>
      </trkpt>
      <trkpt lat="45.819858002" lon="6.516204997">
        <ele>919.23</ele>
      </trkpt>
      <trkpt lat="45.819786997" lon="6.516243001">
        <ele>918.76</ele>
      </trkpt>
      <trkpt lat="45.819720999" lon="6.516281995">
        <ele>917.26</ele>
      </trkpt>
      <trkpt lat="45.819632006" lon="6.516306">
        <ele>917.1</ele>
      </trkpt>
      <trkpt lat="45.819577001" lon="6.516311003">
        <ele>916.38</ele>
      </trkpt>
      <trkpt lat="45.819506998" lon="6.516295996">
        <ele>915.9</ele>
      </trkpt>
      <trkpt lat="45.819276001" lon="6.516216998">
        <ele>915.52</ele>
      </trkpt>
      <trkpt lat="45.819194001" lon="6.516193002">
        <ele>916.23</ele>
      </trkpt>
      <trkpt lat="45.819140001" lon="6.516172995">
        <ele>915.61</ele>
      </trkpt>
      <trkpt lat="45.819059002" lon="6.516148998">
        <ele>915.49</ele>
      </trkpt>
      <trkpt lat="45.818988004" lon="6.516112993">
        <ele>915.13</ele>
      </trkpt>
      <trkpt lat="45.818942003" lon="6.516186005">
        <ele>914.61</ele>
      </trkpt>
      <trkpt lat="45.818858999" lon="6.516231005">
        <ele>912.74</ele>
      </trkpt>
      <trkpt lat="45.818791002" lon="6.516252003">
        <ele>912.2</ele>
      </trkpt>
      <trkpt lat="45.818723001" lon="6.516273994">
        <ele>911.67</ele>
      </trkpt>
      <trkpt lat="45.818627006" lon="6.516279994">
        <ele>911.09</ele>
      </trkpt>
      <trkpt lat="45.818618999" lon="6.516250001">
        <ele>910.47</ele>
      </trkpt>
      <trkpt lat="45.818607002" lon="6.516228005">
        <ele>910.93</ele>
      </trkpt>
      <trkpt lat="45.818596994" lon="6.516222004">
        <ele>911.18</ele>
      </trkpt>
      <trkpt lat="45.818574" lon="6.516210999">
        <ele>911.38</ele>
      </trkpt>
      <trkpt lat="45.818556996" lon="6.516223">
        <ele>911.53</ele>
      </trkpt>
      <trkpt lat="45.818542999" lon="6.516240001">
        <ele>911.64</ele>
      </trkpt>
      <trkpt lat="45.818536002" lon="6.516256005">
        <ele>911.64</ele>
      </trkpt>
      <trkpt lat="45.818531995" lon="6.516279005">
        <ele>911.67</ele>
      </trkpt>
      <trkpt lat="45.818536004" lon="6.516316994">
        <ele>912.52</ele>
      </trkpt>
      <trkpt lat="45.818509999" lon="6.516341003">
        <ele>913.41</ele>
      </trkpt>
      <trkpt lat="45.818274919" lon="6.516419368">
        <ele>915.29</ele>
      </trkpt>
      <trkpt lat="45.818263998" lon="6.516423003">
        <ele>917.35</ele>
      </trkpt>
      <trkpt lat="45.818078999" lon="6.516483997">
        <ele>919.36</ele>
      </trkpt>
      <trkpt lat="45.818022" lon="6.516485005">
        <ele>920.5</ele>
      </trkpt>
      <trkpt lat="45.818006999" lon="6.516479009">
        <ele>921.54</ele>
      </trkpt>
      <trkpt lat="45.817994002" lon="6.516458998">
        <ele>921.47</ele>
      </trkpt>
      <trkpt lat="45.817981001" lon="6.516426999">
        <ele>921.47</ele>
      </trkpt>
      <trkpt lat="45.817970002" lon="6.516375003">
        <ele>921.28</ele>
      </trkpt>
      <trkpt lat="45.817964004" lon="6.516318995">
        <ele>920.96</ele>
      </trkpt>
      <trkpt lat="45.817961" lon="6.516255998">
        <ele>920.58</ele>
      </trkpt>
      <trkpt lat="45.817954998" lon="6.516189999">
        <ele>920.24</ele>
      </trkpt>
      <trkpt lat="45.817945002" lon="6.516122005">
        <ele>918.48</ele>
      </trkpt>
      <trkpt lat="45.81793" lon="6.516057005">
        <ele>916.95</ele>
      </trkpt>
      <trkpt lat="45.817908003" lon="6.515991998">
        <ele>914.56</ele>
      </trkpt>
      <trkpt lat="45.817885" lon="6.515946006">
        <ele>912.42</ele>
      </trkpt>
      <trkpt lat="45.817868001" lon="6.515915002">
        <ele>910.53</ele>
      </trkpt>
      <trkpt lat="45.817848998" lon="6.515898">
        <ele>910.09</ele>
      </trkpt>
      <trkpt lat="45.817828003" lon="6.515894006">
        <ele>909.8</ele>
      </trkpt>
      <trkpt lat="45.817802994" lon="6.515895004">
        <ele>910.72</ele>
      </trkpt>
      <trkpt lat="45.817782002" lon="6.515899003">
        <ele>911.67</ele>
      </trkpt>
      <trkpt lat="45.817762996" lon="6.515908995">
        <ele>912.58</ele>
      </trkpt>
      <trkpt lat="45.817752" lon="6.515921997">
        <ele>914.5</ele>
      </trkpt>
      <trkpt lat="45.817743997" lon="6.515936995">
        <ele>916.3</ele>
      </trkpt>
      <trkpt lat="45.817738001" lon="6.515966005">
        <ele>917.96</ele>
      </trkpt>
      <trkpt lat="45.817735001" lon="6.515981">
        <ele>919.53</ele>
      </trkpt>
      <trkpt lat="45.817735997" lon="6.516003997">
        <ele>920.98</ele>
      </trkpt>
      <trkpt lat="45.817739" lon="6.516031994">
        <ele>921.15</ele>
      </trkpt>
      <trkpt lat="45.817748994" lon="6.516059007">
        <ele>921.11</ele>
      </trkpt>
      <trkpt lat="45.817764004" lon="6.516089007">
        <ele>920.88</ele>
      </trkpt>
      <trkpt lat="45.817790998" lon="6.516127003">
        <ele>920.53</ele>
      </trkpt>
      <trkpt lat="45.817816998" lon="6.516158993">
        <ele>920.07</ele>
      </trkpt>
      <trkpt lat="45.817839002" lon="6.516197999">
        <ele>919.56</ele>
      </trkpt>
      <trkpt lat="45.817860001" lon="6.516225004">
        <ele>919.15</ele>
      </trkpt>
      <trkpt lat="45.817884" lon="6.516259006">
        <ele>918.88</ele>
      </trkpt>
      <trkpt lat="45.817903001" lon="6.516303003">
        <ele>919.25</ele>
      </trkpt>
      <trkpt lat="45.817916004" lon="6.516338999">
        <ele>919.81</ele>
      </trkpt>
      <trkpt lat="45.817922002" lon="6.516383998">
        <ele>921.3</ele>
      </trkpt>
      <trkpt lat="45.817921996" lon="6.516416006">
        <ele>922.91</ele>
      </trkpt>
      <trkpt lat="45.817909998" lon="6.516449004">
        <ele>924.56</ele>
      </trkpt>
      <trkpt lat="45.817892999" lon="6.516472994">
        <ele>925.72</ele>
      </trkpt>
      <trkpt lat="45.817882001" lon="6.516483998">
        <ele>926.85</ele>
      </trkpt>
      <trkpt lat="45.817860999" lon="6.516497008">
        <ele>927.17</ele>
      </trkpt>
      <trkpt lat="45.817841997" lon="6.516503995">
        <ele>927.39</ele>
      </trkpt>
      <trkpt lat="45.817821001" lon="6.516498004">
        <ele>927.54</ele>
      </trkpt>
      <trkpt lat="45.817809001" lon="6.516492005">
        <ele>927.57</ele>
      </trkpt>
      <trkpt lat="45.817784003" lon="6.516472996">
        <ele>927.48</ele>
      </trkpt>
      <trkpt lat="45.817771" lon="6.516450007">
        <ele>927.3</ele>
      </trkpt>
      <trkpt lat="45.817763998" lon="6.516430005">
        <ele>926.96</ele>
      </trkpt>
      <trkpt lat="45.817758" lon="6.516398">
        <ele>926.52</ele>
      </trkpt>
      <trkpt lat="45.817752006" lon="6.516349998">
        <ele>926.03</ele>
      </trkpt>
      <trkpt lat="45.817750001" lon="6.516307007">
        <ele>925.55</ele>
      </trkpt>
      <trkpt lat="45.817737005" lon="6.516242999">
        <ele>925.15</ele>
      </trkpt>
      <trkpt lat="45.817721003" lon="6.516188997">
        <ele>924.97</ele>
      </trkpt>
      <trkpt lat="45.817710001" lon="6.516154998">
        <ele>924.99</ele>
      </trkpt>
      <trkpt lat="45.817687997" lon="6.516116005">
        <ele>925.26</ele>
      </trkpt>
      <trkpt lat="45.817671999" lon="6.516095997">
        <ele>924.85</ele>
      </trkpt>
      <trkpt lat="45.817650004" lon="6.516082993">
        <ele>924.65</ele>
      </trkpt>
      <trkpt lat="45.817624997" lon="6.516077003">
        <ele>924.67</ele>
      </trkpt>
      <trkpt lat="45.817599997" lon="6.516076003">
        <ele>924.78</ele>
      </trkpt>
      <trkpt lat="45.817572003" lon="6.516084004">
        <ele>924.97</ele>
      </trkpt>
      <trkpt lat="45.817558001" lon="6.516098001">
        <ele>926.32</ele>
      </trkpt>
      <trkpt lat="45.817542001" lon="6.516117994">
        <ele>927.62</ele>
      </trkpt>
      <trkpt lat="45.817529996" lon="6.516191997">
        <ele>928.72</ele>
      </trkpt>
      <trkpt lat="45.817532003" lon="6.516229999">
        <ele>929.68</ele>
      </trkpt>
      <trkpt lat="45.817536001" lon="6.516255005">
        <ele>930.39</ele>
      </trkpt>
      <trkpt lat="45.817547001" lon="6.516284995">
        <ele>930.61</ele>
      </trkpt>
      <trkpt lat="45.817569004" lon="6.516320004">
        <ele>930.92</ele>
      </trkpt>
      <trkpt lat="45.817587" lon="6.516343002">
        <ele>930.43</ele>
      </trkpt>
      <trkpt lat="45.817616003" lon="6.516380997">
        <ele>929.98</ele>
      </trkpt>
      <trkpt lat="45.817651" lon="6.516427998">
        <ele>929.61</ele>
      </trkpt>
      <trkpt lat="45.817678" lon="6.516473008">
        <ele>929.33</ele>
      </trkpt>
      <trkpt lat="45.817705006" lon="6.516508001">
        <ele>928.88</ele>
      </trkpt>
      <trkpt lat="45.817725997" lon="6.516539002">
        <ele>929.23</ele>
      </trkpt>
      <trkpt lat="45.817736997" lon="6.516569004">
        <ele>929.59</ele>
      </trkpt>
      <trkpt lat="45.817742002" lon="6.516598999">
        <ele>930.01</ele>
      </trkpt>
      <trkpt lat="45.817738999" lon="6.516630004">
        <ele>930.47</ele>
      </trkpt>
      <trkpt lat="45.817730001" lon="6.516659003">
        <ele>930.95</ele>
      </trkpt>
      <trkpt lat="45.817712997" lon="6.516683998">
        <ele>931.42</ele>
      </trkpt>
      <trkpt lat="45.817695998" lon="6.516699003">
        <ele>931.84</ele>
      </trkpt>
      <trkpt lat="45.817673996" lon="6.516712">
        <ele>933.45</ele>
      </trkpt>
      <trkpt lat="45.817657003" lon="6.516719">
        <ele>934.97</ele>
      </trkpt>
      <trkpt lat="45.817635" lon="6.516719003">
        <ele>936.41</ele>
      </trkpt>
      <trkpt lat="45.817611994" lon="6.516711001">
        <ele>937.73</ele>
      </trkpt>
      <trkpt lat="45.817594999" lon="6.516700997">
        <ele>938.9</ele>
      </trkpt>
      <trkpt lat="45.817573997" lon="6.516679006">
        <ele>938.69</ele>
      </trkpt>
      <trkpt lat="45.817559001" lon="6.516651998">
        <ele>938.34</ele>
      </trkpt>
      <trkpt lat="45.817545006" lon="6.516625001">
        <ele>937.8</ele>
      </trkpt>
      <trkpt lat="45.817532996" lon="6.516593">
        <ele>937.07</ele>
      </trkpt>
      <trkpt lat="45.817514998" lon="6.516542003">
        <ele>936.14</ele>
      </trkpt>
      <trkpt lat="45.817493003" lon="6.516480993">
        <ele>935.94</ele>
      </trkpt>
      <trkpt lat="45.817465996" lon="6.516406991">
        <ele>935.83</ele>
      </trkpt>
      <trkpt lat="45.817442006" lon="6.516361993">
        <ele>935.91</ele>
      </trkpt>
      <trkpt lat="45.817414004" lon="6.516302005">
        <ele>935.49</ele>
      </trkpt>
      <trkpt lat="45.817386997" lon="6.516252007">
        <ele>935.56</ele>
      </trkpt>
      <trkpt lat="45.817347998" lon="6.516205008">
        <ele>935.21</ele>
      </trkpt>
      <trkpt lat="45.817317999" lon="6.516179003">
        <ele>935.14</ele>
      </trkpt>
      <trkpt lat="45.817282999" lon="6.516148">
        <ele>935.38</ele>
      </trkpt>
      <trkpt lat="45.817247003" lon="6.516125003">
        <ele>936.6</ele>
      </trkpt>
      <trkpt lat="45.817205996" lon="6.516106005">
        <ele>937.86</ele>
      </trkpt>
      <trkpt lat="45.817172999" lon="6.516092004">
        <ele>939.2</ele>
      </trkpt>
      <trkpt lat="45.817141998" lon="6.516083996">
        <ele>939.06</ele>
      </trkpt>
      <trkpt lat="45.817105995" lon="6.51608">
        <ele>938.92</ele>
      </trkpt>
      <trkpt lat="45.817068999" lon="6.516083005">
        <ele>938.81</ele>
      </trkpt>
      <trkpt lat="45.817035997" lon="6.516090003">
        <ele>938.81</ele>
      </trkpt>
      <trkpt lat="45.817005002" lon="6.516098005">
        <ele>938.72</ele>
      </trkpt>
      <trkpt lat="45.816966004" lon="6.516109997">
        <ele>940.17</ele>
      </trkpt>
      <trkpt lat="45.816942" lon="6.516120997">
        <ele>941.59</ele>
      </trkpt>
      <trkpt lat="45.816906996" lon="6.516136995">
        <ele>942.91</ele>
      </trkpt>
      <trkpt lat="45.816875001" lon="6.516146996">
        <ele>944.19</ele>
      </trkpt>
      <trkpt lat="45.816852999" lon="6.516148997">
        <ele>943.68</ele>
      </trkpt>
      <trkpt lat="45.816819005" lon="6.516143002">
        <ele>943.08</ele>
      </trkpt>
      <trkpt lat="45.816784994" lon="6.516136993">
        <ele>942.42</ele>
      </trkpt>
      <trkpt lat="45.816757996" lon="6.516133004">
        <ele>941.81</ele>
      </trkpt>
      <trkpt lat="45.816731998" lon="6.516129001">
        <ele>941.15</ele>
      </trkpt>
      <trkpt lat="45.816701999" lon="6.516126999">
        <ele>942.36</ele>
      </trkpt>
      <trkpt lat="45.816673002" lon="6.516126995">
        <ele>943.54</ele>
      </trkpt>
      <trkpt lat="45.816643004" lon="6.516139998">
        <ele>944.64</ele>
      </trkpt>
      <trkpt lat="45.816623998" lon="6.516150002">
        <ele>945.66</ele>
      </trkpt>
      <trkpt lat="45.816613998" lon="6.516163996">
        <ele>946.58</ele>
      </trkpt>
      <trkpt lat="45.816605" lon="6.516190996">
        <ele>947.31</ele>
      </trkpt>
      <trkpt lat="45.816602004" lon="6.516229001">
        <ele>947.9</ele>
      </trkpt>
      <trkpt lat="45.816602003" lon="6.516262002">
        <ele>948.33</ele>
      </trkpt>
      <trkpt lat="45.816608001" lon="6.516293993">
        <ele>948.54</ele>
      </trkpt>
      <trkpt lat="45.816618997" lon="6.516316002">
        <ele>948.48</ele>
      </trkpt>
      <trkpt lat="45.816632004" lon="6.516337998">
        <ele>948.59</ele>
      </trkpt>
      <trkpt lat="45.816649997" lon="6.516355001">
        <ele>948.6</ele>
      </trkpt>
      <trkpt lat="45.816670004" lon="6.516367001">
        <ele>948.56</ele>
      </trkpt>
      <trkpt lat="45.816690995" lon="6.516373998">
        <ele>948.48</ele>
      </trkpt>
      <trkpt lat="45.816715006" lon="6.516378996">
        <ele>948.39</ele>
      </trkpt>
      <trkpt lat="45.816743004" lon="6.516382997">
        <ele>947.89</ele>
      </trkpt>
      <trkpt lat="45.816770999" lon="6.516379006">
        <ele>947.23</ele>
      </trkpt>
      <trkpt lat="45.816796002" lon="6.516372994">
        <ele>946.46</ele>
      </trkpt>
      <trkpt lat="45.816826995" lon="6.516358997">
        <ele>945.61</ele>
      </trkpt>
      <trkpt lat="45.816851998" lon="6.516344">
        <ele>944.73</ele>
      </trkpt>
      <trkpt lat="45.816878996" lon="6.516323999">
        <ele>943.8</ele>
      </trkpt>
      <trkpt lat="45.816900002" lon="6.516312008">
        <ele>942.87</ele>
      </trkpt>
      <trkpt lat="45.816922002" lon="6.516304">
        <ele>941.84</ele>
      </trkpt>
      <trkpt lat="45.816952002" lon="6.516299002">
        <ele>940.8</ele>
      </trkpt>
      <trkpt lat="45.816988" lon="6.516299994">
        <ele>939.71</ele>
      </trkpt>
      <trkpt lat="45.817013998" lon="6.516306008">
        <ele>938.57</ele>
      </trkpt>
      <trkpt lat="45.817042004" lon="6.516319008">
        <ele>939.92</ele>
      </trkpt>
      <trkpt lat="45.81707" lon="6.516336996">
        <ele>940.82</ele>
      </trkpt>
      <trkpt lat="45.817097001" lon="6.516361998">
        <ele>942.02</ele>
      </trkpt>
      <trkpt lat="45.817122001" lon="6.516396">
        <ele>943.57</ele>
      </trkpt>
      <trkpt lat="45.817147998" lon="6.516435002">
        <ele>945.52</ele>
      </trkpt>
      <trkpt lat="45.817169998" lon="6.516483998">
        <ele>945.42</ele>
      </trkpt>
      <trkpt lat="45.817190004" lon="6.516542006">
        <ele>946.32</ele>
      </trkpt>
      <trkpt lat="45.817210003" lon="6.516603998">
        <ele>947.32</ele>
      </trkpt>
      <trkpt lat="45.817226001" lon="6.516680998">
        <ele>947.27</ele>
      </trkpt>
      <trkpt lat="45.817237998" lon="6.516740004">
        <ele>947.32</ele>
      </trkpt>
      <trkpt lat="45.817251001" lon="6.516810999">
        <ele>947.43</ele>
      </trkpt>
      <trkpt lat="45.817264996" lon="6.516895">
        <ele>947.47</ele>
      </trkpt>
      <trkpt lat="45.817273004" lon="6.516964001">
        <ele>947.58</ele>
      </trkpt>
      <trkpt lat="45.817276005" lon="6.517018992">
        <ele>948.76</ele>
      </trkpt>
      <trkpt lat="45.817275998" lon="6.517096996">
        <ele>949.81</ele>
      </trkpt>
      <trkpt lat="45.817267994" lon="6.517145008">
        <ele>949.7</ele>
      </trkpt>
      <trkpt lat="45.817253006" lon="6.517196996">
        <ele>949.54</ele>
      </trkpt>
      <trkpt lat="45.817237003" lon="6.517224001">
        <ele>949.22</ele>
      </trkpt>
      <trkpt lat="45.817212002" lon="6.517266998">
        <ele>948.9</ele>
      </trkpt>
      <trkpt lat="45.817191002" lon="6.517296997">
        <ele>948.54</ele>
      </trkpt>
      <trkpt lat="45.817157005" lon="6.517328991">
        <ele>949.2</ele>
      </trkpt>
      <trkpt lat="45.817122997" lon="6.517346005">
        <ele>950.27</ele>
      </trkpt>
      <trkpt lat="45.817094" lon="6.517356996">
        <ele>951.29</ele>
      </trkpt>
      <trkpt lat="45.817055998" lon="6.517359008">
        <ele>952.23</ele>
      </trkpt>
      <trkpt lat="45.817027" lon="6.517359003">
        <ele>953.06</ele>
      </trkpt>
      <trkpt lat="45.816991998" lon="6.517352995">
        <ele>953.79</ele>
      </trkpt>
      <trkpt lat="45.816957994" lon="6.517334005">
        <ele>953.92</ele>
      </trkpt>
      <trkpt lat="45.816932995" lon="6.517310999">
        <ele>953.98</ele>
      </trkpt>
      <trkpt lat="45.816902002" lon="6.517279">
        <ele>953.99</ele>
      </trkpt>
      <trkpt lat="45.816867999" lon="6.517249001">
        <ele>955.39</ele>
      </trkpt>
      <trkpt lat="45.816831997" lon="6.517222999">
        <ele>956.78</ele>
      </trkpt>
      <trkpt lat="45.816796999" lon="6.517196005">
        <ele>958.18</ele>
      </trkpt>
      <trkpt lat="45.816758998" lon="6.517163005">
        <ele>959.56</ele>
      </trkpt>
      <trkpt lat="45.816717003" lon="6.517127998">
        <ele>960.87</ele>
      </trkpt>
      <trkpt lat="45.816670001" lon="6.517083003">
        <ele>960.68</ele>
      </trkpt>
      <trkpt lat="45.816640001" lon="6.517044003">
        <ele>960.4</ele>
      </trkpt>
      <trkpt lat="45.816603005" lon="6.516988006">
        <ele>960.03</ele>
      </trkpt>
      <trkpt lat="45.81657" lon="6.516927996">
        <ele>960.16</ele>
      </trkpt>
      <trkpt lat="45.816542996" lon="6.516872997">
        <ele>960.09</ele>
      </trkpt>
      <trkpt lat="45.816513999" lon="6.516816001">
        <ele>960.08</ele>
      </trkpt>
      <trkpt lat="45.816477994" lon="6.516746996">
        <ele>960.16</ele>
      </trkpt>
      <trkpt lat="45.816443998" lon="6.516688999">
        <ele>960.35</ele>
      </trkpt>
      <trkpt lat="45.816410995" lon="6.516632999">
        <ele>960.1</ele>
      </trkpt>
      <trkpt lat="45.816375995" lon="6.516576007">
        <ele>960.16</ele>
      </trkpt>
      <trkpt lat="45.816352994" lon="6.516547007">
        <ele>960.39</ele>
      </trkpt>
      <trkpt lat="45.816323997" lon="6.516514001">
        <ele>960.72</ele>
      </trkpt>
      <trkpt lat="45.816277998" lon="6.516476999">
        <ele>961.13</ele>
      </trkpt>
      <trkpt lat="45.816254999" lon="6.516463003">
        <ele>961.55</ele>
      </trkpt>
      <trkpt lat="45.816222998" lon="6.516447996">
        <ele>962</ele>
      </trkpt>
      <trkpt lat="45.816183994" lon="6.516432993">
        <ele>962.36</ele>
      </trkpt>
      <trkpt lat="45.816142999" lon="6.516422002">
        <ele>962.67</ele>
      </trkpt>
      <trkpt lat="45.816106997" lon="6.516409008">
        <ele>962.92</ele>
      </trkpt>
      <trkpt lat="45.816078003" lon="6.516395004">
        <ele>963.75</ele>
      </trkpt>
      <trkpt lat="45.816045997" lon="6.516374995">
        <ele>964.6</ele>
      </trkpt>
      <trkpt lat="45.816019" lon="6.516350999">
        <ele>965.15</ele>
      </trkpt>
      <trkpt lat="45.815988006" lon="6.516317003">
        <ele>965.67</ele>
      </trkpt>
      <trkpt lat="45.815958998" lon="6.516280001">
        <ele>966.33</ele>
      </trkpt>
      <trkpt lat="45.815920003" lon="6.516230001">
        <ele>966.72</ele>
      </trkpt>
      <trkpt lat="45.815826001" lon="6.516121993">
        <ele>967.03</ele>
      </trkpt>
      <trkpt lat="45.815720997" lon="6.516014999">
        <ele>967.57</ele>
      </trkpt>
      <trkpt lat="45.815682002" lon="6.515978006">
        <ele>969.06</ele>
      </trkpt>
      <trkpt lat="45.815662002" lon="6.515959999">
        <ele>970.54</ele>
      </trkpt>
      <trkpt lat="45.815584999" lon="6.515896002">
        <ele>971.72</ele>
      </trkpt>
      <trkpt lat="45.815513999" lon="6.515853991">
        <ele>973.54</ele>
      </trkpt>
      <trkpt lat="45.815472003" lon="6.515832005">
        <ele>975.76</ele>
      </trkpt>
      <trkpt lat="45.815397" lon="6.515798996">
        <ele>977.25</ele>
      </trkpt>
      <trkpt lat="45.815296998" lon="6.515747004">
        <ele>978.75</ele>
      </trkpt>
      <trkpt lat="45.815220997" lon="6.515699996">
        <ele>980.54</ele>
      </trkpt>
      <trkpt lat="45.81514" lon="6.515634005">
        <ele>981.49</ele>
      </trkpt>
      <trkpt lat="45.815061998" lon="6.515562997">
        <ele>982.19</ele>
      </trkpt>
      <trkpt lat="45.815005005" lon="6.515498999">
        <ele>982.68</ele>
      </trkpt>
      <trkpt lat="45.814950998" lon="6.515429997">
        <ele>983.52</ele>
      </trkpt>
      <trkpt lat="45.814937001" lon="6.515412">
        <ele>983.77</ele>
      </trkpt>
      <trkpt lat="45.814848" lon="6.515302006">
        <ele>985.06</ele>
      </trkpt>
      <trkpt lat="45.814786995" lon="6.515211999">
        <ele>986</ele>
      </trkpt>
      <trkpt lat="45.814698999" lon="6.515080994">
        <ele>986.72</ele>
      </trkpt>
      <trkpt lat="45.814641001" lon="6.514995999">
        <ele>987.81</ele>
      </trkpt>
      <trkpt lat="45.814593996" lon="6.514934005">
        <ele>988.71</ele>
      </trkpt>
      <trkpt lat="45.814427002" lon="6.514746009">
        <ele>989.38</ele>
      </trkpt>
      <trkpt lat="45.814274001" lon="6.514577002">
        <ele>990.39</ele>
      </trkpt>
      <trkpt lat="45.814155003" lon="6.514449001">
        <ele>992.57</ele>
      </trkpt>
      <trkpt lat="45.813999998" lon="6.514295995">
        <ele>993.72</ele>
      </trkpt>
      <trkpt lat="45.813662" lon="6.513982995">
        <ele>996.03</ele>
      </trkpt>
      <trkpt lat="45.813329" lon="6.513646998">
        <ele>996.4</ele>
      </trkpt>
      <trkpt lat="45.813223004" lon="6.513519997">
        <ele>996.63</ele>
      </trkpt>
      <trkpt lat="45.813136003" lon="6.513435995">
        <ele>995.99</ele>
      </trkpt>
      <trkpt lat="45.813076" lon="6.513387008">
        <ele>995.77</ele>
      </trkpt>
      <trkpt lat="45.813033994" lon="6.513361002">
        <ele>994.96</ele>
      </trkpt>
      <trkpt lat="45.812979001" lon="6.513349999">
        <ele>995.52</ele>
      </trkpt>
      <trkpt lat="45.812946997" lon="6.513348992">
        <ele>996.23</ele>
      </trkpt>
      <trkpt lat="45.812915999" lon="6.513361997">
        <ele>998.01</ele>
      </trkpt>
      <trkpt lat="45.812901997" lon="6.513373995">
        <ele>999.88</ele>
      </trkpt>
      <trkpt lat="45.812858002" lon="6.513443997">
        <ele>1001.55</ele>
      </trkpt>
      <trkpt lat="45.812846001" lon="6.513521991">
        <ele>1002.82</ele>
      </trkpt>
      <trkpt lat="45.812864003" lon="6.513613999">
        <ele>1005.8</ele>
      </trkpt>
      <trkpt lat="45.812902006" lon="6.513668998">
        <ele>1006.9</ele>
      </trkpt>
      <trkpt lat="45.812966001" lon="6.513727005">
        <ele>1006.92</ele>
      </trkpt>
      <trkpt lat="45.813026996" lon="6.513766994">
        <ele>1006.26</ele>
      </trkpt>
      <trkpt lat="45.813090004" lon="6.513792996">
        <ele>1007.7</ele>
      </trkpt>
      <trkpt lat="45.813149004" lon="6.513815998">
        <ele>1007.03</ele>
      </trkpt>
      <trkpt lat="45.813222997" lon="6.513856003">
        <ele>1006.72</ele>
      </trkpt>
      <trkpt lat="45.813287001" lon="6.513903003">
        <ele>1007.15</ele>
      </trkpt>
      <trkpt lat="45.813360003" lon="6.513965">
        <ele>1008.71</ele>
      </trkpt>
      <trkpt lat="45.81341" lon="6.514046995">
        <ele>1010.09</ele>
      </trkpt>
      <trkpt lat="45.813475994" lon="6.514177998">
        <ele>1011.78</ele>
      </trkpt>
      <trkpt lat="45.813544002" lon="6.514352003">
        <ele>1013.59</ele>
      </trkpt>
      <trkpt lat="45.813597004" lon="6.514466003">
        <ele>1016.52</ele>
      </trkpt>
      <trkpt lat="45.813658999" lon="6.514593994">
        <ele>1019.29</ele>
      </trkpt>
      <trkpt lat="45.813749997" lon="6.514770998">
        <ele>1020.68</ele>
      </trkpt>
      <trkpt lat="45.813859001" lon="6.515038995">
        <ele>1023</ele>
      </trkpt>
      <trkpt lat="45.813967004" lon="6.515297997">
        <ele>1026.44</ele>
      </trkpt>
      <trkpt lat="45.814085002" lon="6.515633999">
        <ele>1028.9</ele>
      </trkpt>
      <trkpt lat="45.814136003" lon="6.515807001">
        <ele>1031.47</ele>
      </trkpt>
      <trkpt lat="45.814146001" lon="6.515835004">
        <ele>1033.68</ele>
      </trkpt>
      <trkpt lat="45.814178998" lon="6.515932006">
        <ele>1035.8</ele>
      </trkpt>
      <trkpt lat="45.814225002" lon="6.516040007">
        <ele>1035.48</ele>
      </trkpt>
      <trkpt lat="45.814301" lon="6.516243">
        <ele>1037.15</ele>
      </trkpt>
      <trkpt lat="45.814411" lon="6.516485002">
        <ele>1036.43</ele>
      </trkpt>
      <trkpt lat="45.814533998" lon="6.516752996">
        <ele>1036.21</ele>
      </trkpt>
      <trkpt lat="45.814613001" lon="6.516944002">
        <ele>1035.36</ele>
      </trkpt>
      <trkpt lat="45.814661998" lon="6.517078002">
        <ele>1036.27</ele>
      </trkpt>
      <trkpt lat="45.814689998" lon="6.517155995">
        <ele>1035.44</ele>
      </trkpt>
      <trkpt lat="45.814724" lon="6.517258">
        <ele>1036.91</ele>
      </trkpt>
      <trkpt lat="45.814747002" lon="6.517347998">
        <ele>1038.38</ele>
      </trkpt>
      <trkpt lat="45.814769999" lon="6.517428006">
        <ele>1039.88</ele>
      </trkpt>
      <trkpt lat="45.814795999" lon="6.517521005">
        <ele>1041.53</ele>
      </trkpt>
      <trkpt lat="45.814817999" lon="6.517632996">
        <ele>1043.11</ele>
      </trkpt>
      <trkpt lat="45.814838997" lon="6.517717001">
        <ele>1043.59</ele>
      </trkpt>
      <trkpt lat="45.814859" lon="6.517793003">
        <ele>1043.94</ele>
      </trkpt>
      <trkpt lat="45.814874999" lon="6.517873996">
        <ele>1044.73</ele>
      </trkpt>
      <trkpt lat="45.814878999" lon="6.517893999">
        <ele>1045.63</ele>
      </trkpt>
      <trkpt lat="45.814899998" lon="6.517968994">
        <ele>1044.05</ele>
      </trkpt>
      <trkpt lat="45.814919996" lon="6.518030997">
        <ele>1044.16</ele>
      </trkpt>
      <trkpt lat="45.814959998" lon="6.518146997">
        <ele>1044.67</ele>
      </trkpt>
      <trkpt lat="45.814995002" lon="6.518228996">
        <ele>1045.44</ele>
      </trkpt>
      <trkpt lat="45.815026997" lon="6.518291003">
        <ele>1043.3</ele>
      </trkpt>
      <trkpt lat="45.815066004" lon="6.518388004">
        <ele>1045.18</ele>
      </trkpt>
      <trkpt lat="45.815106003" lon="6.518485004">
        <ele>1046.37</ele>
      </trkpt>
      <trkpt lat="45.815142999" lon="6.518567001">
        <ele>1046.84</ele>
      </trkpt>
      <trkpt lat="45.815189004" lon="6.518672002">
        <ele>1045.99</ele>
      </trkpt>
      <trkpt lat="45.815233001" lon="6.518756999">
        <ele>1048.66</ele>
      </trkpt>
      <trkpt lat="45.815288996" lon="6.518869998">
        <ele>1049.72</ele>
      </trkpt>
      <trkpt lat="45.815333996" lon="6.518967009">
        <ele>1050.31</ele>
      </trkpt>
      <trkpt lat="45.815384001" lon="6.519055005">
        <ele>1051.35</ele>
      </trkpt>
      <trkpt lat="45.815437999" lon="6.519154008">
        <ele>1052.46</ele>
      </trkpt>
      <trkpt lat="45.815486999" lon="6.519254006">
        <ele>1052.72</ele>
      </trkpt>
      <trkpt lat="45.815535002" lon="6.519339994">
        <ele>1053.01</ele>
      </trkpt>
      <trkpt lat="45.815589998" lon="6.519435">
        <ele>1053.7</ele>
      </trkpt>
      <trkpt lat="45.815652004" lon="6.519546">
        <ele>1053.85</ele>
      </trkpt>
      <trkpt lat="45.815684003" lon="6.519607003">
        <ele>1053.29</ele>
      </trkpt>
      <trkpt lat="45.815716998" lon="6.519684003">
        <ele>1052.97</ele>
      </trkpt>
      <trkpt lat="45.815741002" lon="6.519744999">
        <ele>1052.89</ele>
      </trkpt>
      <trkpt lat="45.815763998" lon="6.519824997">
        <ele>1053.18</ele>
      </trkpt>
      <trkpt lat="45.815780002" lon="6.519902009">
        <ele>1054.22</ele>
      </trkpt>
      <trkpt lat="45.815799002" lon="6.519986998">
        <ele>1055.97</ele>
      </trkpt>
      <trkpt lat="45.815817003" lon="6.520075997">
        <ele>1057.83</ele>
      </trkpt>
      <trkpt lat="45.815838003" lon="6.520183002">
        <ele>1059.78</ele>
      </trkpt>
      <trkpt lat="45.815859998" lon="6.520299997">
        <ele>1061.82</ele>
      </trkpt>
      <trkpt lat="45.815880997" lon="6.520407003">
        <ele>1063.31</ele>
      </trkpt>
      <trkpt lat="45.815902998" lon="6.520513995">
        <ele>1065.52</ele>
      </trkpt>
      <trkpt lat="45.815924998" lon="6.520622998">
        <ele>1067.52</ele>
      </trkpt>
      <trkpt lat="45.815943005" lon="6.520690999">
        <ele>1066.31</ele>
      </trkpt>
      <trkpt lat="45.815967998" lon="6.520763003">
        <ele>1065.01</ele>
      </trkpt>
      <trkpt lat="45.815986999" lon="6.520812995">
        <ele>1064.07</ele>
      </trkpt>
      <trkpt lat="45.816018004" lon="6.520870004">
        <ele>1062.98</ele>
      </trkpt>
      <trkpt lat="45.816042999" lon="6.520906997">
        <ele>1059.35</ele>
      </trkpt>
      <trkpt lat="45.816063998" lon="6.520937999">
        <ele>1058.58</ele>
      </trkpt>
      <trkpt lat="45.816086999" lon="6.520968999">
        <ele>1057.58</ele>
      </trkpt>
      <trkpt lat="45.816119999" lon="6.521023004">
        <ele>1056.58</ele>
      </trkpt>
      <trkpt lat="45.816147998" lon="6.521078997">
        <ele>1055.63</ele>
      </trkpt>
      <trkpt lat="45.816174005" lon="6.521137002">
        <ele>1057.12</ele>
      </trkpt>
      <trkpt lat="45.816196005" lon="6.521191993">
        <ele>1058.69</ele>
      </trkpt>
      <trkpt lat="45.816213004" lon="6.521241999">
        <ele>1060.4</ele>
      </trkpt>
      <trkpt lat="45.816224003" lon="6.521287007">
        <ele>1060.85</ele>
      </trkpt>
      <trkpt lat="45.816233996" lon="6.521341993">
        <ele>1060.84</ele>
      </trkpt>
      <trkpt lat="45.816246003" lon="6.521409005">
        <ele>1060.92</ele>
      </trkpt>
      <trkpt lat="45.816262002" lon="6.521486998">
        <ele>1061.04</ele>
      </trkpt>
      <trkpt lat="45.816282" lon="6.521593992">
        <ele>1061.07</ele>
      </trkpt>
      <trkpt lat="45.816296999" lon="6.521687004">
        <ele>1060.62</ele>
      </trkpt>
      <trkpt lat="45.816314001" lon="6.521783997">
        <ele>1060.84</ele>
      </trkpt>
      <trkpt lat="45.816326002" lon="6.521833001">
        <ele>1061.1</ele>
      </trkpt>
      <trkpt lat="45.816347998" lon="6.521906001">
        <ele>1061.41</ele>
      </trkpt>
      <trkpt lat="45.816369001" lon="6.521972995">
        <ele>1061.63</ele>
      </trkpt>
      <trkpt lat="45.816396998" lon="6.522039997">
        <ele>1063.52</ele>
      </trkpt>
      <trkpt lat="45.816420005" lon="6.522091006">
        <ele>1065.12</ele>
      </trkpt>
      <trkpt lat="45.816441998" lon="6.522141008">
        <ele>1064.1</ele>
      </trkpt>
      <trkpt lat="45.816470995" lon="6.522205999">
        <ele>1063.14</ele>
      </trkpt>
      <trkpt lat="45.816491002" lon="6.522247999">
        <ele>1060.7</ele>
      </trkpt>
      <trkpt lat="45.816514997" lon="6.522301997">
        <ele>1058.17</ele>
      </trkpt>
      <trkpt lat="45.816539003" lon="6.522362003">
        <ele>1055.53</ele>
      </trkpt>
      <trkpt lat="45.816566999" lon="6.522427007">
        <ele>1055.14</ele>
      </trkpt>
      <trkpt lat="45.816594" lon="6.522493005">
        <ele>1054.53</ele>
      </trkpt>
      <trkpt lat="45.816610005" lon="6.522537006">
        <ele>1054.64</ele>
      </trkpt>
      <trkpt lat="45.816640994" lon="6.522630007">
        <ele>1054.8</ele>
      </trkpt>
      <trkpt lat="45.816660002" lon="6.522716998">
        <ele>1055</ele>
      </trkpt>
      <trkpt lat="45.816673002" lon="6.522787993">
        <ele>1055.32</ele>
      </trkpt>
      <trkpt lat="45.816689003" lon="6.522860998">
        <ele>1055.63</ele>
      </trkpt>
      <trkpt lat="45.816705005" lon="6.522950994">
        <ele>1055.89</ele>
      </trkpt>
      <trkpt lat="45.816719003" lon="6.523044006">
        <ele>1056.2</ele>
      </trkpt>
      <trkpt lat="45.816731002" lon="6.523132006">
        <ele>1056.56</ele>
      </trkpt>
      <trkpt lat="45.816735001" lon="6.523202002">
        <ele>1056.88</ele>
      </trkpt>
      <trkpt lat="45.816734" lon="6.523268997">
        <ele>1057.12</ele>
      </trkpt>
      <trkpt lat="45.816731998" lon="6.523322999">
        <ele>1058.02</ele>
      </trkpt>
      <trkpt lat="45.816721004" lon="6.523361008">
        <ele>1058.8</ele>
      </trkpt>
      <trkpt lat="45.816704998" lon="6.523394998">
        <ele>1059.41</ele>
      </trkpt>
      <trkpt lat="45.816688998" lon="6.523420996">
        <ele>1059.92</ele>
      </trkpt>
      <trkpt lat="45.816677001" lon="6.523436008">
        <ele>1060.37</ele>
      </trkpt>
      <trkpt lat="45.816652998" lon="6.523453">
        <ele>1059.41</ele>
      </trkpt>
      <trkpt lat="45.816628998" lon="6.523467001">
        <ele>1058.41</ele>
      </trkpt>
      <trkpt lat="45.816607" lon="6.523481001">
        <ele>1057.39</ele>
      </trkpt>
      <trkpt lat="45.816585998" lon="6.523495993">
        <ele>1057.87</ele>
      </trkpt>
      <trkpt lat="45.816565003" lon="6.523505004">
        <ele>1058.03</ele>
      </trkpt>
      <trkpt lat="45.816508001" lon="6.523522002">
        <ele>1060.03</ele>
      </trkpt>
      <trkpt lat="45.816424005" lon="6.523096007">
        <ele>1061.39</ele>
      </trkpt>
      <trkpt lat="45.816374001" lon="6.522853004">
        <ele>1062.35</ele>
      </trkpt>
      <trkpt lat="45.816349996" lon="6.522740996">
        <ele>1063.14</ele>
      </trkpt>
      <trkpt lat="45.816333999" lon="6.522666999">
        <ele>1066.51</ele>
      </trkpt>
      <trkpt lat="45.816303004" lon="6.522545006">
        <ele>1068.86</ele>
      </trkpt>
      <trkpt lat="45.816245004" lon="6.522381998">
        <ele>1071.04</ele>
      </trkpt>
      <trkpt lat="45.816223003" lon="6.522319">
        <ele>1075.33</ele>
      </trkpt>
      <trkpt lat="45.816184998" lon="6.522220009">
        <ele>1077.62</ele>
      </trkpt>
      <trkpt lat="45.816143001" lon="6.522120995">
        <ele>1077.07</ele>
      </trkpt>
      <trkpt lat="45.816102997" lon="6.522026001">
        <ele>1076.46</ele>
      </trkpt>
      <trkpt lat="45.816059003" lon="6.521930004">
        <ele>1081.09</ele>
      </trkpt>
      <trkpt lat="45.816004001" lon="6.521810992">
        <ele>1082.18</ele>
      </trkpt>
      <trkpt lat="45.815936998" lon="6.521671001">
        <ele>1085.59</ele>
      </trkpt>
      <trkpt lat="45.815836001" lon="6.521481995">
        <ele>1089.21</ele>
      </trkpt>
      <trkpt lat="45.815735003" lon="6.521295001">
        <ele>1094.52</ele>
      </trkpt>
      <trkpt lat="45.815462002" lon="6.520793998">
        <ele>1095.36</ele>
      </trkpt>
      <trkpt lat="45.815278005" lon="6.520481002">
        <ele>1097.55</ele>
      </trkpt>
      <trkpt lat="45.815093002" lon="6.520166991">
        <ele>1098.46</ele>
      </trkpt>
      <trkpt lat="45.814819001" lon="6.519681997">
        <ele>1098.42</ele>
      </trkpt>
      <trkpt lat="45.814739002" lon="6.519541002">
        <ele>1097.53</ele>
      </trkpt>
      <trkpt lat="45.814541003" lon="6.519167002">
        <ele>1095.75</ele>
      </trkpt>
      <trkpt lat="45.814437" lon="6.518991001">
        <ele>1094.27</ele>
      </trkpt>
      <trkpt lat="45.814365994" lon="6.518867997">
        <ele>1092.39</ele>
      </trkpt>
      <trkpt lat="45.814302" lon="6.518755997">
        <ele>1091.71</ele>
      </trkpt>
      <trkpt lat="45.814247001" lon="6.518656998">
        <ele>1090.62</ele>
      </trkpt>
      <trkpt lat="45.814170996" lon="6.518521997">
        <ele>1090.22</ele>
      </trkpt>
      <trkpt lat="45.814091001" lon="6.518371003">
        <ele>1090.51</ele>
      </trkpt>
      <trkpt lat="45.814042004" lon="6.518268004">
        <ele>1090.6</ele>
      </trkpt>
      <trkpt lat="45.814005998" lon="6.518206001">
        <ele>1090.56</ele>
      </trkpt>
      <trkpt lat="45.813966004" lon="6.518144993">
        <ele>1091.82</ele>
      </trkpt>
      <trkpt lat="45.813913995" lon="6.518077006">
        <ele>1093.38</ele>
      </trkpt>
      <trkpt lat="45.813700001" lon="6.517847">
        <ele>1094.54</ele>
      </trkpt>
      <trkpt lat="45.813655004" lon="6.517799002">
        <ele>1095.86</ele>
      </trkpt>
      <trkpt lat="45.813589999" lon="6.517732998">
        <ele>1099.63</ele>
      </trkpt>
      <trkpt lat="45.813535003" lon="6.517679001">
        <ele>1102.16</ele>
      </trkpt>
      <trkpt lat="45.813464999" lon="6.517600999">
        <ele>1104.28</ele>
      </trkpt>
      <trkpt lat="45.813426996" lon="6.517561994">
        <ele>1105.91</ele>
      </trkpt>
      <trkpt lat="45.813373004" lon="6.517493998">
        <ele>1107.13</ele>
      </trkpt>
      <trkpt lat="45.813312998" lon="6.517419999">
        <ele>1107.25</ele>
      </trkpt>
      <trkpt lat="45.813254998" lon="6.517349003">
        <ele>1105.49</ele>
      </trkpt>
      <trkpt lat="45.813187004" lon="6.517257995">
        <ele>1104.64</ele>
      </trkpt>
      <trkpt lat="45.813121996" lon="6.517161996">
        <ele>1104.67</ele>
      </trkpt>
      <trkpt lat="45.813046997" lon="6.517058001">
        <ele>1105.62</ele>
      </trkpt>
      <trkpt lat="45.81299" lon="6.516968997">
        <ele>1103.47</ele>
      </trkpt>
      <trkpt lat="45.812937998" lon="6.516895006">
        <ele>1103.53</ele>
      </trkpt>
      <trkpt lat="45.812898995" lon="6.516849004">
        <ele>1103.85</ele>
      </trkpt>
      <trkpt lat="45.812848999" lon="6.516800006">
        <ele>1103.46</ele>
      </trkpt>
      <trkpt lat="45.812787001" lon="6.516749998">
        <ele>1102.4</ele>
      </trkpt>
      <trkpt lat="45.812723004" lon="6.516692993">
        <ele>1103.82</ele>
      </trkpt>
      <trkpt lat="45.812667005" lon="6.516645998">
        <ele>1105.18</ele>
      </trkpt>
      <trkpt lat="45.812595006" lon="6.516597004">
        <ele>1105.18</ele>
      </trkpt>
      <trkpt lat="45.812442996" lon="6.516489997">
        <ele>1105.29</ele>
      </trkpt>
      <trkpt lat="45.812169" lon="6.516276004">
        <ele>1105.29</ele>
      </trkpt>
      <trkpt lat="45.811948999" lon="6.516111999">
        <ele>1104.69</ele>
      </trkpt>
      <trkpt lat="45.811728997" lon="6.515948008">
        <ele>1104.36</ele>
      </trkpt>
      <trkpt lat="45.811524998" lon="6.515791998">
        <ele>1104.5</ele>
      </trkpt>
      <trkpt lat="45.811375003" lon="6.515696996">
        <ele>1105.1</ele>
      </trkpt>
      <trkpt lat="45.811242996" lon="6.515631008">
        <ele>1106.27</ele>
      </trkpt>
      <trkpt lat="45.811130001" lon="6.515579997">
        <ele>1106.28</ele>
      </trkpt>
      <trkpt lat="45.811037001" lon="6.515535004">
        <ele>1106.19</ele>
      </trkpt>
      <trkpt lat="45.810906998" lon="6.515474996">
        <ele>1106.46</ele>
      </trkpt>
      <trkpt lat="45.810837002" lon="6.515453999">
        <ele>1105.37</ele>
      </trkpt>
      <trkpt lat="45.810746003" lon="6.515433005">
        <ele>1104.27</ele>
      </trkpt>
      <trkpt lat="45.810657002" lon="6.515426008">
        <ele>1104.67</ele>
      </trkpt>
      <trkpt lat="45.810584001" lon="6.515429993">
        <ele>1105.06</ele>
      </trkpt>
      <trkpt lat="45.810510002" lon="6.515455002">
        <ele>1105.22</ele>
      </trkpt>
      <trkpt lat="45.810432003" lon="6.515495005">
        <ele>1106.59</ele>
      </trkpt>
      <trkpt lat="45.810366006" lon="6.515545001">
        <ele>1107.91</ele>
      </trkpt>
      <trkpt lat="45.810294995" lon="6.515625998">
        <ele>1109.28</ele>
      </trkpt>
      <trkpt lat="45.810226001" lon="6.515714007">
        <ele>1109.59</ele>
      </trkpt>
      <trkpt lat="45.810151006" lon="6.515806003">
        <ele>1110.16</ele>
      </trkpt>
      <trkpt lat="45.810093003" lon="6.515877994">
        <ele>1112.06</ele>
      </trkpt>
      <trkpt lat="45.810012995" lon="6.515944008">
        <ele>1113.05</ele>
      </trkpt>
      <trkpt lat="45.809933995" lon="6.515973002">
        <ele>1114.12</ele>
      </trkpt>
      <trkpt lat="45.809841999" lon="6.515992997">
        <ele>1116.27</ele>
      </trkpt>
      <trkpt lat="45.809744002" lon="6.515997">
        <ele>1118.31</ele>
      </trkpt>
      <trkpt lat="45.809671998" lon="6.515981998">
        <ele>1117.72</ele>
      </trkpt>
      <trkpt lat="45.809591998" lon="6.515951999">
        <ele>1118.08</ele>
      </trkpt>
      <trkpt lat="45.809514002" lon="6.515921006">
        <ele>1118.26</ele>
      </trkpt>
      <trkpt lat="45.809437997" lon="6.515894999">
        <ele>1118.32</ele>
      </trkpt>
      <trkpt lat="45.809363" lon="6.515866995">
        <ele>1117.07</ele>
      </trkpt>
      <trkpt lat="45.809306004" lon="6.515841001">
        <ele>1117.09</ele>
      </trkpt>
      <trkpt lat="45.809222001" lon="6.515854995">
        <ele>1117.01</ele>
      </trkpt>
      <trkpt lat="45.809154998" lon="6.515881996">
        <ele>1117.19</ele>
      </trkpt>
      <trkpt lat="45.809063998" lon="6.515939999">
        <ele>1118.07</ele>
      </trkpt>
      <trkpt lat="45.808955999" lon="6.516032997">
        <ele>1118.75</ele>
      </trkpt>
      <trkpt lat="45.808817997" lon="6.516148996">
        <ele>1120.34</ele>
      </trkpt>
      <trkpt lat="45.808738002" lon="6.516214003">
        <ele>1121.9</ele>
      </trkpt>
      <trkpt lat="45.808441" lon="6.516446995">
        <ele>1122.55</ele>
      </trkpt>
      <trkpt lat="45.808220994" lon="6.516622999">
        <ele>1122.35</ele>
      </trkpt>
      <trkpt lat="45.808084997" lon="6.516726995">
        <ele>1123.74</ele>
      </trkpt>
      <trkpt lat="45.808022998" lon="6.51678">
        <ele>1124.07</ele>
      </trkpt>
      <trkpt lat="45.807974001" lon="6.516834001">
        <ele>1123.37</ele>
      </trkpt>
      <trkpt lat="45.807935003" lon="6.516904996">
        <ele>1122.83</ele>
      </trkpt>
      <trkpt lat="45.807901994" lon="6.517001003">
        <ele>1122.03</ele>
      </trkpt>
      <trkpt lat="45.807901002" lon="6.517095003">
        <ele>1122.55</ele>
      </trkpt>
      <trkpt lat="45.807907997" lon="6.51718">
        <ele>1122.89</ele>
      </trkpt>
      <trkpt lat="45.807937002" lon="6.517269996">
        <ele>1123.97</ele>
      </trkpt>
      <trkpt lat="45.807984" lon="6.517341998">
        <ele>1125.2</ele>
      </trkpt>
      <trkpt lat="45.808038001" lon="6.517423006">
        <ele>1127.18</ele>
      </trkpt>
      <trkpt lat="45.808075003" lon="6.517473002">
        <ele>1127.31</ele>
      </trkpt>
      <trkpt lat="45.808255002" lon="6.517705998">
        <ele>1127.51</ele>
      </trkpt>
      <trkpt lat="45.808318995" lon="6.517788004">
        <ele>1127.83</ele>
      </trkpt>
      <trkpt lat="45.808377" lon="6.517861998">
        <ele>1129.08</ele>
      </trkpt>
      <trkpt lat="45.808417004" lon="6.517914004">
        <ele>1129.59</ele>
      </trkpt>
      <trkpt lat="45.808512001" lon="6.518044993">
        <ele>1131.11</ele>
      </trkpt>
      <trkpt lat="45.808601998" lon="6.518177005">
        <ele>1132.79</ele>
      </trkpt>
      <trkpt lat="45.808819" lon="6.518479002">
        <ele>1134.66</ele>
      </trkpt>
      <trkpt lat="45.809037003" lon="6.518781">
        <ele>1136.45</ele>
      </trkpt>
      <trkpt lat="45.809221998" lon="6.519041004">
        <ele>1138.84</ele>
      </trkpt>
      <trkpt lat="45.809473002" lon="6.519392003">
        <ele>1140.19</ele>
      </trkpt>
      <trkpt lat="45.809615997" lon="6.519600997">
        <ele>1141.85</ele>
      </trkpt>
      <trkpt lat="45.809659999" lon="6.519680006">
        <ele>1143.37</ele>
      </trkpt>
      <trkpt lat="45.809706001" lon="6.519754991">
        <ele>1144.18</ele>
      </trkpt>
      <trkpt lat="45.809724996" lon="6.519815004">
        <ele>1144.62</ele>
      </trkpt>
      <trkpt lat="45.809730997" lon="6.519895997">
        <ele>1145.29</ele>
      </trkpt>
      <trkpt lat="45.809727" lon="6.519925001">
        <ele>1145.72</ele>
      </trkpt>
      <trkpt lat="45.809719001" lon="6.519977994">
        <ele>1146.39</ele>
      </trkpt>
      <trkpt lat="45.809686" lon="6.520038995">
        <ele>1147.12</ele>
      </trkpt>
      <trkpt lat="45.809628995" lon="6.520084996">
        <ele>1148.06</ele>
      </trkpt>
      <trkpt lat="45.809562995" lon="6.520095995">
        <ele>1149.34</ele>
      </trkpt>
      <trkpt lat="45.809496002" lon="6.520092006">
        <ele>1150.67</ele>
      </trkpt>
      <trkpt lat="45.809364003" lon="6.520052999">
        <ele>1152.04</ele>
      </trkpt>
      <trkpt lat="45.809151998" lon="6.519965995">
        <ele>1152.72</ele>
      </trkpt>
      <trkpt lat="45.809054004" lon="6.519941003">
        <ele>1153.4</ele>
      </trkpt>
      <trkpt lat="45.808971994" lon="6.519934999">
        <ele>1153.84</ele>
      </trkpt>
      <trkpt lat="45.808888997" lon="6.519942994">
        <ele>1154.22</ele>
      </trkpt>
      <trkpt lat="45.808818" lon="6.519972003">
        <ele>1153.45</ele>
      </trkpt>
      <trkpt lat="45.808754999" lon="6.520001006">
        <ele>1153.46</ele>
      </trkpt>
      <trkpt lat="45.808687999" lon="6.520040001">
        <ele>1155.1</ele>
      </trkpt>
      <trkpt lat="45.808604997" lon="6.520095002">
        <ele>1156.86</ele>
      </trkpt>
      <trkpt lat="45.808539" lon="6.520166">
        <ele>1156.47</ele>
      </trkpt>
      <trkpt lat="45.808480997" lon="6.520222002">
        <ele>1157.03</ele>
      </trkpt>
      <trkpt lat="45.808421999" lon="6.520278998">
        <ele>1157.47</ele>
      </trkpt>
      <trkpt lat="45.808356997" lon="6.520335997">
        <ele>1156.1</ele>
      </trkpt>
      <trkpt lat="45.808292002" lon="6.520387003">
        <ele>1150.74</ele>
      </trkpt>
      <trkpt lat="45.808234996" lon="6.520430992">
        <ele>1150.53</ele>
      </trkpt>
      <trkpt lat="45.808189006" lon="6.520492">
        <ele>1152.02</ele>
      </trkpt>
      <trkpt lat="45.808183999" lon="6.520571">
        <ele>1153.21</ele>
      </trkpt>
      <trkpt lat="45.808201995" lon="6.520635007">
        <ele>1154.17</ele>
      </trkpt>
      <trkpt lat="45.808238001" lon="6.520675005">
        <ele>1158.79</ele>
      </trkpt>
      <trkpt lat="45.808296001" lon="6.520699998">
        <ele>1160.3</ele>
      </trkpt>
      <trkpt lat="45.808344998" lon="6.520693998">
        <ele>1161.08</ele>
      </trkpt>
      <trkpt lat="45.808404004" lon="6.520671997">
        <ele>1161.99</ele>
      </trkpt>
      <trkpt lat="45.808475997" lon="6.520641996">
        <ele>1162.98</ele>
      </trkpt>
      <trkpt lat="45.808545002" lon="6.520630003">
        <ele>1163.89</ele>
      </trkpt>
      <trkpt lat="45.808612004" lon="6.520618991">
        <ele>1164.67</ele>
      </trkpt>
      <trkpt lat="45.808671997" lon="6.520624005">
        <ele>1164.84</ele>
      </trkpt>
      <trkpt lat="45.808725002" lon="6.520647003">
        <ele>1164.92</ele>
      </trkpt>
      <trkpt lat="45.808779997" lon="6.520676999">
        <ele>1165.23</ele>
      </trkpt>
      <trkpt lat="45.808879994" lon="6.520762003">
        <ele>1166.64</ele>
      </trkpt>
      <trkpt lat="45.809106005" lon="6.520962001">
        <ele>1167.75</ele>
      </trkpt>
      <trkpt lat="45.809377" lon="6.521216996">
        <ele>1168.23</ele>
      </trkpt>
      <trkpt lat="45.809467998" lon="6.521318003">
        <ele>1169.79</ele>
      </trkpt>
      <trkpt lat="45.809500996" lon="6.521365994">
        <ele>1171.22</ele>
      </trkpt>
      <trkpt lat="45.809518996" lon="6.521428999">
        <ele>1171.7</ele>
      </trkpt>
      <trkpt lat="45.809521006" lon="6.521495997">
        <ele>1172.65</ele>
      </trkpt>
      <trkpt lat="45.809509" lon="6.521565">
        <ele>1173.75</ele>
      </trkpt>
      <trkpt lat="45.809479" lon="6.521610995">
        <ele>1174.04</ele>
      </trkpt>
      <trkpt lat="45.809471994" lon="6.521617998">
        <ele>1174.41</ele>
      </trkpt>
      <trkpt lat="45.809431997" lon="6.521650995">
        <ele>1174.29</ele>
      </trkpt>
      <trkpt lat="45.809370999" lon="6.521662002">
        <ele>1174.17</ele>
      </trkpt>
      <trkpt lat="45.809292999" lon="6.521677995">
        <ele>1174.08</ele>
      </trkpt>
      <trkpt lat="45.809226" lon="6.521695">
        <ele>1173.93</ele>
      </trkpt>
      <trkpt lat="45.809180997" lon="6.521733">
        <ele>1174.8</ele>
      </trkpt>
      <trkpt lat="45.809139998" lon="6.521787998">
        <ele>1176.12</ele>
      </trkpt>
      <trkpt lat="45.809102004" lon="6.521850999">
        <ele>1177.33</ele>
      </trkpt>
      <trkpt lat="45.809083003" lon="6.521919994">
        <ele>1178.52</ele>
      </trkpt>
      <trkpt lat="45.809031" lon="6.522127994">
        <ele>1179.7</ele>
      </trkpt>
      <trkpt lat="45.808981001" lon="6.522430006">
        <ele>1180.31</ele>
      </trkpt>
      <trkpt lat="45.808975001" lon="6.522467994">
        <ele>1180.99</ele>
      </trkpt>
      <trkpt lat="45.808921004" lon="6.522812001">
        <ele>1182.61</ele>
      </trkpt>
      <trkpt lat="45.808877998" lon="6.523002001">
        <ele>1184.17</ele>
      </trkpt>
      <trkpt lat="45.808831998" lon="6.523159998">
        <ele>1184.74</ele>
      </trkpt>
      <trkpt lat="45.808770999" lon="6.523306997">
        <ele>1185.87</ele>
      </trkpt>
      <trkpt lat="45.808712999" lon="6.523417995">
        <ele>1187.04</ele>
      </trkpt>
      <trkpt lat="45.808641999" lon="6.523552999">
        <ele>1187.47</ele>
      </trkpt>
      <trkpt lat="45.808570999" lon="6.523688003">
        <ele>1188.17</ele>
      </trkpt>
      <trkpt lat="45.808464995" lon="6.523895">
        <ele>1190.06</ele>
      </trkpt>
      <trkpt lat="45.808396" lon="6.524013994">
        <ele>1191.06</ele>
      </trkpt>
      <trkpt lat="45.808332" lon="6.524108999">
        <ele>1190.89</ele>
      </trkpt>
      <trkpt lat="45.808257006" lon="6.524198996">
        <ele>1190.52</ele>
      </trkpt>
      <trkpt lat="45.808184996" lon="6.524277995">
        <ele>1192.36</ele>
      </trkpt>
      <trkpt lat="45.808180999" lon="6.524281001">
        <ele>1194.68</ele>
      </trkpt>
      <trkpt lat="45.808059995" lon="6.524416998">
        <ele>1194.21</ele>
      </trkpt>
      <trkpt lat="45.807968002" lon="6.524512998">
        <ele>1195.43</ele>
      </trkpt>
      <trkpt lat="45.807889002" lon="6.524580002">
        <ele>1199.65</ele>
      </trkpt>
      <trkpt lat="45.807805002" lon="6.524636001">
        <ele>1200</ele>
      </trkpt>
      <trkpt lat="45.807641002" lon="6.524732994">
        <ele>1199.72</ele>
      </trkpt>
      <trkpt lat="45.807550996" lon="6.524800003">
        <ele>1202.07</ele>
      </trkpt>
      <trkpt lat="45.807527004" lon="6.524822999">
        <ele>1203.83</ele>
      </trkpt>
      <trkpt lat="45.807480001" lon="6.524867002">
        <ele>1202.62</ele>
      </trkpt>
      <trkpt lat="45.807436002" lon="6.524932">
        <ele>1200.18</ele>
      </trkpt>
      <trkpt lat="45.807369001" lon="6.525035007">
        <ele>1200.91</ele>
      </trkpt>
      <trkpt lat="45.807313001" lon="6.525133007">
        <ele>1201.85</ele>
      </trkpt>
      <trkpt lat="45.807260005" lon="6.525224007">
        <ele>1203.01</ele>
      </trkpt>
      <trkpt lat="45.807205" lon="6.525290995">
        <ele>1204.41</ele>
      </trkpt>
      <trkpt lat="45.807150002" lon="6.525364995">
        <ele>1204.64</ele>
      </trkpt>
      <trkpt lat="45.807090006" lon="6.525440003">
        <ele>1205.11</ele>
      </trkpt>
      <trkpt lat="45.807042995" lon="6.525515995">
        <ele>1204.81</ele>
      </trkpt>
      <trkpt lat="45.807009001" lon="6.525613002">
        <ele>1203.36</ele>
      </trkpt>
      <trkpt lat="45.806972" lon="6.525724008">
        <ele>1204.82</ele>
      </trkpt>
      <trkpt lat="45.806929994" lon="6.525913006">
        <ele>1209.77</ele>
      </trkpt>
      <trkpt lat="45.806882005" lon="6.526114007">
        <ele>1206.44</ele>
      </trkpt>
      <trkpt lat="45.806835996" lon="6.526240999">
        <ele>1207.78</ele>
      </trkpt>
      <trkpt lat="45.806787998" lon="6.526349999">
        <ele>1209.71</ele>
      </trkpt>
      <trkpt lat="45.806746001" lon="6.526453003">
        <ele>1208.14</ele>
      </trkpt>
      <trkpt lat="45.806711004" lon="6.526544003">
        <ele>1206.45</ele>
      </trkpt>
      <trkpt lat="45.806676001" lon="6.526642994">
        <ele>1212.6</ele>
      </trkpt>
      <trkpt lat="45.806654004" lon="6.526759005">
        <ele>1214.22</ele>
      </trkpt>
      <trkpt lat="45.806632996" lon="6.526875993">
        <ele>1215.89</ele>
      </trkpt>
      <trkpt lat="45.806619999" lon="6.526959003">
        <ele>1217.61</ele>
      </trkpt>
      <trkpt lat="45.806592001" lon="6.527051005">
        <ele>1219.61</ele>
      </trkpt>
      <trkpt lat="45.806560997" lon="6.527154994">
        <ele>1218.27</ele>
      </trkpt>
      <trkpt lat="45.806535999" lon="6.527225998">
        <ele>1216.81</ele>
      </trkpt>
      <trkpt lat="45.806464004" lon="6.527394994">
        <ele>1219.05</ele>
      </trkpt>
      <trkpt lat="45.806376006" lon="6.527601001">
        <ele>1217.63</ele>
      </trkpt>
      <trkpt lat="45.806281" lon="6.527793">
        <ele>1216.47</ele>
      </trkpt>
      <trkpt lat="45.806208" lon="6.527949995">
        <ele>1219.15</ele>
      </trkpt>
      <trkpt lat="45.806152006" lon="6.528065003">
        <ele>1222.21</ele>
      </trkpt>
      <trkpt lat="45.806085" lon="6.528175003">
        <ele>1218.89</ele>
      </trkpt>
      <trkpt lat="45.806028998" lon="6.528257995">
        <ele>1219.43</ele>
      </trkpt>
      <trkpt lat="45.805968999" lon="6.528335009">
        <ele>1219.75</ele>
      </trkpt>
      <trkpt lat="45.805948003" lon="6.528369999">
        <ele>1219.79</ele>
      </trkpt>
      <trkpt lat="45.805919" lon="6.528420008">
        <ele>1219.68</ele>
      </trkpt>
      <trkpt lat="45.805869004" lon="6.528495999">
        <ele>1222.23</ele>
      </trkpt>
      <trkpt lat="45.805818" lon="6.528618001">
        <ele>1224.61</ele>
      </trkpt>
      <trkpt lat="45.805786997" lon="6.528732003">
        <ele>1229.7</ele>
      </trkpt>
      <trkpt lat="45.805756" lon="6.528855">
        <ele>1231.38</ele>
      </trkpt>
      <trkpt lat="45.805728001" lon="6.528948997">
        <ele>1230.88</ele>
      </trkpt>
      <trkpt lat="45.805696" lon="6.529060009">
        <ele>1230.62</ele>
      </trkpt>
      <trkpt lat="45.805652996" lon="6.529179003">
        <ele>1233.38</ele>
      </trkpt>
      <trkpt lat="45.805603999" lon="6.529288992">
        <ele>1233.46</ele>
      </trkpt>
      <trkpt lat="45.805475998" lon="6.529512992">
        <ele>1233.9</ele>
      </trkpt>
      <trkpt lat="45.805283002" lon="6.529857">
        <ele>1236.88</ele>
      </trkpt>
      <trkpt lat="45.805138998" lon="6.530105002">
        <ele>1239.99</ele>
      </trkpt>
      <trkpt lat="45.805088999" lon="6.530178992">
        <ele>1240.63</ele>
      </trkpt>
      <trkpt lat="45.805067" lon="6.530209999">
        <ele>1241.63</ele>
      </trkpt>
      <trkpt lat="45.805008" lon="6.530283001">
        <ele>1242.77</ele>
      </trkpt>
      <trkpt lat="45.804949001" lon="6.530341001">
        <ele>1243.46</ele>
      </trkpt>
      <trkpt lat="45.804870002" lon="6.530407001">
        <ele>1244.15</ele>
      </trkpt>
      <trkpt lat="45.804812002" lon="6.530458993">
        <ele>1244.64</ele>
      </trkpt>
      <trkpt lat="45.804747004" lon="6.530513993">
        <ele>1245.38</ele>
      </trkpt>
      <trkpt lat="45.804683999" lon="6.530576994">
        <ele>1245.77</ele>
      </trkpt>
      <trkpt lat="45.804628005" lon="6.530650999">
        <ele>1245.54</ele>
      </trkpt>
      <trkpt lat="45.804586" lon="6.530738001">
        <ele>1244.98</ele>
      </trkpt>
      <trkpt lat="45.804551002" lon="6.530838997">
        <ele>1245.18</ele>
      </trkpt>
      <trkpt lat="45.804544999" lon="6.530947003">
        <ele>1244.66</ele>
      </trkpt>
      <trkpt lat="45.804552994" lon="6.531033994">
        <ele>1245.18</ele>
      </trkpt>
      <trkpt lat="45.804564004" lon="6.531139003">
        <ele>1247.18</ele>
      </trkpt>
      <trkpt lat="45.804587997" lon="6.531361997">
        <ele>1249.34</ele>
      </trkpt>
      <trkpt lat="45.804600003" lon="6.531506005">
        <ele>1250.44</ele>
      </trkpt>
      <trkpt lat="45.804601996" lon="6.531528996">
        <ele>1251.55</ele>
      </trkpt>
      <trkpt lat="45.804609999" lon="6.531668998">
        <ele>1252.8</ele>
      </trkpt>
      <trkpt lat="45.804616" lon="6.531788005">
        <ele>1253.13</ele>
      </trkpt>
      <trkpt lat="45.804621003" lon="6.531935999">
        <ele>1253.23</ele>
      </trkpt>
      <trkpt lat="45.804625997" lon="6.532084005">
        <ele>1254.59</ele>
      </trkpt>
      <trkpt lat="45.804626002" lon="6.532213996">
        <ele>1255.67</ele>
      </trkpt>
      <trkpt lat="45.804621998" lon="6.532340999">
        <ele>1255</ele>
      </trkpt>
      <trkpt lat="45.804609996" lon="6.532526002">
        <ele>1255.13</ele>
      </trkpt>
      <trkpt lat="45.804572" lon="6.532803">
        <ele>1256.54</ele>
      </trkpt>
      <trkpt lat="45.804514001" lon="6.533209004">
        <ele>1256.41</ele>
      </trkpt>
      <trkpt lat="45.804454004" lon="6.533578007">
        <ele>1257.82</ele>
      </trkpt>
      <trkpt lat="45.804418005" lon="6.533826004">
        <ele>1259.32</ele>
      </trkpt>
      <trkpt lat="45.804404" lon="6.533998002">
        <ele>1259.87</ele>
      </trkpt>
      <trkpt lat="45.804395996" lon="6.534179008">
        <ele>1260.84</ele>
      </trkpt>
      <trkpt lat="45.804396002" lon="6.534341992">
        <ele>1261.72</ele>
      </trkpt>
      <trkpt lat="45.804394005" lon="6.534467009">
        <ele>1260.96</ele>
      </trkpt>
      <trkpt lat="45.804387998" lon="6.534610998">
        <ele>1262.21</ele>
      </trkpt>
      <trkpt lat="45.804381997" lon="6.534744999">
        <ele>1263.27</ele>
      </trkpt>
      <trkpt lat="45.804369999" lon="6.534867004">
        <ele>1262.42</ele>
      </trkpt>
      <trkpt lat="45.804363001" lon="6.535012991">
        <ele>1263.13</ele>
      </trkpt>
      <trkpt lat="45.804362997" lon="6.535122992">
        <ele>1264.03</ele>
      </trkpt>
      <trkpt lat="45.804379997" lon="6.535224003">
        <ele>1263.13</ele>
      </trkpt>
      <trkpt lat="45.804409997" lon="6.535317999">
        <ele>1262.62</ele>
      </trkpt>
      <trkpt lat="45.804450003" lon="6.535407995">
        <ele>1262.42</ele>
      </trkpt>
      <trkpt lat="45.804498002" lon="6.535491995">
        <ele>1263.63</ele>
      </trkpt>
      <trkpt lat="45.804550001" lon="6.535568003">
        <ele>1264.82</ele>
      </trkpt>
      <trkpt lat="45.804596999" lon="6.535647996">
        <ele>1265.93</ele>
      </trkpt>
      <trkpt lat="45.804639002" lon="6.535747001">
        <ele>1266.86</ele>
      </trkpt>
      <trkpt lat="45.804674999" lon="6.535853006">
        <ele>1269.13</ele>
      </trkpt>
      <trkpt lat="45.804707997" lon="6.535972997">
        <ele>1268.38</ele>
      </trkpt>
      <trkpt lat="45.804726999" lon="6.536083997">
        <ele>1267.45</ele>
      </trkpt>
      <trkpt lat="45.804736998" lon="6.536206999">
        <ele>1266.36</ele>
      </trkpt>
      <trkpt lat="45.804744999" lon="6.536316998">
        <ele>1267.28</ele>
      </trkpt>
      <trkpt lat="45.804751997" lon="6.536425">
        <ele>1266.59</ele>
      </trkpt>
      <trkpt lat="45.804771998" lon="6.536528009">
        <ele>1266.02</ele>
      </trkpt>
      <trkpt lat="45.804804999" lon="6.536603007">
        <ele>1267.82</ele>
      </trkpt>
      <trkpt lat="45.804849001" lon="6.53669">
        <ele>1271.69</ele>
      </trkpt>
      <trkpt lat="45.804896003" lon="6.536772998">
        <ele>1273.68</ele>
      </trkpt>
      <trkpt lat="45.804956005" lon="6.536868002">
        <ele>1275.71</ele>
      </trkpt>
      <trkpt lat="45.804990002" lon="6.536939997">
        <ele>1277.86</ele>
      </trkpt>
      <trkpt lat="45.805024999" lon="6.537029005">
        <ele>1277.75</ele>
      </trkpt>
      <trkpt lat="45.805037997" lon="6.537120997">
        <ele>1277.85</ele>
      </trkpt>
      <trkpt lat="45.805039" lon="6.537222996">
        <ele>1277.8</ele>
      </trkpt>
      <trkpt lat="45.805029997" lon="6.537324998">
        <ele>1277.72</ele>
      </trkpt>
      <trkpt lat="45.805001004" lon="6.537441004">
        <ele>1277.54</ele>
      </trkpt>
      <trkpt lat="45.804979003" lon="6.537544995">
        <ele>1279.9</ele>
      </trkpt>
      <trkpt lat="45.804975997" lon="6.537656995">
        <ele>1280</ele>
      </trkpt>
      <trkpt lat="45.804984997" lon="6.537752005">
        <ele>1280.07</ele>
      </trkpt>
      <trkpt lat="45.805008006" lon="6.537872002">
        <ele>1280.11</ele>
      </trkpt>
      <trkpt lat="45.805028" lon="6.537972009">
        <ele>1282.6</ele>
      </trkpt>
      <trkpt lat="45.805042995" lon="6.538069001">
        <ele>1282.76</ele>
      </trkpt>
      <trkpt lat="45.805051998" lon="6.538153005">
        <ele>1283.21</ele>
      </trkpt>
      <trkpt lat="45.805050004" lon="6.538216005">
        <ele>1283.83</ele>
      </trkpt>
      <trkpt lat="45.805035001" lon="6.538290002">
        <ele>1284.53</ele>
      </trkpt>
      <trkpt lat="45.804999997" lon="6.538369998">
        <ele>1282.69</ele>
      </trkpt>
      <trkpt lat="45.804955999" lon="6.538464008">
        <ele>1281.13</ele>
      </trkpt>
      <trkpt lat="45.804771003" lon="6.538763">
        <ele>1279.93</ele>
      </trkpt>
      <trkpt lat="45.804724998" lon="6.538849998">
        <ele>1281.71</ele>
      </trkpt>
      <trkpt lat="45.804672996" lon="6.538941998">
        <ele>1283.59</ele>
      </trkpt>
      <trkpt lat="45.804643004" lon="6.539027999">
        <ele>1283.43</ele>
      </trkpt>
      <trkpt lat="45.804610002" lon="6.539120006">
        <ele>1282.93</ele>
      </trkpt>
      <trkpt lat="45.804582004" lon="6.539215994">
        <ele>1283.24</ele>
      </trkpt>
      <trkpt lat="45.804566001" lon="6.539295997">
        <ele>1282.03</ele>
      </trkpt>
      <trkpt lat="45.804486003" lon="6.539682992">
        <ele>1282.82</ele>
      </trkpt>
      <trkpt lat="45.804404999" lon="6.540071005">
        <ele>1285.57</ele>
      </trkpt>
      <trkpt lat="45.804364003" lon="6.540306008">
        <ele>1287.96</ele>
      </trkpt>
      <trkpt lat="45.804352002" lon="6.540439998">
        <ele>1291.19</ele>
      </trkpt>
      <trkpt lat="45.804339998" lon="6.540565997">
        <ele>1292.68</ele>
      </trkpt>
      <trkpt lat="45.804335004" lon="6.540701003">
        <ele>1291.89</ele>
      </trkpt>
      <trkpt lat="45.804343002" lon="6.540818993">
        <ele>1292.92</ele>
      </trkpt>
      <trkpt lat="45.804360002" lon="6.540931">
        <ele>1294.02</ele>
      </trkpt>
      <trkpt lat="45.804383996" lon="6.541087005">
        <ele>1292.72</ele>
      </trkpt>
      <trkpt lat="45.804492995" lon="6.541631995">
        <ele>1293.59</ele>
      </trkpt>
      <trkpt lat="45.804529" lon="6.541794997">
        <ele>1294.73</ele>
      </trkpt>
      <trkpt lat="45.804618" lon="6.542201999">
        <ele>1295.08</ele>
      </trkpt>
      <trkpt lat="45.804639002" lon="6.542289003">
        <ele>1296.28</ele>
      </trkpt>
      <trkpt lat="45.804702001" lon="6.542560003">
        <ele>1297.99</ele>
      </trkpt>
      <trkpt lat="45.804757997" lon="6.542806002">
        <ele>1297.91</ele>
      </trkpt>
      <trkpt lat="45.804768005" lon="6.542855001">
        <ele>1297.72</ele>
      </trkpt>
      <trkpt lat="45.804781" lon="6.542924002">
        <ele>1297.58</ele>
      </trkpt>
      <trkpt lat="45.804805001" lon="6.543056991">
        <ele>1296.86</ele>
      </trkpt>
      <trkpt lat="45.804826003" lon="6.543174992">
        <ele>1296.33</ele>
      </trkpt>
      <trkpt lat="45.804847998" lon="6.543307003">
        <ele>1297.36</ele>
      </trkpt>
      <trkpt lat="45.804865" lon="6.543442997">
        <ele>1298.57</ele>
      </trkpt>
      <trkpt lat="45.804882003" lon="6.543589006">
        <ele>1297.87</ele>
      </trkpt>
      <trkpt lat="45.804916003" lon="6.543969">
        <ele>1298.16</ele>
      </trkpt>
      <trkpt lat="45.804954003" lon="6.544217003">
        <ele>1297.23</ele>
      </trkpt>
      <trkpt lat="45.805009006" lon="6.544816999">
        <ele>1294.33</ele>
      </trkpt>
      <trkpt lat="45.805028997" lon="6.545015">
        <ele>1291.32</ele>
      </trkpt>
      <trkpt lat="45.805037998" lon="6.545116997">
        <ele>1291.31</ele>
      </trkpt>
      <trkpt lat="45.805043999" lon="6.545174994">
        <ele>1290.27</ele>
      </trkpt>
      <trkpt lat="45.805051998" lon="6.545240001">
        <ele>1290.11</ele>
      </trkpt>
      <trkpt lat="45.805058997" lon="6.545306994">
        <ele>1290.3</ele>
      </trkpt>
      <trkpt lat="45.805067004" lon="6.545362001">
        <ele>1290.59</ele>
      </trkpt>
      <trkpt lat="45.805076002" lon="6.545412998">
        <ele>1289.19</ele>
      </trkpt>
      <trkpt lat="45.805087" lon="6.54546">
        <ele>1287.89</ele>
      </trkpt>
      <trkpt lat="45.8051" lon="6.545502994">
        <ele>1288.08</ele>
      </trkpt>
      <trkpt lat="45.805119003" lon="6.545554003">
        <ele>1289.16</ele>
      </trkpt>
      <trkpt lat="45.805146002" lon="6.545608992">
        <ele>1290.39</ele>
      </trkpt>
      <trkpt lat="45.805178005" lon="6.545671998">
        <ele>1291.69</ele>
      </trkpt>
      <trkpt lat="45.805212" lon="6.545737001">
        <ele>1293.05</ele>
      </trkpt>
      <trkpt lat="45.805244996" lon="6.545807997">
        <ele>1292.94</ele>
      </trkpt>
      <trkpt lat="45.805276" lon="6.545888995">
        <ele>1292.86</ele>
      </trkpt>
      <trkpt lat="45.805304004" lon="6.545979996">
        <ele>1292.56</ele>
      </trkpt>
      <trkpt lat="45.805326996" lon="6.546075005">
        <ele>1292.12</ele>
      </trkpt>
      <trkpt lat="45.805344" lon="6.546179">
        <ele>1291.55</ele>
      </trkpt>
      <trkpt lat="45.805355003" lon="6.546268006">
        <ele>1292.26</ele>
      </trkpt>
      <trkpt lat="45.805362998" lon="6.546375005">
        <ele>1292</ele>
      </trkpt>
      <trkpt lat="45.805363998" lon="6.546484003">
        <ele>1291.8</ele>
      </trkpt>
      <trkpt lat="45.805368" lon="6.546605">
        <ele>1291.61</ele>
      </trkpt>
      <trkpt lat="45.805369004" lon="6.546708998">
        <ele>1292.79</ele>
      </trkpt>
      <trkpt lat="45.805367004" lon="6.546805005">
        <ele>1292.76</ele>
      </trkpt>
      <trkpt lat="45.805361003" lon="6.546902997">
        <ele>1292.95</ele>
      </trkpt>
      <trkpt lat="45.805352" lon="6.546997008">
        <ele>1293.31</ele>
      </trkpt>
      <trkpt lat="45.805343997" lon="6.547051991">
        <ele>1293.86</ele>
      </trkpt>
      <trkpt lat="45.805326" lon="6.547124995">
        <ele>1293.37</ele>
      </trkpt>
      <trkpt lat="45.805311002" lon="6.547180006">
        <ele>1293.09</ele>
      </trkpt>
      <trkpt lat="45.805287004" lon="6.547238008">
        <ele>1294.22</ele>
      </trkpt>
      <trkpt lat="45.805263" lon="6.547278998">
        <ele>1295.7</ele>
      </trkpt>
      <trkpt lat="45.805221005" lon="6.547327994">
        <ele>1297.47</ele>
      </trkpt>
      <trkpt lat="45.805179996" lon="6.547373999">
        <ele>1298.23</ele>
      </trkpt>
      <trkpt lat="45.805145998" lon="6.547408005">
        <ele>1299.36</ele>
      </trkpt>
      <trkpt lat="45.805105002" lon="6.547440994">
        <ele>1299.54</ele>
      </trkpt>
      <trkpt lat="45.805047997" lon="6.547480003">
        <ele>1299.76</ele>
      </trkpt>
      <trkpt lat="45.80499" lon="6.547510996">
        <ele>1299.93</ele>
      </trkpt>
      <trkpt lat="45.804940994" lon="6.547543006">
        <ele>1300.07</ele>
      </trkpt>
      <trkpt lat="45.804900998" lon="6.547571999">
        <ele>1299.92</ele>
      </trkpt>
      <trkpt lat="45.804860006" lon="6.547613996">
        <ele>1299.48</ele>
      </trkpt>
      <trkpt lat="45.804823" lon="6.547661998">
        <ele>1299.51</ele>
      </trkpt>
      <trkpt lat="45.804795998" lon="6.547706004">
        <ele>1299.24</ele>
      </trkpt>
      <trkpt lat="45.804768999" lon="6.547764006">
        <ele>1299.94</ele>
      </trkpt>
      <trkpt lat="45.804742" lon="6.547833994">
        <ele>1300.38</ele>
      </trkpt>
      <trkpt lat="45.804725006" lon="6.547891995">
        <ele>1300.59</ele>
      </trkpt>
      <trkpt lat="45.804715003" lon="6.547964996">
        <ele>1299.91</ele>
      </trkpt>
      <trkpt lat="45.804712997" lon="6.548047997">
        <ele>1300.82</ele>
      </trkpt>
      <trkpt lat="45.804711003" lon="6.548118008">
        <ele>1301.66</ele>
      </trkpt>
      <trkpt lat="45.804710001" lon="6.548190002">
        <ele>1302.52</ele>
      </trkpt>
      <trkpt lat="45.804707994" lon="6.548268995">
        <ele>1303.42</ele>
      </trkpt>
      <trkpt lat="45.804704003" lon="6.548331995">
        <ele>1304.37</ele>
      </trkpt>
      <trkpt lat="45.804693995" lon="6.548402005">
        <ele>1303.79</ele>
      </trkpt>
      <trkpt lat="45.804684" lon="6.548465006">
        <ele>1305.18</ele>
      </trkpt>
      <trkpt lat="45.804670998" lon="6.548515001">
        <ele>1306.62</ele>
      </trkpt>
      <trkpt lat="45.804651997" lon="6.548571996">
        <ele>1308.11</ele>
      </trkpt>
      <trkpt lat="45.804621005" lon="6.54864">
        <ele>1308.4</ele>
      </trkpt>
      <trkpt lat="45.804595" lon="6.548694998">
        <ele>1308.78</ele>
      </trkpt>
      <trkpt lat="45.804565998" lon="6.548751002">
        <ele>1307.4</ele>
      </trkpt>
      <trkpt lat="45.804533999" lon="6.548796">
        <ele>1306.13</ele>
      </trkpt>
      <trkpt lat="45.804501004" lon="6.548854003">
        <ele>1304.94</ele>
      </trkpt>
      <trkpt lat="45.804470001" lon="6.548912004">
        <ele>1305.88</ele>
      </trkpt>
      <trkpt lat="45.804446001" lon="6.548962001">
        <ele>1306.73</ele>
      </trkpt>
      <trkpt lat="45.804421001" lon="6.549005993">
        <ele>1307.49</ele>
      </trkpt>
      <trkpt lat="45.804392" lon="6.549071998">
        <ele>1308.12</ele>
      </trkpt>
      <trkpt lat="45.804375996" lon="6.549127999">
        <ele>1308.62</ele>
      </trkpt>
      <trkpt lat="45.804359999" lon="6.549202999">
        <ele>1308.16</ele>
      </trkpt>
      <trkpt lat="45.804351006" lon="6.549286001">
        <ele>1308.34</ele>
      </trkpt>
      <trkpt lat="45.804348003" lon="6.549367997">
        <ele>1308.46</ele>
      </trkpt>
      <trkpt lat="45.804346004" lon="6.549447002">
        <ele>1308.55</ele>
      </trkpt>
      <trkpt lat="45.804352006" lon="6.549530995">
        <ele>1308.63</ele>
      </trkpt>
      <trkpt lat="45.804362997" lon="6.549621997">
        <ele>1308.74</ele>
      </trkpt>
      <trkpt lat="45.804374999" lon="6.549714998">
        <ele>1308.84</ele>
      </trkpt>
      <trkpt lat="45.804384001" lon="6.549787004">
        <ele>1308.99</ele>
      </trkpt>
      <trkpt lat="45.804393999" lon="6.549855994">
        <ele>1309.21</ele>
      </trkpt>
      <trkpt lat="45.804398002" lon="6.549927009">
        <ele>1309.52</ele>
      </trkpt>
      <trkpt lat="45.8044" lon="6.549989001">
        <ele>1309.9</ele>
      </trkpt>
      <trkpt lat="45.804398995" lon="6.550043003">
        <ele>1309.63</ele>
      </trkpt>
      <trkpt lat="45.804396002" lon="6.550096001">
        <ele>1309.41</ele>
      </trkpt>
      <trkpt lat="45.804389999" lon="6.550147">
        <ele>1309.42</ele>
      </trkpt>
      <trkpt lat="45.804378996" lon="6.550191002">
        <ele>1309.48</ele>
      </trkpt>
      <trkpt lat="45.804364" lon="6.550237002">
        <ele>1309.59</ele>
      </trkpt>
      <trkpt lat="45.804341" lon="6.550283003">
        <ele>1310.05</ele>
      </trkpt>
      <trkpt lat="45.804311998" lon="6.550337009">
        <ele>1310.63</ele>
      </trkpt>
      <trkpt lat="45.804269001" lon="6.550392008">
        <ele>1311.14</ele>
      </trkpt>
      <trkpt lat="45.804246004" lon="6.550417001">
        <ele>1311.76</ele>
      </trkpt>
      <trkpt lat="45.804200999" lon="6.550446997">
        <ele>1312.45</ele>
      </trkpt>
      <trkpt lat="45.80415" lon="6.550469003">
        <ele>1312.88</ele>
      </trkpt>
      <trkpt lat="45.804087002" lon="6.550478998">
        <ele>1314.34</ele>
      </trkpt>
      <trkpt lat="45.804037001" lon="6.550481001">
        <ele>1315.72</ele>
      </trkpt>
      <trkpt lat="45.803990006" lon="6.550475993">
        <ele>1317</ele>
      </trkpt>
      <trkpt lat="45.803951001" lon="6.550463998">
        <ele>1318.19</ele>
      </trkpt>
      <trkpt lat="45.803940004" lon="6.550458006">
        <ele>1319.21</ele>
      </trkpt>
      <trkpt lat="45.803907002" lon="6.550438007">
        <ele>1318.89</ele>
      </trkpt>
      <trkpt lat="45.803870001" lon="6.550397001">
        <ele>1318.27</ele>
      </trkpt>
      <trkpt lat="45.80383" lon="6.550329007">
        <ele>1318.58</ele>
      </trkpt>
      <trkpt lat="45.803803994" lon="6.550267997">
        <ele>1318.56</ele>
      </trkpt>
      <trkpt lat="45.803789995" lon="6.550205001">
        <ele>1318.34</ele>
      </trkpt>
      <trkpt lat="45.803779002" lon="6.550102">
        <ele>1318.04</ele>
      </trkpt>
      <trkpt lat="45.803775998" lon="6.550014992">
        <ele>1318.61</ele>
      </trkpt>
      <trkpt lat="45.803762996" lon="6.549912004">
        <ele>1318.29</ele>
      </trkpt>
      <trkpt lat="45.803742003" lon="6.549824006">
        <ele>1318.3</ele>
      </trkpt>
      <trkpt lat="45.803718002" lon="6.549747995">
        <ele>1318.57</ele>
      </trkpt>
      <trkpt lat="45.803691001" lon="6.549657008">
        <ele>1319.12</ele>
      </trkpt>
      <trkpt lat="45.803659002" lon="6.549550994">
        <ele>1319.12</ele>
      </trkpt>
      <trkpt lat="45.803623001" lon="6.549467006">
        <ele>1319.03</ele>
      </trkpt>
      <trkpt lat="45.803574002" lon="6.549377001">
        <ele>1319.21</ele>
      </trkpt>
      <trkpt lat="45.803522997" lon="6.549283994">
        <ele>1319.29</ele>
      </trkpt>
      <trkpt lat="45.803433995" lon="6.549169005">
        <ele>1319.69</ele>
      </trkpt>
      <trkpt lat="45.803342003" lon="6.549027004">
        <ele>1320.01</ele>
      </trkpt>
      <trkpt lat="45.803234" lon="6.548899994">
        <ele>1320.54</ele>
      </trkpt>
      <trkpt lat="45.803212999" lon="6.548874994">
        <ele>1321.64</ele>
      </trkpt>
      <trkpt lat="45.802990004" lon="6.548615009">
        <ele>1323.2</ele>
      </trkpt>
      <trkpt lat="45.802780996" lon="6.548422995">
        <ele>1324.95</ele>
      </trkpt>
      <trkpt lat="45.802565001" lon="6.548224991">
        <ele>1327.31</ele>
      </trkpt>
      <trkpt lat="45.802413005" lon="6.548074007">
        <ele>1330.05</ele>
      </trkpt>
      <trkpt lat="45.802241996" lon="6.547894995">
        <ele>1332.29</ele>
      </trkpt>
      <trkpt lat="45.802100999" lon="6.547720994">
        <ele>1334.06</ele>
      </trkpt>
      <trkpt lat="45.801972998" lon="6.547533007">
        <ele>1336</ele>
      </trkpt>
      <trkpt lat="45.801888999" lon="6.547420008">
        <ele>1337.62</ele>
      </trkpt>
      <trkpt lat="45.801805001" lon="6.547326999">
        <ele>1339.54</ele>
      </trkpt>
      <trkpt lat="45.801649998" lon="6.547176999">
        <ele>1341.57</ele>
      </trkpt>
      <trkpt lat="45.801365002" lon="6.546886006">
        <ele>1343.73</ele>
      </trkpt>
      <trkpt lat="45.801177999" lon="6.546695006">
        <ele>1345.15</ele>
      </trkpt>
      <trkpt lat="45.801088" lon="6.546583004">
        <ele>1347.69</ele>
      </trkpt>
      <trkpt lat="45.801033001" lon="6.546502002">
        <ele>1349.21</ele>
      </trkpt>
      <trkpt lat="45.800972006" lon="6.546404997">
        <ele>1350</ele>
      </trkpt>
      <trkpt lat="45.800929001" lon="6.546333002">
        <ele>1350.36</ele>
      </trkpt>
      <trkpt lat="45.800883001" lon="6.546236998">
        <ele>1351.61</ele>
      </trkpt>
      <trkpt lat="45.800828" lon="6.546107">
        <ele>1351.16</ele>
      </trkpt>
      <trkpt lat="45.800773997" lon="6.545989991">
        <ele>1351.61</ele>
      </trkpt>
      <trkpt lat="45.800719995" lon="6.545884995">
        <ele>1352.55</ele>
      </trkpt>
      <trkpt lat="45.800651997" lon="6.545763003">
        <ele>1355.3</ele>
      </trkpt>
      <trkpt lat="45.800427" lon="6.545436003">
        <ele>1357.46</ele>
      </trkpt>
      <trkpt lat="45.800254996" lon="6.545184992">
        <ele>1360.26</ele>
      </trkpt>
      <trkpt lat="45.800082995" lon="6.544935001">
        <ele>1362.84</ele>
      </trkpt>
      <trkpt lat="45.799900003" lon="6.544691999">
        <ele>1365.18</ele>
      </trkpt>
      <trkpt lat="45.799828006" lon="6.544601997">
        <ele>1366.72</ele>
      </trkpt>
      <trkpt lat="45.799640997" lon="6.544397002">
        <ele>1368.68</ele>
      </trkpt>
      <trkpt lat="45.799406001" lon="6.544112995">
        <ele>1370.95</ele>
      </trkpt>
      <trkpt lat="45.799191997" lon="6.543852002">
        <ele>1372.57</ele>
      </trkpt>
      <trkpt lat="45.799020002" lon="6.543659999">
        <ele>1374.89</ele>
      </trkpt>
      <trkpt lat="45.798962998" lon="6.543593992">
        <ele>1376.71</ele>
      </trkpt>
      <trkpt lat="45.798782" lon="6.543392998">
        <ele>1378.1</ele>
      </trkpt>
      <trkpt lat="45.798716995" lon="6.543321993">
        <ele>1378.84</ele>
      </trkpt>
      <trkpt lat="45.798521002" lon="6.543081003">
        <ele>1379.98</ele>
      </trkpt>
      <trkpt lat="45.798334002" lon="6.542858994">
        <ele>1380.87</ele>
      </trkpt>
      <trkpt lat="45.798160998" lon="6.542710001">
        <ele>1382.17</ele>
      </trkpt>
      <trkpt lat="45.797989004" lon="6.542538005">
        <ele>1383.91</ele>
      </trkpt>
      <trkpt lat="45.797818002" lon="6.542369992">
        <ele>1385.27</ele>
      </trkpt>
      <trkpt lat="45.797694996" lon="6.542204996">
        <ele>1386.86</ele>
      </trkpt>
      <trkpt lat="45.797644" lon="6.542087998">
        <ele>1388.38</ele>
      </trkpt>
      <trkpt lat="45.797607998" lon="6.541940996">
        <ele>1389.07</ele>
      </trkpt>
      <trkpt lat="45.797558" lon="6.541750003">
        <ele>1388.94</ele>
      </trkpt>
      <trkpt lat="45.797490001" lon="6.541589995">
        <ele>1389.78</ele>
      </trkpt>
      <trkpt lat="45.797421997" lon="6.541491005">
        <ele>1390.51</ele>
      </trkpt>
      <trkpt lat="45.797316002" lon="6.541397992">
        <ele>1391.31</ele>
      </trkpt>
      <trkpt lat="45.797072003" lon="6.541205005">
        <ele>1392.53</ele>
      </trkpt>
      <trkpt lat="45.796911003" lon="6.541081004">
        <ele>1394.07</ele>
      </trkpt>
      <trkpt lat="45.796749999" lon="6.540985006">
        <ele>1395.09</ele>
      </trkpt>
      <trkpt lat="45.796694998" lon="6.540944996">
        <ele>1395.93</ele>
      </trkpt>
      <trkpt lat="45.796652999" lon="6.540925008">
        <ele>1396.21</ele>
      </trkpt>
      <trkpt lat="45.796581001" lon="6.540905002">
        <ele>1396.68</ele>
      </trkpt>
      <trkpt lat="45.796501996" lon="6.540888001">
        <ele>1397.14</ele>
      </trkpt>
      <trkpt lat="45.796421005" lon="6.540886002">
        <ele>1397.96</ele>
      </trkpt>
      <trkpt lat="45.796207997" lon="6.540867002">
        <ele>1397.79</ele>
      </trkpt>
      <trkpt lat="45.796061999" lon="6.540872997">
        <ele>1398.07</ele>
      </trkpt>
      <trkpt lat="45.795971997" lon="6.540889001">
        <ele>1398.37</ele>
      </trkpt>
      <trkpt lat="45.795894999" lon="6.540910002">
        <ele>1400.62</ele>
      </trkpt>
      <trkpt lat="45.795807998" lon="6.540973994">
        <ele>1401.22</ele>
      </trkpt>
      <trkpt lat="45.795701005" lon="6.541056006">
        <ele>1403.08</ele>
      </trkpt>
      <trkpt lat="45.795607" lon="6.541173993">
        <ele>1405.1</ele>
      </trkpt>
      <trkpt lat="45.795504" lon="6.541337006">
        <ele>1406.98</ele>
      </trkpt>
      <trkpt lat="45.795396004" lon="6.541479995">
        <ele>1407.16</ele>
      </trkpt>
      <trkpt lat="45.795350006" lon="6.541539992">
        <ele>1407.87</ele>
      </trkpt>
      <trkpt lat="45.795248001" lon="6.541640003">
        <ele>1408.67</ele>
      </trkpt>
      <trkpt lat="45.795104994" lon="6.541724999">
        <ele>1409.81</ele>
      </trkpt>
      <trkpt lat="45.794971" lon="6.541804001">
        <ele>1411.62</ele>
      </trkpt>
      <trkpt lat="45.794819005" lon="6.541882994">
        <ele>1414.07</ele>
      </trkpt>
      <trkpt lat="45.794717995" lon="6.541948997">
        <ele>1415.42</ele>
      </trkpt>
      <trkpt lat="45.794592996" lon="6.542025998">
        <ele>1416.85</ele>
      </trkpt>
      <trkpt lat="45.794478003" lon="6.542134">
        <ele>1418.1</ele>
      </trkpt>
      <trkpt lat="45.79439" lon="6.542226994">
        <ele>1418.91</ele>
      </trkpt>
      <trkpt lat="45.794297001" lon="6.542337">
        <ele>1419.12</ele>
      </trkpt>
      <trkpt lat="45.794196" lon="6.542436002">
        <ele>1419.97</ele>
      </trkpt>
      <trkpt lat="45.794096001" lon="6.542505998">
        <ele>1420.62</ele>
      </trkpt>
      <trkpt lat="45.793990004" lon="6.542560003">
        <ele>1421.04</ele>
      </trkpt>
      <trkpt lat="45.793904" lon="6.542581003">
        <ele>1419.71</ele>
      </trkpt>
      <trkpt lat="45.793823998" lon="6.542590004">
        <ele>1420.57</ele>
      </trkpt>
      <trkpt lat="45.793736" lon="6.542656994">
        <ele>1423.33</ele>
      </trkpt>
      <trkpt lat="45.793650001" lon="6.542744999">
        <ele>1423.54</ele>
      </trkpt>
      <trkpt lat="45.793564005" lon="6.542846999">
        <ele>1424.33</ele>
      </trkpt>
      <trkpt lat="45.793467995" lon="6.542963006">
        <ele>1427.51</ele>
      </trkpt>
      <trkpt lat="45.793367" lon="6.543041995">
        <ele>1429.46</ele>
      </trkpt>
      <trkpt lat="45.793261996" lon="6.543102003">
        <ele>1431.83</ele>
      </trkpt>
      <trkpt lat="45.793110998" lon="6.543138004">
        <ele>1434.17</ele>
      </trkpt>
      <trkpt lat="45.792956996" lon="6.543214001">
        <ele>1436.14</ele>
      </trkpt>
      <trkpt lat="45.792847" lon="6.543257001">
        <ele>1437.4</ele>
      </trkpt>
      <trkpt lat="45.792761998" lon="6.543320998">
        <ele>1437.71</ele>
      </trkpt>
      <trkpt lat="45.792716001" lon="6.543361998">
        <ele>1437.06</ele>
      </trkpt>
      <trkpt lat="45.792656998" lon="6.543414997">
        <ele>1438.9</ele>
      </trkpt>
      <trkpt lat="45.792550999" lon="6.543554006">
        <ele>1438.65</ele>
      </trkpt>
      <trkpt lat="45.792402996" lon="6.543732002">
        <ele>1441.88</ele>
      </trkpt>
      <trkpt lat="45.792261002" lon="6.543896002">
        <ele>1442.21</ele>
      </trkpt>
      <trkpt lat="45.792109996" lon="6.544035005">
        <ele>1444.39</ele>
      </trkpt>
      <trkpt lat="45.791998001" lon="6.544134996">
        <ele>1446.68</ele>
      </trkpt>
      <trkpt lat="45.791674003" lon="6.544383999">
        <ele>1449.12</ele>
      </trkpt>
      <trkpt lat="45.791584001" lon="6.544437003">
        <ele>1448.57</ele>
      </trkpt>
      <trkpt lat="45.791511997" lon="6.544469992">
        <ele>1450.01</ele>
      </trkpt>
      <trkpt lat="45.791354003" lon="6.544537004">
        <ele>1449.94</ele>
      </trkpt>
      <trkpt lat="45.791178001" lon="6.544612008">
        <ele>1449.11</ele>
      </trkpt>
      <trkpt lat="45.791062001" lon="6.544650998">
        <ele>1450.81</ele>
      </trkpt>
      <trkpt lat="45.790842006" lon="6.544722996">
        <ele>1452.33</ele>
      </trkpt>
      <trkpt lat="45.790621001" lon="6.544799">
        <ele>1454.9</ele>
      </trkpt>
      <trkpt lat="45.790547004" lon="6.544828007">
        <ele>1457.38</ele>
      </trkpt>
      <trkpt lat="45.790477996" lon="6.544852">
        <ele>1457.89</ele>
      </trkpt>
      <trkpt lat="45.790417003" lon="6.544883994">
        <ele>1457.52</ele>
      </trkpt>
      <trkpt lat="45.790357002" lon="6.544927996">
        <ele>1457.45</ele>
      </trkpt>
      <trkpt lat="45.790310004" lon="6.544971003">
        <ele>1457.08</ele>
      </trkpt>
      <trkpt lat="45.790152998" lon="6.545121004">
        <ele>1456.28</ele>
      </trkpt>
      <trkpt lat="45.789963999" lon="6.545324998">
        <ele>1456.27</ele>
      </trkpt>
      <trkpt lat="45.789876995" lon="6.545431999">
        <ele>1455.96</ele>
      </trkpt>
      <trkpt lat="45.789832996" lon="6.545492">
        <ele>1456.66</ele>
      </trkpt>
      <trkpt lat="45.789772997" lon="6.545595001">
        <ele>1457.15</ele>
      </trkpt>
      <trkpt lat="45.789718997" lon="6.545694998">
        <ele>1455.06</ele>
      </trkpt>
      <trkpt lat="45.789683003" lon="6.545762999">
        <ele>1456.64</ele>
      </trkpt>
      <trkpt lat="45.789559001" lon="6.546031001">
        <ele>1458.09</ele>
      </trkpt>
      <trkpt lat="45.789453" lon="6.546228997">
        <ele>1459.35</ele>
      </trkpt>
      <trkpt lat="45.789381002" lon="6.546364996">
        <ele>1458.94</ele>
      </trkpt>
      <trkpt lat="45.789319998" lon="6.546474992">
        <ele>1461.46</ele>
      </trkpt>
      <trkpt lat="45.789277" lon="6.546545002">
        <ele>1462.28</ele>
      </trkpt>
      <trkpt lat="45.789226001" lon="6.546607992">
        <ele>1463.84</ele>
      </trkpt>
      <trkpt lat="45.789166001" lon="6.546672002">
        <ele>1461.82</ele>
      </trkpt>
      <trkpt lat="45.789095" lon="6.546729003">
        <ele>1461.98</ele>
      </trkpt>
      <trkpt lat="45.789021997" lon="6.546789999">
        <ele>1463.98</ele>
      </trkpt>
      <trkpt lat="45.788931998" lon="6.546839995">
        <ele>1464.41</ele>
      </trkpt>
      <trkpt lat="45.788828" lon="6.546889993">
        <ele>1464.55</ele>
      </trkpt>
      <trkpt lat="45.788746003" lon="6.546922">
        <ele>1466.84</ele>
      </trkpt>
      <trkpt lat="45.788675998" lon="6.546943001">
        <ele>1468.93</ele>
      </trkpt>
      <trkpt lat="45.788603999" lon="6.546952007">
        <ele>1467.91</ele>
      </trkpt>
      <trkpt lat="45.788510998" lon="6.546957009">
        <ele>1468.56</ele>
      </trkpt>
      <trkpt lat="45.788425" lon="6.546958003">
        <ele>1468.79</ele>
      </trkpt>
      <trkpt lat="45.788271996" lon="6.546956006">
        <ele>1468.7</ele>
      </trkpt>
      <trkpt lat="45.788049001" lon="6.546968002">
        <ele>1469.04</ele>
      </trkpt>
      <trkpt lat="45.787900005" lon="6.546974998">
        <ele>1470.17</ele>
      </trkpt>
      <trkpt lat="45.787645" lon="6.546986998">
        <ele>1470.33</ele>
      </trkpt>
      <trkpt lat="45.787455994" lon="6.546985007">
        <ele>1470.89</ele>
      </trkpt>
      <trkpt lat="45.787355002" lon="6.546986996">
        <ele>1471.89</ele>
      </trkpt>
      <trkpt lat="45.787265995" lon="6.547004005">
        <ele>1471.44</ele>
      </trkpt>
      <trkpt lat="45.787142002" lon="6.547038003">
        <ele>1471.45</ele>
      </trkpt>
      <trkpt lat="45.786996999" lon="6.547092">
        <ele>1469.64</ele>
      </trkpt>
      <trkpt lat="45.786862999" lon="6.547155">
        <ele>1467.67</ele>
      </trkpt>
      <trkpt lat="45.786780999" lon="6.547204">
        <ele>1465.38</ele>
      </trkpt>
      <trkpt lat="45.786718997" lon="6.547254001">
        <ele>1466.62</ele>
      </trkpt>
      <trkpt lat="45.786667996" lon="6.547307002">
        <ele>1467.57</ele>
      </trkpt>
      <trkpt lat="45.786627002" lon="6.547361999">
        <ele>1470.72</ele>
      </trkpt>
      <trkpt lat="45.786591001" lon="6.547414997">
        <ele>1469.93</ele>
      </trkpt>
      <trkpt lat="45.786550999" lon="6.547490002">
        <ele>1472.65</ele>
      </trkpt>
      <trkpt lat="45.786488002" lon="6.547602001">
        <ele>1471.95</ele>
      </trkpt>
      <trkpt lat="45.786415005" lon="6.547727002">
        <ele>1471.17</ele>
      </trkpt>
      <trkpt lat="45.786317996" lon="6.547919003">
        <ele>1470.14</ele>
      </trkpt>
      <trkpt lat="45.786314" lon="6.547927997">
        <ele>1472.65</ele>
      </trkpt>
      <trkpt lat="45.786268996" lon="6.548013">
        <ele>1471.33</ele>
      </trkpt>
      <trkpt lat="45.786182995" lon="6.548180003">
        <ele>1470.45</ele>
      </trkpt>
      <trkpt lat="45.786039998" lon="6.548443001">
        <ele>1469.12</ele>
      </trkpt>
      <trkpt lat="45.785942999" lon="6.548604001">
        <ele>1467.52</ele>
      </trkpt>
      <trkpt lat="45.785895002" lon="6.548683">
        <ele>1465.75</ele>
      </trkpt>
      <trkpt lat="45.785857001" lon="6.548766004">
        <ele>1463.66</ele>
      </trkpt>
      <trkpt lat="45.785830997" lon="6.548830994">
        <ele>1461.21</ele>
      </trkpt>
      <trkpt lat="45.785805998" lon="6.548907">
        <ele>1463.32</ele>
      </trkpt>
      <trkpt lat="45.785786997" lon="6.548970005">
        <ele>1463.85</ele>
      </trkpt>
      <trkpt lat="45.785740999" lon="6.549132994">
        <ele>1462.12</ele>
      </trkpt>
      <trkpt lat="45.785642996" lon="6.549439">
        <ele>1458.33</ele>
      </trkpt>
      <trkpt lat="45.785520996" lon="6.54979">
        <ele>1459.23</ele>
      </trkpt>
      <trkpt lat="45.785350997" lon="6.550224001">
        <ele>1455.44</ele>
      </trkpt>
      <trkpt lat="45.785266004" lon="6.550421006">
        <ele>1457.96</ele>
      </trkpt>
      <trkpt lat="45.785198" lon="6.550571999">
        <ele>1458.9</ele>
      </trkpt>
      <trkpt lat="45.785145004" lon="6.550668002">
        <ele>1462.72</ele>
      </trkpt>
      <trkpt lat="45.785087996" lon="6.550751997">
        <ele>1462.68</ele>
      </trkpt>
      <trkpt lat="45.785018999" lon="6.550840001">
        <ele>1458.99</ele>
      </trkpt>
      <trkpt lat="45.784929998" lon="6.550948994">
        <ele>1455.76</ele>
      </trkpt>
      <trkpt lat="45.784822999" lon="6.551042992">
        <ele>1456.71</ele>
      </trkpt>
      <trkpt lat="45.784746997" lon="6.551119001">
        <ele>1457.22</ele>
      </trkpt>
      <trkpt lat="45.784680001" lon="6.551200999">
        <ele>1453.83</ele>
      </trkpt>
      <trkpt lat="45.784616994" lon="6.551279995">
        <ele>1458.54</ele>
      </trkpt>
      <trkpt lat="45.784517" lon="6.551411998">
        <ele>1458.88</ele>
      </trkpt>
      <trkpt lat="45.784416994" lon="6.551553006">
        <ele>1454.59</ele>
      </trkpt>
      <trkpt lat="45.784346004" lon="6.551637002">
        <ele>1450.76</ele>
      </trkpt>
      <trkpt lat="45.784284997" lon="6.551712002">
        <ele>1450.71</ele>
      </trkpt>
      <trkpt lat="45.784220997" lon="6.551777006">
        <ele>1450.87</ele>
      </trkpt>
      <trkpt lat="45.784164001" lon="6.551841996">
        <ele>1450.91</ele>
      </trkpt>
      <trkpt lat="45.784055998" lon="6.551979009">
        <ele>1451.42</ele>
      </trkpt>
      <trkpt lat="45.783826002" lon="6.552328004">
        <ele>1451.44</ele>
      </trkpt>
      <trkpt lat="45.783595001" lon="6.552705997">
        <ele>1454.15</ele>
      </trkpt>
      <trkpt lat="45.783399999" lon="6.553057999">
        <ele>1449.59</ele>
      </trkpt>
      <trkpt lat="45.783268" lon="6.553315998">
        <ele>1447.56</ele>
      </trkpt>
      <trkpt lat="45.783176" lon="6.553474005">
        <ele>1449.46</ele>
      </trkpt>
      <trkpt lat="45.783081995" lon="6.553625003">
        <ele>1451.19</ele>
      </trkpt>
      <trkpt lat="45.782948004" lon="6.553805996">
        <ele>1449.72</ele>
      </trkpt>
      <trkpt lat="45.782789997" lon="6.554040003">
        <ele>1448.48</ele>
      </trkpt>
      <trkpt lat="45.782697996" lon="6.554187998">
        <ele>1446.53</ele>
      </trkpt>
      <trkpt lat="45.782633" lon="6.554307995">
        <ele>1444.26</ele>
      </trkpt>
      <trkpt lat="45.782560997" lon="6.554467003">
        <ele>1445.41</ele>
      </trkpt>
      <trkpt lat="45.782464004" lon="6.554674994">
        <ele>1442.71</ele>
      </trkpt>
      <trkpt lat="45.782391" lon="6.554856006">
        <ele>1444.51</ele>
      </trkpt>
      <trkpt lat="45.782328001" lon="6.555015">
        <ele>1442.68</ele>
      </trkpt>
      <trkpt lat="45.782208997" lon="6.555363003">
        <ele>1441.15</ele>
      </trkpt>
      <trkpt lat="45.782078001" lon="6.555752">
        <ele>1436.37</ele>
      </trkpt>
      <trkpt lat="45.782007001" lon="6.555948006">
        <ele>1438.63</ele>
      </trkpt>
      <trkpt lat="45.781964998" lon="6.556059999">
        <ele>1439.17</ele>
      </trkpt>
      <trkpt lat="45.781912006" lon="6.556161996">
        <ele>1438.1</ele>
      </trkpt>
      <trkpt lat="45.781859001" lon="6.556248995">
        <ele>1439.42</ele>
      </trkpt>
      <trkpt lat="45.781747004" lon="6.556443002">
        <ele>1440.76</ele>
      </trkpt>
      <trkpt lat="45.781640001" lon="6.556633002">
        <ele>1438.99</ele>
      </trkpt>
      <trkpt lat="45.781576999" lon="6.556744002">
        <ele>1437.13</ele>
      </trkpt>
      <trkpt lat="45.781528004" lon="6.556842995">
        <ele>1438.24</ele>
      </trkpt>
      <trkpt lat="45.781480997" lon="6.556959006">
        <ele>1436.82</ele>
      </trkpt>
      <trkpt lat="45.781439006" lon="6.557066">
        <ele>1437.85</ele>
      </trkpt>
      <trkpt lat="45.781369" lon="6.557260996">
        <ele>1438.89</ele>
      </trkpt>
      <trkpt lat="45.781337001" lon="6.557355003">
        <ele>1440.12</ele>
      </trkpt>
      <trkpt lat="45.781318004" lon="6.557426001">
        <ele>1441.47</ele>
      </trkpt>
      <trkpt lat="45.781294" lon="6.557496006">
        <ele>1440.96</ele>
      </trkpt>
      <trkpt lat="45.781263997" lon="6.557570998">
        <ele>1438.34</ele>
      </trkpt>
      <trkpt lat="45.781241002" lon="6.557615006">
        <ele>1435.99</ele>
      </trkpt>
      <trkpt lat="45.781195996" lon="6.557665003">
        <ele>1433.8</ele>
      </trkpt>
      <trkpt lat="45.781160999" lon="6.557710003">
        <ele>1431.89</ele>
      </trkpt>
      <trkpt lat="45.781153003" lon="6.557716006">
        <ele>1434.15</ele>
      </trkpt>
      <trkpt lat="45.781120003" lon="6.557742003">
        <ele>1436.39</ele>
      </trkpt>
      <trkpt lat="45.781062002" lon="6.557777005">
        <ele>1437.28</ele>
      </trkpt>
      <trkpt lat="45.781018" lon="6.5578">
        <ele>1438.24</ele>
      </trkpt>
      <trkpt lat="45.780957002" lon="6.557828006">
        <ele>1439.17</ele>
      </trkpt>
      <trkpt lat="45.780887" lon="6.557867993">
        <ele>1438.34</ele>
      </trkpt>
      <trkpt lat="45.780811998" lon="6.557905003">
        <ele>1436.22</ele>
      </trkpt>
      <trkpt lat="45.780714998" lon="6.557969003">
        <ele>1435.31</ele>
      </trkpt>
      <trkpt lat="45.780626002" lon="6.558034999">
        <ele>1434.24</ele>
      </trkpt>
      <trkpt lat="45.780553002" lon="6.558092004">
        <ele>1434.66</ele>
      </trkpt>
      <trkpt lat="45.780496998" lon="6.558151997">
        <ele>1433.21</ele>
      </trkpt>
      <trkpt lat="45.780437" lon="6.558230001">
        <ele>1432.89</ele>
      </trkpt>
      <trkpt lat="45.780392006" lon="6.558305003">
        <ele>1432.46</ele>
      </trkpt>
      <trkpt lat="45.780352998" lon="6.558366001">
        <ele>1433.62</ele>
      </trkpt>
      <trkpt lat="45.780275999" lon="6.558508005">
        <ele>1431.37</ele>
      </trkpt>
      <trkpt lat="45.780188003" lon="6.558689997">
        <ele>1430.84</ele>
      </trkpt>
      <trkpt lat="45.780132003" lon="6.558796999">
        <ele>1430.29</ele>
      </trkpt>
      <trkpt lat="45.780072004" lon="6.558897005">
        <ele>1433</ele>
      </trkpt>
      <trkpt lat="45.780004998" lon="6.558999999">
        <ele>1431.71</ele>
      </trkpt>
      <trkpt lat="45.779919998" lon="6.559113002">
        <ele>1435.51</ele>
      </trkpt>
      <trkpt lat="45.779723003" lon="6.559358999">
        <ele>1436.8</ele>
      </trkpt>
      <trkpt lat="45.779624" lon="6.559475002">
        <ele>1438.49</ele>
      </trkpt>
      <trkpt lat="45.779557002" lon="6.559539991">
        <ele>1437.38</ele>
      </trkpt>
      <trkpt lat="45.779472003" lon="6.559610995">
        <ele>1439.07</ele>
      </trkpt>
      <trkpt lat="45.779391002" lon="6.559666991">
        <ele>1436.17</ele>
      </trkpt>
      <trkpt lat="45.779311001" lon="6.559707">
        <ele>1436.79</ele>
      </trkpt>
      <trkpt lat="45.779074998" lon="6.559826007">
        <ele>1438.49</ele>
      </trkpt>
      <trkpt lat="45.778968005" lon="6.559877003">
        <ele>1440.88</ele>
      </trkpt>
      <trkpt lat="45.778867002" lon="6.559921003">
        <ele>1439.43</ele>
      </trkpt>
      <trkpt lat="45.778792" lon="6.559941996">
        <ele>1439.87</ele>
      </trkpt>
      <trkpt lat="45.778732999" lon="6.559944994">
        <ele>1439.99</ele>
      </trkpt>
      <trkpt lat="45.778667998" lon="6.559935006">
        <ele>1439.22</ele>
      </trkpt>
      <trkpt lat="45.778601998" lon="6.559912999">
        <ele>1437.96</ele>
      </trkpt>
      <trkpt lat="45.778550001" lon="6.559893994">
        <ele>1437.7</ele>
      </trkpt>
      <trkpt lat="45.778502997" lon="6.559868999">
        <ele>1436.86</ele>
      </trkpt>
      <trkpt lat="45.778427005" lon="6.559810007">
        <ele>1435.33</ele>
      </trkpt>
      <trkpt lat="45.778415003" lon="6.559799004">
        <ele>1433.25</ele>
      </trkpt>
      <trkpt lat="45.778349995" lon="6.559738994">
        <ele>1431.01</ele>
      </trkpt>
      <trkpt lat="45.778273002" lon="6.559662005">
        <ele>1431.15</ele>
      </trkpt>
      <trkpt lat="45.778193004" lon="6.559566002">
        <ele>1431.25</ele>
      </trkpt>
      <trkpt lat="45.778163998" lon="6.55951">
        <ele>1431.34</ele>
      </trkpt>
      <trkpt lat="45.778153997" lon="6.559481002">
        <ele>1434.91</ele>
      </trkpt>
      <trkpt lat="45.778141" lon="6.559441002">
        <ele>1437.69</ele>
      </trkpt>
      <trkpt lat="45.778130004" lon="6.559362999">
        <ele>1440.3</ele>
      </trkpt>
      <trkpt lat="45.778128003" lon="6.559307">
        <ele>1442.68</ele>
      </trkpt>
      <trkpt lat="45.778133002" lon="6.559260006">
        <ele>1444.9</ele>
      </trkpt>
      <trkpt lat="45.778142999" lon="6.559208">
        <ele>1443.47</ele>
      </trkpt>
      <trkpt lat="45.77816" lon="6.559160002">
        <ele>1440.33</ele>
      </trkpt>
      <trkpt lat="45.778180999" lon="6.559118998">
        <ele>1437.47</ele>
      </trkpt>
      <trkpt lat="45.778206996" lon="6.559069003">
        <ele>1436.62</ele>
      </trkpt>
      <trkpt lat="45.778234999" lon="6.559018004">
        <ele>1436.03</ele>
      </trkpt>
      <trkpt lat="45.778264998" lon="6.558959996">
        <ele>1435.52</ele>
      </trkpt>
      <trkpt lat="45.778310998" lon="6.558873996">
        <ele>1437.04</ele>
      </trkpt>
      <trkpt lat="45.778344995" lon="6.558798996">
        <ele>1438.34</ele>
      </trkpt>
      <trkpt lat="45.778367999" lon="6.558744995">
        <ele>1437.65</ele>
      </trkpt>
      <trkpt lat="45.778391999" lon="6.558674001">
        <ele>1443.22</ele>
      </trkpt>
      <trkpt lat="45.778406003" lon="6.558607001">
        <ele>1447.62</ele>
      </trkpt>
      <trkpt lat="45.778423996" lon="6.558527002">
        <ele>1448.66</ele>
      </trkpt>
      <trkpt lat="45.778472006" lon="6.558289003">
        <ele>1448.72</ele>
      </trkpt>
      <trkpt lat="45.778549996" lon="6.557901001">
        <ele>1454.49</ele>
      </trkpt>
      <trkpt lat="45.778575997" lon="6.557778001">
        <ele>1453.33</ele>
      </trkpt>
      <trkpt lat="45.778605996" lon="6.557674002">
        <ele>1452.82</ele>
      </trkpt>
      <trkpt lat="45.778635003" lon="6.557596001">
        <ele>1455.27</ele>
      </trkpt>
      <trkpt lat="45.778659999" lon="6.557527995">
        <ele>1458.18</ele>
      </trkpt>
      <trkpt lat="45.778692999" lon="6.557461999">
        <ele>1454.33</ele>
      </trkpt>
      <trkpt lat="45.778737996" lon="6.557372003">
        <ele>1450.9</ele>
      </trkpt>
      <trkpt lat="45.778932999" lon="6.556990995">
        <ele>1451.25</ele>
      </trkpt>
      <trkpt lat="45.779093004" lon="6.556678997">
        <ele>1449.21</ele>
      </trkpt>
      <trkpt lat="45.779252999" lon="6.556367008">
        <ele>1450.81</ele>
      </trkpt>
      <trkpt lat="45.779388003" lon="6.556102001">
        <ele>1453.9</ele>
      </trkpt>
      <trkpt lat="45.779522997" lon="6.555837006">
        <ele>1457.04</ele>
      </trkpt>
      <trkpt lat="45.779608997" lon="6.555667006">
        <ele>1456.76</ele>
      </trkpt>
      <trkpt lat="45.779645997" lon="6.555569008">
        <ele>1459.12</ele>
      </trkpt>
      <trkpt lat="45.779671996" lon="6.555472001">
        <ele>1458.35</ele>
      </trkpt>
      <trkpt lat="45.779694998" lon="6.555374003">
        <ele>1459.91</ele>
      </trkpt>
      <trkpt lat="45.779708995" lon="6.555290008">
        <ele>1461.03</ele>
      </trkpt>
      <trkpt lat="45.779737998" lon="6.555117999">
        <ele>1464.54</ele>
      </trkpt>
      <trkpt lat="45.779760005" lon="6.554917996">
        <ele>1467.8</ele>
      </trkpt>
      <trkpt lat="45.779773" lon="6.554786">
        <ele>1470.91</ele>
      </trkpt>
      <trkpt lat="45.779787999" lon="6.554655009">
        <ele>1471.07</ele>
      </trkpt>
      <trkpt lat="45.779803001" lon="6.554553996">
        <ele>1474.25</ele>
      </trkpt>
      <trkpt lat="45.779822003" lon="6.554431005">
        <ele>1474.89</ele>
      </trkpt>
      <trkpt lat="45.779838" lon="6.554330996">
        <ele>1473.07</ele>
      </trkpt>
      <trkpt lat="45.779858999" lon="6.554216997">
        <ele>1473.57</ele>
      </trkpt>
      <trkpt lat="45.779875999" lon="6.554089999">
        <ele>1474.09</ele>
      </trkpt>
      <trkpt lat="45.779890002" lon="6.553953996">
        <ele>1471.82</ele>
      </trkpt>
      <trkpt lat="45.779900995" lon="6.553839997">
        <ele>1469.54</ele>
      </trkpt>
      <trkpt lat="45.779901997" lon="6.553743004">
        <ele>1472.3</ele>
      </trkpt>
      <trkpt lat="45.779901006" lon="6.553642004">
        <ele>1472.19</ele>
      </trkpt>
      <trkpt lat="45.779891001" lon="6.553538995">
        <ele>1474.3</ele>
      </trkpt>
      <trkpt lat="45.779865005" lon="6.553335">
        <ele>1479.51</ele>
      </trkpt>
      <trkpt lat="45.779846995" lon="6.553216003">
        <ele>1484.5</ele>
      </trkpt>
      <trkpt lat="45.779839005" lon="6.553125994">
        <ele>1486.69</ele>
      </trkpt>
      <trkpt lat="45.779834003" lon="6.553048994">
        <ele>1489.1</ele>
      </trkpt>
      <trkpt lat="45.779838001" lon="6.552961006">
        <ele>1487</ele>
      </trkpt>
      <trkpt lat="45.779852005" lon="6.552873004">
        <ele>1483.99</ele>
      </trkpt>
      <trkpt lat="45.779871998" lon="6.552770005">
        <ele>1481.39</ele>
      </trkpt>
      <trkpt lat="45.779893001" lon="6.552680998">
        <ele>1478.77</ele>
      </trkpt>
      <trkpt lat="45.779920998" lon="6.552571996">
        <ele>1479.88</ele>
      </trkpt>
      <trkpt lat="45.779974004" lon="6.552361001">
        <ele>1480.8</ele>
      </trkpt>
      <trkpt lat="45.780058001" lon="6.552012003">
        <ele>1482.55</ele>
      </trkpt>
      <trkpt lat="45.780152001" lon="6.551629006">
        <ele>1483.58</ele>
      </trkpt>
      <trkpt lat="45.780210994" lon="6.551332002">
        <ele>1484.63</ele>
      </trkpt>
      <trkpt lat="45.780235996" lon="6.551213002">
        <ele>1485.38</ele>
      </trkpt>
      <trkpt lat="45.780247997" lon="6.551123003">
        <ele>1488.68</ele>
      </trkpt>
      <trkpt lat="45.780250999" lon="6.551054003">
        <ele>1488.97</ele>
      </trkpt>
      <trkpt lat="45.78025" lon="6.550996997">
        <ele>1489.83</ele>
      </trkpt>
      <trkpt lat="45.780239995" lon="6.550934001">
        <ele>1491.02</ele>
      </trkpt>
      <trkpt lat="45.78023" lon="6.550878993">
        <ele>1489.06</ele>
      </trkpt>
      <trkpt lat="45.780213" lon="6.550822002">
        <ele>1487.06</ele>
      </trkpt>
      <trkpt lat="45.780191006" lon="6.550758996">
        <ele>1487.54</ele>
      </trkpt>
      <trkpt lat="45.780168995" lon="6.550699994">
        <ele>1490.51</ele>
      </trkpt>
      <trkpt lat="45.780146996" lon="6.550635996">
        <ele>1493.19</ele>
      </trkpt>
      <trkpt lat="45.780118994" lon="6.550560003">
        <ele>1495.8</ele>
      </trkpt>
      <trkpt lat="45.780092001" lon="6.550477996">
        <ele>1498.23</ele>
      </trkpt>
      <trkpt lat="45.780073995" lon="6.550413996">
        <ele>1498.16</ele>
      </trkpt>
      <trkpt lat="45.780061001" lon="6.550341997">
        <ele>1497.69</ele>
      </trkpt>
      <trkpt lat="45.780052002" lon="6.550290004">
        <ele>1497.15</ele>
      </trkpt>
      <trkpt lat="45.780049995" lon="6.550210002">
        <ele>1494.59</ele>
      </trkpt>
      <trkpt lat="45.780057002" lon="6.550118007">
        <ele>1492.42</ele>
      </trkpt>
      <trkpt lat="45.780150003" lon="6.549793997">
        <ele>1490.57</ele>
      </trkpt>
      <trkpt lat="45.780175002" lon="6.549703995">
        <ele>1487.01</ele>
      </trkpt>
      <trkpt lat="45.780229002" lon="6.549615008">
        <ele>1484.2</ele>
      </trkpt>
      <trkpt lat="45.780242" lon="6.549603">
        <ele>1483.97</ele>
      </trkpt>
      <trkpt lat="45.780263001" lon="6.549580993">
        <ele>1484.01</ele>
      </trkpt>
      <trkpt lat="45.780315999" lon="6.549532999">
        <ele>1481.39</ele>
      </trkpt>
      <trkpt lat="45.780364996" lon="6.549480998">
        <ele>1482.3</ele>
      </trkpt>
      <trkpt lat="45.780430004" lon="6.549414">
        <ele>1483.59</ele>
      </trkpt>
      <trkpt lat="45.780500001" lon="6.549334002">
        <ele>1481.6</ele>
      </trkpt>
      <trkpt lat="45.780557003" lon="6.549253">
        <ele>1483.54</ele>
      </trkpt>
      <trkpt lat="45.780717002" lon="6.549028999">
        <ele>1489.2</ele>
      </trkpt>
      <trkpt lat="45.780888005" lon="6.548778998">
        <ele>1492.94</ele>
      </trkpt>
      <trkpt lat="45.781053" lon="6.548546001">
        <ele>1490.89</ele>
      </trkpt>
      <trkpt lat="45.781205997" lon="6.548315001">
        <ele>1492.22</ele>
      </trkpt>
      <trkpt lat="45.781270999" lon="6.548231008">
        <ele>1495.03</ele>
      </trkpt>
      <trkpt lat="45.781326004" lon="6.548145006">
        <ele>1496.73</ele>
      </trkpt>
      <trkpt lat="45.781385001" lon="6.548049006">
        <ele>1496.71</ele>
      </trkpt>
      <trkpt lat="45.781409001" lon="6.548002998">
        <ele>1501.83</ele>
      </trkpt>
      <trkpt lat="45.781426999" lon="6.547973003">
        <ele>1506.59</ele>
      </trkpt>
      <trkpt lat="45.781458998" lon="6.54791">
        <ele>1505.54</ele>
      </trkpt>
      <trkpt lat="45.781472998" lon="6.547875008">
        <ele>1504.27</ele>
      </trkpt>
      <trkpt lat="45.781494996" lon="6.547819002">
        <ele>1502.85</ele>
      </trkpt>
      <trkpt lat="45.781514002" lon="6.547764994">
        <ele>1501.66</ele>
      </trkpt>
      <trkpt lat="45.781548003" lon="6.547667001">
        <ele>1500.55</ele>
      </trkpt>
      <trkpt lat="45.781569999" lon="6.547591">
        <ele>1504.2</ele>
      </trkpt>
      <trkpt lat="45.781595996" lon="6.547500996">
        <ele>1507.73</ele>
      </trkpt>
      <trkpt lat="45.781649998" lon="6.547298994">
        <ele>1511.05</ele>
      </trkpt>
      <trkpt lat="45.781681005" lon="6.547194998">
        <ele>1514.02</ele>
      </trkpt>
      <trkpt lat="45.781703999" lon="6.547100999">
        <ele>1516.76</ele>
      </trkpt>
      <trkpt lat="45.781724002" lon="6.547015002">
        <ele>1517.76</ele>
      </trkpt>
      <trkpt lat="45.781738998" lon="6.546937997">
        <ele>1518.91</ele>
      </trkpt>
      <trkpt lat="45.781753994" lon="6.546859008">
        <ele>1520.19</ele>
      </trkpt>
      <trkpt lat="45.781763004" lon="6.546776002">
        <ele>1521.51</ele>
      </trkpt>
      <trkpt lat="45.781768004" lon="6.546698999">
        <ele>1522.94</ele>
      </trkpt>
      <trkpt lat="45.781771001" lon="6.546616006">
        <ele>1521.4</ele>
      </trkpt>
      <trkpt lat="45.781771" lon="6.546557002">
        <ele>1522.23</ele>
      </trkpt>
      <trkpt lat="45.781769998" lon="6.546497998">
        <ele>1522.96</ele>
      </trkpt>
      <trkpt lat="45.781771004" lon="6.546464">
        <ele>1523.64</ele>
      </trkpt>
      <trkpt lat="45.781770004" lon="6.546383996">
        <ele>1524.13</ele>
      </trkpt>
      <trkpt lat="45.781769996" lon="6.546307999">
        <ele>1524.48</ele>
      </trkpt>
      <trkpt lat="45.781769005" lon="6.546224002">
        <ele>1522.36</ele>
      </trkpt>
      <trkpt lat="45.781770002" lon="6.546147">
        <ele>1523.06</ele>
      </trkpt>
      <trkpt lat="45.781767996" lon="6.546061998">
        <ele>1523.46</ele>
      </trkpt>
      <trkpt lat="45.781765997" lon="6.545950998">
        <ele>1523.52</ele>
      </trkpt>
      <trkpt lat="45.781763001" lon="6.545841004">
        <ele>1525.73</ele>
      </trkpt>
      <trkpt lat="45.78176" lon="6.545717997">
        <ele>1527.06</ele>
      </trkpt>
      <trkpt lat="45.781751998" lon="6.545579996">
        <ele>1527.1</ele>
      </trkpt>
      <trkpt lat="45.781737998" lon="6.545367004">
        <ele>1527.21</ele>
      </trkpt>
      <trkpt lat="45.781723003" lon="6.545166998">
        <ele>1527.57</ele>
      </trkpt>
      <trkpt lat="45.781713998" lon="6.545007006">
        <ele>1527.31</ele>
      </trkpt>
      <trkpt lat="45.781705001" lon="6.544880007">
        <ele>1528.07</ele>
      </trkpt>
      <trkpt lat="45.781700997" lon="6.544786">
        <ele>1527.39</ele>
      </trkpt>
      <trkpt lat="45.781693003" lon="6.544689006">
        <ele>1527.08</ele>
      </trkpt>
      <trkpt lat="45.781683002" lon="6.544572997">
        <ele>1527.09</ele>
      </trkpt>
      <trkpt lat="45.781668001" lon="6.544483">
        <ele>1526.56</ele>
      </trkpt>
      <trkpt lat="45.781653002" lon="6.544412997">
        <ele>1526.24</ele>
      </trkpt>
      <trkpt lat="45.781633001" lon="6.544345005">
        <ele>1526.18</ele>
      </trkpt>
      <trkpt lat="45.781614003" lon="6.544296994">
        <ele>1526.36</ele>
      </trkpt>
      <trkpt lat="45.781593003" lon="6.544245003">
        <ele>1526.72</ele>
      </trkpt>
      <trkpt lat="45.781581003" lon="6.544224999">
        <ele>1526.77</ele>
      </trkpt>
      <trkpt lat="45.781559996" lon="6.544186998">
        <ele>1526.82</ele>
      </trkpt>
      <trkpt lat="45.781521006" lon="6.544117993">
        <ele>1526.85</ele>
      </trkpt>
      <trkpt lat="45.781478997" lon="6.544049001">
        <ele>1527.41</ele>
      </trkpt>
      <trkpt lat="45.781445998" lon="6.543987003">
        <ele>1527.96</ele>
      </trkpt>
      <trkpt lat="45.781418996" lon="6.543946995">
        <ele>1528.19</ele>
      </trkpt>
      <trkpt lat="45.781363998" lon="6.543882">
        <ele>1529.15</ele>
      </trkpt>
      <trkpt lat="45.781295996" lon="6.543803996">
        <ele>1530.38</ele>
      </trkpt>
      <trkpt lat="45.781117999" lon="6.543673998">
        <ele>1531.61</ele>
      </trkpt>
      <trkpt lat="45.781026001" lon="6.543628994">
        <ele>1533.03</ele>
      </trkpt>
      <trkpt lat="45.780958996" lon="6.543599005">
        <ele>1534.56</ele>
      </trkpt>
      <trkpt lat="45.780878001" lon="6.543558997">
        <ele>1535.9</ele>
      </trkpt>
      <trkpt lat="45.780800002" lon="6.543517997">
        <ele>1537.32</ele>
      </trkpt>
      <trkpt lat="45.780745" lon="6.543493004">
        <ele>1537.54</ele>
      </trkpt>
      <trkpt lat="45.780712998" lon="6.543472992">
        <ele>1537.88</ele>
      </trkpt>
      <trkpt lat="45.780685003" lon="6.543458003">
        <ele>1538.47</ele>
      </trkpt>
      <trkpt lat="45.780636004" lon="6.543429003">
        <ele>1538.81</ele>
      </trkpt>
      <trkpt lat="45.780590998" lon="6.543400001">
        <ele>1539.08</ele>
      </trkpt>
      <trkpt lat="45.780552" lon="6.543367997">
        <ele>1540.09</ele>
      </trkpt>
      <trkpt lat="45.780516998" lon="6.543333002">
        <ele>1540.75</ele>
      </trkpt>
      <trkpt lat="45.780494994" lon="6.543289992">
        <ele>1541.05</ele>
      </trkpt>
      <trkpt lat="45.780483996" lon="6.543250999">
        <ele>1540.99</ele>
      </trkpt>
      <trkpt lat="45.780478002" lon="6.543211992">
        <ele>1539.27</ele>
      </trkpt>
      <trkpt lat="45.780479002" lon="6.543181009">
        <ele>1537.23</ele>
      </trkpt>
      <trkpt lat="45.780482996" lon="6.542849007">
        <ele>1534.94</ele>
      </trkpt>
      <trkpt lat="45.780485004" lon="6.542795995">
        <ele>1536.14</ele>
      </trkpt>
      <trkpt lat="45.780501" lon="6.542735004">
        <ele>1536.84</ele>
      </trkpt>
      <trkpt lat="45.780526998" lon="6.542676999">
        <ele>1538.59</ele>
      </trkpt>
      <trkpt lat="45.780562997" lon="6.542592995">
        <ele>1540.07</ele>
      </trkpt>
      <trkpt lat="45.780584001" lon="6.542537002">
        <ele>1541.18</ele>
      </trkpt>
      <trkpt lat="45.780604001" lon="6.542461002">
        <ele>1541.02</ele>
      </trkpt>
      <trkpt lat="45.780620002" lon="6.542372004">
        <ele>1540.95</ele>
      </trkpt>
      <trkpt lat="45.780633998" lon="6.542283998">
        <ele>1540.89</ele>
      </trkpt>
      <trkpt lat="45.780636996" lon="6.542192001">
        <ele>1540.94</ele>
      </trkpt>
      <trkpt lat="45.780634998" lon="6.542123002">
        <ele>1541.03</ele>
      </trkpt>
      <trkpt lat="45.780629002" lon="6.542044999">
        <ele>1540.11</ele>
      </trkpt>
      <trkpt lat="45.780614002" lon="6.541942006">
        <ele>1540.07</ele>
      </trkpt>
      <trkpt lat="45.780575004" lon="6.541729992">
        <ele>1539.16</ele>
      </trkpt>
      <trkpt lat="45.780508999" lon="6.541418995">
        <ele>1540.8</ele>
      </trkpt>
      <trkpt lat="45.780428006" lon="6.541127998">
        <ele>1543.54</ele>
      </trkpt>
      <trkpt lat="45.780339003" lon="6.540802993">
        <ele>1544.46</ele>
      </trkpt>
      <trkpt lat="45.780282001" lon="6.540610002">
        <ele>1546.97</ele>
      </trkpt>
      <trkpt lat="45.780223003" lon="6.540428">
        <ele>1550.67</ele>
      </trkpt>
      <trkpt lat="45.780123001" lon="6.540160998">
        <ele>1551.01</ele>
      </trkpt>
      <trkpt lat="45.779986001" lon="6.539778993">
        <ele>1552.99</ele>
      </trkpt>
      <trkpt lat="45.779876995" lon="6.539478">
        <ele>1554.6</ele>
      </trkpt>
      <trkpt lat="45.779768995" lon="6.539177999">
        <ele>1555.38</ele>
      </trkpt>
      <trkpt lat="45.779683996" lon="6.538979996">
        <ele>1557.06</ele>
      </trkpt>
      <trkpt lat="45.779608001" lon="6.538803003">
        <ele>1561.2</ele>
      </trkpt>
      <trkpt lat="45.779539004" lon="6.538641994">
        <ele>1562.38</ele>
      </trkpt>
      <trkpt lat="45.779457003" lon="6.538479998">
        <ele>1565.97</ele>
      </trkpt>
      <trkpt lat="45.779378001" lon="6.538326994">
        <ele>1568.49</ele>
      </trkpt>
      <trkpt lat="45.779304005" lon="6.538191998">
        <ele>1570.25</ele>
      </trkpt>
      <trkpt lat="45.779223996" lon="6.538059">
        <ele>1570.85</ele>
      </trkpt>
      <trkpt lat="45.779144002" lon="6.537932999">
        <ele>1572.16</ele>
      </trkpt>
      <trkpt lat="45.779073997" lon="6.537841996">
        <ele>1572.52</ele>
      </trkpt>
      <trkpt lat="45.778999004" lon="6.537753997">
        <ele>1572.61</ele>
      </trkpt>
      <trkpt lat="45.778948995" lon="6.537707997">
        <ele>1572.96</ele>
      </trkpt>
      <trkpt lat="45.778898" lon="6.537665001">
        <ele>1573.66</ele>
      </trkpt>
      <trkpt lat="45.778807998" lon="6.537597992">
        <ele>1574.99</ele>
      </trkpt>
      <trkpt lat="45.778651996" lon="6.537487">
        <ele>1576.34</ele>
      </trkpt>
      <trkpt lat="45.778466" lon="6.537354004">
        <ele>1577.05</ele>
      </trkpt>
      <trkpt lat="45.778273996" lon="6.537209996">
        <ele>1578.47</ele>
      </trkpt>
      <trkpt lat="45.778153999" lon="6.537120997">
        <ele>1580.24</ele>
      </trkpt>
      <trkpt lat="45.778053999" lon="6.53705">
        <ele>1580.17</ele>
      </trkpt>
      <trkpt lat="45.777971003" lon="6.537001001">
        <ele>1580.78</ele>
      </trkpt>
      <trkpt lat="45.777871001" lon="6.536944999">
        <ele>1581.11</ele>
      </trkpt>
      <trkpt lat="45.777783001" lon="6.536908999">
        <ele>1581.18</ele>
      </trkpt>
      <trkpt lat="45.777611999" lon="6.536844005">
        <ele>1580.92</ele>
      </trkpt>
      <trkpt lat="45.777437996" lon="6.536783006">
        <ele>1582.83</ele>
      </trkpt>
      <trkpt lat="45.777267994" lon="6.536713994">
        <ele>1584.33</ele>
      </trkpt>
      <trkpt lat="45.777104002" lon="6.536660001">
        <ele>1587.4</ele>
      </trkpt>
      <trkpt lat="45.776907006" lon="6.536606998">
        <ele>1591</ele>
      </trkpt>
      <trkpt lat="45.776744997" lon="6.536571992">
        <ele>1594.44</ele>
      </trkpt>
      <trkpt lat="45.776566997" lon="6.536518004">
        <ele>1596.99</ele>
      </trkpt>
      <trkpt lat="45.776434" lon="6.536460999">
        <ele>1599.18</ele>
      </trkpt>
      <trkpt lat="45.776333994" lon="6.536408001">
        <ele>1599.82</ele>
      </trkpt>
      <trkpt lat="45.776275996" lon="6.536350003">
        <ele>1600.11</ele>
      </trkpt>
      <trkpt lat="45.776220996" lon="6.536290999">
        <ele>1600.78</ele>
      </trkpt>
      <trkpt lat="45.776114006" lon="6.536181004">
        <ele>1599.94</ele>
      </trkpt>
      <trkpt lat="45.776027" lon="6.536090001">
        <ele>1599.02</ele>
      </trkpt>
      <trkpt lat="45.775915" lon="6.535987994">
        <ele>1599.58</ele>
      </trkpt>
      <trkpt lat="45.775816004" lon="6.535914001">
        <ele>1599.45</ele>
      </trkpt>
      <trkpt lat="45.775708996" lon="6.535846">
        <ele>1598.7</ele>
      </trkpt>
      <trkpt lat="45.775564999" lon="6.535755999">
        <ele>1600.48</ele>
      </trkpt>
      <trkpt lat="45.775408001" lon="6.535672998">
        <ele>1598.74</ele>
      </trkpt>
      <trkpt lat="45.775237998" lon="6.535606001">
        <ele>1598.32</ele>
      </trkpt>
      <trkpt lat="45.775111001" lon="6.535558002">
        <ele>1599.04</ele>
      </trkpt>
      <trkpt lat="45.774976002" lon="6.535528001">
        <ele>1599.38</ele>
      </trkpt>
      <trkpt lat="45.774863997" lon="6.535512997">
        <ele>1600.17</ele>
      </trkpt>
      <trkpt lat="45.774671997" lon="6.535499004">
        <ele>1602.31</ele>
      </trkpt>
      <trkpt lat="45.774306002" lon="6.535487009">
        <ele>1604.08</ele>
      </trkpt>
      <trkpt lat="45.774151999" lon="6.535482997">
        <ele>1601.12</ele>
      </trkpt>
      <trkpt lat="45.774057999" lon="6.535491998">
        <ele>1598.94</ele>
      </trkpt>
      <trkpt lat="45.774016997" lon="6.535506002">
        <ele>1595.76</ele>
      </trkpt>
      <trkpt lat="45.773975002" lon="6.535528998">
        <ele>1594.79</ele>
      </trkpt>
      <trkpt lat="45.773923998" lon="6.535562997">
        <ele>1595.88</ele>
      </trkpt>
      <trkpt lat="45.773887002" lon="6.535591002">
        <ele>1600.32</ele>
      </trkpt>
      <trkpt lat="45.773849999" lon="6.535632996">
        <ele>1604.35</ele>
      </trkpt>
      <trkpt lat="45.773822996" lon="6.53567">
        <ele>1605.47</ele>
      </trkpt>
      <trkpt lat="45.773789004" lon="6.535717995">
        <ele>1606.49</ele>
      </trkpt>
      <trkpt lat="45.773726001" lon="6.535807001">
        <ele>1604.35</ele>
      </trkpt>
      <trkpt lat="45.773648996" lon="6.535908996">
        <ele>1604.96</ele>
      </trkpt>
      <trkpt lat="45.773584994" lon="6.535984992">
        <ele>1603.33</ele>
      </trkpt>
      <trkpt lat="45.773517997" lon="6.536050994">
        <ele>1604.5</ele>
      </trkpt>
      <trkpt lat="45.773457001" lon="6.536105001">
        <ele>1605.78</ele>
      </trkpt>
      <trkpt lat="45.773388001" lon="6.536158998">
        <ele>1607.13</ele>
      </trkpt>
      <trkpt lat="45.773325001" lon="6.536199003">
        <ele>1606.07</ele>
      </trkpt>
      <trkpt lat="45.773265994" lon="6.536238994">
        <ele>1605.45</ele>
      </trkpt>
      <trkpt lat="45.773198004" lon="6.536272008">
        <ele>1604.93</ele>
      </trkpt>
      <trkpt lat="45.773145001" lon="6.536288991">
        <ele>1604.55</ele>
      </trkpt>
      <trkpt lat="45.773077998" lon="6.536300003">
        <ele>1602.17</ele>
      </trkpt>
      <trkpt lat="45.773007997" lon="6.536309998">
        <ele>1599.92</ele>
      </trkpt>
      <trkpt lat="45.772914002" lon="6.536321999">
        <ele>1599.55</ele>
      </trkpt>
      <trkpt lat="45.772831" lon="6.536333004">
        <ele>1599.09</ele>
      </trkpt>
      <trkpt lat="45.772821003" lon="6.536335004">
        <ele>1598.52</ele>
      </trkpt>
      <trkpt lat="45.772760995" lon="6.536344003">
        <ele>1599.91</ele>
      </trkpt>
      <trkpt lat="45.772701" lon="6.536356005">
        <ele>1599.7</ele>
      </trkpt>
      <trkpt lat="45.772656006" lon="6.536369997">
        <ele>1599.67</ele>
      </trkpt>
      <trkpt lat="45.772583997" lon="6.536390001">
        <ele>1599.6</ele>
      </trkpt>
      <trkpt lat="45.772533" lon="6.536412007">
        <ele>1599.37</ele>
      </trkpt>
      <trkpt lat="45.772470001" lon="6.536431003">
        <ele>1599.02</ele>
      </trkpt>
      <trkpt lat="45.772432999" lon="6.536428994">
        <ele>1599.3</ele>
      </trkpt>
      <trkpt lat="45.772408003" lon="6.536429004">
        <ele>1599.44</ele>
      </trkpt>
      <trkpt lat="45.772359997" lon="6.536415998">
        <ele>1599.41</ele>
      </trkpt>
      <trkpt lat="45.772314001" lon="6.536403006">
        <ele>1599.32</ele>
      </trkpt>
      <trkpt lat="45.772257004" lon="6.53637">
        <ele>1599.23</ele>
      </trkpt>
      <trkpt lat="45.772203002" lon="6.536323997">
        <ele>1599.67</ele>
      </trkpt>
      <trkpt lat="45.77216431" lon="6.536275844">
        <ele>1599.94</ele>
      </trkpt>
      <trkpt lat="45.772157994" lon="6.536268007">
        <ele>1600.05</ele>
      </trkpt>
      <trkpt lat="45.772064997" lon="6.536148998">
        <ele>1600.43</ele>
      </trkpt>
      <trkpt lat="45.772034999" lon="6.536101003">
        <ele>1600.39</ele>
      </trkpt>
      <trkpt lat="45.771979001" lon="6.536011993">
        <ele>1600.6</ele>
      </trkpt>
      <trkpt lat="45.771856003" lon="6.535780998">
        <ele>1601.13</ele>
      </trkpt>
      <trkpt lat="45.771765001" lon="6.535608999">
        <ele>1601.44</ele>
      </trkpt>
      <trkpt lat="45.771642998" lon="6.535383003">
        <ele>1602.39</ele>
      </trkpt>
      <trkpt lat="45.771538994" lon="6.535212002">
        <ele>1603.67</ele>
      </trkpt>
      <trkpt lat="45.771461003" lon="6.535105999">
        <ele>1604.66</ele>
      </trkpt>
      <trkpt lat="45.771406004" lon="6.535036002">
        <ele>1605.37</ele>
      </trkpt>
      <trkpt lat="45.771367" lon="6.534987998">
        <ele>1606.3</ele>
      </trkpt>
      <trkpt lat="45.771313" lon="6.534930997">
        <ele>1606.66</ele>
      </trkpt>
      <trkpt lat="45.771283" lon="6.534899993">
        <ele>1607.91</ele>
      </trkpt>
      <trkpt lat="45.771189003" lon="6.534789">
        <ele>1608.98</ele>
      </trkpt>
      <trkpt lat="45.771086997" lon="6.534677005">
        <ele>1610.56</ele>
      </trkpt>
      <trkpt lat="45.771002001" lon="6.534546007">
        <ele>1613.59</ele>
      </trkpt>
      <trkpt lat="45.770918002" lon="6.534400994">
        <ele>1615.87</ele>
      </trkpt>
      <trkpt lat="45.770831003" lon="6.534216002">
        <ele>1616.68</ele>
      </trkpt>
      <trkpt lat="45.770668003" lon="6.533843001">
        <ele>1618.24</ele>
      </trkpt>
      <trkpt lat="45.770516003" lon="6.533502997">
        <ele>1618.91</ele>
      </trkpt>
      <trkpt lat="45.770413001" lon="6.533313996">
        <ele>1618</ele>
      </trkpt>
      <trkpt lat="45.770315998" lon="6.533168">
        <ele>1617.96</ele>
      </trkpt>
      <trkpt lat="45.770254003" lon="6.533094003">
        <ele>1618.81</ele>
      </trkpt>
      <trkpt lat="45.770249995" lon="6.533086998">
        <ele>1617.74</ele>
      </trkpt>
      <trkpt lat="45.770185006" lon="6.533011007">
        <ele>1618.19</ele>
      </trkpt>
      <trkpt lat="45.770116999" lon="6.532941005">
        <ele>1618.98</ele>
      </trkpt>
      <trkpt lat="45.770032" lon="6.532888001">
        <ele>1619.97</ele>
      </trkpt>
      <trkpt lat="45.770017998" lon="6.532876003">
        <ele>1619.33</ele>
      </trkpt>
      <trkpt lat="45.769949999" lon="6.532818998">
        <ele>1620.87</ele>
      </trkpt>
      <trkpt lat="45.769851001" lon="6.532747002">
        <ele>1621.33</ele>
      </trkpt>
      <trkpt lat="45.769784808" lon="6.532696785">
        <ele>1621.67</ele>
      </trkpt>
      <trkpt lat="45.769735" lon="6.532659003">
        <ele>1621.27</ele>
      </trkpt>
      <trkpt lat="45.769668005" lon="6.53258">
        <ele>1622.38</ele>
      </trkpt>
      <trkpt lat="45.769584999" lon="6.532493005">
        <ele>1623.05</ele>
      </trkpt>
      <trkpt lat="45.769547997" lon="6.532453002">
        <ele>1623.8</ele>
      </trkpt>
      <trkpt lat="45.769453001" lon="6.532356005">
        <ele>1623.05</ele>
      </trkpt>
      <trkpt lat="45.769381998" lon="6.532269997">
        <ele>1622.92</ele>
      </trkpt>
      <trkpt lat="45.769305002" lon="6.532194001">
        <ele>1623.3</ele>
      </trkpt>
      <trkpt lat="45.769237999" lon="6.532144004">
        <ele>1624.33</ele>
      </trkpt>
      <trkpt lat="45.769154004" lon="6.532086004">
        <ele>1625.03</ele>
      </trkpt>
      <trkpt lat="45.769030996" lon="6.532028008">
        <ele>1626.51</ele>
      </trkpt>
      <trkpt lat="45.768875003" lon="6.531951995">
        <ele>1626.82</ele>
      </trkpt>
      <trkpt lat="45.768702" lon="6.531876003">
        <ele>1626.66</ele>
      </trkpt>
      <trkpt lat="45.768572005" lon="6.531835001">
        <ele>1625.06</ele>
      </trkpt>
      <trkpt lat="45.768495996" lon="6.531817002">
        <ele>1624.1</ele>
      </trkpt>
      <trkpt lat="45.768398001" lon="6.531814006">
        <ele>1623.99</ele>
      </trkpt>
      <trkpt lat="45.768300998" lon="6.531816999">
        <ele>1627.48</ele>
      </trkpt>
      <trkpt lat="45.768262003" lon="6.531834005">
        <ele>1629.35</ele>
      </trkpt>
      <trkpt lat="45.768208002" lon="6.531854997">
        <ele>1630.6</ele>
      </trkpt>
      <trkpt lat="45.768050999" lon="6.531883995">
        <ele>1632.99</ele>
      </trkpt>
      <trkpt lat="45.767875001" lon="6.531936996">
        <ele>1634.49</ele>
      </trkpt>
      <trkpt lat="45.767704995" lon="6.532001005">
        <ele>1632.06</ele>
      </trkpt>
      <trkpt lat="45.767530002" lon="6.532054997">
        <ele>1632.45</ele>
      </trkpt>
      <trkpt lat="45.767350999" lon="6.532112995">
        <ele>1632.83</ele>
      </trkpt>
      <trkpt lat="45.767194996" lon="6.532156996">
        <ele>1634.49</ele>
      </trkpt>
      <trkpt lat="45.767034005" lon="6.532208006">
        <ele>1636.18</ele>
      </trkpt>
      <trkpt lat="45.766891998" lon="6.532259006">
        <ele>1639.39</ele>
      </trkpt>
      <trkpt lat="45.766777" lon="6.532306993">
        <ele>1640.76</ele>
      </trkpt>
      <trkpt lat="45.766630998" lon="6.532371003">
        <ele>1643.97</ele>
      </trkpt>
      <trkpt lat="45.766424998" lon="6.532470998">
        <ele>1643.33</ele>
      </trkpt>
      <trkpt lat="45.766259996" lon="6.532540991">
        <ele>1643.65</ele>
      </trkpt>
      <trkpt lat="45.766168006" lon="6.532589999">
        <ele>1645.97</ele>
      </trkpt>
      <trkpt lat="45.766074002" lon="6.532641994">
        <ele>1647.06</ele>
      </trkpt>
      <trkpt lat="45.765987996" lon="6.532703993">
        <ele>1646.86</ele>
      </trkpt>
      <trkpt lat="45.765796998" lon="6.532838998">
        <ele>1648.71</ele>
      </trkpt>
      <trkpt lat="45.765552998" lon="6.533059992">
        <ele>1650.44</ele>
      </trkpt>
      <trkpt lat="45.765511" lon="6.533093998">
        <ele>1648.93</ele>
      </trkpt>
      <trkpt lat="45.765429001" lon="6.533161004">
        <ele>1649.36</ele>
      </trkpt>
      <trkpt lat="45.765381002" lon="6.533201001">
        <ele>1650.54</ele>
      </trkpt>
      <trkpt lat="45.765266004" lon="6.533295003">
        <ele>1650.07</ele>
      </trkpt>
      <trkpt lat="45.765172998" lon="6.533360003">
        <ele>1649.55</ele>
      </trkpt>
      <trkpt lat="45.765063664" lon="6.533411917">
        <ele>1650.09</ele>
      </trkpt>
      <trkpt lat="45.765034" lon="6.533426002">
        <ele>1651.43</ele>
      </trkpt>
      <trkpt lat="45.764904998" lon="6.533471003">
        <ele>1651.55</ele>
      </trkpt>
      <trkpt lat="45.764758001" lon="6.533525002">
        <ele>1654.09</ele>
      </trkpt>
      <trkpt lat="45.764558001" lon="6.533596009">
        <ele>1655.26</ele>
      </trkpt>
      <trkpt lat="45.764331" lon="6.533682996">
        <ele>1656.3</ele>
      </trkpt>
      <trkpt lat="45.763986999" lon="6.533798995">
        <ele>1656.44</ele>
      </trkpt>
      <trkpt lat="45.763891998" lon="6.533829003">
        <ele>1657.31</ele>
      </trkpt>
      <trkpt lat="45.763839004" lon="6.533846">
        <ele>1656.53</ele>
      </trkpt>
      <trkpt lat="45.763724994" lon="6.533877998">
        <ele>1657.11</ele>
      </trkpt>
      <trkpt lat="45.763605" lon="6.533896992">
        <ele>1657.34</ele>
      </trkpt>
      <trkpt lat="45.763525004" lon="6.533887997">
        <ele>1657.4</ele>
      </trkpt>
      <trkpt lat="45.763507999" lon="6.533886999">
        <ele>1657.7</ele>
      </trkpt>
      <trkpt lat="45.763414002" lon="6.533862001">
        <ele>1657.87</ele>
      </trkpt>
      <trkpt lat="45.763350006" lon="6.533831994">
        <ele>1657.99</ele>
      </trkpt>
      <trkpt lat="45.763337998" lon="6.533825997">
        <ele>1658.5</ele>
      </trkpt>
      <trkpt lat="45.763318002" lon="6.533879001">
        <ele>1658.71</ele>
      </trkpt>
      <trkpt lat="45.763259003" lon="6.533925994">
        <ele>1658.92</ele>
      </trkpt>
      <trkpt lat="45.763169" lon="6.533889996">
        <ele>1659.1</ele>
      </trkpt>
      <trkpt lat="45.763146004" lon="6.533838002">
        <ele>1659.15</ele>
      </trkpt>
      <trkpt lat="45.763145002" lon="6.533787995">
        <ele>1658.94</ele>
      </trkpt>
      <trkpt lat="45.763151999" lon="6.533705994">
        <ele>1659.1</ele>
      </trkpt>
      <trkpt lat="45.763054" lon="6.533645002">
        <ele>1658.99</ele>
      </trkpt>
      <trkpt lat="45.762928997" lon="6.533566997">
        <ele>1659</ele>
      </trkpt>
      <trkpt lat="45.762798996" lon="6.533489999">
        <ele>1659.18</ele>
      </trkpt>
      <trkpt lat="45.762651997" lon="6.533420992">
        <ele>1659.1</ele>
      </trkpt>
      <trkpt lat="45.762484001" lon="6.533382002">
        <ele>1659.13</ele>
      </trkpt>
      <trkpt lat="45.762312002" lon="6.533361997">
        <ele>1659.24</ele>
      </trkpt>
      <trkpt lat="45.762135003" lon="6.533352">
        <ele>1659.08</ele>
      </trkpt>
      <trkpt lat="45.761950996" lon="6.533342997">
        <ele>1658.99</ele>
      </trkpt>
      <trkpt lat="45.761766" lon="6.533351999">
        <ele>1658.8</ele>
      </trkpt>
      <trkpt lat="45.761577003" lon="6.533359007">
        <ele>1658.33</ele>
      </trkpt>
      <trkpt lat="45.761382997" lon="6.533358997">
        <ele>1658.17</ele>
      </trkpt>
      <trkpt lat="45.761184998" lon="6.533383999">
        <ele>1658</ele>
      </trkpt>
      <trkpt lat="45.761027002" lon="6.533407001">
        <ele>1657.51</ele>
      </trkpt>
      <trkpt lat="45.760846996" lon="6.533436">
        <ele>1657.99</ele>
      </trkpt>
      <trkpt lat="45.760664998" lon="6.533469005">
        <ele>1658.13</ele>
      </trkpt>
      <trkpt lat="45.76049" lon="6.533524003">
        <ele>1658.26</ele>
      </trkpt>
      <trkpt lat="45.760335003" lon="6.533576995">
        <ele>1658.71</ele>
      </trkpt>
      <trkpt lat="45.760251004" lon="6.533606005">
        <ele>1658.82</ele>
      </trkpt>
      <trkpt lat="45.760164998" lon="6.533649001">
        <ele>1658.41</ele>
      </trkpt>
      <trkpt lat="45.760102999" lon="6.533687004">
        <ele>1658.59</ele>
      </trkpt>
      <trkpt lat="45.759946997" lon="6.533787">
        <ele>1658.54</ele>
      </trkpt>
      <trkpt lat="45.759758996" lon="6.533952003">
        <ele>1657.76</ele>
      </trkpt>
      <trkpt lat="45.759642001" lon="6.534095007">
        <ele>1657.45</ele>
      </trkpt>
      <trkpt lat="45.759556002" lon="6.534199004">
        <ele>1656.87</ele>
      </trkpt>
      <trkpt lat="45.759562998" lon="6.534225993">
        <ele>1656.11</ele>
      </trkpt>
      <trkpt lat="45.759566002" lon="6.534263003">
        <ele>1655.41</ele>
      </trkpt>
      <trkpt lat="45.759560999" lon="6.534304999">
        <ele>1655.85</ele>
      </trkpt>
      <trkpt lat="45.759546999" lon="6.534342994">
        <ele>1656.37</ele>
      </trkpt>
      <trkpt lat="45.759516998" lon="6.534372998">
        <ele>1657</ele>
      </trkpt>
      <trkpt lat="45.759489002" lon="6.534381007">
        <ele>1657.73</ele>
      </trkpt>
      <trkpt lat="45.759461" lon="6.53438">
        <ele>1657.7</ele>
      </trkpt>
      <trkpt lat="45.759394002" lon="6.534458993">
        <ele>1657.14</ele>
      </trkpt>
      <trkpt lat="45.759292003" lon="6.534587991">
        <ele>1656.97</ele>
      </trkpt>
      <trkpt lat="45.759230004" lon="6.534718003">
        <ele>1656.59</ele>
      </trkpt>
      <trkpt lat="45.759155002" lon="6.534876003">
        <ele>1656.01</ele>
      </trkpt>
      <trkpt lat="45.759071997" lon="6.535037997">
        <ele>1656.15</ele>
      </trkpt>
      <trkpt lat="45.758993001" lon="6.535189997">
        <ele>1656.24</ele>
      </trkpt>
      <trkpt lat="45.758943" lon="6.535277996">
        <ele>1655.82</ele>
      </trkpt>
      <trkpt lat="45.758919996" lon="6.535321995">
        <ele>1655.48</ele>
      </trkpt>
      <trkpt lat="45.758830001" lon="6.535440993">
        <ele>1655.17</ele>
      </trkpt>
      <trkpt lat="45.758762999" lon="6.535533003">
        <ele>1654.58</ele>
      </trkpt>
      <trkpt lat="45.758596001" lon="6.535745005">
        <ele>1653.06</ele>
      </trkpt>
      <trkpt lat="45.758480998" lon="6.535895998">
        <ele>1652.07</ele>
      </trkpt>
      <trkpt lat="45.758417" lon="6.535997999">
        <ele>1650.72</ele>
      </trkpt>
      <trkpt lat="45.758347" lon="6.536130997">
        <ele>1650.22</ele>
      </trkpt>
      <trkpt lat="45.758271998" lon="6.536326003">
        <ele>1648.88</ele>
      </trkpt>
      <trkpt lat="45.758200999" lon="6.536523002">
        <ele>1648.46</ele>
      </trkpt>
      <trkpt lat="45.758152006" lon="6.536633998">
        <ele>1647.84</ele>
      </trkpt>
      <trkpt lat="45.758114999" lon="6.536714006">
        <ele>1647.56</ele>
      </trkpt>
      <trkpt lat="45.758039998" lon="6.536890002">
        <ele>1646.47</ele>
      </trkpt>
      <trkpt lat="45.758008003" lon="6.537015994">
        <ele>1647.2</ele>
      </trkpt>
      <trkpt lat="45.757972002" lon="6.537152996">
        <ele>1646.59</ele>
      </trkpt>
      <trkpt lat="45.757935003" lon="6.537352004">
        <ele>1645.9</ele>
      </trkpt>
      <trkpt lat="45.757892001" lon="6.537505002">
        <ele>1644.13</ele>
      </trkpt>
      <trkpt lat="45.757767004" lon="6.537820991">
        <ele>1642.49</ele>
      </trkpt>
      <trkpt lat="45.757637998" lon="6.538165001">
        <ele>1640.2</ele>
      </trkpt>
      <trkpt lat="45.757561001" lon="6.538355997">
        <ele>1640.11</ele>
      </trkpt>
      <trkpt lat="45.757546999" lon="6.538389998">
        <ele>1639.37</ele>
      </trkpt>
      <trkpt lat="45.757499005" lon="6.538539996">
        <ele>1639.02</ele>
      </trkpt>
      <trkpt lat="45.757458999" lon="6.538692">
        <ele>1639.31</ele>
      </trkpt>
      <trkpt lat="45.757413" lon="6.538888998">
        <ele>1638.45</ele>
      </trkpt>
      <trkpt lat="45.757377002" lon="6.539028999">
        <ele>1636.61</ele>
      </trkpt>
      <trkpt lat="45.757342997" lon="6.539119009">
        <ele>1635.21</ele>
      </trkpt>
      <trkpt lat="45.757236" lon="6.539282996">
        <ele>1634.53</ele>
      </trkpt>
      <trkpt lat="45.757251995" lon="6.539315003">
        <ele>1633.61</ele>
      </trkpt>
      <trkpt lat="45.757258" lon="6.539354007">
        <ele>1633.79</ele>
      </trkpt>
      <trkpt lat="45.757253001" lon="6.539409007">
        <ele>1634.17</ele>
      </trkpt>
      <trkpt lat="45.757230004" lon="6.539450994">
        <ele>1634.63</ele>
      </trkpt>
      <trkpt lat="45.757200996" lon="6.539469997">
        <ele>1633.85</ele>
      </trkpt>
      <trkpt lat="45.757164002" lon="6.539463995">
        <ele>1633.05</ele>
      </trkpt>
      <trkpt lat="45.757076004" lon="6.539649003">
        <ele>1631.94</ele>
      </trkpt>
      <trkpt lat="45.757005998" lon="6.539782007">
        <ele>1630.08</ele>
      </trkpt>
      <trkpt lat="45.756926001" lon="6.539942996">
        <ele>1627.58</ele>
      </trkpt>
      <trkpt lat="45.756763001" lon="6.540275996">
        <ele>1627.11</ele>
      </trkpt>
      <trkpt lat="45.756608998" lon="6.540594003">
        <ele>1625.05</ele>
      </trkpt>
      <trkpt lat="45.756532006" lon="6.540764003">
        <ele>1624.32</ele>
      </trkpt>
      <trkpt lat="45.756516001" lon="6.540792003">
        <ele>1624.21</ele>
      </trkpt>
      <trkpt lat="45.756528003" lon="6.540817998">
        <ele>1623.64</ele>
      </trkpt>
      <trkpt lat="45.756532001" lon="6.540854001">
        <ele>1622.27</ele>
      </trkpt>
      <trkpt lat="45.756524998" lon="6.540893008">
        <ele>1622.09</ele>
      </trkpt>
      <trkpt lat="45.756497001" lon="6.540925994">
        <ele>1620.86</ele>
      </trkpt>
      <trkpt lat="45.756455997" lon="6.540929997">
        <ele>1620.37</ele>
      </trkpt>
      <trkpt lat="45.756414999" lon="6.541008997">
        <ele>1620.71</ele>
      </trkpt>
      <trkpt lat="45.756365997" lon="6.541159994">
        <ele>1620.6</ele>
      </trkpt>
      <trkpt lat="45.756345" lon="6.541233">
        <ele>1620.88</ele>
      </trkpt>
      <trkpt lat="45.756300998" lon="6.541398997">
        <ele>1619.3</ele>
      </trkpt>
      <trkpt lat="45.75625" lon="6.541660003">
        <ele>1617.62</ele>
      </trkpt>
      <trkpt lat="45.756217999" lon="6.541860005">
        <ele>1616.61</ele>
      </trkpt>
      <trkpt lat="45.756181998" lon="6.542074005">
        <ele>1615.46</ele>
      </trkpt>
      <trkpt lat="45.756129999" lon="6.542308007">
        <ele>1612.39</ele>
      </trkpt>
      <trkpt lat="45.756076999" lon="6.542505">
        <ele>1612.34</ele>
      </trkpt>
      <trkpt lat="45.755915" lon="6.542953005">
        <ele>1610.48</ele>
      </trkpt>
      <trkpt lat="45.755782003" lon="6.543328001">
        <ele>1608.68</ele>
      </trkpt>
      <trkpt lat="45.755647999" lon="6.543704">
        <ele>1606.12</ele>
      </trkpt>
      <trkpt lat="45.755525998" lon="6.544052001">
        <ele>1604.62</ele>
      </trkpt>
      <trkpt lat="45.755398995" lon="6.544462994">
        <ele>1601.82</ele>
      </trkpt>
      <trkpt lat="45.755337003" lon="6.544647997">
        <ele>1602.14</ele>
      </trkpt>
      <trkpt lat="45.755306001" lon="6.544753001">
        <ele>1601.87</ele>
      </trkpt>
      <trkpt lat="45.755281999" lon="6.544820004">
        <ele>1602.94</ele>
      </trkpt>
      <trkpt lat="45.755273997" lon="6.544840004">
        <ele>1604.31</ele>
      </trkpt>
      <trkpt lat="45.755249998" lon="6.544895997">
        <ele>1605.85</ele>
      </trkpt>
      <trkpt lat="45.755223004" lon="6.544967006">
        <ele>1605.45</ele>
      </trkpt>
      <trkpt lat="45.755194003" lon="6.545021005">
        <ele>1603.12</ele>
      </trkpt>
      <trkpt lat="45.755164001" lon="6.545078995">
        <ele>1600.8</ele>
      </trkpt>
      <trkpt lat="45.755131003" lon="6.545141995">
        <ele>1600.2</ele>
      </trkpt>
      <trkpt lat="45.755098995" lon="6.545199007">
        <ele>1599.58</ele>
      </trkpt>
      <trkpt lat="45.755060002" lon="6.54526">
        <ele>1598.99</ele>
      </trkpt>
      <trkpt lat="45.755024997" lon="6.545313999">
        <ele>1600.28</ele>
      </trkpt>
      <trkpt lat="45.754994003" lon="6.545355997">
        <ele>1601.52</ele>
      </trkpt>
      <trkpt lat="45.754950998" lon="6.545411002">
        <ele>1601.06</ele>
      </trkpt>
      <trkpt lat="45.754919998" lon="6.545451995">
        <ele>1599.23</ele>
      </trkpt>
      <trkpt lat="45.754880999" lon="6.545497998">
        <ele>1599.44</ele>
      </trkpt>
      <trkpt lat="45.754793" lon="6.545589003">
        <ele>1600.07</ele>
      </trkpt>
      <trkpt lat="45.754711995" lon="6.545677996">
        <ele>1598.52</ele>
      </trkpt>
      <trkpt lat="45.754653" lon="6.545735">
        <ele>1597.43</ele>
      </trkpt>
      <trkpt lat="45.754574999" lon="6.545797004">
        <ele>1598.12</ele>
      </trkpt>
      <trkpt lat="45.754502003" lon="6.545835996">
        <ele>1597.11</ele>
      </trkpt>
      <trkpt lat="45.754435996" lon="6.545864002">
        <ele>1596.06</ele>
      </trkpt>
      <trkpt lat="45.754377002" lon="6.545885994">
        <ele>1595.5</ele>
      </trkpt>
      <trkpt lat="45.754319998" lon="6.545900001">
        <ele>1594.7</ele>
      </trkpt>
      <trkpt lat="45.754264" lon="6.545903">
        <ele>1593.73</ele>
      </trkpt>
      <trkpt lat="45.754218001" lon="6.545903008">
        <ele>1592.64</ele>
      </trkpt>
      <trkpt lat="45.754171002" lon="6.545896991">
        <ele>1591.41</ele>
      </trkpt>
      <trkpt lat="45.754121001" lon="6.545888991">
        <ele>1592.16</ele>
      </trkpt>
      <trkpt lat="45.754078995" lon="6.545881003">
        <ele>1591.45</ele>
      </trkpt>
      <trkpt lat="45.754030003" lon="6.545871008">
        <ele>1590.64</ele>
      </trkpt>
      <trkpt lat="45.753984" lon="6.545869999">
        <ele>1589.74</ele>
      </trkpt>
      <trkpt lat="45.753945001" lon="6.545870998">
        <ele>1588.74</ele>
      </trkpt>
      <trkpt lat="45.753893005" lon="6.545878">
        <ele>1587.59</ele>
      </trkpt>
      <trkpt lat="45.75385" lon="6.545888">
        <ele>1587.78</ele>
      </trkpt>
      <trkpt lat="45.753796996" lon="6.545917008">
        <ele>1587.06</ele>
      </trkpt>
      <trkpt lat="45.753752" lon="6.545941006">
        <ele>1587.45</ele>
      </trkpt>
      <trkpt lat="45.753583995" lon="6.546051994">
        <ele>1586.79</ele>
      </trkpt>
      <trkpt lat="45.753472999" lon="6.546123002">
        <ele>1585.46</ele>
      </trkpt>
      <trkpt lat="45.753297998" lon="6.546236">
        <ele>1584.23</ele>
      </trkpt>
      <trkpt lat="45.753186001" lon="6.546309004">
        <ele>1584.01</ele>
      </trkpt>
      <trkpt lat="45.753091002" lon="6.546349994">
        <ele>1581.7</ele>
      </trkpt>
      <trkpt lat="45.752992" lon="6.546383001">
        <ele>1580.66</ele>
      </trkpt>
      <trkpt lat="45.752898004" lon="6.546397002">
        <ele>1578.99</ele>
      </trkpt>
      <trkpt lat="45.752801001" lon="6.546408003">
        <ele>1578.94</ele>
      </trkpt>
      <trkpt lat="45.752629001" lon="6.546460002">
        <ele>1578.76</ele>
      </trkpt>
      <trkpt lat="45.752557004" lon="6.546484996">
        <ele>1578.52</ele>
      </trkpt>
      <trkpt lat="45.752489996" lon="6.546508995">
        <ele>1577.11</ele>
      </trkpt>
      <trkpt lat="45.752341001" lon="6.546575">
        <ele>1576.59</ele>
      </trkpt>
      <trkpt lat="45.752027002" lon="6.546714994">
        <ele>1575.16</ele>
      </trkpt>
      <trkpt lat="45.751668" lon="6.546849997">
        <ele>1572</ele>
      </trkpt>
      <trkpt lat="45.751311" lon="6.546992995">
        <ele>1569.1</ele>
      </trkpt>
      <trkpt lat="45.750951998" lon="6.547136004">
        <ele>1567.97</ele>
      </trkpt>
      <trkpt lat="45.750623003" lon="6.547264997">
        <ele>1567.4</ele>
      </trkpt>
      <trkpt lat="45.750470004" lon="6.547318998">
        <ele>1564.37</ele>
      </trkpt>
      <trkpt lat="45.750172002" lon="6.547384005">
        <ele>1563.76</ele>
      </trkpt>
      <trkpt lat="45.749825997" lon="6.547454001">
        <ele>1562.95</ele>
      </trkpt>
      <trkpt lat="45.749597001" lon="6.547508">
        <ele>1560.82</ele>
      </trkpt>
      <trkpt lat="45.749420001" lon="6.547547003">
        <ele>1557.62</ele>
      </trkpt>
      <trkpt lat="45.749062996" lon="6.547637999">
        <ele>1555.54</ele>
      </trkpt>
      <trkpt lat="45.748900999" lon="6.547663995">
        <ele>1552.84</ele>
      </trkpt>
      <trkpt lat="45.748687001" lon="6.547712002">
        <ele>1551.23</ele>
      </trkpt>
      <trkpt lat="45.748606002" lon="6.547712002">
        <ele>1550.15</ele>
      </trkpt>
      <trkpt lat="45.748523" lon="6.547695998">
        <ele>1549.32</ele>
      </trkpt>
      <trkpt lat="45.748482003" lon="6.547674001">
        <ele>1549.25</ele>
      </trkpt>
      <trkpt lat="45.748428998" lon="6.547646006">
        <ele>1549.19</ele>
      </trkpt>
      <trkpt lat="45.748287004" lon="6.547564001">
        <ele>1548.21</ele>
      </trkpt>
      <trkpt lat="45.748214001" lon="6.547519">
        <ele>1547.35</ele>
      </trkpt>
      <trkpt lat="45.748160996" lon="6.547485005">
        <ele>1547.3</ele>
      </trkpt>
      <trkpt lat="45.748056005" lon="6.547468002">
        <ele>1545.7</ele>
      </trkpt>
      <trkpt lat="45.747954004" lon="6.547486005">
        <ele>1544.27</ele>
      </trkpt>
      <trkpt lat="45.747845001" lon="6.54752">
        <ele>1541.23</ele>
      </trkpt>
      <trkpt lat="45.747714997" lon="6.547588001">
        <ele>1539.98</ele>
      </trkpt>
      <trkpt lat="45.747603001" lon="6.547685007">
        <ele>1538.25</ele>
      </trkpt>
      <trkpt lat="45.747516998" lon="6.547803007">
        <ele>1537.52</ele>
      </trkpt>
      <trkpt lat="45.747465" lon="6.547918003">
        <ele>1536.8</ele>
      </trkpt>
      <trkpt lat="45.747433001" lon="6.548045998">
        <ele>1538.08</ele>
      </trkpt>
      <trkpt lat="45.747404995" lon="6.548250999">
        <ele>1537.03</ele>
      </trkpt>
      <trkpt lat="45.747370005" lon="6.548430997">
        <ele>1536.02</ele>
      </trkpt>
      <trkpt lat="45.747319001" lon="6.548582003">
        <ele>1535.05</ele>
      </trkpt>
      <trkpt lat="45.747237001" lon="6.548731995">
        <ele>1533.3</ele>
      </trkpt>
      <trkpt lat="45.747124998" lon="6.548876996">
        <ele>1531.93</ele>
      </trkpt>
      <trkpt lat="45.747054995" lon="6.548943993">
        <ele>1530.41</ele>
      </trkpt>
      <trkpt lat="45.746981998" lon="6.548995001">
        <ele>1528.84</ele>
      </trkpt>
      <trkpt lat="45.746825004" lon="6.549033004">
        <ele>1527.5</ele>
      </trkpt>
      <trkpt lat="45.746636" lon="6.549051002">
        <ele>1526.37</ele>
      </trkpt>
      <trkpt lat="45.746457001" lon="6.549067004">
        <ele>1525.3</ele>
      </trkpt>
      <trkpt lat="45.746382997" lon="6.549076991">
        <ele>1524.11</ele>
      </trkpt>
      <trkpt lat="45.746222997" lon="6.549126001">
        <ele>1522.97</ele>
      </trkpt>
      <trkpt lat="45.74599" lon="6.549216">
        <ele>1522.02</ele>
      </trkpt>
      <trkpt lat="45.745775005" lon="6.549322">
        <ele>1521.05</ele>
      </trkpt>
      <trkpt lat="45.745527997" lon="6.549444997">
        <ele>1520.14</ele>
      </trkpt>
      <trkpt lat="45.745346001" lon="6.549535">
        <ele>1519.89</ele>
      </trkpt>
      <trkpt lat="45.745227004" lon="6.549563996">
        <ele>1519.69</ele>
      </trkpt>
      <trkpt lat="45.745168003" lon="6.549556999">
        <ele>1518.91</ele>
      </trkpt>
      <trkpt lat="45.745069998" lon="6.549475001">
        <ele>1517.59</ele>
      </trkpt>
      <trkpt lat="45.744936998" lon="6.549337003">
        <ele>1516.66</ele>
      </trkpt>
      <trkpt lat="45.744804002" lon="6.549265001">
        <ele>1515.16</ele>
      </trkpt>
      <trkpt lat="45.744642996" lon="6.549222008">
        <ele>1513.78</ele>
      </trkpt>
      <trkpt lat="45.744511997" lon="6.549248006">
        <ele>1512.74</ele>
      </trkpt>
      <trkpt lat="45.744420999" lon="6.549290992">
        <ele>1512.05</ele>
      </trkpt>
      <trkpt lat="45.744383998" lon="6.549311004">
        <ele>1508.98</ele>
      </trkpt>
      <trkpt lat="45.744239003" lon="6.549453992">
        <ele>1505.84</ele>
      </trkpt>
      <trkpt lat="45.743986001" lon="6.549766997">
        <ele>1502.64</ele>
      </trkpt>
      <trkpt lat="45.743705003" lon="6.550115998">
        <ele>1500.02</ele>
      </trkpt>
      <trkpt lat="45.743418998" lon="6.550479995">
        <ele>1497.69</ele>
      </trkpt>
      <trkpt lat="45.743270005" lon="6.550662">
        <ele>1496.08</ele>
      </trkpt>
      <trkpt lat="45.743206996" lon="6.550736997">
        <ele>1494.54</ele>
      </trkpt>
      <trkpt lat="45.743127998" lon="6.550863995">
        <ele>1493.19</ele>
      </trkpt>
      <trkpt lat="45.743053004" lon="6.551034996">
        <ele>1490.88</ele>
      </trkpt>
      <trkpt lat="45.742988998" lon="6.551310995">
        <ele>1487.95</ele>
      </trkpt>
      <trkpt lat="45.742942004" lon="6.551584006">
        <ele>1486.66</ele>
      </trkpt>
      <trkpt lat="45.742921" lon="6.551811994">
        <ele>1485.33</ele>
      </trkpt>
      <trkpt lat="45.742927999" lon="6.551928001">
        <ele>1483.94</ele>
      </trkpt>
      <trkpt lat="45.742957999" lon="6.552106999">
        <ele>1482.52</ele>
      </trkpt>
      <trkpt lat="45.743011003" lon="6.552350005">
        <ele>1481.46</ele>
      </trkpt>
      <trkpt lat="45.743106001" lon="6.552813001">
        <ele>1480.15</ele>
      </trkpt>
      <trkpt lat="45.743149999" lon="6.553054001">
        <ele>1479.15</ele>
      </trkpt>
      <trkpt lat="45.743150998" lon="6.553181003">
        <ele>1477.88</ele>
      </trkpt>
      <trkpt lat="45.743146999" lon="6.553307002">
        <ele>1477.19</ele>
      </trkpt>
      <trkpt lat="45.743130001" lon="6.553458995">
        <ele>1476.24</ele>
      </trkpt>
      <trkpt lat="45.743088996" lon="6.553679993">
        <ele>1474.71</ele>
      </trkpt>
      <trkpt lat="45.743041001" lon="6.553963997">
        <ele>1473.33</ele>
      </trkpt>
      <trkpt lat="45.742974996" lon="6.554299999">
        <ele>1471.6</ele>
      </trkpt>
      <trkpt lat="45.742951999" lon="6.554563004">
        <ele>1470.11</ele>
      </trkpt>
      <trkpt lat="45.742963002" lon="6.554766002">
        <ele>1468.97</ele>
      </trkpt>
      <trkpt lat="45.742980999" lon="6.554855">
        <ele>1467.56</ele>
      </trkpt>
      <trkpt lat="45.743000997" lon="6.554968007">
        <ele>1466.14</ele>
      </trkpt>
      <trkpt lat="45.743066003" lon="6.555208996">
        <ele>1465.9</ele>
      </trkpt>
      <trkpt lat="45.743128998" lon="6.555485993">
        <ele>1464.39</ele>
      </trkpt>
      <trkpt lat="45.743157996" lon="6.555671997">
        <ele>1462.73</ele>
      </trkpt>
      <trkpt lat="45.743175997" lon="6.555932002">
        <ele>1461.82</ele>
      </trkpt>
      <trkpt lat="45.743183004" lon="6.556123003">
        <ele>1460.73</ele>
      </trkpt>
      <trkpt lat="45.743201996" lon="6.556278998">
        <ele>1458.13</ele>
      </trkpt>
      <trkpt lat="45.743227996" lon="6.556401997">
        <ele>1456.95</ele>
      </trkpt>
      <trkpt lat="45.743283999" lon="6.556555998">
        <ele>1455.56</ele>
      </trkpt>
      <trkpt lat="45.743385" lon="6.556714003">
        <ele>1454.49</ele>
      </trkpt>
      <trkpt lat="45.743501004" lon="6.556870991">
        <ele>1453.29</ele>
      </trkpt>
      <trkpt lat="45.743558994" lon="6.557000004">
        <ele>1452.66</ele>
      </trkpt>
      <trkpt lat="45.743617998" lon="6.557147994">
        <ele>1451.49</ele>
      </trkpt>
      <trkpt lat="45.74365" lon="6.557285002">
        <ele>1449.74</ele>
      </trkpt>
      <trkpt lat="45.743692003" lon="6.557461006">
        <ele>1447.95</ele>
      </trkpt>
      <trkpt lat="45.743759997" lon="6.557618008">
        <ele>1446.46</ele>
      </trkpt>
      <trkpt lat="45.743845002" lon="6.557745002">
        <ele>1445.15</ele>
      </trkpt>
      <trkpt lat="45.743923995" lon="6.557846003">
        <ele>1443.53</ele>
      </trkpt>
      <trkpt lat="45.743975999" lon="6.557957006">
        <ele>1443.62</ele>
      </trkpt>
      <trkpt lat="45.744003002" lon="6.558077009">
        <ele>1442.39</ele>
      </trkpt>
      <trkpt lat="45.744010999" lon="6.558204001">
        <ele>1440.11</ele>
      </trkpt>
      <trkpt lat="45.744008003" lon="6.558382002">
        <ele>1438.32</ele>
      </trkpt>
      <trkpt lat="45.743985994" lon="6.558582003">
        <ele>1437.69</ele>
      </trkpt>
      <trkpt lat="45.743999997" lon="6.558754004">
        <ele>1436.82</ele>
      </trkpt>
      <trkpt lat="45.744038005" lon="6.558935998">
        <ele>1436.91</ele>
      </trkpt>
      <trkpt lat="45.744098999" lon="6.559044003">
        <ele>1438.1</ele>
      </trkpt>
      <trkpt lat="45.744162997" lon="6.559114004">
        <ele>1438.99</ele>
      </trkpt>
      <trkpt lat="45.744197997" lon="6.559166005">
        <ele>1438.91</ele>
      </trkpt>
      <trkpt lat="45.744208001" lon="6.559202003">
        <ele>1438.44</ele>
      </trkpt>
      <trkpt lat="45.744211997" lon="6.559252998">
        <ele>1437.74</ele>
      </trkpt>
      <trkpt lat="45.744208003" lon="6.559291003">
        <ele>1436.87</ele>
      </trkpt>
      <trkpt lat="45.744200002" lon="6.559325995">
        <ele>1435.79</ele>
      </trkpt>
      <trkpt lat="45.744185998" lon="6.559356996">
        <ele>1434.71</ele>
      </trkpt>
      <trkpt lat="45.744140999" lon="6.559372996">
        <ele>1433.83</ele>
      </trkpt>
      <trkpt lat="45.744097002" lon="6.559364999">
        <ele>1432.67</ele>
      </trkpt>
      <trkpt lat="45.744056999" lon="6.559312997">
        <ele>1431.61</ele>
      </trkpt>
      <trkpt lat="45.744010999" lon="6.559204001">
        <ele>1430.98</ele>
      </trkpt>
      <trkpt lat="45.743889" lon="6.558860998">
        <ele>1430.7</ele>
      </trkpt>
      <trkpt lat="45.743761994" lon="6.558477004">
        <ele>1430.85</ele>
      </trkpt>
      <trkpt lat="45.743669002" lon="6.558247003">
        <ele>1431.09</ele>
      </trkpt>
      <trkpt lat="45.743589996" lon="6.558168995">
        <ele>1431.81</ele>
      </trkpt>
      <trkpt lat="45.743476001" lon="6.558126005">
        <ele>1431.72</ele>
      </trkpt>
      <trkpt lat="45.743433" lon="6.558114996">
        <ele>1430.42</ele>
      </trkpt>
      <trkpt lat="45.743317999" lon="6.558090995">
        <ele>1427.79</ele>
      </trkpt>
      <trkpt lat="45.743032995" lon="6.558040997">
        <ele>1425.24</ele>
      </trkpt>
      <trkpt lat="45.742798001" lon="6.557962999">
        <ele>1422.25</ele>
      </trkpt>
      <trkpt lat="45.742715001" lon="6.557899">
        <ele>1420.82</ele>
      </trkpt>
      <trkpt lat="45.742658998" lon="6.557817004">
        <ele>1419.98</ele>
      </trkpt>
      <trkpt lat="45.742589002" lon="6.557725996">
        <ele>1419.48</ele>
      </trkpt>
      <trkpt lat="45.742506994" lon="6.557647991">
        <ele>1419.38</ele>
      </trkpt>
      <trkpt lat="45.742425999" lon="6.557600999">
        <ele>1418.61</ele>
      </trkpt>
      <trkpt lat="45.742298001" lon="6.557543">
        <ele>1416.66</ele>
      </trkpt>
      <trkpt lat="45.742160003" lon="6.557430003">
        <ele>1415.75</ele>
      </trkpt>
      <trkpt lat="45.742041002" lon="6.557277999">
        <ele>1415.35</ele>
      </trkpt>
      <trkpt lat="45.741929998" lon="6.557044003">
        <ele>1414.51</ele>
      </trkpt>
      <trkpt lat="45.741823001" lon="6.556750994">
        <ele>1414.53</ele>
      </trkpt>
      <trkpt lat="45.741739998" lon="6.556475997">
        <ele>1414.82</ele>
      </trkpt>
      <trkpt lat="45.741702" lon="6.556391004">
        <ele>1414.48</ele>
      </trkpt>
      <trkpt lat="45.741656001" lon="6.556357005">
        <ele>1414.05</ele>
      </trkpt>
      <trkpt lat="45.741614001" lon="6.556356001">
        <ele>1413.74</ele>
      </trkpt>
      <trkpt lat="45.741573" lon="6.556375003">
        <ele>1413.26</ele>
      </trkpt>
      <trkpt lat="45.741567001" lon="6.556462003">
        <ele>1412.56</ele>
      </trkpt>
      <trkpt lat="45.741593" lon="6.556589003">
        <ele>1411.59</ele>
      </trkpt>
      <trkpt lat="45.741642004" lon="6.556738004">
        <ele>1410.73</ele>
      </trkpt>
      <trkpt lat="45.741659998" lon="6.556893004">
        <ele>1409.67</ele>
      </trkpt>
      <trkpt lat="45.741679994" lon="6.557061997">
        <ele>1408.32</ele>
      </trkpt>
      <trkpt lat="45.741689997" lon="6.557224001">
        <ele>1406.87</ele>
      </trkpt>
      <trkpt lat="45.741709994" lon="6.557525994">
        <ele>1405.48</ele>
      </trkpt>
      <trkpt lat="45.741753" lon="6.557751003">
        <ele>1404.05</ele>
      </trkpt>
      <trkpt lat="45.741795999" lon="6.557897997">
        <ele>1402.99</ele>
      </trkpt>
      <trkpt lat="45.741867003" lon="6.558060995">
        <ele>1402.15</ele>
      </trkpt>
      <trkpt lat="45.741960001" lon="6.558238">
        <ele>1401.56</ele>
      </trkpt>
      <trkpt lat="45.741999998" lon="6.558353003">
        <ele>1400.98</ele>
      </trkpt>
      <trkpt lat="45.742013004" lon="6.558414992">
        <ele>1400.35</ele>
      </trkpt>
      <trkpt lat="45.742025998" lon="6.558563002">
        <ele>1399.54</ele>
      </trkpt>
      <trkpt lat="45.742027996" lon="6.558674992">
        <ele>1398.63</ele>
      </trkpt>
      <trkpt lat="45.742036002" lon="6.558764003">
        <ele>1397.83</ele>
      </trkpt>
      <trkpt lat="45.742071004" lon="6.558897004">
        <ele>1396.88</ele>
      </trkpt>
      <trkpt lat="45.742085004" lon="6.559006008">
        <ele>1395.91</ele>
      </trkpt>
      <trkpt lat="45.742084005" lon="6.559107003">
        <ele>1394.59</ele>
      </trkpt>
      <trkpt lat="45.742074997" lon="6.559197004">
        <ele>1393.28</ele>
      </trkpt>
      <trkpt lat="45.742085004" lon="6.559315998">
        <ele>1392.01</ele>
      </trkpt>
      <trkpt lat="45.742110001" lon="6.559422994">
        <ele>1390.82</ele>
      </trkpt>
      <trkpt lat="45.742172003" lon="6.559574999">
        <ele>1389.65</ele>
      </trkpt>
      <trkpt lat="45.742294002" lon="6.559826009">
        <ele>1389.2</ele>
      </trkpt>
      <trkpt lat="45.742410001" lon="6.560034999">
        <ele>1388.02</ele>
      </trkpt>
      <trkpt lat="45.74255" lon="6.560204996">
        <ele>1387.23</ele>
      </trkpt>
      <trkpt lat="45.742671003" lon="6.560352">
        <ele>1387.15</ele>
      </trkpt>
      <trkpt lat="45.742786002" lon="6.560506999">
        <ele>1386.21</ele>
      </trkpt>
      <trkpt lat="45.742863998" lon="6.560646006">
        <ele>1384.8</ele>
      </trkpt>
      <trkpt lat="45.742908" lon="6.560752001">
        <ele>1384.09</ele>
      </trkpt>
      <trkpt lat="45.742944" lon="6.560891006">
        <ele>1382.55</ele>
      </trkpt>
      <trkpt lat="45.742968005" lon="6.561065001">
        <ele>1380.28</ele>
      </trkpt>
      <trkpt lat="45.742992002" lon="6.561392997">
        <ele>1378.76</ele>
      </trkpt>
      <trkpt lat="45.743024004" lon="6.561607997">
        <ele>1377.23</ele>
      </trkpt>
      <trkpt lat="45.743067999" lon="6.561818004">
        <ele>1375.77</ele>
      </trkpt>
      <trkpt lat="45.743136998" lon="6.562044003">
        <ele>1374.27</ele>
      </trkpt>
      <trkpt lat="45.743252" lon="6.562417005">
        <ele>1373.08</ele>
      </trkpt>
      <trkpt lat="45.743335997" lon="6.562712">
        <ele>1371.93</ele>
      </trkpt>
      <trkpt lat="45.743348997" lon="6.562897004">
        <ele>1370.98</ele>
      </trkpt>
      <trkpt lat="45.743332006" lon="6.563035001">
        <ele>1370.3</ele>
      </trkpt>
      <trkpt lat="45.743310998" lon="6.563116994">
        <ele>1369.9</ele>
      </trkpt>
      <trkpt lat="45.743261005" lon="6.563203992">
        <ele>1369.98</ele>
      </trkpt>
      <trkpt lat="45.743164998" lon="6.563306007">
        <ele>1370.64</ele>
      </trkpt>
      <trkpt lat="45.742919" lon="6.563495999">
        <ele>1371.39</ele>
      </trkpt>
      <trkpt lat="45.742749003" lon="6.563632004">
        <ele>1371.89</ele>
      </trkpt>
      <trkpt lat="45.742727998" lon="6.563666002">
        <ele>1370.61</ele>
      </trkpt>
      <trkpt lat="45.742671004" lon="6.563764005">
        <ele>1370.04</ele>
      </trkpt>
      <trkpt lat="45.742632006" lon="6.563935997">
        <ele>1368.6</ele>
      </trkpt>
      <trkpt lat="45.742636999" lon="6.56406">
        <ele>1367.21</ele>
      </trkpt>
      <trkpt lat="45.742652999" lon="6.564187996">
        <ele>1364.69</ele>
      </trkpt>
      <trkpt lat="45.742728003" lon="6.564381002">
        <ele>1363.85</ele>
      </trkpt>
      <trkpt lat="45.742946997" lon="6.564869">
        <ele>1362.01</ele>
      </trkpt>
      <trkpt lat="45.743099998" lon="6.565178003">
        <ele>1360.28</ele>
      </trkpt>
      <trkpt lat="45.743252999" lon="6.565486995">
        <ele>1357.38</ele>
      </trkpt>
      <trkpt lat="45.743421998" lon="6.565805995">
        <ele>1355.29</ele>
      </trkpt>
      <trkpt lat="45.743511995" lon="6.566044995">
        <ele>1353.39</ele>
      </trkpt>
      <trkpt lat="45.743588002" lon="6.566226999">
        <ele>1350.34</ele>
      </trkpt>
      <trkpt lat="45.74367" lon="6.566449005">
        <ele>1348.32</ele>
      </trkpt>
      <trkpt lat="45.743799997" lon="6.566676994">
        <ele>1346.56</ele>
      </trkpt>
      <trkpt lat="45.743960997" lon="6.566909998">
        <ele>1345.34</ele>
      </trkpt>
      <trkpt lat="45.744122" lon="6.567110998">
        <ele>1344.17</ele>
      </trkpt>
      <trkpt lat="45.744233997" lon="6.567264007">
        <ele>1343.97</ele>
      </trkpt>
      <trkpt lat="45.744305997" lon="6.567395997">
        <ele>1343.14</ele>
      </trkpt>
      <trkpt lat="45.744389998" lon="6.567538997">
        <ele>1343.14</ele>
      </trkpt>
      <trkpt lat="45.744442998" lon="6.567645004">
        <ele>1343.04</ele>
      </trkpt>
      <trkpt lat="45.744487" lon="6.567735997">
        <ele>1342.9</ele>
      </trkpt>
      <trkpt lat="45.744558003" lon="6.567871001">
        <ele>1343.18</ele>
      </trkpt>
      <trkpt lat="45.744582996" lon="6.567941996">
        <ele>1343.4</ele>
      </trkpt>
      <trkpt lat="45.744606997" lon="6.568007004">
        <ele>1342.67</ele>
      </trkpt>
      <trkpt lat="45.744634006" lon="6.568149004">
        <ele>1341.86</ele>
      </trkpt>
      <trkpt lat="45.744633004" lon="6.568286001">
        <ele>1340.98</ele>
      </trkpt>
      <trkpt lat="45.744620003" lon="6.568425005">
        <ele>1339.29</ele>
      </trkpt>
      <trkpt lat="45.744596995" lon="6.568587991">
        <ele>1337.25</ele>
      </trkpt>
      <trkpt lat="45.744579003" lon="6.568701">
        <ele>1335.77</ele>
      </trkpt>
      <trkpt lat="45.744556002" lon="6.568794">
        <ele>1333.64</ele>
      </trkpt>
      <trkpt lat="45.744535998" lon="6.568884001">
        <ele>1332.1</ele>
      </trkpt>
      <trkpt lat="45.744519001" lon="6.569048997">
        <ele>1330.61</ele>
      </trkpt>
      <trkpt lat="45.744529999" lon="6.569188997">
        <ele>1329.48</ele>
      </trkpt>
      <trkpt lat="45.744570997" lon="6.569325">
        <ele>1327.35</ele>
      </trkpt>
      <trkpt lat="45.744734996" lon="6.569643001">
        <ele>1325.93</ele>
      </trkpt>
      <trkpt lat="45.744964004" lon="6.570002001">
        <ele>1323.73</ele>
      </trkpt>
      <trkpt lat="45.745169002" lon="6.570250996">
        <ele>1322.25</ele>
      </trkpt>
      <trkpt lat="45.745365002" lon="6.570373999">
        <ele>1318.8</ele>
      </trkpt>
      <trkpt lat="45.745617999" lon="6.570553009">
        <ele>1319.19</ele>
      </trkpt>
      <trkpt lat="45.746006004" lon="6.570816991">
        <ele>1317.73</ele>
      </trkpt>
      <trkpt lat="45.746235997" lon="6.570994004">
        <ele>1317.9</ele>
      </trkpt>
      <trkpt lat="45.746466003" lon="6.571171997">
        <ele>1316.42</ele>
      </trkpt>
      <trkpt lat="45.746832998" lon="6.571471993">
        <ele>1315.89</ele>
      </trkpt>
      <trkpt lat="45.747006998" lon="6.571624997">
        <ele>1316.46</ele>
      </trkpt>
      <trkpt lat="45.747183998" lon="6.571758999">
        <ele>1316.61</ele>
      </trkpt>
      <trkpt lat="45.747352002" lon="6.57186">
        <ele>1313.38</ele>
      </trkpt>
      <trkpt lat="45.747465996" lon="6.571947003">
        <ele>1311.39</ele>
      </trkpt>
      <trkpt lat="45.747535005" lon="6.572027004">
        <ele>1310.31</ele>
      </trkpt>
      <trkpt lat="45.747578999" lon="6.572115006">
        <ele>1305.31</ele>
      </trkpt>
      <trkpt lat="45.747618004" lon="6.572236997">
        <ele>1302.57</ele>
      </trkpt>
      <trkpt lat="45.747705997" lon="6.572411997">
        <ele>1300.57</ele>
      </trkpt>
      <trkpt lat="45.747868998" lon="6.572662006">
        <ele>1299.36</ele>
      </trkpt>
      <trkpt lat="45.748020002" lon="6.572874996">
        <ele>1296.17</ele>
      </trkpt>
      <trkpt lat="45.748149002" lon="6.573057002">
        <ele>1293.2</ele>
      </trkpt>
      <trkpt lat="45.748322003" lon="6.573280996">
        <ele>1290.03</ele>
      </trkpt>
      <trkpt lat="45.748523005" lon="6.573506005">
        <ele>1287.77</ele>
      </trkpt>
      <trkpt lat="45.748703996" lon="6.573729">
        <ele>1285.26</ele>
      </trkpt>
      <trkpt lat="45.748781997" lon="6.573805995">
        <ele>1284.8</ele>
      </trkpt>
      <trkpt lat="45.748882996" lon="6.573912997">
        <ele>1283.48</ele>
      </trkpt>
      <trkpt lat="45.749045998" lon="6.574058002">
        <ele>1280.7</ele>
      </trkpt>
      <trkpt lat="45.749200002" lon="6.574211001">
        <ele>1278.28</ele>
      </trkpt>
      <trkpt lat="45.749326003" lon="6.574365009">
        <ele>1275.3</ele>
      </trkpt>
      <trkpt lat="45.749410002" lon="6.574493007">
        <ele>1272.39</ele>
      </trkpt>
      <trkpt lat="45.749489006" lon="6.574608001">
        <ele>1270.42</ele>
      </trkpt>
      <trkpt lat="45.749511995" lon="6.574643995">
        <ele>1270.21</ele>
      </trkpt>
      <trkpt lat="45.749559996" lon="6.574723004">
        <ele>1270.36</ele>
      </trkpt>
      <trkpt lat="45.749635002" lon="6.574831005">
        <ele>1269.31</ele>
      </trkpt>
      <trkpt lat="45.749697002" lon="6.574882992">
        <ele>1269.54</ele>
      </trkpt>
      <trkpt lat="45.749778004" lon="6.574928999">
        <ele>1266.79</ele>
      </trkpt>
      <trkpt lat="45.749853001" lon="6.574955998">
        <ele>1265.47</ele>
      </trkpt>
      <trkpt lat="45.749894004" lon="6.574970008">
        <ele>1264.97</ele>
      </trkpt>
      <trkpt lat="45.750008003" lon="6.575041996">
        <ele>1263.66</ele>
      </trkpt>
      <trkpt lat="45.750088002" lon="6.575129">
        <ele>1260.68</ele>
      </trkpt>
      <trkpt lat="45.750185002" lon="6.575289002">
        <ele>1260.75</ele>
      </trkpt>
      <trkpt lat="45.750259995" lon="6.575451998">
        <ele>1258.28</ele>
      </trkpt>
      <trkpt lat="45.750371001" lon="6.575621999">
        <ele>1255.38</ele>
      </trkpt>
      <trkpt lat="45.750485002" lon="6.575778005">
        <ele>1254.93</ele>
      </trkpt>
      <trkpt lat="45.750573999" lon="6.575878005">
        <ele>1255.3</ele>
      </trkpt>
      <trkpt lat="45.750622002" lon="6.575918002">
        <ele>1254.8</ele>
      </trkpt>
      <trkpt lat="45.750669" lon="6.575948998">
        <ele>1256.15</ele>
      </trkpt>
      <trkpt lat="45.750743" lon="6.575983004">
        <ele>1257.34</ele>
      </trkpt>
      <trkpt lat="45.750808999" lon="6.575995002">
        <ele>1258.6</ele>
      </trkpt>
      <trkpt lat="45.750853001" lon="6.576">
        <ele>1259.99</ele>
      </trkpt>
      <trkpt lat="45.750893996" lon="6.576007998">
        <ele>1260.67</ele>
      </trkpt>
      <trkpt lat="45.750945998" lon="6.576035004">
        <ele>1261.12</ele>
      </trkpt>
      <trkpt lat="45.750996999" lon="6.576069994">
        <ele>1259.37</ele>
      </trkpt>
      <trkpt lat="45.751046" lon="6.576118001">
        <ele>1257.05</ele>
      </trkpt>
      <trkpt lat="45.751095001" lon="6.576189004">
        <ele>1254</ele>
      </trkpt>
      <trkpt lat="45.751284001" lon="6.576438997">
        <ele>1252.55</ele>
      </trkpt>
      <trkpt lat="45.751404994" lon="6.576606998">
        <ele>1250.59</ele>
      </trkpt>
      <trkpt lat="45.751452002" lon="6.576685998">
        <ele>1250.43</ele>
      </trkpt>
      <trkpt lat="45.751484006" lon="6.576738995">
        <ele>1250.08</ele>
      </trkpt>
      <trkpt lat="45.751518997" lon="6.576795006">
        <ele>1249.79</ele>
      </trkpt>
      <trkpt lat="45.751543001" lon="6.576849005">
        <ele>1249.46</ele>
      </trkpt>
      <trkpt lat="45.751561" lon="6.576909002">
        <ele>1249.91</ele>
      </trkpt>
      <trkpt lat="45.751571999" lon="6.576951008">
        <ele>1249.98</ele>
      </trkpt>
      <trkpt lat="45.751576995" lon="6.577014">
        <ele>1249.98</ele>
      </trkpt>
      <trkpt lat="45.751577999" lon="6.577066999">
        <ele>1249.82</ele>
      </trkpt>
      <trkpt lat="45.751582006" lon="6.577136996">
        <ele>1249.5</ele>
      </trkpt>
      <trkpt lat="45.751583001" lon="6.577189995">
        <ele>1248.09</ele>
      </trkpt>
      <trkpt lat="45.751585002" lon="6.577239994">
        <ele>1246.75</ele>
      </trkpt>
      <trkpt lat="45.751588003" lon="6.577293998">
        <ele>1245.52</ele>
      </trkpt>
      <trkpt lat="45.751591997" lon="6.577336002">
        <ele>1244.65</ele>
      </trkpt>
      <trkpt lat="45.751596999" lon="6.577386002">
        <ele>1243.91</ele>
      </trkpt>
      <trkpt lat="45.751602004" lon="6.577424002">
        <ele>1243.4</ele>
      </trkpt>
      <trkpt lat="45.751612002" lon="6.577466008">
        <ele>1243.09</ele>
      </trkpt>
      <trkpt lat="45.751627999" lon="6.577503007">
        <ele>1243.14</ele>
      </trkpt>
      <trkpt lat="45.751647996" lon="6.577534999">
        <ele>1243.26</ele>
      </trkpt>
      <trkpt lat="45.751679004" lon="6.577563996">
        <ele>1243.71</ele>
      </trkpt>
      <trkpt lat="45.751708999" lon="6.577581995">
        <ele>1244.47</ele>
      </trkpt>
      <trkpt lat="45.751742994" lon="6.577593004">
        <ele>1244.76</ele>
      </trkpt>
      <trkpt lat="45.751782001" lon="6.577601994">
        <ele>1245.12</ele>
      </trkpt>
      <trkpt lat="45.751813994" lon="6.577613002">
        <ele>1245.44</ele>
      </trkpt>
      <trkpt lat="45.751842003" lon="6.577626006">
        <ele>1245.57</ele>
      </trkpt>
      <trkpt lat="45.751864999" lon="6.577647003">
        <ele>1245.4</ele>
      </trkpt>
      <trkpt lat="45.751879" lon="6.577679006">
        <ele>1245.61</ele>
      </trkpt>
      <trkpt lat="45.751887999" lon="6.577713003">
        <ele>1245.48</ele>
      </trkpt>
      <trkpt lat="45.751888998" lon="6.577748001">
        <ele>1245.04</ele>
      </trkpt>
      <trkpt lat="45.751882005" lon="6.577785996">
        <ele>1244.27</ele>
      </trkpt>
      <trkpt lat="45.751866996" lon="6.577807004">
        <ele>1243.35</ele>
      </trkpt>
      <trkpt lat="45.751836002" lon="6.577825007">
        <ele>1242.27</ele>
      </trkpt>
      <trkpt lat="45.751800004" lon="6.577825997">
        <ele>1241.05</ele>
      </trkpt>
      <trkpt lat="45.751757996" lon="6.577816993">
        <ele>1239.69</ele>
      </trkpt>
      <trkpt lat="45.751705" lon="6.577801997">
        <ele>1238.39</ele>
      </trkpt>
      <trkpt lat="45.751645002" lon="6.577776994">
        <ele>1236.99</ele>
      </trkpt>
      <trkpt lat="45.751592004" lon="6.577748994">
        <ele>1235.27</ele>
      </trkpt>
      <trkpt lat="45.751544" lon="6.577725">
        <ele>1233.88</ele>
      </trkpt>
      <trkpt lat="45.751500998" lon="6.577697003">
        <ele>1232.9</ele>
      </trkpt>
      <trkpt lat="45.751461006" lon="6.577657999">
        <ele>1232.29</ele>
      </trkpt>
      <trkpt lat="45.751426004" lon="6.577608">
        <ele>1232.07</ele>
      </trkpt>
      <trkpt lat="45.751397998" lon="6.57756">
        <ele>1232.61</ele>
      </trkpt>
      <trkpt lat="45.751367997" lon="6.577498994">
        <ele>1232.35</ele>
      </trkpt>
      <trkpt lat="45.751353002" lon="6.577447999">
        <ele>1232.57</ele>
      </trkpt>
      <trkpt lat="45.751334998" lon="6.577368005">
        <ele>1233.13</ele>
      </trkpt>
      <trkpt lat="45.751310998" lon="6.577272995">
        <ele>1233.99</ele>
      </trkpt>
      <trkpt lat="45.751291" lon="6.577199002">
        <ele>1233.09</ele>
      </trkpt>
      <trkpt lat="45.751270999" lon="6.577121995">
        <ele>1233.03</ele>
      </trkpt>
      <trkpt lat="45.751249002" lon="6.577064997">
        <ele>1234.28</ele>
      </trkpt>
      <trkpt lat="45.751226005" lon="6.577024995">
        <ele>1234.55</ele>
      </trkpt>
      <trkpt lat="45.751188998" lon="6.576971996">
        <ele>1233.68</ele>
      </trkpt>
      <trkpt lat="45.751138998" lon="6.576918">
        <ele>1233.7</ele>
      </trkpt>
      <trkpt lat="45.751077" lon="6.576861992">
        <ele>1235.57</ele>
      </trkpt>
      <trkpt lat="45.751011" lon="6.576805996">
        <ele>1234.97</ele>
      </trkpt>
      <trkpt lat="45.750949003" lon="6.576768993">
        <ele>1234.32</ele>
      </trkpt>
      <trkpt lat="45.750895995" lon="6.576747006">
        <ele>1233.65</ele>
      </trkpt>
      <trkpt lat="45.750843005" lon="6.576724995">
        <ele>1233.26</ele>
      </trkpt>
      <trkpt lat="45.750785001" lon="6.576711003">
        <ele>1230.4</ele>
      </trkpt>
      <trkpt lat="45.750749999" lon="6.576714995">
        <ele>1230</ele>
      </trkpt>
      <trkpt lat="45.750706003" lon="6.576726001">
        <ele>1229.7</ele>
      </trkpt>
      <trkpt lat="45.750662006" lon="6.576749007">
        <ele>1229.58</ele>
      </trkpt>
      <trkpt lat="45.750612997" lon="6.576765998">
        <ele>1229.35</ele>
      </trkpt>
      <trkpt lat="45.750559998" lon="6.576767008">
        <ele>1229.06</ele>
      </trkpt>
      <trkpt lat="45.750500994" lon="6.576757007">
        <ele>1227.19</ele>
      </trkpt>
      <trkpt lat="45.750433" lon="6.576732004">
        <ele>1225.74</ele>
      </trkpt>
      <trkpt lat="45.750280003" lon="6.576688002">
        <ele>1224.02</ele>
      </trkpt>
      <trkpt lat="45.750116998" lon="6.576627001">
        <ele>1222.36</ele>
      </trkpt>
      <trkpt lat="45.749937998" lon="6.576539998">
        <ele>1220.96</ele>
      </trkpt>
      <trkpt lat="45.749776998" lon="6.576454997">
        <ele>1218.96</ele>
      </trkpt>
      <trkpt lat="45.749683002" lon="6.576414006">
        <ele>1216.62</ele>
      </trkpt>
      <trkpt lat="45.749608" lon="6.576389991">
        <ele>1214.79</ele>
      </trkpt>
      <trkpt lat="45.749444004" lon="6.576350005">
        <ele>1213.39</ele>
      </trkpt>
      <trkpt lat="45.749375001" lon="6.576326996">
        <ele>1211.82</ele>
      </trkpt>
      <trkpt lat="45.749277997" lon="6.576289004">
        <ele>1210.76</ele>
      </trkpt>
      <trkpt lat="45.749135997" lon="6.576241004">
        <ele>1209.49</ele>
      </trkpt>
      <trkpt lat="45.748939998" lon="6.576146002">
        <ele>1208.06</ele>
      </trkpt>
      <trkpt lat="45.748846003" lon="6.576097003">
        <ele>1207.82</ele>
      </trkpt>
      <trkpt lat="45.748781" lon="6.576057001">
        <ele>1208.05</ele>
      </trkpt>
      <trkpt lat="45.748735999" lon="6.576019002">
        <ele>1207.61</ele>
      </trkpt>
      <trkpt lat="45.748729001" lon="6.576013991">
        <ele>1207.49</ele>
      </trkpt>
      <trkpt lat="45.748667004" lon="6.575948008">
        <ele>1207.58</ele>
      </trkpt>
      <trkpt lat="45.748618998" lon="6.575883999">
        <ele>1206.21</ele>
      </trkpt>
      <trkpt lat="45.748576002" lon="6.575822002">
        <ele>1206.02</ele>
      </trkpt>
      <trkpt lat="45.748520997" lon="6.575752995">
        <ele>1205.91</ele>
      </trkpt>
      <trkpt lat="45.748470999" lon="6.575708004">
        <ele>1205.5</ele>
      </trkpt>
      <trkpt lat="45.748373006" lon="6.575658001">
        <ele>1205.1</ele>
      </trkpt>
      <trkpt lat="45.748229001" lon="6.575608998">
        <ele>1204.74</ele>
      </trkpt>
      <trkpt lat="45.748041998" lon="6.575532994">
        <ele>1202.85</ele>
      </trkpt>
      <trkpt lat="45.747838002" lon="6.575464993">
        <ele>1201.1</ele>
      </trkpt>
      <trkpt lat="45.747724998" lon="6.575431002">
        <ele>1199.67</ele>
      </trkpt>
      <trkpt lat="45.747644002" lon="6.575399005">
        <ele>1198.03</ele>
      </trkpt>
      <trkpt lat="45.747554004" lon="6.575357001">
        <ele>1196.59</ele>
      </trkpt>
      <trkpt lat="45.747409997" lon="6.575287">
        <ele>1195.1</ele>
      </trkpt>
      <trkpt lat="45.747399006" lon="6.575279993">
        <ele>1193.53</ele>
      </trkpt>
      <trkpt lat="45.747192002" lon="6.575167007">
        <ele>1191.54</ele>
      </trkpt>
      <trkpt lat="45.746978006" lon="6.575044003">
        <ele>1189.55</ele>
      </trkpt>
      <trkpt lat="45.746873002" lon="6.574981999">
        <ele>1188.25</ele>
      </trkpt>
      <trkpt lat="45.746805995" lon="6.574934995">
        <ele>1187.43</ele>
      </trkpt>
      <trkpt lat="45.746742003" lon="6.574885006">
        <ele>1186.96</ele>
      </trkpt>
      <trkpt lat="45.746699" lon="6.574837998">
        <ele>1187.22</ele>
      </trkpt>
      <trkpt lat="45.746645998" lon="6.574777995">
        <ele>1187.98</ele>
      </trkpt>
      <trkpt lat="45.746599001" lon="6.574709999">
        <ele>1187.92</ele>
      </trkpt>
      <trkpt lat="45.746542005" lon="6.574627001">
        <ele>1188.94</ele>
      </trkpt>
      <trkpt lat="45.746499005" lon="6.574534995">
        <ele>1189.86</ele>
      </trkpt>
      <trkpt lat="45.746466002" lon="6.574440997">
        <ele>1190.67</ele>
      </trkpt>
      <trkpt lat="45.746436004" lon="6.574379007">
        <ele>1191.31</ele>
      </trkpt>
      <trkpt lat="45.746410004" lon="6.574317997">
        <ele>1191.91</ele>
      </trkpt>
      <trkpt lat="45.746385" lon="6.574280998">
        <ele>1191.14</ele>
      </trkpt>
      <trkpt lat="45.746347001" lon="6.574252996">
        <ele>1190.18</ele>
      </trkpt>
      <trkpt lat="45.746314996" lon="6.574255998">
        <ele>1189.51</ele>
      </trkpt>
      <trkpt lat="45.746282003" lon="6.574265992">
        <ele>1188.81</ele>
      </trkpt>
      <trkpt lat="45.746191999" lon="6.574339002">
        <ele>1187.94</ele>
      </trkpt>
      <trkpt lat="45.746158004" lon="6.574297006">
        <ele>1188.14</ele>
      </trkpt>
      <trkpt lat="45.746075003" lon="6.574212005">
        <ele>1188.35</ele>
      </trkpt>
      <trkpt lat="45.745954003" lon="6.574067999">
        <ele>1189.56</ele>
      </trkpt>
      <trkpt lat="45.745799999" lon="6.573884007">
        <ele>1190.4</ele>
      </trkpt>
      <trkpt lat="45.745610998" lon="6.573646999">
        <ele>1190.95</ele>
      </trkpt>
      <trkpt lat="45.745547996" lon="6.573577996">
        <ele>1192.8</ele>
      </trkpt>
      <trkpt lat="45.745451002" lon="6.573447004">
        <ele>1194.31</ele>
      </trkpt>
      <trkpt lat="45.745263003" lon="6.573221008">
        <ele>1195.64</ele>
      </trkpt>
      <trkpt lat="45.745147002" lon="6.573066">
        <ele>1196.19</ele>
      </trkpt>
      <trkpt lat="45.745031998" lon="6.572963998">
        <ele>1202.01</ele>
      </trkpt>
      <trkpt lat="45.744897003" lon="6.572840001">
        <ele>1203.65</ele>
      </trkpt>
      <trkpt lat="45.744766998" lon="6.572743995">
        <ele>1206.81</ele>
      </trkpt>
      <trkpt lat="45.744603999" lon="6.572608005">
        <ele>1209.28</ele>
      </trkpt>
      <trkpt lat="45.744450002" lon="6.572454998">
        <ele>1213.5</ele>
      </trkpt>
      <trkpt lat="45.744319003" lon="6.572346003">
        <ele>1212.65</ele>
      </trkpt>
      <trkpt lat="45.744250999" lon="6.572266998">
        <ele>1215.64</ele>
      </trkpt>
      <trkpt lat="45.744121996" lon="6.572125999">
        <ele>1217.16</ele>
      </trkpt>
      <trkpt lat="45.743950997" lon="6.571949996">
        <ele>1216.71</ele>
      </trkpt>
      <trkpt lat="45.743711999" lon="6.571753994">
        <ele>1215.74</ele>
      </trkpt>
      <trkpt lat="45.743532998" lon="6.571584995">
        <ele>1215.64</ele>
      </trkpt>
      <trkpt lat="45.743431999" lon="6.571492994">
        <ele>1214.19</ele>
      </trkpt>
      <trkpt lat="45.743351001" lon="6.571376009">
        <ele>1212.96</ele>
      </trkpt>
      <trkpt lat="45.743293003" lon="6.571256006">
        <ele>1215.56</ele>
      </trkpt>
      <trkpt lat="45.743204002" lon="6.571031996">
        <ele>1217.73</ele>
      </trkpt>
      <trkpt lat="45.743142005" lon="6.570917">
        <ele>1218.94</ele>
      </trkpt>
      <trkpt lat="45.743092002" lon="6.570865001">
        <ele>1219.36</ele>
      </trkpt>
      <trkpt lat="45.742857003" lon="6.570847997">
        <ele>1219.79</ele>
      </trkpt>
      <trkpt lat="45.742796997" lon="6.570838004">
        <ele>1217.75</ele>
      </trkpt>
      <trkpt lat="45.742736997" lon="6.570817003">
        <ele>1216.02</ele>
      </trkpt>
      <trkpt lat="45.742674998" lon="6.570784004">
        <ele>1214.79</ele>
      </trkpt>
      <trkpt lat="45.742587002" lon="6.570727992">
        <ele>1214.15</ele>
      </trkpt>
      <trkpt lat="45.742469" lon="6.570648001">
        <ele>1213.31</ele>
      </trkpt>
      <trkpt lat="45.742349001" lon="6.570572992">
        <ele>1212.29</ele>
      </trkpt>
      <trkpt lat="45.742226004" lon="6.570504998">
        <ele>1211.31</ele>
      </trkpt>
      <trkpt lat="45.742086998" lon="6.570432997">
        <ele>1212.67</ele>
      </trkpt>
      <trkpt lat="45.741872998" lon="6.570333003">
        <ele>1212.73</ele>
      </trkpt>
      <trkpt lat="45.741697995" lon="6.570261998">
        <ele>1212.24</ele>
      </trkpt>
      <trkpt lat="45.741443994" lon="6.570137998">
        <ele>1211.64</ele>
      </trkpt>
      <trkpt lat="45.741185003" lon="6.569985999">
        <ele>1210.85</ele>
      </trkpt>
      <trkpt lat="45.740996003" lon="6.569858001">
        <ele>1206.82</ele>
      </trkpt>
      <trkpt lat="45.740829995" lon="6.569677999">
        <ele>1203.99</ele>
      </trkpt>
      <trkpt lat="45.740645998" lon="6.569406">
        <ele>1201.63</ele>
      </trkpt>
      <trkpt lat="45.740493001" lon="6.569188002">
        <ele>1199.77</ele>
      </trkpt>
      <trkpt lat="45.740345994" lon="6.569011999">
        <ele>1197.3</ele>
      </trkpt>
      <trkpt lat="45.740262005" lon="6.568939001">
        <ele>1195.09</ele>
      </trkpt>
      <trkpt lat="45.740138004" lon="6.568856003">
        <ele>1191.74</ele>
      </trkpt>
      <trkpt lat="45.739920995" lon="6.568737994">
        <ele>1188.79</ele>
      </trkpt>
      <trkpt lat="45.739695003" lon="6.568587995">
        <ele>1184.37</ele>
      </trkpt>
      <trkpt lat="45.739490998" lon="6.568414006">
        <ele>1180.75</ele>
      </trkpt>
      <trkpt lat="45.739349" lon="6.568295">
        <ele>1179.18</ele>
      </trkpt>
      <trkpt lat="45.739244" lon="6.568169">
        <ele>1177.15</ele>
      </trkpt>
      <trkpt lat="45.739133996" lon="6.567938004">
        <ele>1176.13</ele>
      </trkpt>
      <trkpt lat="45.739015002" lon="6.56768">
        <ele>1176.35</ele>
      </trkpt>
      <trkpt lat="45.738901998" lon="6.567432992">
        <ele>1175.54</ele>
      </trkpt>
      <trkpt lat="45.7388" lon="6.567205001">
        <ele>1172.88</ele>
      </trkpt>
      <trkpt lat="45.738683004" lon="6.566975">
        <ele>1171.73</ele>
      </trkpt>
      <trkpt lat="45.738583001" lon="6.566756009">
        <ele>1169.14</ele>
      </trkpt>
      <trkpt lat="45.738476995" lon="6.566499994">
        <ele>1167.37</ele>
      </trkpt>
      <trkpt lat="45.738369002" lon="6.566268003">
        <ele>1165.86</ele>
      </trkpt>
      <trkpt lat="45.738275" lon="6.566115994">
        <ele>1164.84</ele>
      </trkpt>
      <trkpt lat="45.738200002" lon="6.566030002">
        <ele>1162.71</ele>
      </trkpt>
      <trkpt lat="45.738016001" lon="6.565906003">
        <ele>1162.28</ele>
      </trkpt>
      <trkpt lat="45.737776003" lon="6.565790003">
        <ele>1160.84</ele>
      </trkpt>
      <trkpt lat="45.737617995" lon="6.565696004">
        <ele>1160.08</ele>
      </trkpt>
      <trkpt lat="45.737464998" lon="6.565567005">
        <ele>1159.62</ele>
      </trkpt>
      <trkpt lat="45.737310001" lon="6.565419998">
        <ele>1160.17</ele>
      </trkpt>
      <trkpt lat="45.737139001" lon="6.565252006">
        <ele>1159.31</ele>
      </trkpt>
      <trkpt lat="45.737023999" lon="6.565119">
        <ele>1158.36</ele>
      </trkpt>
      <trkpt lat="45.736936998" lon="6.565032005">
        <ele>1158.1</ele>
      </trkpt>
      <trkpt lat="45.736824997" lon="6.564939999">
        <ele>1157.6</ele>
      </trkpt>
      <trkpt lat="45.736709997" lon="6.564869002">
        <ele>1156.12</ele>
      </trkpt>
      <trkpt lat="45.736488999" lon="6.564771008">
        <ele>1153.76</ele>
      </trkpt>
      <trkpt lat="45.736187002" lon="6.564652998">
        <ele>1155.39</ele>
      </trkpt>
      <trkpt lat="45.735881998" lon="6.564544">
        <ele>1155.79</ele>
      </trkpt>
      <trkpt lat="45.735597004" lon="6.564447004">
        <ele>1154.53</ele>
      </trkpt>
      <trkpt lat="45.735355999" lon="6.564356">
        <ele>1153.87</ele>
      </trkpt>
      <trkpt lat="45.735089994" lon="6.564246006">
        <ele>1152.83</ele>
      </trkpt>
      <trkpt lat="45.735050653" lon="6.564228743">
        <ele>1148.75</ele>
      </trkpt>
      <trkpt lat="45.734918999" lon="6.564171002">
        <ele>1145.14</ele>
      </trkpt>
      <trkpt lat="45.734795998" lon="6.564113008">
        <ele>1142.25</ele>
      </trkpt>
      <trkpt lat="45.734655003" lon="6.564018005">
        <ele>1140.51</ele>
      </trkpt>
      <trkpt lat="45.734519999" lon="6.563853004">
        <ele>1139.86</ele>
      </trkpt>
      <trkpt lat="45.734421" lon="6.563652005">
        <ele>1137.25</ele>
      </trkpt>
      <trkpt lat="45.734317995" lon="6.563431994">
        <ele>1135.82</ele>
      </trkpt>
      <trkpt lat="45.734200998" lon="6.563172994">
        <ele>1134.13</ele>
      </trkpt>
      <trkpt lat="45.73411" lon="6.562941003">
        <ele>1131.95</ele>
      </trkpt>
      <trkpt lat="45.734006998" lon="6.562723994">
        <ele>1130.12</ele>
      </trkpt>
      <trkpt lat="45.733909005" lon="6.562544998">
        <ele>1129.16</ele>
      </trkpt>
      <trkpt lat="45.733775997" lon="6.562352998">
        <ele>1126.76</ele>
      </trkpt>
      <trkpt lat="45.733591001" lon="6.562157994">
        <ele>1125.6</ele>
      </trkpt>
      <trkpt lat="45.733384" lon="6.561909996">
        <ele>1124.4</ele>
      </trkpt>
      <trkpt lat="45.733166001" lon="6.561669993">
        <ele>1123.23</ele>
      </trkpt>
      <trkpt lat="45.732961996" lon="6.561431009">
        <ele>1122.91</ele>
      </trkpt>
      <trkpt lat="45.732793994" lon="6.561234996">
        <ele>1121.41</ele>
      </trkpt>
      <trkpt lat="45.732669" lon="6.561084">
        <ele>1120.6</ele>
      </trkpt>
      <trkpt lat="45.732599997" lon="6.560938004">
        <ele>1118.15</ele>
      </trkpt>
      <trkpt lat="45.732579001" lon="6.560819995">
        <ele>1116.88</ele>
      </trkpt>
      <trkpt lat="45.732572001" lon="6.560652997">
        <ele>1116.03</ele>
      </trkpt>
      <trkpt lat="45.732610005" lon="6.560454995">
        <ele>1116.43</ele>
      </trkpt>
      <trkpt lat="45.732719002" lon="6.560174001">
        <ele>1116.67</ele>
      </trkpt>
      <trkpt lat="45.732844998" lon="6.559922998">
        <ele>1119.67</ele>
      </trkpt>
      <trkpt lat="45.732927996" lon="6.559701995">
        <ele>1119.45</ele>
      </trkpt>
      <trkpt lat="45.732975998" lon="6.559520995">
        <ele>1118.01</ele>
      </trkpt>
      <trkpt lat="45.732993" lon="6.559259004">
        <ele>1116.2</ele>
      </trkpt>
      <trkpt lat="45.732995002" lon="6.558857998">
        <ele>1111.54</ele>
      </trkpt>
      <trkpt lat="45.732995002" lon="6.558455009">
        <ele>1107.18</ele>
      </trkpt>
      <trkpt lat="45.733000996" lon="6.558179">
        <ele>1106</ele>
      </trkpt>
      <trkpt lat="45.733014" lon="6.557945005">
        <ele>1102.42</ele>
      </trkpt>
      <trkpt lat="45.733052999" lon="6.557789">
        <ele>1103.91</ele>
      </trkpt>
      <trkpt lat="45.733126003" lon="6.557625994">
        <ele>1102.45</ele>
      </trkpt>
      <trkpt lat="45.733275997" lon="6.557412994">
        <ele>1103.13</ele>
      </trkpt>
      <trkpt lat="45.733440002" lon="6.557189001">
        <ele>1098.96</ele>
      </trkpt>
      <trkpt lat="45.733582001" lon="6.556929995">
        <ele>1099.18</ele>
      </trkpt>
      <trkpt lat="45.733692002" lon="6.556684002">
        <ele>1096.78</ele>
      </trkpt>
      <trkpt lat="45.733766998" lon="6.556443001">
        <ele>1097.84</ele>
      </trkpt>
      <trkpt lat="45.733813003" lon="6.556245996">
        <ele>1096.04</ele>
      </trkpt>
      <trkpt lat="45.733835" lon="6.556065995">
        <ele>1095.71</ele>
      </trkpt>
      <trkpt lat="45.733842" lon="6.555875001">
        <ele>1095.33</ele>
      </trkpt>
      <trkpt lat="45.733832997" lon="6.555652999">
        <ele>1091.84</ele>
      </trkpt>
      <trkpt lat="45.733808002" lon="6.555439004">
        <ele>1091.21</ele>
      </trkpt>
      <trkpt lat="45.733798002" lon="6.555224004">
        <ele>1088.76</ele>
      </trkpt>
      <trkpt lat="45.733794" lon="6.554990006">
        <ele>1089.81</ele>
      </trkpt>
      <trkpt lat="45.733790998" lon="6.554762006">
        <ele>1087.88</ele>
      </trkpt>
      <trkpt lat="45.733799998" lon="6.554537004">
        <ele>1088.39</ele>
      </trkpt>
      <trkpt lat="45.733812995" lon="6.554300997">
        <ele>1085.18</ele>
      </trkpt>
      <trkpt lat="45.733835006" lon="6.554113003">
        <ele>1083.93</ele>
      </trkpt>
      <trkpt lat="45.733872001" lon="6.553896006">
        <ele>1078.68</ele>
      </trkpt>
      <trkpt lat="45.733905" lon="6.553696">
        <ele>1076.24</ele>
      </trkpt>
      <trkpt lat="45.733925" lon="6.553530003">
        <ele>1071.85</ele>
      </trkpt>
      <trkpt lat="45.733939" lon="6.553309004">
        <ele>1070.98</ele>
      </trkpt>
      <trkpt lat="45.733943994" lon="6.553042001">
        <ele>1068.63</ele>
      </trkpt>
      <trkpt lat="45.733942997" lon="6.552761998">
        <ele>1069.62</ele>
      </trkpt>
      <trkpt lat="45.733957" lon="6.552532001">
        <ele>1067.63</ele>
      </trkpt>
      <trkpt lat="45.733979003" lon="6.552327002">
        <ele>1070.66</ele>
      </trkpt>
      <trkpt lat="45.734007001" lon="6.552161994">
        <ele>1070.18</ele>
      </trkpt>
      <trkpt lat="45.734056006" lon="6.552014002">
        <ele>1070.84</ele>
      </trkpt>
      <trkpt lat="45.734142999" lon="6.551788992">
        <ele>1068.66</ele>
      </trkpt>
      <trkpt lat="45.734239" lon="6.551554997">
        <ele>1068.75</ele>
      </trkpt>
      <trkpt lat="45.734267381" lon="6.551427277">
        <ele>1065.39</ele>
      </trkpt>
      <trkpt lat="45.734287001" lon="6.551339001">
        <ele>1065.11</ele>
      </trkpt>
      <trkpt lat="45.734280003" lon="6.551238999">
        <ele>1064.15</ele>
      </trkpt>
      <trkpt lat="45.734247004" lon="6.551150005">
        <ele>1065.15</ele>
      </trkpt>
      <trkpt lat="45.734204005" lon="6.551065994">
        <ele>1065.63</ele>
      </trkpt>
      <trkpt lat="45.734091006" lon="6.550943001">
        <ele>1066.52</ele>
      </trkpt>
      <trkpt lat="45.733925003" lon="6.550795994">
        <ele>1066.52</ele>
      </trkpt>
      <trkpt lat="45.733748998" lon="6.550604002">
        <ele>1067.03</ele>
      </trkpt>
      <trkpt lat="45.733620004" lon="6.550406999">
        <ele>1067.48</ele>
      </trkpt>
      <trkpt lat="45.733492001" lon="6.550163993">
        <ele>1066.52</ele>
      </trkpt>
      <trkpt lat="45.733411005" lon="6.549945002">
        <ele>1065.51</ele>
      </trkpt>
      <trkpt lat="45.733378999" lon="6.549810998">
        <ele>1066.08</ele>
      </trkpt>
      <trkpt lat="45.733364998" lon="6.549658005">
        <ele>1064.97</ele>
      </trkpt>
      <trkpt lat="45.733377995" lon="6.549448001">
        <ele>1065.69</ele>
      </trkpt>
      <trkpt lat="45.733433001" lon="6.549158005">
        <ele>1069.58</ele>
      </trkpt>
      <trkpt lat="45.733513996" lon="6.548881997">
        <ele>1069.93</ele>
      </trkpt>
      <trkpt lat="45.733585002" lon="6.548613997">
        <ele>1069.8</ele>
      </trkpt>
      <trkpt lat="45.733618003" lon="6.548405005">
        <ele>1068.75</ele>
      </trkpt>
      <trkpt lat="45.733629998" lon="6.548271999">
        <ele>1067.1</ele>
      </trkpt>
      <trkpt lat="45.733630999" lon="6.548125993">
        <ele>1064.76</ele>
      </trkpt>
      <trkpt lat="45.733614003" lon="6.547979">
        <ele>1064.29</ele>
      </trkpt>
      <trkpt lat="45.733576003" lon="6.547801993">
        <ele>1059.63</ele>
      </trkpt>
      <trkpt lat="45.733493" lon="6.547558999">
        <ele>1059.41</ele>
      </trkpt>
      <trkpt lat="45.733402999" lon="6.547282">
        <ele>1057.75</ele>
      </trkpt>
      <trkpt lat="45.733320001" lon="6.546990997">
        <ele>1052.28</ele>
      </trkpt>
      <trkpt lat="45.733223996" lon="6.546659">
        <ele>1049.16</ele>
      </trkpt>
      <trkpt lat="45.733133006" lon="6.546370999">
        <ele>1049.29</ele>
      </trkpt>
      <trkpt lat="45.733064997" lon="6.546153003">
        <ele>1047.79</ele>
      </trkpt>
      <trkpt lat="45.732995" lon="6.545881">
        <ele>1046.39</ele>
      </trkpt>
      <trkpt lat="45.732940998" lon="6.545719999">
        <ele>1048.07</ele>
      </trkpt>
      <trkpt lat="45.732883003" lon="6.545619997">
        <ele>1048.21</ele>
      </trkpt>
      <trkpt lat="45.732763" lon="6.545405992">
        <ele>1048.34</ele>
      </trkpt>
      <trkpt lat="45.732687" lon="6.545266003">
        <ele>1046.23</ele>
      </trkpt>
      <trkpt lat="45.732655" lon="6.545209001">
        <ele>1045.18</ele>
      </trkpt>
      <trkpt lat="45.732605004" lon="6.545095999">
        <ele>1044.03</ele>
      </trkpt>
      <trkpt lat="45.732566" lon="6.544988002">
        <ele>1042.73</ele>
      </trkpt>
      <trkpt lat="45.732556001" lon="6.544963998">
        <ele>1042.76</ele>
      </trkpt>
      <trkpt lat="45.732492999" lon="6.544717998">
        <ele>1042.83</ele>
      </trkpt>
      <trkpt lat="45.732408005" lon="6.544410001">
        <ele>1042.34</ele>
      </trkpt>
      <trkpt lat="45.732305998" lon="6.544117003">
        <ele>1040.26</ele>
      </trkpt>
      <trkpt lat="45.732179" lon="6.543786003">
        <ele>1038.68</ele>
      </trkpt>
      <trkpt lat="45.732064999" lon="6.543540996">
        <ele>1032.22</ele>
      </trkpt>
      <trkpt lat="45.731898002" lon="6.543231002">
        <ele>1028.41</ele>
      </trkpt>
      <trkpt lat="45.731800004" lon="6.543030001">
        <ele>1026.08</ele>
      </trkpt>
      <trkpt lat="45.731762002" lon="6.542909006">
        <ele>1022.75</ele>
      </trkpt>
      <trkpt lat="45.731744996" lon="6.542767">
        <ele>1022.93</ele>
      </trkpt>
      <trkpt lat="45.731756004" lon="6.542581998">
        <ele>1026.41</ele>
      </trkpt>
      <trkpt lat="45.731824996" lon="6.542166004">
        <ele>1031.96</ele>
      </trkpt>
      <trkpt lat="45.731888001" lon="6.541715001">
        <ele>1031.24</ele>
      </trkpt>
      <trkpt lat="45.731941" lon="6.541461008">
        <ele>1033.9</ele>
      </trkpt>
      <trkpt lat="45.731981001" lon="6.541320004">
        <ele>1034.38</ele>
      </trkpt>
      <trkpt lat="45.732040002" lon="6.541214005">
        <ele>1035.95</ele>
      </trkpt>
      <trkpt lat="45.732176996" lon="6.540954994">
        <ele>1034.69</ele>
      </trkpt>
      <trkpt lat="45.732249998" lon="6.540833995">
        <ele>1038.85</ele>
      </trkpt>
      <trkpt lat="45.732274995" lon="6.540770003">
        <ele>1043.09</ele>
      </trkpt>
      <trkpt lat="45.732285002" lon="6.540707999">
        <ele>1037.18</ele>
      </trkpt>
      <trkpt lat="45.732274999" lon="6.540627002">
        <ele>1031.61</ele>
      </trkpt>
      <trkpt lat="45.732263006" lon="6.540584993">
        <ele>1026.78</ele>
      </trkpt>
      <trkpt lat="45.732226001" lon="6.540566996">
        <ele>1022.06</ele>
      </trkpt>
      <trkpt lat="45.732176999" lon="6.540550998">
        <ele>1016.84</ele>
      </trkpt>
      <trkpt lat="45.732143999" lon="6.540550995">
        <ele>1019.72</ele>
      </trkpt>
      <trkpt lat="45.732099994" lon="6.540593998">
        <ele>1020.41</ele>
      </trkpt>
      <trkpt lat="45.732062998" lon="6.540674996">
        <ele>1024.81</ele>
      </trkpt>
      <trkpt lat="45.731977998" lon="6.540868">
        <ele>1027.56</ele>
      </trkpt>
      <trkpt lat="45.731878004" lon="6.541106999">
        <ele>1022.55</ele>
      </trkpt>
      <trkpt lat="45.731843998" lon="6.541204997">
        <ele>1019.28</ele>
      </trkpt>
      <trkpt lat="45.731775998" lon="6.541403994">
        <ele>1018.13</ele>
      </trkpt>
      <trkpt lat="45.731648" lon="6.541820995">
        <ele>1008.88</ele>
      </trkpt>
      <trkpt lat="45.731536999" lon="6.542268997">
        <ele>1002.68</ele>
      </trkpt>
      <trkpt lat="45.731439003" lon="6.542675999">
        <ele>1003.22</ele>
      </trkpt>
      <trkpt lat="45.731372997" lon="6.542918999">
        <ele>1003.55</ele>
      </trkpt>
      <trkpt lat="45.731356003" lon="6.543016001">
        <ele>1002.29</ele>
      </trkpt>
      <trkpt lat="45.731354994" lon="6.543154998">
        <ele>1003.89</ele>
      </trkpt>
      <trkpt lat="45.731386" lon="6.543307">
        <ele>1003.19</ele>
      </trkpt>
      <trkpt lat="45.731522006" lon="6.543705">
        <ele>1003.17</ele>
      </trkpt>
      <trkpt lat="45.731647003" lon="6.544077004">
        <ele>1000.83</ele>
      </trkpt>
      <trkpt lat="45.731724994" lon="6.544341995">
        <ele>998.67</ele>
      </trkpt>
      <trkpt lat="45.731751998" lon="6.544475002">
        <ele>996.3</ele>
      </trkpt>
      <trkpt lat="45.731761002" lon="6.544612003">
        <ele>994.07</ele>
      </trkpt>
      <trkpt lat="45.731763003" lon="6.544748992">
        <ele>991.98</ele>
      </trkpt>
      <trkpt lat="45.731738005" lon="6.545043005">
        <ele>990.74</ele>
      </trkpt>
      <trkpt lat="45.731701996" lon="6.545425999">
        <ele>988.92</ele>
      </trkpt>
      <trkpt lat="45.731661998" lon="6.545776996">
        <ele>987.86</ele>
      </trkpt>
      <trkpt lat="45.731655004" lon="6.546005001">
        <ele>985.88</ele>
      </trkpt>
      <trkpt lat="45.731663997" lon="6.546211005">
        <ele>983.69</ele>
      </trkpt>
      <trkpt lat="45.731691996" lon="6.546410004">
        <ele>981.8</ele>
      </trkpt>
      <trkpt lat="45.731746001" lon="6.546743002">
        <ele>980.01</ele>
      </trkpt>
      <trkpt lat="45.73183" lon="6.547230994">
        <ele>977.4</ele>
      </trkpt>
      <trkpt lat="45.731917001" lon="6.547753005">
        <ele>975.55</ele>
      </trkpt>
      <trkpt lat="45.731993" lon="6.548235003">
        <ele>974.46</ele>
      </trkpt>
      <trkpt lat="45.732065999" lon="6.548617004">
        <ele>975.94</ele>
      </trkpt>
      <trkpt lat="45.732088997" lon="6.548844993">
        <ele>974.6</ele>
      </trkpt>
      <trkpt lat="45.732090006" lon="6.548999001">
        <ele>973.35</ele>
      </trkpt>
      <trkpt lat="45.732046003" lon="6.549160003">
        <ele>972.05</ele>
      </trkpt>
      <trkpt lat="45.732012005" lon="6.549383997">
        <ele>970.37</ele>
      </trkpt>
      <trkpt lat="45.731984002" lon="6.549645998">
        <ele>964.9</ele>
      </trkpt>
      <trkpt lat="45.731969002" lon="6.549922994">
        <ele>963.81</ele>
      </trkpt>
      <trkpt lat="45.731968004" lon="6.550106">
        <ele>961.45</ele>
      </trkpt>
      <trkpt lat="45.731991" lon="6.550341996">
        <ele>960.29</ele>
      </trkpt>
      <trkpt lat="45.732022" lon="6.550610002">
        <ele>958.55</ele>
      </trkpt>
      <trkpt lat="45.732059998" lon="6.550836999">
        <ele>958.47</ele>
      </trkpt>
      <trkpt lat="45.732096994" lon="6.551046002">
        <ele>957.87</ele>
      </trkpt>
      <trkpt lat="45.732116002" lon="6.551108994">
        <ele>958.92</ele>
      </trkpt>
      <trkpt lat="45.732141997" lon="6.551196003">
        <ele>958.88</ele>
      </trkpt>
      <trkpt lat="45.732182001" lon="6.551334999">
        <ele>960.54</ele>
      </trkpt>
      <trkpt lat="45.732191996" lon="6.551430002">
        <ele>961.57</ele>
      </trkpt>
      <trkpt lat="45.73218475" lon="6.551518324">
        <ele>962.42</ele>
      </trkpt>
      <trkpt lat="45.732180994" lon="6.551563995">
        <ele>960.24</ele>
      </trkpt>
      <trkpt lat="45.732161999" lon="6.551644998">
        <ele>960.22</ele>
      </trkpt>
      <trkpt lat="45.732075998" lon="6.551838">
        <ele>958.07</ele>
      </trkpt>
      <trkpt lat="45.731972003" lon="6.552001001">
        <ele>955.94</ele>
      </trkpt>
      <trkpt lat="45.731823002" lon="6.552176">
        <ele>954.24</ele>
      </trkpt>
      <trkpt lat="45.731621003" lon="6.552374003">
        <ele>952.85</ele>
      </trkpt>
      <trkpt lat="45.731535998" lon="6.552463001">
        <ele>949.3</ele>
      </trkpt>
      <trkpt lat="45.731453004" lon="6.552552">
        <ele>949.21</ele>
      </trkpt>
      <trkpt lat="45.731371006" lon="6.55269">
        <ele>949.4</ele>
      </trkpt>
      <trkpt lat="45.731253995" lon="6.552897003">
        <ele>942.63</ele>
      </trkpt>
      <trkpt lat="45.731108" lon="6.553180992">
        <ele>942.33</ele>
      </trkpt>
      <trkpt lat="45.730969003" lon="6.553466008">
        <ele>940.93</ele>
      </trkpt>
      <trkpt lat="45.730822006" lon="6.553772004">
        <ele>939.49</ele>
      </trkpt>
      <trkpt lat="45.730675003" lon="6.554079001">
        <ele>935.04</ele>
      </trkpt>
      <trkpt lat="45.730447997" lon="6.554570996">
        <ele>937.03</ele>
      </trkpt>
      <trkpt lat="45.730337003" lon="6.554860008">
        <ele>935.17</ele>
      </trkpt>
      <trkpt lat="45.730321999" lon="6.554938998">
        <ele>933.87</ele>
      </trkpt>
      <trkpt lat="45.730310001" lon="6.555000999">
        <ele>929.54</ele>
      </trkpt>
      <trkpt lat="45.730296002" lon="6.555185005">
        <ele>928.65</ele>
      </trkpt>
      <trkpt lat="45.730276998" lon="6.555573004">
        <ele>928.41</ele>
      </trkpt>
      <trkpt lat="45.730271006" lon="6.555899995">
        <ele>927.65</ele>
      </trkpt>
      <trkpt lat="45.730263998" lon="6.556226006">
        <ele>927.82</ele>
      </trkpt>
      <trkpt lat="45.730248999" lon="6.556787997">
        <ele>930.2</ele>
      </trkpt>
      <trkpt lat="45.730223" lon="6.557145003">
        <ele>929.19</ele>
      </trkpt>
      <trkpt lat="45.730180998" lon="6.557430998">
        <ele>928.57</ele>
      </trkpt>
      <trkpt lat="45.730111999" lon="6.557815996">
        <ele>925.56</ele>
      </trkpt>
      <trkpt lat="45.730043004" lon="6.558201998">
        <ele>922.29</ele>
      </trkpt>
      <trkpt lat="45.729984996" lon="6.558556001">
        <ele>918.04</ele>
      </trkpt>
      <trkpt lat="45.729926996" lon="6.558909991">
        <ele>913.32</ele>
      </trkpt>
      <trkpt lat="45.729879002" lon="6.559247995">
        <ele>908.72</ele>
      </trkpt>
      <trkpt lat="45.729831006" lon="6.559585999">
        <ele>903.85</ele>
      </trkpt>
      <trkpt lat="45.729787999" lon="6.559918995">
        <ele>901.9</ele>
      </trkpt>
      <trkpt lat="45.729744999" lon="6.560252004">
        <ele>899.24</ele>
      </trkpt>
      <trkpt lat="45.729702002" lon="6.560788001">
        <ele>897.06</ele>
      </trkpt>
      <trkpt lat="45.729688997" lon="6.561156998">
        <ele>894.6</ele>
      </trkpt>
      <trkpt lat="45.729690999" lon="6.561455001">
        <ele>897.2</ele>
      </trkpt>
      <trkpt lat="45.729702005" lon="6.561883002">
        <ele>896.53</ele>
      </trkpt>
      <trkpt lat="45.729689002" lon="6.562174001">
        <ele>895.45</ele>
      </trkpt>
      <trkpt lat="45.729661" lon="6.562234003">
        <ele>897.16</ele>
      </trkpt>
      <trkpt lat="45.729625001" lon="6.562252997">
        <ele>897.48</ele>
      </trkpt>
      <trkpt lat="45.729588999" lon="6.562259004">
        <ele>896.23</ele>
      </trkpt>
      <trkpt lat="45.729547003" lon="6.562248999">
        <ele>895.39</ele>
      </trkpt>
      <trkpt lat="45.729509998" lon="6.562216006">
        <ele>894.55</ele>
      </trkpt>
      <trkpt lat="45.729476006" lon="6.562157003">
        <ele>892.76</ele>
      </trkpt>
      <trkpt lat="45.729466002" lon="6.562056003">
        <ele>891.61</ele>
      </trkpt>
      <trkpt lat="45.729474" lon="6.561872">
        <ele>889.54</ele>
      </trkpt>
      <trkpt lat="45.729499997" lon="6.561578004">
        <ele>887.81</ele>
      </trkpt>
      <trkpt lat="45.729519997" lon="6.561310007">
        <ele>884.78</ele>
      </trkpt>
      <trkpt lat="45.729522996" lon="6.561136996">
        <ele>881.97</ele>
      </trkpt>
      <trkpt lat="45.729492996" lon="6.560580002">
        <ele>881.46</ele>
      </trkpt>
      <trkpt lat="45.729469996" lon="6.560228997">
        <ele>881.3</ele>
      </trkpt>
      <trkpt lat="45.729447005" lon="6.559877993">
        <ele>879.97</ele>
      </trkpt>
      <trkpt lat="45.729425003" lon="6.559538997">
        <ele>879.81</ele>
      </trkpt>
      <trkpt lat="45.729402995" lon="6.559198997">
        <ele>879.98</ele>
      </trkpt>
      <trkpt lat="45.729352006" lon="6.558760007">
        <ele>877.99</ele>
      </trkpt>
      <trkpt lat="45.729334" lon="6.558533002">
        <ele>874.97</ele>
      </trkpt>
      <trkpt lat="45.729323997" lon="6.558174997">
        <ele>871.47</ele>
      </trkpt>
      <trkpt lat="45.729303" lon="6.557660998">
        <ele>868.07</ele>
      </trkpt>
      <trkpt lat="45.729288001" lon="6.557079993">
        <ele>864.32</ele>
      </trkpt>
      <trkpt lat="45.729286002" lon="6.556942004">
        <ele>861.37</ele>
      </trkpt>
      <trkpt lat="45.729249999" lon="6.556771001">
        <ele>858.58</ele>
      </trkpt>
      <trkpt lat="45.729213004" lon="6.556574">
        <ele>858</ele>
      </trkpt>
      <trkpt lat="45.729194997" lon="6.556424003">
        <ele>855.6</ele>
      </trkpt>
      <trkpt lat="45.729190997" lon="6.556260002">
        <ele>854.98</ele>
      </trkpt>
      <trkpt lat="45.729204998" lon="6.556080003">
        <ele>851.62</ele>
      </trkpt>
      <trkpt lat="45.729235996" lon="6.555812997">
        <ele>851</ele>
      </trkpt>
      <trkpt lat="45.729264996" lon="6.555550998">
        <ele>848.14</ele>
      </trkpt>
      <trkpt lat="45.729272002" lon="6.555262999">
        <ele>845.21</ele>
      </trkpt>
      <trkpt lat="45.729270998" lon="6.555032006">
        <ele>842.72</ele>
      </trkpt>
      <trkpt lat="45.729253998" lon="6.554834001">
        <ele>842.27</ele>
      </trkpt>
      <trkpt lat="45.729218996" lon="6.554665999">
        <ele>839.91</ele>
      </trkpt>
      <trkpt lat="45.729137004" lon="6.554263995">
        <ele>837.86</ele>
      </trkpt>
      <trkpt lat="45.729066004" lon="6.553942999">
        <ele>836.81</ele>
      </trkpt>
      <trkpt lat="45.729010998" lon="6.553659007">
        <ele>835.55</ele>
      </trkpt>
      <trkpt lat="45.728971997" lon="6.553422007">
        <ele>832.07</ele>
      </trkpt>
      <trkpt lat="45.728946999" lon="6.553251998">
        <ele>830.93</ele>
      </trkpt>
      <trkpt lat="45.728940002" lon="6.553092002">
        <ele>828.43</ele>
      </trkpt>
      <trkpt lat="45.728938998" lon="6.552890008">
        <ele>828.64</ele>
      </trkpt>
      <trkpt lat="45.728925997" lon="6.552699998">
        <ele>828.95</ele>
      </trkpt>
      <trkpt lat="45.728913" lon="6.552518998">
        <ele>829.82</ele>
      </trkpt>
      <trkpt lat="45.728907003" lon="6.552376995">
        <ele>831.01</ele>
      </trkpt>
      <trkpt lat="45.728916003" lon="6.552133004">
        <ele>831.73</ele>
      </trkpt>
      <trkpt lat="45.728935995" lon="6.551924006">
        <ele>832.18</ele>
      </trkpt>
      <trkpt lat="45.728953" lon="6.551731999">
        <ele>829</ele>
      </trkpt>
      <trkpt lat="45.728950002" lon="6.551546004">
        <ele>829.39</ele>
      </trkpt>
      <trkpt lat="45.728933997" lon="6.551368003">
        <ele>826.35</ele>
      </trkpt>
      <trkpt lat="45.728886999" lon="6.551094002">
        <ele>827.23</ele>
      </trkpt>
      <trkpt lat="45.728859003" lon="6.550855999">
        <ele>825.09</ele>
      </trkpt>
      <trkpt lat="45.728854999" lon="6.550684999">
        <ele>825.66</ele>
      </trkpt>
      <trkpt lat="45.728879999" lon="6.550552994">
        <ele>824.48</ele>
      </trkpt>
      <trkpt lat="45.728933002" lon="6.550438001">
        <ele>826.33</ele>
      </trkpt>
      <trkpt lat="45.729014994" lon="6.550363007">
        <ele>827.09</ele>
      </trkpt>
      <trkpt lat="45.729114001" lon="6.550297008">
        <ele>826.88</ele>
      </trkpt>
      <trkpt lat="45.729174005" lon="6.550245003">
        <ele>826.5</ele>
      </trkpt>
      <trkpt lat="45.729204998" lon="6.550177994">
        <ele>826.3</ele>
      </trkpt>
      <trkpt lat="45.729204002" lon="6.550092004">
        <ele>824.62</ele>
      </trkpt>
      <trkpt lat="45.729174997" lon="6.550031">
        <ele>823.34</ele>
      </trkpt>
      <trkpt lat="45.729153994" lon="6.550005003">
        <ele>824.87</ele>
      </trkpt>
      <trkpt lat="45.729109004" lon="6.549988998">
        <ele>823.18</ele>
      </trkpt>
      <trkpt lat="45.729067004" lon="6.549992001">
        <ele>821.79</ele>
      </trkpt>
      <trkpt lat="45.728943002" lon="6.550065997">
        <ele>820.43</ele>
      </trkpt>
      <trkpt lat="45.728821998" lon="6.550177008">
        <ele>818.17</ele>
      </trkpt>
      <trkpt lat="45.728723998" lon="6.550288003">
        <ele>815.05</ele>
      </trkpt>
      <trkpt lat="45.728663996" lon="6.550392004">
        <ele>814.74</ele>
      </trkpt>
      <trkpt lat="45.728641001" lon="6.550496993">
        <ele>814.8</ele>
      </trkpt>
      <trkpt lat="45.728635003" lon="6.550523997">
        <ele>812.23</ele>
      </trkpt>
      <trkpt lat="45.728626999" lon="6.550683002">
        <ele>810.5</ele>
      </trkpt>
      <trkpt lat="45.728649002" lon="6.551053997">
        <ele>811.6</ele>
      </trkpt>
      <trkpt lat="45.728653" lon="6.551366999">
        <ele>811.93</ele>
      </trkpt>
      <trkpt lat="45.728650002" lon="6.551497006">
        <ele>810.98</ele>
      </trkpt>
      <trkpt lat="45.728628998" lon="6.551630001">
        <ele>809.88</ele>
      </trkpt>
      <trkpt lat="45.728559999" lon="6.552100005">
        <ele>807.62</ele>
      </trkpt>
      <trkpt lat="45.728476001" lon="6.552716001">
        <ele>803.37</ele>
      </trkpt>
      <trkpt lat="45.728390998" lon="6.553308005">
        <ele>802.23</ele>
      </trkpt>
      <trkpt lat="45.728333002" lon="6.553765006">
        <ele>800.69</ele>
      </trkpt>
      <trkpt lat="45.728294996" lon="6.553999999">
        <ele>801.48</ele>
      </trkpt>
      <trkpt lat="45.728231999" lon="6.554159997">
        <ele>799.46</ele>
      </trkpt>
      <trkpt lat="45.728210996" lon="6.554205997">
        <ele>799.27</ele>
      </trkpt>
      <trkpt lat="45.728160996" lon="6.554313996">
        <ele>796.15</ele>
      </trkpt>
      <trkpt lat="45.728011003" lon="6.554588004">
        <ele>792.94</ele>
      </trkpt>
      <trkpt lat="45.727848003" lon="6.554861997">
        <ele>789.27</ele>
      </trkpt>
      <trkpt lat="45.727718006" lon="6.555130994">
        <ele>788.46</ele>
      </trkpt>
      <trkpt lat="45.727592999" lon="6.555400993">
        <ele>788.91</ele>
      </trkpt>
      <trkpt lat="45.727493" lon="6.555644002">
        <ele>785.76</ele>
      </trkpt>
      <trkpt lat="45.727397998" lon="6.555934">
        <ele>783.62</ele>
      </trkpt>
      <trkpt lat="45.727349001" lon="6.555995006">
        <ele>782.69</ele>
      </trkpt>
      <trkpt lat="45.727312999" lon="6.556007002">
        <ele>783.06</ele>
      </trkpt>
      <trkpt lat="45.727265996" lon="6.555982008">
        <ele>780.39</ele>
      </trkpt>
      <trkpt lat="45.727235002" lon="6.555937001">
        <ele>782.45</ele>
      </trkpt>
      <trkpt lat="45.727220995" lon="6.555894991">
        <ele>784.25</ele>
      </trkpt>
      <trkpt lat="45.727219004" lon="6.555808992">
        <ele>785.55</ele>
      </trkpt>
      <trkpt lat="45.727260997" lon="6.555713995">
        <ele>787.02</ele>
      </trkpt>
      <trkpt lat="45.727374999" lon="6.555531993">
        <ele>785.02</ele>
      </trkpt>
      <trkpt lat="45.727471999" lon="6.555334005">
        <ele>783.3</ele>
      </trkpt>
      <trkpt lat="45.727541003" lon="6.555109994">
        <ele>779.22</ele>
      </trkpt>
      <trkpt lat="45.727583" lon="6.554904">
        <ele>776.22</ele>
      </trkpt>
      <trkpt lat="45.727605004" lon="6.554711998">
        <ele>769.99</ele>
      </trkpt>
      <trkpt lat="45.727612999" lon="6.554495993">
        <ele>768.05</ele>
      </trkpt>
      <trkpt lat="45.727606995" lon="6.554300001">
        <ele>763.34</ele>
      </trkpt>
      <trkpt lat="45.727610001" lon="6.554148992">
        <ele>765.3</ele>
      </trkpt>
      <trkpt lat="45.727613998" lon="6.553993993">
        <ele>767.2</ele>
      </trkpt>
      <trkpt lat="45.727641003" lon="6.553795993">
        <ele>769.56</ele>
      </trkpt>
      <trkpt lat="45.727677003" lon="6.553595997">
        <ele>771.98</ele>
      </trkpt>
      <trkpt lat="45.727697995" lon="6.553409991">
        <ele>773.56</ele>
      </trkpt>
      <trkpt lat="45.727713" lon="6.553200008">
        <ele>771.21</ele>
      </trkpt>
      <trkpt lat="45.727717001" lon="6.553044005">
        <ele>768.58</ele>
      </trkpt>
      <trkpt lat="45.727718997" lon="6.552982998">
        <ele>768.51</ele>
      </trkpt>
      <trkpt lat="45.727721996" lon="6.552850999">
        <ele>764.21</ele>
      </trkpt>
      <trkpt lat="45.727730004" lon="6.552780005">
        <ele>763.48</ele>
      </trkpt>
      <trkpt lat="45.727736002" lon="6.552733001">
        <ele>763.75</ele>
      </trkpt>
      <trkpt lat="45.727765994" lon="6.552618001">
        <ele>761.54</ele>
      </trkpt>
      <trkpt lat="45.727807999" lon="6.552372996">
        <ele>757.61</ele>
      </trkpt>
      <trkpt lat="45.727831001" lon="6.552086008">
        <ele>757.67</ele>
      </trkpt>
      <trkpt lat="45.727839004" lon="6.551832999">
        <ele>755.46</ele>
      </trkpt>
      <trkpt lat="45.727855" lon="6.551644998">
        <ele>752.78</ele>
      </trkpt>
      <trkpt lat="45.727888995" lon="6.551457008">
        <ele>752.33</ele>
      </trkpt>
      <trkpt lat="45.727909" lon="6.551261001">
        <ele>753.38</ele>
      </trkpt>
      <trkpt lat="45.727876001" lon="6.551156007">
        <ele>753.66</ele>
      </trkpt>
      <trkpt lat="45.727844997" lon="6.551118994">
        <ele>755.54</ele>
      </trkpt>
      <trkpt lat="45.727789998" lon="6.551101997">
        <ele>756.15</ele>
      </trkpt>
      <trkpt lat="45.727753997" lon="6.551119994">
        <ele>755.26</ele>
      </trkpt>
      <trkpt lat="45.727722999" lon="6.551202007">
        <ele>754.71</ele>
      </trkpt>
      <trkpt lat="45.727696004" lon="6.551399006">
        <ele>752.57</ele>
      </trkpt>
      <trkpt lat="45.727666998" lon="6.551767">
        <ele>751.69</ele>
      </trkpt>
      <trkpt lat="45.727630999" lon="6.552064002">
        <ele>750.41</ele>
      </trkpt>
      <trkpt lat="45.727563003" lon="6.552360002">
        <ele>751.85</ele>
      </trkpt>
      <trkpt lat="45.727516003" lon="6.552522996">
        <ele>751.95</ele>
      </trkpt>
      <trkpt lat="45.727421005" lon="6.552777992">
        <ele>750.42</ele>
      </trkpt>
      <trkpt lat="45.727368996" lon="6.552917999">
        <ele>749.55</ele>
      </trkpt>
      <trkpt lat="45.727308005" lon="6.553068999">
        <ele>748.6</ele>
      </trkpt>
      <trkpt lat="45.727253995" lon="6.553211">
        <ele>745.15</ele>
      </trkpt>
      <trkpt lat="45.727213002" lon="6.553416993">
        <ele>744.21</ele>
      </trkpt>
      <trkpt lat="45.727192005" lon="6.553572005">
        <ele>745.81</ele>
      </trkpt>
      <trkpt lat="45.727177002" lon="6.553757005">
        <ele>745.34</ele>
      </trkpt>
      <trkpt lat="45.727149001" lon="6.553856005">
        <ele>742.98</ele>
      </trkpt>
      <trkpt lat="45.727102002" lon="6.553898003">
        <ele>741.58</ele>
      </trkpt>
      <trkpt lat="45.727057" lon="6.553905006">
        <ele>738.81</ele>
      </trkpt>
      <trkpt lat="45.727019001" lon="6.553878006">
        <ele>737.03</ele>
      </trkpt>
      <trkpt lat="45.726983995" lon="6.553821005">
        <ele>733.89</ele>
      </trkpt>
      <trkpt lat="45.726971997" lon="6.553738996">
        <ele>734.4</ele>
      </trkpt>
      <trkpt lat="45.726982001" lon="6.553559004">
        <ele>733.81</ele>
      </trkpt>
      <trkpt lat="45.726986001" lon="6.553358999">
        <ele>733.68</ele>
      </trkpt>
      <trkpt lat="45.726996" lon="6.553135995">
        <ele>732.52</ele>
      </trkpt>
      <trkpt lat="45.726980001" lon="6.552890996">
        <ele>732.95</ele>
      </trkpt>
      <trkpt lat="45.726953" lon="6.552602999">
        <ele>732.88</ele>
      </trkpt>
      <trkpt lat="45.726895003" lon="6.552129004">
        <ele>732.79</ele>
      </trkpt>
      <trkpt lat="45.726891002" lon="6.551964007">
        <ele>732.27</ele>
      </trkpt>
      <trkpt lat="45.726899999" lon="6.551802999">
        <ele>732.79</ele>
      </trkpt>
      <trkpt lat="45.726929998" lon="6.551659994">
        <ele>731.96</ele>
      </trkpt>
      <trkpt lat="45.726949" lon="6.551498998">
        <ele>731.41</ele>
      </trkpt>
      <trkpt lat="45.726949001" lon="6.551375997">
        <ele>730.8</ele>
      </trkpt>
      <trkpt lat="45.726905994" lon="6.551179008">
        <ele>730.15</ele>
      </trkpt>
      <trkpt lat="45.726881999" lon="6.551011993">
        <ele>729.5</ele>
      </trkpt>
      <trkpt lat="45.726861996" lon="6.550875004">
        <ele>729.36</ele>
      </trkpt>
      <trkpt lat="45.726851003" lon="6.550698991">
        <ele>728.83</ele>
      </trkpt>
      <trkpt lat="45.726856002" lon="6.550604999">
        <ele>729.36</ele>
      </trkpt>
      <trkpt lat="45.726896995" lon="6.550398002">
        <ele>728.78</ele>
      </trkpt>
      <trkpt lat="45.726947" lon="6.550287994">
        <ele>728.37</ele>
      </trkpt>
      <trkpt lat="45.727037999" lon="6.550131996">
        <ele>728.5</ele>
      </trkpt>
      <trkpt lat="45.727152002" lon="6.549978003">
        <ele>727.46</ele>
      </trkpt>
      <trkpt lat="45.727226999" lon="6.549878995">
        <ele>726.06</ele>
      </trkpt>
      <trkpt lat="45.727282002" lon="6.549771997">
        <ele>725.25</ele>
      </trkpt>
      <trkpt lat="45.727335002" lon="6.549623004">
        <ele>722.57</ele>
      </trkpt>
      <trkpt lat="45.727358996" lon="6.549489998">
        <ele>720.19</ele>
      </trkpt>
      <trkpt lat="45.727356001" lon="6.549345001">
        <ele>718.94</ele>
      </trkpt>
      <trkpt lat="45.727356004" lon="6.549307999">
        <ele>717.66</ele>
      </trkpt>
      <trkpt lat="45.727330997" lon="6.549152991">
        <ele>716.66</ele>
      </trkpt>
      <trkpt lat="45.727274996" lon="6.548850995">
        <ele>716.84</ele>
      </trkpt>
      <trkpt lat="45.727203002" lon="6.548525">
        <ele>716.98</ele>
      </trkpt>
      <trkpt lat="45.7272" lon="6.548509003">
        <ele>716.93</ele>
      </trkpt>
      <trkpt lat="45.727181999" lon="6.548423997">
        <ele>717.22</ele>
      </trkpt>
      <trkpt lat="45.727151997" lon="6.548276996">
        <ele>717.51</ele>
      </trkpt>
      <trkpt lat="45.727137994" lon="6.548208991">
        <ele>717.78</ele>
      </trkpt>
      <trkpt lat="45.727108002" lon="6.548079997">
        <ele>717.52</ele>
      </trkpt>
      <trkpt lat="45.7271007" lon="6.54805281">
        <ele>716.09</ele>
      </trkpt>
      <trkpt lat="45.727078998" lon="6.547971994">
        <ele>714.8</ele>
      </trkpt>
      <trkpt lat="45.727024996" lon="6.547684003">
        <ele>712.51</ele>
      </trkpt>
      <trkpt lat="45.726997001" lon="6.547434003">
        <ele>709.9</ele>
      </trkpt>
      <trkpt lat="45.726975998" lon="6.547144001">
        <ele>707.47</ele>
      </trkpt>
      <trkpt lat="45.726958001" lon="6.546747008">
        <ele>705.42</ele>
      </trkpt>
      <trkpt lat="45.726941997" lon="6.546355999">
        <ele>703.45</ele>
      </trkpt>
      <trkpt lat="45.726938004" lon="6.546002004">
        <ele>702.43</ele>
      </trkpt>
      <trkpt lat="45.726883994" lon="6.545906001">
        <ele>701.83</ele>
      </trkpt>
      <trkpt lat="45.726852006" lon="6.545879007">
        <ele>700.51</ele>
      </trkpt>
      <trkpt lat="45.726820001" lon="6.545864006">
        <ele>699.82</ele>
      </trkpt>
      <trkpt lat="45.726770999" lon="6.545839999">
        <ele>699.84</ele>
      </trkpt>
      <trkpt lat="45.726727006" lon="6.546004">
        <ele>699.44</ele>
      </trkpt>
      <trkpt lat="45.726657006" lon="6.546221005">
        <ele>699.01</ele>
      </trkpt>
      <trkpt lat="45.726570001" lon="6.546430997">
        <ele>699.74</ele>
      </trkpt>
      <trkpt lat="45.726484997" lon="6.546591992">
        <ele>700.57</ele>
      </trkpt>
      <trkpt lat="45.726447999" lon="6.546656002">
        <ele>700.42</ele>
      </trkpt>
      <trkpt lat="45.726434943" lon="6.546679592">
        <ele>700.69</ele>
      </trkpt>
      <trkpt lat="45.726417004" lon="6.546711993">
        <ele>702.98</ele>
      </trkpt>
      <trkpt lat="45.726364995" lon="6.546805001">
        <ele>702.85</ele>
      </trkpt>
      <trkpt lat="45.726314" lon="6.546891008">
        <ele>702.55</ele>
      </trkpt>
      <trkpt lat="45.726213997" lon="6.547059997">
        <ele>701.71</ele>
      </trkpt>
      <trkpt lat="45.726190004" lon="6.547102009">
        <ele>702.52</ele>
      </trkpt>
      <trkpt lat="45.726105004" lon="6.547251998">
        <ele>698.86</ele>
      </trkpt>
      <trkpt lat="45.726019999" lon="6.547419001">
        <ele>697.4</ele>
      </trkpt>
      <trkpt lat="45.725960999" lon="6.547574004">
        <ele>696.7</ele>
      </trkpt>
      <trkpt lat="45.725944995" lon="6.547654007">
        <ele>696.22</ele>
      </trkpt>
      <trkpt lat="45.725920001" lon="6.547769005">
        <ele>693.77</ele>
      </trkpt>
      <trkpt lat="45.725880999" lon="6.548090993">
        <ele>693.7</ele>
      </trkpt>
      <trkpt lat="45.725838003" lon="6.548523999">
        <ele>693.72</ele>
      </trkpt>
      <trkpt lat="45.725796" lon="6.548998998">
        <ele>693.07</ele>
      </trkpt>
      <trkpt lat="45.725778994" lon="6.549260994">
        <ele>692.81</ele>
      </trkpt>
      <trkpt lat="45.725769002" lon="6.549371009">
        <ele>692.82</ele>
      </trkpt>
      <trkpt lat="45.725747001" lon="6.549625001">
        <ele>692.85</ele>
      </trkpt>
      <trkpt lat="45.725710999" lon="6.549928003">
        <ele>693.36</ele>
      </trkpt>
      <trkpt lat="45.725670997" lon="6.550210002">
        <ele>693.56</ele>
      </trkpt>
      <trkpt lat="45.725593996" lon="6.550618002">
        <ele>693.87</ele>
      </trkpt>
      <trkpt lat="45.725491997" lon="6.551003995">
        <ele>693.99</ele>
      </trkpt>
      <trkpt lat="45.725348999" lon="6.551463002">
        <ele>694.22</ele>
      </trkpt>
      <trkpt lat="45.725146998" lon="6.551936992">
        <ele>694.18</ele>
      </trkpt>
      <trkpt lat="45.724896" lon="6.552430004">
        <ele>694.5</ele>
      </trkpt>
      <trkpt lat="45.724695002" lon="6.552768005">
        <ele>694.64</ele>
      </trkpt>
      <trkpt lat="45.724625001" lon="6.552876">
        <ele>695.02</ele>
      </trkpt>
      <trkpt lat="45.724584002" lon="6.552943002">
        <ele>695.4</ele>
      </trkpt>
      <trkpt lat="45.724311" lon="6.553381001">
        <ele>695.83</ele>
      </trkpt>
      <trkpt lat="45.724086" lon="6.553734002">
        <ele>696.26</ele>
      </trkpt>
      <trkpt lat="45.723971996" lon="6.553901003">
        <ele>696.77</ele>
      </trkpt>
      <trkpt lat="45.723800997" lon="6.554184">
        <ele>697.54</ele>
      </trkpt>
      <trkpt lat="45.723630006" lon="6.554466996">
        <ele>698.01</ele>
      </trkpt>
      <trkpt lat="45.723406999" lon="6.554810992">
        <ele>698.3</ele>
      </trkpt>
      <trkpt lat="45.723183003" lon="6.555156003">
        <ele>698.62</ele>
      </trkpt>
      <trkpt lat="45.723122005" lon="6.555256">
        <ele>699.02</ele>
      </trkpt>
      <trkpt lat="45.722919002" lon="6.555580995">
        <ele>699.18</ele>
      </trkpt>
      <trkpt lat="45.722716002" lon="6.555906991">
        <ele>699.61</ele>
      </trkpt>
      <trkpt lat="45.722484003" lon="6.556272996">
        <ele>700.31</ele>
      </trkpt>
      <trkpt lat="45.722251998" lon="6.556640001">
        <ele>701.37</ele>
      </trkpt>
      <trkpt lat="45.721987999" lon="6.557072997">
        <ele>702.23</ele>
      </trkpt>
      <trkpt lat="45.721723002" lon="6.557507005">
        <ele>703</ele>
      </trkpt>
      <trkpt lat="45.721573001" lon="6.557762994">
        <ele>703.55</ele>
      </trkpt>
      <trkpt lat="45.721547003" lon="6.557811008">
        <ele>704.26</ele>
      </trkpt>
      <trkpt lat="45.721454003" lon="6.558014002">
        <ele>704.69</ele>
      </trkpt>
      <trkpt lat="45.721259004" lon="6.558489996">
        <ele>704.97</ele>
      </trkpt>
      <trkpt lat="45.721051001" lon="6.559046005">
        <ele>705.61</ele>
      </trkpt>
      <trkpt lat="45.720967004" lon="6.559264992">
        <ele>706.92</ele>
      </trkpt>
      <trkpt lat="45.720809003" lon="6.559700996">
        <ele>708.12</ele>
      </trkpt>
      <trkpt lat="45.720695" lon="6.560019996">
        <ele>708.69</ele>
      </trkpt>
      <trkpt lat="45.720580996" lon="6.560338995">
        <ele>710.25</ele>
      </trkpt>
      <trkpt lat="45.720471996" lon="6.560627996">
        <ele>710.67</ele>
      </trkpt>
      <trkpt lat="45.720432003" lon="6.560730005">
        <ele>710.68</ele>
      </trkpt>
      <trkpt lat="45.720388995" lon="6.560844997">
        <ele>710.7</ele>
      </trkpt>
      <trkpt lat="45.720322001" lon="6.561020999">
        <ele>711.08</ele>
      </trkpt>
      <trkpt lat="45.720246001" lon="6.561222994">
        <ele>710.86</ele>
      </trkpt>
      <trkpt lat="45.720120996" lon="6.561537998">
        <ele>711.51</ele>
      </trkpt>
      <trkpt lat="45.720003001" lon="6.561836002">
        <ele>712.19</ele>
      </trkpt>
      <trkpt lat="45.719920994" lon="6.562048006">
        <ele>712.67</ele>
      </trkpt>
      <trkpt lat="45.719793997" lon="6.562336999">
        <ele>715.69</ele>
      </trkpt>
      <trkpt lat="45.719715001" lon="6.562605998">
        <ele>716.89</ele>
      </trkpt>
      <trkpt lat="45.719666004" lon="6.562798006">
        <ele>720.11</ele>
      </trkpt>
      <trkpt lat="45.719608998" lon="6.563097003">
        <ele>720.12</ele>
      </trkpt>
      <trkpt lat="45.719585002" lon="6.563328996">
        <ele>720.3</ele>
      </trkpt>
      <trkpt lat="45.719562005" lon="6.563575004">
        <ele>718.34</ele>
      </trkpt>
      <trkpt lat="45.719553004" lon="6.563785997">
        <ele>717.7</ele>
      </trkpt>
      <trkpt lat="45.719554994" lon="6.564066997">
        <ele>715.28</ele>
      </trkpt>
      <trkpt lat="45.719562995" lon="6.564256">
        <ele>717.37</ele>
      </trkpt>
      <trkpt lat="45.719578996" lon="6.564499002">
        <ele>718.25</ele>
      </trkpt>
      <trkpt lat="45.719595999" lon="6.564657006">
        <ele>718.87</ele>
      </trkpt>
      <trkpt lat="45.719603997" lon="6.564824995">
        <ele>719.96</ele>
      </trkpt>
      <trkpt lat="45.719603997" lon="6.565147999">
        <ele>720.68</ele>
      </trkpt>
      <trkpt lat="45.719593997" lon="6.565499004">
        <ele>720.17</ele>
      </trkpt>
      <trkpt lat="45.719631998" lon="6.565832">
        <ele>720.35</ele>
      </trkpt>
      <trkpt lat="45.719671002" lon="6.566088004">
        <ele>720.71</ele>
      </trkpt>
      <trkpt lat="45.719685006" lon="6.566285992">
        <ele>720.71</ele>
      </trkpt>
      <trkpt lat="45.719721002" lon="6.566867008">
        <ele>720.82</ele>
      </trkpt>
      <trkpt lat="45.719754997" lon="6.567357995">
        <ele>720.78</ele>
      </trkpt>
      <trkpt lat="45.719789002" lon="6.56785">
        <ele>721.56</ele>
      </trkpt>
      <trkpt lat="45.719828001" lon="6.568430994">
        <ele>722.62</ele>
      </trkpt>
      <trkpt lat="45.719868001" lon="6.569013006">
        <ele>723.99</ele>
      </trkpt>
      <trkpt lat="45.719897998" lon="6.569431003">
        <ele>725.64</ele>
      </trkpt>
      <trkpt lat="45.719927002" lon="6.569849002">
        <ele>727.3</ele>
      </trkpt>
      <trkpt lat="45.719952003" lon="6.570169994">
        <ele>728.31</ele>
      </trkpt>
      <trkpt lat="45.719977002" lon="6.570491">
        <ele>728.8</ele>
      </trkpt>
      <trkpt lat="45.720020001" lon="6.571029005">
        <ele>729.33</ele>
      </trkpt>
      <trkpt lat="45.720027001" lon="6.571350998">
        <ele>729.53</ele>
      </trkpt>
      <trkpt lat="45.720029998" lon="6.571524007">
        <ele>729.84</ele>
      </trkpt>
      <trkpt lat="45.720028002" lon="6.571671998">
        <ele>730.37</ele>
      </trkpt>
      <trkpt lat="45.720018004" lon="6.571822998">
        <ele>730.99</ele>
      </trkpt>
      <trkpt lat="45.719996998" lon="6.572038005">
        <ele>731.49</ele>
      </trkpt>
      <trkpt lat="45.719976996" lon="6.572039993">
        <ele>731.99</ele>
      </trkpt>
      <trkpt lat="45.719946" lon="6.572046998">
        <ele>732.3</ele>
      </trkpt>
      <trkpt lat="45.719910998" lon="6.572078002">
        <ele>732.42</ele>
      </trkpt>
      <trkpt lat="45.719890998" lon="6.572115998">
        <ele>732.49</ele>
      </trkpt>
      <trkpt lat="45.719878001" lon="6.572167997">
        <ele>732.49</ele>
      </trkpt>
      <trkpt lat="45.719882999" lon="6.572224995">
        <ele>732.46</ele>
      </trkpt>
      <trkpt lat="45.719903994" lon="6.572271006">
        <ele>733.77</ele>
      </trkpt>
      <trkpt lat="45.719948004" lon="6.572308995">
        <ele>734.88</ele>
      </trkpt>
      <trkpt lat="45.719892001" lon="6.572438002">
        <ele>734.89</ele>
      </trkpt>
      <trkpt lat="45.719680001" lon="6.572837001">
        <ele>735.7</ele>
      </trkpt>
      <trkpt lat="45.719476996" lon="6.573230002">
        <ele>735.67</ele>
      </trkpt>
      <trkpt lat="45.719369002" lon="6.573420002">
        <ele>735.23</ele>
      </trkpt>
      <trkpt lat="45.719261995" lon="6.573576001">
        <ele>735.15</ele>
      </trkpt>
      <trkpt lat="45.719175001" lon="6.573703001">
        <ele>735.34</ele>
      </trkpt>
      <trkpt lat="45.719089999" lon="6.573803002">
        <ele>734.85</ele>
      </trkpt>
      <trkpt lat="45.719018998" lon="6.57386">
        <ele>735.13</ele>
      </trkpt>
      <trkpt lat="45.718921004" lon="6.573896993">
        <ele>734.42</ele>
      </trkpt>
      <trkpt lat="45.718931" lon="6.573948998">
        <ele>733.53</ele>
      </trkpt>
      <trkpt lat="45.718920999" lon="6.573999993">
        <ele>733.46</ele>
      </trkpt>
      <trkpt lat="45.718901003" lon="6.574043006">
        <ele>733.32</ele>
      </trkpt>
      <trkpt lat="45.718862996" lon="6.574062992">
        <ele>733.29</ele>
      </trkpt>
      <trkpt lat="45.718827004" lon="6.574053007">
        <ele>734.02</ele>
      </trkpt>
      <trkpt lat="45.718802004" lon="6.574027005">
        <ele>736.05</ele>
      </trkpt>
      <trkpt lat="45.718627002" lon="6.574265995">
        <ele>737.97</ele>
      </trkpt>
      <trkpt lat="45.718417998" lon="6.574535998">
        <ele>739.71</ele>
      </trkpt>
      <trkpt lat="45.718352003" lon="6.574623006">
        <ele>741.1</ele>
      </trkpt>
      <trkpt lat="45.718297995" lon="6.574695">
        <ele>742.14</ele>
      </trkpt>
      <trkpt lat="45.718084003" lon="6.574973003">
        <ele>742.16</ele>
      </trkpt>
      <trkpt lat="45.717966998" lon="6.575104002">
        <ele>742.33</ele>
      </trkpt>
      <trkpt lat="45.717887469" lon="6.575206675">
        <ele>743.45</ele>
      </trkpt>
    </trkseg>
  </trk>
</gpx>