<?xml version="1.0" encoding="UTF-8"?>
<gpx creator="Loopi" version="1.1" xmlns="http://www.topografix.com/GPX/1/1" xmlns:xsi="http://www.w3.org/2001/XMLSchema-instance" xsi:schemaLocation="http://www.topografix.com/GPX/1/1 http://www.topografix.com/GPX/1/1/gpx.xsd http://www.garmin.com/xmlschemas/GpxExtensions/v3 http://www.garmin.com/xmlschemas/GpxExtensionsv3.xsd http://www.garmin.com/xmlschemas/TrackPointExtension/v1 http://www.garmin.com/xmlschemas/TrackPointExtensionv1.xsd">
  <metadata>
    <name>Activity</name>
  </metadata>
  <trk>
    <name>Beaufort-sur-Doron / Bourg-Saint-Maurice</name>
    <trkseg>
      <trkpt lat="45.717887469" lon="6.575206675">
        <ele>743.45</ele>
      </trkpt>
      <trkpt lat="45.717609" lon="6.575428999">
        <ele>743.11</ele>
      </trkpt>
      <trkpt lat="45.717456994" lon="6.575532999">
        <ele>745.8</ele>
      </trkpt>
      <trkpt lat="45.717397998" lon="6.575572999">
        <ele>746.94</ele>
      </trkpt>
      <trkpt lat="45.717324001" lon="6.575620998">
        <ele>748.42</ele>
      </trkpt>
      <trkpt lat="45.717183002" lon="6.575715003">
        <ele>748.98</ele>
      </trkpt>
      <trkpt lat="45.717103999" lon="6.575781002">
        <ele>749.43</ele>
      </trkpt>
      <trkpt lat="45.716948998" lon="6.575911997">
        <ele>749.35</ele>
      </trkpt>
      <trkpt lat="45.716884998" lon="6.575959998">
        <ele>749.85</ele>
      </trkpt>
      <trkpt lat="45.716824003" lon="6.575989998">
        <ele>750.8</ele>
      </trkpt>
      <trkpt lat="45.716597999" lon="6.576114995">
        <ele>751.19</ele>
      </trkpt>
      <trkpt lat="45.716374004" lon="6.576176991">
        <ele>752.61</ele>
      </trkpt>
      <trkpt lat="45.716203997" lon="6.576207994">
        <ele>753.8</ele>
      </trkpt>
      <trkpt lat="45.716017003" lon="6.576232003">
        <ele>754.31</ele>
      </trkpt>
      <trkpt lat="45.715665995" lon="6.576249004">
        <ele>754.85</ele>
      </trkpt>
      <trkpt lat="45.715314005" lon="6.576265993">
        <ele>756.58</ele>
      </trkpt>
      <trkpt lat="45.714986" lon="6.576281007">
        <ele>758.42</ele>
      </trkpt>
      <trkpt lat="45.714900997" lon="6.576309993">
        <ele>760.27</ele>
      </trkpt>
      <trkpt lat="45.71481" lon="6.576371005">
        <ele>762.15</ele>
      </trkpt>
      <trkpt lat="45.714712002" lon="6.576443002">
        <ele>763.13</ele>
      </trkpt>
      <trkpt lat="45.714637005" lon="6.576511997">
        <ele>763.78</ele>
      </trkpt>
      <trkpt lat="45.714600002" lon="6.576557998">
        <ele>763.34</ele>
      </trkpt>
      <trkpt lat="45.714578001" lon="6.576586003">
        <ele>763.02</ele>
      </trkpt>
      <trkpt lat="45.714518002" lon="6.576702999">
        <ele>762.68</ele>
      </trkpt>
      <trkpt lat="45.714466995" lon="6.576816999">
        <ele>762.62</ele>
      </trkpt>
      <trkpt lat="45.714417002" lon="6.576954999">
        <ele>763.69</ele>
      </trkpt>
      <trkpt lat="45.714333996" lon="6.577362998">
        <ele>763.99</ele>
      </trkpt>
      <trkpt lat="45.714261003" lon="6.577776996">
        <ele>764.84</ele>
      </trkpt>
      <trkpt lat="45.714249996" lon="6.577946997">
        <ele>766.58</ele>
      </trkpt>
      <trkpt lat="45.714186004" lon="6.578240996">
        <ele>768.43</ele>
      </trkpt>
      <trkpt lat="45.714140998" lon="6.578357004">
        <ele>769.32</ele>
      </trkpt>
      <trkpt lat="45.714071002" lon="6.578487003">
        <ele>773.96</ele>
      </trkpt>
      <trkpt lat="45.713936999" lon="6.578691001">
        <ele>782.44</ele>
      </trkpt>
      <trkpt lat="45.713716999" lon="6.578979001">
        <ele>786.37</ele>
      </trkpt>
      <trkpt lat="45.713460996" lon="6.579346993">
        <ele>791.45</ele>
      </trkpt>
      <trkpt lat="45.713339002" lon="6.579588">
        <ele>797.06</ele>
      </trkpt>
      <trkpt lat="45.713250999" lon="6.579797005">
        <ele>799.6</ele>
      </trkpt>
      <trkpt lat="45.713228002" lon="6.579919004">
        <ele>798.9</ele>
      </trkpt>
      <trkpt lat="45.713230004" lon="6.580070993">
        <ele>801.56</ele>
      </trkpt>
      <trkpt lat="45.713257001" lon="6.580472002">
        <ele>804.27</ele>
      </trkpt>
      <trkpt lat="45.713248" lon="6.58061">
        <ele>805.03</ele>
      </trkpt>
      <trkpt lat="45.713149001" lon="6.580951004">
        <ele>805.94</ele>
      </trkpt>
      <trkpt lat="45.713050002" lon="6.581291995">
        <ele>805.88</ele>
      </trkpt>
      <trkpt lat="45.713031001" lon="6.581413003">
        <ele>806.25</ele>
      </trkpt>
      <trkpt lat="45.713018001" lon="6.581567005">
        <ele>804.65</ele>
      </trkpt>
      <trkpt lat="45.713039003" lon="6.581789001">
        <ele>810.14</ele>
      </trkpt>
      <trkpt lat="45.713026002" lon="6.581944998">
        <ele>812.26</ele>
      </trkpt>
      <trkpt lat="45.712996002" lon="6.582056994">
        <ele>813.47</ele>
      </trkpt>
      <trkpt lat="45.712868998" lon="6.582389">
        <ele>816.87</ele>
      </trkpt>
      <trkpt lat="45.712741002" lon="6.582721004">
        <ele>822</ele>
      </trkpt>
      <trkpt lat="45.712555004" lon="6.583138996">
        <ele>821.25</ele>
      </trkpt>
      <trkpt lat="45.712501" lon="6.583276996">
        <ele>823.76</ele>
      </trkpt>
      <trkpt lat="45.712445998" lon="6.583389994">
        <ele>836.83</ele>
      </trkpt>
      <trkpt lat="45.712224" lon="6.583738997">
        <ele>841.53</ele>
      </trkpt>
      <trkpt lat="45.712069" lon="6.583996004">
        <ele>846.59</ele>
      </trkpt>
      <trkpt lat="45.711982998" lon="6.584203005">
        <ele>851.72</ele>
      </trkpt>
      <trkpt lat="45.711958998" lon="6.584303999">
        <ele>858.64</ele>
      </trkpt>
      <trkpt lat="45.711929999" lon="6.584569998">
        <ele>860.53</ele>
      </trkpt>
      <trkpt lat="45.711891001" lon="6.585081005">
        <ele>871.02</ele>
      </trkpt>
      <trkpt lat="45.711858999" lon="6.585631003">
        <ele>881.51</ele>
      </trkpt>
      <trkpt lat="45.711828" lon="6.586181991">
        <ele>888.87</ele>
      </trkpt>
      <trkpt lat="45.711781004" lon="6.586525001">
        <ele>890.72</ele>
      </trkpt>
      <trkpt lat="45.711758003" lon="6.586651999">
        <ele>886.95</ele>
      </trkpt>
      <trkpt lat="45.711639997" lon="6.587037005">
        <ele>885.84</ele>
      </trkpt>
      <trkpt lat="45.711565003" lon="6.587208995">
        <ele>877.34</ele>
      </trkpt>
      <trkpt lat="45.711501998" lon="6.587331993">
        <ele>872.69</ele>
      </trkpt>
      <trkpt lat="45.711461995" lon="6.587502008">
        <ele>868.75</ele>
      </trkpt>
      <trkpt lat="45.711432001" lon="6.587739001">
        <ele>864.57</ele>
      </trkpt>
      <trkpt lat="45.711399004" lon="6.587890001">
        <ele>854.42</ele>
      </trkpt>
      <trkpt lat="45.711315998" lon="6.588359005">
        <ele>850.7</ele>
      </trkpt>
      <trkpt lat="45.711265998" lon="6.588584996">
        <ele>845.99</ele>
      </trkpt>
      <trkpt lat="45.711182998" lon="6.588910004">
        <ele>843.83</ele>
      </trkpt>
      <trkpt lat="45.711099" lon="6.589236002">
        <ele>842.51</ele>
      </trkpt>
      <trkpt lat="45.711031994" lon="6.589404994">
        <ele>844.12</ele>
      </trkpt>
      <trkpt lat="45.710977996" lon="6.589470995">
        <ele>845.04</ele>
      </trkpt>
      <trkpt lat="45.710938999" lon="6.589504991">
        <ele>845.01</ele>
      </trkpt>
      <trkpt lat="45.710910005" lon="6.589532008">
        <ele>845.74</ele>
      </trkpt>
      <trkpt lat="45.710822002" lon="6.589609992">
        <ele>846.78</ele>
      </trkpt>
      <trkpt lat="45.710729002" lon="6.589682994">
        <ele>846.07</ele>
      </trkpt>
      <trkpt lat="45.710710999" lon="6.589702">
        <ele>845.66</ele>
      </trkpt>
      <trkpt lat="45.710525005" lon="6.589883992">
        <ele>846.46</ele>
      </trkpt>
      <trkpt lat="45.710324004" lon="6.590046994">
        <ele>846.93</ele>
      </trkpt>
      <trkpt lat="45.710103002" lon="6.590188998">
        <ele>847.34</ele>
      </trkpt>
      <trkpt lat="45.710030995" lon="6.590221004">
        <ele>847.55</ele>
      </trkpt>
      <trkpt lat="45.709973998" lon="6.590223003">
        <ele>847.47</ele>
      </trkpt>
      <trkpt lat="45.709932998" lon="6.590206997">
        <ele>847.36</ele>
      </trkpt>
      <trkpt lat="45.709909998" lon="6.590180002">
        <ele>847.12</ele>
      </trkpt>
      <trkpt lat="45.709898006" lon="6.590133997">
        <ele>846.81</ele>
      </trkpt>
      <trkpt lat="45.709894998" lon="6.590084999">
        <ele>846.46</ele>
      </trkpt>
      <trkpt lat="45.709902002" lon="6.590042003">
        <ele>846.12</ele>
      </trkpt>
      <trkpt lat="45.709926001" lon="6.590006004">
        <ele>849.01</ele>
      </trkpt>
      <trkpt lat="45.709962999" lon="6.589979006">
        <ele>852.81</ele>
      </trkpt>
      <trkpt lat="45.710035002" lon="6.589944001">
        <ele>852.95</ele>
      </trkpt>
      <trkpt lat="45.710133003" lon="6.589877">
        <ele>853.26</ele>
      </trkpt>
      <trkpt lat="45.710171995" lon="6.589846001">
        <ele>853.64</ele>
      </trkpt>
      <trkpt lat="45.710205999" lon="6.589797">
        <ele>850.7</ele>
      </trkpt>
      <trkpt lat="45.710246" lon="6.589724996">
        <ele>848.71</ele>
      </trkpt>
      <trkpt lat="45.710280998" lon="6.589597007">
        <ele>850.16</ele>
      </trkpt>
      <trkpt lat="45.710288994" lon="6.589524006">
        <ele>851.27</ele>
      </trkpt>
      <trkpt lat="45.710283999" lon="6.589457006">
        <ele>852.12</ele>
      </trkpt>
      <trkpt lat="45.710273002" lon="6.589413999">
        <ele>852.91</ele>
      </trkpt>
      <trkpt lat="45.710253002" lon="6.589380006">
        <ele>851.71</ele>
      </trkpt>
      <trkpt lat="45.710226997" lon="6.589360999">
        <ele>850.66</ele>
      </trkpt>
      <trkpt lat="45.710192006" lon="6.589357003">
        <ele>855.37</ele>
      </trkpt>
      <trkpt lat="45.710160004" lon="6.589360998">
        <ele>860.53</ele>
      </trkpt>
      <trkpt lat="45.710125999" lon="6.589386003">
        <ele>866.39</ele>
      </trkpt>
      <trkpt lat="45.710096001" lon="6.589424997">
        <ele>866.55</ele>
      </trkpt>
      <trkpt lat="45.710063001" lon="6.589493994">
        <ele>867.01</ele>
      </trkpt>
      <trkpt lat="45.710037999" lon="6.589568001">
        <ele>861.84</ele>
      </trkpt>
      <trkpt lat="45.710007995" lon="6.589624995">
        <ele>863.03</ele>
      </trkpt>
      <trkpt lat="45.709960002" lon="6.589685002">
        <ele>863.18</ele>
      </trkpt>
      <trkpt lat="45.709774004" lon="6.589824995">
        <ele>863.17</ele>
      </trkpt>
      <trkpt lat="45.709715005" lon="6.589883">
        <ele>868.56</ele>
      </trkpt>
      <trkpt lat="45.709609" lon="6.589991002">
        <ele>875.25</ele>
      </trkpt>
      <trkpt lat="45.709529998" lon="6.590108991">
        <ele>872.43</ele>
      </trkpt>
      <trkpt lat="45.709228" lon="6.590577996">
        <ele>870.17</ele>
      </trkpt>
      <trkpt lat="45.708926004" lon="6.591047999">
        <ele>872.52</ele>
      </trkpt>
      <trkpt lat="45.708855002" lon="6.591160999">
        <ele>871.32</ele>
      </trkpt>
      <trkpt lat="45.708760003" lon="6.591331997">
        <ele>868.77</ele>
      </trkpt>
      <trkpt lat="45.708693997" lon="6.591464993">
        <ele>869.01</ele>
      </trkpt>
      <trkpt lat="45.708628003" lon="6.591560008">
        <ele>869.11</ele>
      </trkpt>
      <trkpt lat="45.708581996" lon="6.591608008">
        <ele>869.96</ele>
      </trkpt>
      <trkpt lat="45.708551004" lon="6.591624999">
        <ele>871.13</ele>
      </trkpt>
      <trkpt lat="45.708423002" lon="6.591654998">
        <ele>872.05</ele>
      </trkpt>
      <trkpt lat="45.708124003" lon="6.591703005">
        <ele>873.04</ele>
      </trkpt>
      <trkpt lat="45.708040999" lon="6.591733007">
        <ele>876.99</ele>
      </trkpt>
      <trkpt lat="45.707981996" lon="6.591775003">
        <ele>881.69</ele>
      </trkpt>
      <trkpt lat="45.707902004" lon="6.591880995">
        <ele>884.17</ele>
      </trkpt>
      <trkpt lat="45.707862006" lon="6.591953998">
        <ele>885.22</ele>
      </trkpt>
      <trkpt lat="45.707835001" lon="6.592027999">
        <ele>886.66</ele>
      </trkpt>
      <trkpt lat="45.707791996" lon="6.592153995">
        <ele>884.15</ele>
      </trkpt>
      <trkpt lat="45.707763005" lon="6.592288004">
        <ele>882.3</ele>
      </trkpt>
      <trkpt lat="45.707705002" lon="6.592577003">
        <ele>882.78</ele>
      </trkpt>
      <trkpt lat="45.707660994" lon="6.592748003">
        <ele>883.66</ele>
      </trkpt>
      <trkpt lat="45.707606995" lon="6.592874995">
        <ele>884.45</ele>
      </trkpt>
      <trkpt lat="45.707483997" lon="6.593115998">
        <ele>887.76</ele>
      </trkpt>
      <trkpt lat="45.707426001" lon="6.593229001">
        <ele>891.07</ele>
      </trkpt>
      <trkpt lat="45.707262002" lon="6.593530009">
        <ele>890.34</ele>
      </trkpt>
      <trkpt lat="45.707208002" lon="6.593656999">
        <ele>891.74</ele>
      </trkpt>
      <trkpt lat="45.707178998" lon="6.593747002">
        <ele>894.09</ele>
      </trkpt>
      <trkpt lat="45.707156004" lon="6.593882003">
        <ele>894.16</ele>
      </trkpt>
      <trkpt lat="45.707146003" lon="6.594117997">
        <ele>893.17</ele>
      </trkpt>
      <trkpt lat="45.707153997" lon="6.594308998">
        <ele>894.72</ele>
      </trkpt>
      <trkpt lat="45.707150004" lon="6.594579002">
        <ele>897.91</ele>
      </trkpt>
      <trkpt lat="45.707135002" lon="6.594782995">
        <ele>900.79</ele>
      </trkpt>
      <trkpt lat="45.707081" lon="6.595093002">
        <ele>907.3</ele>
      </trkpt>
      <trkpt lat="45.707067995" lon="6.595161002">
        <ele>910.86</ele>
      </trkpt>
      <trkpt lat="45.707053001" lon="6.595375995">
        <ele>915.48</ele>
      </trkpt>
      <trkpt lat="45.707053" lon="6.59545">
        <ele>921.14</ele>
      </trkpt>
      <trkpt lat="45.707057999" lon="6.595832999">
        <ele>924.35</ele>
      </trkpt>
      <trkpt lat="45.707063" lon="6.596217001">
        <ele>924.84</ele>
      </trkpt>
      <trkpt lat="45.707056001" lon="6.596415004">
        <ele>930.55</ele>
      </trkpt>
      <trkpt lat="45.707064997" lon="6.596860997">
        <ele>930.74</ele>
      </trkpt>
      <trkpt lat="45.707060002" lon="6.597061999">
        <ele>929.45</ele>
      </trkpt>
      <trkpt lat="45.707052003" lon="6.597533995">
        <ele>930.05</ele>
      </trkpt>
      <trkpt lat="45.70704" lon="6.597739006">
        <ele>930.98</ele>
      </trkpt>
      <trkpt lat="45.706972997" lon="6.598173003">
        <ele>933.13</ele>
      </trkpt>
      <trkpt lat="45.706875994" lon="6.598603">
        <ele>938.69</ele>
      </trkpt>
      <trkpt lat="45.706765997" lon="6.599052003">
        <ele>939.89</ele>
      </trkpt>
      <trkpt lat="45.706690997" lon="6.599443005">
        <ele>943.7</ele>
      </trkpt>
      <trkpt lat="45.706681998" lon="6.599680001">
        <ele>944.6</ele>
      </trkpt>
      <trkpt lat="45.706664997" lon="6.599898001">
        <ele>942.21</ele>
      </trkpt>
      <trkpt lat="45.706624" lon="6.600159996">
        <ele>939.83</ele>
      </trkpt>
      <trkpt lat="45.706579999" lon="6.600532005">
        <ele>942.77</ele>
      </trkpt>
      <trkpt lat="45.706574998" lon="6.600922997">
        <ele>940.92</ele>
      </trkpt>
      <trkpt lat="45.706602003" lon="6.601130006">
        <ele>943.78</ele>
      </trkpt>
      <trkpt lat="45.706643997" lon="6.601338995">
        <ele>945.93</ele>
      </trkpt>
      <trkpt lat="45.706691002" lon="6.601526001">
        <ele>948.93</ele>
      </trkpt>
      <trkpt lat="45.706760997" lon="6.601779994">
        <ele>949.87</ele>
      </trkpt>
      <trkpt lat="45.706907" lon="6.602261997">
        <ele>952.51</ele>
      </trkpt>
      <trkpt lat="45.706969001" lon="6.602424006">
        <ele>953.36</ele>
      </trkpt>
      <trkpt lat="45.707188" lon="6.602901995">
        <ele>955.11</ele>
      </trkpt>
      <trkpt lat="45.70728" lon="6.603164">
        <ele>955.67</ele>
      </trkpt>
      <trkpt lat="45.707335994" lon="6.603362996">
        <ele>953.85</ele>
      </trkpt>
      <trkpt lat="45.707379002" lon="6.603583005">
        <ele>957.63</ele>
      </trkpt>
      <trkpt lat="45.707422002" lon="6.603761006">
        <ele>960.88</ele>
      </trkpt>
      <trkpt lat="45.707463995" lon="6.604142008">
        <ele>961.53</ele>
      </trkpt>
      <trkpt lat="45.707483999" lon="6.604417992">
        <ele>965.27</ele>
      </trkpt>
      <trkpt lat="45.707507005" lon="6.604601008">
        <ele>973.15</ele>
      </trkpt>
      <trkpt lat="45.707521996" lon="6.604759004">
        <ele>971.32</ele>
      </trkpt>
      <trkpt lat="45.707517995" lon="6.604905996">
        <ele>970.85</ele>
      </trkpt>
      <trkpt lat="45.707488996" lon="6.605052993">
        <ele>973.72</ele>
      </trkpt>
      <trkpt lat="45.707445997" lon="6.605153002">
        <ele>985.6</ele>
      </trkpt>
      <trkpt lat="45.707377998" lon="6.605240998">
        <ele>997.21</ele>
      </trkpt>
      <trkpt lat="45.707327006" lon="6.605325999">
        <ele>1006.02</ele>
      </trkpt>
      <trkpt lat="45.707314" lon="6.605428993">
        <ele>1018.1</ele>
      </trkpt>
      <trkpt lat="45.707326005" lon="6.605598001">
        <ele>1023.54</ele>
      </trkpt>
      <trkpt lat="45.707340999" lon="6.605766007">
        <ele>1019.87</ele>
      </trkpt>
      <trkpt lat="45.707319002" lon="6.605974997">
        <ele>1005.51</ele>
      </trkpt>
      <trkpt lat="45.707300996" lon="6.606069997">
        <ele>1001.86</ele>
      </trkpt>
      <trkpt lat="45.707210999" lon="6.606279995">
        <ele>998.9</ele>
      </trkpt>
      <trkpt lat="45.707116004" lon="6.606466995">
        <ele>1006.63</ele>
      </trkpt>
      <trkpt lat="45.707047997" lon="6.606701006">
        <ele>1016.79</ele>
      </trkpt>
      <trkpt lat="45.707008003" lon="6.606887">
        <ele>1030.23</ele>
      </trkpt>
      <trkpt lat="45.706989002" lon="6.607074994">
        <ele>1030.49</ele>
      </trkpt>
      <trkpt lat="45.707012001" lon="6.607377998">
        <ele>1028.48</ele>
      </trkpt>
      <trkpt lat="45.707046002" lon="6.607538997">
        <ele>1018.68</ele>
      </trkpt>
      <trkpt lat="45.707076997" lon="6.607688002">
        <ele>1006.1</ele>
      </trkpt>
      <trkpt lat="45.707221001" lon="6.608122998">
        <ele>995.91</ele>
      </trkpt>
      <trkpt lat="45.707351001" lon="6.608564004">
        <ele>995.84</ele>
      </trkpt>
      <trkpt lat="45.707366005" lon="6.608694995">
        <ele>993.68</ele>
      </trkpt>
      <trkpt lat="45.707365997" lon="6.608756006">
        <ele>995.31</ele>
      </trkpt>
      <trkpt lat="45.707353002" lon="6.608839998">
        <ele>996.39</ele>
      </trkpt>
      <trkpt lat="45.707321004" lon="6.608934997">
        <ele>1002.35</ele>
      </trkpt>
      <trkpt lat="45.707198996" lon="6.609153">
        <ele>1009.94</ele>
      </trkpt>
      <trkpt lat="45.707078003" lon="6.609397006">
        <ele>1010.02</ele>
      </trkpt>
      <trkpt lat="45.707014001" lon="6.609587993">
        <ele>1009.2</ele>
      </trkpt>
      <trkpt lat="45.706929997" lon="6.610117004">
        <ele>1014.54</ele>
      </trkpt>
      <trkpt lat="45.706866" lon="6.610456001">
        <ele>1015.88</ele>
      </trkpt>
      <trkpt lat="45.706803002" lon="6.610794998">
        <ele>1016.11</ele>
      </trkpt>
      <trkpt lat="45.706770001" lon="6.611190005">
        <ele>1018.24</ele>
      </trkpt>
      <trkpt lat="45.706769" lon="6.611262002">
        <ele>1020.33</ele>
      </trkpt>
      <trkpt lat="45.706793004" lon="6.611343005">
        <ele>1014.36</ele>
      </trkpt>
      <trkpt lat="45.706851" lon="6.611417004">
        <ele>1009.94</ele>
      </trkpt>
      <trkpt lat="45.706945004" lon="6.611506002">
        <ele>1003.92</ele>
      </trkpt>
      <trkpt lat="45.707034002" lon="6.611602998">
        <ele>1003.06</ele>
      </trkpt>
      <trkpt lat="45.707107995" lon="6.611717001">
        <ele>1002.98</ele>
      </trkpt>
      <trkpt lat="45.707148998" lon="6.611836002">
        <ele>1003.06</ele>
      </trkpt>
      <trkpt lat="45.707160001" lon="6.612032003">
        <ele>1003.94</ele>
      </trkpt>
      <trkpt lat="45.707150999" lon="6.612172994">
        <ele>1005.78</ele>
      </trkpt>
      <trkpt lat="45.707126001" lon="6.612296999">
        <ele>1008.75</ele>
      </trkpt>
      <trkpt lat="45.707096997" lon="6.612391008">
        <ele>1010.25</ele>
      </trkpt>
      <trkpt lat="45.707052" lon="6.612482003">
        <ele>1012.35</ele>
      </trkpt>
      <trkpt lat="45.707045997" lon="6.612541001">
        <ele>1013.48</ele>
      </trkpt>
      <trkpt lat="45.707118004" lon="6.612923996">
        <ele>1014.39</ele>
      </trkpt>
      <trkpt lat="45.707122003" lon="6.613006999">
        <ele>1015.59</ele>
      </trkpt>
      <trkpt lat="45.707104996" lon="6.613086996">
        <ele>1017.8</ele>
      </trkpt>
      <trkpt lat="45.707057996" lon="6.613161996">
        <ele>1020.12</ele>
      </trkpt>
      <trkpt lat="45.707001003" lon="6.613213004">
        <ele>1021.13</ele>
      </trkpt>
      <trkpt lat="45.706926" lon="6.613339001">
        <ele>1022.53</ele>
      </trkpt>
      <trkpt lat="45.706880004" lon="6.613433005">
        <ele>1026.71</ele>
      </trkpt>
      <trkpt lat="45.706812994" lon="6.613638008">
        <ele>1027.44</ele>
      </trkpt>
      <trkpt lat="45.706766998" lon="6.613766004">
        <ele>1026.61</ele>
      </trkpt>
      <trkpt lat="45.706691999" lon="6.613943001">
        <ele>1028.15</ele>
      </trkpt>
      <trkpt lat="45.706546" lon="6.614399001">
        <ele>1030.35</ele>
      </trkpt>
      <trkpt lat="45.706454997" lon="6.614638998">
        <ele>1029.18</ele>
      </trkpt>
      <trkpt lat="45.706417006" lon="6.614787998">
        <ele>1029.06</ele>
      </trkpt>
      <trkpt lat="45.706405002" lon="6.614913994">
        <ele>1032.45</ele>
      </trkpt>
      <trkpt lat="45.706396995" lon="6.615474003">
        <ele>1037.12</ele>
      </trkpt>
      <trkpt lat="45.706404994" lon="6.615672997">
        <ele>1037.25</ele>
      </trkpt>
      <trkpt lat="45.706433997" lon="6.616151">
        <ele>1038.2</ele>
      </trkpt>
      <trkpt lat="45.706433999" lon="6.616358992">
        <ele>1039.27</ele>
      </trkpt>
      <trkpt lat="45.706425999" lon="6.616478997">
        <ele>1036.64</ele>
      </trkpt>
      <trkpt lat="45.706399003" lon="6.616851992">
        <ele>1033.55</ele>
      </trkpt>
      <trkpt lat="45.706373002" lon="6.617223997">
        <ele>1032.15</ele>
      </trkpt>
      <trkpt lat="45.706319995" lon="6.617844001">
        <ele>1041.03</ele>
      </trkpt>
      <trkpt lat="45.706289005" lon="6.618071001">
        <ele>1046.19</ele>
      </trkpt>
      <trkpt lat="45.706233999" lon="6.618383003">
        <ele>1047.65</ele>
      </trkpt>
      <trkpt lat="45.706150998" lon="6.618721001">
        <ele>1048.92</ele>
      </trkpt>
      <trkpt lat="45.706103001" lon="6.618875995">
        <ele>1052.15</ele>
      </trkpt>
      <trkpt lat="45.706009004" lon="6.619123005">
        <ele>1043.7</ele>
      </trkpt>
      <trkpt lat="45.705939999" lon="6.619239993">
        <ele>1041.34</ele>
      </trkpt>
      <trkpt lat="45.705872004" lon="6.619331998">
        <ele>1049.46</ele>
      </trkpt>
      <trkpt lat="45.705768001" lon="6.619439">
        <ele>1055.43</ele>
      </trkpt>
      <trkpt lat="45.705541003" lon="6.619645997">
        <ele>1059.68</ele>
      </trkpt>
      <trkpt lat="45.705405" lon="6.619780997">
        <ele>1061.6</ele>
      </trkpt>
      <trkpt lat="45.705333005" lon="6.619846003">
        <ele>1061.1</ele>
      </trkpt>
      <trkpt lat="45.705249997" lon="6.619898001">
        <ele>1055.95</ele>
      </trkpt>
      <trkpt lat="45.705156999" lon="6.619923999">
        <ele>1048.63</ele>
      </trkpt>
      <trkpt lat="45.704867" lon="6.62003">
        <ele>1046.3</ele>
      </trkpt>
      <trkpt lat="45.704658001" lon="6.620077994">
        <ele>1043.1</ele>
      </trkpt>
      <trkpt lat="45.704545005" lon="6.620126007">
        <ele>1047.66</ele>
      </trkpt>
      <trkpt lat="45.704377999" lon="6.620220993">
        <ele>1049.44</ele>
      </trkpt>
      <trkpt lat="45.703989" lon="6.620415997">
        <ele>1050.44</ele>
      </trkpt>
      <trkpt lat="45.703882998" lon="6.620457005">
        <ele>1049.39</ele>
      </trkpt>
      <trkpt lat="45.703790998" lon="6.620509994">
        <ele>1050.77</ele>
      </trkpt>
      <trkpt lat="45.703709001" lon="6.620559997">
        <ele>1046.44</ele>
      </trkpt>
      <trkpt lat="45.703625002" lon="6.620609998">
        <ele>1043.9</ele>
      </trkpt>
      <trkpt lat="45.703568003" lon="6.620664996">
        <ele>1045.33</ele>
      </trkpt>
      <trkpt lat="45.703534" lon="6.620711001">
        <ele>1045.25</ele>
      </trkpt>
      <trkpt lat="45.703514999" lon="6.620769002">
        <ele>1045.44</ele>
      </trkpt>
      <trkpt lat="45.703499997" lon="6.620819005">
        <ele>1045.08</ele>
      </trkpt>
      <trkpt lat="45.703487" lon="6.620860995">
        <ele>1045.62</ele>
      </trkpt>
      <trkpt lat="45.703477997" lon="6.620984003">
        <ele>1046.62</ele>
      </trkpt>
      <trkpt lat="45.703505995" lon="6.621127008">
        <ele>1047.47</ele>
      </trkpt>
      <trkpt lat="45.703559" lon="6.621251993">
        <ele>1046.93</ele>
      </trkpt>
      <trkpt lat="45.703627" lon="6.621310996">
        <ele>1046.39</ele>
      </trkpt>
      <trkpt lat="45.703730998" lon="6.621407995">
        <ele>1045.05</ele>
      </trkpt>
      <trkpt lat="45.703778999" lon="6.621557997">
        <ele>1043.43</ele>
      </trkpt>
      <trkpt lat="45.703790006" lon="6.621689997">
        <ele>1043.2</ele>
      </trkpt>
      <trkpt lat="45.703753999" lon="6.621836993">
        <ele>1044.32</ele>
      </trkpt>
      <trkpt lat="45.703744002" lon="6.621910996">
        <ele>1047.32</ele>
      </trkpt>
      <trkpt lat="45.703692004" lon="6.622291995">
        <ele>1050.54</ele>
      </trkpt>
      <trkpt lat="45.703639003" lon="6.622673005">
        <ele>1054.72</ele>
      </trkpt>
      <trkpt lat="45.703642" lon="6.622711">
        <ele>1057.9</ele>
      </trkpt>
      <trkpt lat="45.703655001" lon="6.622859997">
        <ele>1060.98</ele>
      </trkpt>
      <trkpt lat="45.703702996" lon="6.623087991">
        <ele>1063.55</ele>
      </trkpt>
      <trkpt lat="45.703760006" lon="6.623248994">
        <ele>1066.45</ele>
      </trkpt>
      <trkpt lat="45.703917999" lon="6.623532006">
        <ele>1068.81</ele>
      </trkpt>
      <trkpt lat="45.704091001" lon="6.623772994">
        <ele>1070.83</ele>
      </trkpt>
      <trkpt lat="45.704220995" lon="6.623891">
        <ele>1073.33</ele>
      </trkpt>
      <trkpt lat="45.704460002" lon="6.624075">
        <ele>1076.32</ele>
      </trkpt>
      <trkpt lat="45.704676998" lon="6.624235996">
        <ele>1081.11</ele>
      </trkpt>
      <trkpt lat="45.704785999" lon="6.624293999">
        <ele>1085.02</ele>
      </trkpt>
      <trkpt lat="45.704889999" lon="6.62432">
        <ele>1087.41</ele>
      </trkpt>
      <trkpt lat="45.705158005" lon="6.624327006">
        <ele>1089</ele>
      </trkpt>
      <trkpt lat="45.705237004" lon="6.624358997">
        <ele>1089.25</ele>
      </trkpt>
      <trkpt lat="45.705257996" lon="6.624384008">
        <ele>1086.93</ele>
      </trkpt>
      <trkpt lat="45.705263998" lon="6.624416">
        <ele>1085.39</ele>
      </trkpt>
      <trkpt lat="45.705271996" lon="6.624454002">
        <ele>1086.77</ele>
      </trkpt>
      <trkpt lat="45.705247997" lon="6.624558006">
        <ele>1086.36</ele>
      </trkpt>
      <trkpt lat="45.705183999" lon="6.624588998">
        <ele>1088.02</ele>
      </trkpt>
      <trkpt lat="45.704839998" lon="6.624539002">
        <ele>1091.66</ele>
      </trkpt>
      <trkpt lat="45.704693998" lon="6.624507997">
        <ele>1095.02</ele>
      </trkpt>
      <trkpt lat="45.704344005" lon="6.624454007">
        <ele>1097.23</ele>
      </trkpt>
      <trkpt lat="45.704061997" lon="6.624380995">
        <ele>1100.41</ele>
      </trkpt>
      <trkpt lat="45.703791004" lon="6.624280004">
        <ele>1102.93</ele>
      </trkpt>
      <trkpt lat="45.703642" lon="6.624204005">
        <ele>1103.95</ele>
      </trkpt>
      <trkpt lat="45.703419" lon="6.624065995">
        <ele>1105.4</ele>
      </trkpt>
      <trkpt lat="45.703196" lon="6.623927999">
        <ele>1106.76</ele>
      </trkpt>
      <trkpt lat="45.702984997" lon="6.623783008">
        <ele>1109.01</ele>
      </trkpt>
      <trkpt lat="45.702774004" lon="6.623638005">
        <ele>1111.68</ele>
      </trkpt>
      <trkpt lat="45.702619001" lon="6.623560998">
        <ele>1113.55</ele>
      </trkpt>
      <trkpt lat="45.702425005" lon="6.623422">
        <ele>1114.68</ele>
      </trkpt>
      <trkpt lat="45.702315" lon="6.623318997">
        <ele>1115.37</ele>
      </trkpt>
      <trkpt lat="45.702250002" lon="6.623245999">
        <ele>1116.56</ele>
      </trkpt>
      <trkpt lat="45.702146999" lon="6.623102996">
        <ele>1117.06</ele>
      </trkpt>
      <trkpt lat="45.701901001" lon="6.622647008">
        <ele>1119.76</ele>
      </trkpt>
      <trkpt lat="45.701682" lon="6.622255999">
        <ele>1123.66</ele>
      </trkpt>
      <trkpt lat="45.701462002" lon="6.621864002">
        <ele>1126.68</ele>
      </trkpt>
      <trkpt lat="45.701350001" lon="6.621632996">
        <ele>1131.47</ele>
      </trkpt>
      <trkpt lat="45.701276998" lon="6.621500004">
        <ele>1135.88</ele>
      </trkpt>
      <trkpt lat="45.701209002" lon="6.621323997">
        <ele>1138</ele>
      </trkpt>
      <trkpt lat="45.701178" lon="6.621199005">
        <ele>1137.71</ele>
      </trkpt>
      <trkpt lat="45.701124003" lon="6.620822003">
        <ele>1139.74</ele>
      </trkpt>
      <trkpt lat="45.701076" lon="6.620630005">
        <ele>1140.55</ele>
      </trkpt>
      <trkpt lat="45.701012996" lon="6.620461004">
        <ele>1139.87</ele>
      </trkpt>
      <trkpt lat="45.700949006" lon="6.620314002">
        <ele>1139.67</ele>
      </trkpt>
      <trkpt lat="45.700903995" lon="6.620159006">
        <ele>1140.06</ele>
      </trkpt>
      <trkpt lat="45.700900996" lon="6.619525993">
        <ele>1139.69</ele>
      </trkpt>
      <trkpt lat="45.700888997" lon="6.619329998">
        <ele>1138.35</ele>
      </trkpt>
      <trkpt lat="45.700831999" lon="6.619168996">
        <ele>1139.01</ele>
      </trkpt>
      <trkpt lat="45.700727004" lon="6.619048001">
        <ele>1141.74</ele>
      </trkpt>
      <trkpt lat="45.700607002" lon="6.618938991">
        <ele>1145.3</ele>
      </trkpt>
      <trkpt lat="45.700289996" lon="6.618730007">
        <ele>1148.56</ele>
      </trkpt>
      <trkpt lat="45.700157998" lon="6.618663002">
        <ele>1151.95</ele>
      </trkpt>
      <trkpt lat="45.699831" lon="6.618475996">
        <ele>1154.33</ele>
      </trkpt>
      <trkpt lat="45.699697" lon="6.618362999">
        <ele>1154.79</ele>
      </trkpt>
      <trkpt lat="45.699611004" lon="6.618254996">
        <ele>1155.43</ele>
      </trkpt>
      <trkpt lat="45.699530001" lon="6.618115005">
        <ele>1156.89</ele>
      </trkpt>
      <trkpt lat="45.699403002" lon="6.617945993">
        <ele>1159</ele>
      </trkpt>
      <trkpt lat="45.699293994" lon="6.617770003">
        <ele>1159.54</ele>
      </trkpt>
      <trkpt lat="45.699193001" lon="6.617544006">
        <ele>1162.25</ele>
      </trkpt>
      <trkpt lat="45.699085" lon="6.617216002">
        <ele>1164.44</ele>
      </trkpt>
      <trkpt lat="45.699005" lon="6.616944002">
        <ele>1165.88</ele>
      </trkpt>
      <trkpt lat="45.698922995" lon="6.616582001">
        <ele>1165.22</ele>
      </trkpt>
      <trkpt lat="45.698836998" lon="6.616264007">
        <ele>1167.31</ele>
      </trkpt>
      <trkpt lat="45.698758996" lon="6.615937004">
        <ele>1166.67</ele>
      </trkpt>
      <trkpt lat="45.698684998" lon="6.615678998">
        <ele>1166</ele>
      </trkpt>
      <trkpt lat="45.698603994" lon="6.615366003">
        <ele>1164.96</ele>
      </trkpt>
      <trkpt lat="45.698548002" lon="6.615196008">
        <ele>1165.63</ele>
      </trkpt>
      <trkpt lat="45.698470003" lon="6.614997997">
        <ele>1165.02</ele>
      </trkpt>
      <trkpt lat="45.698372999" lon="6.614852003">
        <ele>1164.92</ele>
      </trkpt>
      <trkpt lat="45.698252" lon="6.614705996">
        <ele>1166.71</ele>
      </trkpt>
      <trkpt lat="45.698161001" lon="6.614647009">
        <ele>1168.43</ele>
      </trkpt>
      <trkpt lat="45.697889004" lon="6.614605995">
        <ele>1170.53</ele>
      </trkpt>
      <trkpt lat="45.697738995" lon="6.614576005">
        <ele>1172.65</ele>
      </trkpt>
      <trkpt lat="45.697414002" lon="6.614487006">
        <ele>1174.99</ele>
      </trkpt>
      <trkpt lat="45.697329995" lon="6.614426998">
        <ele>1175.12</ele>
      </trkpt>
      <trkpt lat="45.697245996" lon="6.614352994">
        <ele>1177.08</ele>
      </trkpt>
      <trkpt lat="45.697119995" lon="6.614209997">
        <ele>1178.49</ele>
      </trkpt>
      <trkpt lat="45.697068002" lon="6.614167003">
        <ele>1180.02</ele>
      </trkpt>
      <trkpt lat="45.696992996" lon="6.614163001">
        <ele>1181.31</ele>
      </trkpt>
      <trkpt lat="45.696933004" lon="6.614208001">
        <ele>1183.38</ele>
      </trkpt>
      <trkpt lat="45.696903003" lon="6.614326008">
        <ele>1183.72</ele>
      </trkpt>
      <trkpt lat="45.696923998" lon="6.614440002">
        <ele>1183.98</ele>
      </trkpt>
      <trkpt lat="45.697006999" lon="6.614534998">
        <ele>1185.39</ele>
      </trkpt>
      <trkpt lat="45.697095002" lon="6.614598008">
        <ele>1187.07</ele>
      </trkpt>
      <trkpt lat="45.697241006" lon="6.614738995">
        <ele>1189.19</ele>
      </trkpt>
      <trkpt lat="45.697461998" lon="6.614980001">
        <ele>1191.57</ele>
      </trkpt>
      <trkpt lat="45.697681997" lon="6.615270998">
        <ele>1194.72</ele>
      </trkpt>
      <trkpt lat="45.697762004" lon="6.615392995">
        <ele>1197.69</ele>
      </trkpt>
      <trkpt lat="45.697851994" lon="6.615577998">
        <ele>1199.94</ele>
      </trkpt>
      <trkpt lat="45.698001997" lon="6.615867007">
        <ele>1202.88</ele>
      </trkpt>
      <trkpt lat="45.698059002" lon="6.616012999">
        <ele>1207.09</ele>
      </trkpt>
      <trkpt lat="45.698100004" lon="6.616164993">
        <ele>1209.01</ele>
      </trkpt>
      <trkpt lat="45.698113" lon="6.616297005">
        <ele>1211.62</ele>
      </trkpt>
      <trkpt lat="45.698102004" lon="6.616445998">
        <ele>1216.26</ele>
      </trkpt>
      <trkpt lat="45.698080002" lon="6.616585999">
        <ele>1219.6</ele>
      </trkpt>
      <trkpt lat="45.698060995" lon="6.616706">
        <ele>1219.09</ele>
      </trkpt>
      <trkpt lat="45.697971994" lon="6.617138006">
        <ele>1222.25</ele>
      </trkpt>
      <trkpt lat="45.697958997" lon="6.617292">
        <ele>1224.64</ele>
      </trkpt>
      <trkpt lat="45.697963005" lon="6.617478997">
        <ele>1224.02</ele>
      </trkpt>
      <trkpt lat="45.698021996" lon="6.617967998">
        <ele>1224.25</ele>
      </trkpt>
      <trkpt lat="45.698072996" lon="6.618601006">
        <ele>1225.12</ele>
      </trkpt>
      <trkpt lat="45.698086003" lon="6.618717994">
        <ele>1224.84</ele>
      </trkpt>
      <trkpt lat="45.698112002" lon="6.618852003">
        <ele>1222.92</ele>
      </trkpt>
      <trkpt lat="45.698159997" lon="6.618985997">
        <ele>1222.29</ele>
      </trkpt>
      <trkpt lat="45.698222996" lon="6.619165008">
        <ele>1220.33</ele>
      </trkpt>
      <trkpt lat="45.698336999" lon="6.619410997">
        <ele>1220.49</ele>
      </trkpt>
      <trkpt lat="45.698515003" lon="6.619679997">
        <ele>1219.98</ele>
      </trkpt>
      <trkpt lat="45.698627004" lon="6.619866">
        <ele>1222.35</ele>
      </trkpt>
      <trkpt lat="45.698654" lon="6.619959991">
        <ele>1226</ele>
      </trkpt>
      <trkpt lat="45.698623998" lon="6.620083994">
        <ele>1229.18</ele>
      </trkpt>
      <trkpt lat="45.698572002" lon="6.620094997">
        <ele>1231.48</ele>
      </trkpt>
      <trkpt lat="45.698515" lon="6.620048003">
        <ele>1233.12</ele>
      </trkpt>
      <trkpt lat="45.698324999" lon="6.619719003">
        <ele>1233.52</ele>
      </trkpt>
      <trkpt lat="45.698250996" lon="6.619566002">
        <ele>1232.32</ele>
      </trkpt>
      <trkpt lat="45.698152003" lon="6.619426005">
        <ele>1233.83</ele>
      </trkpt>
      <trkpt lat="45.698028002" lon="6.619274004">
        <ele>1236.93</ele>
      </trkpt>
      <trkpt lat="45.697757" lon="6.618891004">
        <ele>1239.86</ele>
      </trkpt>
      <trkpt lat="45.697718996" lon="6.618798997">
        <ele>1240.97</ele>
      </trkpt>
      <trkpt lat="45.697693001" lon="6.61871">
        <ele>1243.51</ele>
      </trkpt>
      <trkpt lat="45.697654" lon="6.618588996">
        <ele>1243.57</ele>
      </trkpt>
      <trkpt lat="45.697580997" lon="6.618187996">
        <ele>1243.52</ele>
      </trkpt>
      <trkpt lat="45.697528001" lon="6.618011006">
        <ele>1243.27</ele>
      </trkpt>
      <trkpt lat="45.697482003" lon="6.617897007">
        <ele>1244.51</ele>
      </trkpt>
      <trkpt lat="45.697395996" lon="6.617713008">
        <ele>1244.62</ele>
      </trkpt>
      <trkpt lat="45.697296997" lon="6.617485002">
        <ele>1246.21</ele>
      </trkpt>
      <trkpt lat="45.697182001" lon="6.617173004">
        <ele>1245.64</ele>
      </trkpt>
      <trkpt lat="45.697065998" lon="6.616861996">
        <ele>1250.34</ele>
      </trkpt>
      <trkpt lat="45.697012996" lon="6.616738999">
        <ele>1254.02</ele>
      </trkpt>
      <trkpt lat="45.696956998" lon="6.616686003">
        <ele>1257.99</ele>
      </trkpt>
      <trkpt lat="45.696883001" lon="6.616683993">
        <ele>1258.04</ele>
      </trkpt>
      <trkpt lat="45.696831996" lon="6.616718001">
        <ele>1260.74</ele>
      </trkpt>
      <trkpt lat="45.696815002" lon="6.616857001">
        <ele>1258.73</ele>
      </trkpt>
      <trkpt lat="45.696837002" lon="6.616998">
        <ele>1259.83</ele>
      </trkpt>
      <trkpt lat="45.696882994" lon="6.617193">
        <ele>1261.9</ele>
      </trkpt>
      <trkpt lat="45.696956004" lon="6.617508">
        <ele>1264.51</ele>
      </trkpt>
      <trkpt lat="45.697039001" lon="6.617841007">
        <ele>1265.99</ele>
      </trkpt>
      <trkpt lat="45.697122" lon="6.618175006">
        <ele>1270.13</ele>
      </trkpt>
      <trkpt lat="45.697219" lon="6.618566999">
        <ele>1269.52</ele>
      </trkpt>
      <trkpt lat="45.697259005" lon="6.618790001">
        <ele>1267.77</ele>
      </trkpt>
      <trkpt lat="45.697295995" lon="6.618951999">
        <ele>1268.11</ele>
      </trkpt>
      <trkpt lat="45.697393998" lon="6.619175003">
        <ele>1268.76</ele>
      </trkpt>
      <trkpt lat="45.697491" lon="6.619321994">
        <ele>1267.26</ele>
      </trkpt>
      <trkpt lat="45.697693998" lon="6.619708003">
        <ele>1268.15</ele>
      </trkpt>
      <trkpt lat="45.697765997" lon="6.619858002">
        <ele>1271.12</ele>
      </trkpt>
      <trkpt lat="45.697836997" lon="6.620040997">
        <ele>1274.9</ele>
      </trkpt>
      <trkpt lat="45.697981" lon="6.620358995">
        <ele>1277.77</ele>
      </trkpt>
      <trkpt lat="45.698113998" lon="6.620611002">
        <ele>1279.98</ele>
      </trkpt>
      <trkpt lat="45.698209" lon="6.620730993">
        <ele>1281.45</ele>
      </trkpt>
      <trkpt lat="45.698296001" lon="6.620799004">
        <ele>1280.47</ele>
      </trkpt>
      <trkpt lat="45.698373999" lon="6.620871996">
        <ele>1279.53</ele>
      </trkpt>
      <trkpt lat="45.698445995" lon="6.620955002">
        <ele>1279.48</ele>
      </trkpt>
      <trkpt lat="45.698474" lon="6.621093003">
        <ele>1281.07</ele>
      </trkpt>
      <trkpt lat="45.698473002" lon="6.621185997">
        <ele>1286.04</ele>
      </trkpt>
      <trkpt lat="45.698466003" lon="6.621289006">
        <ele>1290.9</ele>
      </trkpt>
      <trkpt lat="45.698425005" lon="6.621578003">
        <ele>1297.52</ele>
      </trkpt>
      <trkpt lat="45.698480002" lon="6.621879">
        <ele>1303.96</ele>
      </trkpt>
      <trkpt lat="45.698501997" lon="6.622054995">
        <ele>1309.77</ele>
      </trkpt>
      <trkpt lat="45.698568994" lon="6.622321994">
        <ele>1314.97</ele>
      </trkpt>
      <trkpt lat="45.698772001" lon="6.622853993">
        <ele>1319.03</ele>
      </trkpt>
      <trkpt lat="45.698975" lon="6.623385006">
        <ele>1319.98</ele>
      </trkpt>
      <trkpt lat="45.699008998" lon="6.623537">
        <ele>1323.25</ele>
      </trkpt>
      <trkpt lat="45.699095006" lon="6.624011992">
        <ele>1328.26</ele>
      </trkpt>
      <trkpt lat="45.699173003" lon="6.624473996">
        <ele>1328.67</ele>
      </trkpt>
      <trkpt lat="45.699250997" lon="6.624936">
        <ele>1328.58</ele>
      </trkpt>
      <trkpt lat="45.699284997" lon="6.625129008">
        <ele>1332.35</ele>
      </trkpt>
      <trkpt lat="45.699370003" lon="6.625541998">
        <ele>1334.21</ele>
      </trkpt>
      <trkpt lat="45.699455994" lon="6.625953999">
        <ele>1334.2</ele>
      </trkpt>
      <trkpt lat="45.699519005" lon="6.626098997">
        <ele>1336.2</ele>
      </trkpt>
      <trkpt lat="45.699594998" lon="6.626220996">
        <ele>1339.3</ele>
      </trkpt>
      <trkpt lat="45.699849001" lon="6.626584997">
        <ele>1337.58</ele>
      </trkpt>
      <trkpt lat="45.699931995" lon="6.62669">
        <ele>1335.14</ele>
      </trkpt>
      <trkpt lat="45.700032997" lon="6.626778006">
        <ele>1331.6</ele>
      </trkpt>
      <trkpt lat="45.700153996" lon="6.626901995">
        <ele>1327.62</ele>
      </trkpt>
      <trkpt lat="45.700248995" lon="6.627023005">
        <ele>1325.05</ele>
      </trkpt>
      <trkpt lat="45.700361001" lon="6.627142995">
        <ele>1325.85</ele>
      </trkpt>
      <trkpt lat="45.700667004" lon="6.627509002">
        <ele>1326.53</ele>
      </trkpt>
      <trkpt lat="45.700743006" lon="6.627622001">
        <ele>1326.98</ele>
      </trkpt>
      <trkpt lat="45.700797994" lon="6.627737005">
        <ele>1327.8</ele>
      </trkpt>
      <trkpt lat="45.700913999" lon="6.627908">
        <ele>1328.94</ele>
      </trkpt>
      <trkpt lat="45.700951001" lon="6.627977994">
        <ele>1328.88</ele>
      </trkpt>
      <trkpt lat="45.700991004" lon="6.628097006">
        <ele>1329.02</ele>
      </trkpt>
      <trkpt lat="45.701033996" lon="6.628181995">
        <ele>1329.97</ele>
      </trkpt>
      <trkpt lat="45.701089004" lon="6.628238994">
        <ele>1330.98</ele>
      </trkpt>
      <trkpt lat="45.701158999" lon="6.628294995">
        <ele>1329.82</ele>
      </trkpt>
      <trkpt lat="45.701239001" lon="6.628335006">
        <ele>1327.37</ele>
      </trkpt>
      <trkpt lat="45.701351996" lon="6.628348995">
        <ele>1325.76</ele>
      </trkpt>
      <trkpt lat="45.701506" lon="6.628391998">
        <ele>1325.85</ele>
      </trkpt>
      <trkpt lat="45.701589998" lon="6.628422995">
        <ele>1327.64</ele>
      </trkpt>
      <trkpt lat="45.701690001" lon="6.628493008">
        <ele>1329.49</ele>
      </trkpt>
      <trkpt lat="45.701835" lon="6.628664997">
        <ele>1335.09</ele>
      </trkpt>
      <trkpt lat="45.701934997" lon="6.628749998">
        <ele>1340.34</ele>
      </trkpt>
      <trkpt lat="45.702196001" lon="6.628928997">
        <ele>1348.06</ele>
      </trkpt>
      <trkpt lat="45.702416003" lon="6.629126007">
        <ele>1351.99</ele>
      </trkpt>
      <trkpt lat="45.702674003" lon="6.629333">
        <ele>1358.95</ele>
      </trkpt>
      <trkpt lat="45.702820997" lon="6.629431008">
        <ele>1362.37</ele>
      </trkpt>
      <trkpt lat="45.702955" lon="6.629483997">
        <ele>1363.38</ele>
      </trkpt>
      <trkpt lat="45.703004001" lon="6.629493003">
        <ele>1359.98</ele>
      </trkpt>
      <trkpt lat="45.703121006" lon="6.629508995">
        <ele>1360.15</ele>
      </trkpt>
      <trkpt lat="45.703368996" lon="6.629507997">
        <ele>1355</ele>
      </trkpt>
      <trkpt lat="45.703575997" lon="6.629502005">
        <ele>1354.08</ele>
      </trkpt>
      <trkpt lat="45.703738998" lon="6.629484002">
        <ele>1353.94</ele>
      </trkpt>
      <trkpt lat="45.703856997" lon="6.629463007">
        <ele>1351.91</ele>
      </trkpt>
      <trkpt lat="45.703907003" lon="6.629444998">
        <ele>1351.65</ele>
      </trkpt>
      <trkpt lat="45.704008" lon="6.629412002">
        <ele>1356.16</ele>
      </trkpt>
      <trkpt lat="45.704175003" lon="6.629389">
        <ele>1356.61</ele>
      </trkpt>
      <trkpt lat="45.704374998" lon="6.629392004">
        <ele>1357.89</ele>
      </trkpt>
      <trkpt lat="45.704665998" lon="6.629421992">
        <ele>1359.81</ele>
      </trkpt>
      <trkpt lat="45.704955997" lon="6.629451991">
        <ele>1357.66</ele>
      </trkpt>
      <trkpt lat="45.705057002" lon="6.629473006">
        <ele>1357.05</ele>
      </trkpt>
      <trkpt lat="45.705122" lon="6.629507006">
        <ele>1356.24</ele>
      </trkpt>
      <trkpt lat="45.705207" lon="6.629581007">
        <ele>1357.73</ele>
      </trkpt>
      <trkpt lat="45.705270001" lon="6.629662994">
        <ele>1361.27</ele>
      </trkpt>
      <trkpt lat="45.705344001" lon="6.629780994">
        <ele>1365.3</ele>
      </trkpt>
      <trkpt lat="45.705420999" lon="6.629869999">
        <ele>1366.48</ele>
      </trkpt>
      <trkpt lat="45.705514" lon="6.629950007">
        <ele>1372.03</ele>
      </trkpt>
      <trkpt lat="45.705556997" lon="6.629972991">
        <ele>1374.48</ele>
      </trkpt>
      <trkpt lat="45.705859997" lon="6.630145">
        <ele>1375.74</ele>
      </trkpt>
      <trkpt lat="45.706160003" lon="6.630319002">
        <ele>1383.93</ele>
      </trkpt>
      <trkpt lat="45.706446005" lon="6.630458994">
        <ele>1393.85</ele>
      </trkpt>
      <trkpt lat="45.706739998" lon="6.630633003">
        <ele>1399.15</ele>
      </trkpt>
      <trkpt lat="45.706854998" lon="6.630713996">
        <ele>1404.52</ele>
      </trkpt>
      <trkpt lat="45.706949001" lon="6.630771004">
        <ele>1411.87</ele>
      </trkpt>
      <trkpt lat="45.707031998" lon="6.630787996">
        <ele>1410.11</ele>
      </trkpt>
      <trkpt lat="45.707135998" lon="6.630792999">
        <ele>1408.29</ele>
      </trkpt>
      <trkpt lat="45.707347001" lon="6.630788998">
        <ele>1406.65</ele>
      </trkpt>
      <trkpt lat="45.707438996" lon="6.630803995">
        <ele>1405.85</ele>
      </trkpt>
      <trkpt lat="45.707499997" lon="6.630842007">
        <ele>1407.08</ele>
      </trkpt>
      <trkpt lat="45.707521997" lon="6.630913999">
        <ele>1411.38</ele>
      </trkpt>
      <trkpt lat="45.707520999" lon="6.630987992">
        <ele>1414.79</ele>
      </trkpt>
      <trkpt lat="45.707495997" lon="6.631080995">
        <ele>1419.4</ele>
      </trkpt>
      <trkpt lat="45.707461004" lon="6.631137997">
        <ele>1424.8</ele>
      </trkpt>
      <trkpt lat="45.707434002" lon="6.631143995">
        <ele>1424.76</ele>
      </trkpt>
      <trkpt lat="45.707381005" lon="6.631139009">
        <ele>1425.01</ele>
      </trkpt>
      <trkpt lat="45.707078994" lon="6.631076996">
        <ele>1425.19</ele>
      </trkpt>
      <trkpt lat="45.706776995" lon="6.631016002">
        <ele>1424.13</ele>
      </trkpt>
      <trkpt lat="45.706475002" lon="6.630953992">
        <ele>1421.85</ele>
      </trkpt>
      <trkpt lat="45.706081" lon="6.630845001">
        <ele>1425.39</ele>
      </trkpt>
      <trkpt lat="45.705940998" lon="6.630838006">
        <ele>1428.75</ele>
      </trkpt>
      <trkpt lat="45.705540995" lon="6.630946996">
        <ele>1428.74</ele>
      </trkpt>
      <trkpt lat="45.705464995" lon="6.630953995">
        <ele>1430.36</ele>
      </trkpt>
      <trkpt lat="45.705387998" lon="6.630928996">
        <ele>1433.08</ele>
      </trkpt>
      <trkpt lat="45.705288006" lon="6.630830992">
        <ele>1432.7</ele>
      </trkpt>
      <trkpt lat="45.705230999" lon="6.630758004">
        <ele>1430.15</ele>
      </trkpt>
      <trkpt lat="45.705164996" lon="6.630699002">
        <ele>1430.97</ele>
      </trkpt>
      <trkpt lat="45.705063001" lon="6.630662005">
        <ele>1431.74</ele>
      </trkpt>
      <trkpt lat="45.704997999" lon="6.630661995">
        <ele>1431.58</ele>
      </trkpt>
      <trkpt lat="45.704893" lon="6.630700001">
        <ele>1431.91</ele>
      </trkpt>
      <trkpt lat="45.704759002" lon="6.630782998">
        <ele>1431.69</ele>
      </trkpt>
      <trkpt lat="45.704584" lon="6.630863997">
        <ele>1430.48</ele>
      </trkpt>
      <trkpt lat="45.704461998" lon="6.630879992">
        <ele>1429.31</ele>
      </trkpt>
      <trkpt lat="45.704118001" lon="6.630884997">
        <ele>1432.96</ele>
      </trkpt>
      <trkpt lat="45.704028996" lon="6.630892995">
        <ele>1435.31</ele>
      </trkpt>
      <trkpt lat="45.703766002" lon="6.630957008">
        <ele>1438.69</ele>
      </trkpt>
      <trkpt lat="45.703496999" lon="6.631035999">
        <ele>1439.5</ele>
      </trkpt>
      <trkpt lat="45.703227999" lon="6.631116006">
        <ele>1441.45</ele>
      </trkpt>
      <trkpt lat="45.703091999" lon="6.631175003">
        <ele>1435.79</ele>
      </trkpt>
      <trkpt lat="45.702966994" lon="6.631250006">
        <ele>1433.05</ele>
      </trkpt>
      <trkpt lat="45.702906001" lon="6.631272991">
        <ele>1429.91</ele>
      </trkpt>
      <trkpt lat="45.702499004" lon="6.631261995">
        <ele>1431.6</ele>
      </trkpt>
      <trkpt lat="45.702339" lon="6.631267001">
        <ele>1433.25</ele>
      </trkpt>
      <trkpt lat="45.702259" lon="6.631281997">
        <ele>1440.87</ele>
      </trkpt>
      <trkpt lat="45.702176005" lon="6.631327003">
        <ele>1446.27</ele>
      </trkpt>
      <trkpt lat="45.701983002" lon="6.631399004">
        <ele>1449.55</ele>
      </trkpt>
      <trkpt lat="45.701901003" lon="6.631405004">
        <ele>1452.67</ele>
      </trkpt>
      <trkpt lat="45.701695999" lon="6.631351002">
        <ele>1451.75</ele>
      </trkpt>
      <trkpt lat="45.701598" lon="6.631312004">
        <ele>1449.83</ele>
      </trkpt>
      <trkpt lat="45.701475003" lon="6.631253997">
        <ele>1447.22</ele>
      </trkpt>
      <trkpt lat="45.701336003" lon="6.631173995">
        <ele>1447.4</ele>
      </trkpt>
      <trkpt lat="45.701055996" lon="6.631040992">
        <ele>1445.96</ele>
      </trkpt>
      <trkpt lat="45.700863" lon="6.630985002">
        <ele>1446.92</ele>
      </trkpt>
      <trkpt lat="45.700581998" lon="6.630883995">
        <ele>1447.64</ele>
      </trkpt>
      <trkpt lat="45.700508" lon="6.630842008">
        <ele>1448.53</ele>
      </trkpt>
      <trkpt lat="45.700409998" lon="6.630767003">
        <ele>1450.37</ele>
      </trkpt>
      <trkpt lat="45.700285998" lon="6.630699001">
        <ele>1452.55</ele>
      </trkpt>
      <trkpt lat="45.700244996" lon="6.630686004">
        <ele>1455.01</ele>
      </trkpt>
      <trkpt lat="45.700204003" lon="6.630694003">
        <ele>1456.76</ele>
      </trkpt>
      <trkpt lat="45.700181998" lon="6.630733995">
        <ele>1459.2</ele>
      </trkpt>
      <trkpt lat="45.700181001" lon="6.630819994">
        <ele>1460.79</ele>
      </trkpt>
      <trkpt lat="45.700216997" lon="6.630922008">
        <ele>1461.39</ele>
      </trkpt>
      <trkpt lat="45.700275997" lon="6.631011998">
        <ele>1461.4</ele>
      </trkpt>
      <trkpt lat="45.700387995" lon="6.631104994">
        <ele>1459.11</ele>
      </trkpt>
      <trkpt lat="45.700543003" lon="6.631199">
        <ele>1458.24</ele>
      </trkpt>
      <trkpt lat="45.700660002" lon="6.631300996">
        <ele>1457.42</ele>
      </trkpt>
      <trkpt lat="45.700907999" lon="6.631608994">
        <ele>1459.93</ele>
      </trkpt>
      <trkpt lat="45.701165005" lon="6.631767003">
        <ele>1465.2</ele>
      </trkpt>
      <trkpt lat="45.701498004" lon="6.631937003">
        <ele>1471.64</ele>
      </trkpt>
      <trkpt lat="45.701634001" lon="6.631985999">
        <ele>1474.49</ele>
      </trkpt>
      <trkpt lat="45.701905005" lon="6.632043992">
        <ele>1475.9</ele>
      </trkpt>
      <trkpt lat="45.702223002" lon="6.632081002">
        <ele>1481.13</ele>
      </trkpt>
      <trkpt lat="45.702353996" lon="6.632104003">
        <ele>1484.35</ele>
      </trkpt>
      <trkpt lat="45.702671004" lon="6.632195999">
        <ele>1486.96</ele>
      </trkpt>
      <trkpt lat="45.702930003" lon="6.632250002">
        <ele>1486.87</ele>
      </trkpt>
      <trkpt lat="45.703003996" lon="6.632245999">
        <ele>1489.53</ele>
      </trkpt>
      <trkpt lat="45.703285" lon="6.632184">
        <ele>1483.38</ele>
      </trkpt>
      <trkpt lat="45.703566004" lon="6.632122001">
        <ele>1475.82</ele>
      </trkpt>
      <trkpt lat="45.703696004" lon="6.632110998">
        <ele>1475.77</ele>
      </trkpt>
      <trkpt lat="45.703737001" lon="6.632118002">
        <ele>1480.35</ele>
      </trkpt>
      <trkpt lat="45.703863" lon="6.632201993">
        <ele>1483.74</ele>
      </trkpt>
      <trkpt lat="45.704047999" lon="6.632378993">
        <ele>1488.07</ele>
      </trkpt>
      <trkpt lat="45.704122001" lon="6.632420007">
        <ele>1493.62</ele>
      </trkpt>
      <trkpt lat="45.704289997" lon="6.632433001">
        <ele>1493.56</ele>
      </trkpt>
      <trkpt lat="45.704477003" lon="6.632468999">
        <ele>1492.4</ele>
      </trkpt>
      <trkpt lat="45.7046" lon="6.632506002">
        <ele>1493.29</ele>
      </trkpt>
      <trkpt lat="45.704686003" lon="6.632561996">
        <ele>1494.61</ele>
      </trkpt>
      <trkpt lat="45.704758995" lon="6.632628998">
        <ele>1498.04</ele>
      </trkpt>
      <trkpt lat="45.704838003" lon="6.632730001">
        <ele>1497.49</ele>
      </trkpt>
      <trkpt lat="45.704909997" lon="6.632798005">
        <ele>1499.55</ele>
      </trkpt>
      <trkpt lat="45.705093002" lon="6.632896">
        <ele>1503.45</ele>
      </trkpt>
      <trkpt lat="45.705209002" lon="6.632955999">
        <ele>1507.01</ele>
      </trkpt>
      <trkpt lat="45.705514996" lon="6.633037001">
        <ele>1509.33</ele>
      </trkpt>
      <trkpt lat="45.705953994" lon="6.633092997">
        <ele>1513.19</ele>
      </trkpt>
      <trkpt lat="45.706097002" lon="6.633132">
        <ele>1517.85</ele>
      </trkpt>
      <trkpt lat="45.706220001" lon="6.633103003">
        <ele>1518.37</ele>
      </trkpt>
      <trkpt lat="45.706277998" lon="6.633099995">
        <ele>1515.72</ele>
      </trkpt>
      <trkpt lat="45.706356001" lon="6.633084008">
        <ele>1515</ele>
      </trkpt>
      <trkpt lat="45.706685" lon="6.632981997">
        <ele>1513.62</ele>
      </trkpt>
      <trkpt lat="45.706835994" lon="6.632940005">
        <ele>1508.56</ele>
      </trkpt>
      <trkpt lat="45.706948005" lon="6.632922997">
        <ele>1504.27</ele>
      </trkpt>
      <trkpt lat="45.706994003" lon="6.632946001">
        <ele>1508.89</ele>
      </trkpt>
      <trkpt lat="45.707002001" lon="6.633012994">
        <ele>1510.62</ele>
      </trkpt>
      <trkpt lat="45.706989999" lon="6.633068996">
        <ele>1513.89</ele>
      </trkpt>
      <trkpt lat="45.706949996" lon="6.633102998">
        <ele>1519.37</ele>
      </trkpt>
      <trkpt lat="45.706709" lon="6.633141996">
        <ele>1521.86</ele>
      </trkpt>
      <trkpt lat="45.706551996" lon="6.633180003">
        <ele>1521.21</ele>
      </trkpt>
      <trkpt lat="45.706223001" lon="6.633366003">
        <ele>1519.02</ele>
      </trkpt>
      <trkpt lat="45.706109999" lon="6.633388001">
        <ele>1518.4</ele>
      </trkpt>
      <trkpt lat="45.705917003" lon="6.633391">
        <ele>1521.74</ele>
      </trkpt>
      <trkpt lat="45.705817994" lon="6.633409003">
        <ele>1524.92</ele>
      </trkpt>
      <trkpt lat="45.705467003" lon="6.633526007">
        <ele>1527.71</ele>
      </trkpt>
      <trkpt lat="45.705348996" lon="6.633544999">
        <ele>1530.46</ele>
      </trkpt>
      <trkpt lat="45.705035996" lon="6.633565997">
        <ele>1534.85</ele>
      </trkpt>
      <trkpt lat="45.704856002" lon="6.633565">
        <ele>1535.57</ele>
      </trkpt>
      <trkpt lat="45.704459006" lon="6.633555004">
        <ele>1537.89</ele>
      </trkpt>
      <trkpt lat="45.704315003" lon="6.633477004">
        <ele>1540.84</ele>
      </trkpt>
      <trkpt lat="45.704237999" lon="6.633455">
        <ele>1546.26</ele>
      </trkpt>
      <trkpt lat="45.704139994" lon="6.63345">
        <ele>1547.65</ele>
      </trkpt>
      <trkpt lat="45.704057001" lon="6.633472">
        <ele>1546.65</ele>
      </trkpt>
      <trkpt lat="45.703884002" lon="6.633552002">
        <ele>1549.69</ele>
      </trkpt>
      <trkpt lat="45.703715004" lon="6.633584007">
        <ele>1550.88</ele>
      </trkpt>
      <trkpt lat="45.703567" lon="6.633549">
        <ele>1548.93</ele>
      </trkpt>
      <trkpt lat="45.703383001" lon="6.633469003">
        <ele>1546.55</ele>
      </trkpt>
      <trkpt lat="45.703268" lon="6.633437001">
        <ele>1545.8</ele>
      </trkpt>
      <trkpt lat="45.703122998" lon="6.633419007">
        <ele>1546.55</ele>
      </trkpt>
      <trkpt lat="45.703033997" lon="6.633435003">
        <ele>1547.33</ele>
      </trkpt>
      <trkpt lat="45.702771" lon="6.633532002">
        <ele>1550.5</ele>
      </trkpt>
      <trkpt lat="45.702508" lon="6.633627995">
        <ele>1554.73</ele>
      </trkpt>
      <trkpt lat="45.702188003" lon="6.633696005">
        <ele>1557.84</ele>
      </trkpt>
      <trkpt lat="45.701955004" lon="6.633726002">
        <ele>1557.86</ele>
      </trkpt>
      <trkpt lat="45.701720996" lon="6.633755998">
        <ele>1558.8</ele>
      </trkpt>
      <trkpt lat="45.701412995" lon="6.633783008">
        <ele>1560</ele>
      </trkpt>
      <trkpt lat="45.701105004" lon="6.633810006">
        <ele>1562.13</ele>
      </trkpt>
      <trkpt lat="45.700833002" lon="6.633842997">
        <ele>1564.49</ele>
      </trkpt>
      <trkpt lat="45.700561003" lon="6.633840995">
        <ele>1565.9</ele>
      </trkpt>
      <trkpt lat="45.700324002" lon="6.633858996">
        <ele>1569.3</ele>
      </trkpt>
      <trkpt lat="45.700093004" lon="6.633865002">
        <ele>1569.26</ele>
      </trkpt>
      <trkpt lat="45.699926004" lon="6.633851003">
        <ele>1571.78</ele>
      </trkpt>
      <trkpt lat="45.699814997" lon="6.633819008">
        <ele>1572.23</ele>
      </trkpt>
      <trkpt lat="45.699623001" lon="6.633817003">
        <ele>1576.19</ele>
      </trkpt>
      <trkpt lat="45.699506003" lon="6.633835994">
        <ele>1577.88</ele>
      </trkpt>
      <trkpt lat="45.699425004" lon="6.633891996">
        <ele>1581.35</ele>
      </trkpt>
      <trkpt lat="45.699324997" lon="6.633987001">
        <ele>1581.62</ele>
      </trkpt>
      <trkpt lat="45.699102994" lon="6.634125999">
        <ele>1584.45</ele>
      </trkpt>
      <trkpt lat="45.699011998" lon="6.634164992">
        <ele>1585.96</ele>
      </trkpt>
      <trkpt lat="45.698894994" lon="6.634184999">
        <ele>1588.07</ele>
      </trkpt>
      <trkpt lat="45.698462001" lon="6.634166998">
        <ele>1591.45</ele>
      </trkpt>
      <trkpt lat="45.698315002" lon="6.634142993">
        <ele>1595.41</ele>
      </trkpt>
      <trkpt lat="45.698233" lon="6.634109997">
        <ele>1597.7</ele>
      </trkpt>
      <trkpt lat="45.698093994" lon="6.633928004">
        <ele>1597.13</ele>
      </trkpt>
      <trkpt lat="45.697989004" lon="6.633851998">
        <ele>1596.89</ele>
      </trkpt>
      <trkpt lat="45.697816002" lon="6.633804995">
        <ele>1597.75</ele>
      </trkpt>
      <trkpt lat="45.697664999" lon="6.633821005">
        <ele>1598.37</ele>
      </trkpt>
      <trkpt lat="45.697390998" lon="6.633882999">
        <ele>1600.55</ele>
      </trkpt>
      <trkpt lat="45.697342" lon="6.633877">
        <ele>1602.83</ele>
      </trkpt>
      <trkpt lat="45.697283" lon="6.633872004">
        <ele>1605.03</ele>
      </trkpt>
      <trkpt lat="45.697154006" lon="6.633831997">
        <ele>1605.46</ele>
      </trkpt>
      <trkpt lat="45.696930001" lon="6.633766">
        <ele>1607.33</ele>
      </trkpt>
      <trkpt lat="45.696796" lon="6.633717997">
        <ele>1609.63</ele>
      </trkpt>
      <trkpt lat="45.696653002" lon="6.633596003">
        <ele>1612.64</ele>
      </trkpt>
      <trkpt lat="45.696546999" lon="6.633525991">
        <ele>1613.75</ele>
      </trkpt>
      <trkpt lat="45.696383001" lon="6.633473999">
        <ele>1615.39</ele>
      </trkpt>
      <trkpt lat="45.696185" lon="6.633436007">
        <ele>1615.61</ele>
      </trkpt>
      <trkpt lat="45.696019001" lon="6.633371998">
        <ele>1615.12</ele>
      </trkpt>
      <trkpt lat="45.695909" lon="6.633294006">
        <ele>1615.05</ele>
      </trkpt>
      <trkpt lat="45.695871001" lon="6.633255002">
        <ele>1615.33</ele>
      </trkpt>
      <trkpt lat="45.695723005" lon="6.633125003">
        <ele>1614.71</ele>
      </trkpt>
      <trkpt lat="45.695602001" lon="6.633042997">
        <ele>1614.05</ele>
      </trkpt>
      <trkpt lat="45.695406005" lon="6.632980003">
        <ele>1613.14</ele>
      </trkpt>
      <trkpt lat="45.695324005" lon="6.632956992">
        <ele>1612.7</ele>
      </trkpt>
      <trkpt lat="45.695266001" lon="6.632958005">
        <ele>1611.5</ele>
      </trkpt>
      <trkpt lat="45.695131001" lon="6.633002995">
        <ele>1610.99</ele>
      </trkpt>
      <trkpt lat="45.695031996" lon="6.633121999">
        <ele>1610.7</ele>
      </trkpt>
      <trkpt lat="45.694974002" lon="6.633216003">
        <ele>1610.56</ele>
      </trkpt>
      <trkpt lat="45.694934998" lon="6.633297001">
        <ele>1609.62</ele>
      </trkpt>
      <trkpt lat="45.694901997" lon="6.633382999">
        <ele>1609.23</ele>
      </trkpt>
      <trkpt lat="45.694876003" lon="6.633479001">
        <ele>1608.91</ele>
      </trkpt>
      <trkpt lat="45.694880997" lon="6.633766995">
        <ele>1608.2</ele>
      </trkpt>
      <trkpt lat="45.694941999" lon="6.634077">
        <ele>1606.68</ele>
      </trkpt>
      <trkpt lat="45.694985003" lon="6.634460006">
        <ele>1605.26</ele>
      </trkpt>
      <trkpt lat="45.695038001" lon="6.634660995">
        <ele>1603.72</ele>
      </trkpt>
      <trkpt lat="45.695119999" lon="6.634898005">
        <ele>1601.63</ele>
      </trkpt>
      <trkpt lat="45.695281003" lon="6.635227001">
        <ele>1599.11</ele>
      </trkpt>
      <trkpt lat="45.695477004" lon="6.635569001">
        <ele>1596.4</ele>
      </trkpt>
      <trkpt lat="45.695673" lon="6.635910001">
        <ele>1594.72</ele>
      </trkpt>
      <trkpt lat="45.695739997" lon="6.636010999">
        <ele>1593.43</ele>
      </trkpt>
      <trkpt lat="45.695894004" lon="6.636217992">
        <ele>1593.42</ele>
      </trkpt>
      <trkpt lat="45.696116999" lon="6.636421008">
        <ele>1593.92</ele>
      </trkpt>
      <trkpt lat="45.696340005" lon="6.636624">
        <ele>1595.25</ele>
      </trkpt>
      <trkpt lat="45.696523003" lon="6.636923002">
        <ele>1594.66</ele>
      </trkpt>
      <trkpt lat="45.696593994" lon="6.637052991">
        <ele>1594.29</ele>
      </trkpt>
      <trkpt lat="45.696773999" lon="6.637429009">
        <ele>1593.66</ele>
      </trkpt>
      <trkpt lat="45.696795001" lon="6.637461997">
        <ele>1593.67</ele>
      </trkpt>
      <trkpt lat="45.696945997" lon="6.637688996">
        <ele>1594.82</ele>
      </trkpt>
      <trkpt lat="45.697003001" lon="6.637740999">
        <ele>1596.21</ele>
      </trkpt>
      <trkpt lat="45.697281002" lon="6.637983007">
        <ele>1598.64</ele>
      </trkpt>
      <trkpt lat="45.697588004" lon="6.638177">
        <ele>1600.24</ele>
      </trkpt>
      <trkpt lat="45.697894004" lon="6.638370994">
        <ele>1600.71</ele>
      </trkpt>
      <trkpt lat="45.697969998" lon="6.638414999">
        <ele>1599.76</ele>
      </trkpt>
      <trkpt lat="45.698083003" lon="6.638557008">
        <ele>1600.06</ele>
      </trkpt>
      <trkpt lat="45.698229002" lon="6.638767002">
        <ele>1598.45</ele>
      </trkpt>
      <trkpt lat="45.698501999" lon="6.639139007">
        <ele>1597.64</ele>
      </trkpt>
      <trkpt lat="45.698774998" lon="6.639512006">
        <ele>1598.43</ele>
      </trkpt>
      <trkpt lat="45.699048002" lon="6.639883993">
        <ele>1599.99</ele>
      </trkpt>
      <trkpt lat="45.699320998" lon="6.640257">
        <ele>1600.39</ele>
      </trkpt>
      <trkpt lat="45.699613998" lon="6.640721997">
        <ele>1601.05</ele>
      </trkpt>
      <trkpt lat="45.699736998" lon="6.640936998">
        <ele>1601.42</ele>
      </trkpt>
      <trkpt lat="45.699864001" lon="6.641244002">
        <ele>1600.85</ele>
      </trkpt>
      <trkpt lat="45.699991995" lon="6.641550995">
        <ele>1601.13</ele>
      </trkpt>
      <trkpt lat="45.700130998" lon="6.641914998">
        <ele>1600.66</ele>
      </trkpt>
      <trkpt lat="45.700270997" lon="6.642279994">
        <ele>1600.94</ele>
      </trkpt>
      <trkpt lat="45.700323999" lon="6.642459">
        <ele>1602.38</ele>
      </trkpt>
      <trkpt lat="45.700373997" lon="6.642792996">
        <ele>1602.95</ele>
      </trkpt>
      <trkpt lat="45.700424" lon="6.643126002">
        <ele>1601.44</ele>
      </trkpt>
      <trkpt lat="45.700456002" lon="6.643294003">
        <ele>1601.89</ele>
      </trkpt>
      <trkpt lat="45.700540002" lon="6.643479993">
        <ele>1601.8</ele>
      </trkpt>
      <trkpt lat="45.700613004" lon="6.643626999">
        <ele>1600.83</ele>
      </trkpt>
      <trkpt lat="45.700677995" lon="6.643760007">
        <ele>1602.07</ele>
      </trkpt>
      <trkpt lat="45.700718003" lon="6.643857999">
        <ele>1603.54</ele>
      </trkpt>
      <trkpt lat="45.700753004" lon="6.644006">
        <ele>1606.13</ele>
      </trkpt>
      <trkpt lat="45.700768002" lon="6.644159">
        <ele>1609.03</ele>
      </trkpt>
      <trkpt lat="45.700770996" lon="6.644334996">
        <ele>1608.07</ele>
      </trkpt>
      <trkpt lat="45.700730003" lon="6.644512004">
        <ele>1609.34</ele>
      </trkpt>
      <trkpt lat="45.700666999" lon="6.644686994">
        <ele>1611.6</ele>
      </trkpt>
      <trkpt lat="45.700601002" lon="6.644816001">
        <ele>1612.25</ele>
      </trkpt>
      <trkpt lat="45.700533998" lon="6.644920999">
        <ele>1611.35</ele>
      </trkpt>
      <trkpt lat="45.700467996" lon="6.644990004">
        <ele>1614.11</ele>
      </trkpt>
      <trkpt lat="45.700259997" lon="6.645149001">
        <ele>1613.87</ele>
      </trkpt>
      <trkpt lat="45.700051998" lon="6.645307997">
        <ele>1612.9</ele>
      </trkpt>
      <trkpt lat="45.699908996" lon="6.645436003">
        <ele>1610.69</ele>
      </trkpt>
      <trkpt lat="45.699819997" lon="6.645587997">
        <ele>1609.48</ele>
      </trkpt>
      <trkpt lat="45.699781996" lon="6.645735996">
        <ele>1608.85</ele>
      </trkpt>
      <trkpt lat="45.699769001" lon="6.645874">
        <ele>1607.27</ele>
      </trkpt>
      <trkpt lat="45.699788001" lon="6.646012995">
        <ele>1605.69</ele>
      </trkpt>
      <trkpt lat="45.699876" lon="6.646285007">
        <ele>1604.85</ele>
      </trkpt>
      <trkpt lat="45.700028003" lon="6.646663001">
        <ele>1604.04</ele>
      </trkpt>
      <trkpt lat="45.700180997" lon="6.647040999">
        <ele>1601.94</ele>
      </trkpt>
      <trkpt lat="45.700334003" lon="6.647418009">
        <ele>1600.02</ele>
      </trkpt>
      <trkpt lat="45.700400994" lon="6.647564006">
        <ele>1598.84</ele>
      </trkpt>
      <trkpt lat="45.700459998" lon="6.647670997">
        <ele>1597.62</ele>
      </trkpt>
      <trkpt lat="45.700528999" lon="6.647778005">
        <ele>1597.52</ele>
      </trkpt>
      <trkpt lat="45.700730995" lon="6.648041001">
        <ele>1597.17</ele>
      </trkpt>
      <trkpt lat="45.700871006" lon="6.648239997">
        <ele>1599.06</ele>
      </trkpt>
      <trkpt lat="45.700965999" lon="6.648407">
        <ele>1600.18</ele>
      </trkpt>
      <trkpt lat="45.701022004" lon="6.648552005">
        <ele>1600.99</ele>
      </trkpt>
      <trkpt lat="45.701055996" lon="6.648687002">
        <ele>1602.43</ele>
      </trkpt>
      <trkpt lat="45.701071998" lon="6.648817994">
        <ele>1603.78</ele>
      </trkpt>
      <trkpt lat="45.701075005" lon="6.648964995">
        <ele>1603</ele>
      </trkpt>
      <trkpt lat="45.701061994" lon="6.649159003">
        <ele>1604.85</ele>
      </trkpt>
      <trkpt lat="45.701054004" lon="6.649200003">
        <ele>1604.12</ele>
      </trkpt>
      <trkpt lat="45.701024996" lon="6.649341006">
        <ele>1602.39</ele>
      </trkpt>
      <trkpt lat="45.700972" lon="6.649462003">
        <ele>1601.62</ele>
      </trkpt>
      <trkpt lat="45.700897001" lon="6.649613001">
        <ele>1603.71</ele>
      </trkpt>
      <trkpt lat="45.700826997" lon="6.649704996">
        <ele>1602.03</ele>
      </trkpt>
      <trkpt lat="45.700714998" lon="6.649818006">
        <ele>1603.66</ele>
      </trkpt>
      <trkpt lat="45.700573998" lon="6.649917998">
        <ele>1604.05</ele>
      </trkpt>
      <trkpt lat="45.700428998" lon="6.650024004">
        <ele>1604.76</ele>
      </trkpt>
      <trkpt lat="45.700348998" lon="6.650093995">
        <ele>1602.03</ele>
      </trkpt>
      <trkpt lat="45.700289996" lon="6.650190008">
        <ele>1600.09</ele>
      </trkpt>
      <trkpt lat="45.700234997" lon="6.650301003">
        <ele>1596.92</ele>
      </trkpt>
      <trkpt lat="45.700209004" lon="6.650415996">
        <ele>1595.97</ele>
      </trkpt>
      <trkpt lat="45.700202001" lon="6.650564997">
        <ele>1593.52</ele>
      </trkpt>
      <trkpt lat="45.700207996" lon="6.650688998">
        <ele>1592.1</ele>
      </trkpt>
      <trkpt lat="45.700223998" lon="6.650817995">
        <ele>1590.55</ele>
      </trkpt>
      <trkpt lat="45.700272002" lon="6.651105992">
        <ele>1589.29</ele>
      </trkpt>
      <trkpt lat="45.700292001" lon="6.651229001">
        <ele>1588.85</ele>
      </trkpt>
      <trkpt lat="45.700300001" lon="6.651316997">
        <ele>1587.92</ele>
      </trkpt>
      <trkpt lat="45.700302" lon="6.651442999">
        <ele>1585.13</ele>
      </trkpt>
      <trkpt lat="45.700289999" lon="6.651621002">
        <ele>1585.55</ele>
      </trkpt>
      <trkpt lat="45.700275002" lon="6.651818001">
        <ele>1585.98</ele>
      </trkpt>
      <trkpt lat="45.700272999" lon="6.651906997">
        <ele>1583.96</ele>
      </trkpt>
      <trkpt lat="45.700269004" lon="6.652000993">
        <ele>1582.66</ele>
      </trkpt>
      <trkpt lat="45.700273003" lon="6.652091993">
        <ele>1584.69</ele>
      </trkpt>
      <trkpt lat="45.700287003" lon="6.652193997">
        <ele>1582.86</ele>
      </trkpt>
      <trkpt lat="45.700299997" lon="6.652291998">
        <ele>1582.6</ele>
      </trkpt>
      <trkpt lat="45.700342" lon="6.652567006">
        <ele>1582.44</ele>
      </trkpt>
      <trkpt lat="45.700361994" lon="6.652821005">
        <ele>1582.58</ele>
      </trkpt>
      <trkpt lat="45.700366004" lon="6.652924999">
        <ele>1583.27</ele>
      </trkpt>
      <trkpt lat="45.700357001" lon="6.653013005">
        <ele>1585.3</ele>
      </trkpt>
      <trkpt lat="45.700339" lon="6.653118002">
        <ele>1586.12</ele>
      </trkpt>
      <trkpt lat="45.700315001" lon="6.653202006">
        <ele>1587.27</ele>
      </trkpt>
      <trkpt lat="45.700278005" lon="6.653313995">
        <ele>1592.04</ele>
      </trkpt>
      <trkpt lat="45.700240001" lon="6.653403995">
        <ele>1590.83</ele>
      </trkpt>
      <trkpt lat="45.700182001" lon="6.653530998">
        <ele>1589.8</ele>
      </trkpt>
      <trkpt lat="45.700122003" lon="6.653628999">
        <ele>1588.93</ele>
      </trkpt>
      <trkpt lat="45.700083003" lon="6.653692998">
        <ele>1590.23</ele>
      </trkpt>
      <trkpt lat="45.699947002" lon="6.653933008">
        <ele>1585.35</ele>
      </trkpt>
      <trkpt lat="45.699873996" lon="6.654080991">
        <ele>1583.76</ele>
      </trkpt>
      <trkpt lat="45.699818002" lon="6.654222006">
        <ele>1583.76</ele>
      </trkpt>
      <trkpt lat="45.699788997" lon="6.654303002">
        <ele>1586.35</ele>
      </trkpt>
      <trkpt lat="45.699689996" lon="6.654667002">
        <ele>1586.94</ele>
      </trkpt>
      <trkpt lat="45.699641005" lon="6.654857995">
        <ele>1587.84</ele>
      </trkpt>
      <trkpt lat="45.699608004" lon="6.654971004">
        <ele>1589.31</ele>
      </trkpt>
      <trkpt lat="45.699546005" lon="6.655071997">
        <ele>1593.49</ele>
      </trkpt>
      <trkpt lat="45.699483" lon="6.655149008">
        <ele>1595.83</ele>
      </trkpt>
      <trkpt lat="45.699402998" lon="6.655207001">
        <ele>1594.5</ele>
      </trkpt>
      <trkpt lat="45.699329996" lon="6.655249002">
        <ele>1595.16</ele>
      </trkpt>
      <trkpt lat="45.699250001" lon="6.655279001">
        <ele>1595.66</ele>
      </trkpt>
      <trkpt lat="45.699010001" lon="6.655301999">
        <ele>1591.78</ele>
      </trkpt>
      <trkpt lat="45.698848998" lon="6.655331003">
        <ele>1586.31</ele>
      </trkpt>
      <trkpt lat="45.698785997" lon="6.655363991">
        <ele>1584.38</ele>
      </trkpt>
      <trkpt lat="45.698720997" lon="6.655414998">
        <ele>1584.21</ele>
      </trkpt>
      <trkpt lat="45.698632001" lon="6.655523995">
        <ele>1585.49</ele>
      </trkpt>
      <trkpt lat="45.698439999" lon="6.655771999">
        <ele>1587.72</ele>
      </trkpt>
      <trkpt lat="45.698248001" lon="6.656021004">
        <ele>1591.87</ele>
      </trkpt>
      <trkpt lat="45.698129003" lon="6.656185004">
        <ele>1597.08</ele>
      </trkpt>
      <trkpt lat="45.698020006" lon="6.656266998">
        <ele>1599.97</ele>
      </trkpt>
      <trkpt lat="45.697917995" lon="6.656323995">
        <ele>1602.28</ele>
      </trkpt>
      <trkpt lat="45.697814" lon="6.656366003">
        <ele>1602.81</ele>
      </trkpt>
      <trkpt lat="45.697714" lon="6.656388">
        <ele>1603.64</ele>
      </trkpt>
      <trkpt lat="45.697598" lon="6.656399999">
        <ele>1604.68</ele>
      </trkpt>
      <trkpt lat="45.697477997" lon="6.656401994">
        <ele>1606.04</ele>
      </trkpt>
      <trkpt lat="45.697366999" lon="6.656389007">
        <ele>1606.95</ele>
      </trkpt>
      <trkpt lat="45.697258002" lon="6.656367996">
        <ele>1609.59</ele>
      </trkpt>
      <trkpt lat="45.697211" lon="6.656353001">
        <ele>1611.95</ele>
      </trkpt>
      <trkpt lat="45.697125004" lon="6.656325999">
        <ele>1612.83</ele>
      </trkpt>
      <trkpt lat="45.696818" lon="6.656185998">
        <ele>1615.56</ele>
      </trkpt>
      <trkpt lat="45.696510995" lon="6.656045998">
        <ele>1619.06</ele>
      </trkpt>
      <trkpt lat="45.696149" lon="6.655883004">
        <ele>1622.39</ele>
      </trkpt>
      <trkpt lat="45.695785995" lon="6.655719997">
        <ele>1622.72</ele>
      </trkpt>
      <trkpt lat="45.695547999" lon="6.655631003">
        <ele>1623.23</ele>
      </trkpt>
      <trkpt lat="45.695309002" lon="6.655541996">
        <ele>1623.33</ele>
      </trkpt>
      <trkpt lat="45.695063001" lon="6.655458006">
        <ele>1622.6</ele>
      </trkpt>
      <trkpt lat="45.694975004" lon="6.655425998">
        <ele>1621.14</ele>
      </trkpt>
      <trkpt lat="45.694915005" lon="6.655414005">
        <ele>1621.93</ele>
      </trkpt>
      <trkpt lat="45.694855006" lon="6.655416998">
        <ele>1622.96</ele>
      </trkpt>
      <trkpt lat="45.694765" lon="6.655432993">
        <ele>1623.65</ele>
      </trkpt>
      <trkpt lat="45.694740006" lon="6.655439007">
        <ele>1624.07</ele>
      </trkpt>
      <trkpt lat="45.694670006" lon="6.655471002">
        <ele>1624.7</ele>
      </trkpt>
      <trkpt lat="45.694634002" lon="6.655501">
        <ele>1626.34</ele>
      </trkpt>
      <trkpt lat="45.694595001" lon="6.655549991">
        <ele>1626.94</ele>
      </trkpt>
      <trkpt lat="45.694553" lon="6.655596997">
        <ele>1627.78</ele>
      </trkpt>
      <trkpt lat="45.694522" lon="6.655635004">
        <ele>1628.78</ele>
      </trkpt>
      <trkpt lat="45.69446" lon="6.655741004">
        <ele>1629.97</ele>
      </trkpt>
      <trkpt lat="45.694440997" lon="6.655810999">
        <ele>1630.27</ele>
      </trkpt>
      <trkpt lat="45.694426001" lon="6.6559">
        <ele>1631.55</ele>
      </trkpt>
      <trkpt lat="45.694419997" lon="6.655993005">
        <ele>1632.83</ele>
      </trkpt>
      <trkpt lat="45.694419003" lon="6.656108004">
        <ele>1634.29</ele>
      </trkpt>
      <trkpt lat="45.694431" lon="6.656213004">
        <ele>1635.34</ele>
      </trkpt>
      <trkpt lat="45.694463999" lon="6.656363001">
        <ele>1636.44</ele>
      </trkpt>
      <trkpt lat="45.694507999" lon="6.656504">
        <ele>1636.86</ele>
      </trkpt>
      <trkpt lat="45.694567001" lon="6.65661">
        <ele>1636.88</ele>
      </trkpt>
      <trkpt lat="45.694629002" lon="6.656688001">
        <ele>1636.45</ele>
      </trkpt>
      <trkpt lat="45.694660998" lon="6.656719008">
        <ele>1636.05</ele>
      </trkpt>
      <trkpt lat="45.694695" lon="6.656749004">
        <ele>1635.03</ele>
      </trkpt>
      <trkpt lat="45.694746996" lon="6.656782003">
        <ele>1634.31</ele>
      </trkpt>
      <trkpt lat="45.694850998" lon="6.656810003">
        <ele>1633.43</ele>
      </trkpt>
      <trkpt lat="45.694921003" lon="6.656816999">
        <ele>1632.79</ele>
      </trkpt>
      <trkpt lat="45.694997996" lon="6.656816997">
        <ele>1632.67</ele>
      </trkpt>
      <trkpt lat="45.695239999" lon="6.656778999">
        <ele>1632.81</ele>
      </trkpt>
      <trkpt lat="45.695431003" lon="6.656739996">
        <ele>1633.33</ele>
      </trkpt>
      <trkpt lat="45.695514001" lon="6.656737998">
        <ele>1633.99</ele>
      </trkpt>
      <trkpt lat="45.695590001" lon="6.656740001">
        <ele>1634.88</ele>
      </trkpt>
      <trkpt lat="45.695652002" lon="6.656760001">
        <ele>1635.91</ele>
      </trkpt>
      <trkpt lat="45.695748999" lon="6.656803">
        <ele>1636.74</ele>
      </trkpt>
      <trkpt lat="45.695821997" lon="6.656872996">
        <ele>1637.35</ele>
      </trkpt>
      <trkpt lat="45.695888996" lon="6.656961994">
        <ele>1637.77</ele>
      </trkpt>
      <trkpt lat="45.695936995" lon="6.657066999">
        <ele>1639.69</ele>
      </trkpt>
      <trkpt lat="45.695971004" lon="6.657191995">
        <ele>1640.88</ele>
      </trkpt>
      <trkpt lat="45.695978005" lon="6.657306998">
        <ele>1641.08</ele>
      </trkpt>
      <trkpt lat="45.695976003" lon="6.657405004">
        <ele>1641.46</ele>
      </trkpt>
      <trkpt lat="45.695957999" lon="6.657513002">
        <ele>1643.37</ele>
      </trkpt>
      <trkpt lat="45.695919999" lon="6.657638008">
        <ele>1643.58</ele>
      </trkpt>
      <trkpt lat="45.695885002" lon="6.657732995">
        <ele>1644.49</ele>
      </trkpt>
      <trkpt lat="45.695853998" lon="6.657784998">
        <ele>1647.18</ele>
      </trkpt>
      <trkpt lat="45.695797001" lon="6.657864007">
        <ele>1648.29</ele>
      </trkpt>
      <trkpt lat="45.695742" lon="6.657920995">
        <ele>1649.09</ele>
      </trkpt>
      <trkpt lat="45.695686006" lon="6.657959999">
        <ele>1650.72</ele>
      </trkpt>
      <trkpt lat="45.695620001" lon="6.657979997">
        <ele>1653.14</ele>
      </trkpt>
      <trkpt lat="45.695545006" lon="6.657978997">
        <ele>1654.04</ele>
      </trkpt>
      <trkpt lat="45.695447998" lon="6.657962996">
        <ele>1657.94</ele>
      </trkpt>
      <trkpt lat="45.695308003" lon="6.657923004">
        <ele>1662.84</ele>
      </trkpt>
      <trkpt lat="45.695006998" lon="6.657866996">
        <ele>1664.38</ele>
      </trkpt>
      <trkpt lat="45.694897002" lon="6.657838996">
        <ele>1666.3</ele>
      </trkpt>
      <trkpt lat="45.694812006" lon="6.657822002">
        <ele>1670.41</ele>
      </trkpt>
      <trkpt lat="45.694725999" lon="6.657807">
        <ele>1671.53</ele>
      </trkpt>
      <trkpt lat="45.694662995" lon="6.657798999">
        <ele>1673.06</ele>
      </trkpt>
      <trkpt lat="45.694580998" lon="6.657776003">
        <ele>1677.46</ele>
      </trkpt>
      <trkpt lat="45.694461" lon="6.657734003">
        <ele>1680.24</ele>
      </trkpt>
      <trkpt lat="45.694248003" lon="6.657625006">
        <ele>1681.87</ele>
      </trkpt>
      <trkpt lat="45.694227998" lon="6.657612003">
        <ele>1685.1</ele>
      </trkpt>
      <trkpt lat="45.694171" lon="6.657548997">
        <ele>1685.72</ele>
      </trkpt>
      <trkpt lat="45.694137998" lon="6.657500994">
        <ele>1685.36</ele>
      </trkpt>
      <trkpt lat="45.694103995" lon="6.657418001">
        <ele>1683.41</ele>
      </trkpt>
      <trkpt lat="45.694061002" lon="6.657291">
        <ele>1681.22</ele>
      </trkpt>
      <trkpt lat="45.694014998" lon="6.657144003">
        <ele>1679.16</ele>
      </trkpt>
      <trkpt lat="45.693988995" lon="6.657071997">
        <ele>1677.25</ele>
      </trkpt>
      <trkpt lat="45.693924998" lon="6.656958001">
        <ele>1675.69</ele>
      </trkpt>
      <trkpt lat="45.693855995" lon="6.656858004">
        <ele>1676.47</ele>
      </trkpt>
      <trkpt lat="45.693754" lon="6.656745998">
        <ele>1677.43</ele>
      </trkpt>
      <trkpt lat="45.693665997" lon="6.656672003">
        <ele>1678.19</ele>
      </trkpt>
      <trkpt lat="45.693618996" lon="6.656626999">
        <ele>1678.94</ele>
      </trkpt>
      <trkpt lat="45.693567" lon="6.656559">
        <ele>1679.8</ele>
      </trkpt>
      <trkpt lat="45.693422996" lon="6.656356001">
        <ele>1679.95</ele>
      </trkpt>
      <trkpt lat="45.693394998" lon="6.656310993">
        <ele>1680.39</ele>
      </trkpt>
      <trkpt lat="45.693348002" lon="6.656236997">
        <ele>1681.23</ele>
      </trkpt>
      <trkpt lat="45.693283996" lon="6.656166004">
        <ele>1683.07</ele>
      </trkpt>
      <trkpt lat="45.692998995" lon="6.655899995">
        <ele>1685.46</ele>
      </trkpt>
      <trkpt lat="45.692739998" lon="6.655671003">
        <ele>1687.82</ele>
      </trkpt>
      <trkpt lat="45.692640005" lon="6.655577001">
        <ele>1689.9</ele>
      </trkpt>
      <trkpt lat="45.692547999" lon="6.655473005">
        <ele>1692.53</ele>
      </trkpt>
      <trkpt lat="45.692446002" lon="6.655312999">
        <ele>1693.14</ele>
      </trkpt>
      <trkpt lat="45.692296997" lon="6.655070998">
        <ele>1694.34</ele>
      </trkpt>
      <trkpt lat="45.692147" lon="6.654828997">
        <ele>1694.84</ele>
      </trkpt>
      <trkpt lat="45.692100004" lon="6.654737999">
        <ele>1695.62</ele>
      </trkpt>
      <trkpt lat="45.692036997" lon="6.654649003">
        <ele>1696.08</ele>
      </trkpt>
      <trkpt lat="45.691970997" lon="6.654564994">
        <ele>1697.82</ele>
      </trkpt>
      <trkpt lat="45.691771998" lon="6.654351002">
        <ele>1698.87</ele>
      </trkpt>
      <trkpt lat="45.691573998" lon="6.654137">
        <ele>1700.01</ele>
      </trkpt>
      <trkpt lat="45.691413" lon="6.653952006">
        <ele>1701.08</ele>
      </trkpt>
      <trkpt lat="45.691312003" lon="6.653819998">
        <ele>1698.91</ele>
      </trkpt>
      <trkpt lat="45.691270998" lon="6.653743006">
        <ele>1696.92</ele>
      </trkpt>
      <trkpt lat="45.691245006" lon="6.653686995">
        <ele>1694.63</ele>
      </trkpt>
      <trkpt lat="45.691217003" lon="6.653631005">
        <ele>1693.19</ele>
      </trkpt>
      <trkpt lat="45.691199998" lon="6.653620003">
        <ele>1691.83</ele>
      </trkpt>
      <trkpt lat="45.691175996" lon="6.653610996">
        <ele>1693.58</ele>
      </trkpt>
      <trkpt lat="45.691155005" lon="6.653612001">
        <ele>1695.46</ele>
      </trkpt>
      <trkpt lat="45.691125998" lon="6.653624993">
        <ele>1697.41</ele>
      </trkpt>
      <trkpt lat="45.691101001" lon="6.65366">
        <ele>1699.19</ele>
      </trkpt>
      <trkpt lat="45.691086001" lon="6.653694998">
        <ele>1700.66</ele>
      </trkpt>
      <trkpt lat="45.691082002" lon="6.653741001">
        <ele>1701.51</ele>
      </trkpt>
      <trkpt lat="45.691087995" lon="6.653787999">
        <ele>1701.65</ele>
      </trkpt>
      <trkpt lat="45.691100997" lon="6.653819008">
        <ele>1700.89</ele>
      </trkpt>
      <trkpt lat="45.691118002" lon="6.653840005">
        <ele>1699.43</ele>
      </trkpt>
      <trkpt lat="45.691155002" lon="6.653860998">
        <ele>1697.16</ele>
      </trkpt>
      <trkpt lat="45.691188" lon="6.653874999">
        <ele>1698.57</ele>
      </trkpt>
      <trkpt lat="45.691239998" lon="6.653927995">
        <ele>1700.17</ele>
      </trkpt>
      <trkpt lat="45.691296001" lon="6.654002003">
        <ele>1703.11</ele>
      </trkpt>
      <trkpt lat="45.691426" lon="6.654210005">
        <ele>1706.37</ele>
      </trkpt>
      <trkpt lat="45.691683998" lon="6.654624002">
        <ele>1710.51</ele>
      </trkpt>
      <trkpt lat="45.691759995" lon="6.654752997">
        <ele>1711.75</ele>
      </trkpt>
      <trkpt lat="45.691822998" lon="6.654896003">
        <ele>1713.58</ele>
      </trkpt>
      <trkpt lat="45.691869" lon="6.655023993">
        <ele>1715</ele>
      </trkpt>
      <trkpt lat="45.691904002" lon="6.655128991">
        <ele>1717.29</ele>
      </trkpt>
      <trkpt lat="45.692003001" lon="6.655398003">
        <ele>1719.47</ele>
      </trkpt>
      <trkpt lat="45.692073998" lon="6.655620994">
        <ele>1721.79</ele>
      </trkpt>
      <trkpt lat="45.692174001" lon="6.655835998">
        <ele>1723.52</ele>
      </trkpt>
      <trkpt lat="45.692272003" lon="6.656071001">
        <ele>1725.65</ele>
      </trkpt>
      <trkpt lat="45.692316001" lon="6.656165996">
        <ele>1726.96</ele>
      </trkpt>
      <trkpt lat="45.692381999" lon="6.656284995">
        <ele>1728.4</ele>
      </trkpt>
      <trkpt lat="45.692472005" lon="6.656430009">
        <ele>1728.75</ele>
      </trkpt>
      <trkpt lat="45.692591997" lon="6.656596005">
        <ele>1730.25</ele>
      </trkpt>
      <trkpt lat="45.692680997" lon="6.656742008">
        <ele>1731</ele>
      </trkpt>
      <trkpt lat="45.692772002" lon="6.656982006">
        <ele>1731.72</ele>
      </trkpt>
      <trkpt lat="45.692806998" lon="6.657058001">
        <ele>1732.96</ele>
      </trkpt>
      <trkpt lat="45.692857005" lon="6.657136994">
        <ele>1734.16</ele>
      </trkpt>
      <trkpt lat="45.692930003" lon="6.657205006">
        <ele>1734.16</ele>
      </trkpt>
      <trkpt lat="45.692976002" lon="6.657252002">
        <ele>1734.49</ele>
      </trkpt>
      <trkpt lat="45.693006999" lon="6.657314007">
        <ele>1735.78</ele>
      </trkpt>
      <trkpt lat="45.693047004" lon="6.657412008">
        <ele>1738.23</ele>
      </trkpt>
      <trkpt lat="45.693182994" lon="6.657781996">
        <ele>1740.42</ele>
      </trkpt>
      <trkpt lat="45.693218998" lon="6.657839999">
        <ele>1742.14</ele>
      </trkpt>
      <trkpt lat="45.693271997" lon="6.657904">
        <ele>1742.81</ele>
      </trkpt>
      <trkpt lat="45.693316999" lon="6.657937">
        <ele>1741.91</ele>
      </trkpt>
      <trkpt lat="45.693370998" lon="6.657963006">
        <ele>1741.03</ele>
      </trkpt>
      <trkpt lat="45.693443006" lon="6.658020997">
        <ele>1741.18</ele>
      </trkpt>
      <trkpt lat="45.693494998" lon="6.658073009">
        <ele>1742.13</ele>
      </trkpt>
      <trkpt lat="45.693650999" lon="6.658370001">
        <ele>1745.33</ele>
      </trkpt>
      <trkpt lat="45.693933003" lon="6.658850995">
        <ele>1748.3</ele>
      </trkpt>
      <trkpt lat="45.694202003" lon="6.659224997">
        <ele>1752.19</ele>
      </trkpt>
      <trkpt lat="45.694298998" lon="6.659359009">
        <ele>1755.19</ele>
      </trkpt>
      <trkpt lat="45.694329002" lon="6.659398003">
        <ele>1757.72</ele>
      </trkpt>
      <trkpt lat="45.694458003" lon="6.659560992">
        <ele>1761.19</ele>
      </trkpt>
      <trkpt lat="45.694643006" lon="6.659742997">
        <ele>1765.28</ele>
      </trkpt>
      <trkpt lat="45.694909004" lon="6.659973006">
        <ele>1766.57</ele>
      </trkpt>
      <trkpt lat="45.695245998" lon="6.660275999">
        <ele>1768.33</ele>
      </trkpt>
      <trkpt lat="45.695322005" lon="6.660369005">
        <ele>1771.73</ele>
      </trkpt>
      <trkpt lat="45.695359001" lon="6.660429997">
        <ele>1772.2</ele>
      </trkpt>
      <trkpt lat="45.695508998" lon="6.660726005">
        <ele>1774.2</ele>
      </trkpt>
      <trkpt lat="45.695696004" lon="6.661147996">
        <ele>1776.85</ele>
      </trkpt>
      <trkpt lat="45.695776006" lon="6.661304996">
        <ele>1778.32</ele>
      </trkpt>
      <trkpt lat="45.695840004" lon="6.661413007">
        <ele>1779.2</ele>
      </trkpt>
      <trkpt lat="45.695883998" lon="6.661503008">
        <ele>1781.38</ele>
      </trkpt>
      <trkpt lat="45.696071996" lon="6.662032999">
        <ele>1783.65</ele>
      </trkpt>
      <trkpt lat="45.696099996" lon="6.662129995">
        <ele>1784.46</ele>
      </trkpt>
      <trkpt lat="45.696127003" lon="6.662265003">
        <ele>1789.22</ele>
      </trkpt>
      <trkpt lat="45.696148004" lon="6.662379005">
        <ele>1786.73</ele>
      </trkpt>
      <trkpt lat="45.696202004" lon="6.662814001">
        <ele>1788.24</ele>
      </trkpt>
      <trkpt lat="45.696255999" lon="6.663248006">
        <ele>1783.11</ele>
      </trkpt>
      <trkpt lat="45.696279998" lon="6.663530006">
        <ele>1779.97</ele>
      </trkpt>
      <trkpt lat="45.696285001" lon="6.663626997">
        <ele>1774.8</ele>
      </trkpt>
      <trkpt lat="45.696279003" lon="6.663726">
        <ele>1784.65</ele>
      </trkpt>
      <trkpt lat="45.696265004" lon="6.663803002">
        <ele>1790.34</ele>
      </trkpt>
      <trkpt lat="45.696245999" lon="6.663874">
        <ele>1793.94</ele>
      </trkpt>
      <trkpt lat="45.696199002" lon="6.663955004">
        <ele>1796.55</ele>
      </trkpt>
      <trkpt lat="45.696111" lon="6.664085003">
        <ele>1805.06</ele>
      </trkpt>
      <trkpt lat="45.696009995" lon="6.664213998">
        <ele>1798.74</ele>
      </trkpt>
      <trkpt lat="45.695954002" lon="6.664300001">
        <ele>1791.98</ele>
      </trkpt>
      <trkpt lat="45.695897" lon="6.664407007">
        <ele>1792.85</ele>
      </trkpt>
      <trkpt lat="45.695849" lon="6.664513002">
        <ele>1793.89</ele>
      </trkpt>
      <trkpt lat="45.695811998" lon="6.664600996">
        <ele>1787.9</ele>
      </trkpt>
      <trkpt lat="45.695782002" lon="6.664709998">
        <ele>1788.38</ele>
      </trkpt>
      <trkpt lat="45.695730002" lon="6.664868006">
        <ele>1788.56</ele>
      </trkpt>
      <trkpt lat="45.695680004" lon="6.664975">
        <ele>1788.39</ele>
      </trkpt>
      <trkpt lat="45.695647004" lon="6.665031999">
        <ele>1787.76</ele>
      </trkpt>
      <trkpt lat="45.695598002" lon="6.665093997">
        <ele>1787.1</ele>
      </trkpt>
      <trkpt lat="45.695560001" lon="6.665134006">
        <ele>1785.78</ele>
      </trkpt>
      <trkpt lat="45.695504999" lon="6.665174007">
        <ele>1785.94</ele>
      </trkpt>
      <trkpt lat="45.695452002" lon="6.665197006">
        <ele>1785.93</ele>
      </trkpt>
      <trkpt lat="45.695396996" lon="6.665197001">
        <ele>1785.52</ele>
      </trkpt>
      <trkpt lat="45.695352004" lon="6.665183998">
        <ele>1786.64</ele>
      </trkpt>
      <trkpt lat="45.695274003" lon="6.665140995">
        <ele>1787.74</ele>
      </trkpt>
      <trkpt lat="45.695101" lon="6.665005997">
        <ele>1786.9</ele>
      </trkpt>
      <trkpt lat="45.695061003" lon="6.664982996">
        <ele>1785.9</ele>
      </trkpt>
      <trkpt lat="45.695007999" lon="6.664963004">
        <ele>1784.85</ele>
      </trkpt>
      <trkpt lat="45.694955003" lon="6.664953008">
        <ele>1784.1</ele>
      </trkpt>
      <trkpt lat="45.694884999" lon="6.664946002">
        <ele>1785.83</ele>
      </trkpt>
      <trkpt lat="45.694699001" lon="6.664974001">
        <ele>1787.26</ele>
      </trkpt>
      <trkpt lat="45.694471002" lon="6.665021998">
        <ele>1793.44</ele>
      </trkpt>
      <trkpt lat="45.694385998" lon="6.665059007">
        <ele>1799.41</ele>
      </trkpt>
      <trkpt lat="45.694197002" lon="6.665204007">
        <ele>1804.19</ele>
      </trkpt>
      <trkpt lat="45.693896998" lon="6.665438008">
        <ele>1807.35</ele>
      </trkpt>
      <trkpt lat="45.693844001" lon="6.665496998">
        <ele>1811.82</ele>
      </trkpt>
      <trkpt lat="45.693808004" lon="6.665570995">
        <ele>1807.89</ele>
      </trkpt>
      <trkpt lat="45.693786004" lon="6.665641996">
        <ele>1805.65</ele>
      </trkpt>
      <trkpt lat="45.693773002" lon="6.665703008">
        <ele>1807.93</ele>
      </trkpt>
      <trkpt lat="45.693756998" lon="6.665827995">
        <ele>1810.05</ele>
      </trkpt>
      <trkpt lat="45.693742998" lon="6.665912995">
        <ele>1811.88</ele>
      </trkpt>
      <trkpt lat="45.693725002" lon="6.665973996">
        <ele>1814.46</ele>
      </trkpt>
      <trkpt lat="45.693704004" lon="6.666022">
        <ele>1817.2</ele>
      </trkpt>
      <trkpt lat="45.693672" lon="6.666091">
        <ele>1816</ele>
      </trkpt>
      <trkpt lat="45.693606002" lon="6.666232006">
        <ele>1815.33</ele>
      </trkpt>
      <trkpt lat="45.693569" lon="6.666354006">
        <ele>1812.74</ele>
      </trkpt>
      <trkpt lat="45.693549002" lon="6.666469004">
        <ele>1814.37</ele>
      </trkpt>
      <trkpt lat="45.693535994" lon="6.666597997">
        <ele>1815.87</ele>
      </trkpt>
      <trkpt lat="45.693528" lon="6.666743003">
        <ele>1815.65</ele>
      </trkpt>
      <trkpt lat="45.693530999" lon="6.666891993">
        <ele>1814.04</ele>
      </trkpt>
      <trkpt lat="45.693542998" lon="6.667139997">
        <ele>1814.51</ele>
      </trkpt>
      <trkpt lat="45.693544003" lon="6.667369007">
        <ele>1814.62</ele>
      </trkpt>
      <trkpt lat="45.693540999" lon="6.667494997">
        <ele>1813.3</ele>
      </trkpt>
      <trkpt lat="45.693523004" lon="6.667665002">
        <ele>1814.06</ele>
      </trkpt>
      <trkpt lat="45.693501" lon="6.667791997">
        <ele>1815.34</ele>
      </trkpt>
      <trkpt lat="45.693462003" lon="6.667968005">
        <ele>1816.38</ele>
      </trkpt>
      <trkpt lat="45.693348995" lon="6.668376998">
        <ele>1816.29</ele>
      </trkpt>
      <trkpt lat="45.693260001" lon="6.668772996">
        <ele>1817.46</ele>
      </trkpt>
      <trkpt lat="45.693199" lon="6.669037998">
        <ele>1817.49</ele>
      </trkpt>
      <trkpt lat="45.693099995" lon="6.669535002">
        <ele>1817.77</ele>
      </trkpt>
      <trkpt lat="45.693089003" lon="6.669585996">
        <ele>1818.21</ele>
      </trkpt>
      <trkpt lat="45.693047001" lon="6.669775">
        <ele>1819.55</ele>
      </trkpt>
      <trkpt lat="45.693011001" lon="6.669952993">
        <ele>1820.46</ele>
      </trkpt>
      <trkpt lat="45.692979998" lon="6.670088006">
        <ele>1821.59</ele>
      </trkpt>
      <trkpt lat="45.692947001" lon="6.670190999">
        <ele>1822.83</ele>
      </trkpt>
      <trkpt lat="45.692911999" lon="6.670279992">
        <ele>1824.42</ele>
      </trkpt>
      <trkpt lat="45.692852002" lon="6.670374993">
        <ele>1826.35</ele>
      </trkpt>
      <trkpt lat="45.692696999" lon="6.670634009">
        <ele>1828.31</ele>
      </trkpt>
      <trkpt lat="45.692610001" lon="6.670803996">
        <ele>1830.27</ele>
      </trkpt>
      <trkpt lat="45.692582998" lon="6.670867999">
        <ele>1832.29</ele>
      </trkpt>
      <trkpt lat="45.692559001" lon="6.670941">
        <ele>1832.49</ele>
      </trkpt>
      <trkpt lat="45.692538002" lon="6.671038999">
        <ele>1832.46</ele>
      </trkpt>
      <trkpt lat="45.692521995" lon="6.671198997">
        <ele>1832.43</ele>
      </trkpt>
      <trkpt lat="45.692498998" lon="6.671332006">
        <ele>1830.33</ele>
      </trkpt>
      <trkpt lat="45.69247" lon="6.671436999">
        <ele>1827.92</ele>
      </trkpt>
      <trkpt lat="45.692442997" lon="6.671509002">
        <ele>1828.75</ele>
      </trkpt>
      <trkpt lat="45.692410002" lon="6.671565995">
        <ele>1829.33</ele>
      </trkpt>
      <trkpt lat="45.692352002" lon="6.671647002">
        <ele>1829.96</ele>
      </trkpt>
      <trkpt lat="45.692270004" lon="6.671738005">
        <ele>1830.84</ele>
      </trkpt>
      <trkpt lat="45.69218" lon="6.671855">
        <ele>1832.03</ele>
      </trkpt>
      <trkpt lat="45.692131999" lon="6.671929005">
        <ele>1833.13</ele>
      </trkpt>
      <trkpt lat="45.692089004" lon="6.672014004">
        <ele>1834.6</ele>
      </trkpt>
      <trkpt lat="45.692039004" lon="6.672138003">
        <ele>1834.43</ele>
      </trkpt>
      <trkpt lat="45.691959006" lon="6.672317996">
        <ele>1835.93</ele>
      </trkpt>
      <trkpt lat="45.691894999" lon="6.672490007">
        <ele>1837.17</ele>
      </trkpt>
      <trkpt lat="45.691860999" lon="6.672572002">
        <ele>1838.25</ele>
      </trkpt>
      <trkpt lat="45.691813997" lon="6.672648001">
        <ele>1837.26</ele>
      </trkpt>
      <trkpt lat="45.691768001" lon="6.672709994">
        <ele>1837.62</ele>
      </trkpt>
      <trkpt lat="45.691719999" lon="6.672760008">
        <ele>1839.39</ele>
      </trkpt>
      <trkpt lat="45.691646001" lon="6.672807998">
        <ele>1841.28</ele>
      </trkpt>
      <trkpt lat="45.691501998" lon="6.672896">
        <ele>1841.58</ele>
      </trkpt>
      <trkpt lat="45.691352994" lon="6.673011002">
        <ele>1843.82</ele>
      </trkpt>
      <trkpt lat="45.691279997" lon="6.673088">
        <ele>1846.5</ele>
      </trkpt>
      <trkpt lat="45.691229998" lon="6.673175993">
        <ele>1848.04</ele>
      </trkpt>
      <trkpt lat="45.691189001" lon="6.673263001">
        <ele>1849.86</ele>
      </trkpt>
      <trkpt lat="45.691167004" lon="6.673352004">
        <ele>1850.67</ele>
      </trkpt>
      <trkpt lat="45.691146005" lon="6.673460999">
        <ele>1851.91</ele>
      </trkpt>
      <trkpt lat="45.691131004" lon="6.673628994">
        <ele>1853.07</ele>
      </trkpt>
      <trkpt lat="45.691126005" lon="6.673829992">
        <ele>1854.03</ele>
      </trkpt>
      <trkpt lat="45.691122997" lon="6.673914996">
        <ele>1852.81</ele>
      </trkpt>
      <trkpt lat="45.691116998" lon="6.673968994">
        <ele>1852.59</ele>
      </trkpt>
      <trkpt lat="45.691101998" lon="6.674027">
        <ele>1851.74</ele>
      </trkpt>
      <trkpt lat="45.691071002" lon="6.674096998">
        <ele>1850.78</ele>
      </trkpt>
      <trkpt lat="45.691026001" lon="6.674168008">
        <ele>1851.62</ele>
      </trkpt>
      <trkpt lat="45.690984996" lon="6.674252996">
        <ele>1853.09</ele>
      </trkpt>
      <trkpt lat="45.690951998" lon="6.674340997">
        <ele>1854.74</ele>
      </trkpt>
      <trkpt lat="45.690919005" lon="6.674523001">
        <ele>1856.78</ele>
      </trkpt>
      <trkpt lat="45.690907001" lon="6.674624">
        <ele>1858.3</ele>
      </trkpt>
      <trkpt lat="45.690882994" lon="6.674774006">
        <ele>1858.39</ele>
      </trkpt>
      <trkpt lat="45.690868002" lon="6.674903001">
        <ele>1860.04</ele>
      </trkpt>
      <trkpt lat="45.690859004" lon="6.675045">
        <ele>1861.01</ele>
      </trkpt>
      <trkpt lat="45.690858997" lon="6.675175004">
        <ele>1861.75</ele>
      </trkpt>
      <trkpt lat="45.690867006" lon="6.675299997">
        <ele>1863.08</ele>
      </trkpt>
      <trkpt lat="45.690876002" lon="6.675378994">
        <ele>1863.75</ele>
      </trkpt>
      <trkpt lat="45.690883996" lon="6.675450001">
        <ele>1864.84</ele>
      </trkpt>
      <trkpt lat="45.690913002" lon="6.675684">
        <ele>1865.79</ele>
      </trkpt>
      <trkpt lat="45.690945002" lon="6.675932001">
        <ele>1867.5</ele>
      </trkpt>
      <trkpt lat="45.690997002" lon="6.676187003">
        <ele>1869.63</ele>
      </trkpt>
      <trkpt lat="45.691051996" lon="6.676452998">
        <ele>1870.93</ele>
      </trkpt>
      <trkpt lat="45.691104998" lon="6.676852004">
        <ele>1871.91</ele>
      </trkpt>
      <trkpt lat="45.69112" lon="6.676960998">
        <ele>1873.68</ele>
      </trkpt>
      <trkpt lat="45.691136" lon="6.677066998">
        <ele>1874.95</ele>
      </trkpt>
      <trkpt lat="45.691148001" lon="6.677126">
        <ele>1875.69</ele>
      </trkpt>
      <trkpt lat="45.691177" lon="6.677237006">
        <ele>1877.53</ele>
      </trkpt>
      <trkpt lat="45.691197004" lon="6.677277002">
        <ele>1878.09</ele>
      </trkpt>
      <trkpt lat="45.691222994" lon="6.677324998">
        <ele>1878.16</ele>
      </trkpt>
      <trkpt lat="45.691339999" lon="6.677511999">
        <ele>1878.38</ele>
      </trkpt>
      <trkpt lat="45.69138" lon="6.677573996">
        <ele>1879.96</ele>
      </trkpt>
      <trkpt lat="45.691628998" lon="6.677966001">
        <ele>1880.57</ele>
      </trkpt>
      <trkpt lat="45.691816" lon="6.678285995">
        <ele>1882.9</ele>
      </trkpt>
      <trkpt lat="45.692001998" lon="6.678604998">
        <ele>1884.67</ele>
      </trkpt>
      <trkpt lat="45.692052005" lon="6.678706998">
        <ele>1886.32</ele>
      </trkpt>
      <trkpt lat="45.692087" lon="6.678803008">
        <ele>1886.88</ele>
      </trkpt>
      <trkpt lat="45.692129003" lon="6.678932003">
        <ele>1887.77</ele>
      </trkpt>
      <trkpt lat="45.692163003" lon="6.679026995">
        <ele>1887.59</ele>
      </trkpt>
      <trkpt lat="45.692206997" lon="6.679105004">
        <ele>1887.99</ele>
      </trkpt>
      <trkpt lat="45.692254003" lon="6.679177992">
        <ele>1888.31</ele>
      </trkpt>
      <trkpt lat="45.692326995" lon="6.679245003">
        <ele>1888.02</ele>
      </trkpt>
      <trkpt lat="45.692392995" lon="6.679286003">
        <ele>1888.04</ele>
      </trkpt>
      <trkpt lat="45.692412006" lon="6.679298999">
        <ele>1889.09</ele>
      </trkpt>
      <trkpt lat="45.692673999" lon="6.679422">
        <ele>1889.95</ele>
      </trkpt>
      <trkpt lat="45.692771004" lon="6.679474995">
        <ele>1890.36</ele>
      </trkpt>
      <trkpt lat="45.692854001" lon="6.679539007">
        <ele>1891.04</ele>
      </trkpt>
      <trkpt lat="45.692935001" lon="6.679643997">
        <ele>1892.74</ele>
      </trkpt>
      <trkpt lat="45.692988004" lon="6.679738996">
        <ele>1894.96</ele>
      </trkpt>
      <trkpt lat="45.693043994" lon="6.679909997">
        <ele>1896.09</ele>
      </trkpt>
      <trkpt lat="45.693159995" lon="6.680401998">
        <ele>1897.53</ele>
      </trkpt>
      <trkpt lat="45.693246003" lon="6.680803002">
        <ele>1899.59</ele>
      </trkpt>
      <trkpt lat="45.693254995" lon="6.680882003">
        <ele>1900.12</ele>
      </trkpt>
      <trkpt lat="45.693267004" lon="6.681019001">
        <ele>1899.73</ele>
      </trkpt>
      <trkpt lat="45.693278" lon="6.681147003">
        <ele>1900.97</ele>
      </trkpt>
      <trkpt lat="45.693305998" lon="6.681336995">
        <ele>1902.14</ele>
      </trkpt>
      <trkpt lat="45.693310997" lon="6.681383996">
        <ele>1902.42</ele>
      </trkpt>
      <trkpt lat="45.693345001" lon="6.681486003">
        <ele>1903.27</ele>
      </trkpt>
      <trkpt lat="45.693369006" lon="6.681542001">
        <ele>1904.44</ele>
      </trkpt>
      <trkpt lat="45.693407996" lon="6.681606998">
        <ele>1905.76</ele>
      </trkpt>
      <trkpt lat="45.693498003" lon="6.681721005">
        <ele>1906.49</ele>
      </trkpt>
      <trkpt lat="45.693803003" lon="6.682055994">
        <ele>1907.2</ele>
      </trkpt>
      <trkpt lat="45.693923994" lon="6.682176002">
        <ele>1907.97</ele>
      </trkpt>
      <trkpt lat="45.694024995" lon="6.682257002">
        <ele>1908.3</ele>
      </trkpt>
      <trkpt lat="45.694154003" lon="6.682355999">
        <ele>1908.17</ele>
      </trkpt>
      <trkpt lat="45.694201004" lon="6.682403997">
        <ele>1908.3</ele>
      </trkpt>
      <trkpt lat="45.694228995" lon="6.682438998">
        <ele>1908.73</ele>
      </trkpt>
      <trkpt lat="45.694245004" lon="6.682490001">
        <ele>1909.33</ele>
      </trkpt>
      <trkpt lat="45.694251002" lon="6.682549998">
        <ele>1909.72</ele>
      </trkpt>
      <trkpt lat="45.694249997" lon="6.682607998">
        <ele>1910.84</ele>
      </trkpt>
      <trkpt lat="45.694232001" lon="6.682669008">
        <ele>1912.55</ele>
      </trkpt>
      <trkpt lat="45.694181003" lon="6.682733004">
        <ele>1914.76</ele>
      </trkpt>
      <trkpt lat="45.694120997" lon="6.682760999">
        <ele>1915.64</ele>
      </trkpt>
      <trkpt lat="45.69405" lon="6.682758998">
        <ele>1916.83</ele>
      </trkpt>
      <trkpt lat="45.693965" lon="6.682724008">
        <ele>1916.66</ele>
      </trkpt>
      <trkpt lat="45.693871003" lon="6.682650999">
        <ele>1916.28</ele>
      </trkpt>
      <trkpt lat="45.693741999" lon="6.682526005">
        <ele>1915.58</ele>
      </trkpt>
      <trkpt lat="45.693684995" lon="6.682479">
        <ele>1915.37</ele>
      </trkpt>
      <trkpt lat="45.693637" lon="6.682440995">
        <ele>1915</ele>
      </trkpt>
      <trkpt lat="45.693544002" lon="6.682373005">
        <ele>1915.86</ele>
      </trkpt>
      <trkpt lat="45.693264998" lon="6.682213995">
        <ele>1916.72</ele>
      </trkpt>
      <trkpt lat="45.692983996" lon="6.682050995">
        <ele>1917.88</ele>
      </trkpt>
      <trkpt lat="45.692703" lon="6.681887006">
        <ele>1919.93</ele>
      </trkpt>
      <trkpt lat="45.692563" lon="6.681803001">
        <ele>1921.52</ele>
      </trkpt>
      <trkpt lat="45.692517002" lon="6.681763998">
        <ele>1922.77</ele>
      </trkpt>
      <trkpt lat="45.692430004" lon="6.681640996">
        <ele>1924.58</ele>
      </trkpt>
      <trkpt lat="45.692145001" lon="6.681223996">
        <ele>1925.61</ele>
      </trkpt>
      <trkpt lat="45.691835003" lon="6.680832001">
        <ele>1926.28</ele>
      </trkpt>
      <trkpt lat="45.691567998" lon="6.680524">
        <ele>1927.67</ele>
      </trkpt>
      <trkpt lat="45.691225003" lon="6.680203998">
        <ele>1929.24</ele>
      </trkpt>
      <trkpt lat="45.691039001" lon="6.680039992">
        <ele>1929.35</ele>
      </trkpt>
      <trkpt lat="45.690976996" lon="6.680001998">
        <ele>1930.04</ele>
      </trkpt>
      <trkpt lat="45.690898997" lon="6.679974001">
        <ele>1931.33</ele>
      </trkpt>
      <trkpt lat="45.690821997" lon="6.679964002">
        <ele>1931.28</ele>
      </trkpt>
      <trkpt lat="45.690740998" lon="6.679966008">
        <ele>1931.4</ele>
      </trkpt>
      <trkpt lat="45.690622998" lon="6.679995998">
        <ele>1931.66</ele>
      </trkpt>
      <trkpt lat="45.690508004" lon="6.680059">
        <ele>1931.79</ele>
      </trkpt>
      <trkpt lat="45.690405002" lon="6.680147009">
        <ele>1932.42</ele>
      </trkpt>
      <trkpt lat="45.690299002" lon="6.680262999">
        <ele>1933.05</ele>
      </trkpt>
      <trkpt lat="45.690198003" lon="6.680420998">
        <ele>1933.78</ele>
      </trkpt>
      <trkpt lat="45.690123998" lon="6.680602003">
        <ele>1934.69</ele>
      </trkpt>
      <trkpt lat="45.690069998" lon="6.680777997">
        <ele>1935.71</ele>
      </trkpt>
      <trkpt lat="45.690034003" lon="6.681054001">
        <ele>1935.75</ele>
      </trkpt>
      <trkpt lat="45.690023002" lon="6.681230002">
        <ele>1936.51</ele>
      </trkpt>
      <trkpt lat="45.690033996" lon="6.681406001">
        <ele>1936.7</ele>
      </trkpt>
      <trkpt lat="45.690054998" lon="6.681569005">
        <ele>1937.09</ele>
      </trkpt>
      <trkpt lat="45.690084998" lon="6.681694999">
        <ele>1937.16</ele>
      </trkpt>
      <trkpt lat="45.690125" lon="6.681798004">
        <ele>1937.36</ele>
      </trkpt>
      <trkpt lat="45.690182002" lon="6.681889999">
        <ele>1937.62</ele>
      </trkpt>
      <trkpt lat="45.690264006" lon="6.681977999">
        <ele>1937.9</ele>
      </trkpt>
      <trkpt lat="45.690419994" lon="6.682103996">
        <ele>1938.56</ele>
      </trkpt>
      <trkpt lat="45.690660006" lon="6.682293998">
        <ele>1939.16</ele>
      </trkpt>
      <trkpt lat="45.690780002" lon="6.682401997">
        <ele>1939.67</ele>
      </trkpt>
      <trkpt lat="45.690849997" lon="6.682478999">
        <ele>1939.97</ele>
      </trkpt>
      <trkpt lat="45.69089" lon="6.682536999">
        <ele>1940.18</ele>
      </trkpt>
      <trkpt lat="45.690921998" lon="6.682610995">
        <ele>1940.23</ele>
      </trkpt>
      <trkpt lat="45.690945999" lon="6.682684999">
        <ele>1940.69</ele>
      </trkpt>
      <trkpt lat="45.691098999" lon="6.683168004">
        <ele>1941.05</ele>
      </trkpt>
      <trkpt lat="45.691163003" lon="6.683353995">
        <ele>1941.3</ele>
      </trkpt>
      <trkpt lat="45.691196996" lon="6.683447998">
        <ele>1942.71</ele>
      </trkpt>
      <trkpt lat="45.691245995" lon="6.683540994">
        <ele>1943.61</ele>
      </trkpt>
      <trkpt lat="45.691324996" lon="6.683640001">
        <ele>1943.86</ele>
      </trkpt>
      <trkpt lat="45.691436" lon="6.683766006">
        <ele>1945.03</ele>
      </trkpt>
      <trkpt lat="45.691499005" lon="6.683861003">
        <ele>1948.15</ele>
      </trkpt>
      <trkpt lat="45.691540997" lon="6.683963991">
        <ele>1950.03</ele>
      </trkpt>
      <trkpt lat="45.691559998" lon="6.684066">
        <ele>1952.08</ele>
      </trkpt>
      <trkpt lat="45.691564004" lon="6.684131997">
        <ele>1954.33</ele>
      </trkpt>
      <trkpt lat="45.691557998" lon="6.684207">
        <ele>1953.48</ele>
      </trkpt>
      <trkpt lat="45.691544004" lon="6.684268004">
        <ele>1950.81</ele>
      </trkpt>
      <trkpt lat="45.691518001" lon="6.684329004">
        <ele>1950.47</ele>
      </trkpt>
      <trkpt lat="45.691483998" lon="6.684402">
        <ele>1950.01</ele>
      </trkpt>
      <trkpt lat="45.691386001" lon="6.684558998">
        <ele>1947.73</ele>
      </trkpt>
      <trkpt lat="45.691291999" lon="6.684717008">
        <ele>1949.03</ele>
      </trkpt>
      <trkpt lat="45.691238003" lon="6.684842002">
        <ele>1950.06</ele>
      </trkpt>
      <trkpt lat="45.691208002" lon="6.684961005">
        <ele>1948.35</ele>
      </trkpt>
      <trkpt lat="45.691183002" lon="6.685073999">
        <ele>1949.23</ele>
      </trkpt>
      <trkpt lat="45.691153994" lon="6.685263994">
        <ele>1952.39</ele>
      </trkpt>
      <trkpt lat="45.691130003" lon="6.685742995">
        <ele>1952.95</ele>
      </trkpt>
      <trkpt lat="45.691101006" lon="6.686199999">
        <ele>1955.38</ele>
      </trkpt>
      <trkpt lat="45.691084999" lon="6.686450995">
        <ele>1957.83</ele>
      </trkpt>
      <trkpt lat="45.691063999" lon="6.686628995">
        <ele>1957.49</ele>
      </trkpt>
      <trkpt lat="45.691050994" lon="6.686758005">
        <ele>1956.34</ele>
      </trkpt>
      <trkpt lat="45.691049998" lon="6.686867994">
        <ele>1957.83</ele>
      </trkpt>
      <trkpt lat="45.691062002" lon="6.686953999">
        <ele>1957.5</ele>
      </trkpt>
      <trkpt lat="45.691090997" lon="6.687044995">
        <ele>1957.5</ele>
      </trkpt>
      <trkpt lat="45.691142999" lon="6.687134001">
        <ele>1958.71</ele>
      </trkpt>
      <trkpt lat="45.691200997" lon="6.687203997">
        <ele>1960.29</ele>
      </trkpt>
      <trkpt lat="45.691275002" lon="6.687273002">
        <ele>1960.97</ele>
      </trkpt>
      <trkpt lat="45.691348001" lon="6.687349002">
        <ele>1961.68</ele>
      </trkpt>
      <trkpt lat="45.691393003" lon="6.687438996">
        <ele>1962.41</ele>
      </trkpt>
      <trkpt lat="45.691431998" lon="6.687542005">
        <ele>1962.19</ele>
      </trkpt>
      <trkpt lat="45.691452" lon="6.687663994">
        <ele>1962.74</ele>
      </trkpt>
      <trkpt lat="45.691450002" lon="6.687777004">
        <ele>1962.64</ele>
      </trkpt>
      <trkpt lat="45.691438996" lon="6.687889002">
        <ele>1962.46</ele>
      </trkpt>
      <trkpt lat="45.691409002" lon="6.687992003">
        <ele>1963.37</ele>
      </trkpt>
      <trkpt lat="45.691362001" lon="6.688118">
        <ele>1964.1</ele>
      </trkpt>
      <trkpt lat="45.691321001" lon="6.688249003">
        <ele>1963.88</ele>
      </trkpt>
      <trkpt lat="45.691296003" lon="6.688350008">
        <ele>1963.68</ele>
      </trkpt>
      <trkpt lat="45.691290999" lon="6.688406992">
        <ele>1963.5</ele>
      </trkpt>
      <trkpt lat="45.691291" lon="6.688458997">
        <ele>1962.21</ele>
      </trkpt>
      <trkpt lat="45.691292" lon="6.688530003">
        <ele>1962.51</ele>
      </trkpt>
      <trkpt lat="45.691300995" lon="6.688594996">
        <ele>1962.71</ele>
      </trkpt>
      <trkpt lat="45.691320994" lon="6.688724999">
        <ele>1962.88</ele>
      </trkpt>
      <trkpt lat="45.691330999" lon="6.688815">
        <ele>1963.1</ele>
      </trkpt>
      <trkpt lat="45.691334002" lon="6.688877998">
        <ele>1963.32</ele>
      </trkpt>
      <trkpt lat="45.691333" lon="6.688938001">
        <ele>1964.18</ele>
      </trkpt>
      <trkpt lat="45.691323994" lon="6.689008996">
        <ele>1962.74</ele>
      </trkpt>
      <trkpt lat="45.691303006" lon="6.689107001">
        <ele>1963.32</ele>
      </trkpt>
      <trkpt lat="45.691220005" lon="6.689443003">
        <ele>1964</ele>
      </trkpt>
      <trkpt lat="45.691202003" lon="6.689550005">
        <ele>1964.8</ele>
      </trkpt>
      <trkpt lat="45.691190998" lon="6.689629999">
        <ele>1963.6</ele>
      </trkpt>
      <trkpt lat="45.691186" lon="6.689702998">
        <ele>1965.89</ele>
      </trkpt>
      <trkpt lat="45.691189996" lon="6.689786">
        <ele>1966.76</ele>
      </trkpt>
      <trkpt lat="45.691205002" lon="6.689902999">
        <ele>1967.81</ele>
      </trkpt>
      <trkpt lat="45.691277001" lon="6.690253999">
        <ele>1968.7</ele>
      </trkpt>
      <trkpt lat="45.691349003" lon="6.690606004">
        <ele>1970.64</ele>
      </trkpt>
      <trkpt lat="45.691373" lon="6.690770992">
        <ele>1970.67</ele>
      </trkpt>
      <trkpt lat="45.691458998" lon="6.691296002">
        <ele>1971.78</ele>
      </trkpt>
      <trkpt lat="45.691538003" lon="6.691668003">
        <ele>1971.34</ele>
      </trkpt>
      <trkpt lat="45.691593003" lon="6.691888997">
        <ele>1971.99</ele>
      </trkpt>
      <trkpt lat="45.691647002" lon="6.692052002">
        <ele>1972.36</ele>
      </trkpt>
      <trkpt lat="45.691696996" lon="6.692151003">
        <ele>1971.57</ele>
      </trkpt>
      <trkpt lat="45.691761998" lon="6.692240999">
        <ele>1969.44</ele>
      </trkpt>
      <trkpt lat="45.691838002" lon="6.692319008">
        <ele>1967.61</ele>
      </trkpt>
      <trkpt lat="45.691922" lon="6.692381999">
        <ele>1964.95</ele>
      </trkpt>
      <trkpt lat="45.692004999" lon="6.692420999">
        <ele>1960.86</ele>
      </trkpt>
      <trkpt lat="45.692083003" lon="6.692439997">
        <ele>1957.58</ele>
      </trkpt>
      <trkpt lat="45.69214" lon="6.692453">
        <ele>1954.89</ele>
      </trkpt>
      <trkpt lat="45.692364" lon="6.692464999">
        <ele>1951.79</ele>
      </trkpt>
      <trkpt lat="45.692546" lon="6.692474">
        <ele>1949.48</ele>
      </trkpt>
      <trkpt lat="45.692711995" lon="6.692489999">
        <ele>1946.43</ele>
      </trkpt>
      <trkpt lat="45.692830998" lon="6.692512005">
        <ele>1945.41</ele>
      </trkpt>
      <trkpt lat="45.692927998" lon="6.692553998">
        <ele>1944.33</ele>
      </trkpt>
      <trkpt lat="45.693017999" lon="6.692617006">
        <ele>1945.36</ele>
      </trkpt>
      <trkpt lat="45.693112" lon="6.692704002">
        <ele>1943.73</ele>
      </trkpt>
      <trkpt lat="45.693183003" lon="6.692802004">
        <ele>1943.63</ele>
      </trkpt>
      <trkpt lat="45.693233998" lon="6.692868003">
        <ele>1942.88</ele>
      </trkpt>
      <trkpt lat="45.693296904" lon="6.692972411">
        <ele>1941.33</ele>
      </trkpt>
      <trkpt lat="45.693333999" lon="6.693033996">
        <ele>1938.62</ele>
      </trkpt>
      <trkpt lat="45.693462003" lon="6.693275993">
        <ele>1937.31</ele>
      </trkpt>
      <trkpt lat="45.693589998" lon="6.693542998">
        <ele>1936.23</ele>
      </trkpt>
      <trkpt lat="45.693696005" lon="6.693773996">
        <ele>1935.36</ele>
      </trkpt>
      <trkpt lat="45.693757" lon="6.693949002">
        <ele>1934.1</ele>
      </trkpt>
      <trkpt lat="45.693803999" lon="6.694106004">
        <ele>1932.84</ele>
      </trkpt>
      <trkpt lat="45.693834997" lon="6.694252006">
        <ele>1932.23</ele>
      </trkpt>
      <trkpt lat="45.693859995" lon="6.694423991">
        <ele>1930.49</ele>
      </trkpt>
      <trkpt lat="45.693878002" lon="6.694644996">
        <ele>1929.25</ele>
      </trkpt>
      <trkpt lat="45.693891997" lon="6.694863006">
        <ele>1927.88</ele>
      </trkpt>
      <trkpt lat="45.693892" lon="6.695014">
        <ele>1927.36</ele>
      </trkpt>
      <trkpt lat="45.693888998" lon="6.695181001">
        <ele>1925.62</ele>
      </trkpt>
      <trkpt lat="45.693866996" lon="6.695420995">
        <ele>1924.53</ele>
      </trkpt>
      <trkpt lat="45.693831996" lon="6.695736993">
        <ele>1923.23</ele>
      </trkpt>
      <trkpt lat="45.693798001" lon="6.696037995">
        <ele>1922.11</ele>
      </trkpt>
      <trkpt lat="45.693781996" lon="6.696217994">
        <ele>1919.33</ele>
      </trkpt>
      <trkpt lat="45.693762" lon="6.696388001">
        <ele>1918.55</ele>
      </trkpt>
      <trkpt lat="45.693745995" lon="6.696490008">
        <ele>1918.4</ele>
      </trkpt>
      <trkpt lat="45.693718998" lon="6.696604992">
        <ele>1917.94</ele>
      </trkpt>
      <trkpt lat="45.693608996" lon="6.697040005">
        <ele>1915.39</ele>
      </trkpt>
      <trkpt lat="45.693487998" lon="6.697469998">
        <ele>1915.39</ele>
      </trkpt>
      <trkpt lat="45.693352004" lon="6.697846002">
        <ele>1913.3</ele>
      </trkpt>
      <trkpt lat="45.693273001" lon="6.698025992">
        <ele>1911.81</ele>
      </trkpt>
      <trkpt lat="45.693095002" lon="6.698449004">
        <ele>1908.22</ele>
      </trkpt>
      <trkpt lat="45.692917" lon="6.698870996">
        <ele>1907.53</ele>
      </trkpt>
      <trkpt lat="45.692686002" lon="6.699407">
        <ele>1904.13</ele>
      </trkpt>
      <trkpt lat="45.692455004" lon="6.699944002">
        <ele>1900.9</ele>
      </trkpt>
      <trkpt lat="45.692269004" lon="6.700393004">
        <ele>1896.97</ele>
      </trkpt>
      <trkpt lat="45.692190003" lon="6.700640006">
        <ele>1893.91</ele>
      </trkpt>
      <trkpt lat="45.692143999" lon="6.700887993">
        <ele>1890.33</ele>
      </trkpt>
      <trkpt lat="45.692114996" lon="6.701138996">
        <ele>1887.92</ele>
      </trkpt>
      <trkpt lat="45.692114994" lon="6.701358997">
        <ele>1886.27</ele>
      </trkpt>
      <trkpt lat="45.692126995" lon="6.701656995">
        <ele>1883.81</ele>
      </trkpt>
      <trkpt lat="45.692152004" lon="6.701893">
        <ele>1882.7</ele>
      </trkpt>
      <trkpt lat="45.692185999" lon="6.702052003">
        <ele>1881.04</ele>
      </trkpt>
      <trkpt lat="45.692237997" lon="6.702211002">
        <ele>1878.65</ele>
      </trkpt>
      <trkpt lat="45.692337002" lon="6.702471">
        <ele>1876.81</ele>
      </trkpt>
      <trkpt lat="45.692508" lon="6.702953006">
        <ele>1874.67</ele>
      </trkpt>
      <trkpt lat="45.692612006" lon="6.703281004">
        <ele>1872.23</ele>
      </trkpt>
      <trkpt lat="45.692684001" lon="6.703527003">
        <ele>1870.41</ele>
      </trkpt>
      <trkpt lat="45.6927" lon="6.703589008">
        <ele>1869.78</ele>
      </trkpt>
      <trkpt lat="45.692727001" lon="6.703692001">
        <ele>1868.71</ele>
      </trkpt>
      <trkpt lat="45.692760995" lon="6.703823003">
        <ele>1868.32</ele>
      </trkpt>
      <trkpt lat="45.692838994" lon="6.704108999">
        <ele>1867.6</ele>
      </trkpt>
      <trkpt lat="45.692902998" lon="6.704374004">
        <ele>1866.77</ele>
      </trkpt>
      <trkpt lat="45.692953002" lon="6.704607997">
        <ele>1865.77</ele>
      </trkpt>
      <trkpt lat="45.692975" lon="6.704819995">
        <ele>1864.6</ele>
      </trkpt>
      <trkpt lat="45.693023998" lon="6.705140995">
        <ele>1863.29</ele>
      </trkpt>
      <trkpt lat="45.693066995" lon="6.705555009">
        <ele>1862.09</ele>
      </trkpt>
      <trkpt lat="45.693110997" lon="6.705967997">
        <ele>1860.84</ele>
      </trkpt>
      <trkpt lat="45.693164001" lon="6.706425994">
        <ele>1859.08</ele>
      </trkpt>
      <trkpt lat="45.693217003" lon="6.706883992">
        <ele>1857.04</ele>
      </trkpt>
      <trkpt lat="45.693271003" lon="6.707342007">
        <ele>1854.17</ele>
      </trkpt>
      <trkpt lat="45.693332001" lon="6.707872992">
        <ele>1851.25</ele>
      </trkpt>
      <trkpt lat="45.693393001" lon="6.708403">
        <ele>1847.57</ele>
      </trkpt>
      <trkpt lat="45.693454002" lon="6.708934">
        <ele>1843.79</ele>
      </trkpt>
      <trkpt lat="45.693514998" lon="6.709463998">
        <ele>1840.32</ele>
      </trkpt>
      <trkpt lat="45.693583998" lon="6.710031994">
        <ele>1837.56</ele>
      </trkpt>
      <trkpt lat="45.693653003" lon="6.710600004">
        <ele>1834.37</ele>
      </trkpt>
      <trkpt lat="45.693711001" lon="6.711037996">
        <ele>1831.93</ele>
      </trkpt>
      <trkpt lat="45.693768998" lon="6.711476002">
        <ele>1829.63</ele>
      </trkpt>
      <trkpt lat="45.693817002" lon="6.711883997">
        <ele>1827.57</ele>
      </trkpt>
      <trkpt lat="45.693874998" lon="6.712494997">
        <ele>1825.65</ele>
      </trkpt>
      <trkpt lat="45.693926002" lon="6.712762992">
        <ele>1823.8</ele>
      </trkpt>
      <trkpt lat="45.693968002" lon="6.712999998">
        <ele>1822.02</ele>
      </trkpt>
      <trkpt lat="45.694052" lon="6.71333">
        <ele>1820.42</ele>
      </trkpt>
      <trkpt lat="45.694148003" lon="6.713638993">
        <ele>1818.93</ele>
      </trkpt>
      <trkpt lat="45.694222996" lon="6.713828999">
        <ele>1817.09</ele>
      </trkpt>
      <trkpt lat="45.694290001" lon="6.714016">
        <ele>1815.21</ele>
      </trkpt>
      <trkpt lat="45.694362997" lon="6.714249006">
        <ele>1813.82</ele>
      </trkpt>
      <trkpt lat="45.694431998" lon="6.714540006">
        <ele>1812.37</ele>
      </trkpt>
      <trkpt lat="45.694464996" lon="6.714737999">
        <ele>1811.56</ele>
      </trkpt>
      <trkpt lat="45.694468004" lon="6.714896004">
        <ele>1810.68</ele>
      </trkpt>
      <trkpt lat="45.694473001" lon="6.715082005">
        <ele>1809.86</ele>
      </trkpt>
      <trkpt lat="45.694457997" lon="6.715243006">
        <ele>1809.43</ele>
      </trkpt>
      <trkpt lat="45.694429997" lon="6.715399004">
        <ele>1808.65</ele>
      </trkpt>
      <trkpt lat="45.694382997" lon="6.715568004">
        <ele>1807.68</ele>
      </trkpt>
      <trkpt lat="45.694348005" lon="6.715727995">
        <ele>1806.57</ele>
      </trkpt>
      <trkpt lat="45.694319999" lon="6.715902993">
        <ele>1805.83</ele>
      </trkpt>
      <trkpt lat="45.694320002" lon="6.716081004">
        <ele>1804.31</ele>
      </trkpt>
      <trkpt lat="45.694368" lon="6.716264994">
        <ele>1803.51</ele>
      </trkpt>
      <trkpt lat="45.694479002" lon="6.716446002">
        <ele>1802.82</ele>
      </trkpt>
      <trkpt lat="45.694592997" lon="6.716577004">
        <ele>1803.9</ele>
      </trkpt>
      <trkpt lat="45.694696999" lon="6.716652997">
        <ele>1804.95</ele>
      </trkpt>
      <trkpt lat="45.694850999" lon="6.716644001">
        <ele>1804.4</ele>
      </trkpt>
      <trkpt lat="45.695017" lon="6.716552992">
        <ele>1805.52</ele>
      </trkpt>
      <trkpt lat="45.695261996" lon="6.716423001">
        <ele>1803.27</ele>
      </trkpt>
      <trkpt lat="45.695411003" lon="6.716369994">
        <ele>1801.21</ele>
      </trkpt>
      <trkpt lat="45.695526995" lon="6.716339995">
        <ele>1798.72</ele>
      </trkpt>
      <trkpt lat="45.695644002" lon="6.716341003">
        <ele>1797.86</ele>
      </trkpt>
      <trkpt lat="45.695748002" lon="6.716392992">
        <ele>1795.48</ele>
      </trkpt>
      <trkpt lat="45.695824003" lon="6.716510007">
        <ele>1795.92</ele>
      </trkpt>
      <trkpt lat="45.695834005" lon="6.716546995">
        <ele>1795.22</ele>
      </trkpt>
      <trkpt lat="45.695861997" lon="6.716639004">
        <ele>1794.42</ele>
      </trkpt>
      <trkpt lat="45.695876996" lon="6.716795001">
        <ele>1795.72</ele>
      </trkpt>
      <trkpt lat="45.695857002" lon="6.716957999">
        <ele>1796.19</ele>
      </trkpt>
      <trkpt lat="45.695798997" lon="6.717084003">
        <ele>1793.75</ele>
      </trkpt>
      <trkpt lat="45.695724005" lon="6.717215001">
        <ele>1792.94</ele>
      </trkpt>
      <trkpt lat="45.695687005" lon="6.717356002">
        <ele>1792.37</ele>
      </trkpt>
      <trkpt lat="45.695698999" lon="6.717697995">
        <ele>1789.22</ele>
      </trkpt>
      <trkpt lat="45.695730999" lon="6.718038001">
        <ele>1786.46</ele>
      </trkpt>
      <trkpt lat="45.695754" lon="6.718166994">
        <ele>1787.07</ele>
      </trkpt>
      <trkpt lat="45.695806996" lon="6.718309003">
        <ele>1786.16</ele>
      </trkpt>
      <trkpt lat="45.695882002" lon="6.718467004">
        <ele>1784.01</ele>
      </trkpt>
      <trkpt lat="45.696000999" lon="6.718591995">
        <ele>1783.57</ele>
      </trkpt>
      <trkpt lat="45.696272999" lon="6.718765998">
        <ele>1782.6</ele>
      </trkpt>
      <trkpt lat="45.696660001" lon="6.719010994">
        <ele>1780.92</ele>
      </trkpt>
      <trkpt lat="45.697044" lon="6.719241009">
        <ele>1779.17</ele>
      </trkpt>
      <trkpt lat="45.697246005" lon="6.719365992">
        <ele>1779.52</ele>
      </trkpt>
      <trkpt lat="45.697269997" lon="6.719394004">
        <ele>1778.7</ele>
      </trkpt>
      <trkpt lat="45.697328" lon="6.719465998">
        <ele>1778.41</ele>
      </trkpt>
      <trkpt lat="45.697389003" lon="6.719618007">
        <ele>1777.78</ele>
      </trkpt>
      <trkpt lat="45.697423005" lon="6.719796001">
        <ele>1777.68</ele>
      </trkpt>
      <trkpt lat="45.697426999" lon="6.719963009">
        <ele>1776.89</ele>
      </trkpt>
      <trkpt lat="45.697422001" lon="6.720062991">
        <ele>1776.64</ele>
      </trkpt>
      <trkpt lat="45.697398006" lon="6.720267006">
        <ele>1775.67</ele>
      </trkpt>
      <trkpt lat="45.697370999" lon="6.720614002">
        <ele>1774.7</ele>
      </trkpt>
      <trkpt lat="45.697337995" lon="6.720849996">
        <ele>1773.11</ele>
      </trkpt>
      <trkpt lat="45.697320006" lon="6.720971">
        <ele>1771.48</ele>
      </trkpt>
      <trkpt lat="45.69727" lon="6.721315006">
        <ele>1768.92</ele>
      </trkpt>
      <trkpt lat="45.697270998" lon="6.721440002">
        <ele>1766.98</ele>
      </trkpt>
      <trkpt lat="45.697281997" lon="6.721532995">
        <ele>1766.16</ele>
      </trkpt>
      <trkpt lat="45.697323" lon="6.721662999">
        <ele>1765.6</ele>
      </trkpt>
      <trkpt lat="45.697405999" lon="6.721783005">
        <ele>1765.69</ele>
      </trkpt>
      <trkpt lat="45.697526002" lon="6.721902002">
        <ele>1766.51</ele>
      </trkpt>
      <trkpt lat="45.697623006" lon="6.722043998">
        <ele>1767.32</ele>
      </trkpt>
      <trkpt lat="45.697683997" lon="6.722192999">
        <ele>1769</ele>
      </trkpt>
      <trkpt lat="45.697699" lon="6.722356003">
        <ele>1769.77</ele>
      </trkpt>
      <trkpt lat="45.697702999" lon="6.722520002">
        <ele>1769.98</ele>
      </trkpt>
      <trkpt lat="45.697687997" lon="6.722699999">
        <ele>1769.38</ele>
      </trkpt>
      <trkpt lat="45.697644998" lon="6.722839002">
        <ele>1769.19</ele>
      </trkpt>
      <trkpt lat="45.697559998" lon="6.723026006">
        <ele>1767.35</ele>
      </trkpt>
      <trkpt lat="45.697535998" lon="6.723087993">
        <ele>1766.8</ele>
      </trkpt>
      <trkpt lat="45.697482" lon="6.723217996">
        <ele>1766.38</ele>
      </trkpt>
      <trkpt lat="45.697434997" lon="6.723389997">
        <ele>1766.2</ele>
      </trkpt>
      <trkpt lat="45.697394002" lon="6.723544996">
        <ele>1766.87</ele>
      </trkpt>
      <trkpt lat="45.697378996" lon="6.723673006">
        <ele>1767.43</ele>
      </trkpt>
      <trkpt lat="45.697397006" lon="6.723780996">
        <ele>1766.95</ele>
      </trkpt>
      <trkpt lat="45.697463004" lon="6.723950006">
        <ele>1766.39</ele>
      </trkpt>
      <trkpt lat="45.697558003" lon="6.724119002">
        <ele>1766.83</ele>
      </trkpt>
      <trkpt lat="45.697678" lon="6.724275994">
        <ele>1765.09</ele>
      </trkpt>
      <trkpt lat="45.697881995" lon="6.724505002">
        <ele>1763.82</ele>
      </trkpt>
      <trkpt lat="45.697991" lon="6.724660999">
        <ele>1762.95</ele>
      </trkpt>
      <trkpt lat="45.698060003" lon="6.724768">
        <ele>1762.4</ele>
      </trkpt>
      <trkpt lat="45.698101994" lon="6.724882998">
        <ele>1760.28</ele>
      </trkpt>
      <trkpt lat="45.698106" lon="6.724986997">
        <ele>1759.36</ele>
      </trkpt>
      <trkpt lat="45.698086999" lon="6.725121004">
        <ele>1758.07</ele>
      </trkpt>
      <trkpt lat="45.698021001" lon="6.725238993">
        <ele>1756.93</ele>
      </trkpt>
      <trkpt lat="45.697936003" lon="6.725318997">
        <ele>1755.59</ele>
      </trkpt>
      <trkpt lat="45.697878001" lon="6.725346003">
        <ele>1754.58</ele>
      </trkpt>
      <trkpt lat="45.697787996" lon="6.725340003">
        <ele>1752.2</ele>
      </trkpt>
      <trkpt lat="45.697579998" lon="6.725264997">
        <ele>1750.03</ele>
      </trkpt>
      <trkpt lat="45.697246" lon="6.725151001">
        <ele>1745.33</ele>
      </trkpt>
      <trkpt lat="45.697141998" lon="6.725066999">
        <ele>1741.8</ele>
      </trkpt>
      <trkpt lat="45.697068997" lon="6.724995004">
        <ele>1739.01</ele>
      </trkpt>
      <trkpt lat="45.697000003" lon="6.724805993">
        <ele>1737.6</ele>
      </trkpt>
      <trkpt lat="45.696888998" lon="6.724481004">
        <ele>1736.29</ele>
      </trkpt>
      <trkpt lat="45.696779999" lon="6.724214994">
        <ele>1735.71</ele>
      </trkpt>
      <trkpt lat="45.696626996" lon="6.723870004">
        <ele>1734.01</ele>
      </trkpt>
      <trkpt lat="45.696486995" lon="6.723537998">
        <ele>1732.21</ele>
      </trkpt>
      <trkpt lat="45.696357995" lon="6.723268008">
        <ele>1730.45</ele>
      </trkpt>
      <trkpt lat="45.696221994" lon="6.723001999">
        <ele>1729.05</ele>
      </trkpt>
      <trkpt lat="45.696132998" lon="6.722818001">
        <ele>1729.36</ele>
      </trkpt>
      <trkpt lat="45.696045994" lon="6.722618997">
        <ele>1729.11</ele>
      </trkpt>
      <trkpt lat="45.695993994" lon="6.722554995">
        <ele>1728.43</ele>
      </trkpt>
      <trkpt lat="45.695948003" lon="6.722538006">
        <ele>1727.54</ele>
      </trkpt>
      <trkpt lat="45.695894001" lon="6.722552007">
        <ele>1725.65</ele>
      </trkpt>
      <trkpt lat="45.695850002" lon="6.722601004">
        <ele>1723.07</ele>
      </trkpt>
      <trkpt lat="45.695827004" lon="6.722688001">
        <ele>1720.56</ele>
      </trkpt>
      <trkpt lat="45.695846001" lon="6.722790998">
        <ele>1719.74</ele>
      </trkpt>
      <trkpt lat="45.695903996" lon="6.722903002">
        <ele>1719.16</ele>
      </trkpt>
      <trkpt lat="45.695964998" lon="6.723019994">
        <ele>1718.89</ele>
      </trkpt>
      <trkpt lat="45.696028999" lon="6.723169002">
        <ele>1719.19</ele>
      </trkpt>
      <trkpt lat="45.696075006" lon="6.723333008">
        <ele>1719.88</ele>
      </trkpt>
      <trkpt lat="45.696099996" lon="6.723478">
        <ele>1718.27</ele>
      </trkpt>
      <trkpt lat="45.696116" lon="6.723844003">
        <ele>1716.67</ele>
      </trkpt>
      <trkpt lat="45.696105" lon="6.724165992">
        <ele>1714.74</ele>
      </trkpt>
      <trkpt lat="45.696094998" lon="6.724487996">
        <ele>1712.8</ele>
      </trkpt>
      <trkpt lat="45.696099" lon="6.724866004">
        <ele>1710.05</ele>
      </trkpt>
      <trkpt lat="45.696111996" lon="6.725091994">
        <ele>1707.85</ele>
      </trkpt>
      <trkpt lat="45.696140002" lon="6.725408995">
        <ele>1706.37</ele>
      </trkpt>
      <trkpt lat="45.696223005" lon="6.725774007">
        <ele>1705.54</ele>
      </trkpt>
      <trkpt lat="45.696298999" lon="6.725986002">
        <ele>1703.97</ele>
      </trkpt>
      <trkpt lat="45.696339998" lon="6.726156003">
        <ele>1703.61</ele>
      </trkpt>
      <trkpt lat="45.696360996" lon="6.726341998">
        <ele>1703.58</ele>
      </trkpt>
      <trkpt lat="45.696362997" lon="6.726496995">
        <ele>1701.52</ele>
      </trkpt>
      <trkpt lat="45.696336998" lon="6.726636997">
        <ele>1700.2</ele>
      </trkpt>
      <trkpt lat="45.696267999" lon="6.726741">
        <ele>1699.47</ele>
      </trkpt>
      <trkpt lat="45.696202001" lon="6.726761997">
        <ele>1697.44</ele>
      </trkpt>
      <trkpt lat="45.696106002" lon="6.726744">
        <ele>1696.24</ele>
      </trkpt>
      <trkpt lat="45.696044994" lon="6.726630001">
        <ele>1696.62</ele>
      </trkpt>
      <trkpt lat="45.696023995" lon="6.726480001">
        <ele>1694.74</ele>
      </trkpt>
      <trkpt lat="45.695986994" lon="6.726123003">
        <ele>1693.54</ele>
      </trkpt>
      <trkpt lat="45.695945001" lon="6.725943005">
        <ele>1693.19</ele>
      </trkpt>
      <trkpt lat="45.695831994" lon="6.725574004">
        <ele>1692.85</ele>
      </trkpt>
      <trkpt lat="45.695766997" lon="6.725383001">
        <ele>1691.62</ele>
      </trkpt>
      <trkpt lat="45.695701995" lon="6.725224006">
        <ele>1691.98</ele>
      </trkpt>
      <trkpt lat="45.695548001" lon="6.724890004">
        <ele>1690.84</ele>
      </trkpt>
      <trkpt lat="45.695465002" lon="6.724739007">
        <ele>1690.73</ele>
      </trkpt>
      <trkpt lat="45.695392001" lon="6.724581996">
        <ele>1690.31</ele>
      </trkpt>
      <trkpt lat="45.695277997" lon="6.724388004">
        <ele>1689.85</ele>
      </trkpt>
      <trkpt lat="45.695215998" lon="6.724271999">
        <ele>1690.35</ele>
      </trkpt>
      <trkpt lat="45.695173998" lon="6.724118003">
        <ele>1690.65</ele>
      </trkpt>
      <trkpt lat="45.695180006" lon="6.723940998">
        <ele>1691.27</ele>
      </trkpt>
      <trkpt lat="45.695219002" lon="6.723749992">
        <ele>1692.15</ele>
      </trkpt>
      <trkpt lat="45.695267997" lon="6.723571996">
        <ele>1693.1</ele>
      </trkpt>
      <trkpt lat="45.695293004" lon="6.723424005">
        <ele>1692.24</ele>
      </trkpt>
      <trkpt lat="45.695304" lon="6.723091999">
        <ele>1693.09</ele>
      </trkpt>
      <trkpt lat="45.695295002" lon="6.722920003">
        <ele>1693.32</ele>
      </trkpt>
      <trkpt lat="45.695261" lon="6.722725008">
        <ele>1691.7</ele>
      </trkpt>
      <trkpt lat="45.695222997" lon="6.722564001">
        <ele>1691.03</ele>
      </trkpt>
      <trkpt lat="45.695206999" lon="6.722511004">
        <ele>1691.29</ele>
      </trkpt>
      <trkpt lat="45.695192999" lon="6.722460007">
        <ele>1690.14</ele>
      </trkpt>
      <trkpt lat="45.695175998" lon="6.722402994">
        <ele>1688.62</ele>
      </trkpt>
      <trkpt lat="45.695105998" lon="6.722265008">
        <ele>1687.87</ele>
      </trkpt>
      <trkpt lat="45.694974" lon="6.722089995">
        <ele>1689.98</ele>
      </trkpt>
      <trkpt lat="45.694878999" lon="6.722052996">
        <ele>1691.63</ele>
      </trkpt>
      <trkpt lat="45.694782002" lon="6.722045001">
        <ele>1694</ele>
      </trkpt>
      <trkpt lat="45.694740999" lon="6.722044003">
        <ele>1696.26</ele>
      </trkpt>
      <trkpt lat="45.694696998" lon="6.722061997">
        <ele>1694.85</ele>
      </trkpt>
      <trkpt lat="45.694684004" lon="6.722064003">
        <ele>1692.45</ele>
      </trkpt>
      <trkpt lat="45.694600003" lon="6.722124007">
        <ele>1688.45</ele>
      </trkpt>
      <trkpt lat="45.694505999" lon="6.722244995">
        <ele>1684.65</ele>
      </trkpt>
      <trkpt lat="45.694335001" lon="6.722483997">
        <ele>1681.11</ele>
      </trkpt>
      <trkpt lat="45.694257998" lon="6.722620008">
        <ele>1681.71</ele>
      </trkpt>
      <trkpt lat="45.694227001" lon="6.722693999">
        <ele>1680.25</ele>
      </trkpt>
      <trkpt lat="45.694195" lon="6.722767008">
        <ele>1680.86</ele>
      </trkpt>
      <trkpt lat="45.694191998" lon="6.722776004">
        <ele>1681.58</ele>
      </trkpt>
      <trkpt lat="45.694165999" lon="6.722848003">
        <ele>1679.33</ele>
      </trkpt>
      <trkpt lat="45.694139996" lon="6.722910006">
        <ele>1678.67</ele>
      </trkpt>
      <trkpt lat="45.694080001" lon="6.723057002">
        <ele>1678.87</ele>
      </trkpt>
      <trkpt lat="45.693942" lon="6.723417998">
        <ele>1678.45</ele>
      </trkpt>
      <trkpt lat="45.693906998" lon="6.723564">
        <ele>1679.47</ele>
      </trkpt>
      <trkpt lat="45.693890002" lon="6.723919005">
        <ele>1681.16</ele>
      </trkpt>
      <trkpt lat="45.693893003" lon="6.724109002">
        <ele>1682.77</ele>
      </trkpt>
      <trkpt lat="45.693920002" lon="6.724287004">
        <ele>1681.19</ele>
      </trkpt>
      <trkpt lat="45.693948995" lon="6.724474995">
        <ele>1679.06</ele>
      </trkpt>
      <trkpt lat="45.693971999" lon="6.724673993">
        <ele>1672.72</ele>
      </trkpt>
      <trkpt lat="45.694008" lon="6.725056997">
        <ele>1668.35</ele>
      </trkpt>
      <trkpt lat="45.694045997" lon="6.725636003">
        <ele>1662.65</ele>
      </trkpt>
      <trkpt lat="45.694060004" lon="6.726021">
        <ele>1657.93</ele>
      </trkpt>
      <trkpt lat="45.694057998" lon="6.726146996">
        <ele>1654.92</ele>
      </trkpt>
      <trkpt lat="45.694047995" lon="6.726413005">
        <ele>1655.02</ele>
      </trkpt>
      <trkpt lat="45.694006004" lon="6.726757">
        <ele>1655.45</ele>
      </trkpt>
      <trkpt lat="45.693976001" lon="6.726929992">
        <ele>1653.86</ele>
      </trkpt>
      <trkpt lat="45.693966001" lon="6.726992994">
        <ele>1653.94</ele>
      </trkpt>
      <trkpt lat="45.693922995" lon="6.727214005">
        <ele>1651.85</ele>
      </trkpt>
      <trkpt lat="45.693878003" lon="6.727491997">
        <ele>1649.56</ele>
      </trkpt>
      <trkpt lat="45.693831999" lon="6.727738997">
        <ele>1648.45</ele>
      </trkpt>
      <trkpt lat="45.693799004" lon="6.727912995">
        <ele>1647.03</ele>
      </trkpt>
      <trkpt lat="45.693736998" lon="6.728264">
        <ele>1646.11</ele>
      </trkpt>
      <trkpt lat="45.693709998" lon="6.728474999">
        <ele>1645.27</ele>
      </trkpt>
      <trkpt lat="45.693673998" lon="6.728673004">
        <ele>1645.41</ele>
      </trkpt>
      <trkpt lat="45.693633997" lon="6.728901998">
        <ele>1642.35</ele>
      </trkpt>
      <trkpt lat="45.693607" lon="6.729130003">
        <ele>1641.78</ele>
      </trkpt>
      <trkpt lat="45.693597002" lon="6.729319997">
        <ele>1638.13</ele>
      </trkpt>
      <trkpt lat="45.693586996" lon="6.729399992">
        <ele>1634.04</ele>
      </trkpt>
      <trkpt lat="45.693549" lon="6.729713996">
        <ele>1630.41</ele>
      </trkpt>
      <trkpt lat="45.693486994" lon="6.730106998">
        <ele>1629.33</ele>
      </trkpt>
      <trkpt lat="45.693407996" lon="6.730467002">
        <ele>1625.93</ele>
      </trkpt>
      <trkpt lat="45.693382005" lon="6.730590002">
        <ele>1626.17</ele>
      </trkpt>
      <trkpt lat="45.693331997" lon="6.730888002">
        <ele>1629.64</ele>
      </trkpt>
      <trkpt lat="45.693318994" lon="6.731035007">
        <ele>1628.91</ele>
      </trkpt>
      <trkpt lat="45.693317004" lon="6.731184003">
        <ele>1629.6</ele>
      </trkpt>
      <trkpt lat="45.693322003" lon="6.731348997">
        <ele>1632.98</ele>
      </trkpt>
      <trkpt lat="45.693363004" lon="6.731575003">
        <ele>1631.34</ele>
      </trkpt>
      <trkpt lat="45.693374998" lon="6.731663003">
        <ele>1628.66</ele>
      </trkpt>
      <trkpt lat="45.693377002" lon="6.731797">
        <ele>1628.56</ele>
      </trkpt>
      <trkpt lat="45.693350997" lon="6.731894">
        <ele>1625.94</ele>
      </trkpt>
      <trkpt lat="45.693320004" lon="6.731959006">
        <ele>1627.21</ele>
      </trkpt>
      <trkpt lat="45.693256003" lon="6.732007004">
        <ele>1620.98</ele>
      </trkpt>
      <trkpt lat="45.693150998" lon="6.732063001">
        <ele>1620.07</ele>
      </trkpt>
      <trkpt lat="45.692933999" lon="6.732207994">
        <ele>1621.54</ele>
      </trkpt>
      <trkpt lat="45.692829998" lon="6.732259003">
        <ele>1618.81</ele>
      </trkpt>
      <trkpt lat="45.692620995" lon="6.732330002">
        <ele>1615.47</ele>
      </trkpt>
      <trkpt lat="45.692466001" lon="6.732336006">
        <ele>1617.01</ele>
      </trkpt>
      <trkpt lat="45.692335004" lon="6.732353997">
        <ele>1617.72</ele>
      </trkpt>
      <trkpt lat="45.692088003" lon="6.732433995">
        <ele>1614.55</ele>
      </trkpt>
      <trkpt lat="45.691720996" lon="6.732524004">
        <ele>1611.16</ele>
      </trkpt>
      <trkpt lat="45.691457001" lon="6.732551">
        <ele>1603.06</ele>
      </trkpt>
      <trkpt lat="45.691098995" lon="6.732574005">
        <ele>1601.43</ele>
      </trkpt>
      <trkpt lat="45.690731999" lon="6.732632998">
        <ele>1595.78</ele>
      </trkpt>
      <trkpt lat="45.690474997" lon="6.732706001">
        <ele>1590.86</ele>
      </trkpt>
      <trkpt lat="45.690361998" lon="6.732766008">
        <ele>1592.22</ele>
      </trkpt>
      <trkpt lat="45.690238999" lon="6.732818998">
        <ele>1593.19</ele>
      </trkpt>
      <trkpt lat="45.690125001" lon="6.732833003">
        <ele>1592.87</ele>
      </trkpt>
      <trkpt lat="45.689994006" lon="6.732832997">
        <ele>1592.92</ele>
      </trkpt>
      <trkpt lat="45.689605003" lon="6.732919997">
        <ele>1587.6</ele>
      </trkpt>
      <trkpt lat="45.689483997" lon="6.732969995">
        <ele>1583.02</ele>
      </trkpt>
      <trkpt lat="45.689330002" lon="6.733016003">
        <ele>1579.22</ele>
      </trkpt>
      <trkpt lat="45.689205" lon="6.733033998">
        <ele>1573.82</ele>
      </trkpt>
      <trkpt lat="45.688946004" lon="6.733034998">
        <ele>1570.06</ele>
      </trkpt>
      <trkpt lat="45.688809003" lon="6.733013003">
        <ele>1571.55</ele>
      </trkpt>
      <trkpt lat="45.688551999" lon="6.732910992">
        <ele>1571.19</ele>
      </trkpt>
      <trkpt lat="45.688295006" lon="6.732809998">
        <ele>1569.96</ele>
      </trkpt>
      <trkpt lat="45.688148" lon="6.732772999">
        <ele>1571.43</ele>
      </trkpt>
      <trkpt lat="45.688022003" lon="6.732764996">
        <ele>1569.25</ele>
      </trkpt>
      <trkpt lat="45.687758" lon="6.732777004">
        <ele>1568.91</ele>
      </trkpt>
      <trkpt lat="45.687656002" lon="6.732809993">
        <ele>1568.3</ele>
      </trkpt>
      <trkpt lat="45.687487002" lon="6.732867001">
        <ele>1565.32</ele>
      </trkpt>
      <trkpt lat="45.687214005" lon="6.732941994">
        <ele>1560.79</ele>
      </trkpt>
      <trkpt lat="45.686932998" lon="6.732996997">
        <ele>1557.18</ele>
      </trkpt>
      <trkpt lat="45.686835003" lon="6.733027001">
        <ele>1554.48</ele>
      </trkpt>
      <trkpt lat="45.686547998" lon="6.733112005">
        <ele>1554.45</ele>
      </trkpt>
      <trkpt lat="45.686337002" lon="6.733211001">
        <ele>1554.33</ele>
      </trkpt>
      <trkpt lat="45.686185" lon="6.733313001">
        <ele>1555.79</ele>
      </trkpt>
      <trkpt lat="45.686085002" lon="6.733436004">
        <ele>1558.79</ele>
      </trkpt>
      <trkpt lat="45.686016999" lon="6.733558992">
        <ele>1558.44</ele>
      </trkpt>
      <trkpt lat="45.685959998" lon="6.733711998">
        <ele>1555.56</ele>
      </trkpt>
      <trkpt lat="45.685906994" lon="6.733865993">
        <ele>1556.31</ele>
      </trkpt>
      <trkpt lat="45.685877003" lon="6.733987998">
        <ele>1557.15</ele>
      </trkpt>
      <trkpt lat="45.685876" lon="6.734036999">
        <ele>1556.32</ele>
      </trkpt>
      <trkpt lat="45.685875" lon="6.734103004">
        <ele>1557.04</ele>
      </trkpt>
      <trkpt lat="45.685874999" lon="6.734118001">
        <ele>1555.83</ele>
      </trkpt>
      <trkpt lat="45.685873003" lon="6.734173006">
        <ele>1554.1</ele>
      </trkpt>
      <trkpt lat="45.685853005" lon="6.734661998">
        <ele>1552.49</ele>
      </trkpt>
      <trkpt lat="45.685833998" lon="6.735152009">
        <ele>1549.37</ele>
      </trkpt>
      <trkpt lat="45.685806003" lon="6.735325995">
        <ele>1548.06</ele>
      </trkpt>
      <trkpt lat="45.685753001" lon="6.735496992">
        <ele>1546.89</ele>
      </trkpt>
      <trkpt lat="45.685684995" lon="6.735663991">
        <ele>1545.98</ele>
      </trkpt>
      <trkpt lat="45.685454994" lon="6.736168004">
        <ele>1546.1</ele>
      </trkpt>
      <trkpt lat="45.685287001" lon="6.736500996">
        <ele>1545.3</ele>
      </trkpt>
      <trkpt lat="45.685137" lon="6.736710994">
        <ele>1541.47</ele>
      </trkpt>
      <trkpt lat="45.684977003" lon="6.736906">
        <ele>1539.94</ele>
      </trkpt>
      <trkpt lat="45.684585001" lon="6.737177997">
        <ele>1538.2</ele>
      </trkpt>
      <trkpt lat="45.684457" lon="6.737245">
        <ele>1535.37</ele>
      </trkpt>
      <trkpt lat="45.684336996" lon="6.737287">
        <ele>1535.41</ele>
      </trkpt>
      <trkpt lat="45.684071995" lon="6.737334996">
        <ele>1536.61</ele>
      </trkpt>
      <trkpt lat="45.683945" lon="6.737366002">
        <ele>1536.81</ele>
      </trkpt>
      <trkpt lat="45.683707" lon="6.737445995">
        <ele>1536.54</ele>
      </trkpt>
      <trkpt lat="45.683569003" lon="6.737482007">
        <ele>1535.6</ele>
      </trkpt>
      <trkpt lat="45.683321002" lon="6.737589001">
        <ele>1535.74</ele>
      </trkpt>
      <trkpt lat="45.683216004" lon="6.737654997">
        <ele>1535.56</ele>
      </trkpt>
      <trkpt lat="45.683107003" lon="6.737742998">
        <ele>1535.69</ele>
      </trkpt>
      <trkpt lat="45.682996998" lon="6.737855008">
        <ele>1536.93</ele>
      </trkpt>
      <trkpt lat="45.682883998" lon="6.738006995">
        <ele>1538.97</ele>
      </trkpt>
      <trkpt lat="45.682752997" lon="6.738233003">
        <ele>1539.48</ele>
      </trkpt>
      <trkpt lat="45.682564001" lon="6.738569003">
        <ele>1538.43</ele>
      </trkpt>
      <trkpt lat="45.682496996" lon="6.738719003">
        <ele>1538.66</ele>
      </trkpt>
      <trkpt lat="45.682386998" lon="6.738929001">
        <ele>1536.51</ele>
      </trkpt>
      <trkpt lat="45.682231997" lon="6.739196005">
        <ele>1535.51</ele>
      </trkpt>
      <trkpt lat="45.682137998" lon="6.739345001">
        <ele>1533.68</ele>
      </trkpt>
      <trkpt lat="45.682034003" lon="6.739450005">
        <ele>1531.68</ele>
      </trkpt>
      <trkpt lat="45.681920998" lon="6.739522001">
        <ele>1529.76</ele>
      </trkpt>
      <trkpt lat="45.681581003" lon="6.739695004">
        <ele>1529.65</ele>
      </trkpt>
      <trkpt lat="45.681469996" lon="6.739750003">
        <ele>1529.43</ele>
      </trkpt>
      <trkpt lat="45.681395004" lon="6.739783001">
        <ele>1529.78</ele>
      </trkpt>
      <trkpt lat="45.68122" lon="6.739905">
        <ele>1529.76</ele>
      </trkpt>
      <trkpt lat="45.681107998" lon="6.740013008">
        <ele>1528.85</ele>
      </trkpt>
      <trkpt lat="45.680992997" lon="6.740156992">
        <ele>1526.94</ele>
      </trkpt>
      <trkpt lat="45.680745005" lon="6.740431008">
        <ele>1524.82</ele>
      </trkpt>
      <trkpt lat="45.680438998" lon="6.740729006">
        <ele>1520.88</ele>
      </trkpt>
      <trkpt lat="45.680303003" lon="6.740887">
        <ele>1520.66</ele>
      </trkpt>
      <trkpt lat="45.680176996" lon="6.741018994">
        <ele>1519.29</ele>
      </trkpt>
      <trkpt lat="45.680010002" lon="6.741172009">
        <ele>1518.9</ele>
      </trkpt>
      <trkpt lat="45.679772998" lon="6.741472005">
        <ele>1516.99</ele>
      </trkpt>
      <trkpt lat="45.679631004" lon="6.741615995">
        <ele>1516.7</ele>
      </trkpt>
      <trkpt lat="45.679524998" lon="6.741773003">
        <ele>1518.04</ele>
      </trkpt>
      <trkpt lat="45.679401004" lon="6.741913001">
        <ele>1519.73</ele>
      </trkpt>
      <trkpt lat="45.679300002" lon="6.742051004">
        <ele>1519.93</ele>
      </trkpt>
      <trkpt lat="45.679239002" lon="6.742152">
        <ele>1520.03</ele>
      </trkpt>
      <trkpt lat="45.679001002" lon="6.742413004">
        <ele>1519.98</ele>
      </trkpt>
      <trkpt lat="45.678881998" lon="6.742558006">
        <ele>1516.36</ele>
      </trkpt>
      <trkpt lat="45.678729996" lon="6.742714997">
        <ele>1511.37</ele>
      </trkpt>
      <trkpt lat="45.678601998" lon="6.742889996">
        <ele>1509.23</ele>
      </trkpt>
      <trkpt lat="45.678482999" lon="6.743092006">
        <ele>1507.55</ele>
      </trkpt>
      <trkpt lat="45.678370003" lon="6.743255005">
        <ele>1506.48</ele>
      </trkpt>
      <trkpt lat="45.678291002" lon="6.743418001">
        <ele>1505.67</ele>
      </trkpt>
      <trkpt lat="45.678189004" lon="6.743580997">
        <ele>1505.2</ele>
      </trkpt>
      <trkpt lat="45.678090004" lon="6.743800999">
        <ele>1502.84</ele>
      </trkpt>
      <trkpt lat="45.677928002" lon="6.744235001">
        <ele>1500.46</ele>
      </trkpt>
      <trkpt lat="45.677765999" lon="6.744669001">
        <ele>1497.91</ele>
      </trkpt>
      <trkpt lat="45.677679002" lon="6.744903997">
        <ele>1496.23</ele>
      </trkpt>
      <trkpt lat="45.677584004" lon="6.745159992">
        <ele>1495.26</ele>
      </trkpt>
      <trkpt lat="45.677413998" lon="6.745618998">
        <ele>1494.92</ele>
      </trkpt>
      <trkpt lat="45.677244005" lon="6.746076999">
        <ele>1494.31</ele>
      </trkpt>
      <trkpt lat="45.677180997" lon="6.746206002">
        <ele>1494.19</ele>
      </trkpt>
      <trkpt lat="45.677043006" lon="6.746423998">
        <ele>1492.12</ele>
      </trkpt>
      <trkpt lat="45.676829002" lon="6.746672003">
        <ele>1493.67</ele>
      </trkpt>
      <trkpt lat="45.676750999" lon="6.746734994">
        <ele>1493.52</ele>
      </trkpt>
      <trkpt lat="45.676642002" lon="6.746798007">
        <ele>1493.72</ele>
      </trkpt>
      <trkpt lat="45.676375006" lon="6.746950997">
        <ele>1493.55</ele>
      </trkpt>
      <trkpt lat="45.676309002" lon="6.747023994">
        <ele>1494.31</ele>
      </trkpt>
      <trkpt lat="45.676248" lon="6.747112994">
        <ele>1491.7</ele>
      </trkpt>
      <trkpt lat="45.676177997" lon="6.747236002">
        <ele>1490.66</ele>
      </trkpt>
      <trkpt lat="45.676118" lon="6.747358994">
        <ele>1491.68</ele>
      </trkpt>
      <trkpt lat="45.676088004" lon="6.747446004">
        <ele>1489.99</ele>
      </trkpt>
      <trkpt lat="45.676004002" lon="6.747723">
        <ele>1489.42</ele>
      </trkpt>
      <trkpt lat="45.675950006" lon="6.747870998">
        <ele>1488.4</ele>
      </trkpt>
      <trkpt lat="45.675853999" lon="6.748057996">
        <ele>1487.23</ele>
      </trkpt>
      <trkpt lat="45.675752006" lon="6.748277997">
        <ele>1483.6</ele>
      </trkpt>
      <trkpt lat="45.675709005" lon="6.748399001">
        <ele>1482.44</ele>
      </trkpt>
      <trkpt lat="45.675679998" lon="6.748517995">
        <ele>1480.59</ele>
      </trkpt>
      <trkpt lat="45.675660002" lon="6.748662007">
        <ele>1479.29</ele>
      </trkpt>
      <trkpt lat="45.675647998" lon="6.748912">
        <ele>1478.31</ele>
      </trkpt>
      <trkpt lat="45.675647002" lon="6.749107003">
        <ele>1478.35</ele>
      </trkpt>
      <trkpt lat="45.675635001" lon="6.749208001">
        <ele>1480.08</ele>
      </trkpt>
      <trkpt lat="45.675596998" lon="6.749379998">
        <ele>1481.47</ele>
      </trkpt>
      <trkpt lat="45.675517004" lon="6.749699993">
        <ele>1482.74</ele>
      </trkpt>
      <trkpt lat="45.675478002" lon="6.749814001">
        <ele>1484.57</ele>
      </trkpt>
      <trkpt lat="45.675417" lon="6.749943003">
        <ele>1486.25</ele>
      </trkpt>
      <trkpt lat="45.675299003" lon="6.750146997">
        <ele>1483.77</ele>
      </trkpt>
      <trkpt lat="45.675202005" lon="6.750283009">
        <ele>1484.86</ele>
      </trkpt>
      <trkpt lat="45.675076998" lon="6.750416004">
        <ele>1483.57</ele>
      </trkpt>
      <trkpt lat="45.674905001" lon="6.750574">
        <ele>1481.72</ele>
      </trkpt>
      <trkpt lat="45.674776998" lon="6.750713001">
        <ele>1479.04</ele>
      </trkpt>
      <trkpt lat="45.674711" lon="6.750799006">
        <ele>1479.06</ele>
      </trkpt>
      <trkpt lat="45.674629002" lon="6.750925">
        <ele>1476.12</ele>
      </trkpt>
      <trkpt lat="45.674520004" lon="6.751124005">
        <ele>1475.67</ele>
      </trkpt>
      <trkpt lat="45.674371995" lon="6.751304997">
        <ele>1474.79</ele>
      </trkpt>
      <trkpt lat="45.674238997" lon="6.751499994">
        <ele>1474.99</ele>
      </trkpt>
      <trkpt lat="45.674179998" lon="6.751690004">
        <ele>1475.09</ele>
      </trkpt>
      <trkpt lat="45.674137997" lon="6.751907992">
        <ele>1475.14</ele>
      </trkpt>
      <trkpt lat="45.674105995" lon="6.752389005">
        <ele>1474.33</ele>
      </trkpt>
      <trkpt lat="45.674114004" lon="6.752695">
        <ele>1475.03</ele>
      </trkpt>
      <trkpt lat="45.674158" lon="6.752997998">
        <ele>1474.15</ele>
      </trkpt>
      <trkpt lat="45.674173994" lon="6.753158002">
        <ele>1475.48</ele>
      </trkpt>
      <trkpt lat="45.674176004" lon="6.753343997">
        <ele>1475.66</ele>
      </trkpt>
      <trkpt lat="45.674171999" lon="6.753516005">
        <ele>1476.27</ele>
      </trkpt>
      <trkpt lat="45.67415" lon="6.753698005">
        <ele>1474.66</ele>
      </trkpt>
      <trkpt lat="45.674118004" lon="6.753836992">
        <ele>1476.21</ele>
      </trkpt>
      <trkpt lat="45.673987002" lon="6.754261995">
        <ele>1475.66</ele>
      </trkpt>
      <trkpt lat="45.673940995" lon="6.754394">
        <ele>1476.13</ele>
      </trkpt>
      <trkpt lat="45.673882996" lon="6.754499009">
        <ele>1477.28</ele>
      </trkpt>
      <trkpt lat="45.673657004" lon="6.754827994">
        <ele>1479.82</ele>
      </trkpt>
      <trkpt lat="45.673583005" lon="6.754919995">
        <ele>1479.95</ele>
      </trkpt>
      <trkpt lat="45.673478998" lon="6.755007001">
        <ele>1480</ele>
      </trkpt>
      <trkpt lat="45.673334004" lon="6.755209003">
        <ele>1478.94</ele>
      </trkpt>
      <trkpt lat="45.673314001" lon="6.755253">
        <ele>1476.78</ele>
      </trkpt>
      <trkpt lat="45.673159004" lon="6.755626997">
        <ele>1476.41</ele>
      </trkpt>
      <trkpt lat="45.673077997" lon="6.755943006">
        <ele>1475.87</ele>
      </trkpt>
      <trkpt lat="45.672995996" lon="6.756257994">
        <ele>1475.34</ele>
      </trkpt>
      <trkpt lat="45.672967" lon="6.756354">
        <ele>1476.05</ele>
      </trkpt>
      <trkpt lat="45.672908002" lon="6.756457008">
        <ele>1477.88</ele>
      </trkpt>
      <trkpt lat="45.672754001" lon="6.756588992">
        <ele>1478.38</ele>
      </trkpt>
      <trkpt lat="45.672583002" lon="6.756816998">
        <ele>1476.05</ele>
      </trkpt>
      <trkpt lat="45.672411004" lon="6.757103006">
        <ele>1477.16</ele>
      </trkpt>
      <trkpt lat="45.672343996" lon="6.757221002">
        <ele>1478.29</ele>
      </trkpt>
      <trkpt lat="45.672256997" lon="6.757287001">
        <ele>1478.35</ele>
      </trkpt>
      <trkpt lat="45.672162998" lon="6.757350994">
        <ele>1477.51</ele>
      </trkpt>
      <trkpt lat="45.671984996" lon="6.757404999">
        <ele>1480.02</ele>
      </trkpt>
      <trkpt lat="45.671766004" lon="6.757547004">
        <ele>1479.44</ele>
      </trkpt>
      <trkpt lat="45.671662997" lon="6.757566998">
        <ele>1477.3</ele>
      </trkpt>
      <trkpt lat="45.671574997" lon="6.757552006">
        <ele>1476.84</ele>
      </trkpt>
      <trkpt lat="45.671493003" lon="6.757513993">
        <ele>1477.1</ele>
      </trkpt>
      <trkpt lat="45.671394996" lon="6.757438">
        <ele>1474.08</ele>
      </trkpt>
      <trkpt lat="45.671304994" lon="6.757433006">
        <ele>1470.68</ele>
      </trkpt>
      <trkpt lat="45.671225" lon="6.757491995">
        <ele>1471.98</ele>
      </trkpt>
      <trkpt lat="45.671140001" lon="6.757577995">
        <ele>1472.65</ele>
      </trkpt>
      <trkpt lat="45.671057995" lon="6.757684001">
        <ele>1471.69</ele>
      </trkpt>
      <trkpt lat="45.670988002" lon="6.757812001">
        <ele>1473.24</ele>
      </trkpt>
      <trkpt lat="45.670784998" lon="6.758294007">
        <ele>1475.24</ele>
      </trkpt>
      <trkpt lat="45.670726995" lon="6.758428992">
        <ele>1472.84</ele>
      </trkpt>
      <trkpt lat="45.670469" lon="6.758901998">
        <ele>1469.93</ele>
      </trkpt>
      <trkpt lat="45.670445999" lon="6.759015997">
        <ele>1467.89</ele>
      </trkpt>
      <trkpt lat="45.670460005" lon="6.759096004">
        <ele>1465.98</ele>
      </trkpt>
      <trkpt lat="45.670489996" lon="6.759169999">
        <ele>1464.08</ele>
      </trkpt>
      <trkpt lat="45.670559997" lon="6.759277999">
        <ele>1461.75</ele>
      </trkpt>
      <trkpt lat="45.670641001" lon="6.759378003">
        <ele>1462</ele>
      </trkpt>
      <trkpt lat="45.670728994" lon="6.759472002">
        <ele>1463.47</ele>
      </trkpt>
      <trkpt lat="45.670894999" lon="6.759622005">
        <ele>1463.92</ele>
      </trkpt>
      <trkpt lat="45.670958003" lon="6.759722998">
        <ele>1463.28</ele>
      </trkpt>
      <trkpt lat="45.671056002" lon="6.759956001">
        <ele>1464.7</ele>
      </trkpt>
      <trkpt lat="45.67107" lon="6.760056994">
        <ele>1462.75</ele>
      </trkpt>
      <trkpt lat="45.671072" lon="6.760161994">
        <ele>1459.3</ele>
      </trkpt>
      <trkpt lat="45.671067995" lon="6.760345">
        <ele>1457.79</ele>
      </trkpt>
      <trkpt lat="45.671094001" lon="6.760460003">
        <ele>1456.45</ele>
      </trkpt>
      <trkpt lat="45.671202003" lon="6.760641005">
        <ele>1453.77</ele>
      </trkpt>
      <trkpt lat="45.671225" lon="6.760732992">
        <ele>1450.52</ele>
      </trkpt>
      <trkpt lat="45.671238998" lon="6.760848002">
        <ele>1448.83</ele>
      </trkpt>
      <trkpt lat="45.671231" lon="6.761366007">
        <ele>1444.09</ele>
      </trkpt>
      <trkpt lat="45.671235001" lon="6.761535991">
        <ele>1444.11</ele>
      </trkpt>
      <trkpt lat="45.671249003" lon="6.761766">
        <ele>1444.28</ele>
      </trkpt>
      <trkpt lat="45.671252998" lon="6.762023">
        <ele>1443.97</ele>
      </trkpt>
      <trkpt lat="45.67125" lon="6.762487004">
        <ele>1443.17</ele>
      </trkpt>
      <trkpt lat="45.671242002" lon="6.762634003">
        <ele>1443.67</ele>
      </trkpt>
      <trkpt lat="45.671205001" lon="6.762896997">
        <ele>1439.76</ele>
      </trkpt>
      <trkpt lat="45.671169003" lon="6.763057998">
        <ele>1437.84</ele>
      </trkpt>
      <trkpt lat="45.671067001" lon="6.763427002">
        <ele>1436.65</ele>
      </trkpt>
      <trkpt lat="45.671058999" lon="6.763572998">
        <ele>1434.39</ele>
      </trkpt>
      <trkpt lat="45.671116995" lon="6.763863003">
        <ele>1434.49</ele>
      </trkpt>
      <trkpt lat="45.671137999" lon="6.764306998">
        <ele>1434.21</ele>
      </trkpt>
      <trkpt lat="45.671171006" lon="6.764435995">
        <ele>1431.71</ele>
      </trkpt>
      <trkpt lat="45.671214996" lon="6.764551993">
        <ele>1431.81</ele>
      </trkpt>
      <trkpt lat="45.671246997" lon="6.764696005">
        <ele>1431.57</ele>
      </trkpt>
      <trkpt lat="45.671249001" lon="6.764834992">
        <ele>1429.17</ele>
      </trkpt>
      <trkpt lat="45.671211994" lon="6.764984003">
        <ele>1428.76</ele>
      </trkpt>
      <trkpt lat="45.671147996" lon="6.765112004">
        <ele>1428.16</ele>
      </trkpt>
      <trkpt lat="45.671097998" lon="6.765243003">
        <ele>1426.74</ele>
      </trkpt>
      <trkpt lat="45.671088002" lon="6.765410003">
        <ele>1426.67</ele>
      </trkpt>
      <trkpt lat="45.671085998" lon="6.765752003">
        <ele>1427.7</ele>
      </trkpt>
      <trkpt lat="45.671083999" lon="6.766093002">
        <ele>1426.62</ele>
      </trkpt>
      <trkpt lat="45.671086" lon="6.766447003">
        <ele>1425.82</ele>
      </trkpt>
      <trkpt lat="45.671075998" lon="6.766605001">
        <ele>1425.08</ele>
      </trkpt>
      <trkpt lat="45.671042002" lon="6.766765004">
        <ele>1423.64</ele>
      </trkpt>
      <trkpt lat="45.671005999" lon="6.767003002">
        <ele>1421.54</ele>
      </trkpt>
      <trkpt lat="45.670993002" lon="6.767097993">
        <ele>1420.87</ele>
      </trkpt>
      <trkpt lat="45.670998006" lon="6.767254993">
        <ele>1420.17</ele>
      </trkpt>
      <trkpt lat="45.671034999" lon="6.767423997">
        <ele>1421.53</ele>
      </trkpt>
      <trkpt lat="45.671054001" lon="6.767570006">
        <ele>1421.88</ele>
      </trkpt>
      <trkpt lat="45.671065996" lon="6.767722005">
        <ele>1421.68</ele>
      </trkpt>
      <trkpt lat="45.671048001" lon="6.767874997">
        <ele>1419.7</ele>
      </trkpt>
      <trkpt lat="45.671018004" lon="6.767989005">
        <ele>1417.17</ele>
      </trkpt>
      <trkpt lat="45.670993996" lon="6.768089997">
        <ele>1410.65</ele>
      </trkpt>
      <trkpt lat="45.670967003" lon="6.768229002">
        <ele>1405.74</ele>
      </trkpt>
      <trkpt lat="45.670940996" lon="6.768414996">
        <ele>1404.69</ele>
      </trkpt>
      <trkpt lat="45.670901002" lon="6.768799003">
        <ele>1403.72</ele>
      </trkpt>
      <trkpt lat="45.670864998" lon="6.768939991">
        <ele>1403.24</ele>
      </trkpt>
      <trkpt lat="45.670817999" lon="6.769086004">
        <ele>1403.53</ele>
      </trkpt>
      <trkpt lat="45.670758" lon="6.769224996">
        <ele>1403.36</ele>
      </trkpt>
      <trkpt lat="45.670631" lon="6.769482996">
        <ele>1399.83</ele>
      </trkpt>
      <trkpt lat="45.670546003" lon="6.769618999">
        <ele>1396.5</ele>
      </trkpt>
      <trkpt lat="45.670480996" lon="6.769753007">
        <ele>1392.47</ele>
      </trkpt>
      <trkpt lat="45.670405999" lon="6.769889999">
        <ele>1391.8</ele>
      </trkpt>
      <trkpt lat="45.670279997" lon="6.770108999">
        <ele>1390.17</ele>
      </trkpt>
      <trkpt lat="45.670215003" lon="6.770205999">
        <ele>1388.06</ele>
      </trkpt>
      <trkpt lat="45.670168999" lon="6.770322">
        <ele>1385.95</ele>
      </trkpt>
      <trkpt lat="45.670161998" lon="6.770446998">
        <ele>1386.77</ele>
      </trkpt>
      <trkpt lat="45.670201002" lon="6.770558005">
        <ele>1384.27</ele>
      </trkpt>
      <trkpt lat="45.670327999" lon="6.770755994">
        <ele>1381.7</ele>
      </trkpt>
      <trkpt lat="45.670359004" lon="6.770873001">
        <ele>1382.9</ele>
      </trkpt>
      <trkpt lat="45.670341004" lon="6.771018994">
        <ele>1383.86</ele>
      </trkpt>
      <trkpt lat="45.670275" lon="6.771120001">
        <ele>1382.88</ele>
      </trkpt>
      <trkpt lat="45.670219001" lon="6.771241003">
        <ele>1384.37</ele>
      </trkpt>
      <trkpt lat="45.670203002" lon="6.771306007">
        <ele>1381.49</ele>
      </trkpt>
      <trkpt lat="45.670144001" lon="6.771558002">
        <ele>1378.5</ele>
      </trkpt>
      <trkpt lat="45.670115999" lon="6.771730997">
        <ele>1374.81</ele>
      </trkpt>
      <trkpt lat="45.670090999" lon="6.771929002">
        <ele>1373.83</ele>
      </trkpt>
      <trkpt lat="45.670076003" lon="6.772108002">
        <ele>1369.78</ele>
      </trkpt>
      <trkpt lat="45.670073998" lon="6.772297994">
        <ele>1371.53</ele>
      </trkpt>
      <trkpt lat="45.670092" lon="6.772481996">
        <ele>1369.51</ele>
      </trkpt>
      <trkpt lat="45.670117004" lon="6.772863999">
        <ele>1369.97</ele>
      </trkpt>
      <trkpt lat="45.670115994" lon="6.773024009">
        <ele>1367.35</ele>
      </trkpt>
      <trkpt lat="45.670101999" lon="6.773178992">
        <ele>1367.41</ele>
      </trkpt>
      <trkpt lat="45.670068995" lon="6.773361007">
        <ele>1366.54</ele>
      </trkpt>
      <trkpt lat="45.670036999" lon="6.773630992">
        <ele>1366.25</ele>
      </trkpt>
      <trkpt lat="45.669996001" lon="6.773796002">
        <ele>1367.82</ele>
      </trkpt>
      <trkpt lat="45.669956003" lon="6.773918003">
        <ele>1369.73</ele>
      </trkpt>
      <trkpt lat="45.669907002" lon="6.774019999">
        <ele>1366.64</ele>
      </trkpt>
      <trkpt lat="45.669870001" lon="6.774132997">
        <ele>1366.67</ele>
      </trkpt>
      <trkpt lat="45.669845001" lon="6.774254002">
        <ele>1366.86</ele>
      </trkpt>
      <trkpt lat="45.669829999" lon="6.774379006">
        <ele>1364.84</ele>
      </trkpt>
      <trkpt lat="45.669782005" lon="6.774437003">
        <ele>1360.91</ele>
      </trkpt>
      <trkpt lat="45.669728002" lon="6.774392994">
        <ele>1362.28</ele>
      </trkpt>
      <trkpt lat="45.669722002" lon="6.774276998">
        <ele>1359.33</ele>
      </trkpt>
      <trkpt lat="45.669783001" lon="6.774046">
        <ele>1358</ele>
      </trkpt>
      <trkpt lat="45.669781005" lon="6.773865996">
        <ele>1355.91</ele>
      </trkpt>
      <trkpt lat="45.669762002" lon="6.773656004">
        <ele>1356.54</ele>
      </trkpt>
      <trkpt lat="45.669741" lon="6.773255001">
        <ele>1355.95</ele>
      </trkpt>
      <trkpt lat="45.669695" lon="6.772843999">
        <ele>1356.03</ele>
      </trkpt>
      <trkpt lat="45.669649001" lon="6.772434002">
        <ele>1355.47</ele>
      </trkpt>
      <trkpt lat="45.669635997" lon="6.772254997">
        <ele>1355.8</ele>
      </trkpt>
      <trkpt lat="45.669635" lon="6.772111002">
        <ele>1353.54</ele>
      </trkpt>
      <trkpt lat="45.669642001" lon="6.771974998">
        <ele>1351.55</ele>
      </trkpt>
      <trkpt lat="45.669666" lon="6.771829995">
        <ele>1351.39</ele>
      </trkpt>
      <trkpt lat="45.669691994" lon="6.771717994">
        <ele>1350.97</ele>
      </trkpt>
      <trkpt lat="45.669695001" lon="6.771628008">
        <ele>1349.95</ele>
      </trkpt>
      <trkpt lat="45.669639997" lon="6.771594992">
        <ele>1347.97</ele>
      </trkpt>
      <trkpt lat="45.669592" lon="6.771629999">
        <ele>1347.65</ele>
      </trkpt>
      <trkpt lat="45.669557004" lon="6.771718999">
        <ele>1346.49</ele>
      </trkpt>
      <trkpt lat="45.669505004" lon="6.771931003">
        <ele>1343.38</ele>
      </trkpt>
      <trkpt lat="45.669463001" lon="6.772057998">
        <ele>1338.96</ele>
      </trkpt>
      <trkpt lat="45.669303997" lon="6.772404006">
        <ele>1338.28</ele>
      </trkpt>
      <trkpt lat="45.669282999" lon="6.772562998">
        <ele>1335.18</ele>
      </trkpt>
      <trkpt lat="45.669267" lon="6.772923001">
        <ele>1331.55</ele>
      </trkpt>
      <trkpt lat="45.669251" lon="6.773283003">
        <ele>1330.47</ele>
      </trkpt>
      <trkpt lat="45.669251996" lon="6.773444999">
        <ele>1331.58</ele>
      </trkpt>
      <trkpt lat="45.669265001" lon="6.773611003">
        <ele>1334.39</ele>
      </trkpt>
      <trkpt lat="45.669306006" lon="6.773912003">
        <ele>1333.76</ele>
      </trkpt>
      <trkpt lat="45.669313" lon="6.774054002">
        <ele>1333.96</ele>
      </trkpt>
      <trkpt lat="45.669271" lon="6.774150996">
        <ele>1333.79</ele>
      </trkpt>
      <trkpt lat="45.669206001" lon="6.774150998">
        <ele>1331.9</ele>
      </trkpt>
      <trkpt lat="45.669172001" lon="6.774064004">
        <ele>1328.44</ele>
      </trkpt>
      <trkpt lat="45.669188997" lon="6.773815001">
        <ele>1329.46</ele>
      </trkpt>
      <trkpt lat="45.669159995" lon="6.773707994">
        <ele>1329.94</ele>
      </trkpt>
      <trkpt lat="45.669093998" lon="6.773563">
        <ele>1327.32</ele>
      </trkpt>
      <trkpt lat="45.669028996" lon="6.773247994">
        <ele>1326.73</ele>
      </trkpt>
      <trkpt lat="45.668943005" lon="6.772919008">
        <ele>1325.11</ele>
      </trkpt>
      <trkpt lat="45.668926001" lon="6.772748">
        <ele>1319.83</ele>
      </trkpt>
      <trkpt lat="45.668914001" lon="6.772402999">
        <ele>1315.75</ele>
      </trkpt>
      <trkpt lat="45.668916002" lon="6.771832001">
        <ele>1314.27</ele>
      </trkpt>
      <trkpt lat="45.668879994" lon="6.771750003">
        <ele>1311.75</ele>
      </trkpt>
      <trkpt lat="45.668849997" lon="6.771759004">
        <ele>1309.46</ele>
      </trkpt>
      <trkpt lat="45.668807997" lon="6.771774">
        <ele>1311.06</ele>
      </trkpt>
      <trkpt lat="45.668783997" lon="6.771837003">
        <ele>1309.93</ele>
      </trkpt>
      <trkpt lat="45.668777002" lon="6.772181004">
        <ele>1308.03</ele>
      </trkpt>
      <trkpt lat="45.668740999" lon="6.772472994">
        <ele>1307.54</ele>
      </trkpt>
      <trkpt lat="45.668641996" lon="6.772963992">
        <ele>1304.79</ele>
      </trkpt>
      <trkpt lat="45.668636995" lon="6.773136005">
        <ele>1302.33</ele>
      </trkpt>
      <trkpt lat="45.668667997" lon="6.773487997">
        <ele>1300.66</ele>
      </trkpt>
      <trkpt lat="45.668668001" lon="6.773670998">
        <ele>1300.67</ele>
      </trkpt>
      <trkpt lat="45.668659002" lon="6.773869998">
        <ele>1298.54</ele>
      </trkpt>
      <trkpt lat="45.668605999" lon="6.774169005">
        <ele>1300.36</ele>
      </trkpt>
      <trkpt lat="45.668609004" lon="6.774295004">
        <ele>1300.42</ele>
      </trkpt>
      <trkpt lat="45.668657998" lon="6.774375999">
        <ele>1302.76</ele>
      </trkpt>
      <trkpt lat="45.668744998" lon="6.774510005">
        <ele>1307.5</ele>
      </trkpt>
      <trkpt lat="45.668772995" lon="6.774650992">
        <ele>1307.35</ele>
      </trkpt>
      <trkpt lat="45.668769997" lon="6.774795998">
        <ele>1307.49</ele>
      </trkpt>
      <trkpt lat="45.668704996" lon="6.774967003">
        <ele>1307.57</ele>
      </trkpt>
      <trkpt lat="45.668605001" lon="6.775308">
        <ele>1306.72</ele>
      </trkpt>
      <trkpt lat="45.668568996" lon="6.775397995">
        <ele>1298.69</ele>
      </trkpt>
      <trkpt lat="45.668513998" lon="6.775432007">
        <ele>1296.89</ele>
      </trkpt>
      <trkpt lat="45.668469001" lon="6.775377001">
        <ele>1294.57</ele>
      </trkpt>
      <trkpt lat="45.668468994" lon="6.775280999">
        <ele>1293.82</ele>
      </trkpt>
      <trkpt lat="45.668541002" lon="6.775089">
        <ele>1291.68</ele>
      </trkpt>
      <trkpt lat="45.668597997" lon="6.774906995">
        <ele>1294.02</ele>
      </trkpt>
      <trkpt lat="45.668596994" lon="6.774769998">
        <ele>1296.08</ele>
      </trkpt>
      <trkpt lat="45.668569002" lon="6.774627005">
        <ele>1295.65</ele>
      </trkpt>
      <trkpt lat="45.668482005" lon="6.774500997">
        <ele>1291.66</ele>
      </trkpt>
      <trkpt lat="45.668397" lon="6.774415">
        <ele>1290.09</ele>
      </trkpt>
      <trkpt lat="45.668318001" lon="6.774321993">
        <ele>1289.29</ele>
      </trkpt>
      <trkpt lat="45.668255004" lon="6.774189998">
        <ele>1287.52</ele>
      </trkpt>
      <trkpt lat="45.668230997" lon="6.774025999">
        <ele>1285.87</ele>
      </trkpt>
      <trkpt lat="45.668227001" lon="6.773697003">
        <ele>1284.94</ele>
      </trkpt>
      <trkpt lat="45.668209002" lon="6.773531009">
        <ele>1283.87</ele>
      </trkpt>
      <trkpt lat="45.668181999" lon="6.773373002">
        <ele>1279.67</ele>
      </trkpt>
      <trkpt lat="45.668149999" lon="6.773224994">
        <ele>1276.69</ele>
      </trkpt>
      <trkpt lat="45.668080998" lon="6.773076005">
        <ele>1275.48</ele>
      </trkpt>
      <trkpt lat="45.668009999" lon="6.772960002">
        <ele>1276.81</ele>
      </trkpt>
      <trkpt lat="45.667970003" lon="6.772855">
        <ele>1275.25</ele>
      </trkpt>
      <trkpt lat="45.667938002" lon="6.772734997">
        <ele>1275.66</ele>
      </trkpt>
      <trkpt lat="45.667923" lon="6.772627996">
        <ele>1275.62</ele>
      </trkpt>
      <trkpt lat="45.667958001" lon="6.772533998">
        <ele>1275.15</ele>
      </trkpt>
      <trkpt lat="45.668028004" lon="6.772448996">
        <ele>1271.81</ele>
      </trkpt>
      <trkpt lat="45.668086996" lon="6.772358999">
        <ele>1270.95</ele>
      </trkpt>
      <trkpt lat="45.668131001" lon="6.772263994">
        <ele>1268.78</ele>
      </trkpt>
      <trkpt lat="45.668145996" lon="6.77212">
        <ele>1266.72</ele>
      </trkpt>
      <trkpt lat="45.668146997" lon="6.771709002">
        <ele>1264.65</ele>
      </trkpt>
      <trkpt lat="45.668125002" lon="6.771660004">
        <ele>1264.71</ele>
      </trkpt>
      <trkpt lat="45.668086004" lon="6.771642995">
        <ele>1263.78</ele>
      </trkpt>
      <trkpt lat="45.668045004" lon="6.771667999">
        <ele>1265.44</ele>
      </trkpt>
      <trkpt lat="45.668030004" lon="6.771796009">
        <ele>1266.36</ele>
      </trkpt>
      <trkpt lat="45.668012996" lon="6.772041998">
        <ele>1266.97</ele>
      </trkpt>
      <trkpt lat="45.667997002" lon="6.772169002">
        <ele>1265.03</ele>
      </trkpt>
      <trkpt lat="45.667947996" lon="6.772232999">
        <ele>1263.98</ele>
      </trkpt>
      <trkpt lat="45.667887999" lon="6.772275004">
        <ele>1261.46</ele>
      </trkpt>
      <trkpt lat="45.667736995" lon="6.772256992">
        <ele>1259.14</ele>
      </trkpt>
      <trkpt lat="45.667668003" lon="6.772268">
        <ele>1256.35</ele>
      </trkpt>
      <trkpt lat="45.667616" lon="6.772308995">
        <ele>1254.86</ele>
      </trkpt>
      <trkpt lat="45.667591" lon="6.772375991">
        <ele>1251.72</ele>
      </trkpt>
      <trkpt lat="45.667591995" lon="6.772529997">
        <ele>1250.3</ele>
      </trkpt>
      <trkpt lat="45.667625998" lon="6.772689006">
        <ele>1247.99</ele>
      </trkpt>
      <trkpt lat="45.667635999" lon="6.772828993">
        <ele>1245.74</ele>
      </trkpt>
      <trkpt lat="45.667613001" lon="6.772970999">
        <ele>1245.93</ele>
      </trkpt>
      <trkpt lat="45.667610003" lon="6.773363998">
        <ele>1247.1</ele>
      </trkpt>
      <trkpt lat="45.667631995" lon="6.773569004">
        <ele>1246.34</ele>
      </trkpt>
      <trkpt lat="45.667683002" lon="6.773929003">
        <ele>1247.25</ele>
      </trkpt>
      <trkpt lat="45.667755" lon="6.774291">
        <ele>1247.92</ele>
      </trkpt>
      <trkpt lat="45.667798999" lon="6.774510997">
        <ele>1248.75</ele>
      </trkpt>
      <trkpt lat="45.667852001" lon="6.774704993">
        <ele>1249.64</ele>
      </trkpt>
      <trkpt lat="45.667860001" lon="6.774795996">
        <ele>1250.73</ele>
      </trkpt>
      <trkpt lat="45.667841999" lon="6.774861001">
        <ele>1251.76</ele>
      </trkpt>
      <trkpt lat="45.667790996" lon="6.774887995">
        <ele>1252.42</ele>
      </trkpt>
      <trkpt lat="45.667747" lon="6.774837005">
        <ele>1250.78</ele>
      </trkpt>
      <trkpt lat="45.667706999" lon="6.774511008">
        <ele>1248.08</ele>
      </trkpt>
      <trkpt lat="45.667674998" lon="6.774369004">
        <ele>1246.52</ele>
      </trkpt>
      <trkpt lat="45.667615994" lon="6.774225994">
        <ele>1243.25</ele>
      </trkpt>
      <trkpt lat="45.667461994" lon="6.773964008">
        <ele>1239.57</ele>
      </trkpt>
      <trkpt lat="45.667394003" lon="6.773825002">
        <ele>1237.59</ele>
      </trkpt>
      <trkpt lat="45.667323997" lon="6.773705995">
        <ele>1235.15</ele>
      </trkpt>
      <trkpt lat="45.667300002" lon="6.773585999">
        <ele>1233.05</ele>
      </trkpt>
      <trkpt lat="45.667305996" lon="6.773443002">
        <ele>1230.13</ele>
      </trkpt>
      <trkpt lat="45.667335998" lon="6.773189995">
        <ele>1229.31</ele>
      </trkpt>
      <trkpt lat="45.667331998" lon="6.773115994">
        <ele>1227.95</ele>
      </trkpt>
      <trkpt lat="45.667308001" lon="6.773034997">
        <ele>1228.58</ele>
      </trkpt>
      <trkpt lat="45.667248006" lon="6.772996008">
        <ele>1228</ele>
      </trkpt>
      <trkpt lat="45.667202998" lon="6.772947999">
        <ele>1230.19</ele>
      </trkpt>
      <trkpt lat="45.667141002" lon="6.772876999">
        <ele>1226.6</ele>
      </trkpt>
      <trkpt lat="45.667091999" lon="6.772754">
        <ele>1227.72</ele>
      </trkpt>
      <trkpt lat="45.667082995" lon="6.772601995">
        <ele>1227.64</ele>
      </trkpt>
      <trkpt lat="45.667093003" lon="6.772446002">
        <ele>1227.67</ele>
      </trkpt>
      <trkpt lat="45.667122997" lon="6.772179996">
        <ele>1224.2</ele>
      </trkpt>
      <trkpt lat="45.667088001" lon="6.772106003">
        <ele>1225.48</ele>
      </trkpt>
      <trkpt lat="45.667040002" lon="6.772086992">
        <ele>1222.71</ele>
      </trkpt>
      <trkpt lat="45.666996001" lon="6.772120007">
        <ele>1218.38</ele>
      </trkpt>
      <trkpt lat="45.666994999" lon="6.772375004">
        <ele>1216.16</ele>
      </trkpt>
      <trkpt lat="45.666968001" lon="6.772641998">
        <ele>1216.07</ele>
      </trkpt>
      <trkpt lat="45.666930006" lon="6.772800003">
        <ele>1215.84</ele>
      </trkpt>
      <trkpt lat="45.666875997" lon="6.772931998">
        <ele>1213.47</ele>
      </trkpt>
      <trkpt lat="45.666827998" lon="6.773091005">
        <ele>1212.19</ele>
      </trkpt>
      <trkpt lat="45.666802995" lon="6.773252995">
        <ele>1211.16</ele>
      </trkpt>
      <trkpt lat="45.666791996" lon="6.773406">
        <ele>1211.01</ele>
      </trkpt>
      <trkpt lat="45.666807002" lon="6.773533006">
        <ele>1211.33</ele>
      </trkpt>
      <trkpt lat="45.666873997" lon="6.773652">
        <ele>1212.7</ele>
      </trkpt>
      <trkpt lat="45.666936999" lon="6.773742999">
        <ele>1215.85</ele>
      </trkpt>
      <trkpt lat="45.666989" lon="6.773847006">
        <ele>1216.64</ele>
      </trkpt>
      <trkpt lat="45.667045" lon="6.773988999">
        <ele>1218.65</ele>
      </trkpt>
      <trkpt lat="45.667096001" lon="6.774308002">
        <ele>1217.06</ele>
      </trkpt>
      <trkpt lat="45.667100996" lon="6.774455002">
        <ele>1214.59</ele>
      </trkpt>
      <trkpt lat="45.667074999" lon="6.774605995">
        <ele>1213.61</ele>
      </trkpt>
      <trkpt lat="45.667023998" lon="6.774758997">
        <ele>1211.07</ele>
      </trkpt>
      <trkpt lat="45.666917999" lon="6.775002998">
        <ele>1206.53</ele>
      </trkpt>
      <trkpt lat="45.666838001" lon="6.775193996">
        <ele>1205.29</ele>
      </trkpt>
      <trkpt lat="45.666757001" lon="6.775351997">
        <ele>1206.4</ele>
      </trkpt>
      <trkpt lat="45.666703995" lon="6.775479004">
        <ele>1205.3</ele>
      </trkpt>
      <trkpt lat="45.666584998" lon="6.775892996">
        <ele>1205.19</ele>
      </trkpt>
      <trkpt lat="45.666545996" lon="6.776011006">
        <ele>1205.74</ele>
      </trkpt>
      <trkpt lat="45.666517996" lon="6.776058006">
        <ele>1204.43</ele>
      </trkpt>
      <trkpt lat="45.666477997" lon="6.776062001">
        <ele>1202.23</ele>
      </trkpt>
      <trkpt lat="45.666419001" lon="6.776021998">
        <ele>1200.96</ele>
      </trkpt>
      <trkpt lat="45.666403998" lon="6.775942">
        <ele>1200.3</ele>
      </trkpt>
      <trkpt lat="45.666429995" lon="6.775758003">
        <ele>1197.84</ele>
      </trkpt>
      <trkpt lat="45.666426004" lon="6.775626002">
        <ele>1198.18</ele>
      </trkpt>
      <trkpt lat="45.666363999" lon="6.775472001">
        <ele>1196.27</ele>
      </trkpt>
      <trkpt lat="45.666295997" lon="6.775363995">
        <ele>1194</ele>
      </trkpt>
      <trkpt lat="45.666162996" lon="6.775187998">
        <ele>1191.46</ele>
      </trkpt>
      <trkpt lat="45.666114" lon="6.775094997">
        <ele>1190.91</ele>
      </trkpt>
      <trkpt lat="45.666094997" lon="6.774969995">
        <ele>1188.53</ele>
      </trkpt>
      <trkpt lat="45.666114997" lon="6.774824999">
        <ele>1188.24</ele>
      </trkpt>
      <trkpt lat="45.666162003" lon="6.774700001">
        <ele>1188.09</ele>
      </trkpt>
      <trkpt lat="45.666200001" lon="6.774566994">
        <ele>1186.3</ele>
      </trkpt>
      <trkpt lat="45.666208" lon="6.774436004">
        <ele>1184.31</ele>
      </trkpt>
      <trkpt lat="45.666167001" lon="6.774351007">
        <ele>1183.74</ele>
      </trkpt>
      <trkpt lat="45.666129998" lon="6.774331008">
        <ele>1182.91</ele>
      </trkpt>
      <trkpt lat="45.666102999" lon="6.774317003">
        <ele>1181.52</ele>
      </trkpt>
      <trkpt lat="45.666027996" lon="6.774347001">
        <ele>1182.79</ele>
      </trkpt>
      <trkpt lat="45.665963003" lon="6.774435001">
        <ele>1181.53</ele>
      </trkpt>
      <trkpt lat="45.665775998" lon="6.774795002">
        <ele>1179.93</ele>
      </trkpt>
      <trkpt lat="45.665620999" lon="6.775026999">
        <ele>1179.75</ele>
      </trkpt>
      <trkpt lat="45.665575002" lon="6.775097998">
        <ele>1179.36</ele>
      </trkpt>
      <trkpt lat="45.665484998" lon="6.775293002">
        <ele>1176.39</ele>
      </trkpt>
      <trkpt lat="45.665429998" lon="6.775430002">
        <ele>1176.78</ele>
      </trkpt>
      <trkpt lat="45.665285999" lon="6.775897001">
        <ele>1176.1</ele>
      </trkpt>
      <trkpt lat="45.665140995" lon="6.776416993">
        <ele>1175.86</ele>
      </trkpt>
      <trkpt lat="45.665052002" lon="6.776735997">
        <ele>1175.64</ele>
      </trkpt>
      <trkpt lat="45.665003" lon="6.776892999">
        <ele>1176.2</ele>
      </trkpt>
      <trkpt lat="45.664972998" lon="6.776993991">
        <ele>1174.16</ele>
      </trkpt>
      <trkpt lat="45.664923998" lon="6.777115994">
        <ele>1174.97</ele>
      </trkpt>
      <trkpt lat="45.664844995" lon="6.777212008">
        <ele>1174.21</ele>
      </trkpt>
      <trkpt lat="45.664743" lon="6.777313999">
        <ele>1171.47</ele>
      </trkpt>
      <trkpt lat="45.664609002" lon="6.777412994">
        <ele>1169.47</ele>
      </trkpt>
      <trkpt lat="45.664423002" lon="6.777594005">
        <ele>1169.99</ele>
      </trkpt>
      <trkpt lat="45.664236003" lon="6.777776001">
        <ele>1168.26</ele>
      </trkpt>
      <trkpt lat="45.664074994" lon="6.777907003">
        <ele>1166.74</ele>
      </trkpt>
      <trkpt lat="45.663844004" lon="6.778100997">
        <ele>1167.07</ele>
      </trkpt>
      <trkpt lat="45.663657" lon="6.778274001">
        <ele>1166.77</ele>
      </trkpt>
      <trkpt lat="45.663515999" lon="6.778478998">
        <ele>1169.12</ele>
      </trkpt>
      <trkpt lat="45.663435" lon="6.778611">
        <ele>1167.49</ele>
      </trkpt>
      <trkpt lat="45.663206997" lon="6.779053992">
        <ele>1166.28</ele>
      </trkpt>
      <trkpt lat="45.663163998" lon="6.779128005">
        <ele>1166.89</ele>
      </trkpt>
      <trkpt lat="45.663072" lon="6.779216003">
        <ele>1165.17</ele>
      </trkpt>
      <trkpt lat="45.662966999" lon="6.779240999">
        <ele>1161.02</ele>
      </trkpt>
      <trkpt lat="45.662786999" lon="6.779236006">
        <ele>1158.17</ele>
      </trkpt>
      <trkpt lat="45.662705999" lon="6.779218001">
        <ele>1155.12</ele>
      </trkpt>
      <trkpt lat="45.66263" lon="6.779213993">
        <ele>1151.33</ele>
      </trkpt>
      <trkpt lat="45.662544998" lon="6.779233">
        <ele>1153.87</ele>
      </trkpt>
      <trkpt lat="45.662459994" lon="6.779295002">
        <ele>1151.5</ele>
      </trkpt>
      <trkpt lat="45.662372996" lon="6.779396003">
        <ele>1152.14</ele>
      </trkpt>
      <trkpt lat="45.662235001" lon="6.779604001">
        <ele>1152.5</ele>
      </trkpt>
      <trkpt lat="45.662169003" lon="6.779713996">
        <ele>1153.66</ele>
      </trkpt>
      <trkpt lat="45.662028004" lon="6.779913996">
        <ele>1148.56</ele>
      </trkpt>
      <trkpt lat="45.661929001" lon="6.780005999">
        <ele>1152.76</ele>
      </trkpt>
      <trkpt lat="45.661714996" lon="6.78018">
        <ele>1153.62</ele>
      </trkpt>
      <trkpt lat="45.661559003" lon="6.780299003">
        <ele>1150.52</ele>
      </trkpt>
      <trkpt lat="45.661298995" lon="6.780458995">
        <ele>1145.86</ele>
      </trkpt>
      <trkpt lat="45.661212999" lon="6.780521002">
        <ele>1150.46</ele>
      </trkpt>
      <trkpt lat="45.661124" lon="6.780594003">
        <ele>1144.03</ele>
      </trkpt>
      <trkpt lat="45.661040996" lon="6.780674008">
        <ele>1141.56</ele>
      </trkpt>
      <trkpt lat="45.660914994" lon="6.780836006">
        <ele>1142.7</ele>
      </trkpt>
      <trkpt lat="45.660882004" lon="6.780864003">
        <ele>1144.01</ele>
      </trkpt>
      <trkpt lat="45.660812001" lon="6.781002995">
        <ele>1142</ele>
      </trkpt>
      <trkpt lat="45.660794003" lon="6.781031001">
        <ele>1146.88</ele>
      </trkpt>
      <trkpt lat="45.660703" lon="6.781186994">
        <ele>1146.4</ele>
      </trkpt>
      <trkpt lat="45.660430998" lon="6.781606994">
        <ele>1147.11</ele>
      </trkpt>
      <trkpt lat="45.660353002" lon="6.781667">
        <ele>1149.56</ele>
      </trkpt>
      <trkpt lat="45.660259" lon="6.781710998">
        <ele>1146.36</ele>
      </trkpt>
      <trkpt lat="45.660149001" lon="6.78172">
        <ele>1137.8</ele>
      </trkpt>
      <trkpt lat="45.659933995" lon="6.781677997">
        <ele>1135.83</ele>
      </trkpt>
      <trkpt lat="45.659841" lon="6.781661998">
        <ele>1133.87</ele>
      </trkpt>
      <trkpt lat="45.659737998" lon="6.781663996">
        <ele>1127.95</ele>
      </trkpt>
      <trkpt lat="45.659641001" lon="6.781685008">
        <ele>1123.37</ele>
      </trkpt>
      <trkpt lat="45.659355001" lon="6.781793997">
        <ele>1124.28</ele>
      </trkpt>
      <trkpt lat="45.659270996" lon="6.781851997">
        <ele>1123.1</ele>
      </trkpt>
      <trkpt lat="45.659199998" lon="6.781939002">
        <ele>1117.96</ele>
      </trkpt>
      <trkpt lat="45.659066994" lon="6.782176995">
        <ele>1121.27</ele>
      </trkpt>
      <trkpt lat="45.658987998" lon="6.782300003">
        <ele>1120.07</ele>
      </trkpt>
      <trkpt lat="45.658750996" lon="6.782608999">
        <ele>1124.5</ele>
      </trkpt>
      <trkpt lat="45.658664004" lon="6.782677">
        <ele>1126.38</ele>
      </trkpt>
      <trkpt lat="45.658565996" lon="6.782738">
        <ele>1127.34</ele>
      </trkpt>
      <trkpt lat="45.658268996" lon="6.782861991">
        <ele>1121.06</ele>
      </trkpt>
      <trkpt lat="45.657981002" lon="6.782959998">
        <ele>1122.68</ele>
      </trkpt>
      <trkpt lat="45.657693002" lon="6.783058993">
        <ele>1112.93</ele>
      </trkpt>
      <trkpt lat="45.657370002" lon="6.783257002">
        <ele>1104.98</ele>
      </trkpt>
      <trkpt lat="45.657293005" lon="6.783302003">
        <ele>1101.65</ele>
      </trkpt>
      <trkpt lat="45.656949001" lon="6.783555999">
        <ele>1098.41</ele>
      </trkpt>
      <trkpt lat="45.656604998" lon="6.783811007">
        <ele>1091.69</ele>
      </trkpt>
      <trkpt lat="45.656414995" lon="6.783978006">
        <ele>1088.84</ele>
      </trkpt>
      <trkpt lat="45.656159004" lon="6.784268995">
        <ele>1091.1</ele>
      </trkpt>
      <trkpt lat="45.656038002" lon="6.784388003">
        <ele>1088.45</ele>
      </trkpt>
      <trkpt lat="45.655985003" lon="6.784437008">
        <ele>1087.31</ele>
      </trkpt>
      <trkpt lat="45.655789001" lon="6.784680996">
        <ele>1087.39</ele>
      </trkpt>
      <trkpt lat="45.655585994" lon="6.784914">
        <ele>1088.24</ele>
      </trkpt>
      <trkpt lat="45.655426003" lon="6.785070999">
        <ele>1082.11</ele>
      </trkpt>
      <trkpt lat="45.655142998" lon="6.785372998">
        <ele>1080.77</ele>
      </trkpt>
      <trkpt lat="45.654823999" lon="6.785699001">
        <ele>1078.69</ele>
      </trkpt>
      <trkpt lat="45.654614996" lon="6.785914001">
        <ele>1074.7</ele>
      </trkpt>
      <trkpt lat="45.654323002" lon="6.786249996">
        <ele>1071.36</ele>
      </trkpt>
      <trkpt lat="45.654119006" lon="6.786421999">
        <ele>1070.04</ele>
      </trkpt>
      <trkpt lat="45.653914" lon="6.786593997">
        <ele>1067.37</ele>
      </trkpt>
      <trkpt lat="45.653639" lon="6.786819">
        <ele>1064.99</ele>
      </trkpt>
      <trkpt lat="45.653533" lon="6.786883001">
        <ele>1065.09</ele>
      </trkpt>
      <trkpt lat="45.653415995" lon="6.786933008">
        <ele>1062.62</ele>
      </trkpt>
      <trkpt lat="45.653285001" lon="6.786968997">
        <ele>1061.68</ele>
      </trkpt>
      <trkpt lat="45.653159005" lon="6.786977008">
        <ele>1060.49</ele>
      </trkpt>
      <trkpt lat="45.653092002" lon="6.786971998">
        <ele>1058.63</ele>
      </trkpt>
      <trkpt lat="45.652687" lon="6.786947996">
        <ele>1056.31</ele>
      </trkpt>
      <trkpt lat="45.652574998" lon="6.786968007">
        <ele>1055.78</ele>
      </trkpt>
      <trkpt lat="45.652472996" lon="6.787011006">
        <ele>1055.61</ele>
      </trkpt>
      <trkpt lat="45.652407999" lon="6.787041998">
        <ele>1056.11</ele>
      </trkpt>
      <trkpt lat="45.652353003" lon="6.787071001">
        <ele>1057.27</ele>
      </trkpt>
      <trkpt lat="45.652317006" lon="6.787085994">
        <ele>1057.8</ele>
      </trkpt>
      <trkpt lat="45.652150994" lon="6.787170001">
        <ele>1061.1</ele>
      </trkpt>
      <trkpt lat="45.651985002" lon="6.787261992">
        <ele>1059.41</ele>
      </trkpt>
      <trkpt lat="45.651809998" lon="6.787382006">
        <ele>1057.65</ele>
      </trkpt>
      <trkpt lat="45.651626996" lon="6.787564998">
        <ele>1054.76</ele>
      </trkpt>
      <trkpt lat="45.651527997" lon="6.787639">
        <ele>1052.85</ele>
      </trkpt>
      <trkpt lat="45.651420995" lon="6.787703006">
        <ele>1045.8</ele>
      </trkpt>
      <trkpt lat="45.651306996" lon="6.787736003">
        <ele>1046.2</ele>
      </trkpt>
      <trkpt lat="45.651186998" lon="6.787751994">
        <ele>1043.65</ele>
      </trkpt>
      <trkpt lat="45.650741998" lon="6.787778003">
        <ele>1040.89</ele>
      </trkpt>
      <trkpt lat="45.650295998" lon="6.787803995">
        <ele>1038.24</ele>
      </trkpt>
      <trkpt lat="45.650066003" lon="6.787797006">
        <ele>1038.16</ele>
      </trkpt>
      <trkpt lat="45.649955002" lon="6.787783006">
        <ele>1030.75</ele>
      </trkpt>
      <trkpt lat="45.649898001" lon="6.787765004">
        <ele>1027.03</ele>
      </trkpt>
      <trkpt lat="45.649832002" lon="6.787743005">
        <ele>1024.21</ele>
      </trkpt>
      <trkpt lat="45.649721998" lon="6.787685999">
        <ele>1019.92</ele>
      </trkpt>
      <trkpt lat="45.649494001" lon="6.787523009">
        <ele>1014.99</ele>
      </trkpt>
      <trkpt lat="45.649179001" lon="6.787297006">
        <ele>1013.95</ele>
      </trkpt>
      <trkpt lat="45.648970004" lon="6.787136">
        <ele>1011.57</ele>
      </trkpt>
      <trkpt lat="45.648760998" lon="6.786975008">
        <ele>1009.44</ele>
      </trkpt>
      <trkpt lat="45.648551999" lon="6.786801999">
        <ele>1008.08</ele>
      </trkpt>
      <trkpt lat="45.648342997" lon="6.786628002">
        <ele>1007.46</ele>
      </trkpt>
      <trkpt lat="45.648244" lon="6.786555995">
        <ele>1006.92</ele>
      </trkpt>
      <trkpt lat="45.648115005" lon="6.786475007">
        <ele>1007.05</ele>
      </trkpt>
      <trkpt lat="45.647739997" lon="6.786271004">
        <ele>1006.96</ele>
      </trkpt>
      <trkpt lat="45.647615001" lon="6.786222001">
        <ele>1007.87</ele>
      </trkpt>
      <trkpt lat="45.647326995" lon="6.786109995">
        <ele>1007.96</ele>
      </trkpt>
      <trkpt lat="45.647165997" lon="6.786063003">
        <ele>1006.2</ele>
      </trkpt>
      <trkpt lat="45.646896999" lon="6.786043006">
        <ele>1004.09</ele>
      </trkpt>
      <trkpt lat="45.646664002" lon="6.786107001">
        <ele>1001.4</ele>
      </trkpt>
      <trkpt lat="45.646584002" lon="6.786111001">
        <ele>997.28</ele>
      </trkpt>
      <trkpt lat="45.646250001" lon="6.786062997">
        <ele>993.45</ele>
      </trkpt>
      <trkpt lat="45.645995001" lon="6.785967005">
        <ele>994.37</ele>
      </trkpt>
      <trkpt lat="45.645738998" lon="6.785870008">
        <ele>993.71</ele>
      </trkpt>
      <trkpt lat="45.645584999" lon="6.785843008">
        <ele>993.84</ele>
      </trkpt>
      <trkpt lat="45.645499001" lon="6.785837999">
        <ele>1000</ele>
      </trkpt>
      <trkpt lat="45.645202002" lon="6.785863002">
        <ele>1004.2</ele>
      </trkpt>
      <trkpt lat="45.645115004" lon="6.785850996">
        <ele>1006.6</ele>
      </trkpt>
      <trkpt lat="45.644798994" lon="6.785876999">
        <ele>1007.65</ele>
      </trkpt>
      <trkpt lat="45.644580004" lon="6.785921001">
        <ele>1012.5</ele>
      </trkpt>
      <trkpt lat="45.644469003" lon="6.785956002">
        <ele>1002.83</ele>
      </trkpt>
      <trkpt lat="45.644025" lon="6.786036008">
        <ele>997.24</ele>
      </trkpt>
      <trkpt lat="45.643805996" lon="6.786093001">
        <ele>990.36</ele>
      </trkpt>
      <trkpt lat="45.643394002" lon="6.786119003">
        <ele>986.35</ele>
      </trkpt>
      <trkpt lat="45.643302003" lon="6.786118995">
        <ele>979.86</ele>
      </trkpt>
      <trkpt lat="45.643213001" lon="6.786106004">
        <ele>982.62</ele>
      </trkpt>
      <trkpt lat="45.643012002" lon="6.786115003">
        <ele>983.1</ele>
      </trkpt>
      <trkpt lat="45.642684001" lon="6.786158999">
        <ele>983.52</ele>
      </trkpt>
      <trkpt lat="45.642379006" lon="6.786188001">
        <ele>983.66</ele>
      </trkpt>
      <trkpt lat="45.642177998" lon="6.786196999">
        <ele>982.49</ele>
      </trkpt>
      <trkpt lat="45.642081006" lon="6.786194001">
        <ele>980.26</ele>
      </trkpt>
      <trkpt lat="45.641983001" lon="6.786170999">
        <ele>977.73</ele>
      </trkpt>
      <trkpt lat="45.641675998" lon="6.785986992">
        <ele>975.5</ele>
      </trkpt>
      <trkpt lat="45.641486001" lon="6.785865998">
        <ele>974.24</ele>
      </trkpt>
      <trkpt lat="45.641420996" lon="6.785800002">
        <ele>973.31</ele>
      </trkpt>
      <trkpt lat="45.641292996" lon="6.785619002">
        <ele>971.86</ele>
      </trkpt>
      <trkpt lat="45.641136004" lon="6.785476003">
        <ele>971.09</ele>
      </trkpt>
      <trkpt lat="45.640974999" lon="6.785361994">
        <ele>973.1</ele>
      </trkpt>
      <trkpt lat="45.640704995" lon="6.785219994">
        <ele>971.53</ele>
      </trkpt>
      <trkpt lat="45.640614001" lon="6.785151001">
        <ele>972.03</ele>
      </trkpt>
      <trkpt lat="45.640421003" lon="6.785052992">
        <ele>970.31</ele>
      </trkpt>
      <trkpt lat="45.640322001" lon="6.785031995">
        <ele>971.44</ele>
      </trkpt>
      <trkpt lat="45.639918997" lon="6.785040008">
        <ele>969.2</ele>
      </trkpt>
      <trkpt lat="45.639858995" lon="6.785025996">
        <ele>969.38</ele>
      </trkpt>
      <trkpt lat="45.639811996" lon="6.784991">
        <ele>967.01</ele>
      </trkpt>
      <trkpt lat="45.639758002" lon="6.784953006">
        <ele>967.61</ele>
      </trkpt>
      <trkpt lat="45.639738999" lon="6.784942003">
        <ele>962.98</ele>
      </trkpt>
      <trkpt lat="45.639712995" lon="6.784924995">
        <ele>963.79</ele>
      </trkpt>
      <trkpt lat="45.639586003" lon="6.784841">
        <ele>965.04</ele>
      </trkpt>
      <trkpt lat="45.639500002" lon="6.784798003">
        <ele>967.39</ele>
      </trkpt>
      <trkpt lat="45.639413998" lon="6.784730999">
        <ele>969.65</ele>
      </trkpt>
      <trkpt lat="45.639271" lon="6.784558994">
        <ele>973.57</ele>
      </trkpt>
      <trkpt lat="45.639198997" lon="6.784485006">
        <ele>974.31</ele>
      </trkpt>
      <trkpt lat="45.639112004" lon="6.784422999">
        <ele>979.51</ele>
      </trkpt>
      <trkpt lat="45.639030003" lon="6.784386008">
        <ele>982.62</ele>
      </trkpt>
      <trkpt lat="45.63896" lon="6.784382006">
        <ele>983.66</ele>
      </trkpt>
      <trkpt lat="45.638878002" lon="6.784395008">
        <ele>984.37</ele>
      </trkpt>
      <trkpt lat="45.638705001" lon="6.784461998">
        <ele>983.03</ele>
      </trkpt>
      <trkpt lat="45.638357999" lon="6.784562995">
        <ele>978.76</ele>
      </trkpt>
      <trkpt lat="45.638269002" lon="6.784571008">
        <ele>975.13</ele>
      </trkpt>
      <trkpt lat="45.638187" lon="6.784551997">
        <ele>973.67</ele>
      </trkpt>
      <trkpt lat="45.638085002" lon="6.784506996">
        <ele>972.61</ele>
      </trkpt>
      <trkpt lat="45.638023005" lon="6.784480999">
        <ele>973.07</ele>
      </trkpt>
      <trkpt lat="45.637942994" lon="6.784483997">
        <ele>974.39</ele>
      </trkpt>
      <trkpt lat="45.63776" lon="6.784586993">
        <ele>975.19</ele>
      </trkpt>
      <trkpt lat="45.637611001" lon="6.784576998">
        <ele>977.82</ele>
      </trkpt>
      <trkpt lat="45.637478003" lon="6.784596999">
        <ele>982.82</ele>
      </trkpt>
      <trkpt lat="45.637230001" lon="6.784684998">
        <ele>981.31</ele>
      </trkpt>
      <trkpt lat="45.636995002" lon="6.784797004">
        <ele>981.53</ele>
      </trkpt>
      <trkpt lat="45.636838005" lon="6.784935997">
        <ele>982.25</ele>
      </trkpt>
      <trkpt lat="45.636767996" lon="6.785011992">
        <ele>980.66</ele>
      </trkpt>
      <trkpt lat="45.636713002" lon="6.785090003">
        <ele>975.28</ele>
      </trkpt>
      <trkpt lat="45.636647999" lon="6.785151998">
        <ele>974.83</ele>
      </trkpt>
      <trkpt lat="45.636487997" lon="6.785248992">
        <ele>970.09</ele>
      </trkpt>
      <trkpt lat="45.636408999" lon="6.785290997">
        <ele>967.44</ele>
      </trkpt>
      <trkpt lat="45.636328998" lon="6.785316998">
        <ele>964.04</ele>
      </trkpt>
      <trkpt lat="45.636232998" lon="6.785336996">
        <ele>964.96</ele>
      </trkpt>
      <trkpt lat="45.636054999" lon="6.785358004">
        <ele>964.23</ele>
      </trkpt>
      <trkpt lat="45.635967" lon="6.785387005">
        <ele>965.61</ele>
      </trkpt>
      <trkpt lat="45.635733998" lon="6.785519999">
        <ele>964.97</ele>
      </trkpt>
      <trkpt lat="45.635659001" lon="6.785539004">
        <ele>965.78</ele>
      </trkpt>
      <trkpt lat="45.635583003" lon="6.785535001">
        <ele>964.56</ele>
      </trkpt>
      <trkpt lat="45.635318996" lon="6.785516997">
        <ele>964.89</ele>
      </trkpt>
      <trkpt lat="45.635061" lon="6.785482994">
        <ele>965.26</ele>
      </trkpt>
      <trkpt lat="45.634993001" lon="6.785472998">
        <ele>963.62</ele>
      </trkpt>
      <trkpt lat="45.634855001" lon="6.785440994">
        <ele>964.01</ele>
      </trkpt>
      <trkpt lat="45.634619995" lon="6.785344002">
        <ele>961.8</ele>
      </trkpt>
      <trkpt lat="45.634537998" lon="6.785346002">
        <ele>961.57</ele>
      </trkpt>
      <trkpt lat="45.634369" lon="6.785436003">
        <ele>958.77</ele>
      </trkpt>
      <trkpt lat="45.634285005" lon="6.785462">
        <ele>957.6</ele>
      </trkpt>
      <trkpt lat="45.634191" lon="6.785483007">
        <ele>955.5</ele>
      </trkpt>
      <trkpt lat="45.634090997" lon="6.785479997">
        <ele>954.91</ele>
      </trkpt>
      <trkpt lat="45.634001995" lon="6.785452001">
        <ele>952.51</ele>
      </trkpt>
      <trkpt lat="45.633913998" lon="6.785402998">
        <ele>954.42</ele>
      </trkpt>
      <trkpt lat="45.633836995" lon="6.785349003">
        <ele>956.55</ele>
      </trkpt>
      <trkpt lat="45.633682002" lon="6.785182002">
        <ele>956.76</ele>
      </trkpt>
      <trkpt lat="45.633622002" lon="6.785124004">
        <ele>956.36</ele>
      </trkpt>
      <trkpt lat="45.633556998" lon="6.785091995">
        <ele>955.57</ele>
      </trkpt>
      <trkpt lat="45.633303003" lon="6.785039006">
        <ele>952.61</ele>
      </trkpt>
      <trkpt lat="45.633234004" lon="6.784999001">
        <ele>950.85</ele>
      </trkpt>
      <trkpt lat="45.633117" lon="6.784876993">
        <ele>949.92</ele>
      </trkpt>
      <trkpt lat="45.632879" lon="6.784711992">
        <ele>950.16</ele>
      </trkpt>
      <trkpt lat="45.632805006" lon="6.784645997">
        <ele>951.16</ele>
      </trkpt>
      <trkpt lat="45.632746997" lon="6.784605999">
        <ele>953.99</ele>
      </trkpt>
      <trkpt lat="45.632661999" lon="6.784544996">
        <ele>955.79</ele>
      </trkpt>
      <trkpt lat="45.632555006" lon="6.784354001">
        <ele>957.47</ele>
      </trkpt>
      <trkpt lat="45.632507999" lon="6.784277992">
        <ele>958.36</ele>
      </trkpt>
      <trkpt lat="45.632487998" lon="6.784260999">
        <ele>958.7</ele>
      </trkpt>
      <trkpt lat="45.632422" lon="6.784205999">
        <ele>958.73</ele>
      </trkpt>
      <trkpt lat="45.632373" lon="6.784174996">
        <ele>958.1</ele>
      </trkpt>
      <trkpt lat="45.632305001" lon="6.784145996">
        <ele>955.54</ele>
      </trkpt>
      <trkpt lat="45.632215997" lon="6.784136005">
        <ele>955.11</ele>
      </trkpt>
      <trkpt lat="45.631809001" lon="6.784159004">
        <ele>954.87</ele>
      </trkpt>
      <trkpt lat="45.631690002" lon="6.784177996">
        <ele>952.53</ele>
      </trkpt>
      <trkpt lat="45.631613996" lon="6.784200993">
        <ele>951.18</ele>
      </trkpt>
      <trkpt lat="45.631451004" lon="6.784213006">
        <ele>951.39</ele>
      </trkpt>
      <trkpt lat="45.631399004" lon="6.784223997">
        <ele>950.46</ele>
      </trkpt>
      <trkpt lat="45.631284999" lon="6.784227999">
        <ele>950.31</ele>
      </trkpt>
      <trkpt lat="45.631012003" lon="6.784191">
        <ele>949.01</ele>
      </trkpt>
      <trkpt lat="45.630681006" lon="6.784095002">
        <ele>947.92</ele>
      </trkpt>
      <trkpt lat="45.630508001" lon="6.784010999">
        <ele>947.25</ele>
      </trkpt>
      <trkpt lat="45.630238999" lon="6.783906994">
        <ele>946.47</ele>
      </trkpt>
      <trkpt lat="45.630056998" lon="6.783816004">
        <ele>945.42</ele>
      </trkpt>
      <trkpt lat="45.629974002" lon="6.783769996">
        <ele>944.87</ele>
      </trkpt>
      <trkpt lat="45.629913996" lon="6.783714009">
        <ele>944.21</ele>
      </trkpt>
      <trkpt lat="45.629774997" lon="6.783588991">
        <ele>943.75</ele>
      </trkpt>
      <trkpt lat="45.629693001" lon="6.783506007">
        <ele>943.18</ele>
      </trkpt>
      <trkpt lat="45.629617997" lon="6.783436004">
        <ele>942.22</ele>
      </trkpt>
      <trkpt lat="45.629401001" lon="6.783193007">
        <ele>941.51</ele>
      </trkpt>
      <trkpt lat="45.629318005" lon="6.783114004">
        <ele>940.86</ele>
      </trkpt>
      <trkpt lat="45.629172002" lon="6.783001">
        <ele>940.11</ele>
      </trkpt>
      <trkpt lat="45.629105001" lon="6.782970993">
        <ele>939.59</ele>
      </trkpt>
      <trkpt lat="45.62904" lon="6.782974004">
        <ele>939.38</ele>
      </trkpt>
      <trkpt lat="45.628952996" lon="6.783034">
        <ele>938.64</ele>
      </trkpt>
      <trkpt lat="45.628884002" lon="6.783097001">
        <ele>937.64</ele>
      </trkpt>
      <trkpt lat="45.628807997" lon="6.783186994">
        <ele>937.27</ele>
      </trkpt>
      <trkpt lat="45.628754001" lon="6.783292998">
        <ele>936.53</ele>
      </trkpt>
      <trkpt lat="45.628748997" lon="6.783304002">
        <ele>934.83</ele>
      </trkpt>
      <trkpt lat="45.628732998" lon="6.783502997">
        <ele>933.09</ele>
      </trkpt>
      <trkpt lat="45.628736003" lon="6.783600998">
        <ele>930.88</ele>
      </trkpt>
      <trkpt lat="45.628781002" lon="6.784036001">
        <ele>927.95</ele>
      </trkpt>
      <trkpt lat="45.628818002" lon="6.784295001">
        <ele>925.1</ele>
      </trkpt>
      <trkpt lat="45.628893999" lon="6.784564005">
        <ele>923.24</ele>
      </trkpt>
      <trkpt lat="45.628927995" lon="6.784654">
        <ele>921.3</ele>
      </trkpt>
      <trkpt lat="45.628990002" lon="6.784729">
        <ele>920.65</ele>
      </trkpt>
      <trkpt lat="45.629133999" lon="6.784848">
        <ele>920.91</ele>
      </trkpt>
      <trkpt lat="45.629197006" lon="6.784912006">
        <ele>921.53</ele>
      </trkpt>
      <trkpt lat="45.62928" lon="6.784976003">
        <ele>921.4</ele>
      </trkpt>
      <trkpt lat="45.629521003" lon="6.785140995">
        <ele>921.79</ele>
      </trkpt>
      <trkpt lat="45.629935002" lon="6.785390996">
        <ele>921.61</ele>
      </trkpt>
      <trkpt lat="45.629991996" lon="6.785450994">
        <ele>920.41</ele>
      </trkpt>
      <trkpt lat="45.630014" lon="6.785517993">
        <ele>918.66</ele>
      </trkpt>
      <trkpt lat="45.629997002" lon="6.785594995">
        <ele>917.51</ele>
      </trkpt>
      <trkpt lat="45.629944" lon="6.785642999">
        <ele>916.07</ele>
      </trkpt>
      <trkpt lat="45.629894001" lon="6.785653997">
        <ele>914.7</ele>
      </trkpt>
      <trkpt lat="45.629624001" lon="6.785479001">
        <ele>913.59</ele>
      </trkpt>
      <trkpt lat="45.629476998" lon="6.785407002">
        <ele>911.72</ele>
      </trkpt>
      <trkpt lat="45.629304003" lon="6.785353001">
        <ele>910.85</ele>
      </trkpt>
      <trkpt lat="45.628990001" lon="6.785275995">
        <ele>909.19</ele>
      </trkpt>
      <trkpt lat="45.628923004" lon="6.785228998">
        <ele>907.71</ele>
      </trkpt>
      <trkpt lat="45.628772005" lon="6.785081006">
        <ele>906</ele>
      </trkpt>
      <trkpt lat="45.628569002" lon="6.784867">
        <ele>904.94</ele>
      </trkpt>
      <trkpt lat="45.628511997" lon="6.784795002">
        <ele>903.35</ele>
      </trkpt>
      <trkpt lat="45.628447004" lon="6.784699997">
        <ele>902.7</ele>
      </trkpt>
      <trkpt lat="45.628283001" lon="6.784371">
        <ele>901.02</ele>
      </trkpt>
      <trkpt lat="45.628113006" lon="6.784087993">
        <ele>899.94</ele>
      </trkpt>
      <trkpt lat="45.627991001" lon="6.783919002">
        <ele>898.19</ele>
      </trkpt>
      <trkpt lat="45.627920997" lon="6.783835992">
        <ele>896.49</ele>
      </trkpt>
      <trkpt lat="45.627857002" lon="6.783774003">
        <ele>895.25</ele>
      </trkpt>
      <trkpt lat="45.627807999" lon="6.783692994">
        <ele>894.87</ele>
      </trkpt>
      <trkpt lat="45.627777" lon="6.783598003">
        <ele>893.01</ele>
      </trkpt>
      <trkpt lat="45.627698001" lon="6.783105999">
        <ele>892.35</ele>
      </trkpt>
      <trkpt lat="45.627630005" lon="6.782690995">
        <ele>892.33</ele>
      </trkpt>
      <trkpt lat="45.627561006" lon="6.782276">
        <ele>892.08</ele>
      </trkpt>
      <trkpt lat="45.627510003" lon="6.781991998">
        <ele>891</ele>
      </trkpt>
      <trkpt lat="45.627497" lon="6.781954002">
        <ele>891.51</ele>
      </trkpt>
      <trkpt lat="45.627470006" lon="6.781860005">
        <ele>892.3</ele>
      </trkpt>
      <trkpt lat="45.627423006" lon="6.781736002">
        <ele>891.47</ele>
      </trkpt>
      <trkpt lat="45.627372001" lon="6.781622004">
        <ele>890.35</ele>
      </trkpt>
      <trkpt lat="45.627300996" lon="6.781487997">
        <ele>888.77</ele>
      </trkpt>
      <trkpt lat="45.627128999" lon="6.781145005">
        <ele>886.66</ele>
      </trkpt>
      <trkpt lat="45.626957002" lon="6.780802003">
        <ele>883.12</ele>
      </trkpt>
      <trkpt lat="45.626844996" lon="6.780527998">
        <ele>879.96</ele>
      </trkpt>
      <trkpt lat="45.626798001" lon="6.780339998">
        <ele>877.95</ele>
      </trkpt>
      <trkpt lat="45.626696" lon="6.780039992">
        <ele>875.19</ele>
      </trkpt>
      <trkpt lat="45.626613002" lon="6.779838998">
        <ele>872.93</ele>
      </trkpt>
      <trkpt lat="45.626505998" lon="6.779617004">
        <ele>871.02</ele>
      </trkpt>
      <trkpt lat="45.626437999" lon="6.779510998">
        <ele>868.94</ele>
      </trkpt>
      <trkpt lat="45.626311998" lon="6.77938">
        <ele>865.89</ele>
      </trkpt>
      <trkpt lat="45.626238996" lon="6.779310992">
        <ele>865.24</ele>
      </trkpt>
      <trkpt lat="45.626156995" lon="6.779205008">
        <ele>864.84</ele>
      </trkpt>
      <trkpt lat="45.626107001" lon="6.779089003">
        <ele>864.43</ele>
      </trkpt>
      <trkpt lat="45.626098997" lon="6.778982995">
        <ele>865.22</ele>
      </trkpt>
      <trkpt lat="45.626102005" lon="6.778878998">
        <ele>866.8</ele>
      </trkpt>
      <trkpt lat="45.626115" lon="6.778766998">
        <ele>865.73</ele>
      </trkpt>
      <trkpt lat="45.626130995" lon="6.778636006">
        <ele>864.5</ele>
      </trkpt>
      <trkpt lat="45.626152003" lon="6.778504997">
        <ele>864.54</ele>
      </trkpt>
      <trkpt lat="45.626174997" lon="6.778401002">
        <ele>864.28</ele>
      </trkpt>
      <trkpt lat="45.626201994" lon="6.778285999">
        <ele>863.12</ele>
      </trkpt>
      <trkpt lat="45.626218996" lon="6.778187005">
        <ele>864.24</ele>
      </trkpt>
      <trkpt lat="45.626217005" lon="6.778074007">
        <ele>864.81</ele>
      </trkpt>
      <trkpt lat="45.626194996" lon="6.777962996">
        <ele>864.9</ele>
      </trkpt>
      <trkpt lat="45.626123997" lon="6.777876999">
        <ele>864.57</ele>
      </trkpt>
      <trkpt lat="45.626061994" lon="6.777838">
        <ele>863.41</ele>
      </trkpt>
      <trkpt lat="45.625987001" lon="6.777814008">
        <ele>863.33</ele>
      </trkpt>
      <trkpt lat="45.625768999" lon="6.777817993">
        <ele>862.03</ele>
      </trkpt>
      <trkpt lat="45.625611998" lon="6.777823995">
        <ele>860.67</ele>
      </trkpt>
      <trkpt lat="45.625480998" lon="6.777841999">
        <ele>859.22</ele>
      </trkpt>
      <trkpt lat="45.625405002" lon="6.777846">
        <ele>858.84</ele>
      </trkpt>
      <trkpt lat="45.625349" lon="6.777813">
        <ele>857.49</ele>
      </trkpt>
      <trkpt lat="45.625315002" lon="6.777765004">
        <ele>856.11</ele>
      </trkpt>
      <trkpt lat="45.625294" lon="6.777737">
        <ele>855.61</ele>
      </trkpt>
      <trkpt lat="45.625241999" lon="6.777634005">
        <ele>851.87</ele>
      </trkpt>
      <trkpt lat="45.625189004" lon="6.777514998">
        <ele>848.84</ele>
      </trkpt>
      <trkpt lat="45.625094" lon="6.777283991">
        <ele>846.64</ele>
      </trkpt>
      <trkpt lat="45.625054003" lon="6.777164998">
        <ele>845.29</ele>
      </trkpt>
      <trkpt lat="45.625017999" lon="6.777031">
        <ele>844.11</ele>
      </trkpt>
      <trkpt lat="45.624959004" lon="6.776772001">
        <ele>847.31</ele>
      </trkpt>
      <trkpt lat="45.624943004" lon="6.776638006">
        <ele>848.35</ele>
      </trkpt>
      <trkpt lat="45.624939003" lon="6.776504008">
        <ele>850.27</ele>
      </trkpt>
      <trkpt lat="45.624960996" lon="6.776345997">
        <ele>850.34</ele>
      </trkpt>
      <trkpt lat="45.625015994" lon="6.776133999">
        <ele>851.3</ele>
      </trkpt>
      <trkpt lat="45.625074003" lon="6.775882005">
        <ele>848.04</ele>
      </trkpt>
      <trkpt lat="45.625073996" lon="6.775711995">
        <ele>848.58</ele>
      </trkpt>
      <trkpt lat="45.625061004" lon="6.775599007">
        <ele>848.56</ele>
      </trkpt>
      <trkpt lat="45.624982003" lon="6.775340997">
        <ele>848.1</ele>
      </trkpt>
      <trkpt lat="45.624940003" lon="6.775228999">
        <ele>844.77</ele>
      </trkpt>
      <trkpt lat="45.624887006" lon="6.775107001">
        <ele>843.65</ele>
      </trkpt>
      <trkpt lat="45.624744005" lon="6.774855999">
        <ele>840.93</ele>
      </trkpt>
      <trkpt lat="45.624670005" lon="6.774666003">
        <ele>837.87</ele>
      </trkpt>
      <trkpt lat="45.624633998" lon="6.774531995">
        <ele>834.28</ele>
      </trkpt>
      <trkpt lat="45.624609996" lon="6.774403997">
        <ele>832.65</ele>
      </trkpt>
      <trkpt lat="45.624577998" lon="6.774275993">
        <ele>833.13</ele>
      </trkpt>
      <trkpt lat="45.624537998" lon="6.774157002">
        <ele>831.03</ele>
      </trkpt>
      <trkpt lat="45.624475002" lon="6.773999005">
        <ele>829.59</ele>
      </trkpt>
      <trkpt lat="45.624445001" lon="6.773912997">
        <ele>830.03</ele>
      </trkpt>
      <trkpt lat="45.624338" lon="6.773671007">
        <ele>829.29</ele>
      </trkpt>
      <trkpt lat="45.624194999" lon="6.773276998">
        <ele>827.63</ele>
      </trkpt>
      <trkpt lat="45.624106" lon="6.773010001">
        <ele>827.4</ele>
      </trkpt>
      <trkpt lat="45.623996995" lon="6.772739007">
        <ele>826.34</ele>
      </trkpt>
      <trkpt lat="45.623909002" lon="6.772538993">
        <ele>825.98</ele>
      </trkpt>
      <trkpt lat="45.623810998" lon="6.772326991">
        <ele>825.61</ele>
      </trkpt>
      <trkpt lat="45.623650994" lon="6.772042003">
        <ele>824.88</ele>
      </trkpt>
      <trkpt lat="45.623513002" lon="6.771784996">
        <ele>824.3</ele>
      </trkpt>
      <trkpt lat="45.623389001" lon="6.771566999">
        <ele>823.26</ele>
      </trkpt>
      <trkpt lat="45.62328" lon="6.771453001">
        <ele>822.73</ele>
      </trkpt>
      <trkpt lat="45.623185001" lon="6.771350003">
        <ele>822.54</ele>
      </trkpt>
      <trkpt lat="45.623051" lon="6.771246007">
        <ele>822.41</ele>
      </trkpt>
      <trkpt lat="45.6229" lon="6.771142999">
        <ele>822.32</ele>
      </trkpt>
      <trkpt lat="45.622775001" lon="6.771077004">
        <ele>821.94</ele>
      </trkpt>
      <trkpt lat="45.622779001" lon="6.771208002">
        <ele>821.8</ele>
      </trkpt>
      <trkpt lat="45.622818001" lon="6.771300991">
        <ele>821.39</ele>
      </trkpt>
      <trkpt lat="45.622828001" lon="6.771326995">
        <ele>821.11</ele>
      </trkpt>
      <trkpt lat="45.623000002" lon="6.771549994">
        <ele>820.62</ele>
      </trkpt>
      <trkpt lat="45.623058994" lon="6.771709998">
        <ele>820.21</ele>
      </trkpt>
      <trkpt lat="45.623087002" lon="6.771898996">
        <ele>819.14</ele>
      </trkpt>
      <trkpt lat="45.623107996" lon="6.772112994">
        <ele>817.91</ele>
      </trkpt>
      <trkpt lat="45.623108995" lon="6.772622004">
        <ele>816.54</ele>
      </trkpt>
      <trkpt lat="45.623079999" lon="6.772818">
        <ele>814.92</ele>
      </trkpt>
      <trkpt lat="45.623026006" lon="6.773026002">
        <ele>813.54</ele>
      </trkpt>
      <trkpt lat="45.622971996" lon="6.773209">
        <ele>812.75</ele>
      </trkpt>
      <trkpt lat="45.622891002" lon="6.773398997">
        <ele>811.82</ele>
      </trkpt>
      <trkpt lat="45.622816001" lon="6.773534004">
        <ele>810.92</ele>
      </trkpt>
      <trkpt lat="45.622752002" lon="6.773659995">
        <ele>810.57</ele>
      </trkpt>
      <trkpt lat="45.622655002" lon="6.773805">
        <ele>809.88</ele>
      </trkpt>
      <trkpt lat="45.622502002" lon="6.773998002">
        <ele>809.04</ele>
      </trkpt>
      <trkpt lat="45.622341004" lon="6.774176003">
        <ele>809.02</ele>
      </trkpt>
      <trkpt lat="45.622152001" lon="6.774356001">
        <ele>807.77</ele>
      </trkpt>
      <trkpt lat="45.621772995" lon="6.774655001">
        <ele>809.71</ele>
      </trkpt>
    </trkseg>
  </trk>
</gpx>