<?xml version='1.0' encoding='utf-8'?>
<gpx xmlns="http://www.topografix.com/GPX/1/1" xmlns:xsi="http://www.w3.org/2001/XMLSchema-instance" creator="Loopi" version="1.1" xsi:schemaLocation="http://www.topografix.com/GPX/1/1 http://www.topografix.com/GPX/1/1/gpx.xsd http://www.garmin.com/xmlschemas/GpxExtensions/v3 http://www.garmin.com/xmlschemas/GpxExtensionsv3.xsd http://www.garmin.com/xmlschemas/TrackPointExtension/v1 http://www.garmin.com/xmlschemas/TrackPointExtensionv1.xsd"><metadata><name>route-des-grandes-alpes-a-velo-briancon-bercelonnette</name><desc>GPX combiné automatiquement</desc></metadata><trk><name>route-des-grandes-alpes-a-velo-briancon-bercelonnette</name><trkseg>
      <trkpt lat="44.896543005" lon="6.634619001">
        <ele>1219.22</ele>
      </trkpt>
      <trkpt lat="44.896515999" lon="6.634666996">
        <ele>1214.47</ele>
      </trkpt>
      <trkpt lat="44.896449" lon="6.634946">
        <ele>1217.79</ele>
      </trkpt>
      <trkpt lat="44.896359006" lon="6.635287003">
        <ele>1216.93</ele>
      </trkpt>
      <trkpt lat="44.896291003" lon="6.635557">
        <ele>1217.55</ele>
      </trkpt>
      <trkpt lat="44.896202004" lon="6.635897001">
        <ele>1217.65</ele>
      </trkpt>
      <trkpt lat="44.896173005" lon="6.636016003">
        <ele>1217.46</ele>
      </trkpt>
      <trkpt lat="44.896136002" lon="6.636172997">
        <ele>1216.62</ele>
      </trkpt>
      <trkpt lat="44.896124995" lon="6.636204999">
        <ele>1216.86</ele>
      </trkpt>
      <trkpt lat="44.896104006" lon="6.636284996">
        <ele>1217.74</ele>
      </trkpt>
      <trkpt lat="44.896069" lon="6.636328997">
        <ele>1217.21</ele>
      </trkpt>
      <trkpt lat="44.895989998" lon="6.636379998">
        <ele>1216.39</ele>
      </trkpt>
      <trkpt lat="44.895776001" lon="6.636503008">
        <ele>1215.72</ele>
      </trkpt>
      <trkpt lat="44.895502003" lon="6.636649997">
        <ele>1215.1</ele>
      </trkpt>
      <trkpt lat="44.895439997" lon="6.636683992">
        <ele>1213.26</ele>
      </trkpt>
      <trkpt lat="44.895405998" lon="6.636699996">
        <ele>1212.85</ele>
      </trkpt>
      <trkpt lat="44.895355001" lon="6.636727008">
        <ele>1212.75</ele>
      </trkpt>
      <trkpt lat="44.8953" lon="6.636756004">
        <ele>1213.4</ele>
      </trkpt>
      <trkpt lat="44.895290998" lon="6.636762002">
        <ele>1214.16</ele>
      </trkpt>
      <trkpt lat="44.895170001" lon="6.636834003">
        <ele>1213.98</ele>
      </trkpt>
      <trkpt lat="44.89514" lon="6.636835">
        <ele>1214.11</ele>
      </trkpt>
      <trkpt lat="44.895104997" lon="6.636828">
        <ele>1214.51</ele>
      </trkpt>
      <trkpt lat="44.895080005" lon="6.636886002">
        <ele>1214.37</ele>
      </trkpt>
      <trkpt lat="44.895051998" lon="6.636923">
        <ele>1214.44</ele>
      </trkpt>
      <trkpt lat="44.895018001" lon="6.636925994">
        <ele>1215.63</ele>
      </trkpt>
      <trkpt lat="44.894976996" lon="6.636918999">
        <ele>1216.8</ele>
      </trkpt>
      <trkpt lat="44.894952996" lon="6.636891993">
        <ele>1218.26</ele>
      </trkpt>
      <trkpt lat="44.894936002" lon="6.636932">
        <ele>1218.15</ele>
      </trkpt>
      <trkpt lat="44.894890001" lon="6.636997997">
        <ele>1218.15</ele>
      </trkpt>
      <trkpt lat="44.894808005" lon="6.637101007">
        <ele>1220.64</ele>
      </trkpt>
      <trkpt lat="44.894743994" lon="6.637161004">
        <ele>1221.76</ele>
      </trkpt>
      <trkpt lat="44.894615997" lon="6.637267002">
        <ele>1221.78</ele>
      </trkpt>
      <trkpt lat="44.894418999" lon="6.637411992">
        <ele>1223.44</ele>
      </trkpt>
      <trkpt lat="44.894254998" lon="6.637511">
        <ele>1227.35</ele>
      </trkpt>
      <trkpt lat="44.894132999" lon="6.637568998">
        <ele>1229.51</ele>
      </trkpt>
      <trkpt lat="44.893543058" lon="6.637770656">
        <ele>1233.32</ele>
      </trkpt>
      <trkpt lat="44.892955187" lon="6.637890887">
        <ele>1235.61</ele>
      </trkpt>
      <trkpt lat="44.892463923" lon="6.637854075">
        <ele>1239.58</ele>
      </trkpt>
      <trkpt lat="44.891497226" lon="6.638048703">
        <ele>1245.03</ele>
      </trkpt>
      <trkpt lat="44.891209613" lon="6.638237888">
        <ele>1248.69</ele>
      </trkpt>
      <trkpt lat="44.890437664" lon="6.638930089">
        <ele>1251.65</ele>
      </trkpt>
      <trkpt lat="44.889497804" lon="6.639057156">
        <ele>1257.18</ele>
      </trkpt>
      <trkpt lat="44.889241781" lon="6.639248378">
        <ele>1261.97</ele>
      </trkpt>
      <trkpt lat="44.88872379" lon="6.639383015">
        <ele>1263.63</ele>
      </trkpt>
      <trkpt lat="44.888751988" lon="6.639810401">
        <ele>1265.54</ele>
      </trkpt>
      <trkpt lat="44.889309521" lon="6.640400799">
        <ele>1267.92</ele>
      </trkpt>
      <trkpt lat="44.889563226" lon="6.640387574">
        <ele>1271.64</ele>
      </trkpt>
      <trkpt lat="44.889751042" lon="6.640023683">
        <ele>1275.29</ele>
      </trkpt>
      <trkpt lat="44.89024322" lon="6.639818096">
        <ele>1278.88</ele>
      </trkpt>
      <trkpt lat="44.891146423" lon="6.640272591">
        <ele>1283.23</ele>
      </trkpt>
      <trkpt lat="44.891522503" lon="6.640603811">
        <ele>1288.76</ele>
      </trkpt>
      <trkpt lat="44.891791762" lon="6.640759849">
        <ele>1292.53</ele>
      </trkpt>
      <trkpt lat="44.892365918" lon="6.640628863">
        <ele>1294.99</ele>
      </trkpt>
      <trkpt lat="44.892725735" lon="6.640276117">
        <ele>1296.92</ele>
      </trkpt>
      <trkpt lat="44.89288893" lon="6.640180312">
        <ele>1298.51</ele>
      </trkpt>
      <trkpt lat="44.893057366" lon="6.640300116">
        <ele>1299.32</ele>
      </trkpt>
      <trkpt lat="44.893103379" lon="6.640506">
        <ele>1299.92</ele>
      </trkpt>
      <trkpt lat="44.89304306" lon="6.640682713">
        <ele>1302.8</ele>
      </trkpt>
      <trkpt lat="44.893029561" lon="6.640879785">
        <ele>1305.73</ele>
      </trkpt>
      <trkpt lat="44.893256377" lon="6.642007975">
        <ele>1308.47</ele>
      </trkpt>
      <trkpt lat="44.892973074" lon="6.642816015">
        <ele>1311.8</ele>
      </trkpt>
      <trkpt lat="44.892962271" lon="6.643038006">
        <ele>1316.36</ele>
      </trkpt>
      <trkpt lat="44.893001567" lon="6.64419856">
        <ele>1319.86</ele>
      </trkpt>
      <trkpt lat="44.89271096" lon="6.644907137">
        <ele>1323.08</ele>
      </trkpt>
      <trkpt lat="44.89258487" lon="6.645586812">
        <ele>1326.33</ele>
      </trkpt>
      <trkpt lat="44.892415397" lon="6.645927153">
        <ele>1328.78</ele>
      </trkpt>
      <trkpt lat="44.892082898" lon="6.646036679">
        <ele>1332.01</ele>
      </trkpt>
      <trkpt lat="44.891982661" lon="6.646250377">
        <ele>1334.82</ele>
      </trkpt>
      <trkpt lat="44.891817611" lon="6.646670179">
        <ele>1337.66</ele>
      </trkpt>
      <trkpt lat="44.891341006" lon="6.646917002">
        <ele>1340.01</ele>
      </trkpt>
      <trkpt lat="44.891265998" lon="6.646941997">
        <ele>1342.5</ele>
      </trkpt>
      <trkpt lat="44.891192005" lon="6.646952009">
        <ele>1342.72</ele>
      </trkpt>
      <trkpt lat="44.891013998" lon="6.646955003">
        <ele>1342.26</ele>
      </trkpt>
      <trkpt lat="44.890843" lon="6.646942998">
        <ele>1341.84</ele>
      </trkpt>
      <trkpt lat="44.890837995" lon="6.646942">
        <ele>1342.53</ele>
      </trkpt>
      <trkpt lat="44.890753001" lon="6.646942002">
        <ele>1341.92</ele>
      </trkpt>
      <trkpt lat="44.890695002" lon="6.646955995">
        <ele>1341.75</ele>
      </trkpt>
      <trkpt lat="44.890675002" lon="6.646969998">
        <ele>1341.62</ele>
      </trkpt>
      <trkpt lat="44.890664999" lon="6.646975992">
        <ele>1341.28</ele>
      </trkpt>
      <trkpt lat="44.890635998" lon="6.646994">
        <ele>1340.85</ele>
      </trkpt>
      <trkpt lat="44.890589002" lon="6.647029996">
        <ele>1341.2</ele>
      </trkpt>
      <trkpt lat="44.89053" lon="6.647100004">
        <ele>1342.33</ele>
      </trkpt>
      <trkpt lat="44.890470999" lon="6.647183996">
        <ele>1342.91</ele>
      </trkpt>
      <trkpt lat="44.89042" lon="6.647278995">
        <ele>1343.63</ele>
      </trkpt>
      <trkpt lat="44.890323003" lon="6.647449004">
        <ele>1344.47</ele>
      </trkpt>
      <trkpt lat="44.890240998" lon="6.647566">
        <ele>1345.27</ele>
      </trkpt>
      <trkpt lat="44.890174998" lon="6.647632002">
        <ele>1345.63</ele>
      </trkpt>
      <trkpt lat="44.890156995" lon="6.647645006">
        <ele>1347.05</ele>
      </trkpt>
      <trkpt lat="44.890104994" lon="6.647680004">
        <ele>1348.8</ele>
      </trkpt>
      <trkpt lat="44.890046001" lon="6.647716006">
        <ele>1349.67</ele>
      </trkpt>
      <trkpt lat="44.889981002" lon="6.647733993">
        <ele>1351.15</ele>
      </trkpt>
      <trkpt lat="44.889855003" lon="6.647737996">
        <ele>1352.85</ele>
      </trkpt>
      <trkpt lat="44.889785002" lon="6.647724999">
        <ele>1354.69</ele>
      </trkpt>
      <trkpt lat="44.889721998" lon="6.647713003">
        <ele>1354.47</ele>
      </trkpt>
      <trkpt lat="44.889641" lon="6.647677002">
        <ele>1354.46</ele>
      </trkpt>
      <trkpt lat="44.889588002" lon="6.647654004">
        <ele>1354.14</ele>
      </trkpt>
      <trkpt lat="44.889462003" lon="6.647589997">
        <ele>1353.53</ele>
      </trkpt>
      <trkpt lat="44.889386" lon="6.647562994">
        <ele>1351.26</ele>
      </trkpt>
      <trkpt lat="44.889323997" lon="6.647553992">
        <ele>1350.77</ele>
      </trkpt>
      <trkpt lat="44.889278997" lon="6.647552004">
        <ele>1351.23</ele>
      </trkpt>
      <trkpt lat="44.889225996" lon="6.647558992">
        <ele>1350.83</ele>
      </trkpt>
      <trkpt lat="44.889130998" lon="6.647590002">
        <ele>1354.28</ele>
      </trkpt>
      <trkpt lat="44.888982" lon="6.647640005">
        <ele>1356.43</ele>
      </trkpt>
      <trkpt lat="44.888835005" lon="6.647685003">
        <ele>1360.19</ele>
      </trkpt>
      <trkpt lat="44.888711995" lon="6.647716003">
        <ele>1364.61</ele>
      </trkpt>
      <trkpt lat="44.888602998" lon="6.647738001">
        <ele>1366.7</ele>
      </trkpt>
      <trkpt lat="44.888534999" lon="6.647745002">
        <ele>1367.82</ele>
      </trkpt>
      <trkpt lat="44.888436996" lon="6.647744005">
        <ele>1369.04</ele>
      </trkpt>
      <trkpt lat="44.888243999" lon="6.647741001">
        <ele>1369.27</ele>
      </trkpt>
      <trkpt lat="44.888107003" lon="6.647742007">
        <ele>1367.44</ele>
      </trkpt>
      <trkpt lat="44.888049005" lon="6.647745006">
        <ele>1368.71</ele>
      </trkpt>
      <trkpt lat="44.887816998" lon="6.647784005">
        <ele>1367.76</ele>
      </trkpt>
      <trkpt lat="44.887495002" lon="6.647842003">
        <ele>1367.28</ele>
      </trkpt>
      <trkpt lat="44.887398997" lon="6.647857009">
        <ele>1366.62</ele>
      </trkpt>
      <trkpt lat="44.887279005" lon="6.647899007">
        <ele>1367.76</ele>
      </trkpt>
      <trkpt lat="44.887201997" lon="6.647930005">
        <ele>1369.97</ele>
      </trkpt>
      <trkpt lat="44.8871" lon="6.647978993">
        <ele>1369.7</ele>
      </trkpt>
      <trkpt lat="44.886884999" lon="6.648094001">
        <ele>1371.26</ele>
      </trkpt>
      <trkpt lat="44.886751994" lon="6.648168001">
        <ele>1372.14</ele>
      </trkpt>
      <trkpt lat="44.886685999" lon="6.648209998">
        <ele>1372.08</ele>
      </trkpt>
      <trkpt lat="44.886630994" lon="6.648270002">
        <ele>1370.58</ele>
      </trkpt>
      <trkpt lat="44.886601003" lon="6.648310994">
        <ele>1370.42</ele>
      </trkpt>
      <trkpt lat="44.886570999" lon="6.648379001">
        <ele>1371.92</ele>
      </trkpt>
      <trkpt lat="44.886548002" lon="6.648454007">
        <ele>1373.04</ele>
      </trkpt>
      <trkpt lat="44.886530999" lon="6.648549002">
        <ele>1373.78</ele>
      </trkpt>
      <trkpt lat="44.886532001" lon="6.648639997">
        <ele>1374.44</ele>
      </trkpt>
      <trkpt lat="44.886539" lon="6.648741004">
        <ele>1374.85</ele>
      </trkpt>
      <trkpt lat="44.886547997" lon="6.648787003">
        <ele>1375.08</ele>
      </trkpt>
      <trkpt lat="44.886559005" lon="6.648887003">
        <ele>1375.27</ele>
      </trkpt>
      <trkpt lat="44.886582005" lon="6.649023004">
        <ele>1375.71</ele>
      </trkpt>
      <trkpt lat="44.886587998" lon="6.649122006">
        <ele>1376.22</ele>
      </trkpt>
      <trkpt lat="44.886586996" lon="6.649163995">
        <ele>1376.83</ele>
      </trkpt>
      <trkpt lat="44.886587001" lon="6.649194005">
        <ele>1380.84</ele>
      </trkpt>
      <trkpt lat="44.886578997" lon="6.649278999">
        <ele>1379.89</ele>
      </trkpt>
      <trkpt lat="44.886561002" lon="6.649357005">
        <ele>1379.46</ele>
      </trkpt>
      <trkpt lat="44.886524" lon="6.649443993">
        <ele>1379.89</ele>
      </trkpt>
      <trkpt lat="44.886482004" lon="6.649507999">
        <ele>1381.9</ele>
      </trkpt>
      <trkpt lat="44.886399996" lon="6.649593999">
        <ele>1378.93</ele>
      </trkpt>
      <trkpt lat="44.886197006" lon="6.649785001">
        <ele>1381.12</ele>
      </trkpt>
      <trkpt lat="44.886116999" lon="6.649873995">
        <ele>1382.54</ele>
      </trkpt>
      <trkpt lat="44.886059" lon="6.649961999">
        <ele>1382.47</ele>
      </trkpt>
      <trkpt lat="44.886006001" lon="6.650077992">
        <ele>1380.63</ele>
      </trkpt>
      <trkpt lat="44.885939001" lon="6.650287006">
        <ele>1382.25</ele>
      </trkpt>
      <trkpt lat="44.885893998" lon="6.650455005">
        <ele>1383.7</ele>
      </trkpt>
      <trkpt lat="44.885851002" lon="6.650619002">
        <ele>1385.46</ele>
      </trkpt>
      <trkpt lat="44.885805994" lon="6.650757003">
        <ele>1387.99</ele>
      </trkpt>
      <trkpt lat="44.885760003" lon="6.650848995">
        <ele>1388.32</ele>
      </trkpt>
      <trkpt lat="44.885706" lon="6.650927001">
        <ele>1388.37</ele>
      </trkpt>
      <trkpt lat="44.885655998" lon="6.650982003">
        <ele>1389.04</ele>
      </trkpt>
      <trkpt lat="44.885590998" lon="6.651039997">
        <ele>1389.99</ele>
      </trkpt>
      <trkpt lat="44.885523003" lon="6.651117003">
        <ele>1387.87</ele>
      </trkpt>
      <trkpt lat="44.885457996" lon="6.651200999">
        <ele>1388.41</ele>
      </trkpt>
      <trkpt lat="44.885402001" lon="6.651298994">
        <ele>1388.29</ele>
      </trkpt>
      <trkpt lat="44.885359996" lon="6.651394997">
        <ele>1387.73</ele>
      </trkpt>
      <trkpt lat="44.885321002" lon="6.651493998">
        <ele>1386.6</ele>
      </trkpt>
      <trkpt lat="44.88529" lon="6.651591997">
        <ele>1389.75</ele>
      </trkpt>
      <trkpt lat="44.885241997" lon="6.651824">
        <ele>1392.73</ele>
      </trkpt>
      <trkpt lat="44.885202" lon="6.652067997">
        <ele>1393.72</ele>
      </trkpt>
      <trkpt lat="44.885182998" lon="6.652222003">
        <ele>1394.56</ele>
      </trkpt>
      <trkpt lat="44.885173001" lon="6.652362002">
        <ele>1395.53</ele>
      </trkpt>
      <trkpt lat="44.885171999" lon="6.652496007">
        <ele>1395.88</ele>
      </trkpt>
      <trkpt lat="44.885180005" lon="6.65262">
        <ele>1396.03</ele>
      </trkpt>
      <trkpt lat="44.885193005" lon="6.652713004">
        <ele>1395.32</ele>
      </trkpt>
      <trkpt lat="44.885222001" lon="6.652844994">
        <ele>1394.65</ele>
      </trkpt>
      <trkpt lat="44.885247" lon="6.652976002">
        <ele>1395.64</ele>
      </trkpt>
      <trkpt lat="44.885258997" lon="6.653071007">
        <ele>1395.81</ele>
      </trkpt>
      <trkpt lat="44.885261998" lon="6.653137001">
        <ele>1396.21</ele>
      </trkpt>
      <trkpt lat="44.885256002" lon="6.653211006">
        <ele>1396.92</ele>
      </trkpt>
      <trkpt lat="44.885242999" lon="6.653272003">
        <ele>1397.85</ele>
      </trkpt>
      <trkpt lat="44.885237996" lon="6.653295004">
        <ele>1397.21</ele>
      </trkpt>
      <trkpt lat="44.885232003" lon="6.653315">
        <ele>1396.7</ele>
      </trkpt>
      <trkpt lat="44.885201995" lon="6.653402997">
        <ele>1396.8</ele>
      </trkpt>
      <trkpt lat="44.885103002" lon="6.653601009">
        <ele>1397.56</ele>
      </trkpt>
      <trkpt lat="44.884986" lon="6.653778006">
        <ele>1398.41</ele>
      </trkpt>
      <trkpt lat="44.884865996" lon="6.653937995">
        <ele>1399.38</ele>
      </trkpt>
      <trkpt lat="44.884767" lon="6.654063005">
        <ele>1400.24</ele>
      </trkpt>
      <trkpt lat="44.884707997" lon="6.654160002">
        <ele>1400.25</ele>
      </trkpt>
      <trkpt lat="44.884645999" lon="6.654305006">
        <ele>1400.98</ele>
      </trkpt>
      <trkpt lat="44.884573998" lon="6.654540004">
        <ele>1400.94</ele>
      </trkpt>
      <trkpt lat="44.884518001" lon="6.654790992">
        <ele>1401.7</ele>
      </trkpt>
      <trkpt lat="44.884452006" lon="6.655120008">
        <ele>1403.47</ele>
      </trkpt>
      <trkpt lat="44.884401997" lon="6.655447998">
        <ele>1404.7</ele>
      </trkpt>
      <trkpt lat="44.884346994" lon="6.655808003">
        <ele>1405.66</ele>
      </trkpt>
      <trkpt lat="44.884290001" lon="6.656134002">
        <ele>1406.21</ele>
      </trkpt>
      <trkpt lat="44.884227995" lon="6.656485994">
        <ele>1407.74</ele>
      </trkpt>
      <trkpt lat="44.884153998" lon="6.656849006">
        <ele>1409.53</ele>
      </trkpt>
      <trkpt lat="44.884103" lon="6.657164999">
        <ele>1412.02</ele>
      </trkpt>
      <trkpt lat="44.884075998" lon="6.657365995">
        <ele>1413.22</ele>
      </trkpt>
      <trkpt lat="44.884069002" lon="6.657502003">
        <ele>1415.9</ele>
      </trkpt>
      <trkpt lat="44.884061999" lon="6.657665002">
        <ele>1416.38</ele>
      </trkpt>
      <trkpt lat="44.884067" lon="6.657818996">
        <ele>1416.47</ele>
      </trkpt>
      <trkpt lat="44.884081998" lon="6.657988007">
        <ele>1416.09</ele>
      </trkpt>
      <trkpt lat="44.884106997" lon="6.658185003">
        <ele>1415.52</ele>
      </trkpt>
      <trkpt lat="44.884140001" lon="6.658393994">
        <ele>1415.32</ele>
      </trkpt>
      <trkpt lat="44.884175001" lon="6.658529001">
        <ele>1416.24</ele>
      </trkpt>
      <trkpt lat="44.884229" lon="6.658762995">
        <ele>1416.32</ele>
      </trkpt>
      <trkpt lat="44.884276998" lon="6.658976997">
        <ele>1416.93</ele>
      </trkpt>
      <trkpt lat="44.884290001" lon="6.659048993">
        <ele>1418.02</ele>
      </trkpt>
      <trkpt lat="44.884299" lon="6.659141001">
        <ele>1418.44</ele>
      </trkpt>
      <trkpt lat="44.884294002" lon="6.659200996">
        <ele>1418.43</ele>
      </trkpt>
      <trkpt lat="44.884285003" lon="6.659258005">
        <ele>1421.98</ele>
      </trkpt>
      <trkpt lat="44.884256999" lon="6.659327998">
        <ele>1425.86</ele>
      </trkpt>
      <trkpt lat="44.884215001" lon="6.659376008">
        <ele>1430.29</ele>
      </trkpt>
      <trkpt lat="44.884169001" lon="6.659412005">
        <ele>1432.99</ele>
      </trkpt>
      <trkpt lat="44.884064001" lon="6.659445002">
        <ele>1436.4</ele>
      </trkpt>
      <trkpt lat="44.883929998" lon="6.659460995">
        <ele>1434.94</ele>
      </trkpt>
      <trkpt lat="44.883771002" lon="6.659442002">
        <ele>1433.53</ele>
      </trkpt>
      <trkpt lat="44.883680999" lon="6.659421995">
        <ele>1431.73</ele>
      </trkpt>
      <trkpt lat="44.883616999" lon="6.659410999">
        <ele>1431.79</ele>
      </trkpt>
      <trkpt lat="44.883569995" lon="6.659414006">
        <ele>1429.99</ele>
      </trkpt>
      <trkpt lat="44.883520001" lon="6.659425996">
        <ele>1429.88</ele>
      </trkpt>
      <trkpt lat="44.883469998" lon="6.659450004">
        <ele>1429.74</ele>
      </trkpt>
      <trkpt lat="44.883408004" lon="6.659505">
        <ele>1429.63</ele>
      </trkpt>
      <trkpt lat="44.883345996" lon="6.659582003">
        <ele>1429.57</ele>
      </trkpt>
      <trkpt lat="44.883279001" lon="6.659689995">
        <ele>1430.66</ele>
      </trkpt>
      <trkpt lat="44.883202998" lon="6.659790997">
        <ele>1431.74</ele>
      </trkpt>
      <trkpt lat="44.883128997" lon="6.659875001">
        <ele>1432.66</ele>
      </trkpt>
      <trkpt lat="44.883024004" lon="6.659962993">
        <ele>1430.8</ele>
      </trkpt>
      <trkpt lat="44.882953995" lon="6.660032006">
        <ele>1428.44</ele>
      </trkpt>
      <trkpt lat="44.882904995" lon="6.660091994">
        <ele>1428.35</ele>
      </trkpt>
      <trkpt lat="44.882854998" lon="6.660165001">
        <ele>1427.76</ele>
      </trkpt>
      <trkpt lat="44.882822003" lon="6.660230001">
        <ele>1426.87</ele>
      </trkpt>
      <trkpt lat="44.882789997" lon="6.660317999">
        <ele>1428.28</ele>
      </trkpt>
      <trkpt lat="44.882771" lon="6.660392001">
        <ele>1429.71</ele>
      </trkpt>
      <trkpt lat="44.882749997" lon="6.660487995">
        <ele>1430.47</ele>
      </trkpt>
      <trkpt lat="44.882746997" lon="6.660553">
        <ele>1431.19</ele>
      </trkpt>
      <trkpt lat="44.882743994" lon="6.660635005">
        <ele>1431.74</ele>
      </trkpt>
      <trkpt lat="44.882745003" lon="6.660764002">
        <ele>1432.28</ele>
      </trkpt>
      <trkpt lat="44.882749002" lon="6.660913009">
        <ele>1434.51</ele>
      </trkpt>
      <trkpt lat="44.882750999" lon="6.661028999">
        <ele>1434.72</ele>
      </trkpt>
      <trkpt lat="44.882743001" lon="6.661175005">
        <ele>1435.06</ele>
      </trkpt>
      <trkpt lat="44.882732" lon="6.661285">
        <ele>1437.12</ele>
      </trkpt>
      <trkpt lat="44.882710997" lon="6.661398995">
        <ele>1439.26</ele>
      </trkpt>
      <trkpt lat="44.882679005" lon="6.661545006">
        <ele>1438.28</ele>
      </trkpt>
      <trkpt lat="44.882644999" lon="6.661656999">
        <ele>1437.61</ele>
      </trkpt>
      <trkpt lat="44.882596001" lon="6.661771005">
        <ele>1438.23</ele>
      </trkpt>
      <trkpt lat="44.882541" lon="6.661870001">
        <ele>1437.38</ele>
      </trkpt>
      <trkpt lat="44.882452994" lon="6.662008007">
        <ele>1435.25</ele>
      </trkpt>
      <trkpt lat="44.882395998" lon="6.662114999">
        <ele>1435.77</ele>
      </trkpt>
      <trkpt lat="44.882339999" lon="6.662236001">
        <ele>1435.89</ele>
      </trkpt>
      <trkpt lat="44.882288002" lon="6.662351001">
        <ele>1434.54</ele>
      </trkpt>
      <trkpt lat="44.882256001" lon="6.662444006">
        <ele>1433.15</ele>
      </trkpt>
      <trkpt lat="44.882236003" lon="6.662535994">
        <ele>1432.9</ele>
      </trkpt>
      <trkpt lat="44.882230002" lon="6.662581">
        <ele>1431.43</ele>
      </trkpt>
      <trkpt lat="44.882225998" lon="6.662668999">
        <ele>1431.83</ele>
      </trkpt>
      <trkpt lat="44.882227001" lon="6.662720003">
        <ele>1432.41</ele>
      </trkpt>
      <trkpt lat="44.882231002" lon="6.662769998">
        <ele>1432.67</ele>
      </trkpt>
      <trkpt lat="44.882235994" lon="6.662799">
        <ele>1432.92</ele>
      </trkpt>
      <trkpt lat="44.882246999" lon="6.662882008">
        <ele>1432.77</ele>
      </trkpt>
      <trkpt lat="44.882262995" lon="6.662945996">
        <ele>1432.65</ele>
      </trkpt>
      <trkpt lat="44.882287001" lon="6.663050999">
        <ele>1431.97</ele>
      </trkpt>
      <trkpt lat="44.882329003" lon="6.663202005">
        <ele>1435.07</ele>
      </trkpt>
      <trkpt lat="44.882353" lon="6.663295002">
        <ele>1438.07</ele>
      </trkpt>
      <trkpt lat="44.882363003" lon="6.663336008">
        <ele>1441.33</ele>
      </trkpt>
      <trkpt lat="44.882368999" lon="6.663402006">
        <ele>1439.01</ele>
      </trkpt>
      <trkpt lat="44.882366" lon="6.663453002">
        <ele>1440.77</ele>
      </trkpt>
      <trkpt lat="44.882360003" lon="6.663504994">
        <ele>1438.88</ele>
      </trkpt>
      <trkpt lat="44.882349003" lon="6.663562997">
        <ele>1436.93</ele>
      </trkpt>
      <trkpt lat="44.882317998" lon="6.663664003">
        <ele>1434.93</ele>
      </trkpt>
      <trkpt lat="44.882278998" lon="6.663812001">
        <ele>1436.79</ele>
      </trkpt>
      <trkpt lat="44.882255003" lon="6.663912006">
        <ele>1438.84</ele>
      </trkpt>
      <trkpt lat="44.882236996" lon="6.663962997">
        <ele>1441.05</ele>
      </trkpt>
      <trkpt lat="44.882202004" lon="6.664038995">
        <ele>1443.68</ele>
      </trkpt>
      <trkpt lat="44.882142001" lon="6.664150999">
        <ele>1441.51</ele>
      </trkpt>
      <trkpt lat="44.882099002" lon="6.664223">
        <ele>1439.32</ele>
      </trkpt>
      <trkpt lat="44.882052002" lon="6.664321996">
        <ele>1437.98</ele>
      </trkpt>
      <trkpt lat="44.882027004" lon="6.664379998">
        <ele>1436.44</ele>
      </trkpt>
      <trkpt lat="44.882004002" lon="6.664459999">
        <ele>1434.72</ele>
      </trkpt>
      <trkpt lat="44.881975001" lon="6.664577006">
        <ele>1437.79</ele>
      </trkpt>
      <trkpt lat="44.881957996" lon="6.66467">
        <ele>1443.69</ele>
      </trkpt>
      <trkpt lat="44.881944996" lon="6.664782005">
        <ele>1445.12</ele>
      </trkpt>
      <trkpt lat="44.881929003" lon="6.664870006">
        <ele>1446.89</ele>
      </trkpt>
      <trkpt lat="44.881914001" lon="6.664931006">
        <ele>1448.95</ele>
      </trkpt>
      <trkpt lat="44.881895" lon="6.664987003">
        <ele>1448.66</ele>
      </trkpt>
      <trkpt lat="44.881856997" lon="6.665069003">
        <ele>1445.72</ele>
      </trkpt>
      <trkpt lat="44.881802004" lon="6.665144999">
        <ele>1445.45</ele>
      </trkpt>
      <trkpt lat="44.881758003" lon="6.665201999">
        <ele>1444.94</ele>
      </trkpt>
      <trkpt lat="44.881712996" lon="6.665269">
        <ele>1444.14</ele>
      </trkpt>
      <trkpt lat="44.881676002" lon="6.665347997">
        <ele>1445.67</ele>
      </trkpt>
      <trkpt lat="44.881645001" lon="6.665426992">
        <ele>1448.82</ele>
      </trkpt>
      <trkpt lat="44.881615998" lon="6.665517008">
        <ele>1446.46</ele>
      </trkpt>
      <trkpt lat="44.881559996" lon="6.665750998">
        <ele>1443.99</ele>
      </trkpt>
      <trkpt lat="44.881522994" lon="6.665920003">
        <ele>1443.03</ele>
      </trkpt>
      <trkpt lat="44.881488004" lon="6.666062999">
        <ele>1441.99</ele>
      </trkpt>
      <trkpt lat="44.881462006" lon="6.666169006">
        <ele>1438.82</ele>
      </trkpt>
      <trkpt lat="44.881429005" lon="6.666298998">
        <ele>1439.22</ele>
      </trkpt>
      <trkpt lat="44.881398998" lon="6.666427005">
        <ele>1439.18</ele>
      </trkpt>
      <trkpt lat="44.881384005" lon="6.666514994">
        <ele>1437.1</ele>
      </trkpt>
      <trkpt lat="44.881371" lon="6.666625996">
        <ele>1434.65</ele>
      </trkpt>
      <trkpt lat="44.881370001" lon="6.666749002">
        <ele>1433.49</ele>
      </trkpt>
      <trkpt lat="44.881375999" lon="6.666881999">
        <ele>1430.82</ele>
      </trkpt>
      <trkpt lat="44.881385998" lon="6.666988001">
        <ele>1427.96</ele>
      </trkpt>
      <trkpt lat="44.881401" lon="6.667097005">
        <ele>1427.77</ele>
      </trkpt>
      <trkpt lat="44.881420998" lon="6.667219">
        <ele>1427.42</ele>
      </trkpt>
      <trkpt lat="44.881452995" lon="6.667330003">
        <ele>1427.84</ele>
      </trkpt>
      <trkpt lat="44.881496003" lon="6.667461008">
        <ele>1428.57</ele>
      </trkpt>
      <trkpt lat="44.881542" lon="6.667594008">
        <ele>1431.73</ele>
      </trkpt>
      <trkpt lat="44.881593" lon="6.667711997">
        <ele>1432.57</ele>
      </trkpt>
      <trkpt lat="44.881628999" lon="6.667820003">
        <ele>1434.13</ele>
      </trkpt>
      <trkpt lat="44.881652997" lon="6.667915005">
        <ele>1433.7</ele>
      </trkpt>
      <trkpt lat="44.881662999" lon="6.667968003">
        <ele>1433.3</ele>
      </trkpt>
      <trkpt lat="44.881672003" lon="6.668046">
        <ele>1432.62</ele>
      </trkpt>
      <trkpt lat="44.881679998" lon="6.668145001">
        <ele>1432.02</ele>
      </trkpt>
      <trkpt lat="44.881679997" lon="6.668256004">
        <ele>1431.45</ele>
      </trkpt>
      <trkpt lat="44.881682995" lon="6.668360003">
        <ele>1430.95</ele>
      </trkpt>
      <trkpt lat="44.881688998" lon="6.668422996">
        <ele>1431.78</ele>
      </trkpt>
      <trkpt lat="44.881705996" lon="6.668509997">
        <ele>1431.23</ele>
      </trkpt>
      <trkpt lat="44.881733002" lon="6.668582997">
        <ele>1431.98</ele>
      </trkpt>
      <trkpt lat="44.881781002" lon="6.668681001">
        <ele>1432.73</ele>
      </trkpt>
      <trkpt lat="44.881845001" lon="6.668793997">
        <ele>1433.52</ele>
      </trkpt>
      <trkpt lat="44.881899995" lon="6.668888998">
        <ele>1435.95</ele>
      </trkpt>
      <trkpt lat="44.881943002" lon="6.668977992">
        <ele>1438.21</ele>
      </trkpt>
      <trkpt lat="44.881972005" lon="6.669071002">
        <ele>1439.24</ele>
      </trkpt>
      <trkpt lat="44.881983001" lon="6.669140002">
        <ele>1440.51</ele>
      </trkpt>
      <trkpt lat="44.881991001" lon="6.669210999">
        <ele>1441.81</ele>
      </trkpt>
      <trkpt lat="44.881992001" lon="6.669216997">
        <ele>1440.7</ele>
      </trkpt>
      <trkpt lat="44.881991994" lon="6.669296003">
        <ele>1439.93</ele>
      </trkpt>
      <trkpt lat="44.881989457" lon="6.669310315">
        <ele>1439.5</ele>
      </trkpt>
      <trkpt lat="44.881983999" lon="6.669340992">
        <ele>1444.59</ele>
      </trkpt>
      <trkpt lat="44.881969998" lon="6.669387997">
        <ele>1450.61</ele>
      </trkpt>
      <trkpt lat="44.881937997" lon="6.669444005">
        <ele>1457.41</ele>
      </trkpt>
      <trkpt lat="44.881876998" lon="6.669495998">
        <ele>1459.68</ele>
      </trkpt>
      <trkpt lat="44.881813001" lon="6.669530998">
        <ele>1462.97</ele>
      </trkpt>
      <trkpt lat="44.881739006" lon="6.669556001">
        <ele>1461.77</ele>
      </trkpt>
      <trkpt lat="44.881658999" lon="6.669563001">
        <ele>1455.66</ele>
      </trkpt>
      <trkpt lat="44.881580004" lon="6.669568001">
        <ele>1449.54</ele>
      </trkpt>
      <trkpt lat="44.881517002" lon="6.669577001">
        <ele>1448.83</ele>
      </trkpt>
      <trkpt lat="44.881444001" lon="6.669605998">
        <ele>1447.77</ele>
      </trkpt>
      <trkpt lat="44.881358997" lon="6.669657004">
        <ele>1441.64</ele>
      </trkpt>
      <trkpt lat="44.881296004" lon="6.669699003">
        <ele>1440.39</ele>
      </trkpt>
      <trkpt lat="44.881237006" lon="6.669732999">
        <ele>1438.99</ele>
      </trkpt>
      <trkpt lat="44.881172997" lon="6.669760999">
        <ele>1437.59</ele>
      </trkpt>
      <trkpt lat="44.88111" lon="6.669784007">
        <ele>1432.92</ele>
      </trkpt>
      <trkpt lat="44.881019" lon="6.669804005">
        <ele>1433.04</ele>
      </trkpt>
      <trkpt lat="44.880927003" lon="6.669812997">
        <ele>1433.25</ele>
      </trkpt>
      <trkpt lat="44.880819996" lon="6.669820994">
        <ele>1430.26</ele>
      </trkpt>
      <trkpt lat="44.880713" lon="6.669823997">
        <ele>1426.73</ele>
      </trkpt>
      <trkpt lat="44.880629998" lon="6.669824006">
        <ele>1426.02</ele>
      </trkpt>
      <trkpt lat="44.880572004" lon="6.669823001">
        <ele>1428.19</ele>
      </trkpt>
      <trkpt lat="44.880529003" lon="6.669828999">
        <ele>1429.68</ele>
      </trkpt>
      <trkpt lat="44.880492998" lon="6.669839004">
        <ele>1430.15</ele>
      </trkpt>
      <trkpt lat="44.880447997" lon="6.669873001">
        <ele>1430.02</ele>
      </trkpt>
      <trkpt lat="44.880411004" lon="6.669914">
        <ele>1429.33</ele>
      </trkpt>
      <trkpt lat="44.880386998" lon="6.669955">
        <ele>1424.67</ele>
      </trkpt>
      <trkpt lat="44.880369998" lon="6.670006003">
        <ele>1419.48</ele>
      </trkpt>
      <trkpt lat="44.880360999" lon="6.670059">
        <ele>1417.18</ele>
      </trkpt>
      <trkpt lat="44.880361998" lon="6.670127991">
        <ele>1417.29</ele>
      </trkpt>
      <trkpt lat="44.880362999" lon="6.670233999">
        <ele>1417.29</ele>
      </trkpt>
      <trkpt lat="44.880363999" lon="6.670366997">
        <ele>1416.91</ele>
      </trkpt>
      <trkpt lat="44.880360005" lon="6.670432999">
        <ele>1416.29</ele>
      </trkpt>
      <trkpt lat="44.880344004" lon="6.670541">
        <ele>1419.39</ele>
      </trkpt>
      <trkpt lat="44.880319999" lon="6.670646006">
        <ele>1419.7</ele>
      </trkpt>
      <trkpt lat="44.880294999" lon="6.670776998">
        <ele>1419.83</ele>
      </trkpt>
      <trkpt lat="44.880290994" lon="6.670879002">
        <ele>1424.16</ele>
      </trkpt>
      <trkpt lat="44.880288002" lon="6.670981998">
        <ele>1428.76</ele>
      </trkpt>
      <trkpt lat="44.880282002" lon="6.671097994">
        <ele>1430.06</ele>
      </trkpt>
      <trkpt lat="44.88027" lon="6.671175007">
        <ele>1431.77</ele>
      </trkpt>
      <trkpt lat="44.880251001" lon="6.671239001">
        <ele>1434.01</ele>
      </trkpt>
      <trkpt lat="44.880218997" lon="6.671293991">
        <ele>1427.79</ele>
      </trkpt>
      <trkpt lat="44.880168001" lon="6.671346002">
        <ele>1421.52</ele>
      </trkpt>
      <trkpt lat="44.880091" lon="6.671403004">
        <ele>1415.06</ele>
      </trkpt>
      <trkpt lat="44.880028994" lon="6.671449997">
        <ele>1413.37</ele>
      </trkpt>
      <trkpt lat="44.879994998" lon="6.671495995">
        <ele>1411.22</ele>
      </trkpt>
      <trkpt lat="44.879972" lon="6.671543005">
        <ele>1413.31</ele>
      </trkpt>
      <trkpt lat="44.879959999" lon="6.671593004">
        <ele>1414.92</ele>
      </trkpt>
      <trkpt lat="44.879948998" lon="6.671658002">
        <ele>1416.25</ele>
      </trkpt>
      <trkpt lat="44.879952003" lon="6.671740992">
        <ele>1412.2</ele>
      </trkpt>
      <trkpt lat="44.879967998" lon="6.671806996">
        <ele>1412.79</ele>
      </trkpt>
      <trkpt lat="44.879984995" lon="6.671875994">
        <ele>1412.88</ele>
      </trkpt>
      <trkpt lat="44.879996006" lon="6.671962994">
        <ele>1413</ele>
      </trkpt>
      <trkpt lat="44.879999997" lon="6.672071999">
        <ele>1411.89</ele>
      </trkpt>
      <trkpt lat="44.879992002" lon="6.672154004">
        <ele>1414.26</ele>
      </trkpt>
      <trkpt lat="44.879978995" lon="6.672326992">
        <ele>1411.45</ele>
      </trkpt>
      <trkpt lat="44.879976005" lon="6.672488999">
        <ele>1408.61</ele>
      </trkpt>
      <trkpt lat="44.879983" lon="6.672604996">
        <ele>1409.78</ele>
      </trkpt>
      <trkpt lat="44.880006002" lon="6.672735997">
        <ele>1412.24</ele>
      </trkpt>
      <trkpt lat="44.880022999" lon="6.672827003">
        <ele>1411.32</ele>
      </trkpt>
      <trkpt lat="44.880033" lon="6.672914001">
        <ele>1410.66</ele>
      </trkpt>
      <trkpt lat="44.880035003" lon="6.672999994">
        <ele>1414.6</ele>
      </trkpt>
      <trkpt lat="44.880027003" lon="6.673105007">
        <ele>1414.39</ele>
      </trkpt>
      <trkpt lat="44.879998001" lon="6.673248995">
        <ele>1413.78</ele>
      </trkpt>
      <trkpt lat="44.879968998" lon="6.673405001">
        <ele>1416.72</ele>
      </trkpt>
      <trkpt lat="44.879934" lon="6.673578997">
        <ele>1419.98</ele>
      </trkpt>
      <trkpt lat="44.879918996" lon="6.673686999">
        <ele>1419.34</ele>
      </trkpt>
      <trkpt lat="44.879903998" lon="6.673788003">
        <ele>1422.92</ele>
      </trkpt>
      <trkpt lat="44.879898002" lon="6.673897001">
        <ele>1426.75</ele>
      </trkpt>
      <trkpt lat="44.879902001" lon="6.674037001">
        <ele>1427.28</ele>
      </trkpt>
      <trkpt lat="44.879899998" lon="6.674182998">
        <ele>1428.17</ele>
      </trkpt>
      <trkpt lat="44.879890998" lon="6.674267003">
        <ele>1429.43</ele>
      </trkpt>
      <trkpt lat="44.879880997" lon="6.674308004">
        <ele>1427.54</ele>
      </trkpt>
      <trkpt lat="44.879870999" lon="6.674352999">
        <ele>1422.28</ele>
      </trkpt>
      <trkpt lat="44.879868003" lon="6.674361005">
        <ele>1421.39</ele>
      </trkpt>
      <trkpt lat="44.879860004" lon="6.674387002">
        <ele>1420.2</ele>
      </trkpt>
      <trkpt lat="44.879839002" lon="6.674445005">
        <ele>1418.74</ele>
      </trkpt>
      <trkpt lat="44.879789" lon="6.674541004">
        <ele>1416.68</ele>
      </trkpt>
      <trkpt lat="44.879739997" lon="6.674623998">
        <ele>1418.48</ele>
      </trkpt>
      <trkpt lat="44.879687994" lon="6.674713996">
        <ele>1416.03</ele>
      </trkpt>
      <trkpt lat="44.879664001" lon="6.674765997">
        <ele>1413.74</ele>
      </trkpt>
      <trkpt lat="44.879646002" lon="6.674805993">
        <ele>1418.41</ele>
      </trkpt>
      <trkpt lat="44.879631001" lon="6.674845006">
        <ele>1423.17</ele>
      </trkpt>
      <trkpt lat="44.879624" lon="6.674863994">
        <ele>1421.46</ele>
      </trkpt>
      <trkpt lat="44.879601998" lon="6.674919003">
        <ele>1419.04</ele>
      </trkpt>
      <trkpt lat="44.879578005" lon="6.675014005">
        <ele>1418.45</ele>
      </trkpt>
      <trkpt lat="44.879549998" lon="6.675187999">
        <ele>1413.17</ele>
      </trkpt>
      <trkpt lat="44.879525" lon="6.675520995">
        <ele>1410.48</ele>
      </trkpt>
      <trkpt lat="44.879503" lon="6.675828998">
        <ele>1412.45</ele>
      </trkpt>
      <trkpt lat="44.879471" lon="6.676120005">
        <ele>1418.88</ele>
      </trkpt>
      <trkpt lat="44.879443" lon="6.676374004">
        <ele>1421.62</ele>
      </trkpt>
      <trkpt lat="44.879406001" lon="6.676602008">
        <ele>1420.46</ele>
      </trkpt>
      <trkpt lat="44.879364997" lon="6.676822993">
        <ele>1420.28</ele>
      </trkpt>
      <trkpt lat="44.879291997" lon="6.677137007">
        <ele>1419.44</ele>
      </trkpt>
      <trkpt lat="44.879221995" lon="6.677407001">
        <ele>1418.62</ele>
      </trkpt>
      <trkpt lat="44.879117001" lon="6.677771995">
        <ele>1417.76</ele>
      </trkpt>
      <trkpt lat="44.879041005" lon="6.678055006">
        <ele>1418.02</ele>
      </trkpt>
      <trkpt lat="44.878974997" lon="6.678332003">
        <ele>1417.41</ele>
      </trkpt>
      <trkpt lat="44.878930999" lon="6.678565997">
        <ele>1418.26</ele>
      </trkpt>
      <trkpt lat="44.878908005" lon="6.678788996">
        <ele>1419.93</ele>
      </trkpt>
      <trkpt lat="44.878885005" lon="6.678973001">
        <ele>1422.9</ele>
      </trkpt>
      <trkpt lat="44.878860997" lon="6.679119999">
        <ele>1426.02</ele>
      </trkpt>
      <trkpt lat="44.878808001" lon="6.679284999">
        <ele>1426.61</ele>
      </trkpt>
      <trkpt lat="44.878741002" lon="6.679457991">
        <ele>1428.05</ele>
      </trkpt>
      <trkpt lat="44.878655001" lon="6.679655002">
        <ele>1429.68</ele>
      </trkpt>
      <trkpt lat="44.878575004" lon="6.679839995">
        <ele>1427.95</ele>
      </trkpt>
      <trkpt lat="44.878473005" lon="6.680046997">
        <ele>1428.99</ele>
      </trkpt>
      <trkpt lat="44.878389999" lon="6.680214006">
        <ele>1429.79</ele>
      </trkpt>
      <trkpt lat="44.878300005" lon="6.680418004">
        <ele>1430.87</ele>
      </trkpt>
      <trkpt lat="44.878221" lon="6.680612999">
        <ele>1427.62</ele>
      </trkpt>
      <trkpt lat="44.878182999" lon="6.680727993">
        <ele>1428.81</ele>
      </trkpt>
      <trkpt lat="44.878130004" lon="6.680857">
        <ele>1428.23</ele>
      </trkpt>
      <trkpt lat="44.878067" lon="6.680993996">
        <ele>1431.03</ele>
      </trkpt>
      <trkpt lat="44.878014996" lon="6.681100998">
        <ele>1431.71</ele>
      </trkpt>
      <trkpt lat="44.877964" lon="6.681169997">
        <ele>1432.12</ele>
      </trkpt>
      <trkpt lat="44.877906005" lon="6.681253001">
        <ele>1432.14</ele>
      </trkpt>
      <trkpt lat="44.877811999" lon="6.681381991">
        <ele>1434.64</ele>
      </trkpt>
      <trkpt lat="44.87774" lon="6.681487997">
        <ele>1431.88</ele>
      </trkpt>
      <trkpt lat="44.877653999" lon="6.681658">
        <ele>1432.73</ele>
      </trkpt>
      <trkpt lat="44.877573" lon="6.681866006">
        <ele>1433.38</ele>
      </trkpt>
      <trkpt lat="44.877438998" lon="6.682215995">
        <ele>1434.13</ele>
      </trkpt>
      <trkpt lat="44.877352998" lon="6.682453005">
        <ele>1433.52</ele>
      </trkpt>
      <trkpt lat="44.877260994" lon="6.682695996">
        <ele>1435.18</ele>
      </trkpt>
      <trkpt lat="44.877214998" lon="6.682864996">
        <ele>1435.38</ele>
      </trkpt>
      <trkpt lat="44.877189996" lon="6.682984999">
        <ele>1437.53</ele>
      </trkpt>
      <trkpt lat="44.877172003" lon="6.683094001">
        <ele>1439.43</ele>
      </trkpt>
      <trkpt lat="44.877160003" lon="6.683241009">
        <ele>1439.53</ele>
      </trkpt>
      <trkpt lat="44.877155003" lon="6.683377003">
        <ele>1441.43</ele>
      </trkpt>
      <trkpt lat="44.877153001" lon="6.683549995">
        <ele>1442.41</ele>
      </trkpt>
      <trkpt lat="44.877151995" lon="6.683750001">
        <ele>1443.84</ele>
      </trkpt>
      <trkpt lat="44.877149003" lon="6.683998999">
        <ele>1444.34</ele>
      </trkpt>
      <trkpt lat="44.877156" lon="6.684518003">
        <ele>1446.27</ele>
      </trkpt>
      <trkpt lat="44.877155001" lon="6.684835002">
        <ele>1447.37</ele>
      </trkpt>
      <trkpt lat="44.877155003" lon="6.685152003">
        <ele>1450.77</ele>
      </trkpt>
      <trkpt lat="44.877152995" lon="6.685533002">
        <ele>1452.06</ele>
      </trkpt>
      <trkpt lat="44.877151995" lon="6.685914005">
        <ele>1454.94</ele>
      </trkpt>
      <trkpt lat="44.877152002" lon="6.685979999">
        <ele>1458.05</ele>
      </trkpt>
      <trkpt lat="44.877150003" lon="6.686521002">
        <ele>1460.37</ele>
      </trkpt>
      <trkpt lat="44.877143005" lon="6.686789994">
        <ele>1462.68</ele>
      </trkpt>
      <trkpt lat="44.877140997" lon="6.686826003">
        <ele>1464.88</ele>
      </trkpt>
      <trkpt lat="44.877131999" lon="6.687099008">
        <ele>1467.66</ele>
      </trkpt>
      <trkpt lat="44.877129002" lon="6.687198994">
        <ele>1469.2</ele>
      </trkpt>
      <trkpt lat="44.877106999" lon="6.687489006">
        <ele>1470.37</ele>
      </trkpt>
      <trkpt lat="44.877104" lon="6.687528004">
        <ele>1469.89</ele>
      </trkpt>
      <trkpt lat="44.877090002" lon="6.687664992">
        <ele>1469.02</ele>
      </trkpt>
      <trkpt lat="44.877065003" lon="6.687841998">
        <ele>1469.2</ele>
      </trkpt>
      <trkpt lat="44.877025002" lon="6.688055998">
        <ele>1468.75</ele>
      </trkpt>
      <trkpt lat="44.876976995" lon="6.688291996">
        <ele>1471.96</ele>
      </trkpt>
      <trkpt lat="44.876931999" lon="6.688493002">
        <ele>1471.22</ele>
      </trkpt>
      <trkpt lat="44.876883996" lon="6.688662994">
        <ele>1474.03</ele>
      </trkpt>
      <trkpt lat="44.876782997" lon="6.688955999">
        <ele>1474.58</ele>
      </trkpt>
      <trkpt lat="44.876688996" lon="6.689198999">
        <ele>1475.78</ele>
      </trkpt>
      <trkpt lat="44.876602996" lon="6.689422">
        <ele>1477.06</ele>
      </trkpt>
      <trkpt lat="44.876445003" lon="6.689737">
        <ele>1480.23</ele>
      </trkpt>
      <trkpt lat="44.876355001" lon="6.689908994">
        <ele>1483.98</ele>
      </trkpt>
      <trkpt lat="44.876146003" lon="6.690243999">
        <ele>1485.68</ele>
      </trkpt>
      <trkpt lat="44.876021001" lon="6.690432005">
        <ele>1487.57</ele>
      </trkpt>
      <trkpt lat="44.875883998" lon="6.690638008">
        <ele>1488.7</ele>
      </trkpt>
      <trkpt lat="44.875671996" lon="6.691004995">
        <ele>1493.89</ele>
      </trkpt>
      <trkpt lat="44.875424004" lon="6.691401998">
        <ele>1495.8</ele>
      </trkpt>
      <trkpt lat="44.875196001" lon="6.691765999">
        <ele>1496.97</ele>
      </trkpt>
      <trkpt lat="44.875008998" lon="6.692045992">
        <ele>1501.76</ele>
      </trkpt>
      <trkpt lat="44.874822" lon="6.692341003">
        <ele>1500.21</ele>
      </trkpt>
      <trkpt lat="44.874672" lon="6.692586997">
        <ele>1501.06</ele>
      </trkpt>
      <trkpt lat="44.874566999" lon="6.692754">
        <ele>1499.3</ele>
      </trkpt>
      <trkpt lat="44.874446002" lon="6.692898997">
        <ele>1501.2</ele>
      </trkpt>
      <trkpt lat="44.874280999" lon="6.693068996">
        <ele>1500.19</ele>
      </trkpt>
      <trkpt lat="44.874102996" lon="6.693234995">
        <ele>1505.07</ele>
      </trkpt>
      <trkpt lat="44.873980004" lon="6.693340005">
        <ele>1507.29</ele>
      </trkpt>
      <trkpt lat="44.873771995" lon="6.693508996">
        <ele>1511.01</ele>
      </trkpt>
      <trkpt lat="44.873553997" lon="6.693689991">
        <ele>1514.34</ele>
      </trkpt>
      <trkpt lat="44.873392996" lon="6.693824998">
        <ele>1516.93</ele>
      </trkpt>
      <trkpt lat="44.873296996" lon="6.693938995">
        <ele>1517.44</ele>
      </trkpt>
      <trkpt lat="44.873227001" lon="6.694027997">
        <ele>1516.41</ele>
      </trkpt>
      <trkpt lat="44.873151" lon="6.694134995">
        <ele>1515.69</ele>
      </trkpt>
      <trkpt lat="44.873065002" lon="6.694278005">
        <ele>1517.64</ele>
      </trkpt>
      <trkpt lat="44.873001998" lon="6.694420995">
        <ele>1512.88</ele>
      </trkpt>
      <trkpt lat="44.872943001" lon="6.694588992">
        <ele>1510.5</ele>
      </trkpt>
      <trkpt lat="44.872901002" lon="6.694821993">
        <ele>1509.32</ele>
      </trkpt>
      <trkpt lat="44.872870001" lon="6.695079002">
        <ele>1509.93</ele>
      </trkpt>
      <trkpt lat="44.872840001" lon="6.695532993">
        <ele>1509.09</ele>
      </trkpt>
      <trkpt lat="44.872827" lon="6.695911999">
        <ele>1512.44</ele>
      </trkpt>
      <trkpt lat="44.872814994" lon="6.696236996">
        <ele>1515.65</ele>
      </trkpt>
      <trkpt lat="44.872816997" lon="6.696468002">
        <ele>1515.65</ele>
      </trkpt>
      <trkpt lat="44.872812" lon="6.696686998">
        <ele>1516.32</ele>
      </trkpt>
      <trkpt lat="44.872797994" lon="6.696933997">
        <ele>1517.85</ele>
      </trkpt>
      <trkpt lat="44.872770006" lon="6.697242997">
        <ele>1520.43</ele>
      </trkpt>
      <trkpt lat="44.872742001" lon="6.697467005">
        <ele>1518.26</ele>
      </trkpt>
      <trkpt lat="44.872696994" lon="6.697753004">
        <ele>1521.92</ele>
      </trkpt>
      <trkpt lat="44.872614999" lon="6.698192005">
        <ele>1523.45</ele>
      </trkpt>
      <trkpt lat="44.872592004" lon="6.698320009">
        <ele>1522.26</ele>
      </trkpt>
      <trkpt lat="44.872582005" lon="6.698364994">
        <ele>1524.87</ele>
      </trkpt>
      <trkpt lat="44.872570004" lon="6.698442994">
        <ele>1529.23</ele>
      </trkpt>
      <trkpt lat="44.872526" lon="6.698690994">
        <ele>1529.34</ele>
      </trkpt>
      <trkpt lat="44.872499994" lon="6.698839003">
        <ele>1529.41</ele>
      </trkpt>
      <trkpt lat="44.872473" lon="6.698992004">
        <ele>1532.69</ele>
      </trkpt>
      <trkpt lat="44.872458997" lon="6.699063002">
        <ele>1533.03</ele>
      </trkpt>
      <trkpt lat="44.872425004" lon="6.699233997">
        <ele>1533.84</ele>
      </trkpt>
      <trkpt lat="44.872404999" lon="6.699332004">
        <ele>1533.29</ele>
      </trkpt>
      <trkpt lat="44.872393998" lon="6.699382995">
        <ele>1534.33</ele>
      </trkpt>
      <trkpt lat="44.872321003" lon="6.699780008">
        <ele>1533.72</ele>
      </trkpt>
      <trkpt lat="44.872247999" lon="6.700176995">
        <ele>1533.22</ele>
      </trkpt>
      <trkpt lat="44.872184998" lon="6.700510997">
        <ele>1532.99</ele>
      </trkpt>
      <trkpt lat="44.872132002" lon="6.700722008">
        <ele>1534.9</ele>
      </trkpt>
      <trkpt lat="44.872120001" lon="6.700757">
        <ele>1535.59</ele>
      </trkpt>
      <trkpt lat="44.872073" lon="6.700877992">
        <ele>1535.14</ele>
      </trkpt>
      <trkpt lat="44.872019995" lon="6.700998994">
        <ele>1535.12</ele>
      </trkpt>
      <trkpt lat="44.871949" lon="6.701144008">
        <ele>1540.75</ele>
      </trkpt>
      <trkpt lat="44.871934996" lon="6.701168004">
        <ele>1541.03</ele>
      </trkpt>
      <trkpt lat="44.871868004" lon="6.701280009">
        <ele>1542.89</ele>
      </trkpt>
      <trkpt lat="44.871784003" lon="6.701400993">
        <ele>1546.03</ele>
      </trkpt>
      <trkpt lat="44.87168" lon="6.701512001">
        <ele>1553.4</ele>
      </trkpt>
      <trkpt lat="44.871600999" lon="6.701585997">
        <ele>1552.72</ele>
      </trkpt>
      <trkpt lat="44.871527999" lon="6.701638994">
        <ele>1558.52</ele>
      </trkpt>
      <trkpt lat="44.871439998" lon="6.701691">
        <ele>1560.12</ele>
      </trkpt>
      <trkpt lat="44.871307001" lon="6.701748999">
        <ele>1558.84</ele>
      </trkpt>
      <trkpt lat="44.871179998" lon="6.701793996">
        <ele>1554.86</ele>
      </trkpt>
      <trkpt lat="44.870968001" lon="6.701855997">
        <ele>1551.71</ele>
      </trkpt>
      <trkpt lat="44.870723003" lon="6.701917">
        <ele>1545.48</ele>
      </trkpt>
      <trkpt lat="44.870500996" lon="6.701966995">
        <ele>1548.87</ele>
      </trkpt>
      <trkpt lat="44.870328999" lon="6.702022001">
        <ele>1549.61</ele>
      </trkpt>
      <trkpt lat="44.870177006" lon="6.702084994">
        <ele>1552.07</ele>
      </trkpt>
      <trkpt lat="44.870075998" lon="6.702139994">
        <ele>1549.55</ele>
      </trkpt>
      <trkpt lat="44.869934003" lon="6.702230998">
        <ele>1550.46</ele>
      </trkpt>
      <trkpt lat="44.869844996" lon="6.702300997">
        <ele>1551.44</ele>
      </trkpt>
      <trkpt lat="44.869708996" lon="6.702435998">
        <ele>1550.43</ele>
      </trkpt>
      <trkpt lat="44.869584004" lon="6.702592005">
        <ele>1553.19</ele>
      </trkpt>
      <trkpt lat="44.869451001" lon="6.702786001">
        <ele>1553.42</ele>
      </trkpt>
      <trkpt lat="44.869364994" lon="6.702933007">
        <ele>1550.84</ele>
      </trkpt>
      <trkpt lat="44.869299999" lon="6.703063996">
        <ele>1545.17</ele>
      </trkpt>
      <trkpt lat="44.869255004" lon="6.703195">
        <ele>1548.63</ele>
      </trkpt>
      <trkpt lat="44.869194" lon="6.703439996">
        <ele>1543.87</ele>
      </trkpt>
      <trkpt lat="44.869136002" lon="6.703768008">
        <ele>1544.28</ele>
      </trkpt>
      <trkpt lat="44.869062995" lon="6.704386003">
        <ele>1548.57</ele>
      </trkpt>
      <trkpt lat="44.869001002" lon="6.704829001">
        <ele>1551.58</ele>
      </trkpt>
      <trkpt lat="44.868906998" lon="6.705271">
        <ele>1551.3</ele>
      </trkpt>
      <trkpt lat="44.868820001" lon="6.705681">
        <ele>1554.08</ele>
      </trkpt>
      <trkpt lat="44.868703999" lon="6.706119008">
        <ele>1561.14</ele>
      </trkpt>
      <trkpt lat="44.868618" lon="6.706423998">
        <ele>1565.23</ele>
      </trkpt>
      <trkpt lat="44.868532003" lon="6.706730001">
        <ele>1566.05</ele>
      </trkpt>
      <trkpt lat="44.868415999" lon="6.707138004">
        <ele>1565.18</ele>
      </trkpt>
      <trkpt lat="44.868299002" lon="6.707546004">
        <ele>1563.24</ele>
      </trkpt>
      <trkpt lat="44.868159" lon="6.708055995">
        <ele>1560.17</ele>
      </trkpt>
      <trkpt lat="44.868075999" lon="6.708385994">
        <ele>1556.93</ele>
      </trkpt>
      <trkpt lat="44.867992996" lon="6.708688007">
        <ele>1556.69</ele>
      </trkpt>
      <trkpt lat="44.867909001" lon="6.708990004">
        <ele>1558.58</ele>
      </trkpt>
      <trkpt lat="44.867840002" lon="6.709154002">
        <ele>1557.51</ele>
      </trkpt>
      <trkpt lat="44.867761999" lon="6.709284007">
        <ele>1559.34</ele>
      </trkpt>
      <trkpt lat="44.867636998" lon="6.709443999">
        <ele>1561.21</ele>
      </trkpt>
      <trkpt lat="44.867498003" lon="6.709656994">
        <ele>1559.84</ele>
      </trkpt>
      <trkpt lat="44.867432999" lon="6.709805005">
        <ele>1560.11</ele>
      </trkpt>
      <trkpt lat="44.867396999" lon="6.709970004">
        <ele>1561.46</ele>
      </trkpt>
      <trkpt lat="44.867376004" lon="6.710131002">
        <ele>1561.49</ele>
      </trkpt>
      <trkpt lat="44.867376003" lon="6.710320003">
        <ele>1561.43</ele>
      </trkpt>
      <trkpt lat="44.867389003" lon="6.710465998">
        <ele>1561.51</ele>
      </trkpt>
      <trkpt lat="44.867421996" lon="6.710629995">
        <ele>1560.84</ele>
      </trkpt>
      <trkpt lat="44.867469001" lon="6.710803005">
        <ele>1560.72</ele>
      </trkpt>
      <trkpt lat="44.867498003" lon="6.710970997">
        <ele>1560.47</ele>
      </trkpt>
      <trkpt lat="44.867537998" lon="6.711159007">
        <ele>1560.46</ele>
      </trkpt>
      <trkpt lat="44.867557003" lon="6.711351003">
        <ele>1562.08</ele>
      </trkpt>
      <trkpt lat="44.867606997" lon="6.711606001">
        <ele>1563.69</ele>
      </trkpt>
      <trkpt lat="44.867678002" lon="6.711924">
        <ele>1565.34</ele>
      </trkpt>
      <trkpt lat="44.867720995" lon="6.712087">
        <ele>1565.63</ele>
      </trkpt>
      <trkpt lat="44.867792003" lon="6.712254008">
        <ele>1567.32</ele>
      </trkpt>
      <trkpt lat="44.867849003" lon="6.712433994">
        <ele>1569.6</ele>
      </trkpt>
      <trkpt lat="44.867886997" lon="6.712549996">
        <ele>1571.28</ele>
      </trkpt>
      <trkpt lat="44.867920999" lon="6.712680006">
        <ele>1572.45</ele>
      </trkpt>
      <trkpt lat="44.867962006" lon="6.712915007">
        <ele>1574.98</ele>
      </trkpt>
      <trkpt lat="44.868018999" lon="6.713316001">
        <ele>1576.16</ele>
      </trkpt>
      <trkpt lat="44.868048003" lon="6.713490004">
        <ele>1576.73</ele>
      </trkpt>
      <trkpt lat="44.868053003" lon="6.713625003">
        <ele>1576.92</ele>
      </trkpt>
      <trkpt lat="44.868047999" lon="6.713743003">
        <ele>1577.96</ele>
      </trkpt>
      <trkpt lat="44.868032" lon="6.713858006">
        <ele>1579.21</ele>
      </trkpt>
      <trkpt lat="44.868003996" lon="6.714005003">
        <ele>1579.51</ele>
      </trkpt>
      <trkpt lat="44.867962005" lon="6.714176994">
        <ele>1579.68</ele>
      </trkpt>
      <trkpt lat="44.867884997" lon="6.714425998">
        <ele>1579.9</ele>
      </trkpt>
      <trkpt lat="44.867821999" lon="6.714645002">
        <ele>1580.15</ele>
      </trkpt>
      <trkpt lat="44.867794996" lon="6.714733001">
        <ele>1579.4</ele>
      </trkpt>
      <trkpt lat="44.867772003" lon="6.714809998">
        <ele>1579.86</ele>
      </trkpt>
      <trkpt lat="44.867742995" lon="6.714907003">
        <ele>1580.53</ele>
      </trkpt>
      <trkpt lat="44.867738998" lon="6.714923">
        <ele>1580.88</ele>
      </trkpt>
      <trkpt lat="44.867709994" lon="6.715039004">
        <ele>1580.85</ele>
      </trkpt>
      <trkpt lat="44.867685" lon="6.715169">
        <ele>1582.39</ele>
      </trkpt>
      <trkpt lat="44.867662998" lon="6.715316">
        <ele>1581.85</ele>
      </trkpt>
      <trkpt lat="44.867645999" lon="6.715459999">
        <ele>1582.59</ele>
      </trkpt>
      <trkpt lat="44.867638001" lon="6.715651996">
        <ele>1583.91</ele>
      </trkpt>
      <trkpt lat="44.867646002" lon="6.715959998">
        <ele>1585.92</ele>
      </trkpt>
      <trkpt lat="44.867683004" lon="6.716394006">
        <ele>1586.14</ele>
      </trkpt>
      <trkpt lat="44.867729003" lon="6.716741003">
        <ele>1588.69</ele>
      </trkpt>
      <trkpt lat="44.867768002" lon="6.716933997">
        <ele>1589.81</ele>
      </trkpt>
      <trkpt lat="44.867861" lon="6.717264995">
        <ele>1590.73</ele>
      </trkpt>
      <trkpt lat="44.868011996" lon="6.717737003">
        <ele>1591.29</ele>
      </trkpt>
      <trkpt lat="44.868158004" lon="6.718194005">
        <ele>1592.77</ele>
      </trkpt>
      <trkpt lat="44.868191997" lon="6.718302003">
        <ele>1595.29</ele>
      </trkpt>
      <trkpt lat="44.868344003" lon="6.718746998">
        <ele>1596.65</ele>
      </trkpt>
      <trkpt lat="44.868543006" lon="6.719253997">
        <ele>1597.82</ele>
      </trkpt>
      <trkpt lat="44.868614999" lon="6.719458004">
        <ele>1599.35</ele>
      </trkpt>
      <trkpt lat="44.868631999" lon="6.719564991">
        <ele>1600.3</ele>
      </trkpt>
      <trkpt lat="44.868631" lon="6.719668998">
        <ele>1599.93</ele>
      </trkpt>
      <trkpt lat="44.868615998" lon="6.719727994">
        <ele>1599.86</ele>
      </trkpt>
      <trkpt lat="44.868583995" lon="6.719815001">
        <ele>1600.04</ele>
      </trkpt>
      <trkpt lat="44.868537003" lon="6.719883993">
        <ele>1600.11</ele>
      </trkpt>
      <trkpt lat="44.868479005" lon="6.719971001">
        <ele>1600.25</ele>
      </trkpt>
      <trkpt lat="44.868426997" lon="6.720053006">
        <ele>1600.46</ele>
      </trkpt>
      <trkpt lat="44.868352998" lon="6.720163999">
        <ele>1600.69</ele>
      </trkpt>
      <trkpt lat="44.868297002" lon="6.720262001">
        <ele>1601.43</ele>
      </trkpt>
      <trkpt lat="44.868258003" lon="6.720352004">
        <ele>1602.66</ele>
      </trkpt>
      <trkpt lat="44.868241001" lon="6.720432997">
        <ele>1604.18</ele>
      </trkpt>
      <trkpt lat="44.868206" lon="6.720667998">
        <ele>1605.2</ele>
      </trkpt>
      <trkpt lat="44.868195997" lon="6.720794006">
        <ele>1606.6</ele>
      </trkpt>
      <trkpt lat="44.868194999" lon="6.720912993">
        <ele>1608</ele>
      </trkpt>
      <trkpt lat="44.868205001" lon="6.721170003">
        <ele>1609.1</ele>
      </trkpt>
      <trkpt lat="44.868211003" lon="6.721283992">
        <ele>1609.93</ele>
      </trkpt>
      <trkpt lat="44.868242003" lon="6.721614996">
        <ele>1611.36</ele>
      </trkpt>
      <trkpt lat="44.868252005" lon="6.721681999">
        <ele>1612.49</ele>
      </trkpt>
      <trkpt lat="44.868274001" lon="6.721827">
        <ele>1613.13</ele>
      </trkpt>
      <trkpt lat="44.868297003" lon="6.721948999">
        <ele>1613.5</ele>
      </trkpt>
      <trkpt lat="44.868317003" lon="6.722052992">
        <ele>1614.23</ele>
      </trkpt>
      <trkpt lat="44.868323" lon="6.722076001">
        <ele>1614.68</ele>
      </trkpt>
      <trkpt lat="44.868382001" lon="6.722313004">
        <ele>1615.89</ele>
      </trkpt>
      <trkpt lat="44.868445001" lon="6.722508992">
        <ele>1617.21</ele>
      </trkpt>
      <trkpt lat="44.868508001" lon="6.722677006">
        <ele>1618.59</ele>
      </trkpt>
      <trkpt lat="44.868581004" lon="6.722832997">
        <ele>1620.29</ele>
      </trkpt>
      <trkpt lat="44.868715002" lon="6.723102001">
        <ele>1622.27</ele>
      </trkpt>
      <trkpt lat="44.868957996" lon="6.723538995">
        <ele>1623.83</ele>
      </trkpt>
      <trkpt lat="44.869220001" lon="6.723996002">
        <ele>1625.19</ele>
      </trkpt>
      <trkpt lat="44.869465002" lon="6.724426002">
        <ele>1626.44</ele>
      </trkpt>
      <trkpt lat="44.869499006" lon="6.724485994">
        <ele>1627.52</ele>
      </trkpt>
      <trkpt lat="44.869523997" lon="6.724532002">
        <ele>1628.86</ele>
      </trkpt>
      <trkpt lat="44.869675004" lon="6.724794996">
        <ele>1630.34</ele>
      </trkpt>
      <trkpt lat="44.869826" lon="6.725058003">
        <ele>1631.73</ele>
      </trkpt>
      <trkpt lat="44.870059998" lon="6.725482997">
        <ele>1633.06</ele>
      </trkpt>
      <trkpt lat="44.870094001" lon="6.725564995">
        <ele>1633.78</ele>
      </trkpt>
      <trkpt lat="44.870117999" lon="6.725631992">
        <ele>1634.05</ele>
      </trkpt>
      <trkpt lat="44.870132004" lon="6.725715007">
        <ele>1633.74</ele>
      </trkpt>
      <trkpt lat="44.870134994" lon="6.725786998">
        <ele>1634.23</ele>
      </trkpt>
      <trkpt lat="44.870128998" lon="6.725859">
        <ele>1634.85</ele>
      </trkpt>
      <trkpt lat="44.870114998" lon="6.725926998">
        <ele>1635.64</ele>
      </trkpt>
      <trkpt lat="44.870083998" lon="6.726005998">
        <ele>1636.59</ele>
      </trkpt>
      <trkpt lat="44.870033004" lon="6.726088004">
        <ele>1637.67</ele>
      </trkpt>
      <trkpt lat="44.869982998" lon="6.726143002">
        <ele>1638.14</ele>
      </trkpt>
      <trkpt lat="44.869933998" lon="6.726182007">
        <ele>1638.61</ele>
      </trkpt>
      <trkpt lat="44.869897998" lon="6.726199998">
        <ele>1639.31</ele>
      </trkpt>
      <trkpt lat="44.869874998" lon="6.726212008">
        <ele>1640.06</ele>
      </trkpt>
      <trkpt lat="44.869828998" lon="6.726221007">
        <ele>1640.82</ele>
      </trkpt>
      <trkpt lat="44.869761999" lon="6.726219992">
        <ele>1641.56</ele>
      </trkpt>
      <trkpt lat="44.869693999" lon="6.726196996">
        <ele>1642.27</ele>
      </trkpt>
      <trkpt lat="44.869632999" lon="6.726158">
        <ele>1643.02</ele>
      </trkpt>
      <trkpt lat="44.869587996" lon="6.726122005">
        <ele>1643.44</ele>
      </trkpt>
      <trkpt lat="44.869514" lon="6.726029">
        <ele>1644.01</ele>
      </trkpt>
      <trkpt lat="44.869448003" lon="6.725923001">
        <ele>1644.07</ele>
      </trkpt>
      <trkpt lat="44.869358999" lon="6.725786006">
        <ele>1644.32</ele>
      </trkpt>
      <trkpt lat="44.869283995" lon="6.725660993">
        <ele>1644.38</ele>
      </trkpt>
      <trkpt lat="44.869228999" lon="6.725596995">
        <ele>1644.83</ele>
      </trkpt>
      <trkpt lat="44.869179002" lon="6.725549998">
        <ele>1645.27</ele>
      </trkpt>
      <trkpt lat="44.869125997" lon="6.725511001">
        <ele>1646.04</ele>
      </trkpt>
      <trkpt lat="44.869063006" lon="6.725479998">
        <ele>1646.78</ele>
      </trkpt>
      <trkpt lat="44.868971" lon="6.725445003">
        <ele>1647.39</ele>
      </trkpt>
      <trkpt lat="44.868862006" lon="6.725406992">
        <ele>1647.81</ele>
      </trkpt>
      <trkpt lat="44.868803001" lon="6.725372997">
        <ele>1648.37</ele>
      </trkpt>
      <trkpt lat="44.868757001" lon="6.725341995">
        <ele>1649.05</ele>
      </trkpt>
      <trkpt lat="44.868699003" lon="6.725289003">
        <ele>1649.46</ele>
      </trkpt>
      <trkpt lat="44.868640001" lon="6.725226997">
        <ele>1649.73</ele>
      </trkpt>
      <trkpt lat="44.868562999" lon="6.725118002">
        <ele>1649.83</ele>
      </trkpt>
      <trkpt lat="44.868497" lon="6.725032996">
        <ele>1649.7</ele>
      </trkpt>
      <trkpt lat="44.868457" lon="6.724983">
        <ele>1649.79</ele>
      </trkpt>
      <trkpt lat="44.868414003" lon="6.724938001">
        <ele>1650.16</ele>
      </trkpt>
      <trkpt lat="44.868364" lon="6.724895999">
        <ele>1650.8</ele>
      </trkpt>
      <trkpt lat="44.868323998" lon="6.724874001">
        <ele>1651.89</ele>
      </trkpt>
      <trkpt lat="44.868282004" lon="6.724851999">
        <ele>1652.44</ele>
      </trkpt>
      <trkpt lat="44.868216001" lon="6.724831">
        <ele>1653.09</ele>
      </trkpt>
      <trkpt lat="44.868125002" lon="6.724817">
        <ele>1654.61</ele>
      </trkpt>
      <trkpt lat="44.867880997" lon="6.724771993">
        <ele>1655.5</ele>
      </trkpt>
      <trkpt lat="44.867535998" lon="6.724710003">
        <ele>1656.92</ele>
      </trkpt>
      <trkpt lat="44.867360001" lon="6.724683998">
        <ele>1659.4</ele>
      </trkpt>
      <trkpt lat="44.867259999" lon="6.724685002">
        <ele>1660.25</ele>
      </trkpt>
      <trkpt lat="44.867176998" lon="6.724696996">
        <ele>1661.12</ele>
      </trkpt>
      <trkpt lat="44.867079004" lon="6.724719009">
        <ele>1663.21</ele>
      </trkpt>
      <trkpt lat="44.866959001" lon="6.724769992">
        <ele>1663.46</ele>
      </trkpt>
      <trkpt lat="44.866875999" lon="6.724804002">
        <ele>1663.82</ele>
      </trkpt>
      <trkpt lat="44.866781005" lon="6.724813995">
        <ele>1666.25</ele>
      </trkpt>
      <trkpt lat="44.866703006" lon="6.724818995">
        <ele>1668.41</ele>
      </trkpt>
      <trkpt lat="44.866625004" lon="6.724801003">
        <ele>1668.8</ele>
      </trkpt>
      <trkpt lat="44.866536003" lon="6.724771001">
        <ele>1671.32</ele>
      </trkpt>
      <trkpt lat="44.866458" lon="6.724727002">
        <ele>1671.24</ele>
      </trkpt>
      <trkpt lat="44.866331996" lon="6.724622997">
        <ele>1670.57</ele>
      </trkpt>
      <trkpt lat="44.866227" lon="6.724551009">
        <ele>1669.29</ele>
      </trkpt>
      <trkpt lat="44.866166995" lon="6.724520993">
        <ele>1669.18</ele>
      </trkpt>
      <trkpt lat="44.866105001" lon="6.724509996">
        <ele>1668.15</ele>
      </trkpt>
      <trkpt lat="44.866044999" lon="6.724502997">
        <ele>1668.58</ele>
      </trkpt>
      <trkpt lat="44.865983" lon="6.724500998">
        <ele>1669.36</ele>
      </trkpt>
      <trkpt lat="44.865897006" lon="6.724506">
        <ele>1670.64</ele>
      </trkpt>
      <trkpt lat="44.865643006" lon="6.724544996">
        <ele>1671.8</ele>
      </trkpt>
      <trkpt lat="44.865464004" lon="6.724565003">
        <ele>1673.25</ele>
      </trkpt>
      <trkpt lat="44.865330996" lon="6.724565997">
        <ele>1675.01</ele>
      </trkpt>
      <trkpt lat="44.865197996" lon="6.724551998">
        <ele>1676.62</ele>
      </trkpt>
      <trkpt lat="44.865077999" lon="6.724525998">
        <ele>1678.05</ele>
      </trkpt>
      <trkpt lat="44.86496" lon="6.724492007">
        <ele>1679.66</ele>
      </trkpt>
      <trkpt lat="44.864682996" lon="6.724363003">
        <ele>1680.99</ele>
      </trkpt>
      <trkpt lat="44.864546004" lon="6.724310008">
        <ele>1682.56</ele>
      </trkpt>
      <trkpt lat="44.864463998" lon="6.724280003">
        <ele>1683.98</ele>
      </trkpt>
      <trkpt lat="44.864369001" lon="6.724259998">
        <ele>1685.34</ele>
      </trkpt>
      <trkpt lat="44.864250997" lon="6.724255993">
        <ele>1686.46</ele>
      </trkpt>
      <trkpt lat="44.864109006" lon="6.724272995">
        <ele>1687.98</ele>
      </trkpt>
      <trkpt lat="44.863953998" lon="6.724292997">
        <ele>1689.16</ele>
      </trkpt>
      <trkpt lat="44.863756005" lon="6.724341996">
        <ele>1689.56</ele>
      </trkpt>
      <trkpt lat="44.863544998" lon="6.724405999">
        <ele>1689.79</ele>
      </trkpt>
      <trkpt lat="44.863413998" lon="6.724450002">
        <ele>1690.3</ele>
      </trkpt>
      <trkpt lat="44.863331001" lon="6.724489003">
        <ele>1689.63</ele>
      </trkpt>
      <trkpt lat="44.863243999" lon="6.724538004">
        <ele>1691.23</ele>
      </trkpt>
      <trkpt lat="44.863131002" lon="6.724605">
        <ele>1692.52</ele>
      </trkpt>
      <trkpt lat="44.862991002" lon="6.724727006">
        <ele>1694.19</ele>
      </trkpt>
      <trkpt lat="44.862851002" lon="6.724848999">
        <ele>1696.18</ele>
      </trkpt>
      <trkpt lat="44.862764002" lon="6.724899">
        <ele>1697.95</ele>
      </trkpt>
      <trkpt lat="44.862676996" lon="6.724917">
        <ele>1698.71</ele>
      </trkpt>
      <trkpt lat="44.862590001" lon="6.724917993">
        <ele>1699.54</ele>
      </trkpt>
      <trkpt lat="44.862403996" lon="6.724880008">
        <ele>1700.14</ele>
      </trkpt>
      <trkpt lat="44.862307998" lon="6.724855995">
        <ele>1700.63</ele>
      </trkpt>
      <trkpt lat="44.862243" lon="6.724844">
        <ele>1701.16</ele>
      </trkpt>
      <trkpt lat="44.862165002" lon="6.724853005">
        <ele>1701.9</ele>
      </trkpt>
      <trkpt lat="44.862048002" lon="6.724875997">
        <ele>1703.34</ele>
      </trkpt>
      <trkpt lat="44.861808995" lon="6.724953003">
        <ele>1705.04</ele>
      </trkpt>
      <trkpt lat="44.861622004" lon="6.725019">
        <ele>1706.75</ele>
      </trkpt>
      <trkpt lat="44.861472002" lon="6.725050992">
        <ele>1709.25</ele>
      </trkpt>
      <trkpt lat="44.861289003" lon="6.725061998">
        <ele>1710.66</ele>
      </trkpt>
      <trkpt lat="44.861110995" lon="6.725053997">
        <ele>1711.94</ele>
      </trkpt>
      <trkpt lat="44.860907997" lon="6.725029002">
        <ele>1712.86</ele>
      </trkpt>
      <trkpt lat="44.860659996" lon="6.724983">
        <ele>1714.17</ele>
      </trkpt>
      <trkpt lat="44.860393002" lon="6.724925002">
        <ele>1715.18</ele>
      </trkpt>
      <trkpt lat="44.860208" lon="6.724895006">
        <ele>1717.01</ele>
      </trkpt>
      <trkpt lat="44.860069001" lon="6.724883005">
        <ele>1718.5</ele>
      </trkpt>
      <trkpt lat="44.859877003" lon="6.724891995">
        <ele>1719.8</ele>
      </trkpt>
      <trkpt lat="44.859569002" lon="6.724915995">
        <ele>1721.16</ele>
      </trkpt>
      <trkpt lat="44.859303999" lon="6.724945003">
        <ele>1722.33</ele>
      </trkpt>
      <trkpt lat="44.859118999" lon="6.724962999">
        <ele>1722.67</ele>
      </trkpt>
      <trkpt lat="44.858983005" lon="6.724995995">
        <ele>1724.68</ele>
      </trkpt>
      <trkpt lat="44.858930004" lon="6.725016999">
        <ele>1726.35</ele>
      </trkpt>
      <trkpt lat="44.858870001" lon="6.725041999">
        <ele>1727.47</ele>
      </trkpt>
      <trkpt lat="44.858727999" lon="6.725109002">
        <ele>1729.12</ele>
      </trkpt>
      <trkpt lat="44.858556001" lon="6.725201994">
        <ele>1732.14</ele>
      </trkpt>
      <trkpt lat="44.858303994" lon="6.725358006">
        <ele>1734.15</ele>
      </trkpt>
      <trkpt lat="44.857922999" lon="6.725591994">
        <ele>1736.74</ele>
      </trkpt>
      <trkpt lat="44.857625" lon="6.725774995">
        <ele>1738.63</ele>
      </trkpt>
      <trkpt lat="44.857371005" lon="6.725926003">
        <ele>1740.51</ele>
      </trkpt>
      <trkpt lat="44.857231004" lon="6.726014995">
        <ele>1740.76</ele>
      </trkpt>
      <trkpt lat="44.857163" lon="6.726049004">
        <ele>1741.4</ele>
      </trkpt>
      <trkpt lat="44.857119997" lon="6.726070999">
        <ele>1741.7</ele>
      </trkpt>
      <trkpt lat="44.857006004" lon="6.726139996">
        <ele>1742.24</ele>
      </trkpt>
      <trkpt lat="44.85686" lon="6.726243998">
        <ele>1742.74</ele>
      </trkpt>
      <trkpt lat="44.856781999" lon="6.726296009">
        <ele>1743.87</ele>
      </trkpt>
      <trkpt lat="44.856674003" lon="6.726370003">
        <ele>1744.11</ele>
      </trkpt>
      <trkpt lat="44.856472999" lon="6.726517999">
        <ele>1744.31</ele>
      </trkpt>
      <trkpt lat="44.856262004" lon="6.726674999">
        <ele>1744.49</ele>
      </trkpt>
      <trkpt lat="44.856226996" lon="6.726700996">
        <ele>1745.57</ele>
      </trkpt>
      <trkpt lat="44.855973006" lon="6.726886997">
        <ele>1745.7</ele>
      </trkpt>
      <trkpt lat="44.855956998" lon="6.726897998">
        <ele>1747.6</ele>
      </trkpt>
      <trkpt lat="44.855777001" lon="6.727023004">
        <ele>1749.49</ele>
      </trkpt>
      <trkpt lat="44.855656002" lon="6.727083993">
        <ele>1749.8</ele>
      </trkpt>
      <trkpt lat="44.855646002" lon="6.727090007">
        <ele>1749.14</ele>
      </trkpt>
      <trkpt lat="44.855542003" lon="6.727139997">
        <ele>1749.22</ele>
      </trkpt>
      <trkpt lat="44.855426006" lon="6.727168003">
        <ele>1747.89</ele>
      </trkpt>
      <trkpt lat="44.855330998" lon="6.727179992">
        <ele>1746.48</ele>
      </trkpt>
      <trkpt lat="44.855291" lon="6.727174003">
        <ele>1746.9</ele>
      </trkpt>
      <trkpt lat="44.855180998" lon="6.727161997">
        <ele>1747.93</ele>
      </trkpt>
      <trkpt lat="44.855030004" lon="6.727142997">
        <ele>1748.35</ele>
      </trkpt>
      <trkpt lat="44.854848" lon="6.727103996">
        <ele>1748.62</ele>
      </trkpt>
      <trkpt lat="44.854758001" lon="6.727077998">
        <ele>1749.49</ele>
      </trkpt>
      <trkpt lat="44.854649001" lon="6.727019008">
        <ele>1749.98</ele>
      </trkpt>
      <trkpt lat="44.854555997" lon="6.726943999">
        <ele>1749.83</ele>
      </trkpt>
      <trkpt lat="44.854486" lon="6.726871">
        <ele>1749.78</ele>
      </trkpt>
      <trkpt lat="44.854446004" lon="6.726811005">
        <ele>1749.81</ele>
      </trkpt>
      <trkpt lat="44.854426999" lon="6.726782993">
        <ele>1749.87</ele>
      </trkpt>
      <trkpt lat="44.854385996" lon="6.726701997">
        <ele>1750.06</ele>
      </trkpt>
      <trkpt lat="44.854329" lon="6.726549992">
        <ele>1750.37</ele>
      </trkpt>
      <trkpt lat="44.854288002" lon="6.726431008">
        <ele>1750.51</ele>
      </trkpt>
      <trkpt lat="44.854273005" lon="6.726386992">
        <ele>1750.94</ele>
      </trkpt>
      <trkpt lat="44.854234996" lon="6.726273997">
        <ele>1750.96</ele>
      </trkpt>
      <trkpt lat="44.854185003" lon="6.726161993">
        <ele>1751.58</ele>
      </trkpt>
      <trkpt lat="44.854107999" lon="6.726011006">
        <ele>1751.96</ele>
      </trkpt>
      <trkpt lat="44.853990002" lon="6.725809006">
        <ele>1753.15</ele>
      </trkpt>
      <trkpt lat="44.853898996" lon="6.725671003">
        <ele>1754.09</ele>
      </trkpt>
      <trkpt lat="44.853724998" lon="6.725442998">
        <ele>1756.63</ele>
      </trkpt>
      <trkpt lat="44.853420996" lon="6.725086">
        <ele>1757.62</ele>
      </trkpt>
      <trkpt lat="44.853171003" lon="6.724794996">
        <ele>1760.11</ele>
      </trkpt>
      <trkpt lat="44.853027002" lon="6.724647993">
        <ele>1761.93</ele>
      </trkpt>
      <trkpt lat="44.852952006" lon="6.724576999">
        <ele>1765.07</ele>
      </trkpt>
      <trkpt lat="44.852921997" lon="6.724561006">
        <ele>1766.2</ele>
      </trkpt>
      <trkpt lat="44.852912002" lon="6.724553994">
        <ele>1767.91</ele>
      </trkpt>
      <trkpt lat="44.852834004" lon="6.724522994">
        <ele>1769.23</ele>
      </trkpt>
      <trkpt lat="44.852726996" lon="6.724497">
        <ele>1771.53</ele>
      </trkpt>
      <trkpt lat="44.852559006" lon="6.724489996">
        <ele>1772.08</ele>
      </trkpt>
      <trkpt lat="44.852361001" lon="6.724504999">
        <ele>1772.77</ele>
      </trkpt>
      <trkpt lat="44.852175004" lon="6.724527996">
        <ele>1775.2</ele>
      </trkpt>
      <trkpt lat="44.852116" lon="6.724537994">
        <ele>1777.37</ele>
      </trkpt>
      <trkpt lat="44.852058997" lon="6.724547997">
        <ele>1777.6</ele>
      </trkpt>
      <trkpt lat="44.851731003" lon="6.724595999">
        <ele>1777.38</ele>
      </trkpt>
      <trkpt lat="44.851479004" lon="6.724635003">
        <ele>1776.68</ele>
      </trkpt>
      <trkpt lat="44.851348002" lon="6.724649004">
        <ele>1776.45</ele>
      </trkpt>
      <trkpt lat="44.851257002" lon="6.724673996">
        <ele>1778.11</ele>
      </trkpt>
      <trkpt lat="44.851061997" lon="6.724761003">
        <ele>1782.1</ele>
      </trkpt>
      <trkpt lat="44.850850001" lon="6.724866003">
        <ele>1785.48</ele>
      </trkpt>
      <trkpt lat="44.850579001" lon="6.724980999">
        <ele>1788.95</ele>
      </trkpt>
      <trkpt lat="44.850416001" lon="6.725046003">
        <ele>1790.29</ele>
      </trkpt>
      <trkpt lat="44.850275998" lon="6.725071999">
        <ele>1789.73</ele>
      </trkpt>
      <trkpt lat="44.850191001" lon="6.725067993">
        <ele>1788.98</ele>
      </trkpt>
      <trkpt lat="44.850100999" lon="6.725034005">
        <ele>1789.6</ele>
      </trkpt>
      <trkpt lat="44.850002997" lon="6.724972003">
        <ele>1792.09</ele>
      </trkpt>
      <trkpt lat="44.849971002" lon="6.724951001">
        <ele>1794</ele>
      </trkpt>
      <trkpt lat="44.849841998" lon="6.724858002">
        <ele>1794.38</ele>
      </trkpt>
      <trkpt lat="44.849727999" lon="6.724770992">
        <ele>1795.82</ele>
      </trkpt>
      <trkpt lat="44.849604999" lon="6.724714999">
        <ele>1796.89</ele>
      </trkpt>
      <trkpt lat="44.849561997" lon="6.724708002">
        <ele>1796.98</ele>
      </trkpt>
      <trkpt lat="44.849479998" lon="6.724692006">
        <ele>1798.46</ele>
      </trkpt>
      <trkpt lat="44.849195997" lon="6.724673996">
        <ele>1801.99</ele>
      </trkpt>
      <trkpt lat="44.848940997" lon="6.724662004">
        <ele>1802.84</ele>
      </trkpt>
      <trkpt lat="44.848737997" lon="6.724665005">
        <ele>1805.72</ele>
      </trkpt>
      <trkpt lat="44.848582001" lon="6.724685999">
        <ele>1807.62</ele>
      </trkpt>
      <trkpt lat="44.848449" lon="6.724708001">
        <ele>1809.68</ele>
      </trkpt>
      <trkpt lat="44.848287998" lon="6.724717007">
        <ele>1811.74</ele>
      </trkpt>
      <trkpt lat="44.847998003" lon="6.724721">
        <ele>1814.06</ele>
      </trkpt>
      <trkpt lat="44.847819002" lon="6.724736997">
        <ele>1814.75</ele>
      </trkpt>
      <trkpt lat="44.84774" lon="6.724747997">
        <ele>1817.94</ele>
      </trkpt>
      <trkpt lat="44.847678002" lon="6.724771998">
        <ele>1820.27</ele>
      </trkpt>
      <trkpt lat="44.847601006" lon="6.724813996">
        <ele>1821.13</ele>
      </trkpt>
      <trkpt lat="44.847526004" lon="6.724867999">
        <ele>1822.4</ele>
      </trkpt>
      <trkpt lat="44.847397998" lon="6.724971001">
        <ele>1824.18</ele>
      </trkpt>
      <trkpt lat="44.847318" lon="6.725046008">
        <ele>1824.35</ele>
      </trkpt>
      <trkpt lat="44.847239999" lon="6.725118993">
        <ele>1827.01</ele>
      </trkpt>
      <trkpt lat="44.847152001" lon="6.725202996">
        <ele>1828.83</ele>
      </trkpt>
      <trkpt lat="44.846842002" lon="6.725465001">
        <ele>1831.04</ele>
      </trkpt>
      <trkpt lat="44.846729999" lon="6.725547993">
        <ele>1832.91</ele>
      </trkpt>
      <trkpt lat="44.846616" lon="6.725610998">
        <ele>1834.55</ele>
      </trkpt>
      <trkpt lat="44.846517001" lon="6.725659997">
        <ele>1833.87</ele>
      </trkpt>
      <trkpt lat="44.846399006" lon="6.725699994">
        <ele>1834.68</ele>
      </trkpt>
      <trkpt lat="44.846279995" lon="6.725719006">
        <ele>1834.86</ele>
      </trkpt>
      <trkpt lat="44.846135002" lon="6.725710003">
        <ele>1834.63</ele>
      </trkpt>
      <trkpt lat="44.846109" lon="6.725703006">
        <ele>1834.83</ele>
      </trkpt>
      <trkpt lat="44.845997001" lon="6.725678">
        <ele>1834.64</ele>
      </trkpt>
      <trkpt lat="44.845860004" lon="6.725628997">
        <ele>1834.62</ele>
      </trkpt>
      <trkpt lat="44.845756999" lon="6.725574003">
        <ele>1835.13</ele>
      </trkpt>
      <trkpt lat="44.845623002" lon="6.725492006">
        <ele>1836.83</ele>
      </trkpt>
      <trkpt lat="44.845497006" lon="6.725390002">
        <ele>1837.28</ele>
      </trkpt>
      <trkpt lat="44.845368004" lon="6.725278994">
        <ele>1840.5</ele>
      </trkpt>
      <trkpt lat="44.845205001" lon="6.725116002">
        <ele>1842.53</ele>
      </trkpt>
      <trkpt lat="44.845082002" lon="6.724980004">
        <ele>1844.7</ele>
      </trkpt>
      <trkpt lat="44.844962002" lon="6.724878996">
        <ele>1846.8</ele>
      </trkpt>
      <trkpt lat="44.844809996" lon="6.724764006">
        <ele>1849.29</ele>
      </trkpt>
      <trkpt lat="44.844544006" lon="6.724600999">
        <ele>1849.8</ele>
      </trkpt>
      <trkpt lat="44.844346003" lon="6.724495996">
        <ele>1850.98</ele>
      </trkpt>
      <trkpt lat="44.844239999" lon="6.724441997">
        <ele>1851.54</ele>
      </trkpt>
      <trkpt lat="44.844197997" lon="6.724394995">
        <ele>1851.35</ele>
      </trkpt>
      <trkpt lat="44.844172001" lon="6.724336004">
        <ele>1851.57</ele>
      </trkpt>
      <trkpt lat="44.844162004" lon="6.724259008">
        <ele>1854.03</ele>
      </trkpt>
      <trkpt lat="44.844176998" lon="6.724199">
        <ele>1857.07</ele>
      </trkpt>
      <trkpt lat="44.844219004" lon="6.724157001">
        <ele>1857.52</ele>
      </trkpt>
      <trkpt lat="44.844262999" lon="6.724145996">
        <ele>1857.44</ele>
      </trkpt>
      <trkpt lat="44.844326002" lon="6.724157005">
        <ele>1857.64</ele>
      </trkpt>
      <trkpt lat="44.844394" lon="6.724194">
        <ele>1855.46</ele>
      </trkpt>
      <trkpt lat="44.844500995" lon="6.724266004">
        <ele>1852.61</ele>
      </trkpt>
      <trkpt lat="44.844569" lon="6.724302">
        <ele>1852.7</ele>
      </trkpt>
      <trkpt lat="44.844702006" lon="6.724343993">
        <ele>1853.37</ele>
      </trkpt>
      <trkpt lat="44.844979" lon="6.724408006">
        <ele>1854.11</ele>
      </trkpt>
      <trkpt lat="44.845182997" lon="6.724461995">
        <ele>1854.92</ele>
      </trkpt>
      <trkpt lat="44.845292001" lon="6.724486002">
        <ele>1855.99</ele>
      </trkpt>
      <trkpt lat="44.845359003" lon="6.724480996">
        <ele>1856.11</ele>
      </trkpt>
      <trkpt lat="44.845400996" lon="6.724448003">
        <ele>1856.24</ele>
      </trkpt>
      <trkpt lat="44.845423994" lon="6.724391997">
        <ele>1856.03</ele>
      </trkpt>
      <trkpt lat="44.845424" lon="6.724346995">
        <ele>1856.31</ele>
      </trkpt>
      <trkpt lat="44.845426002" lon="6.724318">
        <ele>1856.38</ele>
      </trkpt>
      <trkpt lat="44.845411002" lon="6.724263007">
        <ele>1857</ele>
      </trkpt>
      <trkpt lat="44.845393996" lon="6.724231003">
        <ele>1859.07</ele>
      </trkpt>
      <trkpt lat="44.845360996" lon="6.724201003">
        <ele>1860.32</ele>
      </trkpt>
      <trkpt lat="44.845316" lon="6.724186007">
        <ele>1862.1</ele>
      </trkpt>
      <trkpt lat="44.845216002" lon="6.724165994">
        <ele>1862.77</ele>
      </trkpt>
      <trkpt lat="44.845103001" lon="6.724133006">
        <ele>1864.14</ele>
      </trkpt>
      <trkpt lat="44.844967003" lon="6.724062004">
        <ele>1862.99</ele>
      </trkpt>
      <trkpt lat="44.844780001" lon="6.723919001">
        <ele>1865.84</ele>
      </trkpt>
      <trkpt lat="44.844647002" lon="6.723800004">
        <ele>1867.16</ele>
      </trkpt>
      <trkpt lat="44.844579003" lon="6.723718995">
        <ele>1869.07</ele>
      </trkpt>
      <trkpt lat="44.844531999" lon="6.723689993">
        <ele>1869.67</ele>
      </trkpt>
      <trkpt lat="44.844433994" lon="6.723649006">
        <ele>1872.46</ele>
      </trkpt>
      <trkpt lat="44.844307002" lon="6.723603993">
        <ele>1871.48</ele>
      </trkpt>
      <trkpt lat="44.844198003" lon="6.723593">
        <ele>1871.9</ele>
      </trkpt>
      <trkpt lat="44.844086999" lon="6.723590996">
        <ele>1872.35</ele>
      </trkpt>
      <trkpt lat="44.843949003" lon="6.723594005">
        <ele>1874.73</ele>
      </trkpt>
      <trkpt lat="44.843819999" lon="6.723591997">
        <ele>1875.38</ele>
      </trkpt>
      <trkpt lat="44.843685" lon="6.723603997">
        <ele>1878.01</ele>
      </trkpt>
      <trkpt lat="44.843535998" lon="6.723620998">
        <ele>1878.87</ele>
      </trkpt>
      <trkpt lat="44.843378" lon="6.723660003">
        <ele>1881.56</ele>
      </trkpt>
      <trkpt lat="44.843251994" lon="6.723682">
        <ele>1882.14</ele>
      </trkpt>
      <trkpt lat="44.843135996" lon="6.723676003">
        <ele>1884.59</ele>
      </trkpt>
      <trkpt lat="44.842966997" lon="6.723639999">
        <ele>1884.97</ele>
      </trkpt>
      <trkpt lat="44.842832001" lon="6.723610001">
        <ele>1886.92</ele>
      </trkpt>
      <trkpt lat="44.842684997" lon="6.723610994">
        <ele>1888.69</ele>
      </trkpt>
      <trkpt lat="44.842464006" lon="6.723654004">
        <ele>1890.66</ele>
      </trkpt>
      <trkpt lat="44.842319002" lon="6.723688005">
        <ele>1892.58</ele>
      </trkpt>
      <trkpt lat="44.842186002" lon="6.723692003">
        <ele>1894.69</ele>
      </trkpt>
      <trkpt lat="44.842046002" lon="6.723656999">
        <ele>1896.81</ele>
      </trkpt>
      <trkpt lat="44.841946004" lon="6.723641004">
        <ele>1897.06</ele>
      </trkpt>
      <trkpt lat="44.841757999" lon="6.723628001">
        <ele>1898.68</ele>
      </trkpt>
      <trkpt lat="44.841541006" lon="6.723639997">
        <ele>1899.49</ele>
      </trkpt>
      <trkpt lat="44.841345001" lon="6.723636003">
        <ele>1901.17</ele>
      </trkpt>
      <trkpt lat="44.841161001" lon="6.723610002">
        <ele>1900.84</ele>
      </trkpt>
      <trkpt lat="44.840931999" lon="6.723548002">
        <ele>1901.48</ele>
      </trkpt>
      <trkpt lat="44.840732998" lon="6.723517003">
        <ele>1902.18</ele>
      </trkpt>
      <trkpt lat="44.840467005" lon="6.723466004">
        <ele>1901.62</ele>
      </trkpt>
      <trkpt lat="44.840287999" lon="6.723428997">
        <ele>1902.08</ele>
      </trkpt>
      <trkpt lat="44.840167995" lon="6.723417997">
        <ele>1904.63</ele>
      </trkpt>
      <trkpt lat="44.840019002" lon="6.723424001">
        <ele>1905.63</ele>
      </trkpt>
      <trkpt lat="44.839782997" lon="6.723441995">
        <ele>1908.07</ele>
      </trkpt>
      <trkpt lat="44.839599999" lon="6.723453003">
        <ele>1912.71</ele>
      </trkpt>
      <trkpt lat="44.839478996" lon="6.723446004">
        <ele>1914.79</ele>
      </trkpt>
      <trkpt lat="44.839284997" lon="6.723422001">
        <ele>1917.23</ele>
      </trkpt>
      <trkpt lat="44.839077" lon="6.72342">
        <ele>1922.01</ele>
      </trkpt>
      <trkpt lat="44.838903995" lon="6.723433">
        <ele>1924.06</ele>
      </trkpt>
      <trkpt lat="44.838715003" lon="6.723491002">
        <ele>1924.37</ele>
      </trkpt>
      <trkpt lat="44.838596002" lon="6.723543004">
        <ele>1926.86</ele>
      </trkpt>
      <trkpt lat="44.838505995" lon="6.723561002">
        <ele>1927.48</ele>
      </trkpt>
      <trkpt lat="44.838422998" lon="6.723553001">
        <ele>1927.67</ele>
      </trkpt>
      <trkpt lat="44.838296998" lon="6.723507996">
        <ele>1928.51</ele>
      </trkpt>
      <trkpt lat="44.838157002" lon="6.723423995">
        <ele>1931.8</ele>
      </trkpt>
      <trkpt lat="44.837929" lon="6.723278001">
        <ele>1933.24</ele>
      </trkpt>
      <trkpt lat="44.837820997" lon="6.723224993">
        <ele>1936.75</ele>
      </trkpt>
      <trkpt lat="44.837754002" lon="6.723210998">
        <ele>1938.76</ele>
      </trkpt>
      <trkpt lat="44.837599" lon="6.723210992">
        <ele>1939.67</ele>
      </trkpt>
      <trkpt lat="44.837492998" lon="6.723205001">
        <ele>1939.18</ele>
      </trkpt>
      <trkpt lat="44.837386002" lon="6.723184009">
        <ele>1942.15</ele>
      </trkpt>
      <trkpt lat="44.837114003" lon="6.723073002">
        <ele>1944.25</ele>
      </trkpt>
      <trkpt lat="44.836826996" lon="6.722932992">
        <ele>1946.96</ele>
      </trkpt>
      <trkpt lat="44.836732004" lon="6.722900002">
        <ele>1952.6</ele>
      </trkpt>
      <trkpt lat="44.836561" lon="6.722866">
        <ele>1957.33</ele>
      </trkpt>
      <trkpt lat="44.836473004" lon="6.722852007">
        <ele>1959.39</ele>
      </trkpt>
      <trkpt lat="44.836436995" lon="6.722825994">
        <ele>1960.45</ele>
      </trkpt>
      <trkpt lat="44.836437998" lon="6.722820006">
        <ele>1961.58</ele>
      </trkpt>
      <trkpt lat="44.836416004" lon="6.722765002">
        <ele>1960.59</ele>
      </trkpt>
      <trkpt lat="44.836411999" lon="6.722713002">
        <ele>1959.72</ele>
      </trkpt>
      <trkpt lat="44.836425998" lon="6.722665996">
        <ele>1958.93</ele>
      </trkpt>
      <trkpt lat="44.836468" lon="6.722618997">
        <ele>1957.42</ele>
      </trkpt>
      <trkpt lat="44.836515003" lon="6.722611004">
        <ele>1956.46</ele>
      </trkpt>
      <trkpt lat="44.836611998" lon="6.722616004">
        <ele>1955.35</ele>
      </trkpt>
      <trkpt lat="44.836774002" lon="6.722618994">
        <ele>1953.6</ele>
      </trkpt>
      <trkpt lat="44.836992995" lon="6.722614006">
        <ele>1952.64</ele>
      </trkpt>
      <trkpt lat="44.837161997" lon="6.722615002">
        <ele>1951.94</ele>
      </trkpt>
      <trkpt lat="44.837291994" lon="6.722607002">
        <ele>1951.59</ele>
      </trkpt>
      <trkpt lat="44.837437002" lon="6.722604">
        <ele>1951.93</ele>
      </trkpt>
      <trkpt lat="44.837529998" lon="6.722605999">
        <ele>1953.29</ele>
      </trkpt>
      <trkpt lat="44.837579002" lon="6.722584001">
        <ele>1957.57</ele>
      </trkpt>
      <trkpt lat="44.837610997" lon="6.722543001">
        <ele>1962.5</ele>
      </trkpt>
      <trkpt lat="44.837620998" lon="6.722487001">
        <ele>1966.46</ele>
      </trkpt>
      <trkpt lat="44.837614997" lon="6.722426">
        <ele>1969.62</ele>
      </trkpt>
      <trkpt lat="44.837596003" lon="6.722378009">
        <ele>1971.8</ele>
      </trkpt>
      <trkpt lat="44.837566003" lon="6.722351001">
        <ele>1969.2</ele>
      </trkpt>
      <trkpt lat="44.837512999" lon="6.722345004">
        <ele>1969.26</ele>
      </trkpt>
      <trkpt lat="44.837441" lon="6.722351998">
        <ele>1968.28</ele>
      </trkpt>
      <trkpt lat="44.837360003" lon="6.722368999">
        <ele>1966.62</ele>
      </trkpt>
      <trkpt lat="44.837262997" lon="6.722377997">
        <ele>1965.35</ele>
      </trkpt>
      <trkpt lat="44.837179998" lon="6.722364994">
        <ele>1965.69</ele>
      </trkpt>
      <trkpt lat="44.836889002" lon="6.722227004">
        <ele>1966.15</ele>
      </trkpt>
      <trkpt lat="44.836671996" lon="6.722113999">
        <ele>1968.11</ele>
      </trkpt>
      <trkpt lat="44.836454" lon="6.722002006">
        <ele>1970.9</ele>
      </trkpt>
      <trkpt lat="44.836104001" lon="6.721816">
        <ele>1975.32</ele>
      </trkpt>
      <trkpt lat="44.836019004" lon="6.721783003">
        <ele>1978.98</ele>
      </trkpt>
      <trkpt lat="44.835949998" lon="6.721771994">
        <ele>1979.86</ele>
      </trkpt>
      <trkpt lat="44.835858001" lon="6.721779994">
        <ele>1981.92</ele>
      </trkpt>
      <trkpt lat="44.835740002" lon="6.721809997">
        <ele>1984.35</ele>
      </trkpt>
      <trkpt lat="44.835622998" lon="6.721860004">
        <ele>1985.59</ele>
      </trkpt>
      <trkpt lat="44.835587001" lon="6.721879">
        <ele>1987.23</ele>
      </trkpt>
      <trkpt lat="44.835522002" lon="6.721917">
        <ele>1991.82</ele>
      </trkpt>
      <trkpt lat="44.835445005" lon="6.721997996">
        <ele>1993.21</ele>
      </trkpt>
      <trkpt lat="44.835380006" lon="6.722086994">
        <ele>1995.43</ele>
      </trkpt>
      <trkpt lat="44.835309005" lon="6.722231002">
        <ele>1995.93</ele>
      </trkpt>
      <trkpt lat="44.835230001" lon="6.722451001">
        <ele>1997.13</ele>
      </trkpt>
      <trkpt lat="44.835183997" lon="6.722595994">
        <ele>1997.53</ele>
      </trkpt>
      <trkpt lat="44.835146997" lon="6.722854005">
        <ele>2000.4</ele>
      </trkpt>
      <trkpt lat="44.835095996" lon="6.723136005">
        <ele>2002.57</ele>
      </trkpt>
      <trkpt lat="44.835065002" lon="6.723216996">
        <ele>2006.35</ele>
      </trkpt>
      <trkpt lat="44.835024997" lon="6.723248">
        <ele>2008.91</ele>
      </trkpt>
      <trkpt lat="44.834982996" lon="6.723256007">
        <ele>2009.17</ele>
      </trkpt>
      <trkpt lat="44.834942003" lon="6.723218999">
        <ele>2008.34</ele>
      </trkpt>
      <trkpt lat="44.834926004" lon="6.723172006">
        <ele>2006.48</ele>
      </trkpt>
      <trkpt lat="44.834924998" lon="6.723097">
        <ele>2006.21</ele>
      </trkpt>
      <trkpt lat="44.834960004" lon="6.722969001">
        <ele>2005.16</ele>
      </trkpt>
      <trkpt lat="44.834977002" lon="6.722776002">
        <ele>2006.33</ele>
      </trkpt>
      <trkpt lat="44.834974996" lon="6.722647005">
        <ele>2005.59</ele>
      </trkpt>
      <trkpt lat="44.834956998" lon="6.722443997">
        <ele>2007.66</ele>
      </trkpt>
      <trkpt lat="44.834948" lon="6.722117003">
        <ele>2007.34</ele>
      </trkpt>
      <trkpt lat="44.834965999" lon="6.721920993">
        <ele>2011.28</ele>
      </trkpt>
      <trkpt lat="44.834999997" lon="6.721786998">
        <ele>2012.94</ele>
      </trkpt>
      <trkpt lat="44.835059" lon="6.721625006">
        <ele>2016.45</ele>
      </trkpt>
      <trkpt lat="44.835074" lon="6.721567997">
        <ele>2017.59</ele>
      </trkpt>
      <trkpt lat="44.835065" lon="6.721512006">
        <ele>2019.12</ele>
      </trkpt>
      <trkpt lat="44.83505" lon="6.721474999">
        <ele>2017.18</ele>
      </trkpt>
      <trkpt lat="44.835027998" lon="6.721441999">
        <ele>2015.44</ele>
      </trkpt>
      <trkpt lat="44.834996003" lon="6.721431999">
        <ele>2014.29</ele>
      </trkpt>
      <trkpt lat="44.834954996" lon="6.721440998">
        <ele>2013.87</ele>
      </trkpt>
      <trkpt lat="44.834920001" lon="6.721482001">
        <ele>2014.7</ele>
      </trkpt>
      <trkpt lat="44.834887005" lon="6.721566001">
        <ele>2017.29</ele>
      </trkpt>
      <trkpt lat="44.834859001" lon="6.721724993">
        <ele>2018.19</ele>
      </trkpt>
      <trkpt lat="44.834799002" lon="6.721940007">
        <ele>2020.1</ele>
      </trkpt>
      <trkpt lat="44.834746002" lon="6.722142006">
        <ele>2022.66</ele>
      </trkpt>
      <trkpt lat="44.834713998" lon="6.722324002">
        <ele>2022.46</ele>
      </trkpt>
      <trkpt lat="44.834696001" lon="6.722492004">
        <ele>2021.6</ele>
      </trkpt>
      <trkpt lat="44.834682001" lon="6.722628997">
        <ele>2020.67</ele>
      </trkpt>
      <trkpt lat="44.834634996" lon="6.722821005">
        <ele>2021.26</ele>
      </trkpt>
      <trkpt lat="44.834595998" lon="6.722953008">
        <ele>2020.84</ele>
      </trkpt>
      <trkpt lat="44.834545002" lon="6.723066">
        <ele>2022.5</ele>
      </trkpt>
      <trkpt lat="44.834403003" lon="6.723272001">
        <ele>2023.53</ele>
      </trkpt>
      <trkpt lat="44.834202999" lon="6.723513004">
        <ele>2026.66</ele>
      </trkpt>
      <trkpt lat="44.834126001" lon="6.723575995">
        <ele>2028.23</ele>
      </trkpt>
      <trkpt lat="44.834049004" lon="6.723613995">
        <ele>2029.72</ele>
      </trkpt>
      <trkpt lat="44.834001996" lon="6.723615995">
        <ele>2030.8</ele>
      </trkpt>
      <trkpt lat="44.833951998" lon="6.723583">
        <ele>2031.39</ele>
      </trkpt>
      <trkpt lat="44.83393" lon="6.723503993">
        <ele>2033.83</ele>
      </trkpt>
      <trkpt lat="44.833939003" lon="6.723426992">
        <ele>2032.42</ele>
      </trkpt>
      <trkpt lat="44.833983996" lon="6.723303002">
        <ele>2032.99</ele>
      </trkpt>
      <trkpt lat="44.834119002" lon="6.722941">
        <ele>2033.66</ele>
      </trkpt>
      <trkpt lat="44.834240999" lon="6.722662002">
        <ele>2034.42</ele>
      </trkpt>
      <trkpt lat="44.834261001" lon="6.722589999">
        <ele>2036.15</ele>
      </trkpt>
      <trkpt lat="44.834266996" lon="6.722524996">
        <ele>2040.27</ele>
      </trkpt>
      <trkpt lat="44.834259996" lon="6.722482996">
        <ele>2042.16</ele>
      </trkpt>
      <trkpt lat="44.834237003" lon="6.722431994">
        <ele>2043.93</ele>
      </trkpt>
      <trkpt lat="44.834200994" lon="6.722409998">
        <ele>2045.64</ele>
      </trkpt>
      <trkpt lat="44.834162996" lon="6.722411">
        <ele>2044.26</ele>
      </trkpt>
      <trkpt lat="44.834118006" lon="6.722438">
        <ele>2043.31</ele>
      </trkpt>
      <trkpt lat="44.834080006" lon="6.722488999">
        <ele>2042.86</ele>
      </trkpt>
      <trkpt lat="44.834025998" lon="6.722616003">
        <ele>2042.7</ele>
      </trkpt>
      <trkpt lat="44.833965999" lon="6.722704">
        <ele>2042.61</ele>
      </trkpt>
      <trkpt lat="44.833873001" lon="6.722821008">
        <ele>2042.48</ele>
      </trkpt>
      <trkpt lat="44.833775001" lon="6.722915998">
        <ele>2042.05</ele>
      </trkpt>
      <trkpt lat="44.833676002" lon="6.722997">
        <ele>2043.34</ele>
      </trkpt>
      <trkpt lat="44.833535994" lon="6.723090001">
        <ele>2044.44</ele>
      </trkpt>
      <trkpt lat="44.833386003" lon="6.723166">
        <ele>2045.63</ele>
      </trkpt>
      <trkpt lat="44.833301001" lon="6.723217998">
        <ele>2049.64</ele>
      </trkpt>
      <trkpt lat="44.833231003" lon="6.723280009">
        <ele>2051.91</ele>
      </trkpt>
      <trkpt lat="44.833171997" lon="6.723347005">
        <ele>2053.04</ele>
      </trkpt>
      <trkpt lat="44.833128995" lon="6.723420002">
        <ele>2054.69</ele>
      </trkpt>
      <trkpt lat="44.833070998" lon="6.723515996">
        <ele>2056.6</ele>
      </trkpt>
      <trkpt lat="44.833027" lon="6.723557995">
        <ele>2055.92</ele>
      </trkpt>
      <trkpt lat="44.832983003" lon="6.723567997">
        <ele>2057.19</ele>
      </trkpt>
      <trkpt lat="44.832940003" lon="6.723558001">
        <ele>2059.08</ele>
      </trkpt>
      <trkpt lat="44.832917" lon="6.723532003">
        <ele>2060.09</ele>
      </trkpt>
      <trkpt lat="44.832901" lon="6.723477007">
        <ele>2062.6</ele>
      </trkpt>
      <trkpt lat="44.832898996" lon="6.723398999">
        <ele>2061.86</ele>
      </trkpt>
      <trkpt lat="44.832913996" lon="6.723275998">
        <ele>2060.69</ele>
      </trkpt>
      <trkpt lat="44.832940996" lon="6.723139999">
        <ele>2057.9</ele>
      </trkpt>
      <trkpt lat="44.832982999" lon="6.723031">
        <ele>2058.33</ele>
      </trkpt>
      <trkpt lat="44.833018005" lon="6.722958004">
        <ele>2057.01</ele>
      </trkpt>
      <trkpt lat="44.833092001" lon="6.722868999">
        <ele>2056.74</ele>
      </trkpt>
      <trkpt lat="44.833192005" lon="6.722739005">
        <ele>2061.96</ele>
      </trkpt>
      <trkpt lat="44.833339001" lon="6.722582005">
        <ele>2062.92</ele>
      </trkpt>
      <trkpt lat="44.833451002" lon="6.722441">
        <ele>2061.6</ele>
      </trkpt>
      <trkpt lat="44.833534001" lon="6.722345003">
        <ele>2060.74</ele>
      </trkpt>
      <trkpt lat="44.833630002" lon="6.722257999">
        <ele>2061.97</ele>
      </trkpt>
      <trkpt lat="44.833717999" lon="6.722188997">
        <ele>2058.05</ele>
      </trkpt>
      <trkpt lat="44.833749999" lon="6.722135992">
        <ele>2063.05</ele>
      </trkpt>
      <trkpt lat="44.833759002" lon="6.722085009">
        <ele>2067.01</ele>
      </trkpt>
      <trkpt lat="44.833748996" lon="6.722018996">
        <ele>2070.21</ele>
      </trkpt>
      <trkpt lat="44.833721006" lon="6.721973997">
        <ele>2073.05</ele>
      </trkpt>
      <trkpt lat="44.833687004" lon="6.721964992">
        <ele>2075.95</ele>
      </trkpt>
      <trkpt lat="44.833642001" lon="6.721975993">
        <ele>2070.22</ele>
      </trkpt>
      <trkpt lat="44.833609" lon="6.722010995">
        <ele>2069.37</ele>
      </trkpt>
      <trkpt lat="44.833540003" lon="6.722144997">
        <ele>2068.42</ele>
      </trkpt>
      <trkpt lat="44.833464998" lon="6.722252">
        <ele>2066.85</ele>
      </trkpt>
      <trkpt lat="44.833394998" lon="6.722316001">
        <ele>2070.38</ele>
      </trkpt>
      <trkpt lat="44.833302997" lon="6.722372996">
        <ele>2074.94</ele>
      </trkpt>
      <trkpt lat="44.833180001" lon="6.722419993">
        <ele>2073.52</ele>
      </trkpt>
      <trkpt lat="44.832993002" lon="6.722488992">
        <ele>2075.5</ele>
      </trkpt>
      <trkpt lat="44.832783997" lon="6.722560002">
        <ele>2077.9</ele>
      </trkpt>
      <trkpt lat="44.832590006" lon="6.722665992">
        <ele>2078.38</ele>
      </trkpt>
      <trkpt lat="44.832417" lon="6.722754993">
        <ele>2081.44</ele>
      </trkpt>
      <trkpt lat="44.832224006" lon="6.722837994">
        <ele>2086.45</ele>
      </trkpt>
      <trkpt lat="44.832102004" lon="6.722907995">
        <ele>2088.99</ele>
      </trkpt>
      <trkpt lat="44.832044003" lon="6.722959008">
        <ele>2092.7</ele>
      </trkpt>
      <trkpt lat="44.832012" lon="6.723010997">
        <ele>2093.79</ele>
      </trkpt>
      <trkpt lat="44.83199" lon="6.723088008">
        <ele>2096.11</ele>
      </trkpt>
      <trkpt lat="44.831989003" lon="6.723144004">
        <ele>2099.1</ele>
      </trkpt>
      <trkpt lat="44.831999002" lon="6.723211002">
        <ele>2098.36</ele>
      </trkpt>
      <trkpt lat="44.832039" lon="6.723303993">
        <ele>2097.21</ele>
      </trkpt>
      <trkpt lat="44.832182001" lon="6.723525009">
        <ele>2095.86</ele>
      </trkpt>
      <trkpt lat="44.832212001" lon="6.723610003">
        <ele>2093.74</ele>
      </trkpt>
      <trkpt lat="44.832229997" lon="6.723700002">
        <ele>2091.46</ele>
      </trkpt>
      <trkpt lat="44.832247" lon="6.723829">
        <ele>2092.75</ele>
      </trkpt>
      <trkpt lat="44.832254003" lon="6.724066001">
        <ele>2094.08</ele>
      </trkpt>
      <trkpt lat="44.832245002" lon="6.724148003">
        <ele>2095.49</ele>
      </trkpt>
      <trkpt lat="44.832220997" lon="6.724204994">
        <ele>2097.4</ele>
      </trkpt>
      <trkpt lat="44.832177995" lon="6.724230997">
        <ele>2098.26</ele>
      </trkpt>
      <trkpt lat="44.832129998" lon="6.724227002">
        <ele>2100.2</ele>
      </trkpt>
      <trkpt lat="44.832090996" lon="6.72419">
        <ele>2101.48</ele>
      </trkpt>
      <trkpt lat="44.832067004" lon="6.724142999">
        <ele>2101.09</ele>
      </trkpt>
      <trkpt lat="44.832057002" lon="6.724070997">
        <ele>2101.57</ele>
      </trkpt>
      <trkpt lat="44.832057003" lon="6.723827">
        <ele>2101.96</ele>
      </trkpt>
      <trkpt lat="44.832037997" lon="6.723736998">
        <ele>2100.54</ele>
      </trkpt>
      <trkpt lat="44.832009998" lon="6.723654999">
        <ele>2099.32</ele>
      </trkpt>
      <trkpt lat="44.831942004" lon="6.723543001">
        <ele>2099.49</ele>
      </trkpt>
      <trkpt lat="44.83188" lon="6.723477">
        <ele>2100.2</ele>
      </trkpt>
      <trkpt lat="44.831838002" lon="6.723464006">
        <ele>2101.56</ele>
      </trkpt>
      <trkpt lat="44.831794999" lon="6.723470996">
        <ele>2103.68</ele>
      </trkpt>
      <trkpt lat="44.831755999" lon="6.723504002">
        <ele>2106.31</ele>
      </trkpt>
      <trkpt lat="44.831739998" lon="6.723554">
        <ele>2109.2</ele>
      </trkpt>
      <trkpt lat="44.831752" lon="6.723622005">
        <ele>2107.76</ele>
      </trkpt>
      <trkpt lat="44.831800996" lon="6.723702001">
        <ele>2106.24</ele>
      </trkpt>
      <trkpt lat="44.831882003" lon="6.723835002">
        <ele>2104.71</ele>
      </trkpt>
      <trkpt lat="44.831904001" lon="6.723896006">
        <ele>2103.17</ele>
      </trkpt>
      <trkpt lat="44.831915003" lon="6.723971">
        <ele>2101.73</ele>
      </trkpt>
      <trkpt lat="44.831912998" lon="6.724046005">
        <ele>2102.96</ele>
      </trkpt>
      <trkpt lat="44.831886002" lon="6.724148004">
        <ele>2104.2</ele>
      </trkpt>
      <trkpt lat="44.83183" lon="6.724231005">
        <ele>2105.53</ele>
      </trkpt>
      <trkpt lat="44.831750997" lon="6.724300004">
        <ele>2106.51</ele>
      </trkpt>
      <trkpt lat="44.831583999" lon="6.724376997">
        <ele>2107.33</ele>
      </trkpt>
      <trkpt lat="44.831480001" lon="6.724398002">
        <ele>2108.34</ele>
      </trkpt>
      <trkpt lat="44.831384999" lon="6.724386001">
        <ele>2109.38</ele>
      </trkpt>
      <trkpt lat="44.831275001" lon="6.724345999">
        <ele>2112.37</ele>
      </trkpt>
      <trkpt lat="44.831116001" lon="6.724255996">
        <ele>2114.93</ele>
      </trkpt>
      <trkpt lat="44.830957998" lon="6.724164996">
        <ele>2116.81</ele>
      </trkpt>
      <trkpt lat="44.830869006" lon="6.724148998">
        <ele>2118.18</ele>
      </trkpt>
      <trkpt lat="44.830779002" lon="6.724161002">
        <ele>2119.7</ele>
      </trkpt>
      <trkpt lat="44.830661002" lon="6.724201991">
        <ele>2119.13</ele>
      </trkpt>
      <trkpt lat="44.830546999" lon="6.724285006">
        <ele>2120.04</ele>
      </trkpt>
      <trkpt lat="44.830458006" lon="6.724366994">
        <ele>2121.66</ele>
      </trkpt>
      <trkpt lat="44.830366998" lon="6.724473003">
        <ele>2123.6</ele>
      </trkpt>
      <trkpt lat="44.830299997" lon="6.724543999">
        <ele>2125.15</ele>
      </trkpt>
      <trkpt lat="44.830251003" lon="6.724567006">
        <ele>2126.36</ele>
      </trkpt>
      <trkpt lat="44.830235999" lon="6.724572002">
        <ele>2126.35</ele>
      </trkpt>
      <trkpt lat="44.830178999" lon="6.724565003">
        <ele>2128.01</ele>
      </trkpt>
      <trkpt lat="44.830141996" lon="6.724511998">
        <ele>2129.36</ele>
      </trkpt>
      <trkpt lat="44.830132006" lon="6.724467004">
        <ele>2128.62</ele>
      </trkpt>
      <trkpt lat="44.830135003" lon="6.724402998">
        <ele>2127.33</ele>
      </trkpt>
      <trkpt lat="44.830152" lon="6.724357995">
        <ele>2125.87</ele>
      </trkpt>
      <trkpt lat="44.830290994" lon="6.724200996">
        <ele>2122.77</ele>
      </trkpt>
      <trkpt lat="44.830417998" lon="6.724050002">
        <ele>2120.04</ele>
      </trkpt>
      <trkpt lat="44.830495997" lon="6.723918">
        <ele>2121.1</ele>
      </trkpt>
      <trkpt lat="44.830529002" lon="6.723848004">
        <ele>2122.69</ele>
      </trkpt>
      <trkpt lat="44.830544003" lon="6.723754002">
        <ele>2124.43</ele>
      </trkpt>
      <trkpt lat="44.830548003" lon="6.723673001">
        <ele>2125.56</ele>
      </trkpt>
      <trkpt lat="44.830533997" lon="6.723564003">
        <ele>2126.41</ele>
      </trkpt>
      <trkpt lat="44.830489996" lon="6.723426">
        <ele>2126.71</ele>
      </trkpt>
      <trkpt lat="44.830452997" lon="6.723367992">
        <ele>2128.65</ele>
      </trkpt>
      <trkpt lat="44.830426004" lon="6.723324999">
        <ele>2130.6</ele>
      </trkpt>
      <trkpt lat="44.830358998" lon="6.723280999">
        <ele>2132.44</ele>
      </trkpt>
      <trkpt lat="44.830331003" lon="6.723263006">
        <ele>2134.01</ele>
      </trkpt>
      <trkpt lat="44.830255001" lon="6.723244008">
        <ele>2136.28</ele>
      </trkpt>
      <trkpt lat="44.830168994" lon="6.723253998">
        <ele>2135.96</ele>
      </trkpt>
      <trkpt lat="44.830061002" lon="6.723318008">
        <ele>2137.58</ele>
      </trkpt>
      <trkpt lat="44.829751002" lon="6.723571001">
        <ele>2138.7</ele>
      </trkpt>
      <trkpt lat="44.829537996" lon="6.723741001">
        <ele>2141.19</ele>
      </trkpt>
      <trkpt lat="44.829326002" lon="6.723912005">
        <ele>2142.3</ele>
      </trkpt>
      <trkpt lat="44.829053005" lon="6.724129992">
        <ele>2144.98</ele>
      </trkpt>
      <trkpt lat="44.828780006" lon="6.724348003">
        <ele>2146.23</ele>
      </trkpt>
      <trkpt lat="44.828545" lon="6.724541009">
        <ele>2149.81</ele>
      </trkpt>
      <trkpt lat="44.828309" lon="6.724732997">
        <ele>2152.27</ele>
      </trkpt>
      <trkpt lat="44.828052001" lon="6.724940993">
        <ele>2154.17</ele>
      </trkpt>
      <trkpt lat="44.827795002" lon="6.725149">
        <ele>2156.71</ele>
      </trkpt>
      <trkpt lat="44.827688001" lon="6.725228003">
        <ele>2158.85</ele>
      </trkpt>
      <trkpt lat="44.827636999" lon="6.725252002">
        <ele>2159.44</ele>
      </trkpt>
      <trkpt lat="44.827541999" lon="6.725285001">
        <ele>2163.45</ele>
      </trkpt>
      <trkpt lat="44.827385998" lon="6.725347997">
        <ele>2164.92</ele>
      </trkpt>
      <trkpt lat="44.827286996" lon="6.725418005">
        <ele>2165.52</ele>
      </trkpt>
      <trkpt lat="44.827191999" lon="6.725517991">
        <ele>2166.33</ele>
      </trkpt>
      <trkpt lat="44.827132004" lon="6.725623998">
        <ele>2167.36</ele>
      </trkpt>
      <trkpt lat="44.827103" lon="6.725720004">
        <ele>2165.79</ele>
      </trkpt>
      <trkpt lat="44.827088998" lon="6.725794991">
        <ele>2166.71</ele>
      </trkpt>
      <trkpt lat="44.827105" lon="6.725895997">
        <ele>2167.2</ele>
      </trkpt>
      <trkpt lat="44.827123" lon="6.725954997">
        <ele>2167.49</ele>
      </trkpt>
      <trkpt lat="44.827163996" lon="6.726066995">
        <ele>2167.65</ele>
      </trkpt>
      <trkpt lat="44.827188997" lon="6.726139999">
        <ele>2167.13</ele>
      </trkpt>
      <trkpt lat="44.827229005" lon="6.726198002">
        <ele>2170.11</ele>
      </trkpt>
      <trkpt lat="44.827303996" lon="6.726245991">
        <ele>2173</ele>
      </trkpt>
      <trkpt lat="44.827423004" lon="6.726296001">
        <ele>2173.73</ele>
      </trkpt>
      <trkpt lat="44.827706001" lon="6.726387001">
        <ele>2176.65</ele>
      </trkpt>
      <trkpt lat="44.827895998" lon="6.726441002">
        <ele>2178.6</ele>
      </trkpt>
      <trkpt lat="44.827967996" lon="6.726451999">
        <ele>2176.37</ele>
      </trkpt>
      <trkpt lat="44.828066004" lon="6.726473006">
        <ele>2173.9</ele>
      </trkpt>
      <trkpt lat="44.828139001" lon="6.726509008">
        <ele>2175.97</ele>
      </trkpt>
      <trkpt lat="44.828187001" lon="6.726555004">
        <ele>2176.24</ele>
      </trkpt>
      <trkpt lat="44.828219997" lon="6.726617001">
        <ele>2177.61</ele>
      </trkpt>
      <trkpt lat="44.828271003" lon="6.726757">
        <ele>2179.79</ele>
      </trkpt>
      <trkpt lat="44.828317001" lon="6.726857997">
        <ele>2182.47</ele>
      </trkpt>
      <trkpt lat="44.828379003" lon="6.726960994">
        <ele>2183.09</ele>
      </trkpt>
      <trkpt lat="44.828492002" lon="6.727101004">
        <ele>2183.43</ele>
      </trkpt>
      <trkpt lat="44.828535001" lon="6.727185009">
        <ele>2183.82</ele>
      </trkpt>
      <trkpt lat="44.828560994" lon="6.727273001">
        <ele>2184.45</ele>
      </trkpt>
      <trkpt lat="44.828566998" lon="6.727351003">
        <ele>2185.43</ele>
      </trkpt>
      <trkpt lat="44.828560996" lon="6.727476997">
        <ele>2186.35</ele>
      </trkpt>
      <trkpt lat="44.828538002" lon="6.727621001">
        <ele>2188.07</ele>
      </trkpt>
      <trkpt lat="44.828496002" lon="6.727770001">
        <ele>2189.82</ele>
      </trkpt>
      <trkpt lat="44.828460004" lon="6.727815006">
        <ele>2191.4</ele>
      </trkpt>
      <trkpt lat="44.828425996" lon="6.727837004">
        <ele>2192.58</ele>
      </trkpt>
      <trkpt lat="44.828383998" lon="6.727830998">
        <ele>2193.31</ele>
      </trkpt>
      <trkpt lat="44.828340998" lon="6.727794997">
        <ele>2192.83</ele>
      </trkpt>
      <trkpt lat="44.828281" lon="6.727704">
        <ele>2192.7</ele>
      </trkpt>
      <trkpt lat="44.828206997" lon="6.727588008">
        <ele>2192.94</ele>
      </trkpt>
      <trkpt lat="44.828149004" lon="6.727527998">
        <ele>2194.28</ele>
      </trkpt>
      <trkpt lat="44.828080994" lon="6.727488994">
        <ele>2195.88</ele>
      </trkpt>
      <trkpt lat="44.827922997" lon="6.727450996">
        <ele>2197.71</ele>
      </trkpt>
      <trkpt lat="44.827734" lon="6.727408002">
        <ele>2200.25</ele>
      </trkpt>
      <trkpt lat="44.827527" lon="6.727355998">
        <ele>2201.39</ele>
      </trkpt>
      <trkpt lat="44.827365997" lon="6.727352998">
        <ele>2199.08</ele>
      </trkpt>
      <trkpt lat="44.827208003" lon="6.727383002">
        <ele>2198.15</ele>
      </trkpt>
      <trkpt lat="44.827078004" lon="6.727426998">
        <ele>2200.41</ele>
      </trkpt>
      <trkpt lat="44.826957" lon="6.727501">
        <ele>2200.13</ele>
      </trkpt>
      <trkpt lat="44.826840001" lon="6.727601991">
        <ele>2201</ele>
      </trkpt>
      <trkpt lat="44.826706003" lon="6.727747994">
        <ele>2204.46</ele>
      </trkpt>
      <trkpt lat="44.826579004" lon="6.727902997">
        <ele>2206.78</ele>
      </trkpt>
      <trkpt lat="44.826492999" lon="6.727991999">
        <ele>2206.46</ele>
      </trkpt>
      <trkpt lat="44.826401998" lon="6.728053996">
        <ele>2204.45</ele>
      </trkpt>
      <trkpt lat="44.826273999" lon="6.728138993">
        <ele>2202.11</ele>
      </trkpt>
      <trkpt lat="44.826222" lon="6.728197994">
        <ele>2199.35</ele>
      </trkpt>
      <trkpt lat="44.826211" lon="6.728256005">
        <ele>2195.99</ele>
      </trkpt>
      <trkpt lat="44.826214004" lon="6.728308994">
        <ele>2197.24</ele>
      </trkpt>
      <trkpt lat="44.826234005" lon="6.728350002">
        <ele>2201.4</ele>
      </trkpt>
      <trkpt lat="44.826269001" lon="6.728374997">
        <ele>2203.25</ele>
      </trkpt>
      <trkpt lat="44.826307005" lon="6.728380003">
        <ele>2204.82</ele>
      </trkpt>
      <trkpt lat="44.826382994" lon="6.728368001">
        <ele>2208.88</ele>
      </trkpt>
      <trkpt lat="44.826481003" lon="6.728360006">
        <ele>2208.91</ele>
      </trkpt>
      <trkpt lat="44.826601999" lon="6.728368002">
        <ele>2208.78</ele>
      </trkpt>
      <trkpt lat="44.826665996" lon="6.728390996">
        <ele>2211.73</ele>
      </trkpt>
      <trkpt lat="44.826729001" lon="6.728432999">
        <ele>2214.65</ele>
      </trkpt>
      <trkpt lat="44.826808006" lon="6.728527004">
        <ele>2216.21</ele>
      </trkpt>
      <trkpt lat="44.826995998" lon="6.728742996">
        <ele>2216.74</ele>
      </trkpt>
      <trkpt lat="44.827140997" lon="6.728919">
        <ele>2217.52</ele>
      </trkpt>
      <trkpt lat="44.827196998" lon="6.729004994">
        <ele>2217.71</ele>
      </trkpt>
      <trkpt lat="44.827236" lon="6.729091">
        <ele>2218.59</ele>
      </trkpt>
      <trkpt lat="44.827255001" lon="6.729176994">
        <ele>2218.78</ele>
      </trkpt>
      <trkpt lat="44.827259994" lon="6.729243997">
        <ele>2219.1</ele>
      </trkpt>
      <trkpt lat="44.827253999" lon="6.729317997">
        <ele>2219.49</ele>
      </trkpt>
      <trkpt lat="44.827235995" lon="6.729361004">
        <ele>2219.96</ele>
      </trkpt>
      <trkpt lat="44.827208999" lon="6.729398005">
        <ele>2220.84</ele>
      </trkpt>
      <trkpt lat="44.827135001" lon="6.729458002">
        <ele>2221.7</ele>
      </trkpt>
      <trkpt lat="44.826905994" lon="6.729660992">
        <ele>2222.48</ele>
      </trkpt>
      <trkpt lat="44.826816996" lon="6.729743005">
        <ele>2224.19</ele>
      </trkpt>
      <trkpt lat="44.826614996" lon="6.729925002">
        <ele>2226.24</ele>
      </trkpt>
      <trkpt lat="44.826250003" lon="6.730266001">
        <ele>2228.61</ele>
      </trkpt>
      <trkpt lat="44.825949999" lon="6.730556003">
        <ele>2231.09</ele>
      </trkpt>
      <trkpt lat="44.825852999" lon="6.730649994">
        <ele>2235.31</ele>
      </trkpt>
      <trkpt lat="44.825690997" lon="6.730808996">
        <ele>2239.1</ele>
      </trkpt>
      <trkpt lat="44.825570003" lon="6.730921998">
        <ele>2241.36</ele>
      </trkpt>
      <trkpt lat="44.825466999" lon="6.731000999">
        <ele>2243.18</ele>
      </trkpt>
      <trkpt lat="44.825321001" lon="6.731086996">
        <ele>2243.87</ele>
      </trkpt>
      <trkpt lat="44.825165994" lon="6.731168">
        <ele>2244.37</ele>
      </trkpt>
      <trkpt lat="44.825074995" lon="6.731234993">
        <ele>2244.51</ele>
      </trkpt>
      <trkpt lat="44.825003002" lon="6.731304996">
        <ele>2246.01</ele>
      </trkpt>
      <trkpt lat="44.824956002" lon="6.731381992">
        <ele>2247.46</ele>
      </trkpt>
      <trkpt lat="44.824904998" lon="6.731511004">
        <ele>2247.28</ele>
      </trkpt>
      <trkpt lat="44.824866006" lon="6.731596992">
        <ele>2245.94</ele>
      </trkpt>
      <trkpt lat="44.824822995" lon="6.731654001">
        <ele>2247.58</ele>
      </trkpt>
      <trkpt lat="44.824773998" lon="6.731694997">
        <ele>2249.22</ele>
      </trkpt>
      <trkpt lat="44.824688004" lon="6.731744996">
        <ele>2249</ele>
      </trkpt>
      <trkpt lat="44.824595997" lon="6.731802003">
        <ele>2251.68</ele>
      </trkpt>
      <trkpt lat="44.824500002" lon="6.731887002">
        <ele>2254.33</ele>
      </trkpt>
      <trkpt lat="44.824428999" lon="6.731949002">
        <ele>2253.19</ele>
      </trkpt>
      <trkpt lat="44.824355004" lon="6.731985005">
        <ele>2252.4</ele>
      </trkpt>
      <trkpt lat="44.824233" lon="6.732018994">
        <ele>2253.2</ele>
      </trkpt>
      <trkpt lat="44.824087003" lon="6.732057">
        <ele>2254.94</ele>
      </trkpt>
      <trkpt lat="44.823976997" lon="6.732102995">
        <ele>2256.83</ele>
      </trkpt>
      <trkpt lat="44.823906002" lon="6.732157004">
        <ele>2259.76</ele>
      </trkpt>
      <trkpt lat="44.823830006" lon="6.732253005">
        <ele>2261.12</ele>
      </trkpt>
      <trkpt lat="44.823754999" lon="6.732351998">
        <ele>2262.68</ele>
      </trkpt>
      <trkpt lat="44.823692996" lon="6.732397004">
        <ele>2263.07</ele>
      </trkpt>
      <trkpt lat="44.823632996" lon="6.732413001">
        <ele>2263.01</ele>
      </trkpt>
      <trkpt lat="44.823584996" lon="6.732395993">
        <ele>2262.6</ele>
      </trkpt>
      <trkpt lat="44.823559997" lon="6.732379007">
        <ele>2263.1</ele>
      </trkpt>
      <trkpt lat="44.823520999" lon="6.732326997">
        <ele>2263.41</ele>
      </trkpt>
      <trkpt lat="44.823513" lon="6.732317993">
        <ele>2263.63</ele>
      </trkpt>
      <trkpt lat="44.823484003" lon="6.732271992">
        <ele>2263.71</ele>
      </trkpt>
      <trkpt lat="44.823465001" lon="6.732229999">
        <ele>2263.64</ele>
      </trkpt>
      <trkpt lat="44.823457998" lon="6.732165995">
        <ele>2263.47</ele>
      </trkpt>
      <trkpt lat="44.823459" lon="6.732109995">
        <ele>2262.54</ele>
      </trkpt>
      <trkpt lat="44.823467994" lon="6.732037998">
        <ele>2261.3</ele>
      </trkpt>
      <trkpt lat="44.823481005" lon="6.731938001">
        <ele>2260.95</ele>
      </trkpt>
      <trkpt lat="44.823479999" lon="6.731863997">
        <ele>2260.71</ele>
      </trkpt>
      <trkpt lat="44.823465994" lon="6.731800997">
        <ele>2260.59</ele>
      </trkpt>
      <trkpt lat="44.823435001" lon="6.731756992">
        <ele>2261.25</ele>
      </trkpt>
      <trkpt lat="44.82339" lon="6.731746998">
        <ele>2262.35</ele>
      </trkpt>
      <trkpt lat="44.823349998" lon="6.731772999">
        <ele>2262.92</ele>
      </trkpt>
      <trkpt lat="44.823289001" lon="6.731838994">
        <ele>2263.79</ele>
      </trkpt>
      <trkpt lat="44.823210004" lon="6.731947005">
        <ele>2264.74</ele>
      </trkpt>
      <trkpt lat="44.823149998" lon="6.732009">
        <ele>2265.7</ele>
      </trkpt>
      <trkpt lat="44.823105004" lon="6.732043003">
        <ele>2266.53</ele>
      </trkpt>
      <trkpt lat="44.823065004" lon="6.732054998">
        <ele>2267.17</ele>
      </trkpt>
      <trkpt lat="44.823046" lon="6.732061004">
        <ele>2267.54</ele>
      </trkpt>
      <trkpt lat="44.822999001" lon="6.732062997">
        <ele>2268.54</ele>
      </trkpt>
      <trkpt lat="44.822981006" lon="6.732065005">
        <ele>2269.44</ele>
      </trkpt>
      <trkpt lat="44.822895002" lon="6.732053996">
        <ele>2270.19</ele>
      </trkpt>
      <trkpt lat="44.82281" lon="6.732029008">
        <ele>2270.8</ele>
      </trkpt>
      <trkpt lat="44.822753002" lon="6.731977005">
        <ele>2271.22</ele>
      </trkpt>
      <trkpt lat="44.822711" lon="6.731932003">
        <ele>2270.74</ele>
      </trkpt>
      <trkpt lat="44.822677006" lon="6.731847006">
        <ele>2270.83</ele>
      </trkpt>
      <trkpt lat="44.822656995" lon="6.731774996">
        <ele>2271.97</ele>
      </trkpt>
      <trkpt lat="44.822645999" lon="6.731661994">
        <ele>2272.85</ele>
      </trkpt>
      <trkpt lat="44.822635999" lon="6.731536001">
        <ele>2273.62</ele>
      </trkpt>
      <trkpt lat="44.822620994" lon="6.731409004">
        <ele>2274.91</ele>
      </trkpt>
      <trkpt lat="44.822601002" lon="6.731310995">
        <ele>2275.64</ele>
      </trkpt>
      <trkpt lat="44.822579997" lon="6.731253001">
        <ele>2275.49</ele>
      </trkpt>
      <trkpt lat="44.822543999" lon="6.731211995">
        <ele>2275.78</ele>
      </trkpt>
      <trkpt lat="44.822505999" lon="6.731200998">
        <ele>2276.5</ele>
      </trkpt>
      <trkpt lat="44.822474001" lon="6.731212005">
        <ele>2275.99</ele>
      </trkpt>
      <trkpt lat="44.822438002" lon="6.731241996">
        <ele>2275.89</ele>
      </trkpt>
      <trkpt lat="44.822412002" lon="6.731315002">
        <ele>2276.09</ele>
      </trkpt>
      <trkpt lat="44.822399" lon="6.731436996">
        <ele>2276.64</ele>
      </trkpt>
      <trkpt lat="44.822389002" lon="6.731548995">
        <ele>2277.37</ele>
      </trkpt>
      <trkpt lat="44.822371995" lon="6.731684996">
        <ele>2279.35</ele>
      </trkpt>
      <trkpt lat="44.822345996" lon="6.731796007">
        <ele>2281.57</ele>
      </trkpt>
      <trkpt lat="44.822308004" lon="6.731920001">
        <ele>2283.34</ele>
      </trkpt>
      <trkpt lat="44.822248996" lon="6.732086999">
        <ele>2285.24</ele>
      </trkpt>
      <trkpt lat="44.822215" lon="6.732245996">
        <ele>2287.44</ele>
      </trkpt>
      <trkpt lat="44.822202999" lon="6.732349997">
        <ele>2288.44</ele>
      </trkpt>
      <trkpt lat="44.822205004" lon="6.732484006">
        <ele>2289.74</ele>
      </trkpt>
      <trkpt lat="44.822216999" lon="6.732588994">
        <ele>2291.9</ele>
      </trkpt>
      <trkpt lat="44.822261001" lon="6.732769994">
        <ele>2292.11</ele>
      </trkpt>
      <trkpt lat="44.822308999" lon="6.732922004">
        <ele>2291.9</ele>
      </trkpt>
      <trkpt lat="44.822353" lon="6.733011998">
        <ele>2292.36</ele>
      </trkpt>
      <trkpt lat="44.822397996" lon="6.733061999">
        <ele>2291.76</ele>
      </trkpt>
      <trkpt lat="44.822426997" lon="6.733078998">
        <ele>2289.95</ele>
      </trkpt>
      <trkpt lat="44.822457999" lon="6.733099992">
        <ele>2289.79</ele>
      </trkpt>
      <trkpt lat="44.822566004" lon="6.733140999">
        <ele>2288.94</ele>
      </trkpt>
      <trkpt lat="44.822694994" lon="6.733198004">
        <ele>2287.93</ele>
      </trkpt>
      <trkpt lat="44.822797004" lon="6.733265006">
        <ele>2287.85</ele>
      </trkpt>
      <trkpt lat="44.822861002" lon="6.733342006">
        <ele>2288.3</ele>
      </trkpt>
      <trkpt lat="44.822888001" lon="6.733412">
        <ele>2288.55</ele>
      </trkpt>
      <trkpt lat="44.822898001" lon="6.733496998">
        <ele>2289.36</ele>
      </trkpt>
      <trkpt lat="44.822889997" lon="6.733572998">
        <ele>2290.62</ele>
      </trkpt>
      <trkpt lat="44.822869002" lon="6.733640004">
        <ele>2291.27</ele>
      </trkpt>
      <trkpt lat="44.822821998" lon="6.733716007">
        <ele>2291.84</ele>
      </trkpt>
      <trkpt lat="44.822763002" lon="6.733779004">
        <ele>2292.66</ele>
      </trkpt>
      <trkpt lat="44.822698003" lon="6.733822998">
        <ele>2293.43</ele>
      </trkpt>
      <trkpt lat="44.822626999" lon="6.733847">
        <ele>2294.06</ele>
      </trkpt>
      <trkpt lat="44.822560996" lon="6.733858999">
        <ele>2294.5</ele>
      </trkpt>
      <trkpt lat="44.822501997" lon="6.733860003">
        <ele>2294.9</ele>
      </trkpt>
      <trkpt lat="44.822427999" lon="6.733853006">
        <ele>2295.71</ele>
      </trkpt>
      <trkpt lat="44.822367" lon="6.733838995">
        <ele>2297.49</ele>
      </trkpt>
      <trkpt lat="44.822304002" lon="6.733825992">
        <ele>2299.19</ele>
      </trkpt>
      <trkpt lat="44.822247995" lon="6.733788999">
        <ele>2300.78</ele>
      </trkpt>
      <trkpt lat="44.822205003" lon="6.733763002">
        <ele>2303.9</ele>
      </trkpt>
      <trkpt lat="44.822154001" lon="6.733722998">
        <ele>2305.46</ele>
      </trkpt>
      <trkpt lat="44.822083006" lon="6.733598992">
        <ele>2306.97</ele>
      </trkpt>
      <trkpt lat="44.822036999" lon="6.733468997">
        <ele>2307.6</ele>
      </trkpt>
      <trkpt lat="44.822009" lon="6.733320001">
        <ele>2307.63</ele>
      </trkpt>
      <trkpt lat="44.821999999" lon="6.733151003">
        <ele>2307.38</ele>
      </trkpt>
      <trkpt lat="44.821986004" lon="6.733027">
        <ele>2307.99</ele>
      </trkpt>
      <trkpt lat="44.821945999" lon="6.732941997">
        <ele>2307.85</ele>
      </trkpt>
      <trkpt lat="44.821890999" lon="6.732923004">
        <ele>2307.44</ele>
      </trkpt>
      <trkpt lat="44.821844002" lon="6.732944994">
        <ele>2310.18</ele>
      </trkpt>
      <trkpt lat="44.821808997" lon="6.733003">
        <ele>2312.55</ele>
      </trkpt>
      <trkpt lat="44.821797006" lon="6.733081001">
        <ele>2313.6</ele>
      </trkpt>
      <trkpt lat="44.821804996" lon="6.733180998">
        <ele>2312.93</ele>
      </trkpt>
      <trkpt lat="44.821835001" lon="6.733320996">
        <ele>2314.31</ele>
      </trkpt>
      <trkpt lat="44.821865002" lon="6.733470999">
        <ele>2314.12</ele>
      </trkpt>
      <trkpt lat="44.821879996" lon="6.733601996">
        <ele>2311.76</ele>
      </trkpt>
      <trkpt lat="44.821879995" lon="6.733742001">
        <ele>2311.77</ele>
      </trkpt>
      <trkpt lat="44.821869994" lon="6.733879998">
        <ele>2314.16</ele>
      </trkpt>
      <trkpt lat="44.821832003" lon="6.734108002">
        <ele>2316.77</ele>
      </trkpt>
      <trkpt lat="44.821795998" lon="6.734292002">
        <ele>2319.19</ele>
      </trkpt>
      <trkpt lat="44.821779997" lon="6.734465998">
        <ele>2321.07</ele>
      </trkpt>
      <trkpt lat="44.821778003" lon="6.734582998">
        <ele>2321.6</ele>
      </trkpt>
      <trkpt lat="44.821794999" lon="6.734676996">
        <ele>2321.33</ele>
      </trkpt>
      <trkpt lat="44.821818996" lon="6.734751007">
        <ele>2320.18</ele>
      </trkpt>
      <trkpt lat="44.821844996" lon="6.734818008">
        <ele>2318.53</ele>
      </trkpt>
      <trkpt lat="44.821935999" lon="6.734975996">
        <ele>2318.28</ele>
      </trkpt>
      <trkpt lat="44.822099998" lon="6.735217004">
        <ele>2320.29</ele>
      </trkpt>
      <trkpt lat="44.822244999" lon="6.735440007">
        <ele>2321.84</ele>
      </trkpt>
      <trkpt lat="44.822370001" lon="6.735605995">
        <ele>2322.75</ele>
      </trkpt>
      <trkpt lat="44.822437999" lon="6.735668003">
        <ele>2323.19</ele>
      </trkpt>
      <trkpt lat="44.822520001" lon="6.735716999">
        <ele>2323.97</ele>
      </trkpt>
      <trkpt lat="44.822572996" lon="6.735788001">
        <ele>2324.09</ele>
      </trkpt>
      <trkpt lat="44.822609999" lon="6.735893008">
        <ele>2324.79</ele>
      </trkpt>
      <trkpt lat="44.822612001" lon="6.735966">
        <ele>2326.23</ele>
      </trkpt>
      <trkpt lat="44.822586996" lon="6.736053001">
        <ele>2328.23</ele>
      </trkpt>
      <trkpt lat="44.822542" lon="6.736105998">
        <ele>2330.66</ele>
      </trkpt>
      <trkpt lat="44.822490005" lon="6.736142001">
        <ele>2331.26</ele>
      </trkpt>
      <trkpt lat="44.822427999" lon="6.736147995">
        <ele>2332.21</ele>
      </trkpt>
      <trkpt lat="44.822338005" lon="6.736127">
        <ele>2332.79</ele>
      </trkpt>
      <trkpt lat="44.822199001" lon="6.736080999">
        <ele>2333.39</ele>
      </trkpt>
      <trkpt lat="44.821982999" lon="6.735998">
        <ele>2333.03</ele>
      </trkpt>
      <trkpt lat="44.821900999" lon="6.735960998">
        <ele>2333.4</ele>
      </trkpt>
      <trkpt lat="44.821782006" lon="6.735907996">
        <ele>2333.95</ele>
      </trkpt>
      <trkpt lat="44.821589005" lon="6.735817005">
        <ele>2335.42</ele>
      </trkpt>
      <trkpt lat="44.821393996" lon="6.735719004">
        <ele>2336.66</ele>
      </trkpt>
      <trkpt lat="44.821196001" lon="6.735619994">
        <ele>2338.49</ele>
      </trkpt>
      <trkpt lat="44.821094998" lon="6.735558996">
        <ele>2341.72</ele>
      </trkpt>
      <trkpt lat="44.821020997" lon="6.735500998">
        <ele>2343.99</ele>
      </trkpt>
      <trkpt lat="44.820960003" lon="6.735427997">
        <ele>2345.08</ele>
      </trkpt>
      <trkpt lat="44.820924003" lon="6.735359001">
        <ele>2345.62</ele>
      </trkpt>
      <trkpt lat="44.820882" lon="6.735228996">
        <ele>2347.88</ele>
      </trkpt>
      <trkpt lat="44.820861002" lon="6.735089003">
        <ele>2348.26</ele>
      </trkpt>
      <trkpt lat="44.820860999" lon="6.734995997">
        <ele>2348.6</ele>
      </trkpt>
      <trkpt lat="44.820874001" lon="6.734898993">
        <ele>2351.13</ele>
      </trkpt>
      <trkpt lat="44.820904001" lon="6.734794001">
        <ele>2351.45</ele>
      </trkpt>
      <trkpt lat="44.820963998" lon="6.734628">
        <ele>2349.88</ele>
      </trkpt>
      <trkpt lat="44.821043002" lon="6.734450003">
        <ele>2348.29</ele>
      </trkpt>
      <trkpt lat="44.821061997" lon="6.734378991">
        <ele>2346.61</ele>
      </trkpt>
      <trkpt lat="44.821064" lon="6.734304">
        <ele>2345.25</ele>
      </trkpt>
      <trkpt lat="44.821046004" lon="6.734237">
        <ele>2350.65</ele>
      </trkpt>
      <trkpt lat="44.821003005" lon="6.734192995">
        <ele>2355.88</ele>
      </trkpt>
      <trkpt lat="44.820952001" lon="6.734193998">
        <ele>2357.59</ele>
      </trkpt>
      <trkpt lat="44.820899998" lon="6.734226">
        <ele>2359.97</ele>
      </trkpt>
      <trkpt lat="44.820863003" lon="6.734293003">
        <ele>2360.5</ele>
      </trkpt>
      <trkpt lat="44.820812001" lon="6.734424003">
        <ele>2354.79</ele>
      </trkpt>
      <trkpt lat="44.820772997" lon="6.734528991">
        <ele>2351.9</ele>
      </trkpt>
      <trkpt lat="44.820696004" lon="6.734680995">
        <ele>2352.88</ele>
      </trkpt>
      <trkpt lat="44.820601002" lon="6.734852">
        <ele>2353.51</ele>
      </trkpt>
      <trkpt lat="44.820527006" lon="6.734964006">
        <ele>2355.01</ele>
      </trkpt>
      <trkpt lat="44.820465997" lon="6.735022003">
        <ele>2357.6</ele>
      </trkpt>
      <trkpt lat="44.820406001" lon="6.735055004">
        <ele>2357.85</ele>
      </trkpt>
      <trkpt lat="44.820326002" lon="6.735067996">
        <ele>2359.18</ele>
      </trkpt>
      <trkpt lat="44.820235006" lon="6.735068997">
        <ele>2360.49</ele>
      </trkpt>
      <trkpt lat="44.820111994" lon="6.735051001">
        <ele>2360.63</ele>
      </trkpt>
      <trkpt lat="44.820069998" lon="6.735046005">
        <ele>2361.72</ele>
      </trkpt>
      <trkpt lat="44.820041461" lon="6.735040953">
        <ele>2362.63</ele>
      </trkpt>
      <trkpt lat="44.819923002" lon="6.735020005">
        <ele>2362.4</ele>
      </trkpt>
      <trkpt lat="44.819763003" lon="6.734988">
        <ele>2362.18</ele>
      </trkpt>
      <trkpt lat="44.819732001" lon="6.734982">
        <ele>2361.98</ele>
      </trkpt>
      <trkpt lat="44.819724001" lon="6.734979999">
        <ele>2361.85</ele>
      </trkpt>
      <trkpt lat="44.81968" lon="6.734972994">
        <ele>2361.79</ele>
      </trkpt>
      <trkpt lat="44.819628003" lon="6.734966003">
        <ele>2361.33</ele>
      </trkpt>
      <trkpt lat="44.819609002" lon="6.734962004">
        <ele>2360.87</ele>
      </trkpt>
      <trkpt lat="44.819550003" lon="6.734955003">
        <ele>2359.64</ele>
      </trkpt>
      <trkpt lat="44.819395" lon="6.734928003">
        <ele>2358.44</ele>
      </trkpt>
      <trkpt lat="44.819280001" lon="6.734909996">
        <ele>2357.32</ele>
      </trkpt>
      <trkpt lat="44.819219999" lon="6.734902003">
        <ele>2355.58</ele>
      </trkpt>
      <trkpt lat="44.819039004" lon="6.734857002">
        <ele>2354.04</ele>
      </trkpt>
      <trkpt lat="44.818918998" lon="6.734813994">
        <ele>2353.51</ele>
      </trkpt>
      <trkpt lat="44.818845999" lon="6.734753001">
        <ele>2351.63</ele>
      </trkpt>
      <trkpt lat="44.818808003" lon="6.734686003">
        <ele>2349.89</ele>
      </trkpt>
      <trkpt lat="44.818798" lon="6.734621994">
        <ele>2349.38</ele>
      </trkpt>
      <trkpt lat="44.818803995" lon="6.734557997">
        <ele>2348.98</ele>
      </trkpt>
      <trkpt lat="44.818835002" lon="6.734490004">
        <ele>2345.02</ele>
      </trkpt>
      <trkpt lat="44.818919998" lon="6.734348997">
        <ele>2345.89</ele>
      </trkpt>
      <trkpt lat="44.818992" lon="6.734224995">
        <ele>2346.3</ele>
      </trkpt>
      <trkpt lat="44.819076002" lon="6.734091">
        <ele>2346.51</ele>
      </trkpt>
      <trkpt lat="44.819136999" lon="6.733989998">
        <ele>2346.47</ele>
      </trkpt>
      <trkpt lat="44.819163001" lon="6.733920999">
        <ele>2347.44</ele>
      </trkpt>
      <trkpt lat="44.819188997" lon="6.733818999">
        <ele>2345.44</ele>
      </trkpt>
      <trkpt lat="44.819198" lon="6.733692997">
        <ele>2344.22</ele>
      </trkpt>
      <trkpt lat="44.819198999" lon="6.733556004">
        <ele>2340.53</ele>
      </trkpt>
      <trkpt lat="44.819201002" lon="6.733404994">
        <ele>2337.12</ele>
      </trkpt>
      <trkpt lat="44.819209003" lon="6.733305001">
        <ele>2336.65</ele>
      </trkpt>
      <trkpt lat="44.819226997" lon="6.733208002">
        <ele>2336.27</ele>
      </trkpt>
      <trkpt lat="44.819277004" lon="6.733023003">
        <ele>2335.94</ele>
      </trkpt>
      <trkpt lat="44.819327001" lon="6.732874994">
        <ele>2338.65</ele>
      </trkpt>
      <trkpt lat="44.819389998" lon="6.732725">
        <ele>2338.14</ele>
      </trkpt>
      <trkpt lat="44.819468996" lon="6.732560998">
        <ele>2337.39</ele>
      </trkpt>
      <trkpt lat="44.819541001" lon="6.732424">
        <ele>2336.43</ele>
      </trkpt>
      <trkpt lat="44.819567" lon="6.732305003">
        <ele>2335.33</ele>
      </trkpt>
      <trkpt lat="44.819563002" lon="6.732216002">
        <ele>2331.91</ele>
      </trkpt>
      <trkpt lat="44.819535001" lon="6.732137993">
        <ele>2331.4</ele>
      </trkpt>
      <trkpt lat="44.819493005" lon="6.732098996">
        <ele>2330.34</ele>
      </trkpt>
      <trkpt lat="44.819443998" lon="6.732091003">
        <ele>2331.26</ele>
      </trkpt>
      <trkpt lat="44.819401999" lon="6.732130002">
        <ele>2331.24</ele>
      </trkpt>
      <trkpt lat="44.819375003" lon="6.732209004">
        <ele>2329.79</ele>
      </trkpt>
      <trkpt lat="44.819343999" lon="6.732338001">
        <ele>2330.59</ele>
      </trkpt>
      <trkpt lat="44.819301001" lon="6.732472001">
        <ele>2331.19</ele>
      </trkpt>
      <trkpt lat="44.819233" lon="6.73261">
        <ele>2329.04</ele>
      </trkpt>
      <trkpt lat="44.819143999" lon="6.732751997">
        <ele>2327.21</ele>
      </trkpt>
      <trkpt lat="44.819039" lon="6.732905999">
        <ele>2328.55</ele>
      </trkpt>
      <trkpt lat="44.818940995" lon="6.733049006">
        <ele>2323.87</ele>
      </trkpt>
      <trkpt lat="44.818854001" lon="6.733171">
        <ele>2323.17</ele>
      </trkpt>
      <trkpt lat="44.818733994" lon="6.733343999">
        <ele>2322.86</ele>
      </trkpt>
      <trkpt lat="44.818600996" lon="6.733512005">
        <ele>2319.73</ele>
      </trkpt>
      <trkpt lat="44.818486999" lon="6.733631">
        <ele>2320.7</ele>
      </trkpt>
      <trkpt lat="44.81838" lon="6.733733008">
        <ele>2322.05</ele>
      </trkpt>
      <trkpt lat="44.818268003" lon="6.733820995">
        <ele>2320.29</ele>
      </trkpt>
      <trkpt lat="44.818115997" lon="6.733933003">
        <ele>2318.62</ele>
      </trkpt>
      <trkpt lat="44.818003002" lon="6.734030003">
        <ele>2315.57</ele>
      </trkpt>
      <trkpt lat="44.817955995" lon="6.734090005">
        <ele>2311.92</ele>
      </trkpt>
      <trkpt lat="44.817898005" lon="6.734200994">
        <ele>2311</ele>
      </trkpt>
      <trkpt lat="44.817854004" lon="6.734312002">
        <ele>2309.18</ele>
      </trkpt>
      <trkpt lat="44.817810001" lon="6.734411004">
        <ele>2307.13</ele>
      </trkpt>
      <trkpt lat="44.817767" lon="6.734469005">
        <ele>2309.56</ele>
      </trkpt>
      <trkpt lat="44.817712999" lon="6.734487006">
        <ele>2308.83</ele>
      </trkpt>
      <trkpt lat="44.817670003" lon="6.734467">
        <ele>2309.22</ele>
      </trkpt>
      <trkpt lat="44.817648001" lon="6.734425002">
        <ele>2310.64</ele>
      </trkpt>
      <trkpt lat="44.817642" lon="6.734356993">
        <ele>2309.68</ele>
      </trkpt>
      <trkpt lat="44.817664997" lon="6.734270992">
        <ele>2308.96</ele>
      </trkpt>
      <trkpt lat="44.817720997" lon="6.734156996">
        <ele>2308.09</ele>
      </trkpt>
      <trkpt lat="44.817822996" lon="6.733964999">
        <ele>2306.83</ele>
      </trkpt>
      <trkpt lat="44.817896997" lon="6.733829">
        <ele>2305.16</ele>
      </trkpt>
      <trkpt lat="44.817968004" lon="6.733715001">
        <ele>2306.26</ele>
      </trkpt>
      <trkpt lat="44.818048996" lon="6.733574008">
        <ele>2307.59</ele>
      </trkpt>
      <trkpt lat="44.818111004" lon="6.733446999">
        <ele>2306.05</ele>
      </trkpt>
      <trkpt lat="44.818248003" lon="6.733126993">
        <ele>2304.86</ele>
      </trkpt>
      <trkpt lat="44.818318" lon="6.732963993">
        <ele>2303.78</ele>
      </trkpt>
      <trkpt lat="44.818348001" lon="6.732822002">
        <ele>2302.74</ele>
      </trkpt>
      <trkpt lat="44.818340998" lon="6.732739008">
        <ele>2301.24</ele>
      </trkpt>
      <trkpt lat="44.818304002" lon="6.732679994">
        <ele>2302.49</ele>
      </trkpt>
      <trkpt lat="44.818251998" lon="6.732670003">
        <ele>2301.05</ele>
      </trkpt>
      <trkpt lat="44.818203998" lon="6.732686998">
        <ele>2299.04</ele>
      </trkpt>
      <trkpt lat="44.818160995" lon="6.732735997">
        <ele>2299.16</ele>
      </trkpt>
      <trkpt lat="44.818111003" lon="6.732829006">
        <ele>2299.06</ele>
      </trkpt>
      <trkpt lat="44.818010998" lon="6.733016997">
        <ele>2295.78</ele>
      </trkpt>
      <trkpt lat="44.817921" lon="6.733161001">
        <ele>2297.68</ele>
      </trkpt>
      <trkpt lat="44.817832002" lon="6.733286">
        <ele>2296.87</ele>
      </trkpt>
      <trkpt lat="44.817697002" lon="6.733450009">
        <ele>2293.28</ele>
      </trkpt>
      <trkpt lat="44.817524997" lon="6.733637997">
        <ele>2289.38</ele>
      </trkpt>
      <trkpt lat="44.817351002" lon="6.733846">
        <ele>2288.37</ele>
      </trkpt>
      <trkpt lat="44.817217001" lon="6.734016999">
        <ele>2284.23</ele>
      </trkpt>
      <trkpt lat="44.817110004" lon="6.734157995">
        <ele>2283.29</ele>
      </trkpt>
      <trkpt lat="44.817013002" lon="6.734306">
        <ele>2283.06</ele>
      </trkpt>
      <trkpt lat="44.816908002" lon="6.734453003">
        <ele>2281.85</ele>
      </trkpt>
      <trkpt lat="44.816835999" lon="6.734530995">
        <ele>2281.33</ele>
      </trkpt>
      <trkpt lat="44.816764995" lon="6.734582005">
        <ele>2281.32</ele>
      </trkpt>
      <trkpt lat="44.816698997" lon="6.734599992">
        <ele>2279.79</ele>
      </trkpt>
      <trkpt lat="44.816647002" lon="6.734601005">
        <ele>2278.41</ele>
      </trkpt>
      <trkpt lat="44.816508001" lon="6.734544996">
        <ele>2278.71</ele>
      </trkpt>
      <trkpt lat="44.816387001" lon="6.734496998">
        <ele>2278.78</ele>
      </trkpt>
      <trkpt lat="44.816317002" lon="6.734484999">
        <ele>2275.5</ele>
      </trkpt>
      <trkpt lat="44.816253996" lon="6.734494992">
        <ele>2273.39</ele>
      </trkpt>
      <trkpt lat="44.816193999" lon="6.734524002">
        <ele>2273.86</ele>
      </trkpt>
      <trkpt lat="44.816111995" lon="6.734587994">
        <ele>2274.06</ele>
      </trkpt>
      <trkpt lat="44.816047001" lon="6.734665007">
        <ele>2271.24</ele>
      </trkpt>
      <trkpt lat="44.815974002" lon="6.734764002">
        <ele>2271.63</ele>
      </trkpt>
      <trkpt lat="44.815904997" lon="6.734841002">
        <ele>2272.31</ele>
      </trkpt>
      <trkpt lat="44.815833999" lon="6.734902001">
        <ele>2265.77</ele>
      </trkpt>
      <trkpt lat="44.815733004" lon="6.734969997">
        <ele>2262.2</ele>
      </trkpt>
      <trkpt lat="44.815643006" lon="6.735035">
        <ele>2260.69</ele>
      </trkpt>
      <trkpt lat="44.815591002" lon="6.735105">
        <ele>2258.29</ele>
      </trkpt>
      <trkpt lat="44.815561001" lon="6.735176007">
        <ele>2254.23</ele>
      </trkpt>
      <trkpt lat="44.81556" lon="6.735248005">
        <ele>2255.12</ele>
      </trkpt>
      <trkpt lat="44.815589002" lon="6.735418997">
        <ele>2254.09</ele>
      </trkpt>
      <trkpt lat="44.815644006" lon="6.735688997">
        <ele>2253.36</ele>
      </trkpt>
      <trkpt lat="44.815678997" lon="6.735903999">
        <ele>2253.05</ele>
      </trkpt>
      <trkpt lat="44.815684006" lon="6.736037003">
        <ele>2254.06</ele>
      </trkpt>
      <trkpt lat="44.815681995" lon="6.736117001">
        <ele>2254.43</ele>
      </trkpt>
      <trkpt lat="44.815661002" lon="6.736209007">
        <ele>2258.7</ele>
      </trkpt>
      <trkpt lat="44.815604004" lon="6.736275">
        <ele>2264.64</ele>
      </trkpt>
      <trkpt lat="44.815542005" lon="6.736319008">
        <ele>2266.27</ele>
      </trkpt>
      <trkpt lat="44.815475996" lon="6.736336004">
        <ele>2266.78</ele>
      </trkpt>
      <trkpt lat="44.815396998" lon="6.736338005">
        <ele>2265.75</ele>
      </trkpt>
      <trkpt lat="44.815199997" lon="6.736315997">
        <ele>2260.95</ele>
      </trkpt>
      <trkpt lat="44.814997995" lon="6.736294999">
        <ele>2257.66</ele>
      </trkpt>
      <trkpt lat="44.814871996" lon="6.736302002">
        <ele>2260.97</ele>
      </trkpt>
      <trkpt lat="44.814749002" lon="6.736326008">
        <ele>2260.88</ele>
      </trkpt>
      <trkpt lat="44.814662001" lon="6.736328008">
        <ele>2260.14</ele>
      </trkpt>
      <trkpt lat="44.814601" lon="6.736312997">
        <ele>2258.93</ele>
      </trkpt>
      <trkpt lat="44.814525997" lon="6.736272994">
        <ele>2255.83</ele>
      </trkpt>
      <trkpt lat="44.814432001" lon="6.736221004">
        <ele>2249.35</ele>
      </trkpt>
      <trkpt lat="44.814334002" lon="6.736188007">
        <ele>2248.39</ele>
      </trkpt>
      <trkpt lat="44.814248" lon="6.736170003">
        <ele>2249.97</ele>
      </trkpt>
      <trkpt lat="44.814136999" lon="6.736169">
        <ele>2251.18</ele>
      </trkpt>
      <trkpt lat="44.814012" lon="6.736171993">
        <ele>2251.8</ele>
      </trkpt>
      <trkpt lat="44.813945002" lon="6.736151999">
        <ele>2253.8</ele>
      </trkpt>
      <trkpt lat="44.813888001" lon="6.736112992">
        <ele>2254.77</ele>
      </trkpt>
      <trkpt lat="44.813830004" lon="6.736041997">
        <ele>2255.1</ele>
      </trkpt>
      <trkpt lat="44.813795998" lon="6.735962">
        <ele>2254.24</ele>
      </trkpt>
      <trkpt lat="44.813755999" lon="6.735843996">
        <ele>2253.23</ele>
      </trkpt>
      <trkpt lat="44.813711003" lon="6.735662992">
        <ele>2251.57</ele>
      </trkpt>
      <trkpt lat="44.813660996" lon="6.735456002">
        <ele>2249.03</ele>
      </trkpt>
      <trkpt lat="44.813624004" lon="6.735328993">
        <ele>2245.01</ele>
      </trkpt>
      <trkpt lat="44.813534998" lon="6.735095996">
        <ele>2240.2</ele>
      </trkpt>
      <trkpt lat="44.813433998" lon="6.734830002">
        <ele>2235.96</ele>
      </trkpt>
      <trkpt lat="44.813328004" lon="6.734621">
        <ele>2230.12</ele>
      </trkpt>
      <trkpt lat="44.81325" lon="6.734512994">
        <ele>2225.95</ele>
      </trkpt>
      <trkpt lat="44.813185" lon="6.734464999">
        <ele>2223.92</ele>
      </trkpt>
      <trkpt lat="44.813101004" lon="6.734442003">
        <ele>2223.88</ele>
      </trkpt>
      <trkpt lat="44.813007" lon="6.734459001">
        <ele>2219.8</ele>
      </trkpt>
      <trkpt lat="44.812930004" lon="6.734498998">
        <ele>2223.47</ele>
      </trkpt>
      <trkpt lat="44.812849999" lon="6.734573995">
        <ele>2227.25</ele>
      </trkpt>
      <trkpt lat="44.812769005" lon="6.734657993">
        <ele>2225.49</ele>
      </trkpt>
      <trkpt lat="44.812715" lon="6.734701">
        <ele>2225.39</ele>
      </trkpt>
      <trkpt lat="44.812626996" lon="6.734739998">
        <ele>2224.06</ele>
      </trkpt>
      <trkpt lat="44.812477001" lon="6.734829993">
        <ele>2218.59</ele>
      </trkpt>
      <trkpt lat="44.812334003" lon="6.734916995">
        <ele>2214.3</ele>
      </trkpt>
      <trkpt lat="44.812249002" lon="6.734949">
        <ele>2207.65</ele>
      </trkpt>
      <trkpt lat="44.812137001" lon="6.734978995">
        <ele>2207.58</ele>
      </trkpt>
      <trkpt lat="44.812042004" lon="6.735025998">
        <ele>2211.91</ele>
      </trkpt>
      <trkpt lat="44.811941001" lon="6.735099002">
        <ele>2210.43</ele>
      </trkpt>
      <trkpt lat="44.811859996" lon="6.735204991">
        <ele>2207.19</ele>
      </trkpt>
      <trkpt lat="44.811794004" lon="6.735282995">
        <ele>2211.58</ele>
      </trkpt>
      <trkpt lat="44.811725002" lon="6.735319001">
        <ele>2207.42</ele>
      </trkpt>
      <trkpt lat="44.811640998" lon="6.735341993">
        <ele>2203.39</ele>
      </trkpt>
      <trkpt lat="44.811587004" lon="6.735367005">
        <ele>2202.99</ele>
      </trkpt>
      <trkpt lat="44.811531996" lon="6.735412995">
        <ele>2201.39</ele>
      </trkpt>
      <trkpt lat="44.811499998" lon="6.735497007">
        <ele>2198.14</ele>
      </trkpt>
      <trkpt lat="44.811482004" lon="6.735598994">
        <ele>2193.9</ele>
      </trkpt>
      <trkpt lat="44.811482001" lon="6.735755003">
        <ele>2190.9</ele>
      </trkpt>
      <trkpt lat="44.811487996" lon="6.735859002">
        <ele>2190.28</ele>
      </trkpt>
      <trkpt lat="44.811504996" lon="6.735958998">
        <ele>2189.45</ele>
      </trkpt>
      <trkpt lat="44.811542002" lon="6.736068999">
        <ele>2192.74</ele>
      </trkpt>
      <trkpt lat="44.811629996" lon="6.736259997">
        <ele>2196.11</ele>
      </trkpt>
      <trkpt lat="44.811675" lon="6.736383003">
        <ele>2197.75</ele>
      </trkpt>
      <trkpt lat="44.811695002" lon="6.736476007">
        <ele>2197.4</ele>
      </trkpt>
      <trkpt lat="44.811693999" lon="6.736552002">
        <ele>2198.09</ele>
      </trkpt>
      <trkpt lat="44.811683005" lon="6.736617999">
        <ele>2200.69</ele>
      </trkpt>
      <trkpt lat="44.811648" lon="6.736676993">
        <ele>2199.51</ele>
      </trkpt>
      <trkpt lat="44.811567997" lon="6.736745997">
        <ele>2198.61</ele>
      </trkpt>
      <trkpt lat="44.811473998" lon="6.736808005">
        <ele>2197.89</ele>
      </trkpt>
      <trkpt lat="44.811379003" lon="6.736887001">
        <ele>2196.86</ele>
      </trkpt>
      <trkpt lat="44.811336999" lon="6.736947998">
        <ele>2192.68</ele>
      </trkpt>
      <trkpt lat="44.811305002" lon="6.737056004">
        <ele>2192.65</ele>
      </trkpt>
      <trkpt lat="44.811273" lon="6.737239006">
        <ele>2192.62</ele>
      </trkpt>
      <trkpt lat="44.811269002" lon="6.737367994">
        <ele>2190.47</ele>
      </trkpt>
      <trkpt lat="44.811263002" lon="6.737458001">
        <ele>2191.35</ele>
      </trkpt>
      <trkpt lat="44.811238996" lon="6.737557004">
        <ele>2191.31</ele>
      </trkpt>
      <trkpt lat="44.811174996" lon="6.737681999">
        <ele>2188.67</ele>
      </trkpt>
      <trkpt lat="44.811087001" lon="6.737795001">
        <ele>2188.13</ele>
      </trkpt>
      <trkpt lat="44.810895" lon="6.737945993">
        <ele>2191.44</ele>
      </trkpt>
      <trkpt lat="44.810682999" lon="6.738104998">
        <ele>2189.93</ele>
      </trkpt>
      <trkpt lat="44.810526001" lon="6.738203999">
        <ele>2187.54</ele>
      </trkpt>
      <trkpt lat="44.810376997" lon="6.738268002">
        <ele>2194.36</ele>
      </trkpt>
      <trkpt lat="44.810097004" lon="6.738374997">
        <ele>2196.84</ele>
      </trkpt>
      <trkpt lat="44.809879002" lon="6.738442003">
        <ele>2199.52</ele>
      </trkpt>
      <trkpt lat="44.809717995" lon="6.738471994">
        <ele>2201.97</ele>
      </trkpt>
      <trkpt lat="44.809621001" lon="6.738456004">
        <ele>2204.13</ele>
      </trkpt>
      <trkpt lat="44.809519999" lon="6.738414006">
        <ele>2200.89</ele>
      </trkpt>
      <trkpt lat="44.809328998" lon="6.738285997">
        <ele>2199.91</ele>
      </trkpt>
      <trkpt lat="44.809217002" lon="6.738191001">
        <ele>2198.09</ele>
      </trkpt>
      <trkpt lat="44.809133996" lon="6.738088996">
        <ele>2199.62</ele>
      </trkpt>
      <trkpt lat="44.809072" lon="6.737976006">
        <ele>2202.55</ele>
      </trkpt>
      <trkpt lat="44.808963997" lon="6.737757004">
        <ele>2205.22</ele>
      </trkpt>
      <trkpt lat="44.808832995" lon="6.737501008">
        <ele>2208.11</ele>
      </trkpt>
      <trkpt lat="44.808743994" lon="6.737314002">
        <ele>2210.16</ele>
      </trkpt>
      <trkpt lat="44.808689002" lon="6.737223992">
        <ele>2211.48</ele>
      </trkpt>
      <trkpt lat="44.808632996" lon="6.737183003">
        <ele>2212.94</ele>
      </trkpt>
      <trkpt lat="44.808565003" lon="6.737164994">
        <ele>2214.8</ele>
      </trkpt>
      <trkpt lat="44.808411997" lon="6.737158993">
        <ele>2216.55</ele>
      </trkpt>
      <trkpt lat="44.808277003" lon="6.737174004">
        <ele>2219.16</ele>
      </trkpt>
      <trkpt lat="44.808158003" lon="6.737201994">
        <ele>2222.11</ele>
      </trkpt>
      <trkpt lat="44.808054005" lon="6.737201">
        <ele>2223.85</ele>
      </trkpt>
      <trkpt lat="44.807994996" lon="6.737181995">
        <ele>2224.88</ele>
      </trkpt>
      <trkpt lat="44.807912994" lon="6.737120994">
        <ele>2226.03</ele>
      </trkpt>
      <trkpt lat="44.807822998" lon="6.737006005">
        <ele>2225.78</ele>
      </trkpt>
      <trkpt lat="44.807712003" lon="6.736834">
        <ele>2224.34</ele>
      </trkpt>
      <trkpt lat="44.807653006" lon="6.736669999">
        <ele>2222.92</ele>
      </trkpt>
      <trkpt lat="44.807611003" lon="6.736484998">
        <ele>2220.59</ele>
      </trkpt>
      <trkpt lat="44.807597001" lon="6.736328992">
        <ele>2218.47</ele>
      </trkpt>
      <trkpt lat="44.807555997" lon="6.736190005">
        <ele>2217.08</ele>
      </trkpt>
      <trkpt lat="44.807514005" lon="6.736116993">
        <ele>2216.71</ele>
      </trkpt>
      <trkpt lat="44.807458998" lon="6.736078997">
        <ele>2215.61</ele>
      </trkpt>
      <trkpt lat="44.807384" lon="6.736049003">
        <ele>2215.89</ele>
      </trkpt>
      <trkpt lat="44.807318996" lon="6.736048997">
        <ele>2214.43</ele>
      </trkpt>
      <trkpt lat="44.807215999" lon="6.736075002">
        <ele>2213.07</ele>
      </trkpt>
      <trkpt lat="44.807029" lon="6.736148001">
        <ele>2209.99</ele>
      </trkpt>
      <trkpt lat="44.806966001" lon="6.736172994">
        <ele>2210.36</ele>
      </trkpt>
      <trkpt lat="44.806655001" lon="6.736289996">
        <ele>2207.83</ele>
      </trkpt>
      <trkpt lat="44.806371001" lon="6.736412997">
        <ele>2204.72</ele>
      </trkpt>
      <trkpt lat="44.806130003" lon="6.736513003">
        <ele>2203.32</ele>
      </trkpt>
      <trkpt lat="44.805893996" lon="6.736603996">
        <ele>2200.32</ele>
      </trkpt>
      <trkpt lat="44.805742002" lon="6.736661">
        <ele>2195.71</ele>
      </trkpt>
      <trkpt lat="44.805641001" lon="6.736676995">
        <ele>2195.44</ele>
      </trkpt>
      <trkpt lat="44.805587002" lon="6.736676999">
        <ele>2193.8</ele>
      </trkpt>
      <trkpt lat="44.805453998" lon="6.736655997">
        <ele>2191.63</ele>
      </trkpt>
      <trkpt lat="44.805355001" lon="6.736638991">
        <ele>2188.96</ele>
      </trkpt>
      <trkpt lat="44.805261996" lon="6.736643997">
        <ele>2187.37</ele>
      </trkpt>
      <trkpt lat="44.805100995" lon="6.736661001">
        <ele>2185.98</ele>
      </trkpt>
      <trkpt lat="44.804970997" lon="6.736691994">
        <ele>2189.79</ele>
      </trkpt>
      <trkpt lat="44.804792003" lon="6.736770002">
        <ele>2188.19</ele>
      </trkpt>
      <trkpt lat="44.804635003" lon="6.736844004">
        <ele>2191.59</ele>
      </trkpt>
      <trkpt lat="44.804506998" lon="6.736921998">
        <ele>2194.12</ele>
      </trkpt>
      <trkpt lat="44.804358003" lon="6.737032006">
        <ele>2191.81</ele>
      </trkpt>
      <trkpt lat="44.804176004" lon="6.737185003">
        <ele>2188.42</ele>
      </trkpt>
      <trkpt lat="44.803993005" lon="6.737312003">
        <ele>2187.06</ele>
      </trkpt>
      <trkpt lat="44.803840004" lon="6.737415995">
        <ele>2188.29</ele>
      </trkpt>
      <trkpt lat="44.803708003" lon="6.737516003">
        <ele>2189.02</ele>
      </trkpt>
      <trkpt lat="44.803610006" lon="6.737576">
        <ele>2188.72</ele>
      </trkpt>
      <trkpt lat="44.803571997" lon="6.737580004">
        <ele>2188.05</ele>
      </trkpt>
      <trkpt lat="44.803542006" lon="6.737558993">
        <ele>2189.42</ele>
      </trkpt>
      <trkpt lat="44.803514999" lon="6.737519">
        <ele>2186.72</ele>
      </trkpt>
      <trkpt lat="44.803501" lon="6.737471997">
        <ele>2183.18</ele>
      </trkpt>
      <trkpt lat="44.803516997" lon="6.737417002">
        <ele>2182.74</ele>
      </trkpt>
      <trkpt lat="44.803571003" lon="6.737343">
        <ele>2181.58</ele>
      </trkpt>
      <trkpt lat="44.803655994" lon="6.737282998">
        <ele>2179.59</ele>
      </trkpt>
      <trkpt lat="44.803746997" lon="6.737208001">
        <ele>2176.71</ele>
      </trkpt>
      <trkpt lat="44.803821002" lon="6.737133">
        <ele>2177.82</ele>
      </trkpt>
      <trkpt lat="44.803933999" lon="6.737024004">
        <ele>2178.98</ele>
      </trkpt>
      <trkpt lat="44.804050999" lon="6.736918996">
        <ele>2180.45</ele>
      </trkpt>
      <trkpt lat="44.804097" lon="6.736864009">
        <ele>2178.19</ele>
      </trkpt>
      <trkpt lat="44.804138002" lon="6.736751995">
        <ele>2176.83</ele>
      </trkpt>
      <trkpt lat="44.804190001" lon="6.736605998">
        <ele>2171.55</ele>
      </trkpt>
      <trkpt lat="44.804227997" lon="6.736516003">
        <ele>2169.98</ele>
      </trkpt>
      <trkpt lat="44.804282999" lon="6.736444002">
        <ele>2166.87</ele>
      </trkpt>
      <trkpt lat="44.804362005" lon="6.736410998">
        <ele>2167.2</ele>
      </trkpt>
      <trkpt lat="44.804517999" lon="6.736354007">
        <ele>2167.23</ele>
      </trkpt>
      <trkpt lat="44.804627996" lon="6.736302997">
        <ele>2166.96</ele>
      </trkpt>
      <trkpt lat="44.804701" lon="6.736244005">
        <ele>2166.26</ele>
      </trkpt>
      <trkpt lat="44.804802999" lon="6.736141997">
        <ele>2162.42</ele>
      </trkpt>
      <trkpt lat="44.804894997" lon="6.736033994">
        <ele>2162.66</ele>
      </trkpt>
      <trkpt lat="44.805088994" lon="6.735809003">
        <ele>2162.37</ele>
      </trkpt>
      <trkpt lat="44.805278" lon="6.735608001">
        <ele>2162.51</ele>
      </trkpt>
      <trkpt lat="44.805451999" lon="6.735391996">
        <ele>2159.68</ele>
      </trkpt>
      <trkpt lat="44.805548001" lon="6.735278002">
        <ele>2161.63</ele>
      </trkpt>
      <trkpt lat="44.805621003" lon="6.735163997">
        <ele>2158.49</ele>
      </trkpt>
      <trkpt lat="44.805660004" lon="6.735084005">
        <ele>2156.19</ele>
      </trkpt>
      <trkpt lat="44.805682" lon="6.735000995">
        <ele>2154.01</ele>
      </trkpt>
      <trkpt lat="44.805681001" lon="6.734905998">
        <ele>2152.09</ele>
      </trkpt>
      <trkpt lat="44.805668997" lon="6.734818993">
        <ele>2150.58</ele>
      </trkpt>
      <trkpt lat="44.805645002" lon="6.734738002">
        <ele>2150.44</ele>
      </trkpt>
      <trkpt lat="44.805599006" lon="6.734657004">
        <ele>2149.55</ele>
      </trkpt>
      <trkpt lat="44.805521001" lon="6.734579006">
        <ele>2148.87</ele>
      </trkpt>
      <trkpt lat="44.805378002" lon="6.734486002">
        <ele>2147.03</ele>
      </trkpt>
      <trkpt lat="44.805236004" lon="6.734393001">
        <ele>2144.74</ele>
      </trkpt>
      <trkpt lat="44.805048997" lon="6.734332003">
        <ele>2142.06</ele>
      </trkpt>
      <trkpt lat="44.80488" lon="6.734309994">
        <ele>2139.79</ele>
      </trkpt>
      <trkpt lat="44.804760998" lon="6.734313996">
        <ele>2136.64</ele>
      </trkpt>
      <trkpt lat="44.804644999" lon="6.734333999">
        <ele>2134.81</ele>
      </trkpt>
      <trkpt lat="44.804396" lon="6.734396004">
        <ele>2132.62</ele>
      </trkpt>
      <trkpt lat="44.804225001" lon="6.734446001">
        <ele>2131.18</ele>
      </trkpt>
      <trkpt lat="44.804125003" lon="6.734463003">
        <ele>2130.13</ele>
      </trkpt>
      <trkpt lat="44.804062995" lon="6.734457007">
        <ele>2128.93</ele>
      </trkpt>
      <trkpt lat="44.803968" lon="6.734417002">
        <ele>2126.89</ele>
      </trkpt>
      <trkpt lat="44.803708002" lon="6.734275001">
        <ele>2124.67</ele>
      </trkpt>
      <trkpt lat="44.803419001" lon="6.734096004">
        <ele>2122.04</ele>
      </trkpt>
      <trkpt lat="44.803200998" lon="6.733955">
        <ele>2119.11</ele>
      </trkpt>
      <trkpt lat="44.803057999" lon="6.733846998">
        <ele>2116.8</ele>
      </trkpt>
      <trkpt lat="44.802923998" lon="6.733720998">
        <ele>2114.69</ele>
      </trkpt>
      <trkpt lat="44.802792998" lon="6.733629">
        <ele>2113.05</ele>
      </trkpt>
      <trkpt lat="44.802662999" lon="6.733555996">
        <ele>2111.51</ele>
      </trkpt>
      <trkpt lat="44.802542003" lon="6.733464006">
        <ele>2109.91</ele>
      </trkpt>
      <trkpt lat="44.802417997" lon="6.733334001">
        <ele>2108.48</ele>
      </trkpt>
      <trkpt lat="44.802315997" lon="6.733202002">
        <ele>2106.78</ele>
      </trkpt>
      <trkpt lat="44.802167001" lon="6.732948004">
        <ele>2105.19</ele>
      </trkpt>
      <trkpt lat="44.802014003" lon="6.732701996">
        <ele>2104.37</ele>
      </trkpt>
      <trkpt lat="44.801882999" lon="6.732467996">
        <ele>2103.78</ele>
      </trkpt>
      <trkpt lat="44.80179" lon="6.732285996">
        <ele>2102.89</ele>
      </trkpt>
      <trkpt lat="44.801716001" lon="6.732172003">
        <ele>2101.42</ele>
      </trkpt>
      <trkpt lat="44.801647006" lon="6.732092992">
        <ele>2100.18</ele>
      </trkpt>
      <trkpt lat="44.801523" lon="6.731989995">
        <ele>2099.16</ele>
      </trkpt>
      <trkpt lat="44.801423001" lon="6.731912001">
        <ele>2096.01</ele>
      </trkpt>
      <trkpt lat="44.801308999" lon="6.731804998">
        <ele>2093.45</ele>
      </trkpt>
      <trkpt lat="44.801234001" lon="6.731692003">
        <ele>2092.44</ele>
      </trkpt>
      <trkpt lat="44.801176004" lon="6.731571998">
        <ele>2090.55</ele>
      </trkpt>
      <trkpt lat="44.801131001" lon="6.731450995">
        <ele>2088.52</ele>
      </trkpt>
      <trkpt lat="44.801086002" lon="6.731294001">
        <ele>2088.83</ele>
      </trkpt>
      <trkpt lat="44.801038997" lon="6.731202995">
        <ele>2087.61</ele>
      </trkpt>
      <trkpt lat="44.800982995" lon="6.731167994">
        <ele>2085.96</ele>
      </trkpt>
      <trkpt lat="44.800913002" lon="6.731166003">
        <ele>2084.88</ele>
      </trkpt>
      <trkpt lat="44.800861998" lon="6.731212001">
        <ele>2084.35</ele>
      </trkpt>
      <trkpt lat="44.800827003" lon="6.73127">
        <ele>2083.43</ele>
      </trkpt>
      <trkpt lat="44.800820997" lon="6.731352002">
        <ele>2083.51</ele>
      </trkpt>
      <trkpt lat="44.800834003" lon="6.731435002">
        <ele>2083.55</ele>
      </trkpt>
      <trkpt lat="44.800879003" lon="6.731521">
        <ele>2084.95</ele>
      </trkpt>
      <trkpt lat="44.800950003" lon="6.731628006">
        <ele>2085.32</ele>
      </trkpt>
      <trkpt lat="44.801003998" lon="6.731735997">
        <ele>2085.62</ele>
      </trkpt>
      <trkpt lat="44.801044999" lon="6.731845999">
        <ele>2085.36</ele>
      </trkpt>
      <trkpt lat="44.801082999" lon="6.731989996">
        <ele>2085.16</ele>
      </trkpt>
      <trkpt lat="44.801149005" lon="6.732183998">
        <ele>2083.87</ele>
      </trkpt>
      <trkpt lat="44.801184999" lon="6.732287996">
        <ele>2081.5</ele>
      </trkpt>
      <trkpt lat="44.801231001" lon="6.732423992">
        <ele>2079.1</ele>
      </trkpt>
      <trkpt lat="44.801273" lon="6.732532998">
        <ele>2077.1</ele>
      </trkpt>
      <trkpt lat="44.801310006" lon="6.732622999">
        <ele>2075.13</ele>
      </trkpt>
      <trkpt lat="44.801355995" lon="6.732731004">
        <ele>2073.32</ele>
      </trkpt>
      <trkpt lat="44.801438996" lon="6.732867003">
        <ele>2072.5</ele>
      </trkpt>
      <trkpt lat="44.801504003" lon="6.732952004">
        <ele>2071.84</ele>
      </trkpt>
      <trkpt lat="44.801548995" lon="6.733045992">
        <ele>2071.16</ele>
      </trkpt>
      <trkpt lat="44.801570995" lon="6.733128996">
        <ele>2070.25</ele>
      </trkpt>
      <trkpt lat="44.801599006" lon="6.733245998">
        <ele>2068.97</ele>
      </trkpt>
      <trkpt lat="44.801621994" lon="6.733328005">
        <ele>2067.79</ele>
      </trkpt>
      <trkpt lat="44.801651999" lon="6.733403995">
        <ele>2067.11</ele>
      </trkpt>
      <trkpt lat="44.801801998" lon="6.733625004">
        <ele>2066.71</ele>
      </trkpt>
      <trkpt lat="44.801989998" lon="6.733861997">
        <ele>2067.11</ele>
      </trkpt>
      <trkpt lat="44.802067002" lon="6.733977991">
        <ele>2067.23</ele>
      </trkpt>
      <trkpt lat="44.802088004" lon="6.734046991">
        <ele>2066.63</ele>
      </trkpt>
      <trkpt lat="44.802089999" lon="6.734125008">
        <ele>2066.34</ele>
      </trkpt>
      <trkpt lat="44.802066996" lon="6.734215998">
        <ele>2066.33</ele>
      </trkpt>
      <trkpt lat="44.802028003" lon="6.734254006">
        <ele>2065.98</ele>
      </trkpt>
      <trkpt lat="44.801994001" lon="6.734251999">
        <ele>2064.96</ele>
      </trkpt>
      <trkpt lat="44.801957001" lon="6.734229005">
        <ele>2064.68</ele>
      </trkpt>
      <trkpt lat="44.801885003" lon="6.734122003">
        <ele>2063.47</ele>
      </trkpt>
      <trkpt lat="44.801753003" lon="6.733884997">
        <ele>2062.15</ele>
      </trkpt>
      <trkpt lat="44.801676002" lon="6.733793007">
        <ele>2059.75</ele>
      </trkpt>
      <trkpt lat="44.801560002" lon="6.733679005">
        <ele>2058.72</ele>
      </trkpt>
      <trkpt lat="44.801465998" lon="6.733593001">
        <ele>2057.15</ele>
      </trkpt>
      <trkpt lat="44.801384002" lon="6.733478006">
        <ele>2056.14</ele>
      </trkpt>
      <trkpt lat="44.801323" lon="6.733389992">
        <ele>2054.68</ele>
      </trkpt>
      <trkpt lat="44.801267" lon="6.733286993">
        <ele>2053.86</ele>
      </trkpt>
      <trkpt lat="44.801213002" lon="6.733211003">
        <ele>2052.39</ele>
      </trkpt>
      <trkpt lat="44.801105" lon="6.733114006">
        <ele>2050.91</ele>
      </trkpt>
      <trkpt lat="44.800971001" lon="6.733">
        <ele>2049.52</ele>
      </trkpt>
      <trkpt lat="44.800776997" lon="6.732770996">
        <ele>2047.69</ele>
      </trkpt>
      <trkpt lat="44.800702003" lon="6.732663002">
        <ele>2046.95</ele>
      </trkpt>
      <trkpt lat="44.800617002" lon="6.732558001">
        <ele>2045.82</ele>
      </trkpt>
      <trkpt lat="44.800514997" lon="6.732461999">
        <ele>2046.69</ele>
      </trkpt>
      <trkpt lat="44.800442003" lon="6.732392003">
        <ele>2046.36</ele>
      </trkpt>
      <trkpt lat="44.800379002" lon="6.732351004">
        <ele>2045.35</ele>
      </trkpt>
      <trkpt lat="44.800288997" lon="6.732320996">
        <ele>2043.52</ele>
      </trkpt>
      <trkpt lat="44.800153004" lon="6.732317">
        <ele>2040.76</ele>
      </trkpt>
      <trkpt lat="44.800001002" lon="6.732312003">
        <ele>2037.54</ele>
      </trkpt>
      <trkpt lat="44.799871" lon="6.732314">
        <ele>2033.87</ele>
      </trkpt>
      <trkpt lat="44.799780003" lon="6.732307005">
        <ele>2032.3</ele>
      </trkpt>
      <trkpt lat="44.799677999" lon="6.732279998">
        <ele>2029.86</ele>
      </trkpt>
      <trkpt lat="44.799559004" lon="6.732210998">
        <ele>2028.45</ele>
      </trkpt>
      <trkpt lat="44.799483" lon="6.732156008">
        <ele>2026.56</ele>
      </trkpt>
      <trkpt lat="44.799437996" lon="6.732110002">
        <ele>2026.44</ele>
      </trkpt>
      <trkpt lat="44.799407995" lon="6.732051004">
        <ele>2026.46</ele>
      </trkpt>
      <trkpt lat="44.799403997" lon="6.731976998">
        <ele>2025.1</ele>
      </trkpt>
      <trkpt lat="44.799410997" lon="6.731842995">
        <ele>2025.76</ele>
      </trkpt>
      <trkpt lat="44.79944" lon="6.731630005">
        <ele>2023.51</ele>
      </trkpt>
      <trkpt lat="44.799466005" lon="6.731400003">
        <ele>2022.7</ele>
      </trkpt>
      <trkpt lat="44.799492996" lon="6.731134001">
        <ele>2016.38</ele>
      </trkpt>
      <trkpt lat="44.799523998" lon="6.730917003">
        <ele>2019.51</ele>
      </trkpt>
      <trkpt lat="44.799562006" lon="6.730758006">
        <ele>2015.93</ele>
      </trkpt>
      <trkpt lat="44.799608998" lon="6.730590998">
        <ele>2015.59</ele>
      </trkpt>
      <trkpt lat="44.799667999" lon="6.730444004">
        <ele>2013.87</ele>
      </trkpt>
      <trkpt lat="44.799747004" lon="6.730294995">
        <ele>2016.91</ele>
      </trkpt>
      <trkpt lat="44.799839995" lon="6.730155992">
        <ele>2018.01</ele>
      </trkpt>
      <trkpt lat="44.799975004" lon="6.729968001">
        <ele>2023.26</ele>
      </trkpt>
      <trkpt lat="44.800144005" lon="6.729765999">
        <ele>2022.79</ele>
      </trkpt>
      <trkpt lat="44.800248998" lon="6.729670997">
        <ele>2022.09</ele>
      </trkpt>
      <trkpt lat="44.800274" lon="6.729603005">
        <ele>2021.64</ele>
      </trkpt>
      <trkpt lat="44.800270996" lon="6.729553003">
        <ele>2016.19</ele>
      </trkpt>
      <trkpt lat="44.800259997" lon="6.729507002">
        <ele>2012.07</ele>
      </trkpt>
      <trkpt lat="44.800229" lon="6.729472992">
        <ele>2009.78</ele>
      </trkpt>
      <trkpt lat="44.800184" lon="6.729473992">
        <ele>2007.27</ele>
      </trkpt>
      <trkpt lat="44.800133002" lon="6.729504002">
        <ele>2009.37</ele>
      </trkpt>
      <trkpt lat="44.800061003" lon="6.729582003">
        <ele>2011.79</ele>
      </trkpt>
      <trkpt lat="44.799966998" lon="6.729700001">
        <ele>2008.35</ele>
      </trkpt>
      <trkpt lat="44.799883997" lon="6.729786993">
        <ele>2008.33</ele>
      </trkpt>
      <trkpt lat="44.799809994" lon="6.729872">
        <ele>2008.73</ele>
      </trkpt>
      <trkpt lat="44.799724005" lon="6.729961008">
        <ele>2004.18</ele>
      </trkpt>
      <trkpt lat="44.799628006" lon="6.730043996">
        <ele>1998.61</ele>
      </trkpt>
      <trkpt lat="44.799542999" lon="6.730141007">
        <ele>1997.93</ele>
      </trkpt>
      <trkpt lat="44.799469995" lon="6.730240004">
        <ele>2002.44</ele>
      </trkpt>
      <trkpt lat="44.799377999" lon="6.730398998">
        <ele>2000.02</ele>
      </trkpt>
      <trkpt lat="44.799311002" lon="6.730523003">
        <ele>1997.05</ele>
      </trkpt>
      <trkpt lat="44.799243998" lon="6.730620992">
        <ele>1993.79</ele>
      </trkpt>
      <trkpt lat="44.799195002" lon="6.730723">
        <ele>1996.24</ele>
      </trkpt>
      <trkpt lat="44.799146002" lon="6.730826995">
        <ele>1991.92</ele>
      </trkpt>
      <trkpt lat="44.799112997" lon="6.730937002">
        <ele>1993.11</ele>
      </trkpt>
      <trkpt lat="44.799074003" lon="6.731090995">
        <ele>1994.18</ele>
      </trkpt>
      <trkpt lat="44.799042999" lon="6.731209008">
        <ele>1995.83</ele>
      </trkpt>
      <trkpt lat="44.799010998" lon="6.731313005">
        <ele>1992.45</ele>
      </trkpt>
      <trkpt lat="44.798971001" lon="6.731374999">
        <ele>1989.91</ele>
      </trkpt>
      <trkpt lat="44.798905002" lon="6.731449001">
        <ele>1988.02</ele>
      </trkpt>
      <trkpt lat="44.798828002" lon="6.731558997">
        <ele>1990.65</ele>
      </trkpt>
      <trkpt lat="44.798790005" lon="6.731616996">
        <ele>1987.45</ele>
      </trkpt>
      <trkpt lat="44.798756998" lon="6.731719001">
        <ele>1982.55</ele>
      </trkpt>
      <trkpt lat="44.798732996" lon="6.731847999">
        <ele>1981.33</ele>
      </trkpt>
      <trkpt lat="44.798715998" lon="6.732029997">
        <ele>1979.31</ele>
      </trkpt>
      <trkpt lat="44.798711" lon="6.732161004">
        <ele>1972.82</ele>
      </trkpt>
      <trkpt lat="44.798716997" lon="6.732298995">
        <ele>1971.59</ele>
      </trkpt>
      <trkpt lat="44.798720995" lon="6.732381001">
        <ele>1972.06</ele>
      </trkpt>
      <trkpt lat="44.798696001" lon="6.732457004">
        <ele>1969.63</ele>
      </trkpt>
      <trkpt lat="44.798647998" lon="6.732460993">
        <ele>1969.03</ele>
      </trkpt>
      <trkpt lat="44.798600001" lon="6.732419003">
        <ele>1970.14</ele>
      </trkpt>
      <trkpt lat="44.798586" lon="6.732334004">
        <ele>1969.53</ele>
      </trkpt>
      <trkpt lat="44.798595003" lon="6.732211998">
        <ele>1970.99</ele>
      </trkpt>
      <trkpt lat="44.798605" lon="6.732067994">
        <ele>1969.95</ele>
      </trkpt>
      <trkpt lat="44.798600999" lon="6.731864005">
        <ele>1969.29</ele>
      </trkpt>
      <trkpt lat="44.798603002" lon="6.731610993">
        <ele>1968.61</ele>
      </trkpt>
      <trkpt lat="44.798620003" lon="6.731498">
        <ele>1966.87</ele>
      </trkpt>
      <trkpt lat="44.798655995" lon="6.731378002">
        <ele>1967.97</ele>
      </trkpt>
      <trkpt lat="44.798725002" lon="6.731239006">
        <ele>1971.75</ele>
      </trkpt>
      <trkpt lat="44.798774998" lon="6.731144002">
        <ele>1975.17</ele>
      </trkpt>
      <trkpt lat="44.798797002" lon="6.731066002">
        <ele>1974.09</ele>
      </trkpt>
      <trkpt lat="44.798805998" lon="6.730967997">
        <ele>1978.16</ele>
      </trkpt>
      <trkpt lat="44.798809004" lon="6.730795994">
        <ele>1973.32</ele>
      </trkpt>
      <trkpt lat="44.798809995" lon="6.730577006">
        <ele>1969.02</ele>
      </trkpt>
      <trkpt lat="44.798818997" lon="6.730463">
        <ele>1964.93</ele>
      </trkpt>
      <trkpt lat="44.798841001" lon="6.730336009">
        <ele>1965.25</ele>
      </trkpt>
      <trkpt lat="44.798882997" lon="6.730213003">
        <ele>1959.79</ele>
      </trkpt>
      <trkpt lat="44.798936" lon="6.730075993">
        <ele>1964.54</ele>
      </trkpt>
      <trkpt lat="44.798997003" lon="6.729911005">
        <ele>1963.57</ele>
      </trkpt>
      <trkpt lat="44.799066002" lon="6.729724001">
        <ele>1962.45</ele>
      </trkpt>
      <trkpt lat="44.799117996" lon="6.729575998">
        <ele>1961.17</ele>
      </trkpt>
      <trkpt lat="44.799155002" lon="6.729440001">
        <ele>1964.63</ele>
      </trkpt>
      <trkpt lat="44.799171002" lon="6.729313002">
        <ele>1959.44</ele>
      </trkpt>
      <trkpt lat="44.799174996" lon="6.729211993">
        <ele>1959.42</ele>
      </trkpt>
      <trkpt lat="44.799162995" lon="6.729089997">
        <ele>1959.08</ele>
      </trkpt>
      <trkpt lat="44.799144004" lon="6.728999995">
        <ele>1958.28</ele>
      </trkpt>
      <trkpt lat="44.799103002" lon="6.728940003">
        <ele>1954.06</ele>
      </trkpt>
      <trkpt lat="44.799050998" lon="6.728922006">
        <ele>1952.04</ele>
      </trkpt>
      <trkpt lat="44.799018004" lon="6.728946008">
        <ele>1949.03</ele>
      </trkpt>
      <trkpt lat="44.798996996" lon="6.728987996">
        <ele>1947.65</ele>
      </trkpt>
      <trkpt lat="44.798986996" lon="6.729060996">
        <ele>1945.27</ele>
      </trkpt>
      <trkpt lat="44.798990001" lon="6.729224006">
        <ele>1945.27</ele>
      </trkpt>
      <trkpt lat="44.798987997" lon="6.729334995">
        <ele>1945.25</ele>
      </trkpt>
      <trkpt lat="44.798976006" lon="6.729405002">
        <ele>1945.42</ele>
      </trkpt>
      <trkpt lat="44.798953001" lon="6.729474999">
        <ele>1947.91</ele>
      </trkpt>
      <trkpt lat="44.798902998" lon="6.729574004">
        <ele>1946.56</ele>
      </trkpt>
      <trkpt lat="44.798820004" lon="6.729693997">
        <ele>1945.66</ele>
      </trkpt>
      <trkpt lat="44.798728003" lon="6.729801999">
        <ele>1944.95</ele>
      </trkpt>
      <trkpt lat="44.798657001" lon="6.729874999">
        <ele>1944.38</ele>
      </trkpt>
      <trkpt lat="44.798596" lon="6.729961994">
        <ele>1942.47</ele>
      </trkpt>
      <trkpt lat="44.798544003" lon="6.730045003">
        <ele>1944.4</ele>
      </trkpt>
      <trkpt lat="44.798503002" lon="6.730108994">
        <ele>1942.66</ele>
      </trkpt>
      <trkpt lat="44.798476998" lon="6.730213997">
        <ele>1940.36</ele>
      </trkpt>
      <trkpt lat="44.798467998" lon="6.730264997">
        <ele>1940.95</ele>
      </trkpt>
      <trkpt lat="44.798451002" lon="6.730364002">
        <ele>1938.04</ele>
      </trkpt>
      <trkpt lat="44.798418998" lon="6.730512001">
        <ele>1935.53</ele>
      </trkpt>
      <trkpt lat="44.798390997" lon="6.730614997">
        <ele>1936.49</ele>
      </trkpt>
      <trkpt lat="44.798358002" lon="6.730699001">
        <ele>1938.18</ele>
      </trkpt>
      <trkpt lat="44.798327995" lon="6.730751">
        <ele>1937.08</ele>
      </trkpt>
      <trkpt lat="44.798286003" lon="6.730788999">
        <ele>1936.08</ele>
      </trkpt>
      <trkpt lat="44.798203002" lon="6.730872999">
        <ele>1934.95</ele>
      </trkpt>
      <trkpt lat="44.798153001" lon="6.730923998">
        <ele>1933.39</ele>
      </trkpt>
      <trkpt lat="44.798112998" lon="6.730976003">
        <ele>1930.89</ele>
      </trkpt>
      <trkpt lat="44.798079998" lon="6.731043006">
        <ele>1927.82</ele>
      </trkpt>
      <trkpt lat="44.798046998" lon="6.731143997">
        <ele>1928.47</ele>
      </trkpt>
      <trkpt lat="44.798033004" lon="6.731220997">
        <ele>1928.62</ele>
      </trkpt>
      <trkpt lat="44.798028" lon="6.731310999">
        <ele>1928.28</ele>
      </trkpt>
      <trkpt lat="44.798022998" lon="6.731425003">
        <ele>1928.09</ele>
      </trkpt>
      <trkpt lat="44.798021998" lon="6.731554008">
        <ele>1932.75</ele>
      </trkpt>
      <trkpt lat="44.798016997" lon="6.731648998">
        <ele>1933.56</ele>
      </trkpt>
      <trkpt lat="44.798007004" lon="6.731736998">
        <ele>1934.7</ele>
      </trkpt>
      <trkpt lat="44.797981997" lon="6.731815">
        <ele>1932.22</ele>
      </trkpt>
      <trkpt lat="44.797940997" lon="6.731914004">
        <ele>1930.32</ele>
      </trkpt>
      <trkpt lat="44.797886" lon="6.732040003">
        <ele>1928.34</ele>
      </trkpt>
      <trkpt lat="44.797834994" lon="6.732135001">
        <ele>1927.18</ele>
      </trkpt>
      <trkpt lat="44.797778" lon="6.732202003">
        <ele>1927.15</ele>
      </trkpt>
      <trkpt lat="44.797719006" lon="6.732249998">
        <ele>1928.38</ele>
      </trkpt>
      <trkpt lat="44.797647002" lon="6.732278001">
        <ele>1930.62</ele>
      </trkpt>
      <trkpt lat="44.797548006" lon="6.732298996">
        <ele>1926.39</ele>
      </trkpt>
      <trkpt lat="44.797412003" lon="6.732301999">
        <ele>1921.72</ele>
      </trkpt>
      <trkpt lat="44.797307" lon="6.732298998">
        <ele>1916.3</ele>
      </trkpt>
      <trkpt lat="44.797233003" lon="6.732314995">
        <ele>1914.01</ele>
      </trkpt>
      <trkpt lat="44.79718" lon="6.732347007">
        <ele>1910.51</ele>
      </trkpt>
      <trkpt lat="44.797157001" lon="6.73239">
        <ele>1908.93</ele>
      </trkpt>
      <trkpt lat="44.797150005" lon="6.732449994">
        <ele>1908.17</ele>
      </trkpt>
      <trkpt lat="44.797153004" lon="6.732525006">
        <ele>1907.05</ele>
      </trkpt>
      <trkpt lat="44.797178999" lon="6.732647005">
        <ele>1905.87</ele>
      </trkpt>
      <trkpt lat="44.797221999" lon="6.732764006">
        <ele>1904.65</ele>
      </trkpt>
      <trkpt lat="44.797297999" lon="6.732881998">
        <ele>1902.91</ele>
      </trkpt>
      <trkpt lat="44.797496" lon="6.733102001">
        <ele>1902.5</ele>
      </trkpt>
      <trkpt lat="44.797650995" lon="6.733233003">
        <ele>1901.58</ele>
      </trkpt>
      <trkpt lat="44.797779998" lon="6.733333998">
        <ele>1901.04</ele>
      </trkpt>
      <trkpt lat="44.797861003" lon="6.733395992">
        <ele>1900.97</ele>
      </trkpt>
      <trkpt lat="44.797945998" lon="6.733464999">
        <ele>1901.91</ele>
      </trkpt>
      <trkpt lat="44.798010002" lon="6.733548991">
        <ele>1899.62</ele>
      </trkpt>
      <trkpt lat="44.798109003" lon="6.733732">
        <ele>1898.84</ele>
      </trkpt>
      <trkpt lat="44.798201997" lon="6.733902001">
        <ele>1898.4</ele>
      </trkpt>
      <trkpt lat="44.798284002" lon="6.734029004">
        <ele>1898.31</ele>
      </trkpt>
      <trkpt lat="44.798355999" lon="6.734123998">
        <ele>1898.62</ele>
      </trkpt>
      <trkpt lat="44.798432998" lon="6.734203995">
        <ele>1899.86</ele>
      </trkpt>
      <trkpt lat="44.798503997" lon="6.734280998">
        <ele>1900.47</ele>
      </trkpt>
      <trkpt lat="44.798547999" lon="6.734342003">
        <ele>1900.52</ele>
      </trkpt>
      <trkpt lat="44.798562" lon="6.734393">
        <ele>1899.96</ele>
      </trkpt>
      <trkpt lat="44.798563995" lon="6.734451998">
        <ele>1898.8</ele>
      </trkpt>
      <trkpt lat="44.798551001" lon="6.734506999">
        <ele>1897.81</ele>
      </trkpt>
      <trkpt lat="44.798521996" lon="6.734544998">
        <ele>1895.28</ele>
      </trkpt>
      <trkpt lat="44.798481005" lon="6.734561008">
        <ele>1893.06</ele>
      </trkpt>
      <trkpt lat="44.798427002" lon="6.734555">
        <ele>1891.44</ele>
      </trkpt>
      <trkpt lat="44.798381999" lon="6.734516994">
        <ele>1890.38</ele>
      </trkpt>
      <trkpt lat="44.798313002" lon="6.734420996">
        <ele>1888.8</ele>
      </trkpt>
      <trkpt lat="44.798249003" lon="6.734331002">
        <ele>1888.6</ele>
      </trkpt>
      <trkpt lat="44.798142003" lon="6.734187994">
        <ele>1887.92</ele>
      </trkpt>
      <trkpt lat="44.798057996" lon="6.734082999">
        <ele>1887.51</ele>
      </trkpt>
      <trkpt lat="44.797971004" lon="6.733974008">
        <ele>1886.29</ele>
      </trkpt>
      <trkpt lat="44.797901002" lon="6.733883996">
        <ele>1885.85</ele>
      </trkpt>
      <trkpt lat="44.797839002" lon="6.733823999">
        <ele>1885.39</ele>
      </trkpt>
      <trkpt lat="44.797772996" lon="6.733781002">
        <ele>1884.63</ele>
      </trkpt>
      <trkpt lat="44.797629004" lon="6.733709998">
        <ele>1882.62</ele>
      </trkpt>
      <trkpt lat="44.797510002" lon="6.733667999">
        <ele>1880.93</ele>
      </trkpt>
      <trkpt lat="44.797370998" lon="6.733575997">
        <ele>1878.68</ele>
      </trkpt>
      <trkpt lat="44.797269999" lon="6.733524005">
        <ele>1876.46</ele>
      </trkpt>
      <trkpt lat="44.797188003" lon="6.733476996">
        <ele>1874.7</ele>
      </trkpt>
      <trkpt lat="44.797067005" lon="6.733436992">
        <ele>1873.49</ele>
      </trkpt>
      <trkpt lat="44.796999002" lon="6.733396003">
        <ele>1872</ele>
      </trkpt>
      <trkpt lat="44.796947006" lon="6.733351002">
        <ele>1871.69</ele>
      </trkpt>
      <trkpt lat="44.796859003" lon="6.733248998">
        <ele>1871.25</ele>
      </trkpt>
      <trkpt lat="44.796784" lon="6.733151997">
        <ele>1870.26</ele>
      </trkpt>
      <trkpt lat="44.796714999" lon="6.733074005">
        <ele>1870.02</ele>
      </trkpt>
      <trkpt lat="44.796630996" lon="6.733021003">
        <ele>1869.18</ele>
      </trkpt>
      <trkpt lat="44.796538999" lon="6.732953002">
        <ele>1867.83</ele>
      </trkpt>
      <trkpt lat="44.796465002" lon="6.732874007">
        <ele>1867.24</ele>
      </trkpt>
      <trkpt lat="44.796387998" lon="6.732758001">
        <ele>1865.62</ele>
      </trkpt>
      <trkpt lat="44.796310995" lon="6.732653996">
        <ele>1863.47</ele>
      </trkpt>
      <trkpt lat="44.796221004" lon="6.732539001">
        <ele>1862.69</ele>
      </trkpt>
      <trkpt lat="44.796142" lon="6.732435002">
        <ele>1862.02</ele>
      </trkpt>
      <trkpt lat="44.796073997" lon="6.732314">
        <ele>1861.51</ele>
      </trkpt>
      <trkpt lat="44.79604" lon="6.732230993">
        <ele>1861.88</ele>
      </trkpt>
      <trkpt lat="44.796033006" lon="6.732159007">
        <ele>1862.77</ele>
      </trkpt>
      <trkpt lat="44.796044998" lon="6.732051004">
        <ele>1864.01</ele>
      </trkpt>
      <trkpt lat="44.796083006" lon="6.731909993">
        <ele>1860.7</ele>
      </trkpt>
      <trkpt lat="44.796139995" lon="6.731754002">
        <ele>1861.69</ele>
      </trkpt>
      <trkpt lat="44.796195996" lon="6.731655997">
        <ele>1862.48</ele>
      </trkpt>
      <trkpt lat="44.796278997" lon="6.731572001">
        <ele>1861.16</ele>
      </trkpt>
      <trkpt lat="44.796400001" lon="6.731473997">
        <ele>1858.99</ele>
      </trkpt>
      <trkpt lat="44.796517001" lon="6.731359992">
        <ele>1861.2</ele>
      </trkpt>
      <trkpt lat="44.796598001" lon="6.731253001">
        <ele>1858.89</ele>
      </trkpt>
      <trkpt lat="44.796643004" lon="6.731146998">
        <ele>1858.08</ele>
      </trkpt>
      <trkpt lat="44.796663998" lon="6.731060997">
        <ele>1856.77</ele>
      </trkpt>
      <trkpt lat="44.796659997" lon="6.730962993">
        <ele>1855.97</ele>
      </trkpt>
      <trkpt lat="44.796636" lon="6.730875004">
        <ele>1855.3</ele>
      </trkpt>
      <trkpt lat="44.796604996" lon="6.730796006">
        <ele>1852.43</ele>
      </trkpt>
      <trkpt lat="44.796550001" lon="6.730702996">
        <ele>1849.9</ele>
      </trkpt>
      <trkpt lat="44.796511998" lon="6.730619002">
        <ele>1846.4</ele>
      </trkpt>
      <trkpt lat="44.796478995" lon="6.730525997">
        <ele>1843.64</ele>
      </trkpt>
      <trkpt lat="44.796465002" lon="6.730407001">
        <ele>1842.23</ele>
      </trkpt>
      <trkpt lat="44.796489001" lon="6.730254994">
        <ele>1843.79</ele>
      </trkpt>
      <trkpt lat="44.796545006" lon="6.730004995">
        <ele>1844.97</ele>
      </trkpt>
      <trkpt lat="44.796624999" lon="6.729742006">
        <ele>1845.2</ele>
      </trkpt>
      <trkpt lat="44.796660996" lon="6.729627999">
        <ele>1848.63</ele>
      </trkpt>
      <trkpt lat="44.796720002" lon="6.729529001">
        <ele>1850.91</ele>
      </trkpt>
      <trkpt lat="44.796828" lon="6.729383">
        <ele>1847.8</ele>
      </trkpt>
      <trkpt lat="44.796885001" lon="6.729266994">
        <ele>1844.94</ele>
      </trkpt>
      <trkpt lat="44.796911999" lon="6.729181998">
        <ele>1847.06</ele>
      </trkpt>
      <trkpt lat="44.796928997" lon="6.729057995">
        <ele>1842.48</ele>
      </trkpt>
      <trkpt lat="44.796932002" lon="6.728841996">
        <ele>1837.89</ele>
      </trkpt>
      <trkpt lat="44.796909" lon="6.728621005">
        <ele>1836.45</ele>
      </trkpt>
      <trkpt lat="44.796885001" lon="6.728491002">
        <ele>1834.63</ele>
      </trkpt>
      <trkpt lat="44.796855" lon="6.728353993">
        <ele>1831.41</ele>
      </trkpt>
      <trkpt lat="44.796833003" lon="6.7283">
        <ele>1830.6</ele>
      </trkpt>
      <trkpt lat="44.796797998" lon="6.728211002">
        <ele>1829.2</ele>
      </trkpt>
      <trkpt lat="44.796734999" lon="6.728118996">
        <ele>1828.93</ele>
      </trkpt>
      <trkpt lat="44.796653997" lon="6.728062999">
        <ele>1828.17</ele>
      </trkpt>
      <trkpt lat="44.796551997" lon="6.728023001">
        <ele>1827.44</ele>
      </trkpt>
      <trkpt lat="44.796471006" lon="6.728019994">
        <ele>1826.45</ele>
      </trkpt>
      <trkpt lat="44.796401999" lon="6.728037998">
        <ele>1825.42</ele>
      </trkpt>
      <trkpt lat="44.796328997" lon="6.728070003">
        <ele>1824.32</ele>
      </trkpt>
      <trkpt lat="44.796302" lon="6.728094997">
        <ele>1823.29</ele>
      </trkpt>
      <trkpt lat="44.796261998" lon="6.728132002">
        <ele>1822.21</ele>
      </trkpt>
      <trkpt lat="44.796200002" lon="6.728213004">
        <ele>1821.3</ele>
      </trkpt>
      <trkpt lat="44.79612" lon="6.728396004">
        <ele>1820.21</ele>
      </trkpt>
      <trkpt lat="44.796100999" lon="6.728443997">
        <ele>1818.94</ele>
      </trkpt>
      <trkpt lat="44.796032003" lon="6.728623992">
        <ele>1817.46</ele>
      </trkpt>
      <trkpt lat="44.795954997" lon="6.728809">
        <ele>1815.8</ele>
      </trkpt>
      <trkpt lat="44.795865002" lon="6.728971005">
        <ele>1813.52</ele>
      </trkpt>
      <trkpt lat="44.795767001" lon="6.729124997">
        <ele>1811.15</ele>
      </trkpt>
      <trkpt lat="44.795588" lon="6.729406994">
        <ele>1808.92</ele>
      </trkpt>
      <trkpt lat="44.795470997" lon="6.729583002">
        <ele>1807.04</ele>
      </trkpt>
      <trkpt lat="44.795394996" lon="6.729679996">
        <ele>1805.3</ele>
      </trkpt>
      <trkpt lat="44.795358006" lon="6.729728997">
        <ele>1804.15</ele>
      </trkpt>
      <trkpt lat="44.795242998" lon="6.729860996">
        <ele>1802.86</ele>
      </trkpt>
      <trkpt lat="44.795213995" lon="6.729896008">
        <ele>1801.48</ele>
      </trkpt>
      <trkpt lat="44.795058" lon="6.730063995">
        <ele>1799.6</ele>
      </trkpt>
      <trkpt lat="44.794948999" lon="6.730167999">
        <ele>1797.79</ele>
      </trkpt>
      <trkpt lat="44.794809998" lon="6.730284998">
        <ele>1795.93</ele>
      </trkpt>
      <trkpt lat="44.794693997" lon="6.730383006">
        <ele>1793.84</ele>
      </trkpt>
      <trkpt lat="44.794606" lon="6.730457998">
        <ele>1791.85</ele>
      </trkpt>
      <trkpt lat="44.794372005" lon="6.730623005">
        <ele>1790.18</ele>
      </trkpt>
      <trkpt lat="44.794284006" lon="6.730685997">
        <ele>1788.32</ele>
      </trkpt>
      <trkpt lat="44.794193001" lon="6.730751004">
        <ele>1786.23</ele>
      </trkpt>
      <trkpt lat="44.794005002" lon="6.730879">
        <ele>1784.41</ele>
      </trkpt>
      <trkpt lat="44.793799001" lon="6.731025001">
        <ele>1782.62</ele>
      </trkpt>
      <trkpt lat="44.793694005" lon="6.731089002">
        <ele>1780.59</ele>
      </trkpt>
      <trkpt lat="44.793538" lon="6.731181995">
        <ele>1779.01</ele>
      </trkpt>
      <trkpt lat="44.793284998" lon="6.731332999">
        <ele>1777.75</ele>
      </trkpt>
      <trkpt lat="44.793280003" lon="6.731335997">
        <ele>1776.53</ele>
      </trkpt>
      <trkpt lat="44.793253" lon="6.731348">
        <ele>1775.36</ele>
      </trkpt>
      <trkpt lat="44.793114001" lon="6.731420995">
        <ele>1774.2</ele>
      </trkpt>
      <trkpt lat="44.793045" lon="6.731457006">
        <ele>1772.49</ele>
      </trkpt>
      <trkpt lat="44.792836998" lon="6.731568998">
        <ele>1771.04</ele>
      </trkpt>
      <trkpt lat="44.792533999" lon="6.731708995">
        <ele>1769.36</ele>
      </trkpt>
      <trkpt lat="44.792503996" lon="6.731721001">
        <ele>1766.92</ele>
      </trkpt>
      <trkpt lat="44.792273999" lon="6.731816999">
        <ele>1764.85</ele>
      </trkpt>
      <trkpt lat="44.791915997" lon="6.731962998">
        <ele>1763.07</ele>
      </trkpt>
      <trkpt lat="44.791747997" lon="6.732037999">
        <ele>1760.23</ele>
      </trkpt>
      <trkpt lat="44.791616001" lon="6.732081001">
        <ele>1758.1</ele>
      </trkpt>
      <trkpt lat="44.791403995" lon="6.732120005">
        <ele>1756.17</ele>
      </trkpt>
      <trkpt lat="44.791147994" lon="6.732158997">
        <ele>1754.45</ele>
      </trkpt>
      <trkpt lat="44.790937004" lon="6.732182005">
        <ele>1752.44</ele>
      </trkpt>
      <trkpt lat="44.790858996" lon="6.732189999">
        <ele>1751.36</ele>
      </trkpt>
      <trkpt lat="44.790670994" lon="6.732215002">
        <ele>1749.49</ele>
      </trkpt>
      <trkpt lat="44.790487997" lon="6.732240996">
        <ele>1748.28</ele>
      </trkpt>
      <trkpt lat="44.790400003" lon="6.732256997">
        <ele>1746.99</ele>
      </trkpt>
      <trkpt lat="44.790296996" lon="6.732286001">
        <ele>1745.37</ele>
      </trkpt>
      <trkpt lat="44.790153004" lon="6.732355999">
        <ele>1743.66</ele>
      </trkpt>
      <trkpt lat="44.790035" lon="6.732427002">
        <ele>1742.76</ele>
      </trkpt>
      <trkpt lat="44.790017" lon="6.732437995">
        <ele>1741.88</ele>
      </trkpt>
      <trkpt lat="44.789991994" lon="6.732451991">
        <ele>1741.09</ele>
      </trkpt>
      <trkpt lat="44.789958006" lon="6.732474997">
        <ele>1741.21</ele>
      </trkpt>
      <trkpt lat="44.789828004" lon="6.732560999">
        <ele>1741.32</ele>
      </trkpt>
      <trkpt lat="44.789668006" lon="6.732666006">
        <ele>1740.67</ele>
      </trkpt>
      <trkpt lat="44.789625001" lon="6.732694994">
        <ele>1740.13</ele>
      </trkpt>
      <trkpt lat="44.789474004" lon="6.732795004">
        <ele>1738.57</ele>
      </trkpt>
      <trkpt lat="44.789382999" lon="6.732849003">
        <ele>1737.26</ele>
      </trkpt>
      <trkpt lat="44.789286001" lon="6.732891998">
        <ele>1735.22</ele>
      </trkpt>
      <trkpt lat="44.789191003" lon="6.732922999">
        <ele>1734.72</ele>
      </trkpt>
      <trkpt lat="44.789017998" lon="6.732959007">
        <ele>1734.16</ele>
      </trkpt>
      <trkpt lat="44.788730997" lon="6.732999997">
        <ele>1734.51</ele>
      </trkpt>
      <trkpt lat="44.788352002" lon="6.733028002">
        <ele>1733.06</ele>
      </trkpt>
      <trkpt lat="44.787969006" lon="6.733071005">
        <ele>1732.49</ele>
      </trkpt>
      <trkpt lat="44.787626002" lon="6.733103007">
        <ele>1731.79</ele>
      </trkpt>
      <trkpt lat="44.787581999" lon="6.733103008">
        <ele>1730.47</ele>
      </trkpt>
      <trkpt lat="44.787386" lon="6.733095998">
        <ele>1728.42</ele>
      </trkpt>
      <trkpt lat="44.787151998" lon="6.733072997">
        <ele>1727.12</ele>
      </trkpt>
      <trkpt lat="44.786943995" lon="6.733067">
        <ele>1725.98</ele>
      </trkpt>
      <trkpt lat="44.786771" lon="6.733068998">
        <ele>1723.19</ele>
      </trkpt>
      <trkpt lat="44.786625003" lon="6.733079992">
        <ele>1720.19</ele>
      </trkpt>
      <trkpt lat="44.786449998" lon="6.733113005">
        <ele>1718.18</ele>
      </trkpt>
      <trkpt lat="44.786219003" lon="6.733172002">
        <ele>1716.06</ele>
      </trkpt>
      <trkpt lat="44.786063998" lon="6.733238996">
        <ele>1714.6</ele>
      </trkpt>
      <trkpt lat="44.785914006" lon="6.733333002">
        <ele>1713.29</ele>
      </trkpt>
      <trkpt lat="44.785809004" lon="6.733399002">
        <ele>1711.77</ele>
      </trkpt>
      <trkpt lat="44.785588996" lon="6.733535006">
        <ele>1710.41</ele>
      </trkpt>
      <trkpt lat="44.785324999" lon="6.733692007">
        <ele>1708.77</ele>
      </trkpt>
      <trkpt lat="44.785043" lon="6.733847999">
        <ele>1705.82</ele>
      </trkpt>
      <trkpt lat="44.784804998" lon="6.733994005">
        <ele>1703.76</ele>
      </trkpt>
      <trkpt lat="44.784552005" lon="6.734146999">
        <ele>1701.9</ele>
      </trkpt>
      <trkpt lat="44.784327001" lon="6.734285994">
        <ele>1698.61</ele>
      </trkpt>
      <trkpt lat="44.784090995" lon="6.734442">
        <ele>1696.59</ele>
      </trkpt>
      <trkpt lat="44.783875006" lon="6.734573998">
        <ele>1695.1</ele>
      </trkpt>
      <trkpt lat="44.783679004" lon="6.734674001">
        <ele>1693.06</ele>
      </trkpt>
      <trkpt lat="44.783520999" lon="6.734733992">
        <ele>1690.76</ele>
      </trkpt>
      <trkpt lat="44.783256" lon="6.734813994">
        <ele>1689.94</ele>
      </trkpt>
      <trkpt lat="44.783162999" lon="6.734835997">
        <ele>1688.73</ele>
      </trkpt>
      <trkpt lat="44.783005002" lon="6.734873005">
        <ele>1687.25</ele>
      </trkpt>
      <trkpt lat="44.782766" lon="6.734916007">
        <ele>1686.04</ele>
      </trkpt>
      <trkpt lat="44.782449001" lon="6.734949002">
        <ele>1686.4</ele>
      </trkpt>
      <trkpt lat="44.782078994" lon="6.734957998">
        <ele>1685.45</ele>
      </trkpt>
      <trkpt lat="44.781852998" lon="6.734951001">
        <ele>1685.3</ele>
      </trkpt>
      <trkpt lat="44.781735999" lon="6.734948008">
        <ele>1684.34</ele>
      </trkpt>
      <trkpt lat="44.781580997" lon="6.734938997">
        <ele>1683.69</ele>
      </trkpt>
      <trkpt lat="44.781514004" lon="6.734939999">
        <ele>1682.52</ele>
      </trkpt>
      <trkpt lat="44.781464999" lon="6.734939994">
        <ele>1682.28</ele>
      </trkpt>
      <trkpt lat="44.781457998" lon="6.734940997">
        <ele>1681.68</ele>
      </trkpt>
      <trkpt lat="44.781420001" lon="6.734946002">
        <ele>1682.12</ele>
      </trkpt>
      <trkpt lat="44.781361003" lon="6.734951002">
        <ele>1681.81</ele>
      </trkpt>
      <trkpt lat="44.781273999" lon="6.734981996">
        <ele>1682.22</ele>
      </trkpt>
      <trkpt lat="44.781189999" lon="6.735049003">
        <ele>1682.55</ele>
      </trkpt>
      <trkpt lat="44.781089001" lon="6.735143001">
        <ele>1681.57</ele>
      </trkpt>
      <trkpt lat="44.781048999" lon="6.735181003">
        <ele>1680.72</ele>
      </trkpt>
      <trkpt lat="44.780868995" lon="6.735334999">
        <ele>1679.64</ele>
      </trkpt>
      <trkpt lat="44.780771006" lon="6.735390002">
        <ele>1678.15</ele>
      </trkpt>
      <trkpt lat="44.780676998" lon="6.735420998">
        <ele>1676.52</ele>
      </trkpt>
      <trkpt lat="44.780556997" lon="6.735429004">
        <ele>1676.13</ele>
      </trkpt>
      <trkpt lat="44.780387004" lon="6.735411998">
        <ele>1674.63</ele>
      </trkpt>
      <trkpt lat="44.780340998" lon="6.735407003">
        <ele>1674.15</ele>
      </trkpt>
      <trkpt lat="44.780104" lon="6.735378">
        <ele>1672.52</ele>
      </trkpt>
      <trkpt lat="44.780030003" lon="6.735362996">
        <ele>1671.55</ele>
      </trkpt>
      <trkpt lat="44.779839999" lon="6.735325993">
        <ele>1670.7</ele>
      </trkpt>
      <trkpt lat="44.779649004" lon="6.735293">
        <ele>1670.17</ele>
      </trkpt>
      <trkpt lat="44.779595003" lon="6.735283994">
        <ele>1668.61</ele>
      </trkpt>
      <trkpt lat="44.779318004" lon="6.735227998">
        <ele>1667.2</ele>
      </trkpt>
      <trkpt lat="44.779088001" lon="6.735175999">
        <ele>1664.52</ele>
      </trkpt>
      <trkpt lat="44.778853004" lon="6.735119999">
        <ele>1661.87</ele>
      </trkpt>
      <trkpt lat="44.778716003" lon="6.735089001">
        <ele>1658.98</ele>
      </trkpt>
      <trkpt lat="44.778583996" lon="6.735074002">
        <ele>1657.11</ele>
      </trkpt>
      <trkpt lat="44.778439997" lon="6.735075998">
        <ele>1655.06</ele>
      </trkpt>
      <trkpt lat="44.778286001" lon="6.735088997">
        <ele>1653.84</ele>
      </trkpt>
      <trkpt lat="44.778177" lon="6.735099">
        <ele>1652.54</ele>
      </trkpt>
      <trkpt lat="44.778079998" lon="6.735125">
        <ele>1651.03</ele>
      </trkpt>
      <trkpt lat="44.777943001" lon="6.735172992">
        <ele>1648.59</ele>
      </trkpt>
      <trkpt lat="44.777842" lon="6.735211999">
        <ele>1646.27</ele>
      </trkpt>
      <trkpt lat="44.777571002" lon="6.735293996">
        <ele>1643.39</ele>
      </trkpt>
      <trkpt lat="44.777338996" lon="6.735326004">
        <ele>1639.94</ele>
      </trkpt>
      <trkpt lat="44.777005003" lon="6.735302996">
        <ele>1636.92</ele>
      </trkpt>
      <trkpt lat="44.776632006" lon="6.735250998">
        <ele>1634.02</ele>
      </trkpt>
      <trkpt lat="44.776356997" lon="6.735197998">
        <ele>1631.86</ele>
      </trkpt>
      <trkpt lat="44.776223997" lon="6.735205001">
        <ele>1629.35</ele>
      </trkpt>
      <trkpt lat="44.776043004" lon="6.735247992">
        <ele>1627.35</ele>
      </trkpt>
      <trkpt lat="44.775875002" lon="6.735323">
        <ele>1625.03</ele>
      </trkpt>
      <trkpt lat="44.775528" lon="6.735514992">
        <ele>1622.61</ele>
      </trkpt>
      <trkpt lat="44.77527" lon="6.735643996">
        <ele>1619.47</ele>
      </trkpt>
      <trkpt lat="44.775046003" lon="6.735744005">
        <ele>1617.21</ele>
      </trkpt>
      <trkpt lat="44.774708002" lon="6.735868992">
        <ele>1614.19</ele>
      </trkpt>
      <trkpt lat="44.774308002" lon="6.736015">
        <ele>1611.35</ele>
      </trkpt>
      <trkpt lat="44.774083997" lon="6.736103996">
        <ele>1608.71</ele>
      </trkpt>
      <trkpt lat="44.773860994" lon="6.736193995">
        <ele>1608.02</ele>
      </trkpt>
      <trkpt lat="44.773536" lon="6.736304">
        <ele>1606.13</ele>
      </trkpt>
      <trkpt lat="44.773483999" lon="6.736318004">
        <ele>1605.14</ele>
      </trkpt>
      <trkpt lat="44.773408003" lon="6.736339006">
        <ele>1603.46</ele>
      </trkpt>
      <trkpt lat="44.773235" lon="6.736384003">
        <ele>1602.09</ele>
      </trkpt>
      <trkpt lat="44.772897003" lon="6.736440996">
        <ele>1599.17</ele>
      </trkpt>
      <trkpt lat="44.772514002" lon="6.736489999">
        <ele>1596.08</ele>
      </trkpt>
      <trkpt lat="44.772088001" lon="6.736547999">
        <ele>1592.61</ele>
      </trkpt>
      <trkpt lat="44.771756997" lon="6.736593005">
        <ele>1590.35</ele>
      </trkpt>
      <trkpt lat="44.771414001" lon="6.736643995">
        <ele>1587.93</ele>
      </trkpt>
      <trkpt lat="44.770997997" lon="6.736714006">
        <ele>1585.25</ele>
      </trkpt>
      <trkpt lat="44.770584001" lon="6.736782999">
        <ele>1583.26</ele>
      </trkpt>
      <trkpt lat="44.770277001" lon="6.736820994">
        <ele>1581.63</ele>
      </trkpt>
      <trkpt lat="44.769996994" lon="6.736851003">
        <ele>1579.23</ele>
      </trkpt>
      <trkpt lat="44.769918998" lon="6.736863999">
        <ele>1576.63</ele>
      </trkpt>
      <trkpt lat="44.769735002" lon="6.736895001">
        <ele>1574.63</ele>
      </trkpt>
      <trkpt lat="44.769528002" lon="6.736956003">
        <ele>1573.48</ele>
      </trkpt>
      <trkpt lat="44.769320004" lon="6.737056997">
        <ele>1571.55</ele>
      </trkpt>
      <trkpt lat="44.769057006" lon="6.737247">
        <ele>1569.69</ele>
      </trkpt>
      <trkpt lat="44.768755998" lon="6.737502999">
        <ele>1568.05</ele>
      </trkpt>
      <trkpt lat="44.7687" lon="6.737549999">
        <ele>1566.36</ele>
      </trkpt>
      <trkpt lat="44.768395003" lon="6.737808008">
        <ele>1563.97</ele>
      </trkpt>
      <trkpt lat="44.768287998" lon="6.737890002">
        <ele>1562.57</ele>
      </trkpt>
      <trkpt lat="44.768131999" lon="6.737965006">
        <ele>1562.04</ele>
      </trkpt>
      <trkpt lat="44.768007003" lon="6.738023005">
        <ele>1561.54</ele>
      </trkpt>
      <trkpt lat="44.767993002" lon="6.738028994">
        <ele>1560.37</ele>
      </trkpt>
      <trkpt lat="44.767899996" lon="6.738100001">
        <ele>1559.57</ele>
      </trkpt>
      <trkpt lat="44.767615997" lon="6.738274996">
        <ele>1558.33</ele>
      </trkpt>
      <trkpt lat="44.767256" lon="6.738494001">
        <ele>1556.79</ele>
      </trkpt>
      <trkpt lat="44.767234004" lon="6.738507999">
        <ele>1555.56</ele>
      </trkpt>
      <trkpt lat="44.767107999" lon="6.738601999">
        <ele>1554.83</ele>
      </trkpt>
      <trkpt lat="44.766987001" lon="6.738694004">
        <ele>1553.78</ele>
      </trkpt>
      <trkpt lat="44.766941002" lon="6.738734998">
        <ele>1552.71</ele>
      </trkpt>
      <trkpt lat="44.766764995" lon="6.738893006">
        <ele>1551.92</ele>
      </trkpt>
      <trkpt lat="44.766704997" lon="6.738969001">
        <ele>1551.1</ele>
      </trkpt>
      <trkpt lat="44.766671997" lon="6.739010999">
        <ele>1549.87</ele>
      </trkpt>
      <trkpt lat="44.766575002" lon="6.739135002">
        <ele>1549.6</ele>
      </trkpt>
      <trkpt lat="44.766513001" lon="6.739214001">
        <ele>1549.12</ele>
      </trkpt>
      <trkpt lat="44.766387005" lon="6.739371006">
        <ele>1548.16</ele>
      </trkpt>
      <trkpt lat="44.766276006" lon="6.739495999">
        <ele>1547.52</ele>
      </trkpt>
      <trkpt lat="44.766209002" lon="6.739570995">
        <ele>1546.69</ele>
      </trkpt>
      <trkpt lat="44.766031" lon="6.739739999">
        <ele>1545.32</ele>
      </trkpt>
      <trkpt lat="44.765881002" lon="6.739853994">
        <ele>1543.94</ele>
      </trkpt>
      <trkpt lat="44.765759" lon="6.739953">
        <ele>1542</ele>
      </trkpt>
      <trkpt lat="44.765528998" lon="6.740199993">
        <ele>1540.28</ele>
      </trkpt>
      <trkpt lat="44.765353005" lon="6.740401009">
        <ele>1537.99</ele>
      </trkpt>
      <trkpt lat="44.765175996" lon="6.740603006">
        <ele>1535.46</ele>
      </trkpt>
      <trkpt lat="44.764853004" lon="6.740988996">
        <ele>1532.9</ele>
      </trkpt>
      <trkpt lat="44.764668001" lon="6.741199996">
        <ele>1530.79</ele>
      </trkpt>
      <trkpt lat="44.764483001" lon="6.741411995">
        <ele>1528.77</ele>
      </trkpt>
      <trkpt lat="44.764301997" lon="6.741621994">
        <ele>1527.49</ele>
      </trkpt>
      <trkpt lat="44.764120001" lon="6.741832001">
        <ele>1526.85</ele>
      </trkpt>
      <trkpt lat="44.763923002" lon="6.742044007">
        <ele>1527.33</ele>
      </trkpt>
      <trkpt lat="44.763727003" lon="6.742256002">
        <ele>1527.93</ele>
      </trkpt>
      <trkpt lat="44.763418999" lon="6.742595996">
        <ele>1528.05</ele>
      </trkpt>
      <trkpt lat="44.763189006" lon="6.742834">
        <ele>1529.19</ele>
      </trkpt>
      <trkpt lat="44.763173994" lon="6.742848005">
        <ele>1531.54</ele>
      </trkpt>
      <trkpt lat="44.763074998" lon="6.742925999">
        <ele>1532.34</ele>
      </trkpt>
      <trkpt lat="44.762919002" lon="6.743012002">
        <ele>1534.42</ele>
      </trkpt>
      <trkpt lat="44.762847997" lon="6.743035992">
        <ele>1535.35</ele>
      </trkpt>
      <trkpt lat="44.762687003" lon="6.743104">
        <ele>1536.02</ele>
      </trkpt>
      <trkpt lat="44.762613996" lon="6.743131994">
        <ele>1534.82</ele>
      </trkpt>
      <trkpt lat="44.762578996" lon="6.743146995">
        <ele>1534.89</ele>
      </trkpt>
      <trkpt lat="44.762284998" lon="6.743237002">
        <ele>1535.75</ele>
      </trkpt>
      <trkpt lat="44.762113" lon="6.743308995">
        <ele>1535.46</ele>
      </trkpt>
      <trkpt lat="44.761874003" lon="6.743452002">
        <ele>1535.04</ele>
      </trkpt>
      <trkpt lat="44.761690005" lon="6.743602997">
        <ele>1535.09</ele>
      </trkpt>
      <trkpt lat="44.761665998" lon="6.743633">
        <ele>1534.26</ele>
      </trkpt>
      <trkpt lat="44.761567004" lon="6.743756003">
        <ele>1534.05</ele>
      </trkpt>
      <trkpt lat="44.761454004" lon="6.743967995">
        <ele>1531.82</ele>
      </trkpt>
      <trkpt lat="44.761334002" lon="6.744272998">
        <ele>1533.57</ele>
      </trkpt>
      <trkpt lat="44.761204001" lon="6.744584999">
        <ele>1534.87</ele>
      </trkpt>
      <trkpt lat="44.761100998" lon="6.744790001">
        <ele>1536.96</ele>
      </trkpt>
      <trkpt lat="44.760997999" lon="6.744960997">
        <ele>1537.47</ele>
      </trkpt>
      <trkpt lat="44.760869005" lon="6.745180003">
        <ele>1538.1</ele>
      </trkpt>
      <trkpt lat="44.760795003" lon="6.745275001">
        <ele>1536.99</ele>
      </trkpt>
      <trkpt lat="44.760692001" lon="6.745359995">
        <ele>1536.95</ele>
      </trkpt>
      <trkpt lat="44.760468004" lon="6.745488998">
        <ele>1533.66</ele>
      </trkpt>
      <trkpt lat="44.760274997" lon="6.745595004">
        <ele>1529.76</ele>
      </trkpt>
      <trkpt lat="44.760129004" lon="6.745688999">
        <ele>1529.98</ele>
      </trkpt>
      <trkpt lat="44.760097995" lon="6.745720001">
        <ele>1527.96</ele>
      </trkpt>
      <trkpt lat="44.759996002" lon="6.745821001">
        <ele>1525.52</ele>
      </trkpt>
      <trkpt lat="44.759847998" lon="6.746004009">
        <ele>1523.29</ele>
      </trkpt>
      <trkpt lat="44.759729998" lon="6.746138008">
        <ele>1524.2</ele>
      </trkpt>
      <trkpt lat="44.759577" lon="6.746268005">
        <ele>1524.98</ele>
      </trkpt>
      <trkpt lat="44.759392004" lon="6.746413998">
        <ele>1523.07</ele>
      </trkpt>
      <trkpt lat="44.759307002" lon="6.746508005">
        <ele>1520.94</ele>
      </trkpt>
      <trkpt lat="44.759181005" lon="6.746717992">
        <ele>1521.76</ele>
      </trkpt>
      <trkpt lat="44.759008" lon="6.746919">
        <ele>1519.5</ele>
      </trkpt>
      <trkpt lat="44.758853" lon="6.747056994">
        <ele>1517.03</ele>
      </trkpt>
      <trkpt lat="44.758709998" lon="6.747196002">
        <ele>1516.65</ele>
      </trkpt>
      <trkpt lat="44.758589003" lon="6.747349999">
        <ele>1515.69</ele>
      </trkpt>
      <trkpt lat="44.758486004" lon="6.747538997">
        <ele>1513.9</ele>
      </trkpt>
      <trkpt lat="44.758392" lon="6.747777006">
        <ele>1511.49</ele>
      </trkpt>
      <trkpt lat="44.758299002" lon="6.747965">
        <ele>1508.43</ele>
      </trkpt>
      <trkpt lat="44.758165997" lon="6.748154006">
        <ele>1505.05</ele>
      </trkpt>
      <trkpt lat="44.758001998" lon="6.748406005">
        <ele>1501.47</ele>
      </trkpt>
      <trkpt lat="44.757874999" lon="6.748662">
        <ele>1499.12</ele>
      </trkpt>
      <trkpt lat="44.757818997" lon="6.748833002">
        <ele>1499.27</ele>
      </trkpt>
      <trkpt lat="44.757769005" lon="6.749097002">
        <ele>1500.17</ele>
      </trkpt>
      <trkpt lat="44.757729" lon="6.749296001">
        <ele>1499.05</ele>
      </trkpt>
      <trkpt lat="44.757673997" lon="6.749437999">
        <ele>1501.49</ele>
      </trkpt>
      <trkpt lat="44.757555003" lon="6.749655005">
        <ele>1500.83</ele>
      </trkpt>
      <trkpt lat="44.757439997" lon="6.749795998">
        <ele>1498.53</ele>
      </trkpt>
      <trkpt lat="44.757315001" lon="6.749889999">
        <ele>1494.38</ele>
      </trkpt>
      <trkpt lat="44.757167001" lon="6.749971004">
        <ele>1493.03</ele>
      </trkpt>
      <trkpt lat="44.757004001" lon="6.750080002">
        <ele>1488.1</ele>
      </trkpt>
      <trkpt lat="44.756746002" lon="6.750321002">
        <ele>1487.42</ele>
      </trkpt>
      <trkpt lat="44.756633005" lon="6.750502996">
        <ele>1485.47</ele>
      </trkpt>
      <trkpt lat="44.756581998" lon="6.750675995">
        <ele>1488.31</ele>
      </trkpt>
      <trkpt lat="44.756563002" lon="6.750842996">
        <ele>1490.8</ele>
      </trkpt>
      <trkpt lat="44.756575003" lon="6.750997998">
        <ele>1493.53</ele>
      </trkpt>
      <trkpt lat="44.756571999" lon="6.751095998">
        <ele>1493.51</ele>
      </trkpt>
      <trkpt lat="44.756534002" lon="6.751213003">
        <ele>1493.55</ele>
      </trkpt>
      <trkpt lat="44.756435999" lon="6.751414996">
        <ele>1489.84</ele>
      </trkpt>
      <trkpt lat="44.756350005" lon="6.751598005">
        <ele>1485.68</ele>
      </trkpt>
      <trkpt lat="44.756290999" lon="6.75179">
        <ele>1481.52</ele>
      </trkpt>
      <trkpt lat="44.756235994" lon="6.752028003">
        <ele>1481.16</ele>
      </trkpt>
      <trkpt lat="44.756190003" lon="6.752182992">
        <ele>1481.65</ele>
      </trkpt>
      <trkpt lat="44.756133997" lon="6.752305005">
        <ele>1483.2</ele>
      </trkpt>
      <trkpt lat="44.756064" lon="6.752396003">
        <ele>1483.57</ele>
      </trkpt>
      <trkpt lat="44.755973998" lon="6.752480998">
        <ele>1484.48</ele>
      </trkpt>
      <trkpt lat="44.755827001" lon="6.752588993">
        <ele>1482.36</ele>
      </trkpt>
      <trkpt lat="44.755685" lon="6.752682002">
        <ele>1477.4</ele>
      </trkpt>
      <trkpt lat="44.755544998" lon="6.752802998">
        <ele>1474.3</ele>
      </trkpt>
      <trkpt lat="44.755389" lon="6.753013004">
        <ele>1472.59</ele>
      </trkpt>
      <trkpt lat="44.755254003" lon="6.753280992">
        <ele>1470.95</ele>
      </trkpt>
      <trkpt lat="44.755128" lon="6.753558004">
        <ele>1468.86</ele>
      </trkpt>
      <trkpt lat="44.755001999" lon="6.753928001">
        <ele>1468.84</ele>
      </trkpt>
      <trkpt lat="44.754889999" lon="6.754191006">
        <ele>1466.12</ele>
      </trkpt>
      <trkpt lat="44.754781996" lon="6.754444006">
        <ele>1464.47</ele>
      </trkpt>
      <trkpt lat="44.754726002" lon="6.754630995">
        <ele>1461.81</ele>
      </trkpt>
      <trkpt lat="44.754691996" lon="6.754836997">
        <ele>1461.1</ele>
      </trkpt>
      <trkpt lat="44.754683998" lon="6.754987003">
        <ele>1459.43</ele>
      </trkpt>
      <trkpt lat="44.754689999" lon="6.755201002">
        <ele>1461.9</ele>
      </trkpt>
      <trkpt lat="44.754691001" lon="6.755446">
        <ele>1462.64</ele>
      </trkpt>
      <trkpt lat="44.754675001" lon="6.755638999">
        <ele>1461.97</ele>
      </trkpt>
      <trkpt lat="44.754629005" lon="6.755789996">
        <ele>1463.66</ele>
      </trkpt>
      <trkpt lat="44.754495001" lon="6.756100998">
        <ele>1459.94</ele>
      </trkpt>
      <trkpt lat="44.754370006" lon="6.756397004">
        <ele>1455.07</ele>
      </trkpt>
      <trkpt lat="44.754244001" lon="6.756688994">
        <ele>1449.77</ele>
      </trkpt>
      <trkpt lat="44.754168" lon="6.756891997">
        <ele>1451.18</ele>
      </trkpt>
      <trkpt lat="44.754115002" lon="6.757155002">
        <ele>1448.63</ele>
      </trkpt>
      <trkpt lat="44.754077999" lon="6.757671999">
        <ele>1448.49</ele>
      </trkpt>
      <trkpt lat="44.754040999" lon="6.757778006">
        <ele>1446.78</ele>
      </trkpt>
      <trkpt lat="44.753974004" lon="6.757858999">
        <ele>1447.29</ele>
      </trkpt>
      <trkpt lat="44.753856005" lon="6.75792">
        <ele>1438.96</ele>
      </trkpt>
      <trkpt lat="44.753775996" lon="6.757955004">
        <ele>1434.26</ele>
      </trkpt>
      <trkpt lat="44.753686999" lon="6.758027">
        <ele>1433.33</ele>
      </trkpt>
      <trkpt lat="44.753632003" lon="6.758118003">
        <ele>1430.25</ele>
      </trkpt>
      <trkpt lat="44.753596997" lon="6.758238006">
        <ele>1429.37</ele>
      </trkpt>
      <trkpt lat="44.753562999" lon="6.758416996">
        <ele>1430.5</ele>
      </trkpt>
      <trkpt lat="44.753522" lon="6.758652997">
        <ele>1426.99</ele>
      </trkpt>
      <trkpt lat="44.753489003" lon="6.758879994">
        <ele>1423.61</ele>
      </trkpt>
      <trkpt lat="44.753465004" lon="6.759052999">
        <ele>1421.05</ele>
      </trkpt>
      <trkpt lat="44.753426994" lon="6.759197997">
        <ele>1419.79</ele>
      </trkpt>
      <trkpt lat="44.753393997" lon="6.759313998">
        <ele>1420.76</ele>
      </trkpt>
      <trkpt lat="44.753331996" lon="6.759459997">
        <ele>1417.8</ele>
      </trkpt>
      <trkpt lat="44.753240002" lon="6.759608001">
        <ele>1420.19</ele>
      </trkpt>
      <trkpt lat="44.753181996" lon="6.759700003">
        <ele>1422.7</ele>
      </trkpt>
      <trkpt lat="44.753067997" lon="6.759842006">
        <ele>1420.51</ele>
      </trkpt>
      <trkpt lat="44.752984004" lon="6.759967003">
        <ele>1417.78</ele>
      </trkpt>
      <trkpt lat="44.752939997" lon="6.760110992">
        <ele>1419.83</ele>
      </trkpt>
      <trkpt lat="44.752902998" lon="6.760245001">
        <ele>1417.2</ele>
      </trkpt>
      <trkpt lat="44.752868003" lon="6.76035">
        <ele>1418.84</ele>
      </trkpt>
      <trkpt lat="44.752806999" lon="6.760464998">
        <ele>1417.51</ele>
      </trkpt>
      <trkpt lat="44.752699003" lon="6.760585998">
        <ele>1416.22</ele>
      </trkpt>
      <trkpt lat="44.752633005" lon="6.760697006">
        <ele>1414.57</ele>
      </trkpt>
      <trkpt lat="44.752575" lon="6.760837008">
        <ele>1415.54</ele>
      </trkpt>
      <trkpt lat="44.752539" lon="6.760982998">
        <ele>1412.29</ele>
      </trkpt>
      <trkpt lat="44.752512998" lon="6.761161001">
        <ele>1415.43</ele>
      </trkpt>
      <trkpt lat="44.752501999" lon="6.761289007">
        <ele>1418.94</ele>
      </trkpt>
      <trkpt lat="44.752486999" lon="6.761448">
        <ele>1423.03</ele>
      </trkpt>
      <trkpt lat="44.752458" lon="6.761545999">
        <ele>1424.81</ele>
      </trkpt>
      <trkpt lat="44.752430999" lon="6.761607994">
        <ele>1424.65</ele>
      </trkpt>
      <trkpt lat="44.752375994" lon="6.76167">
        <ele>1422.38</ele>
      </trkpt>
      <trkpt lat="44.752292998" lon="6.761734004">
        <ele>1421.21</ele>
      </trkpt>
      <trkpt lat="44.752168999" lon="6.761793">
        <ele>1420.95</ele>
      </trkpt>
      <trkpt lat="44.752010999" lon="6.761877004">
        <ele>1416.68</ele>
      </trkpt>
      <trkpt lat="44.751888003" lon="6.761962996">
        <ele>1415</ele>
      </trkpt>
      <trkpt lat="44.751779997" lon="6.762063006">
        <ele>1416.37</ele>
      </trkpt>
      <trkpt lat="44.751670006" lon="6.762195998">
        <ele>1412.28</ele>
      </trkpt>
      <trkpt lat="44.751583002" lon="6.762340001">
        <ele>1410.16</ele>
      </trkpt>
      <trkpt lat="44.751524002" lon="6.762523002">
        <ele>1411.69</ele>
      </trkpt>
      <trkpt lat="44.751489001" lon="6.762674">
        <ele>1412.94</ele>
      </trkpt>
      <trkpt lat="44.751432997" lon="6.762785002">
        <ele>1410.18</ele>
      </trkpt>
      <trkpt lat="44.751347" lon="6.762880006">
        <ele>1411.18</ele>
      </trkpt>
      <trkpt lat="44.751276003" lon="6.762988992">
        <ele>1407.96</ele>
      </trkpt>
      <trkpt lat="44.751244003" lon="6.763123001">
        <ele>1407.09</ele>
      </trkpt>
      <trkpt lat="44.751208001" lon="6.763344006">
        <ele>1405.39</ele>
      </trkpt>
      <trkpt lat="44.751168995" lon="6.763554994">
        <ele>1407.94</ele>
      </trkpt>
      <trkpt lat="44.751106001" lon="6.763769005">
        <ele>1406.01</ele>
      </trkpt>
      <trkpt lat="44.751042004" lon="6.763937995">
        <ele>1404.46</ele>
      </trkpt>
      <trkpt lat="44.750964996" lon="6.764101004">
        <ele>1404.81</ele>
      </trkpt>
      <trkpt lat="44.750885997" lon="6.764295007">
        <ele>1405.46</ele>
      </trkpt>
      <trkpt lat="44.750799" lon="6.764496">
        <ele>1401.9</ele>
      </trkpt>
      <trkpt lat="44.750726" lon="6.764674998">
        <ele>1403.42</ele>
      </trkpt>
      <trkpt lat="44.750651998" lon="6.76481">
        <ele>1405.85</ele>
      </trkpt>
      <trkpt lat="44.750595002" lon="6.764903995">
        <ele>1403.61</ele>
      </trkpt>
      <trkpt lat="44.750557999" lon="6.764964001">
        <ele>1401.54</ele>
      </trkpt>
      <trkpt lat="44.750434996" lon="6.765167008">
        <ele>1403.23</ele>
      </trkpt>
      <trkpt lat="44.750322998" lon="6.765413996">
        <ele>1404.22</ele>
      </trkpt>
      <trkpt lat="44.750242" lon="6.765632008">
        <ele>1404.26</ele>
      </trkpt>
      <trkpt lat="44.750204006" lon="6.765797992">
        <ele>1411.63</ele>
      </trkpt>
      <trkpt lat="44.750188998" lon="6.765982995">
        <ele>1412.95</ele>
      </trkpt>
      <trkpt lat="44.750163001" lon="6.766100998">
        <ele>1412.2</ele>
      </trkpt>
      <trkpt lat="44.750127995" lon="6.766167992">
        <ele>1413.33</ele>
      </trkpt>
      <trkpt lat="44.750057999" lon="6.766247997">
        <ele>1417.06</ele>
      </trkpt>
      <trkpt lat="44.750001003" lon="6.766290005">
        <ele>1410.75</ele>
      </trkpt>
      <trkpt lat="44.749912999" lon="6.766326002">
        <ele>1414.25</ele>
      </trkpt>
      <trkpt lat="44.749749" lon="6.766378005">
        <ele>1417.38</ele>
      </trkpt>
      <trkpt lat="44.749518997" lon="6.766426004">
        <ele>1416.08</ele>
      </trkpt>
      <trkpt lat="44.749400999" lon="6.766484997">
        <ele>1414.14</ele>
      </trkpt>
      <trkpt lat="44.74927" lon="6.766605007">
        <ele>1416.51</ele>
      </trkpt>
      <trkpt lat="44.749157998" lon="6.766683006">
        <ele>1413.45</ele>
      </trkpt>
      <trkpt lat="44.749037996" lon="6.766728001">
        <ele>1408.32</ele>
      </trkpt>
      <trkpt lat="44.748897998" lon="6.766735002">
        <ele>1405.88</ele>
      </trkpt>
      <trkpt lat="44.748682996" lon="6.766712997">
        <ele>1402.57</ele>
      </trkpt>
      <trkpt lat="44.748470998" lon="6.766665999">
        <ele>1398.25</ele>
      </trkpt>
      <trkpt lat="44.748333998" lon="6.766657997">
        <ele>1396.08</ele>
      </trkpt>
      <trkpt lat="44.748239996" lon="6.766678995">
        <ele>1394.44</ele>
      </trkpt>
      <trkpt lat="44.748213004" lon="6.766706998">
        <ele>1393.61</ele>
      </trkpt>
      <trkpt lat="44.748147001" lon="6.766774">
        <ele>1392</ele>
      </trkpt>
      <trkpt lat="44.748109998" lon="6.766869999">
        <ele>1390.29</ele>
      </trkpt>
      <trkpt lat="44.748051998" lon="6.767159004">
        <ele>1387.74</ele>
      </trkpt>
      <trkpt lat="44.747973001" lon="6.767520997">
        <ele>1385.39</ele>
      </trkpt>
      <trkpt lat="44.747890997" lon="6.767889996">
        <ele>1382.81</ele>
      </trkpt>
      <trkpt lat="44.747864002" lon="6.768094995">
        <ele>1381.34</ele>
      </trkpt>
      <trkpt lat="44.747828997" lon="6.768457999">
        <ele>1379.74</ele>
      </trkpt>
      <trkpt lat="44.747794999" lon="6.768667991">
        <ele>1380.39</ele>
      </trkpt>
      <trkpt lat="44.747758" lon="6.768834008">
        <ele>1379.92</ele>
      </trkpt>
      <trkpt lat="44.747696" lon="6.769031992">
        <ele>1380.55</ele>
      </trkpt>
      <trkpt lat="44.747612998" lon="6.769221004">
        <ele>1381.14</ele>
      </trkpt>
      <trkpt lat="44.747521" lon="6.769387001">
        <ele>1382.45</ele>
      </trkpt>
      <trkpt lat="44.747417003" lon="6.769574996">
        <ele>1382.43</ele>
      </trkpt>
      <trkpt lat="44.747360996" lon="6.769660991">
        <ele>1383.99</ele>
      </trkpt>
      <trkpt lat="44.747360255" lon="6.769662105">
        <ele>1384.62</ele>
      </trkpt>
      <trkpt lat="44.747333002" lon="6.769702003">
        <ele>1383.68</ele>
      </trkpt>
      <trkpt lat="44.747302001" lon="6.769754007">
        <ele>1381.85</ele>
      </trkpt>
      <trkpt lat="44.747198" lon="6.769904007">
        <ele>1379.61</ele>
      </trkpt>
      <trkpt lat="44.747126998" lon="6.770010004">
        <ele>1377.29</ele>
      </trkpt>
      <trkpt lat="44.747086996" lon="6.770122">
        <ele>1372.8</ele>
      </trkpt>
      <trkpt lat="44.747089001" lon="6.770178">
        <ele>1369.61</ele>
      </trkpt>
      <trkpt lat="44.747092002" lon="6.770240998">
        <ele>1367.38</ele>
      </trkpt>
      <trkpt lat="44.74714" lon="6.770377006">
        <ele>1364.46</ele>
      </trkpt>
      <trkpt lat="44.747222999" lon="6.770545994">
        <ele>1361.69</ele>
      </trkpt>
      <trkpt lat="44.747323006" lon="6.770756003">
        <ele>1360.57</ele>
      </trkpt>
      <trkpt lat="44.747388003" lon="6.770924">
        <ele>1359.81</ele>
      </trkpt>
      <trkpt lat="44.747465" lon="6.771084999">
        <ele>1359.04</ele>
      </trkpt>
      <trkpt lat="44.747539" lon="6.771167001">
        <ele>1358.95</ele>
      </trkpt>
      <trkpt lat="44.747634003" lon="6.771244998">
        <ele>1358.96</ele>
      </trkpt>
      <trkpt lat="44.747713996" lon="6.771330994">
        <ele>1358.71</ele>
      </trkpt>
      <trkpt lat="44.747778004" lon="6.771441998">
        <ele>1358.47</ele>
      </trkpt>
      <trkpt lat="44.747853001" lon="6.771667003">
        <ele>1357.81</ele>
      </trkpt>
      <trkpt lat="44.747921005" lon="6.771824998">
        <ele>1357.58</ele>
      </trkpt>
      <trkpt lat="44.748049997" lon="6.772016997">
        <ele>1357.22</ele>
      </trkpt>
      <trkpt lat="44.748061999" lon="6.772038001">
        <ele>1357.63</ele>
      </trkpt>
      <trkpt lat="44.748078998" lon="6.772064994">
        <ele>1357.66</ele>
      </trkpt>
      <trkpt lat="44.748099997" lon="6.772105005">
        <ele>1357.59</ele>
      </trkpt>
      <trkpt lat="44.748122002" lon="6.772152001">
        <ele>1357.37</ele>
      </trkpt>
      <trkpt lat="44.748136002" lon="6.772203002">
        <ele>1356.61</ele>
      </trkpt>
      <trkpt lat="44.748141996" lon="6.772252997">
        <ele>1355.83</ele>
      </trkpt>
      <trkpt lat="44.748140001" lon="6.772296992">
        <ele>1355.04</ele>
      </trkpt>
      <trkpt lat="44.748135" lon="6.772339003">
        <ele>1354.29</ele>
      </trkpt>
      <trkpt lat="44.748124998" lon="6.772389999">
        <ele>1353.61</ele>
      </trkpt>
      <trkpt lat="44.748107998" lon="6.772449">
        <ele>1353.41</ele>
      </trkpt>
      <trkpt lat="44.748084999" lon="6.772504993">
        <ele>1353.22</ele>
      </trkpt>
      <trkpt lat="44.748076996" lon="6.772519002">
        <ele>1353.09</ele>
      </trkpt>
      <trkpt lat="44.748042004" lon="6.772477002">
        <ele>1353.07</ele>
      </trkpt>
      <trkpt lat="44.747971" lon="6.772383006">
        <ele>1352.72</ele>
      </trkpt>
      <trkpt lat="44.747902999" lon="6.772285">
        <ele>1352.61</ele>
      </trkpt>
      <trkpt lat="44.747842995" lon="6.772184002">
        <ele>1352.68</ele>
      </trkpt>
      <trkpt lat="44.747784002" lon="6.772079">
        <ele>1352.15</ele>
      </trkpt>
      <trkpt lat="44.747725001" lon="6.77197">
        <ele>1351.15</ele>
      </trkpt>
      <trkpt lat="44.747663999" lon="6.771860993">
        <ele>1350.64</ele>
      </trkpt>
      <trkpt lat="44.747598999" lon="6.771753994">
        <ele>1350.01</ele>
      </trkpt>
      <trkpt lat="44.747531999" lon="6.771656993">
        <ele>1349.3</ele>
      </trkpt>
      <trkpt lat="44.747468994" lon="6.771569999">
        <ele>1348.92</ele>
      </trkpt>
      <trkpt lat="44.747411002" lon="6.771497001">
        <ele>1348.67</ele>
      </trkpt>
      <trkpt lat="44.747358998" lon="6.771435003">
        <ele>1348.09</ele>
      </trkpt>
      <trkpt lat="44.747291998" lon="6.771388">
        <ele>1347.54</ele>
      </trkpt>
      <trkpt lat="44.747156001" lon="6.771217997">
        <ele>1346.76</ele>
      </trkpt>
      <trkpt lat="44.746953999" lon="6.770957994">
        <ele>1346.08</ele>
      </trkpt>
      <trkpt lat="44.746851998" lon="6.770842003">
        <ele>1345.46</ele>
      </trkpt>
      <trkpt lat="44.746750004" lon="6.770752004">
        <ele>1347.01</ele>
      </trkpt>
      <trkpt lat="44.746549003" lon="6.770595998">
        <ele>1345.8</ele>
      </trkpt>
      <trkpt lat="44.746438998" lon="6.770525003">
        <ele>1344.46</ele>
      </trkpt>
      <trkpt lat="44.746269999" lon="6.770443995">
        <ele>1344.46</ele>
      </trkpt>
      <trkpt lat="44.746016003" lon="6.770370998">
        <ele>1343.2</ele>
      </trkpt>
      <trkpt lat="44.745913001" lon="6.770345006">
        <ele>1342.13</ele>
      </trkpt>
      <trkpt lat="44.745752998" lon="6.770287001">
        <ele>1343.89</ele>
      </trkpt>
      <trkpt lat="44.745515005" lon="6.770143999">
        <ele>1345.53</ele>
      </trkpt>
      <trkpt lat="44.745378998" lon="6.770092005">
        <ele>1345.66</ele>
      </trkpt>
      <trkpt lat="44.745297003" lon="6.770069004">
        <ele>1346.89</ele>
      </trkpt>
      <trkpt lat="44.745110002" lon="6.770044995">
        <ele>1345.82</ele>
      </trkpt>
      <trkpt lat="44.744953996" lon="6.770003005">
        <ele>1344.87</ele>
      </trkpt>
      <trkpt lat="44.744888" lon="6.769970997">
        <ele>1347.99</ele>
      </trkpt>
      <trkpt lat="44.744699997" lon="6.769842998">
        <ele>1351.33</ele>
      </trkpt>
      <trkpt lat="44.744566996" lon="6.769739">
        <ele>1354.45</ele>
      </trkpt>
      <trkpt lat="44.744531997" lon="6.769702999">
        <ele>1356.26</ele>
      </trkpt>
      <trkpt lat="44.744480996" lon="6.769601994">
        <ele>1358.52</ele>
      </trkpt>
      <trkpt lat="44.744425001" lon="6.769420002">
        <ele>1356.71</ele>
      </trkpt>
      <trkpt lat="44.744364" lon="6.769151005">
        <ele>1354.75</ele>
      </trkpt>
      <trkpt lat="44.744331005" lon="6.768933006">
        <ele>1350.76</ele>
      </trkpt>
      <trkpt lat="44.744315999" lon="6.768714001">
        <ele>1349.67</ele>
      </trkpt>
      <trkpt lat="44.744327005" lon="6.768507995">
        <ele>1345.54</ele>
      </trkpt>
      <trkpt lat="44.744374001" lon="6.768244996">
        <ele>1342.43</ele>
      </trkpt>
      <trkpt lat="44.744443996" lon="6.768015991">
        <ele>1338.38</ele>
      </trkpt>
      <trkpt lat="44.744524998" lon="6.767753007">
        <ele>1337.02</ele>
      </trkpt>
      <trkpt lat="44.744570997" lon="6.767571996">
        <ele>1334.38</ele>
      </trkpt>
      <trkpt lat="44.744576999" lon="6.767535999">
        <ele>1334.2</ele>
      </trkpt>
      <trkpt lat="44.744578001" lon="6.767469997">
        <ele>1333.56</ele>
      </trkpt>
      <trkpt lat="44.744563006" lon="6.767387">
        <ele>1333.28</ele>
      </trkpt>
      <trkpt lat="44.744542001" lon="6.767313997">
        <ele>1333.06</ele>
      </trkpt>
      <trkpt lat="44.744504997" lon="6.767245006">
        <ele>1332.78</ele>
      </trkpt>
      <trkpt lat="44.744449998" lon="6.767204998">
        <ele>1330.67</ele>
      </trkpt>
      <trkpt lat="44.744386" lon="6.767185003">
        <ele>1328.34</ele>
      </trkpt>
      <trkpt lat="44.744296999" lon="6.767201009">
        <ele>1328.25</ele>
      </trkpt>
      <trkpt lat="44.744236002" lon="6.767238999">
        <ele>1327.84</ele>
      </trkpt>
      <trkpt lat="44.744159996" lon="6.767346998">
        <ele>1327.07</ele>
      </trkpt>
      <trkpt lat="44.744120002" lon="6.767425994">
        <ele>1329.09</ele>
      </trkpt>
      <trkpt lat="44.744094997" lon="6.767531996">
        <ele>1331.06</ele>
      </trkpt>
      <trkpt lat="44.744097001" lon="6.767715995">
        <ele>1331.48</ele>
      </trkpt>
      <trkpt lat="44.744130004" lon="6.767856996">
        <ele>1332.1</ele>
      </trkpt>
      <trkpt lat="44.744147002" lon="6.767968001">
        <ele>1333.06</ele>
      </trkpt>
      <trkpt lat="44.744146002" lon="6.768004004">
        <ele>1334.01</ele>
      </trkpt>
      <trkpt lat="44.744134005" lon="6.768088998">
        <ele>1335.25</ele>
      </trkpt>
      <trkpt lat="44.744111994" lon="6.768129006">
        <ele>1336.95</ele>
      </trkpt>
      <trkpt lat="44.744087996" lon="6.768152995">
        <ele>1338.59</ele>
      </trkpt>
      <trkpt lat="44.74403" lon="6.768169003">
        <ele>1340.41</ele>
      </trkpt>
      <trkpt lat="44.743985" lon="6.768166">
        <ele>1340.48</ele>
      </trkpt>
      <trkpt lat="44.743942998" lon="6.768139004">
        <ele>1340.53</ele>
      </trkpt>
      <trkpt lat="44.743884998" lon="6.768067999">
        <ele>1340.19</ele>
      </trkpt>
      <trkpt lat="44.743845001" lon="6.767984998">
        <ele>1338.04</ele>
      </trkpt>
      <trkpt lat="44.743812996" lon="6.767891996">
        <ele>1334.62</ele>
      </trkpt>
      <trkpt lat="44.743746002" lon="6.767701001">
        <ele>1332.19</ele>
      </trkpt>
      <trkpt lat="44.743669004" lon="6.767586002">
        <ele>1329.96</ele>
      </trkpt>
      <trkpt lat="44.743598002" lon="6.767526003">
        <ele>1327.08</ele>
      </trkpt>
      <trkpt lat="44.743525003" lon="6.767495009">
        <ele>1326.5</ele>
      </trkpt>
      <trkpt lat="44.743437" lon="6.767469004">
        <ele>1327.44</ele>
      </trkpt>
      <trkpt lat="44.743363998" lon="6.767463">
        <ele>1328.36</ele>
      </trkpt>
      <trkpt lat="44.743285003" lon="6.767453003">
        <ele>1328.95</ele>
      </trkpt>
      <trkpt lat="44.743212999" lon="6.767422999">
        <ele>1330.23</ele>
      </trkpt>
      <trkpt lat="44.743114996" lon="6.767360002">
        <ele>1328.63</ele>
      </trkpt>
      <trkpt lat="44.742989998" lon="6.767243004">
        <ele>1328.95</ele>
      </trkpt>
      <trkpt lat="44.742887" lon="6.767098999">
        <ele>1326.28</ele>
      </trkpt>
      <trkpt lat="44.742750998" lon="6.766951999">
        <ele>1323.52</ele>
      </trkpt>
      <trkpt lat="44.742632998" lon="6.766873007">
        <ele>1319.67</ele>
      </trkpt>
      <trkpt lat="44.742496002" lon="6.766800002">
        <ele>1320.68</ele>
      </trkpt>
      <trkpt lat="44.742319995" lon="6.766762008">
        <ele>1318.54</ele>
      </trkpt>
      <trkpt lat="44.742101998" lon="6.766720999">
        <ele>1318.43</ele>
      </trkpt>
      <trkpt lat="44.741892997" lon="6.766636002">
        <ele>1319.63</ele>
      </trkpt>
      <trkpt lat="44.741710001" lon="6.766542996">
        <ele>1319.53</ele>
      </trkpt>
      <trkpt lat="44.741544" lon="6.766479002">
        <ele>1315.75</ele>
      </trkpt>
      <trkpt lat="44.741339999" lon="6.766384008">
        <ele>1313.66</ele>
      </trkpt>
      <trkpt lat="44.741168" lon="6.766349004">
        <ele>1313.83</ele>
      </trkpt>
      <trkpt lat="44.740988004" lon="6.766388002">
        <ele>1310.19</ele>
      </trkpt>
      <trkpt lat="44.740757997" lon="6.766509001">
        <ele>1307.32</ele>
      </trkpt>
      <trkpt lat="44.740554997" lon="6.766614002">
        <ele>1307.14</ele>
      </trkpt>
      <trkpt lat="44.740409001" lon="6.766653999">
        <ele>1305.02</ele>
      </trkpt>
      <trkpt lat="44.740208995" lon="6.766662">
        <ele>1299.61</ele>
      </trkpt>
      <trkpt lat="44.739998998" lon="6.766637009">
        <ele>1297.08</ele>
      </trkpt>
      <trkpt lat="44.739812997" lon="6.766634996">
        <ele>1294.89</ele>
      </trkpt>
      <trkpt lat="44.739665" lon="6.766701997">
        <ele>1290.88</ele>
      </trkpt>
      <trkpt lat="44.739485005" lon="6.766831008">
        <ele>1293.33</ele>
      </trkpt>
      <trkpt lat="44.739294999" lon="6.767019">
        <ele>1292.28</ele>
      </trkpt>
      <trkpt lat="44.739054001" lon="6.767262997">
        <ele>1289.65</ele>
      </trkpt>
      <trkpt lat="44.738863999" lon="6.767458005">
        <ele>1290.36</ele>
      </trkpt>
      <trkpt lat="44.738717" lon="6.767631004">
        <ele>1291.2</ele>
      </trkpt>
      <trkpt lat="44.738484001" lon="6.767954001">
        <ele>1282.92</ele>
      </trkpt>
      <trkpt lat="44.738308003" lon="6.768174993">
        <ele>1279.83</ele>
      </trkpt>
      <trkpt lat="44.738162996" lon="6.768340004">
        <ele>1277.74</ele>
      </trkpt>
      <trkpt lat="44.738026997" lon="6.768462003">
        <ele>1273.48</ele>
      </trkpt>
      <trkpt lat="44.737821999" lon="6.768511002">
        <ele>1269.88</ele>
      </trkpt>
      <trkpt lat="44.737666994" lon="6.768508999">
        <ele>1269.88</ele>
      </trkpt>
      <trkpt lat="44.737548002" lon="6.768477997">
        <ele>1269.45</ele>
      </trkpt>
      <trkpt lat="44.737528987" lon="6.768473157">
        <ele>1269.05</ele>
      </trkpt>
      <trkpt lat="44.737441997" lon="6.768451002">
        <ele>1269.47</ele>
      </trkpt>
      <trkpt lat="44.737378997" lon="6.768439004">
        <ele>1268.25</ele>
      </trkpt>
      <trkpt lat="44.737288994" lon="6.768414004">
        <ele>1266.86</ele>
      </trkpt>
      <trkpt lat="44.736900005" lon="6.768330996">
        <ele>1265.7</ele>
      </trkpt>
      <trkpt lat="44.736712996" lon="6.768280997">
        <ele>1263.95</ele>
      </trkpt>
      <trkpt lat="44.736498006" lon="6.768241996">
        <ele>1261.42</ele>
      </trkpt>
      <trkpt lat="44.736254997" lon="6.768235995">
        <ele>1260.19</ele>
      </trkpt>
      <trkpt lat="44.735997994" lon="6.768219002">
        <ele>1259.16</ele>
      </trkpt>
      <trkpt lat="44.735799996" lon="6.768217003">
        <ele>1258.58</ele>
      </trkpt>
      <trkpt lat="44.735544004" lon="6.768208993">
        <ele>1258.44</ele>
      </trkpt>
      <trkpt lat="44.735315001" lon="6.768185">
        <ele>1259.53</ele>
      </trkpt>
      <trkpt lat="44.735183002" lon="6.768157998">
        <ele>1260.02</ele>
      </trkpt>
      <trkpt lat="44.734911006" lon="6.768057998">
        <ele>1260.24</ele>
      </trkpt>
      <trkpt lat="44.734616994" lon="6.767933005">
        <ele>1260.12</ele>
      </trkpt>
      <trkpt lat="44.734326003" lon="6.767817003">
        <ele>1261.09</ele>
      </trkpt>
      <trkpt lat="44.734063006" lon="6.767692004">
        <ele>1260.19</ele>
      </trkpt>
      <trkpt lat="44.733822994" lon="6.767589991">
        <ele>1259.5</ele>
      </trkpt>
      <trkpt lat="44.733482998" lon="6.767429994">
        <ele>1259.75</ele>
      </trkpt>
      <trkpt lat="44.733192994" lon="6.767307994">
        <ele>1260.8</ele>
      </trkpt>
      <trkpt lat="44.732962" lon="6.767235001">
        <ele>1259.66</ele>
      </trkpt>
      <trkpt lat="44.732762998" lon="6.767182005">
        <ele>1259.07</ele>
      </trkpt>
      <trkpt lat="44.732645" lon="6.767157006">
        <ele>1258.54</ele>
      </trkpt>
      <trkpt lat="44.732368996" lon="6.767120994">
        <ele>1258.2</ele>
      </trkpt>
      <trkpt lat="44.732100001" lon="6.767082999">
        <ele>1258.52</ele>
      </trkpt>
      <trkpt lat="44.731866999" lon="6.767056001">
        <ele>1258.43</ele>
      </trkpt>
      <trkpt lat="44.731677001" lon="6.766994">
        <ele>1260.02</ele>
      </trkpt>
      <trkpt lat="44.731536003" lon="6.766925002">
        <ele>1260.81</ele>
      </trkpt>
      <trkpt lat="44.731459" lon="6.766857002">
        <ele>1260.5</ele>
      </trkpt>
      <trkpt lat="44.731337999" lon="6.766727994">
        <ele>1259.07</ele>
      </trkpt>
      <trkpt lat="44.731218997" lon="6.766559">
        <ele>1258.61</ele>
      </trkpt>
      <trkpt lat="44.731049002" lon="6.766230992">
        <ele>1256.15</ele>
      </trkpt>
      <trkpt lat="44.730832996" lon="6.765762995">
        <ele>1255.07</ele>
      </trkpt>
      <trkpt lat="44.73073" lon="6.765557991">
        <ele>1262.73</ele>
      </trkpt>
      <trkpt lat="44.730498998" lon="6.765175999">
        <ele>1271.55</ele>
      </trkpt>
      <trkpt lat="44.730213002" lon="6.764712999">
        <ele>1280.63</ele>
      </trkpt>
      <trkpt lat="44.730026001" lon="6.764467998">
        <ele>1292.93</ele>
      </trkpt>
      <trkpt lat="44.729956997" lon="6.764407">
        <ele>1304.69</ele>
      </trkpt>
      <trkpt lat="44.729843004" lon="6.764303998">
        <ele>1308.01</ele>
      </trkpt>
      <trkpt lat="44.729680003" lon="6.764182">
        <ele>1309.64</ele>
      </trkpt>
      <trkpt lat="44.729670261" lon="6.764174811">
        <ele>1312.71</ele>
      </trkpt>
      <trkpt lat="44.729595999" lon="6.764119999">
        <ele>1312.93</ele>
      </trkpt>
      <trkpt lat="44.729468" lon="6.764066004">
        <ele>1314.34</ele>
      </trkpt>
      <trkpt lat="44.729390003" lon="6.764031994">
        <ele>1316.17</ele>
      </trkpt>
      <trkpt lat="44.729122999" lon="6.763968002">
        <ele>1318.47</ele>
      </trkpt>
      <trkpt lat="44.728950996" lon="6.763944">
        <ele>1320.29</ele>
      </trkpt>
      <trkpt lat="44.728861002" lon="6.763940999">
        <ele>1321.46</ele>
      </trkpt>
      <trkpt lat="44.728783" lon="6.763962002">
        <ele>1321.66</ele>
      </trkpt>
      <trkpt lat="44.728579001" lon="6.764062005">
        <ele>1321.62</ele>
      </trkpt>
      <trkpt lat="44.728269002" lon="6.764155001">
        <ele>1320.3</ele>
      </trkpt>
      <trkpt lat="44.728044998" lon="6.764194997">
        <ele>1317.95</ele>
      </trkpt>
      <trkpt lat="44.727843998" lon="6.764209993">
        <ele>1316.51</ele>
      </trkpt>
      <trkpt lat="44.727530999" lon="6.764166997">
        <ele>1315.17</ele>
      </trkpt>
      <trkpt lat="44.727142996" lon="6.764113001">
        <ele>1313.39</ele>
      </trkpt>
      <trkpt lat="44.726820998" lon="6.764058998">
        <ele>1312.85</ele>
      </trkpt>
      <trkpt lat="44.726596996" lon="6.76403">
        <ele>1316.17</ele>
      </trkpt>
      <trkpt lat="44.726382994" lon="6.763962996">
        <ele>1320.23</ele>
      </trkpt>
      <trkpt lat="44.726005002" lon="6.763818997">
        <ele>1324.87</ele>
      </trkpt>
      <trkpt lat="44.725663005" lon="6.763687004">
        <ele>1329.89</ele>
      </trkpt>
      <trkpt lat="44.725412998" lon="6.763585998">
        <ele>1335.01</ele>
      </trkpt>
      <trkpt lat="44.725221996" lon="6.763492001">
        <ele>1337.33</ele>
      </trkpt>
      <trkpt lat="44.725007004" lon="6.76336">
        <ele>1333.76</ele>
      </trkpt>
      <trkpt lat="44.724773" lon="6.763165007">
        <ele>1334.28</ele>
      </trkpt>
      <trkpt lat="44.72454" lon="6.762923001">
        <ele>1328.37</ele>
      </trkpt>
      <trkpt lat="44.724317998" lon="6.762731001">
        <ele>1321.62</ele>
      </trkpt>
      <trkpt lat="44.724146995" lon="6.762610002">
        <ele>1315.31</ele>
      </trkpt>
      <trkpt lat="44.723946004" lon="6.762524002">
        <ele>1313.77</ele>
      </trkpt>
      <trkpt lat="44.723785996" lon="6.762477003">
        <ele>1307.59</ele>
      </trkpt>
      <trkpt lat="44.723560996" lon="6.762453002">
        <ele>1303.69</ele>
      </trkpt>
      <trkpt lat="44.723213995" lon="6.762461007">
        <ele>1301.17</ele>
      </trkpt>
      <trkpt lat="44.722882002" lon="6.762494997">
        <ele>1297.59</ele>
      </trkpt>
      <trkpt lat="44.722578996" lon="6.762524996">
        <ele>1295.11</ele>
      </trkpt>
      <trkpt lat="44.72231" lon="6.762534994">
        <ele>1290.46</ele>
      </trkpt>
      <trkpt lat="44.722142" lon="6.762520002">
        <ele>1287.98</ele>
      </trkpt>
      <trkpt lat="44.721923001" lon="6.762459995">
        <ele>1279.39</ele>
      </trkpt>
      <trkpt lat="44.721636006" lon="6.762343">
        <ele>1270.26</ele>
      </trkpt>
      <trkpt lat="44.721348005" lon="6.762219">
        <ele>1256.31</ele>
      </trkpt>
      <trkpt lat="44.720990003" lon="6.762074997">
        <ele>1245.97</ele>
      </trkpt>
      <trkpt lat="44.720610994" lon="6.761927998">
        <ele>1234.36</ele>
      </trkpt>
      <trkpt lat="44.720425" lon="6.761862995">
        <ele>1228.01</ele>
      </trkpt>
      <trkpt lat="44.720125997" lon="6.761754003">
        <ele>1222.94</ele>
      </trkpt>
      <trkpt lat="44.719760998" lon="6.761625998">
        <ele>1220.35</ele>
      </trkpt>
      <trkpt lat="44.719702995" lon="6.761607">
        <ele>1216.75</ele>
      </trkpt>
      <trkpt lat="44.719580005" lon="6.761564998">
        <ele>1216.33</ele>
      </trkpt>
      <trkpt lat="44.719477942" lon="6.761529414">
        <ele>1216.41</ele>
      </trkpt>
      <trkpt lat="44.719471003" lon="6.761527003">
        <ele>1216.4</ele>
      </trkpt>
      <trkpt lat="44.719363001" lon="6.761488999">
        <ele>1216.21</ele>
      </trkpt>
      <trkpt lat="44.719311003" lon="6.761470997">
        <ele>1215.6</ele>
      </trkpt>
      <trkpt lat="44.719275002" lon="6.761456998">
        <ele>1216.11</ele>
      </trkpt>
      <trkpt lat="44.719237998" lon="6.761446003">
        <ele>1215.93</ele>
      </trkpt>
      <trkpt lat="44.718867998" lon="6.761296999">
        <ele>1215.17</ele>
      </trkpt>
      <trkpt lat="44.718609999" lon="6.761179996">
        <ele>1216</ele>
      </trkpt>
      <trkpt lat="44.718419999" lon="6.761069993">
        <ele>1216.49</ele>
      </trkpt>
      <trkpt lat="44.718198002" lon="6.760907009">
        <ele>1215.11</ele>
      </trkpt>
      <trkpt lat="44.717976001" lon="6.760698997">
        <ele>1213.63</ele>
      </trkpt>
      <trkpt lat="44.717775002" lon="6.760486993">
        <ele>1212.48</ele>
      </trkpt>
      <trkpt lat="44.717591003" lon="6.760246003">
        <ele>1211.01</ele>
      </trkpt>
      <trkpt lat="44.717532006" lon="6.760155999">
        <ele>1209.42</ele>
      </trkpt>
      <trkpt lat="44.717444001" lon="6.760021001">
        <ele>1208.5</ele>
      </trkpt>
      <trkpt lat="44.717327002" lon="6.759791002">
        <ele>1207.48</ele>
      </trkpt>
      <trkpt lat="44.717199004" lon="6.759507998">
        <ele>1206.46</ele>
      </trkpt>
      <trkpt lat="44.717071005" lon="6.759224995">
        <ele>1205.96</ele>
      </trkpt>
      <trkpt lat="44.716915994" lon="6.758882003">
        <ele>1205.87</ele>
      </trkpt>
      <trkpt lat="44.716761999" lon="6.758538006">
        <ele>1205.72</ele>
      </trkpt>
      <trkpt lat="44.716614002" lon="6.758214004">
        <ele>1205.98</ele>
      </trkpt>
      <trkpt lat="44.716466002" lon="6.757889006">
        <ele>1205.68</ele>
      </trkpt>
      <trkpt lat="44.716404003" lon="6.757748003">
        <ele>1205.5</ele>
      </trkpt>
      <trkpt lat="44.716236999" lon="6.757374006">
        <ele>1205.58</ele>
      </trkpt>
      <trkpt lat="44.716118997" lon="6.757081">
        <ele>1205.98</ele>
      </trkpt>
      <trkpt lat="44.716013005" lon="6.756748005">
        <ele>1206.46</ele>
      </trkpt>
      <trkpt lat="44.715935001" lon="6.756449999">
        <ele>1207.27</ele>
      </trkpt>
      <trkpt lat="44.715876004" lon="6.756114001">
        <ele>1208.02</ele>
      </trkpt>
      <trkpt lat="44.715839002" lon="6.755788004">
        <ele>1207.88</ele>
      </trkpt>
      <trkpt lat="44.715794" lon="6.755165998">
        <ele>1208.19</ele>
      </trkpt>
      <trkpt lat="44.715749001" lon="6.754542994">
        <ele>1206.25</ele>
      </trkpt>
      <trkpt lat="44.715710997" lon="6.753922001">
        <ele>1204.74</ele>
      </trkpt>
      <trkpt lat="44.715673999" lon="6.753301">
        <ele>1202.24</ele>
      </trkpt>
      <trkpt lat="44.715635997" lon="6.752680008">
        <ele>1200.24</ele>
      </trkpt>
      <trkpt lat="44.715604002" lon="6.752201007">
        <ele>1197.33</ele>
      </trkpt>
      <trkpt lat="44.715571998" lon="6.751723003">
        <ele>1196.72</ele>
      </trkpt>
      <trkpt lat="44.71552" lon="6.751337006">
        <ele>1196.57</ele>
      </trkpt>
      <trkpt lat="44.715511995" lon="6.751285998">
        <ele>1197.81</ele>
      </trkpt>
      <trkpt lat="44.715482998" lon="6.751130001">
        <ele>1198.03</ele>
      </trkpt>
      <trkpt lat="44.715455999" lon="6.750973">
        <ele>1198.38</ele>
      </trkpt>
      <trkpt lat="44.715428002" lon="6.750809006">
        <ele>1198.45</ele>
      </trkpt>
      <trkpt lat="44.715403998" lon="6.750670002">
        <ele>1197.71</ele>
      </trkpt>
      <trkpt lat="44.715390995" lon="6.75063">
        <ele>1196.41</ele>
      </trkpt>
      <trkpt lat="44.715373003" lon="6.750561995">
        <ele>1196.36</ele>
      </trkpt>
      <trkpt lat="44.715316996" lon="6.750365999">
        <ele>1195.72</ele>
      </trkpt>
      <trkpt lat="44.715277998" lon="6.750224998">
        <ele>1195.56</ele>
      </trkpt>
      <trkpt lat="44.715237003" lon="6.750082006">
        <ele>1195.72</ele>
      </trkpt>
      <trkpt lat="44.715196998" lon="6.749942">
        <ele>1195.85</ele>
      </trkpt>
      <trkpt lat="44.715173" lon="6.749873002">
        <ele>1195.87</ele>
      </trkpt>
      <trkpt lat="44.715166002" lon="6.749855003">
        <ele>1196.06</ele>
      </trkpt>
      <trkpt lat="44.715159003" lon="6.749836005">
        <ele>1196.09</ele>
      </trkpt>
      <trkpt lat="44.715129001" lon="6.749757998">
        <ele>1195.43</ele>
      </trkpt>
      <trkpt lat="44.714999001" lon="6.749444003">
        <ele>1194.98</ele>
      </trkpt>
      <trkpt lat="44.71487" lon="6.74913">
        <ele>1194.31</ele>
      </trkpt>
      <trkpt lat="44.714697" lon="6.748771999">
        <ele>1194.47</ele>
      </trkpt>
      <trkpt lat="44.714537999" lon="6.748465">
        <ele>1194.48</ele>
      </trkpt>
      <trkpt lat="44.714378997" lon="6.748158004">
        <ele>1194.01</ele>
      </trkpt>
      <trkpt lat="44.714185004" lon="6.747780004">
        <ele>1193.1</ele>
      </trkpt>
      <trkpt lat="44.713991004" lon="6.747402991">
        <ele>1192.33</ele>
      </trkpt>
      <trkpt lat="44.713840006" lon="6.747109996">
        <ele>1191.2</ele>
      </trkpt>
      <trkpt lat="44.713688997" lon="6.746816003">
        <ele>1190.02</ele>
      </trkpt>
      <trkpt lat="44.713625002" lon="6.746700002">
        <ele>1189.23</ele>
      </trkpt>
      <trkpt lat="44.713605" lon="6.746662001">
        <ele>1189.12</ele>
      </trkpt>
      <trkpt lat="44.713444003" lon="6.746338994">
        <ele>1188.67</ele>
      </trkpt>
      <trkpt lat="44.713266997" lon="6.745995001">
        <ele>1188.45</ele>
      </trkpt>
      <trkpt lat="44.713089996" lon="6.74565">
        <ele>1188.13</ele>
      </trkpt>
      <trkpt lat="44.712833996" lon="6.745141996">
        <ele>1187.87</ele>
      </trkpt>
      <trkpt lat="44.712691996" lon="6.744869002">
        <ele>1187.2</ele>
      </trkpt>
      <trkpt lat="44.712549999" lon="6.744596995">
        <ele>1186.75</ele>
      </trkpt>
      <trkpt lat="44.712327998" lon="6.744145008">
        <ele>1186.42</ele>
      </trkpt>
      <trkpt lat="44.712180005" lon="6.743803997">
        <ele>1185.6</ele>
      </trkpt>
      <trkpt lat="44.712097005" lon="6.743516">
        <ele>1185.5</ele>
      </trkpt>
      <trkpt lat="44.71203" lon="6.743052997">
        <ele>1184.68</ele>
      </trkpt>
      <trkpt lat="44.711997002" lon="6.742873997">
        <ele>1183.83</ele>
      </trkpt>
      <trkpt lat="44.711925001" lon="6.742588997">
        <ele>1183.38</ele>
      </trkpt>
      <trkpt lat="44.711789" lon="6.742275991">
        <ele>1183.32</ele>
      </trkpt>
      <trkpt lat="44.711636005" lon="6.742062999">
        <ele>1182.27</ele>
      </trkpt>
      <trkpt lat="44.711356998" lon="6.741808993">
        <ele>1181.6</ele>
      </trkpt>
      <trkpt lat="44.711108997" lon="6.741560008">
        <ele>1180.34</ele>
      </trkpt>
      <trkpt lat="44.71089" lon="6.741295006">
        <ele>1178.65</ele>
      </trkpt>
      <trkpt lat="44.710635004" lon="6.740861">
        <ele>1177.17</ele>
      </trkpt>
      <trkpt lat="44.710379996" lon="6.740365999">
        <ele>1176.54</ele>
      </trkpt>
      <trkpt lat="44.710150003" lon="6.739905996">
        <ele>1176.25</ele>
      </trkpt>
      <trkpt lat="44.709920002" lon="6.739446994">
        <ele>1176.59</ele>
      </trkpt>
      <trkpt lat="44.709689996" lon="6.738986998">
        <ele>1176.18</ele>
      </trkpt>
      <trkpt lat="44.709496004" lon="6.738601998">
        <ele>1175.79</ele>
      </trkpt>
      <trkpt lat="44.709301001" lon="6.738216996">
        <ele>1175.34</ele>
      </trkpt>
      <trkpt lat="44.709106996" lon="6.737832">
        <ele>1175.04</ele>
      </trkpt>
      <trkpt lat="44.708918002" lon="6.737459006">
        <ele>1174.66</ele>
      </trkpt>
      <trkpt lat="44.708727996" lon="6.737084999">
        <ele>1174.71</ele>
      </trkpt>
      <trkpt lat="44.708550999" lon="6.736733003">
        <ele>1174.44</ele>
      </trkpt>
      <trkpt lat="44.708431006" lon="6.736392">
        <ele>1174.23</ele>
      </trkpt>
      <trkpt lat="44.708358995" lon="6.736104992">
        <ele>1174.1</ele>
      </trkpt>
      <trkpt lat="44.708283001" lon="6.735689006">
        <ele>1174.28</ele>
      </trkpt>
      <trkpt lat="44.708233" lon="6.735246006">
        <ele>1174.18</ele>
      </trkpt>
      <trkpt lat="44.708242999" lon="6.734744996">
        <ele>1173.44</ele>
      </trkpt>
      <trkpt lat="44.708304999" lon="6.734255008">
        <ele>1174.17</ele>
      </trkpt>
      <trkpt lat="44.708389001" lon="6.733883996">
        <ele>1172.26</ele>
      </trkpt>
      <trkpt lat="44.708540996" lon="6.733461996">
        <ele>1171.51</ele>
      </trkpt>
      <trkpt lat="44.708744994" lon="6.733025004">
        <ele>1170.32</ele>
      </trkpt>
      <trkpt lat="44.708893998" lon="6.732639998">
        <ele>1169.91</ele>
      </trkpt>
      <trkpt lat="44.708967999" lon="6.732339005">
        <ele>1167.33</ele>
      </trkpt>
      <trkpt lat="44.709012999" lon="6.731945998">
        <ele>1167.58</ele>
      </trkpt>
      <trkpt lat="44.709013001" lon="6.731637">
        <ele>1166.92</ele>
      </trkpt>
      <trkpt lat="44.708951" lon="6.731315005">
        <ele>1167.41</ele>
      </trkpt>
      <trkpt lat="44.708877996" lon="6.730986999">
        <ele>1166.75</ele>
      </trkpt>
      <trkpt lat="44.708804994" lon="6.730660004">
        <ele>1166.83</ele>
      </trkpt>
      <trkpt lat="44.708642003" lon="6.730084997">
        <ele>1165.22</ele>
      </trkpt>
      <trkpt lat="44.708532999" lon="6.729788">
        <ele>1163.52</ele>
      </trkpt>
      <trkpt lat="44.708423002" lon="6.729491001">
        <ele>1160.79</ele>
      </trkpt>
      <trkpt lat="44.708217998" lon="6.729013">
        <ele>1159.93</ele>
      </trkpt>
      <trkpt lat="44.708072996" lon="6.728713003">
        <ele>1158.2</ele>
      </trkpt>
      <trkpt lat="44.707929004" lon="6.728414009">
        <ele>1157.89</ele>
      </trkpt>
      <trkpt lat="44.707690001" lon="6.727905997">
        <ele>1156.88</ele>
      </trkpt>
      <trkpt lat="44.707451995" lon="6.727398005">
        <ele>1156.28</ele>
      </trkpt>
      <trkpt lat="44.707266003" lon="6.726994003">
        <ele>1155.15</ele>
      </trkpt>
      <trkpt lat="44.707080004" lon="6.726591001">
        <ele>1154.74</ele>
      </trkpt>
      <trkpt lat="44.706883998" lon="6.726179997">
        <ele>1153.57</ele>
      </trkpt>
      <trkpt lat="44.706688003" lon="6.725769994">
        <ele>1153</ele>
      </trkpt>
      <trkpt lat="44.706498998" lon="6.725352003">
        <ele>1152.99</ele>
      </trkpt>
      <trkpt lat="44.706291999" lon="6.724973998">
        <ele>1153.07</ele>
      </trkpt>
      <trkpt lat="44.706088003" lon="6.724654003">
        <ele>1153.05</ele>
      </trkpt>
      <trkpt lat="44.705889996" lon="6.724389004">
        <ele>1153.84</ele>
      </trkpt>
      <trkpt lat="44.705695" lon="6.724097994">
        <ele>1154.05</ele>
      </trkpt>
      <trkpt lat="44.705526996" lon="6.723772994">
        <ele>1154.05</ele>
      </trkpt>
      <trkpt lat="44.705354003" lon="6.723262">
        <ele>1154.07</ele>
      </trkpt>
      <trkpt lat="44.705346001" lon="6.723229003">
        <ele>1154.25</ele>
      </trkpt>
      <trkpt lat="44.705326002" lon="6.723138998">
        <ele>1154.48</ele>
      </trkpt>
      <trkpt lat="44.705322003" lon="6.723129002">
        <ele>1154.95</ele>
      </trkpt>
      <trkpt lat="44.705292994" lon="6.723003002">
        <ele>1155.63</ele>
      </trkpt>
      <trkpt lat="44.705254001" lon="6.722739004">
        <ele>1156.02</ele>
      </trkpt>
      <trkpt lat="44.705237003" lon="6.722301006">
        <ele>1155.93</ele>
      </trkpt>
      <trkpt lat="44.705226003" lon="6.721898995">
        <ele>1155.28</ele>
      </trkpt>
      <trkpt lat="44.705214001" lon="6.721496993">
        <ele>1155.21</ele>
      </trkpt>
      <trkpt lat="44.705208004" lon="6.721037001">
        <ele>1154.04</ele>
      </trkpt>
      <trkpt lat="44.705142996" lon="6.720543003">
        <ele>1153.08</ele>
      </trkpt>
      <trkpt lat="44.705061001" lon="6.720244001">
        <ele>1152.04</ele>
      </trkpt>
      <trkpt lat="44.704880994" lon="6.719860998">
        <ele>1151.24</ele>
      </trkpt>
      <trkpt lat="44.704709002" lon="6.719638992">
        <ele>1150.05</ele>
      </trkpt>
      <trkpt lat="44.704697973" lon="6.719623376">
        <ele>1149.05</ele>
      </trkpt>
      <trkpt lat="44.704697001" lon="6.719621997">
        <ele>1147.1</ele>
      </trkpt>
      <trkpt lat="44.704651996" lon="6.719564995">
        <ele>1149.77</ele>
      </trkpt>
      <trkpt lat="44.704394005" lon="6.719365995">
        <ele>1150.34</ele>
      </trkpt>
      <trkpt lat="44.703994" lon="6.719150002">
        <ele>1150.23</ele>
      </trkpt>
      <trkpt lat="44.703593996" lon="6.718934">
        <ele>1147.75</ele>
      </trkpt>
      <trkpt lat="44.703307998" lon="6.718766999">
        <ele>1147.18</ele>
      </trkpt>
      <trkpt lat="44.703145005" lon="6.718614004">
        <ele>1141.3</ele>
      </trkpt>
      <trkpt lat="44.702983001" lon="6.718375001">
        <ele>1137.97</ele>
      </trkpt>
      <trkpt lat="44.702881999" lon="6.718178006">
        <ele>1136</ele>
      </trkpt>
      <trkpt lat="44.702787002" lon="6.717922999">
        <ele>1136.02</ele>
      </trkpt>
      <trkpt lat="44.702674999" lon="6.717598992">
        <ele>1134.73</ele>
      </trkpt>
      <trkpt lat="44.702535001" lon="6.717226999">
        <ele>1134.85</ele>
      </trkpt>
      <trkpt lat="44.702445" lon="6.717022002">
        <ele>1135.29</ele>
      </trkpt>
      <trkpt lat="44.702326998" lon="6.716829007">
        <ele>1135.21</ele>
      </trkpt>
      <trkpt lat="44.702179999" lon="6.716641996">
        <ele>1134.79</ele>
      </trkpt>
      <trkpt lat="44.701952001" lon="6.716414998">
        <ele>1134.39</ele>
      </trkpt>
      <trkpt lat="44.701684" lon="6.716168009">
        <ele>1133.46</ele>
      </trkpt>
      <trkpt lat="44.701538998" lon="6.716023999">
        <ele>1131.42</ele>
      </trkpt>
      <trkpt lat="44.701388001" lon="6.715864998">
        <ele>1130.03</ele>
      </trkpt>
      <trkpt lat="44.701293999" lon="6.715733999">
        <ele>1130.35</ele>
      </trkpt>
      <trkpt lat="44.701159998" lon="6.71549">
        <ele>1129.67</ele>
      </trkpt>
      <trkpt lat="44.701023999" lon="6.715149007">
        <ele>1128.56</ele>
      </trkpt>
      <trkpt lat="44.700890002" lon="6.714680994">
        <ele>1127.85</ele>
      </trkpt>
      <trkpt lat="44.700838002" lon="6.714559001">
        <ele>1126.72</ele>
      </trkpt>
      <trkpt lat="44.700832997" lon="6.714546994">
        <ele>1125.36</ele>
      </trkpt>
      <trkpt lat="44.700792002" lon="6.714447008">
        <ele>1124.84</ele>
      </trkpt>
      <trkpt lat="44.700750995" lon="6.71436">
        <ele>1125.17</ele>
      </trkpt>
      <trkpt lat="44.700615003" lon="6.714063002">
        <ele>1125.57</ele>
      </trkpt>
      <trkpt lat="44.700407002" lon="6.713636995">
        <ele>1124.94</ele>
      </trkpt>
      <trkpt lat="44.700226998" lon="6.713201996">
        <ele>1124.15</ele>
      </trkpt>
      <trkpt lat="44.700130003" lon="6.712912998">
        <ele>1124.14</ele>
      </trkpt>
      <trkpt lat="44.700033002" lon="6.712624999">
        <ele>1125.35</ele>
      </trkpt>
      <trkpt lat="44.699936004" lon="6.712274007">
        <ele>1125.15</ele>
      </trkpt>
      <trkpt lat="44.699792002" lon="6.711897005">
        <ele>1129.46</ele>
      </trkpt>
      <trkpt lat="44.699677998" lon="6.711672993">
        <ele>1134.17</ele>
      </trkpt>
      <trkpt lat="44.699470001" lon="6.711292002">
        <ele>1138.25</ele>
      </trkpt>
      <trkpt lat="44.699262001" lon="6.710910002">
        <ele>1136.05</ele>
      </trkpt>
      <trkpt lat="44.699053994" lon="6.710529004">
        <ele>1133.3</ele>
      </trkpt>
      <trkpt lat="44.698846001" lon="6.710146998">
        <ele>1127.3</ele>
      </trkpt>
      <trkpt lat="44.698693" lon="6.709900002">
        <ele>1120.54</ele>
      </trkpt>
      <trkpt lat="44.698608997" lon="6.709759001">
        <ele>1113.34</ele>
      </trkpt>
      <trkpt lat="44.698513998" lon="6.709600002">
        <ele>1111.05</ele>
      </trkpt>
      <trkpt lat="44.698306001" lon="6.709238992">
        <ele>1110.32</ele>
      </trkpt>
      <trkpt lat="44.698132001" lon="6.708967998">
        <ele>1109.46</ele>
      </trkpt>
      <trkpt lat="44.697884" lon="6.708656002">
        <ele>1109.16</ele>
      </trkpt>
      <trkpt lat="44.697552997" lon="6.708261003">
        <ele>1108.23</ele>
      </trkpt>
      <trkpt lat="44.697223001" lon="6.707882995">
        <ele>1106.89</ele>
      </trkpt>
      <trkpt lat="44.697045001" lon="6.707684999">
        <ele>1106.79</ele>
      </trkpt>
      <trkpt lat="44.696866" lon="6.707487001">
        <ele>1105.47</ele>
      </trkpt>
      <trkpt lat="44.696617" lon="6.707212001">
        <ele>1103.81</ele>
      </trkpt>
      <trkpt lat="44.696367999" lon="6.706937004">
        <ele>1103.53</ele>
      </trkpt>
      <trkpt lat="44.696023" lon="6.706555005">
        <ele>1103.12</ele>
      </trkpt>
      <trkpt lat="44.695835" lon="6.706356004">
        <ele>1101.55</ele>
      </trkpt>
      <trkpt lat="44.695618004" lon="6.706188">
        <ele>1100.13</ele>
      </trkpt>
      <trkpt lat="44.695346" lon="6.706012002">
        <ele>1099.76</ele>
      </trkpt>
      <trkpt lat="44.695126" lon="6.705903001">
        <ele>1098.8</ele>
      </trkpt>
      <trkpt lat="44.694905999" lon="6.705794">
        <ele>1098.39</ele>
      </trkpt>
      <trkpt lat="44.694677999" lon="6.705682995">
        <ele>1098.15</ele>
      </trkpt>
      <trkpt lat="44.694450002" lon="6.705573002">
        <ele>1098.26</ele>
      </trkpt>
      <trkpt lat="44.694433001" lon="6.705564996">
        <ele>1097.55</ele>
      </trkpt>
      <trkpt lat="44.694273994" lon="6.705479005">
        <ele>1097.35</ele>
      </trkpt>
      <trkpt lat="44.694222004" lon="6.705448997">
        <ele>1096.71</ele>
      </trkpt>
      <trkpt lat="44.694187004" lon="6.705430001">
        <ele>1095.71</ele>
      </trkpt>
      <trkpt lat="44.693936001" lon="6.705290003">
        <ele>1095.29</ele>
      </trkpt>
      <trkpt lat="44.693703001" lon="6.705154994">
        <ele>1094.36</ele>
      </trkpt>
      <trkpt lat="44.693495005" lon="6.705011006">
        <ele>1093.22</ele>
      </trkpt>
      <trkpt lat="44.693328004" lon="6.704878992">
        <ele>1092.06</ele>
      </trkpt>
      <trkpt lat="44.693132999" lon="6.704684007">
        <ele>1091.34</ele>
      </trkpt>
      <trkpt lat="44.692978002" lon="6.704505996">
        <ele>1090.2</ele>
      </trkpt>
      <trkpt lat="44.692786004" lon="6.704225001">
        <ele>1089.69</ele>
      </trkpt>
      <trkpt lat="44.692666002" lon="6.704011998">
        <ele>1089.14</ele>
      </trkpt>
      <trkpt lat="44.692532003" lon="6.703745992">
        <ele>1088.72</ele>
      </trkpt>
      <trkpt lat="44.692412998" lon="6.703496996">
        <ele>1087.13</ele>
      </trkpt>
      <trkpt lat="44.692236994" lon="6.703183994">
        <ele>1085.72</ele>
      </trkpt>
      <trkpt lat="44.691998997" lon="6.702835">
        <ele>1084.82</ele>
      </trkpt>
      <trkpt lat="44.691791998" lon="6.702589">
        <ele>1084.69</ele>
      </trkpt>
      <trkpt lat="44.691555997" lon="6.702361008">
        <ele>1084.28</ele>
      </trkpt>
      <trkpt lat="44.691236998" lon="6.702094998">
        <ele>1084.42</ele>
      </trkpt>
      <trkpt lat="44.691033996" lon="6.701920995">
        <ele>1084.62</ele>
      </trkpt>
      <trkpt lat="44.690831996" lon="6.701748007">
        <ele>1083.97</ele>
      </trkpt>
      <trkpt lat="44.690533996" lon="6.701489008">
        <ele>1082.37</ele>
      </trkpt>
      <trkpt lat="44.690235998" lon="6.701230997">
        <ele>1081.06</ele>
      </trkpt>
      <trkpt lat="44.689938006" lon="6.700972004">
        <ele>1080.09</ele>
      </trkpt>
      <trkpt lat="44.689641005" lon="6.700713002">
        <ele>1078.32</ele>
      </trkpt>
      <trkpt lat="44.689322998" lon="6.700438005">
        <ele>1078.24</ele>
      </trkpt>
      <trkpt lat="44.689004999" lon="6.700162999">
        <ele>1078.31</ele>
      </trkpt>
      <trkpt lat="44.688732997" lon="6.699934999">
        <ele>1078.24</ele>
      </trkpt>
      <trkpt lat="44.688461004" lon="6.699707002">
        <ele>1078.19</ele>
      </trkpt>
      <trkpt lat="44.688120004" lon="6.699438995">
        <ele>1078.92</ele>
      </trkpt>
      <trkpt lat="44.687840004" lon="6.699230994">
        <ele>1077.73</ele>
      </trkpt>
      <trkpt lat="44.687560004" lon="6.699023008">
        <ele>1076.67</ele>
      </trkpt>
      <trkpt lat="44.687292003" lon="6.698832994">
        <ele>1076.14</ele>
      </trkpt>
      <trkpt lat="44.687023998" lon="6.698641997">
        <ele>1075.5</ele>
      </trkpt>
      <trkpt lat="44.686736001" lon="6.698475006">
        <ele>1074.51</ele>
      </trkpt>
      <trkpt lat="44.686611996" lon="6.69842">
        <ele>1074.3</ele>
      </trkpt>
      <trkpt lat="44.686546001" lon="6.698391003">
        <ele>1075.49</ele>
      </trkpt>
      <trkpt lat="44.686302999" lon="6.698325008">
        <ele>1080.08</ele>
      </trkpt>
      <trkpt lat="44.686060998" lon="6.698259003">
        <ele>1085.12</ele>
      </trkpt>
      <trkpt lat="44.685671999" lon="6.698209998">
        <ele>1089.76</ele>
      </trkpt>
      <trkpt lat="44.685384997" lon="6.698189008">
        <ele>1092.46</ele>
      </trkpt>
      <trkpt lat="44.685098004" lon="6.698168005">
        <ele>1092.09</ele>
      </trkpt>
      <trkpt lat="44.684819998" lon="6.698163991">
        <ele>1088.34</ele>
      </trkpt>
      <trkpt lat="44.684587997" lon="6.698176">
        <ele>1084.58</ele>
      </trkpt>
      <trkpt lat="44.684443999" lon="6.698140995">
        <ele>1080.9</ele>
      </trkpt>
      <trkpt lat="44.684334001" lon="6.698066004">
        <ele>1079.12</ele>
      </trkpt>
      <trkpt lat="44.684167997" lon="6.697887002">
        <ele>1077.67</ele>
      </trkpt>
      <trkpt lat="44.684016003" lon="6.697702996">
        <ele>1075.95</ele>
      </trkpt>
      <trkpt lat="44.683861003" lon="6.697568997">
        <ele>1077.76</ele>
      </trkpt>
      <trkpt lat="44.683647001" lon="6.697464008">
        <ele>1079.6</ele>
      </trkpt>
      <trkpt lat="44.683458994" lon="6.697414998">
        <ele>1078.48</ele>
      </trkpt>
      <trkpt lat="44.683163003" lon="6.697389">
        <ele>1079.5</ele>
      </trkpt>
      <trkpt lat="44.682922998" lon="6.697348994">
        <ele>1081.05</ele>
      </trkpt>
      <trkpt lat="44.682763005" lon="6.697286994">
        <ele>1077.66</ele>
      </trkpt>
      <trkpt lat="44.682571997" lon="6.697276003">
        <ele>1074.82</ele>
      </trkpt>
      <trkpt lat="44.682417997" lon="6.697299997">
        <ele>1072.97</ele>
      </trkpt>
      <trkpt lat="44.682207999" lon="6.697343999">
        <ele>1070.86</ele>
      </trkpt>
      <trkpt lat="44.682045996" lon="6.697360999">
        <ele>1066.95</ele>
      </trkpt>
      <trkpt lat="44.681914005" lon="6.697329996">
        <ele>1063.64</ele>
      </trkpt>
      <trkpt lat="44.681778996" lon="6.697247998">
        <ele>1060.92</ele>
      </trkpt>
      <trkpt lat="44.681525" lon="6.697028008">
        <ele>1061.21</ele>
      </trkpt>
      <trkpt lat="44.681266994" lon="6.696783995">
        <ele>1061.27</ele>
      </trkpt>
      <trkpt lat="44.681080999" lon="6.696540001">
        <ele>1064.2</ele>
      </trkpt>
      <trkpt lat="44.680890997" lon="6.696257001">
        <ele>1067.11</ele>
      </trkpt>
      <trkpt lat="44.680692001" lon="6.696014999">
        <ele>1070.75</ele>
      </trkpt>
      <trkpt lat="44.680504998" lon="6.695858006">
        <ele>1071.32</ele>
      </trkpt>
      <trkpt lat="44.680358" lon="6.695748004">
        <ele>1071.88</ele>
      </trkpt>
      <trkpt lat="44.680143004" lon="6.695656">
        <ele>1071.23</ele>
      </trkpt>
      <trkpt lat="44.679868998" lon="6.695589997">
        <ele>1071.1</ele>
      </trkpt>
      <trkpt lat="44.679585005" lon="6.695551004">
        <ele>1069</ele>
      </trkpt>
      <trkpt lat="44.679344997" lon="6.695496001">
        <ele>1067.51</ele>
      </trkpt>
      <trkpt lat="44.679127996" lon="6.695371997">
        <ele>1066.17</ele>
      </trkpt>
      <trkpt lat="44.678976999" lon="6.695238999">
        <ele>1063.72</ele>
      </trkpt>
      <trkpt lat="44.678815999" lon="6.695100003">
        <ele>1061.88</ele>
      </trkpt>
      <trkpt lat="44.678698002" lon="6.695068005">
        <ele>1059.75</ele>
      </trkpt>
      <trkpt lat="44.678655995" lon="6.695057997">
        <ele>1058.71</ele>
      </trkpt>
      <trkpt lat="44.678471714" lon="6.695042062">
        <ele>1057.71</ele>
      </trkpt>
      <trkpt lat="44.678470995" lon="6.695042002">
        <ele>1058.82</ele>
      </trkpt>
      <trkpt lat="44.678450002" lon="6.695041003">
        <ele>1061.11</ele>
      </trkpt>
      <trkpt lat="44.678388998" lon="6.695031997">
        <ele>1065.16</ele>
      </trkpt>
      <trkpt lat="44.678300998" lon="6.695017998">
        <ele>1068.57</ele>
      </trkpt>
      <trkpt lat="44.678252001" lon="6.695013001">
        <ele>1071.81</ele>
      </trkpt>
      <trkpt lat="44.678136997" lon="6.694961001">
        <ele>1074.15</ele>
      </trkpt>
      <trkpt lat="44.678022001" lon="6.694822993">
        <ele>1074.89</ele>
      </trkpt>
      <trkpt lat="44.677856" lon="6.694530992">
        <ele>1072.4</ele>
      </trkpt>
      <trkpt lat="44.677645997" lon="6.694227996">
        <ele>1069.36</ele>
      </trkpt>
      <trkpt lat="44.677427995" lon="6.693960996">
        <ele>1066.74</ele>
      </trkpt>
      <trkpt lat="44.677301999" lon="6.693831996">
        <ele>1064.41</ele>
      </trkpt>
      <trkpt lat="44.677216003" lon="6.693789002">
        <ele>1060.55</ele>
      </trkpt>
      <trkpt lat="44.677142001" lon="6.693788997">
        <ele>1059.26</ele>
      </trkpt>
      <trkpt lat="44.677031994" lon="6.693833998">
        <ele>1059.34</ele>
      </trkpt>
      <trkpt lat="44.676939006" lon="6.693897004">
        <ele>1059.58</ele>
      </trkpt>
      <trkpt lat="44.676840997" lon="6.693922001">
        <ele>1059.22</ele>
      </trkpt>
      <trkpt lat="44.676744994" lon="6.693888001">
        <ele>1060.18</ele>
      </trkpt>
      <trkpt lat="44.676724997" lon="6.693865001">
        <ele>1060.38</ele>
      </trkpt>
      <trkpt lat="44.676675996" lon="6.693811007">
        <ele>1060.22</ele>
      </trkpt>
      <trkpt lat="44.676628995" lon="6.693718998">
        <ele>1060.41</ele>
      </trkpt>
      <trkpt lat="44.676615" lon="6.693689003">
        <ele>1061.36</ele>
      </trkpt>
      <trkpt lat="44.676574003" lon="6.693556992">
        <ele>1062.19</ele>
      </trkpt>
      <trkpt lat="44.676513998" lon="6.693383997">
        <ele>1064.56</ele>
      </trkpt>
      <trkpt lat="44.676460003" lon="6.693289003">
        <ele>1067.11</ele>
      </trkpt>
      <trkpt lat="44.676392004" lon="6.693235002">
        <ele>1068.42</ele>
      </trkpt>
      <trkpt lat="44.676339" lon="6.693184006">
        <ele>1071.22</ele>
      </trkpt>
      <trkpt lat="44.676281996" lon="6.693130006">
        <ele>1072.87</ele>
      </trkpt>
      <trkpt lat="44.676228001" lon="6.693071998">
        <ele>1074.82</ele>
      </trkpt>
      <trkpt lat="44.676080001" lon="6.692864004">
        <ele>1075.91</ele>
      </trkpt>
      <trkpt lat="44.675981006" lon="6.692666992">
        <ele>1076.79</ele>
      </trkpt>
      <trkpt lat="44.675885998" lon="6.692471999">
        <ele>1075.12</ele>
      </trkpt>
      <trkpt lat="44.675781999" lon="6.692322003">
        <ele>1076.48</ele>
      </trkpt>
      <trkpt lat="44.675698998" lon="6.692209005">
        <ele>1075.86</ele>
      </trkpt>
      <trkpt lat="44.675630005" lon="6.692116997">
        <ele>1077.32</ele>
      </trkpt>
      <trkpt lat="44.675574001" lon="6.692016001">
        <ele>1077.22</ele>
      </trkpt>
      <trkpt lat="44.675549002" lon="6.691922002">
        <ele>1077.66</ele>
      </trkpt>
      <trkpt lat="44.675532997" lon="6.691679003">
        <ele>1075.28</ele>
      </trkpt>
      <trkpt lat="44.675538995" lon="6.691457997">
        <ele>1074.58</ele>
      </trkpt>
      <trkpt lat="44.675524001" lon="6.691286998">
        <ele>1071.9</ele>
      </trkpt>
      <trkpt lat="44.675501002" lon="6.691139006">
        <ele>1071.04</ele>
      </trkpt>
      <trkpt lat="44.67545" lon="6.690966999">
        <ele>1071.31</ele>
      </trkpt>
      <trkpt lat="44.675368998" lon="6.690782996">
        <ele>1072.03</ele>
      </trkpt>
      <trkpt lat="44.675323999" lon="6.690669006">
        <ele>1071.05</ele>
      </trkpt>
      <trkpt lat="44.675304" lon="6.690548002">
        <ele>1070.48</ele>
      </trkpt>
      <trkpt lat="44.675285999" lon="6.690439003">
        <ele>1072.03</ele>
      </trkpt>
      <trkpt lat="44.675277998" lon="6.690376005">
        <ele>1072.74</ele>
      </trkpt>
      <trkpt lat="44.675262" lon="6.690237997">
        <ele>1073.46</ele>
      </trkpt>
      <trkpt lat="44.675182002" lon="6.689881003">
        <ele>1077.12</ele>
      </trkpt>
      <trkpt lat="44.675153999" lon="6.689799996">
        <ele>1080.4</ele>
      </trkpt>
      <trkpt lat="44.675116005" lon="6.689733997">
        <ele>1080.8</ele>
      </trkpt>
      <trkpt lat="44.675064001" lon="6.689650003">
        <ele>1082.63</ele>
      </trkpt>
      <trkpt lat="44.674973001" lon="6.689518992">
        <ele>1086.29</ele>
      </trkpt>
      <trkpt lat="44.67487" lon="6.689363007">
        <ele>1087.98</ele>
      </trkpt>
      <trkpt lat="44.674831004" lon="6.689310003">
        <ele>1091.4</ele>
      </trkpt>
      <trkpt lat="44.674703001" lon="6.689194">
        <ele>1096.25</ele>
      </trkpt>
      <trkpt lat="44.674612002" lon="6.689037009">
        <ele>1098.02</ele>
      </trkpt>
      <trkpt lat="44.674561998" lon="6.688881997">
        <ele>1097.85</ele>
      </trkpt>
      <trkpt lat="44.674469004" lon="6.688624005">
        <ele>1100.33</ele>
      </trkpt>
      <trkpt lat="44.674362002" lon="6.688385003">
        <ele>1097.33</ele>
      </trkpt>
      <trkpt lat="44.674284" lon="6.688164992">
        <ele>1092.97</ele>
      </trkpt>
      <trkpt lat="44.674207998" lon="6.687821999">
        <ele>1089.1</ele>
      </trkpt>
      <trkpt lat="44.674147998" lon="6.687474005">
        <ele>1089.57</ele>
      </trkpt>
      <trkpt lat="44.674049001" lon="6.687110006">
        <ele>1089.87</ele>
      </trkpt>
      <trkpt lat="44.674022002" lon="6.686988005">
        <ele>1087.62</ele>
      </trkpt>
      <trkpt lat="44.674011004" lon="6.686886996">
        <ele>1085.94</ele>
      </trkpt>
      <trkpt lat="44.674030004" lon="6.686684998">
        <ele>1086.27</ele>
      </trkpt>
      <trkpt lat="44.674097994" lon="6.686306004">
        <ele>1081.03</ele>
      </trkpt>
      <trkpt lat="44.674166996" lon="6.685927997">
        <ele>1077.81</ele>
      </trkpt>
      <trkpt lat="44.674225003" lon="6.685720001">
        <ele>1075.83</ele>
      </trkpt>
      <trkpt lat="44.674282999" lon="6.685613997">
        <ele>1073.21</ele>
      </trkpt>
      <trkpt lat="44.674335005" lon="6.685528998">
        <ele>1073.79</ele>
      </trkpt>
      <trkpt lat="44.674440003" lon="6.685364003">
        <ele>1075.7</ele>
      </trkpt>
      <trkpt lat="44.674490003" lon="6.685250996">
        <ele>1071.9</ele>
      </trkpt>
      <trkpt lat="44.674506999" lon="6.685150998">
        <ele>1072.81</ele>
      </trkpt>
      <trkpt lat="44.674507999" lon="6.685054993">
        <ele>1076.66</ele>
      </trkpt>
      <trkpt lat="44.674496" lon="6.684947994">
        <ele>1074.8</ele>
      </trkpt>
      <trkpt lat="44.674446998" lon="6.684796008">
        <ele>1075.81</ele>
      </trkpt>
      <trkpt lat="44.674324998" lon="6.684595996">
        <ele>1078.77</ele>
      </trkpt>
      <trkpt lat="44.674217001" lon="6.684484004">
        <ele>1083.86</ele>
      </trkpt>
      <trkpt lat="44.674109998" lon="6.684425999">
        <ele>1089.59</ele>
      </trkpt>
      <trkpt lat="44.673936003" lon="6.684364001">
        <ele>1095.28</ele>
      </trkpt>
      <trkpt lat="44.673795995" lon="6.684296005">
        <ele>1099.02</ele>
      </trkpt>
      <trkpt lat="44.673732998" lon="6.684262996">
        <ele>1101.7</ele>
      </trkpt>
      <trkpt lat="44.673698001" lon="6.684200003">
        <ele>1103.03</ele>
      </trkpt>
      <trkpt lat="44.673592" lon="6.684034008">
        <ele>1102.64</ele>
      </trkpt>
      <trkpt lat="44.673515002" lon="6.683914006">
        <ele>1103.81</ele>
      </trkpt>
      <trkpt lat="44.673363003" lon="6.683772007">
        <ele>1104.95</ele>
      </trkpt>
      <trkpt lat="44.673261995" lon="6.683654994">
        <ele>1103.28</ele>
      </trkpt>
      <trkpt lat="44.673211996" lon="6.683573994">
        <ele>1104.06</ele>
      </trkpt>
      <trkpt lat="44.673166003" lon="6.683490996">
        <ele>1104.86</ele>
      </trkpt>
      <trkpt lat="44.673015003" lon="6.683332001">
        <ele>1104.68</ele>
      </trkpt>
      <trkpt lat="44.672827004" lon="6.683155998">
        <ele>1103.26</ele>
      </trkpt>
      <trkpt lat="44.672749994" lon="6.683045003">
        <ele>1105.59</ele>
      </trkpt>
      <trkpt lat="44.672699999" lon="6.682902999">
        <ele>1103.94</ele>
      </trkpt>
      <trkpt lat="44.672652001" lon="6.682749999">
        <ele>1101.84</ele>
      </trkpt>
      <trkpt lat="44.672598999" lon="6.682655">
        <ele>1101.8</ele>
      </trkpt>
      <trkpt lat="44.672518" lon="6.682546006">
        <ele>1100.7</ele>
      </trkpt>
      <trkpt lat="44.672410001" lon="6.682424005">
        <ele>1098.45</ele>
      </trkpt>
      <trkpt lat="44.672347999" lon="6.682346997">
        <ele>1097.67</ele>
      </trkpt>
      <trkpt lat="44.672300997" lon="6.682247995">
        <ele>1096.18</ele>
      </trkpt>
      <trkpt lat="44.672260998" lon="6.682142998">
        <ele>1093.3</ele>
      </trkpt>
      <trkpt lat="44.672191997" lon="6.682014998">
        <ele>1091.14</ele>
      </trkpt>
      <trkpt lat="44.672084995" lon="6.681901994">
        <ele>1091.46</ele>
      </trkpt>
      <trkpt lat="44.671961997" lon="6.681867996">
        <ele>1095.39</ele>
      </trkpt>
      <trkpt lat="44.67173" lon="6.681801003">
        <ele>1101.26</ele>
      </trkpt>
      <trkpt lat="44.671420999" lon="6.681713996">
        <ele>1109.53</ele>
      </trkpt>
      <trkpt lat="44.671111997" lon="6.681627003">
        <ele>1113.51</ele>
      </trkpt>
      <trkpt lat="44.671012995" lon="6.681587995">
        <ele>1115.71</ele>
      </trkpt>
      <trkpt lat="44.670818995" lon="6.681459">
        <ele>1114.93</ele>
      </trkpt>
      <trkpt lat="44.670728996" lon="6.681386997">
        <ele>1114.02</ele>
      </trkpt>
      <trkpt lat="44.670611002" lon="6.681073005">
        <ele>1109.8</ele>
      </trkpt>
      <trkpt lat="44.670373998" lon="6.680678006">
        <ele>1112.54</ele>
      </trkpt>
      <trkpt lat="44.670209002" lon="6.680455">
        <ele>1116.93</ele>
      </trkpt>
      <trkpt lat="44.670043996" lon="6.680231995">
        <ele>1121.05</ele>
      </trkpt>
      <trkpt lat="44.669743998" lon="6.679833">
        <ele>1123.14</ele>
      </trkpt>
      <trkpt lat="44.669506" lon="6.679460997">
        <ele>1127.2</ele>
      </trkpt>
      <trkpt lat="44.669343" lon="6.679205001">
        <ele>1130.53</ele>
      </trkpt>
      <trkpt lat="44.669178997" lon="6.678947994">
        <ele>1130.45</ele>
      </trkpt>
      <trkpt lat="44.668966004" lon="6.678543002">
        <ele>1129.41</ele>
      </trkpt>
      <trkpt lat="44.668960002" lon="6.678445993">
        <ele>1127.76</ele>
      </trkpt>
      <trkpt lat="44.668957996" lon="6.678373002">
        <ele>1124.41</ele>
      </trkpt>
      <trkpt lat="44.668953997" lon="6.678306006">
        <ele>1123.28</ele>
      </trkpt>
      <trkpt lat="44.668946999" lon="6.678248993">
        <ele>1122.36</ele>
      </trkpt>
      <trkpt lat="44.668940002" lon="6.678177002">
        <ele>1120.05</ele>
      </trkpt>
      <trkpt lat="44.668928003" lon="6.678110999">
        <ele>1116.54</ele>
      </trkpt>
      <trkpt lat="44.668880002" lon="6.677948996">
        <ele>1116.73</ele>
      </trkpt>
      <trkpt lat="44.668822998" lon="6.677791002">
        <ele>1112.36</ele>
      </trkpt>
      <trkpt lat="44.668809001" lon="6.677684">
        <ele>1105.7</ele>
      </trkpt>
      <trkpt lat="44.66882" lon="6.677582002">
        <ele>1106.14</ele>
      </trkpt>
      <trkpt lat="44.668846995" lon="6.677412003">
        <ele>1107.34</ele>
      </trkpt>
      <trkpt lat="44.668864004" lon="6.677345002">
        <ele>1104.02</ele>
      </trkpt>
      <trkpt lat="44.668860994" lon="6.677273992">
        <ele>1099.04</ele>
      </trkpt>
      <trkpt lat="44.668843001" lon="6.677194993">
        <ele>1102.77</ele>
      </trkpt>
      <trkpt lat="44.668796997" lon="6.676999994">
        <ele>1100.12</ele>
      </trkpt>
      <trkpt lat="44.668780995" lon="6.676859999">
        <ele>1097.6</ele>
      </trkpt>
      <trkpt lat="44.668781005" lon="6.676770001">
        <ele>1094.42</ele>
      </trkpt>
      <trkpt lat="44.668795997" lon="6.676703993">
        <ele>1101.6</ele>
      </trkpt>
      <trkpt lat="44.668852005" lon="6.676582996">
        <ele>1102.24</ele>
      </trkpt>
      <trkpt lat="44.668893997" lon="6.676509999">
        <ele>1103.06</ele>
      </trkpt>
      <trkpt lat="44.668910997" lon="6.676439992">
        <ele>1103.36</ele>
      </trkpt>
      <trkpt lat="44.668914997" lon="6.676356001">
        <ele>1109.25</ele>
      </trkpt>
      <trkpt lat="44.668900999" lon="6.676259001">
        <ele>1105.61</ele>
      </trkpt>
      <trkpt lat="44.668884001" lon="6.676084992">
        <ele>1101.12</ele>
      </trkpt>
      <trkpt lat="44.668882004" lon="6.675896997">
        <ele>1100.84</ele>
      </trkpt>
      <trkpt lat="44.668873995" lon="6.675759999">
        <ele>1100.3</ele>
      </trkpt>
      <trkpt lat="44.668845003" lon="6.675615999">
        <ele>1098.38</ele>
      </trkpt>
      <trkpt lat="44.668761" lon="6.675433992">
        <ele>1097.89</ele>
      </trkpt>
      <trkpt lat="44.668696997" lon="6.675271996">
        <ele>1100.17</ele>
      </trkpt>
      <trkpt lat="44.668583001" lon="6.674985001">
        <ele>1097.05</ele>
      </trkpt>
      <trkpt lat="44.668508998" lon="6.674882003">
        <ele>1095.94</ele>
      </trkpt>
      <trkpt lat="44.668388005" lon="6.674740992">
        <ele>1092.25</ele>
      </trkpt>
      <trkpt lat="44.668346997" lon="6.674695994">
        <ele>1090.3</ele>
      </trkpt>
      <trkpt lat="44.668058" lon="6.674414001">
        <ele>1087.48</ele>
      </trkpt>
      <trkpt lat="44.667840998" lon="6.674158999">
        <ele>1087.85</ele>
      </trkpt>
      <trkpt lat="44.667760001" lon="6.674036994">
        <ele>1087.83</ele>
      </trkpt>
      <trkpt lat="44.667708999" lon="6.673941005">
        <ele>1089.44</ele>
      </trkpt>
      <trkpt lat="44.667680003" lon="6.673854005">
        <ele>1089.93</ele>
      </trkpt>
      <trkpt lat="44.667637004" lon="6.673720006">
        <ele>1090.52</ele>
      </trkpt>
      <trkpt lat="44.667516996" lon="6.673182001">
        <ele>1092.05</ele>
      </trkpt>
      <trkpt lat="44.667433998" lon="6.672776998">
        <ele>1094.69</ele>
      </trkpt>
      <trkpt lat="44.667351001" lon="6.672372994">
        <ele>1095.01</ele>
      </trkpt>
      <trkpt lat="44.667309997" lon="6.672206002">
        <ele>1097.35</ele>
      </trkpt>
      <trkpt lat="44.667270002" lon="6.671994002">
        <ele>1098.41</ele>
      </trkpt>
      <trkpt lat="44.667260002" lon="6.671782998">
        <ele>1098.93</ele>
      </trkpt>
      <trkpt lat="44.667255" lon="6.671615007">
        <ele>1098.77</ele>
      </trkpt>
      <trkpt lat="44.667199002" lon="6.671313004">
        <ele>1103.01</ele>
      </trkpt>
      <trkpt lat="44.667099998" lon="6.670923002">
        <ele>1104.42</ele>
      </trkpt>
      <trkpt lat="44.667057004" lon="6.670659004">
        <ele>1105.86</ele>
      </trkpt>
      <trkpt lat="44.667039004" lon="6.670469">
        <ele>1107.28</ele>
      </trkpt>
      <trkpt lat="44.666995" lon="6.670305995">
        <ele>1108.3</ele>
      </trkpt>
      <trkpt lat="44.666937003" lon="6.670151006">
        <ele>1105.95</ele>
      </trkpt>
      <trkpt lat="44.666876997" lon="6.670058995">
        <ele>1104.89</ele>
      </trkpt>
      <trkpt lat="44.666851004" lon="6.670021005">
        <ele>1104.71</ele>
      </trkpt>
      <trkpt lat="44.666833002" lon="6.669968999">
        <ele>1103.73</ele>
      </trkpt>
      <trkpt lat="44.666815999" lon="6.669904001">
        <ele>1103.14</ele>
      </trkpt>
      <trkpt lat="44.666808996" lon="6.669755999">
        <ele>1100.79</ele>
      </trkpt>
      <trkpt lat="44.666843003" lon="6.669337996">
        <ele>1097.37</ele>
      </trkpt>
      <trkpt lat="44.666842003" lon="6.669200009">
        <ele>1097.36</ele>
      </trkpt>
      <trkpt lat="44.666816996" lon="6.669097006">
        <ele>1098.83</ele>
      </trkpt>
      <trkpt lat="44.666777004" lon="6.669014003">
        <ele>1100.21</ele>
      </trkpt>
      <trkpt lat="44.666700995" lon="6.668932999">
        <ele>1107.22</ele>
      </trkpt>
      <trkpt lat="44.666590002" lon="6.668874998">
        <ele>1114.73</ele>
      </trkpt>
      <trkpt lat="44.666406001" lon="6.668823999">
        <ele>1124.86</ele>
      </trkpt>
      <trkpt lat="44.666267997" lon="6.668769">
        <ele>1132.59</ele>
      </trkpt>
      <trkpt lat="44.666236001" lon="6.668734004">
        <ele>1139.16</ele>
      </trkpt>
      <trkpt lat="44.666211996" lon="6.668682001">
        <ele>1146.29</ele>
      </trkpt>
      <trkpt lat="44.666196996" lon="6.668593">
        <ele>1153.93</ele>
      </trkpt>
      <trkpt lat="44.666208001" lon="6.668502006">
        <ele>1148.24</ele>
      </trkpt>
      <trkpt lat="44.666229003" lon="6.668430997">
        <ele>1148.69</ele>
      </trkpt>
      <trkpt lat="44.666314994" lon="6.668275">
        <ele>1148.68</ele>
      </trkpt>
      <trkpt lat="44.666404997" lon="6.668081995">
        <ele>1143.48</ele>
      </trkpt>
      <trkpt lat="44.666470003" lon="6.667900002">
        <ele>1137.28</ele>
      </trkpt>
      <trkpt lat="44.666487002" lon="6.667790998">
        <ele>1138.2</ele>
      </trkpt>
      <trkpt lat="44.666504998" lon="6.667664996">
        <ele>1132.64</ele>
      </trkpt>
      <trkpt lat="44.666518004" lon="6.667584007">
        <ele>1126.91</ele>
      </trkpt>
      <trkpt lat="44.666538997" lon="6.667512998">
        <ele>1122.54</ele>
      </trkpt>
      <trkpt lat="44.666593002" lon="6.667400998">
        <ele>1118.54</ele>
      </trkpt>
      <trkpt lat="44.666638006" lon="6.667286997">
        <ele>1114.16</ele>
      </trkpt>
      <trkpt lat="44.666650997" lon="6.667198">
        <ele>1110.19</ele>
      </trkpt>
      <trkpt lat="44.666653998" lon="6.667103996">
        <ele>1107.43</ele>
      </trkpt>
      <trkpt lat="44.666638999" lon="6.667022004">
        <ele>1103.43</ele>
      </trkpt>
      <trkpt lat="44.666592003" lon="6.666933004">
        <ele>1100.86</ele>
      </trkpt>
      <trkpt lat="44.666507999" lon="6.666851999">
        <ele>1100.42</ele>
      </trkpt>
      <trkpt lat="44.666227004" lon="6.666729008">
        <ele>1099.67</ele>
      </trkpt>
      <trkpt lat="44.665892999" lon="6.666597009">
        <ele>1099.57</ele>
      </trkpt>
      <trkpt lat="44.665749001" lon="6.666411006">
        <ele>1100.29</ele>
      </trkpt>
      <trkpt lat="44.665585002" lon="6.666145997">
        <ele>1100.36</ele>
      </trkpt>
      <trkpt lat="44.665421001" lon="6.665881003">
        <ele>1099.28</ele>
      </trkpt>
      <trkpt lat="44.665332" lon="6.665715001">
        <ele>1099.02</ele>
      </trkpt>
      <trkpt lat="44.665291997" lon="6.665575995">
        <ele>1099.13</ele>
      </trkpt>
      <trkpt lat="44.665264001" lon="6.665435004">
        <ele>1099.93</ele>
      </trkpt>
      <trkpt lat="44.665260001" lon="6.665130999">
        <ele>1101.63</ele>
      </trkpt>
      <trkpt lat="44.665257" lon="6.664709006">
        <ele>1102.25</ele>
      </trkpt>
      <trkpt lat="44.665253995" lon="6.664286002">
        <ele>1104.13</ele>
      </trkpt>
      <trkpt lat="44.665239004" lon="6.664104992">
        <ele>1106.03</ele>
      </trkpt>
      <trkpt lat="44.665185997" lon="6.663856004">
        <ele>1106.23</ele>
      </trkpt>
      <trkpt lat="44.665093998" lon="6.663632996">
        <ele>1105.77</ele>
      </trkpt>
      <trkpt lat="44.665039" lon="6.663538997">
        <ele>1106.5</ele>
      </trkpt>
      <trkpt lat="44.665033004" lon="6.663529009">
        <ele>1106.48</ele>
      </trkpt>
      <trkpt lat="44.665003999" lon="6.663503001">
        <ele>1104.35</ele>
      </trkpt>
      <trkpt lat="44.664957995" lon="6.663474006">
        <ele>1103.84</ele>
      </trkpt>
      <trkpt lat="44.664859" lon="6.663442005">
        <ele>1104.16</ele>
      </trkpt>
      <trkpt lat="44.664760004" lon="6.663409992">
        <ele>1102.77</ele>
      </trkpt>
      <trkpt lat="44.664628004" lon="6.663412">
        <ele>1101.31</ele>
      </trkpt>
      <trkpt lat="44.664472001" lon="6.663381999">
        <ele>1102.09</ele>
      </trkpt>
      <trkpt lat="44.664442998" lon="6.663363001">
        <ele>1100.91</ele>
      </trkpt>
      <trkpt lat="44.664366" lon="6.663317997">
        <ele>1098.27</ele>
      </trkpt>
      <trkpt lat="44.664227" lon="6.663142007">
        <ele>1096.61</ele>
      </trkpt>
      <trkpt lat="44.664053999" lon="6.662880004">
        <ele>1095.19</ele>
      </trkpt>
      <trkpt lat="44.663882006" lon="6.662618005">
        <ele>1092.69</ele>
      </trkpt>
      <trkpt lat="44.663685996" lon="6.662297997">
        <ele>1092.17</ele>
      </trkpt>
      <trkpt lat="44.66349" lon="6.661976995">
        <ele>1092.17</ele>
      </trkpt>
      <trkpt lat="44.663334998" lon="6.661771998">
        <ele>1093.36</ele>
      </trkpt>
      <trkpt lat="44.663192005" lon="6.661632996">
        <ele>1093.32</ele>
      </trkpt>
      <trkpt lat="44.662989999" lon="6.661478994">
        <ele>1094.51</ele>
      </trkpt>
      <trkpt lat="44.662834999" lon="6.661373006">
        <ele>1094.72</ele>
      </trkpt>
      <trkpt lat="44.662729" lon="6.661334998">
        <ele>1094.9</ele>
      </trkpt>
      <trkpt lat="44.662554998" lon="6.661282998">
        <ele>1095.36</ele>
      </trkpt>
      <trkpt lat="44.662316995" lon="6.661150008">
        <ele>1093.77</ele>
      </trkpt>
      <trkpt lat="44.662203997" lon="6.661060996">
        <ele>1091.26</ele>
      </trkpt>
      <trkpt lat="44.662054995" lon="6.660839994">
        <ele>1088.58</ele>
      </trkpt>
      <trkpt lat="44.661858998" lon="6.660513993">
        <ele>1085.87</ele>
      </trkpt>
      <trkpt lat="44.661663001" lon="6.660187994">
        <ele>1082.2</ele>
      </trkpt>
      <trkpt lat="44.661513" lon="6.659964999">
        <ele>1081.47</ele>
      </trkpt>
      <trkpt lat="44.661366995" lon="6.659758997">
        <ele>1080.44</ele>
      </trkpt>
      <trkpt lat="44.661053001" lon="6.659395004">
        <ele>1080.04</ele>
      </trkpt>
      <trkpt lat="44.660856999" lon="6.659180996">
        <ele>1079.87</ele>
      </trkpt>
      <trkpt lat="44.660800999" lon="6.659121">
        <ele>1078.82</ele>
      </trkpt>
      <trkpt lat="44.660780998" lon="6.659099004">
        <ele>1077.46</ele>
      </trkpt>
      <trkpt lat="44.660590998" lon="6.658875993">
        <ele>1076.61</ele>
      </trkpt>
      <trkpt lat="44.660401003" lon="6.658651999">
        <ele>1075.57</ele>
      </trkpt>
      <trkpt lat="44.660187" lon="6.658407">
        <ele>1074.5</ele>
      </trkpt>
      <trkpt lat="44.659972996" lon="6.658162003">
        <ele>1074.3</ele>
      </trkpt>
      <trkpt lat="44.659939997" lon="6.658123998">
        <ele>1073.44</ele>
      </trkpt>
      <trkpt lat="44.659596" lon="6.657734007">
        <ele>1072.56</ele>
      </trkpt>
      <trkpt lat="44.659444998" lon="6.657563997">
        <ele>1071.59</ele>
      </trkpt>
      <trkpt lat="44.659261003" lon="6.657352006">
        <ele>1070.52</ele>
      </trkpt>
      <trkpt lat="44.659078005" lon="6.657138995">
        <ele>1069.03</ele>
      </trkpt>
      <trkpt lat="44.658876997" lon="6.656903994">
        <ele>1067.82</ele>
      </trkpt>
      <trkpt lat="44.658768004" lon="6.656793008">
        <ele>1066.8</ele>
      </trkpt>
      <trkpt lat="44.658650997" lon="6.656692993">
        <ele>1066</ele>
      </trkpt>
      <trkpt lat="44.658592003" lon="6.656653996">
        <ele>1064.9</ele>
      </trkpt>
      <trkpt lat="44.658540997" lon="6.656619002">
        <ele>1064.28</ele>
      </trkpt>
      <trkpt lat="44.658390001" lon="6.656572997">
        <ele>1064.55</ele>
      </trkpt>
      <trkpt lat="44.658183003" lon="6.656539">
        <ele>1063.57</ele>
      </trkpt>
      <trkpt lat="44.657864002" lon="6.656481999">
        <ele>1063.33</ele>
      </trkpt>
      <trkpt lat="44.657631998" lon="6.656400998">
        <ele>1063.55</ele>
      </trkpt>
      <trkpt lat="44.657446998" lon="6.656284993">
        <ele>1062.84</ele>
      </trkpt>
      <trkpt lat="44.657187002" lon="6.656074002">
        <ele>1061.7</ele>
      </trkpt>
      <trkpt lat="44.656967002" lon="6.655907997">
        <ele>1060.95</ele>
      </trkpt>
      <trkpt lat="44.656745998" lon="6.655741007">
        <ele>1059.71</ele>
      </trkpt>
      <trkpt lat="44.656466001" lon="6.655502005">
        <ele>1058.61</ele>
      </trkpt>
      <trkpt lat="44.656363998" lon="6.655411001">
        <ele>1058.02</ele>
      </trkpt>
      <trkpt lat="44.656272002" lon="6.655260998">
        <ele>1057.41</ele>
      </trkpt>
      <trkpt lat="44.656220003" lon="6.655152999">
        <ele>1057.38</ele>
      </trkpt>
      <trkpt lat="44.656154002" lon="6.655012993">
        <ele>1056.52</ele>
      </trkpt>
      <trkpt lat="44.656063" lon="6.654887994">
        <ele>1055.89</ele>
      </trkpt>
    </trkseg>
  <trkseg>
      <trkpt lat="44.656063" lon="6.654887994">
        <ele>1055.89</ele>
      </trkpt>
      <trkpt lat="44.655936996" lon="6.654582993">
        <ele>1055.73</ele>
      </trkpt>
      <trkpt lat="44.655918003" lon="6.654472996">
        <ele>1054.99</ele>
      </trkpt>
      <trkpt lat="44.655868003" lon="6.654386">
        <ele>1054.48</ele>
      </trkpt>
      <trkpt lat="44.655710998" lon="6.654145001">
        <ele>1054.19</ele>
      </trkpt>
      <trkpt lat="44.655662004" lon="6.654099006">
        <ele>1054.26</ele>
      </trkpt>
      <trkpt lat="44.655605998" lon="6.654056003">
        <ele>1054.62</ele>
      </trkpt>
      <trkpt lat="44.655561997" lon="6.654036999">
        <ele>1054.08</ele>
      </trkpt>
      <trkpt lat="44.655495002" lon="6.654020001">
        <ele>1053.94</ele>
      </trkpt>
      <trkpt lat="44.655412002" lon="6.654012002">
        <ele>1053.72</ele>
      </trkpt>
      <trkpt lat="44.655339004" lon="6.654025006">
        <ele>1053.41</ele>
      </trkpt>
      <trkpt lat="44.655248003" lon="6.654080997">
        <ele>1052.91</ele>
      </trkpt>
      <trkpt lat="44.655201006" lon="6.654109008">
        <ele>1051.47</ele>
      </trkpt>
      <trkpt lat="44.655147004" lon="6.65416">
        <ele>1052.45</ele>
      </trkpt>
      <trkpt lat="44.655093001" lon="6.654225991">
        <ele>1051.47</ele>
      </trkpt>
      <trkpt lat="44.65496" lon="6.654425999">
        <ele>1053.83</ele>
      </trkpt>
      <trkpt lat="44.654754998" lon="6.654703997">
        <ele>1054.14</ele>
      </trkpt>
      <trkpt lat="44.654636" lon="6.654804003">
        <ele>1056.94</ele>
      </trkpt>
      <trkpt lat="44.654544998" lon="6.654860004">
        <ele>1057.78</ele>
      </trkpt>
      <trkpt lat="44.654453002" lon="6.654893996">
        <ele>1058.65</ele>
      </trkpt>
      <trkpt lat="44.654368004" lon="6.654910992">
        <ele>1056.62</ele>
      </trkpt>
      <trkpt lat="44.654244002" lon="6.654929006">
        <ele>1057.23</ele>
      </trkpt>
      <trkpt lat="44.654162001" lon="6.654929998">
        <ele>1055.73</ele>
      </trkpt>
      <trkpt lat="44.654070001" lon="6.654901995">
        <ele>1053.53</ele>
      </trkpt>
      <trkpt lat="44.654001002" lon="6.654868995">
        <ele>1054.97</ele>
      </trkpt>
      <trkpt lat="44.653940005" lon="6.654816995">
        <ele>1055.45</ele>
      </trkpt>
      <trkpt lat="44.653887998" lon="6.654749">
        <ele>1054.64</ele>
      </trkpt>
      <trkpt lat="44.653842003" lon="6.654690006">
        <ele>1054.5</ele>
      </trkpt>
      <trkpt lat="44.653812002" lon="6.654582001">
        <ele>1056.2</ele>
      </trkpt>
      <trkpt lat="44.653785001" lon="6.654436994">
        <ele>1054.54</ele>
      </trkpt>
      <trkpt lat="44.653774001" lon="6.654261005">
        <ele>1055.78</ele>
      </trkpt>
      <trkpt lat="44.653795002" lon="6.654066008">
        <ele>1055.93</ele>
      </trkpt>
      <trkpt lat="44.653847002" lon="6.653902996">
        <ele>1055.67</ele>
      </trkpt>
      <trkpt lat="44.653938002" lon="6.653645002">
        <ele>1057.43</ele>
      </trkpt>
      <trkpt lat="44.654066006" lon="6.653360002">
        <ele>1056.15</ele>
      </trkpt>
      <trkpt lat="44.654220004" lon="6.653099994">
        <ele>1055.37</ele>
      </trkpt>
      <trkpt lat="44.654373" lon="6.652839996">
        <ele>1052.08</ele>
      </trkpt>
      <trkpt lat="44.654532999" lon="6.652585993">
        <ele>1053.72</ele>
      </trkpt>
      <trkpt lat="44.654693" lon="6.652332999">
        <ele>1048</ele>
      </trkpt>
      <trkpt lat="44.654836994" lon="6.652083006">
        <ele>1045.77</ele>
      </trkpt>
      <trkpt lat="44.655025004" lon="6.652066006">
        <ele>1039.86</ele>
      </trkpt>
      <trkpt lat="44.655524001" lon="6.652677005">
        <ele>1037.27</ele>
      </trkpt>
      <trkpt lat="44.655814001" lon="6.652592996">
        <ele>1030.08</ele>
      </trkpt>
      <trkpt lat="44.656359998" lon="6.652266995">
        <ele>1025.78</ele>
      </trkpt>
      <trkpt lat="44.656654" lon="6.651798003">
        <ele>1022.64</ele>
      </trkpt>
      <trkpt lat="44.656854997" lon="6.651829003">
        <ele>1018.63</ele>
      </trkpt>
      <trkpt lat="44.656857005" lon="6.651497001">
        <ele>1016.18</ele>
      </trkpt>
      <trkpt lat="44.658206" lon="6.650352008">
        <ele>1007.68</ele>
      </trkpt>
      <trkpt lat="44.658407996" lon="6.649992995">
        <ele>999.07</ele>
      </trkpt>
      <trkpt lat="44.657875998" lon="6.645944994">
        <ele>989.92</ele>
      </trkpt>
      <trkpt lat="44.657912998" lon="6.645436">
        <ele>982.06</ele>
      </trkpt>
      <trkpt lat="44.658135999" lon="6.645092992">
        <ele>972.63</ele>
      </trkpt>
      <trkpt lat="44.658057998" lon="6.644715992">
        <ele>970.72</ele>
      </trkpt>
      <trkpt lat="44.658443003" lon="6.643127999">
        <ele>970.9</ele>
      </trkpt>
      <trkpt lat="44.659128998" lon="6.642117997">
        <ele>970.67</ele>
      </trkpt>
      <trkpt lat="44.659478996" lon="6.64196">
        <ele>968.49</ele>
      </trkpt>
      <trkpt lat="44.659945002" lon="6.640327006">
        <ele>968.36</ele>
      </trkpt>
      <trkpt lat="44.659787" lon="6.638685994">
        <ele>963.33</ele>
      </trkpt>
      <trkpt lat="44.659889" lon="6.637318005">
        <ele>956.66</ele>
      </trkpt>
      <trkpt lat="44.658549998" lon="6.634090002">
        <ele>951.3</ele>
      </trkpt>
      <trkpt lat="44.658403" lon="6.633412995">
        <ele>947.09</ele>
      </trkpt>
      <trkpt lat="44.658551004" lon="6.63286">
        <ele>939.37</ele>
      </trkpt>
      <trkpt lat="44.659438006" lon="6.631370003">
        <ele>935.66</ele>
      </trkpt>
      <trkpt lat="44.659757999" lon="6.630026003">
        <ele>929.83</ele>
      </trkpt>
      <trkpt lat="44.659760999" lon="6.628747">
        <ele>922.72</ele>
      </trkpt>
      <trkpt lat="44.659413004" lon="6.622809007">
        <ele>917.59</ele>
      </trkpt>
      <trkpt lat="44.659621998" lon="6.621356003">
        <ele>914.01</ele>
      </trkpt>
      <trkpt lat="44.660025001" lon="6.620427997">
        <ele>910.18</ele>
      </trkpt>
      <trkpt lat="44.660476001" lon="6.619818">
        <ele>908.7</ele>
      </trkpt>
      <trkpt lat="44.661664995" lon="6.618597994">
        <ele>907.84</ele>
      </trkpt>
      <trkpt lat="44.662019999" lon="6.618449992">
        <ele>903.71</ele>
      </trkpt>
      <trkpt lat="44.662156002" lon="6.618102997">
        <ele>900.58</ele>
      </trkpt>
      <trkpt lat="44.665269" lon="6.615003002">
        <ele>898.53</ele>
      </trkpt>
      <trkpt lat="44.665742998" lon="6.614825997">
        <ele>895.58</ele>
      </trkpt>
      <trkpt lat="44.665837999" lon="6.614579994">
        <ele>891.29</ele>
      </trkpt>
      <trkpt lat="44.665062001" lon="6.613458992">
        <ele>889.41</ele>
      </trkpt>
      <trkpt lat="44.66004509" lon="6.603583173">
        <ele>886.82</ele>
      </trkpt>
      <trkpt lat="44.659994481" lon="6.603483553">
        <ele>883.24</ele>
      </trkpt>
      <trkpt lat="44.655825733" lon="6.595280031">
        <ele>881.6</ele>
      </trkpt>
      <trkpt lat="44.651411994" lon="6.586597004">
        <ele>880.89</ele>
      </trkpt>
      <trkpt lat="44.650743003" lon="6.585583997">
        <ele>880.5</ele>
      </trkpt>
      <trkpt lat="44.650491262" lon="6.585194632">
        <ele>883.4</ele>
      </trkpt>
      <trkpt lat="44.64833731" lon="6.585610443">
        <ele>887.21</ele>
      </trkpt>
      <trkpt lat="44.645817005" lon="6.584684498">
        <ele>895.92</ele>
      </trkpt>
      <trkpt lat="44.644799915" lon="6.583747946">
        <ele>903.68</ele>
      </trkpt>
      <trkpt lat="44.643689887" lon="6.583804913">
        <ele>911.4</ele>
      </trkpt>
      <trkpt lat="44.642241716" lon="6.582585839">
        <ele>919.1</ele>
      </trkpt>
      <trkpt lat="44.641674963" lon="6.581805594">
        <ele>927.99</ele>
      </trkpt>
      <trkpt lat="44.640118" lon="6.581132523">
        <ele>931.71</ele>
      </trkpt>
      <trkpt lat="44.638819919" lon="6.579965657">
        <ele>936.53</ele>
      </trkpt>
      <trkpt lat="44.638168499" lon="6.579924264">
        <ele>941.69</ele>
      </trkpt>
      <trkpt lat="44.637905402" lon="6.579142132">
        <ele>943.96</ele>
      </trkpt>
      <trkpt lat="44.637053572" lon="6.578726579">
        <ele>947.17</ele>
      </trkpt>
      <trkpt lat="44.636642445" lon="6.578296505">
        <ele>948.73</ele>
      </trkpt>
      <trkpt lat="44.635606796" lon="6.578400816">
        <ele>950.9</ele>
      </trkpt>
      <trkpt lat="44.63387966" lon="6.576887968">
        <ele>952.85</ele>
      </trkpt>
      <trkpt lat="44.633557362" lon="6.57652735">
        <ele>954.88</ele>
      </trkpt>
      <trkpt lat="44.632535448" lon="6.576207371">
        <ele>952.43</ele>
      </trkpt>
      <trkpt lat="44.631216086" lon="6.576166151">
        <ele>950.95</ele>
      </trkpt>
      <trkpt lat="44.630999098" lon="6.575365802">
        <ele>948.58</ele>
      </trkpt>
      <trkpt lat="44.629946094" lon="6.574129773">
        <ele>945.7</ele>
      </trkpt>
      <trkpt lat="44.628718417" lon="6.575008512">
        <ele>942.68</ele>
      </trkpt>
      <trkpt lat="44.625299203" lon="6.572304566">
        <ele>942.07</ele>
      </trkpt>
      <trkpt lat="44.624391213" lon="6.569398664">
        <ele>936.57</ele>
      </trkpt>
      <trkpt lat="44.623956367" lon="6.567351791">
        <ele>930.53</ele>
      </trkpt>
      <trkpt lat="44.625081354" lon="6.565419583">
        <ele>927.83</ele>
      </trkpt>
      <trkpt lat="44.626073294" lon="6.565492972">
        <ele>927.79</ele>
      </trkpt>
      <trkpt lat="44.625887706" lon="6.563716917">
        <ele>926.42</ele>
      </trkpt>
      <trkpt lat="44.625405564" lon="6.563133755">
        <ele>928.44</ele>
      </trkpt>
      <trkpt lat="44.625432923" lon="6.562285222">
        <ele>933.47</ele>
      </trkpt>
      <trkpt lat="44.626814964" lon="6.559439111">
        <ele>939.8</ele>
      </trkpt>
      <trkpt lat="44.62787599" lon="6.559017211">
        <ele>940.52</ele>
      </trkpt>
      <trkpt lat="44.628133292" lon="6.55809813">
        <ele>941.65</ele>
      </trkpt>
      <trkpt lat="44.628223559" lon="6.555765497">
        <ele>946.94</ele>
      </trkpt>
      <trkpt lat="44.628757619" lon="6.55473631">
        <ele>953.94</ele>
      </trkpt>
      <trkpt lat="44.626393751" lon="6.552185171">
        <ele>955.5</ele>
      </trkpt>
      <trkpt lat="44.624694208" lon="6.551929249">
        <ele>960.57</ele>
      </trkpt>
      <trkpt lat="44.623428693" lon="6.552338366">
        <ele>964.2</ele>
      </trkpt>
      <trkpt lat="44.622172697" lon="6.551270828">
        <ele>971.21</ele>
      </trkpt>
      <trkpt lat="44.621504323" lon="6.548922548">
        <ele>965.96</ele>
      </trkpt>
      <trkpt lat="44.619328931" lon="6.548594276">
        <ele>964.94</ele>
      </trkpt>
      <trkpt lat="44.617600203" lon="6.547592785">
        <ele>960.93</ele>
      </trkpt>
      <trkpt lat="44.616043719" lon="6.547845488">
        <ele>955.39</ele>
      </trkpt>
      <trkpt lat="44.614079141" lon="6.547806835">
        <ele>945.45</ele>
      </trkpt>
      <trkpt lat="44.612894255" lon="6.547360349">
        <ele>945.18</ele>
      </trkpt>
      <trkpt lat="44.612548191" lon="6.548209883">
        <ele>939.28</ele>
      </trkpt>
      <trkpt lat="44.61145567" lon="6.549023033">
        <ele>938.81</ele>
      </trkpt>
      <trkpt lat="44.610316517" lon="6.549397574">
        <ele>942.81</ele>
      </trkpt>
      <trkpt lat="44.608990218" lon="6.550753764">
        <ele>943.75</ele>
      </trkpt>
      <trkpt lat="44.608575219" lon="6.550913561">
        <ele>943.49</ele>
      </trkpt>
      <trkpt lat="44.608278293" lon="6.548934547">
        <ele>944.2</ele>
      </trkpt>
      <trkpt lat="44.607671945" lon="6.548317318">
        <ele>945.52</ele>
      </trkpt>
      <trkpt lat="44.605357499" lon="6.547592605">
        <ele>942.26</ele>
      </trkpt>
      <trkpt lat="44.603539104" lon="6.547610975">
        <ele>937.96</ele>
      </trkpt>
      <trkpt lat="44.602396267" lon="6.546327939">
        <ele>932.93</ele>
      </trkpt>
      <trkpt lat="44.601505065" lon="6.544062152">
        <ele>929.23</ele>
      </trkpt>
      <trkpt lat="44.60109409" lon="6.543032387">
        <ele>921.36</ele>
      </trkpt>
      <trkpt lat="44.600582054" lon="6.542431852">
        <ele>917.06</ele>
      </trkpt>
      <trkpt lat="44.598587902" lon="6.541185816">
        <ele>915.47</ele>
      </trkpt>
      <trkpt lat="44.597654097" lon="6.539772742">
        <ele>913.95</ele>
      </trkpt>
      <trkpt lat="44.596798226" lon="6.539479995">
        <ele>912.72</ele>
      </trkpt>
      <trkpt lat="44.596520528" lon="6.5378426">
        <ele>912.59</ele>
      </trkpt>
      <trkpt lat="44.596481993" lon="6.537808531">
        <ele>911.88</ele>
      </trkpt>
      <trkpt lat="44.596410301" lon="6.537743973">
        <ele>910.85</ele>
      </trkpt>
      <trkpt lat="44.596288774" lon="6.537685659">
        <ele>911.54</ele>
      </trkpt>
      <trkpt lat="44.596189842" lon="6.537638303">
        <ele>911.75</ele>
      </trkpt>
      <trkpt lat="44.596039336" lon="6.537559259">
        <ele>912.43</ele>
      </trkpt>
      <trkpt lat="44.59593582" lon="6.537483322">
        <ele>911.71</ele>
      </trkpt>
      <trkpt lat="44.595747161" lon="6.537343837">
        <ele>911.63</ele>
      </trkpt>
      <trkpt lat="44.595631534" lon="6.537269007">
        <ele>911.21</ele>
      </trkpt>
      <trkpt lat="44.595534664" lon="6.537233545">
        <ele>910.19</ele>
      </trkpt>
      <trkpt lat="44.595483061" lon="6.537214654">
        <ele>908.65</ele>
      </trkpt>
      <trkpt lat="44.595365693" lon="6.537194149">
        <ele>908.81</ele>
      </trkpt>
      <trkpt lat="44.595313615" lon="6.537187123">
        <ele>909.85</ele>
      </trkpt>
      <trkpt lat="44.595136398" lon="6.537192906">
        <ele>909.71</ele>
      </trkpt>
      <trkpt lat="44.594922237" lon="6.53717947">
        <ele>911.45</ele>
      </trkpt>
      <trkpt lat="44.594834194" lon="6.537164563">
        <ele>913.88</ele>
      </trkpt>
      <trkpt lat="44.594733138" lon="6.537137565">
        <ele>915.6</ele>
      </trkpt>
      <trkpt lat="44.594623361" lon="6.537089387">
        <ele>917.16</ele>
      </trkpt>
      <trkpt lat="44.594487951" lon="6.537003934">
        <ele>918.2</ele>
      </trkpt>
      <trkpt lat="44.594366432" lon="6.536945637">
        <ele>919.68</ele>
      </trkpt>
      <trkpt lat="44.594248324" lon="6.53690632">
        <ele>918.65</ele>
      </trkpt>
      <trkpt lat="44.59408891" lon="6.536858775">
        <ele>919.34</ele>
      </trkpt>
      <trkpt lat="44.59402806" lon="6.536832433">
        <ele>918.99</ele>
      </trkpt>
      <trkpt lat="44.593649932" lon="6.536662317">
        <ele>919.92</ele>
      </trkpt>
      <trkpt lat="44.593537485" lon="6.536613961">
        <ele>919.66</ele>
      </trkpt>
      <trkpt lat="44.593422357" lon="6.536565449">
        <ele>921.24</ele>
      </trkpt>
      <trkpt lat="44.593327493" lon="6.536553874">
        <ele>921.67</ele>
      </trkpt>
      <trkpt lat="44.593225477" lon="6.536556858">
        <ele>921.94</ele>
      </trkpt>
      <trkpt lat="44.593146626" lon="6.536548154">
        <ele>922.44</ele>
      </trkpt>
      <trkpt lat="44.593053891" lon="6.53651231">
        <ele>922.9</ele>
      </trkpt>
      <trkpt lat="44.592941504" lon="6.536462091">
        <ele>923.56</ele>
      </trkpt>
      <trkpt lat="44.592818427" lon="6.536389385">
        <ele>924.53</ele>
      </trkpt>
      <trkpt lat="44.592641842" lon="6.536281176">
        <ele>925.33</ele>
      </trkpt>
      <trkpt lat="44.592505448" lon="6.536174088">
        <ele>926.26</ele>
      </trkpt>
      <trkpt lat="44.592342992" lon="6.536032968">
        <ele>926.8</ele>
      </trkpt>
      <trkpt lat="44.592276689" lon="6.535959662">
        <ele>927.18</ele>
      </trkpt>
      <trkpt lat="44.592096592" lon="6.535717958">
        <ele>927.92</ele>
      </trkpt>
      <trkpt lat="44.591971531" lon="6.535599137">
        <ele>928.18</ele>
      </trkpt>
      <trkpt lat="44.591847358" lon="6.535537878">
        <ele>928.63</ele>
      </trkpt>
      <trkpt lat="44.591749051" lon="6.535497929">
        <ele>929.49</ele>
      </trkpt>
      <trkpt lat="44.591662828" lon="6.53545769">
        <ele>930.52</ele>
      </trkpt>
      <trkpt lat="44.591391727" lon="6.535301149">
        <ele>930.2</ele>
      </trkpt>
      <trkpt lat="44.591308078" lon="6.535274793">
        <ele>931.4</ele>
      </trkpt>
      <trkpt lat="44.591232785" lon="6.535270072">
        <ele>931.42</ele>
      </trkpt>
      <trkpt lat="44.591067296" lon="6.535286445">
        <ele>931.64</ele>
      </trkpt>
      <trkpt lat="44.590957279" lon="6.535266873">
        <ele>931.08</ele>
      </trkpt>
      <trkpt lat="44.590839527" lon="6.535206007">
        <ele>932.03</ele>
      </trkpt>
      <trkpt lat="44.590618057" lon="6.535040588">
        <ele>932.16</ele>
      </trkpt>
      <trkpt lat="44.590285364" lon="6.534851866">
        <ele>932.57</ele>
      </trkpt>
      <trkpt lat="44.589867435" lon="6.534592341">
        <ele>932.94</ele>
      </trkpt>
      <trkpt lat="44.589778773" lon="6.534533994">
        <ele>932.37</ele>
      </trkpt>
      <trkpt lat="44.589694794" lon="6.53447067">
        <ele>931.47</ele>
      </trkpt>
      <trkpt lat="44.589490581" lon="6.534298457">
        <ele>930.23</ele>
      </trkpt>
      <trkpt lat="44.589349035" lon="6.534218851">
        <ele>929.44</ele>
      </trkpt>
      <trkpt lat="44.589252112" lon="6.534183217">
        <ele>928.29</ele>
      </trkpt>
      <trkpt lat="44.589190801" lon="6.534165654">
        <ele>928.37</ele>
      </trkpt>
      <trkpt lat="44.589141424" lon="6.534150529">
        <ele>928.33</ele>
      </trkpt>
      <trkpt lat="44.589099591" lon="6.534139874">
        <ele>928.69</ele>
      </trkpt>
      <trkpt lat="44.589036026" lon="6.534121224">
        <ele>929.01</ele>
      </trkpt>
      <trkpt lat="44.58884852" lon="6.534038852">
        <ele>929.74</ele>
      </trkpt>
      <trkpt lat="44.58884373" lon="6.534036446">
        <ele>930.44</ele>
      </trkpt>
      <trkpt lat="44.588645429" lon="6.533936589">
        <ele>930.91</ele>
      </trkpt>
      <trkpt lat="44.588532568" lon="6.533858897">
        <ele>931.46</ele>
      </trkpt>
      <trkpt lat="44.588419868" lon="6.533776171">
        <ele>932.27</ele>
      </trkpt>
      <trkpt lat="44.588312215" lon="6.533732854">
        <ele>933.38</ele>
      </trkpt>
      <trkpt lat="44.58821755" lon="6.533711133">
        <ele>934.58</ele>
      </trkpt>
      <trkpt lat="44.587924129" lon="6.533639252">
        <ele>936.74</ele>
      </trkpt>
      <trkpt lat="44.587812501" lon="6.533606923">
        <ele>938.85</ele>
      </trkpt>
      <trkpt lat="44.587692609" lon="6.533550141">
        <ele>939.96</ele>
      </trkpt>
      <trkpt lat="44.587643585" lon="6.533510474">
        <ele>940.4</ele>
      </trkpt>
      <trkpt lat="44.587489166" lon="6.533400861">
        <ele>940.79</ele>
      </trkpt>
      <trkpt lat="44.58743909" lon="6.533362528">
        <ele>940.39</ele>
      </trkpt>
      <trkpt lat="44.587395004" lon="6.533325983">
        <ele>940.11</ele>
      </trkpt>
      <trkpt lat="44.587362906" lon="6.533291601">
        <ele>940.44</ele>
      </trkpt>
      <trkpt lat="44.587336282" lon="6.533246944">
        <ele>940.37</ele>
      </trkpt>
      <trkpt lat="44.587328297" lon="6.53321372">
        <ele>939.7</ele>
      </trkpt>
      <trkpt lat="44.587321855" lon="6.533132031">
        <ele>939.09</ele>
      </trkpt>
      <trkpt lat="44.587298072" lon="6.533002799">
        <ele>938.17</ele>
      </trkpt>
      <trkpt lat="44.587265668" lon="6.532912623">
        <ele>936.09</ele>
      </trkpt>
      <trkpt lat="44.587194911" lon="6.532776816">
        <ele>934.83</ele>
      </trkpt>
      <trkpt lat="44.587077988" lon="6.532658761">
        <ele>934.1</ele>
      </trkpt>
      <trkpt lat="44.586921079" lon="6.532532577">
        <ele>931.34</ele>
      </trkpt>
      <trkpt lat="44.586675815" lon="6.532359561">
        <ele>928.97</ele>
      </trkpt>
      <trkpt lat="44.586465651" lon="6.532221178">
        <ele>927.31</ele>
      </trkpt>
      <trkpt lat="44.586389224" lon="6.532151626">
        <ele>925.87</ele>
      </trkpt>
      <trkpt lat="44.586226156" lon="6.532043608">
        <ele>925.14</ele>
      </trkpt>
      <trkpt lat="44.586111209" lon="6.531981517">
        <ele>925.05</ele>
      </trkpt>
      <trkpt lat="44.585999578" lon="6.531910126">
        <ele>924.9</ele>
      </trkpt>
      <trkpt lat="44.585906824" lon="6.531814585">
        <ele>925.24</ele>
      </trkpt>
      <trkpt lat="44.585688919" lon="6.531575031">
        <ele>925</ele>
      </trkpt>
      <trkpt lat="44.585615917" lon="6.531498671">
        <ele>924.12</ele>
      </trkpt>
      <trkpt lat="44.585502217" lon="6.531326879">
        <ele>923.95</ele>
      </trkpt>
      <trkpt lat="44.585437618" lon="6.531223607">
        <ele>923.35</ele>
      </trkpt>
      <trkpt lat="44.585319653" lon="6.530996632">
        <ele>922.82</ele>
      </trkpt>
      <trkpt lat="44.585248475" lon="6.530859533">
        <ele>922.09</ele>
      </trkpt>
      <trkpt lat="44.585197414" lon="6.530773654">
        <ele>921.52</ele>
      </trkpt>
      <trkpt lat="44.585123135" lon="6.530701427">
        <ele>921.8</ele>
      </trkpt>
      <trkpt lat="44.58504183" lon="6.530648823">
        <ele>921.32</ele>
      </trkpt>
      <trkpt lat="44.58495742" lon="6.530599203">
        <ele>921.13</ele>
      </trkpt>
      <trkpt lat="44.584748572" lon="6.530477407">
        <ele>921.37</ele>
      </trkpt>
      <trkpt lat="44.584466008" lon="6.530278138">
        <ele>921.49</ele>
      </trkpt>
      <trkpt lat="44.583385465" lon="6.529364962">
        <ele>921.71</ele>
      </trkpt>
      <trkpt lat="44.583337502" lon="6.529308131">
        <ele>922.69</ele>
      </trkpt>
      <trkpt lat="44.583098503" lon="6.529067266">
        <ele>923.33</ele>
      </trkpt>
      <trkpt lat="44.583031876" lon="6.529003984">
        <ele>923.63</ele>
      </trkpt>
      <trkpt lat="44.58298013" lon="6.528951608">
        <ele>923.42</ele>
      </trkpt>
      <trkpt lat="44.582942114" lon="6.528931198">
        <ele>923.39</ele>
      </trkpt>
      <trkpt lat="44.58283389" lon="6.52889642">
        <ele>923.92</ele>
      </trkpt>
      <trkpt lat="44.582735401" lon="6.528862101">
        <ele>924.24</ele>
      </trkpt>
      <trkpt lat="44.582639241" lon="6.52881808">
        <ele>924.08</ele>
      </trkpt>
      <trkpt lat="44.58245996" lon="6.528730866">
        <ele>924.79</ele>
      </trkpt>
      <trkpt lat="44.582297041" lon="6.528667184">
        <ele>925.53</ele>
      </trkpt>
      <trkpt lat="44.582215397" lon="6.528640968">
        <ele>924.91</ele>
      </trkpt>
      <trkpt lat="44.582114723" lon="6.528612149">
        <ele>924.32</ele>
      </trkpt>
      <trkpt lat="44.581990423" lon="6.528598748">
        <ele>924.63</ele>
      </trkpt>
      <trkpt lat="44.581737455" lon="6.52858292">
        <ele>924.78</ele>
      </trkpt>
      <trkpt lat="44.581627627" lon="6.528588708">
        <ele>923.33</ele>
      </trkpt>
      <trkpt lat="44.581558828" lon="6.528601287">
        <ele>922.72</ele>
      </trkpt>
      <trkpt lat="44.581452114" lon="6.528635425">
        <ele>922.57</ele>
      </trkpt>
      <trkpt lat="44.581182771" lon="6.528747914">
        <ele>922.86</ele>
      </trkpt>
      <trkpt lat="44.581147288" lon="6.528762729">
        <ele>923.3</ele>
      </trkpt>
      <trkpt lat="44.581030215" lon="6.528822104">
        <ele>924.1</ele>
      </trkpt>
      <trkpt lat="44.580978916" lon="6.528843986">
        <ele>925.45</ele>
      </trkpt>
      <trkpt lat="44.580889816" lon="6.528882466">
        <ele>927.07</ele>
      </trkpt>
      <trkpt lat="44.580835349" lon="6.528892398">
        <ele>928.4</ele>
      </trkpt>
      <trkpt lat="44.58078032" lon="6.528881263">
        <ele>928.98</ele>
      </trkpt>
      <trkpt lat="44.580714511" lon="6.528865129">
        <ele>930.82</ele>
      </trkpt>
      <trkpt lat="44.580592211" lon="6.528810332">
        <ele>932.22</ele>
      </trkpt>
      <trkpt lat="44.580328139" lon="6.528638054">
        <ele>933.3</ele>
      </trkpt>
      <trkpt lat="44.580109105" lon="6.528483612">
        <ele>933.85</ele>
      </trkpt>
      <trkpt lat="44.579888431" lon="6.528293034">
        <ele>934.32</ele>
      </trkpt>
      <trkpt lat="44.579757711" lon="6.528134259">
        <ele>934.38</ele>
      </trkpt>
      <trkpt lat="44.579678291" lon="6.528006849">
        <ele>933.94</ele>
      </trkpt>
      <trkpt lat="44.579614308" lon="6.527872109">
        <ele>933.36</ele>
      </trkpt>
      <trkpt lat="44.579520717" lon="6.527712708">
        <ele>932.77</ele>
      </trkpt>
      <trkpt lat="44.579444879" lon="6.527630549">
        <ele>932.78</ele>
      </trkpt>
      <trkpt lat="44.579325149" lon="6.527514198">
        <ele>932.36</ele>
      </trkpt>
      <trkpt lat="44.579114577" lon="6.527267167">
        <ele>931.19</ele>
      </trkpt>
      <trkpt lat="44.578890595" lon="6.526944255">
        <ele>930.4</ele>
      </trkpt>
      <trkpt lat="44.578740972" lon="6.526776033">
        <ele>929.44</ele>
      </trkpt>
      <trkpt lat="44.578568881" lon="6.526634146">
        <ele>928.12</ele>
      </trkpt>
      <trkpt lat="44.578376045" lon="6.526492525">
        <ele>927.49</ele>
      </trkpt>
      <trkpt lat="44.578170742" lon="6.526343419">
        <ele>928.31</ele>
      </trkpt>
      <trkpt lat="44.578068741" lon="6.526275993">
        <ele>928.77</ele>
      </trkpt>
      <trkpt lat="44.577951107" lon="6.526205131">
        <ele>929.2</ele>
      </trkpt>
      <trkpt lat="44.57781277" lon="6.526142015">
        <ele>930.31</ele>
      </trkpt>
      <trkpt lat="44.577373836" lon="6.52594381">
        <ele>930.97</ele>
      </trkpt>
      <trkpt lat="44.57680694" lon="6.525709506">
        <ele>931.28</ele>
      </trkpt>
      <trkpt lat="44.576588176" lon="6.525589925">
        <ele>931.19</ele>
      </trkpt>
      <trkpt lat="44.576384903" lon="6.525466131">
        <ele>931.82</ele>
      </trkpt>
      <trkpt lat="44.576236582" lon="6.525378427">
        <ele>932.87</ele>
      </trkpt>
      <trkpt lat="44.576150198" lon="6.525319168">
        <ele>932.36</ele>
      </trkpt>
      <trkpt lat="44.576032051" lon="6.525207656">
        <ele>932.17</ele>
      </trkpt>
      <trkpt lat="44.575970134" lon="6.525130599">
        <ele>932.11</ele>
      </trkpt>
      <trkpt lat="44.575801036" lon="6.524882199">
        <ele>929.7</ele>
      </trkpt>
      <trkpt lat="44.575677669" lon="6.524745022">
        <ele>927.2</ele>
      </trkpt>
      <trkpt lat="44.575589204" lon="6.524680389">
        <ele>924.8</ele>
      </trkpt>
      <trkpt lat="44.575479165" lon="6.52462989">
        <ele>923.27</ele>
      </trkpt>
      <trkpt lat="44.57537626" lon="6.524607977">
        <ele>920.74</ele>
      </trkpt>
      <trkpt lat="44.575203729" lon="6.524592972">
        <ele>920.49</ele>
      </trkpt>
      <trkpt lat="44.575135603" lon="6.524584492">
        <ele>920.16</ele>
      </trkpt>
      <trkpt lat="44.575033437" lon="6.524571072">
        <ele>920.46</ele>
      </trkpt>
      <trkpt lat="44.574897714" lon="6.524537263">
        <ele>919.97</ele>
      </trkpt>
      <trkpt lat="44.574831483" lon="6.524500761">
        <ele>920.37</ele>
      </trkpt>
      <trkpt lat="44.574757432" lon="6.524449246">
        <ele>920.37</ele>
      </trkpt>
      <trkpt lat="44.574590728" lon="6.524291512">
        <ele>920.13</ele>
      </trkpt>
      <trkpt lat="44.574306988" lon="6.523947305">
        <ele>919.51</ele>
      </trkpt>
      <trkpt lat="44.574032296" lon="6.523603653">
        <ele>916.99</ele>
      </trkpt>
      <trkpt lat="44.573939753" lon="6.523509218">
        <ele>915.16</ele>
      </trkpt>
      <trkpt lat="44.573863574" lon="6.523469285">
        <ele>911.05</ele>
      </trkpt>
      <trkpt lat="44.573779834" lon="6.52344576">
        <ele>910.09</ele>
      </trkpt>
      <trkpt lat="44.573678097" lon="6.523453916">
        <ele>907.18</ele>
      </trkpt>
      <trkpt lat="44.573532667" lon="6.52354947">
        <ele>906.26</ele>
      </trkpt>
      <trkpt lat="44.573434797" lon="6.523679513">
        <ele>905.34</ele>
      </trkpt>
      <trkpt lat="44.573349463" lon="6.523783864">
        <ele>906.72</ele>
      </trkpt>
      <trkpt lat="44.573285422" lon="6.523842495">
        <ele>904.94</ele>
      </trkpt>
      <trkpt lat="44.573256637" lon="6.523868835">
        <ele>906.75</ele>
      </trkpt>
      <trkpt lat="44.573186061" lon="6.523906029">
        <ele>908.59</ele>
      </trkpt>
      <trkpt lat="44.573106437" lon="6.523916183">
        <ele>908.4</ele>
      </trkpt>
      <trkpt lat="44.573023777" lon="6.523908498">
        <ele>907.22</ele>
      </trkpt>
      <trkpt lat="44.572926592" lon="6.523875951">
        <ele>905.85</ele>
      </trkpt>
      <trkpt lat="44.572830452" lon="6.523787508">
        <ele>902.76</ele>
      </trkpt>
      <trkpt lat="44.572778176" lon="6.523723729">
        <ele>899.83</ele>
      </trkpt>
      <trkpt lat="44.572546305" lon="6.523424995">
        <ele>897.93</ele>
      </trkpt>
      <trkpt lat="44.572379816" lon="6.523220399">
        <ele>897.19</ele>
      </trkpt>
      <trkpt lat="44.572281077" lon="6.523131203">
        <ele>895.31</ele>
      </trkpt>
      <trkpt lat="44.572202109" lon="6.523084063">
        <ele>893.83</ele>
      </trkpt>
      <trkpt lat="44.572134776" lon="6.523049336">
        <ele>893.12</ele>
      </trkpt>
      <trkpt lat="44.57205782" lon="6.523031229">
        <ele>891.98</ele>
      </trkpt>
      <trkpt lat="44.571256506" lon="6.522909348">
        <ele>891.07</ele>
      </trkpt>
      <trkpt lat="44.570357011" lon="6.522816586">
        <ele>891.63</ele>
      </trkpt>
      <trkpt lat="44.570061528" lon="6.522785526">
        <ele>892.37</ele>
      </trkpt>
      <trkpt lat="44.569977431" lon="6.522766407">
        <ele>891.55</ele>
      </trkpt>
      <trkpt lat="44.569427349" lon="6.522465092">
        <ele>890.75</ele>
      </trkpt>
      <trkpt lat="44.569195288" lon="6.522340536">
        <ele>887.73</ele>
      </trkpt>
      <trkpt lat="44.568266189" lon="6.52183385">
        <ele>883.72</ele>
      </trkpt>
      <trkpt lat="44.567489388" lon="6.521365303">
        <ele>880.78</ele>
      </trkpt>
      <trkpt lat="44.567253492" lon="6.52122394">
        <ele>878.29</ele>
      </trkpt>
      <trkpt lat="44.567188693" lon="6.521205827">
        <ele>875.57</ele>
      </trkpt>
      <trkpt lat="44.567134146" lon="6.521190876">
        <ele>874.77</ele>
      </trkpt>
      <trkpt lat="44.567034194" lon="6.521193372">
        <ele>874.5</ele>
      </trkpt>
      <trkpt lat="44.566939391" lon="6.521232469">
        <ele>874.72</ele>
      </trkpt>
      <trkpt lat="44.566856513" lon="6.521276546">
        <ele>870.42</ele>
      </trkpt>
      <trkpt lat="44.566527783" lon="6.521498418">
        <ele>868.06</ele>
      </trkpt>
      <trkpt lat="44.566192999" lon="6.52172446">
        <ele>866.39</ele>
      </trkpt>
      <trkpt lat="44.565951312" lon="6.52189089">
        <ele>865.02</ele>
      </trkpt>
      <trkpt lat="44.565840812" lon="6.521981065">
        <ele>858.58</ele>
      </trkpt>
      <trkpt lat="44.565746507" lon="6.52209126">
        <ele>857.79</ele>
      </trkpt>
      <trkpt lat="44.56566323" lon="6.522215896">
        <ele>856.67</ele>
      </trkpt>
      <trkpt lat="44.565398176" lon="6.522707592">
        <ele>854.65</ele>
      </trkpt>
      <trkpt lat="44.565277317" lon="6.522921293">
        <ele>856.09</ele>
      </trkpt>
      <trkpt lat="44.565224094" lon="6.523015383">
        <ele>858.2</ele>
      </trkpt>
      <trkpt lat="44.56516107" lon="6.523107638">
        <ele>858.92</ele>
      </trkpt>
      <trkpt lat="44.565103814" lon="6.523161226">
        <ele>859.36</ele>
      </trkpt>
      <trkpt lat="44.56508111" lon="6.523174983">
        <ele>860.06</ele>
      </trkpt>
      <trkpt lat="44.56502183" lon="6.523213304">
        <ele>855.64</ele>
      </trkpt>
      <trkpt lat="44.564889762" lon="6.523232343">
        <ele>854.13</ele>
      </trkpt>
      <trkpt lat="44.564731448" lon="6.523058235">
        <ele>852.66</ele>
      </trkpt>
      <trkpt lat="44.564691293" lon="6.52299335">
        <ele>851.08</ele>
      </trkpt>
      <trkpt lat="44.564658249" lon="6.522904932">
        <ele>847.94</ele>
      </trkpt>
      <trkpt lat="44.564409581" lon="6.522239564">
        <ele>841.45</ele>
      </trkpt>
      <trkpt lat="44.564334527" lon="6.52078572">
        <ele>832.39</ele>
      </trkpt>
      <trkpt lat="44.562697035" lon="6.517170221">
        <ele>822.44</ele>
      </trkpt>
      <trkpt lat="44.561902826" lon="6.513972385">
        <ele>812.42</ele>
      </trkpt>
      <trkpt lat="44.560746985" lon="6.512849426">
        <ele>803.3</ele>
      </trkpt>
      <trkpt lat="44.561086122" lon="6.512349027">
        <ele>798.25</ele>
      </trkpt>
      <trkpt lat="44.561336793" lon="6.511979153">
        <ele>796.76</ele>
      </trkpt>
      <trkpt lat="44.560904163" lon="6.510422764">
        <ele>796.35</ele>
      </trkpt>
      <trkpt lat="44.560888576" lon="6.510285266">
        <ele>797.45</ele>
      </trkpt>
      <trkpt lat="44.560893885" lon="6.510172183">
        <ele>801.17</ele>
      </trkpt>
      <trkpt lat="44.562164225" lon="6.508155799">
        <ele>807.41</ele>
      </trkpt>
      <trkpt lat="44.565062535" lon="6.505543212">
        <ele>815.38</ele>
      </trkpt>
      <trkpt lat="44.566847594" lon="6.505272595">
        <ele>822.7</ele>
      </trkpt>
      <trkpt lat="44.567566062" lon="6.504860044">
        <ele>828.6</ele>
      </trkpt>
      <trkpt lat="44.567422844" lon="6.504724405">
        <ele>832.35</ele>
      </trkpt>
      <trkpt lat="44.566856476" lon="6.504858424">
        <ele>836.98</ele>
      </trkpt>
      <trkpt lat="44.566040444" lon="6.504399642">
        <ele>838.49</ele>
      </trkpt>
      <trkpt lat="44.566070401" lon="6.504173243">
        <ele>840.7</ele>
      </trkpt>
      <trkpt lat="44.566423306" lon="6.50441281">
        <ele>844.4</ele>
      </trkpt>
      <trkpt lat="44.56666839" lon="6.5043431">
        <ele>850.14</ele>
      </trkpt>
      <trkpt lat="44.566866666" lon="6.503835188">
        <ele>853.58</ele>
      </trkpt>
      <trkpt lat="44.567085503" lon="6.502664328">
        <ele>859.22</ele>
      </trkpt>
      <trkpt lat="44.566844052" lon="6.501184204">
        <ele>864</ele>
      </trkpt>
      <trkpt lat="44.566642011" lon="6.499717156">
        <ele>867.44</ele>
      </trkpt>
      <trkpt lat="44.566475577" lon="6.498024066">
        <ele>869.33</ele>
      </trkpt>
      <trkpt lat="44.566102997" lon="6.497657994">
        <ele>870.16</ele>
      </trkpt>
      <trkpt lat="44.565565001" lon="6.497074007">
        <ele>869.72</ele>
      </trkpt>
      <trkpt lat="44.565454998" lon="6.495879003">
        <ele>867.33</ele>
      </trkpt>
      <trkpt lat="44.565263001" lon="6.495210998">
        <ele>863.5</ele>
      </trkpt>
      <trkpt lat="44.563864003" lon="6.492747001">
        <ele>857.36</ele>
      </trkpt>
      <trkpt lat="44.563088" lon="6.492102004">
        <ele>851.53</ele>
      </trkpt>
      <trkpt lat="44.560241998" lon="6.487718997">
        <ele>843.96</ele>
      </trkpt>
      <trkpt lat="44.559915001" lon="6.486988002">
        <ele>837.77</ele>
      </trkpt>
      <trkpt lat="44.559408004" lon="6.485291994">
        <ele>830.71</ele>
      </trkpt>
      <trkpt lat="44.558987997" lon="6.484557007">
        <ele>825.18</ele>
      </trkpt>
      <trkpt lat="44.558080996" lon="6.484193996">
        <ele>819.63</ele>
      </trkpt>
      <trkpt lat="44.556971002" lon="6.483191998">
        <ele>815.85</ele>
      </trkpt>
      <trkpt lat="44.556166889" lon="6.483123097">
        <ele>812.94</ele>
      </trkpt>
      <trkpt lat="44.556129393" lon="6.483070721">
        <ele>812.06</ele>
      </trkpt>
      <trkpt lat="44.556063052" lon="6.483046289">
        <ele>812.37</ele>
      </trkpt>
      <trkpt lat="44.556003194" lon="6.483064495">
        <ele>812.82</ele>
      </trkpt>
      <trkpt lat="44.555957291" lon="6.483136752">
        <ele>806.24</ele>
      </trkpt>
      <trkpt lat="44.555953218" lon="6.483230364">
        <ele>799.88</ele>
      </trkpt>
      <trkpt lat="44.550404198" lon="6.484522">
        <ele>795.25</ele>
      </trkpt>
      <trkpt lat="44.550404194" lon="6.484522001">
        <ele>790.24</ele>
      </trkpt>
      <trkpt lat="44.550085003" lon="6.484605006">
        <ele>784.73</ele>
      </trkpt>
      <trkpt lat="44.549562994" lon="6.484718999">
        <ele>786.68</ele>
      </trkpt>
      <trkpt lat="44.549044001" lon="6.484647002">
        <ele>788.45</ele>
      </trkpt>
      <trkpt lat="44.548532001" lon="6.48423">
        <ele>789</ele>
      </trkpt>
      <trkpt lat="44.548179998" lon="6.484146999">
        <ele>788.33</ele>
      </trkpt>
      <trkpt lat="44.546984996" lon="6.482879998">
        <ele>786.83</ele>
      </trkpt>
      <trkpt lat="44.543859089" lon="6.479999872">
        <ele>785.69</ele>
      </trkpt>
      <trkpt lat="44.539045999" lon="6.475565993">
        <ele>784.75</ele>
      </trkpt>
      <trkpt lat="44.537777997" lon="6.474019998">
        <ele>783.12</ele>
      </trkpt>
      <trkpt lat="44.537070998" lon="6.472539998">
        <ele>783.66</ele>
      </trkpt>
      <trkpt lat="44.536041003" lon="6.469254994">
        <ele>788.01</ele>
      </trkpt>
      <trkpt lat="44.533536996" lon="6.463256003">
        <ele>798.78</ele>
      </trkpt>
      <trkpt lat="44.533121999" lon="6.461291998">
        <ele>808.77</ele>
      </trkpt>
      <trkpt lat="44.532092996" lon="6.445549997">
        <ele>817</ele>
      </trkpt>
      <trkpt lat="44.532066999" lon="6.441701999">
        <ele>816.99</ele>
      </trkpt>
      <trkpt lat="44.531617998" lon="6.438501997">
        <ele>816.11</ele>
      </trkpt>
      <trkpt lat="44.531231998" lon="6.432248997">
        <ele>806.75</ele>
      </trkpt>
      <trkpt lat="44.530964996" lon="6.430978002">
        <ele>805.06</ele>
      </trkpt>
      <trkpt lat="44.530707" lon="6.430354998">
        <ele>804.5</ele>
      </trkpt>
      <trkpt lat="44.528598004" lon="6.426003005">
        <ele>812.92</ele>
      </trkpt>
      <trkpt lat="44.527926999" lon="6.422575994">
        <ele>818.43</ele>
      </trkpt>
      <trkpt lat="44.526986004" lon="6.419470996">
        <ele>827.21</ele>
      </trkpt>
      <trkpt lat="44.526849268" lon="6.418843319">
        <ele>830.67</ele>
      </trkpt>
      <trkpt lat="44.526709996" lon="6.418204004">
        <ele>827.64</ele>
      </trkpt>
      <trkpt lat="44.526669003" lon="6.414466003">
        <ele>820.76</ele>
      </trkpt>
      <trkpt lat="44.526071002" lon="6.403416002">
        <ele>815.06</ele>
      </trkpt>
      <trkpt lat="44.526272995" lon="6.401673997">
        <ele>807.72</ele>
      </trkpt>
      <trkpt lat="44.526070999" lon="6.401275">
        <ele>799.58</ele>
      </trkpt>
      <trkpt lat="44.523629001" lon="6.399819003">
        <ele>799.57</ele>
      </trkpt>
      <trkpt lat="44.523017002" lon="6.399128997">
        <ele>804.31</ele>
      </trkpt>
      <trkpt lat="44.522548997" lon="6.397308998">
        <ele>806.58</ele>
      </trkpt>
      <trkpt lat="44.522906996" lon="6.395850006">
        <ele>809.8</ele>
      </trkpt>
      <trkpt lat="44.522763" lon="6.394845">
        <ele>814.32</ele>
      </trkpt>
      <trkpt lat="44.522442995" lon="6.394367003">
        <ele>819.36</ele>
      </trkpt>
      <trkpt lat="44.521631994" lon="6.393830995">
        <ele>819.07</ele>
      </trkpt>
      <trkpt lat="44.520950998" lon="6.392428998">
        <ele>821</ele>
      </trkpt>
      <trkpt lat="44.519367002" lon="6.389889998">
        <ele>819.02</ele>
      </trkpt>
      <trkpt lat="44.519139002" lon="6.389117">
        <ele>815.69</ele>
      </trkpt>
      <trkpt lat="44.519313998" lon="6.386439992">
        <ele>811.92</ele>
      </trkpt>
      <trkpt lat="44.519101998" lon="6.385456995">
        <ele>811.28</ele>
      </trkpt>
      <trkpt lat="44.517741005" lon="6.383949001">
        <ele>811.46</ele>
      </trkpt>
      <trkpt lat="44.517083001" lon="6.382976005">
        <ele>816.29</ele>
      </trkpt>
      <trkpt lat="44.516503996" lon="6.381312003">
        <ele>823.18</ele>
      </trkpt>
      <trkpt lat="44.515903998" lon="6.378195999">
        <ele>831.09</ele>
      </trkpt>
      <trkpt lat="44.514747004" lon="6.376363003">
        <ele>839.79</ele>
      </trkpt>
      <trkpt lat="44.513703" lon="6.372203997">
        <ele>849.2</ele>
      </trkpt>
      <trkpt lat="44.513741006" lon="6.371661996">
        <ele>857.04</ele>
      </trkpt>
      <trkpt lat="44.514456999" lon="6.370837">
        <ele>862.85</ele>
      </trkpt>
      <trkpt lat="44.514554001" lon="6.370251">
        <ele>870.53</ele>
      </trkpt>
      <trkpt lat="44.513828079" lon="6.368000708">
        <ele>876.37</ele>
      </trkpt>
      <trkpt lat="44.513372002" lon="6.366586995">
        <ele>881.7</ele>
      </trkpt>
      <trkpt lat="44.513439002" lon="6.365931993">
        <ele>887.25</ele>
      </trkpt>
      <trkpt lat="44.513790998" lon="6.364919002">
        <ele>896.14</ele>
      </trkpt>
      <trkpt lat="44.513766999" lon="6.364358003">
        <ele>902.39</ele>
      </trkpt>
      <trkpt lat="44.513098996" lon="6.363090003">
        <ele>912.58</ele>
      </trkpt>
      <trkpt lat="44.512800001" lon="6.361728001">
        <ele>922.52</ele>
      </trkpt>
      <trkpt lat="44.511923995" lon="6.360724001">
        <ele>932</ele>
      </trkpt>
      <trkpt lat="44.511634995" lon="6.360169001">
        <ele>938.05</ele>
      </trkpt>
      <trkpt lat="44.511657004" lon="6.359464003">
        <ele>943.64</ele>
      </trkpt>
      <trkpt lat="44.512212002" lon="6.357651004">
        <ele>945.12</ele>
      </trkpt>
      <trkpt lat="44.512212004" lon="6.356617002">
        <ele>946.27</ele>
      </trkpt>
      <trkpt lat="44.512051998" lon="6.356256998">
        <ele>947.53</ele>
      </trkpt>
      <trkpt lat="44.511784994" lon="6.356031997">
        <ele>949.91</ele>
      </trkpt>
      <trkpt lat="44.511304001" lon="6.356107005">
        <ele>952.71</ele>
      </trkpt>
      <trkpt lat="44.510523998" lon="6.356571992">
        <ele>958.52</ele>
      </trkpt>
      <trkpt lat="44.510128" lon="6.356286997">
        <ele>964.15</ele>
      </trkpt>
      <trkpt lat="44.508930998" lon="6.354548003">
        <ele>970.85</ele>
      </trkpt>
      <trkpt lat="44.508983995" lon="6.352885001">
        <ele>979.48</ele>
      </trkpt>
      <trkpt lat="44.508673996" lon="6.351969995">
        <ele>986.32</ele>
      </trkpt>
      <trkpt lat="44.507381" lon="6.351431">
        <ele>990.15</ele>
      </trkpt>
      <trkpt lat="44.505072" lon="6.349062999">
        <ele>994.85</ele>
      </trkpt>
      <trkpt lat="44.504805" lon="6.349002998">
        <ele>998.8</ele>
      </trkpt>
      <trkpt lat="44.504516004" lon="6.349138004">
        <ele>999.87</ele>
      </trkpt>
      <trkpt lat="44.504138" lon="6.349796994">
        <ele>1002.81</ele>
      </trkpt>
      <trkpt lat="44.503918998" lon="6.349747996">
        <ele>1008.65</ele>
      </trkpt>
      <trkpt lat="44.503459" lon="6.348717002">
        <ele>1012.12</ele>
      </trkpt>
      <trkpt lat="44.502654002" lon="6.348452998">
        <ele>1015.06</ele>
      </trkpt>
      <trkpt lat="44.502342998" lon="6.348182003">
        <ele>1017.53</ele>
      </trkpt>
      <trkpt lat="44.502211" lon="6.347623995">
        <ele>1020.89</ele>
      </trkpt>
      <trkpt lat="44.502159002" lon="6.346628999">
        <ele>1021.14</ele>
      </trkpt>
      <trkpt lat="44.501615994" lon="6.345885999">
        <ele>1023.18</ele>
      </trkpt>
      <trkpt lat="44.500945966" lon="6.345562295">
        <ele>1025.6</ele>
      </trkpt>
      <trkpt lat="44.500638999" lon="6.345413997">
        <ele>1027.76</ele>
      </trkpt>
      <trkpt lat="44.499448005" lon="6.345585999">
        <ele>1026.88</ele>
      </trkpt>
      <trkpt lat="44.499155" lon="6.345156004">
        <ele>1026.5</ele>
      </trkpt>
      <trkpt lat="44.499097998" lon="6.344511002">
        <ele>1024.88</ele>
      </trkpt>
      <trkpt lat="44.498888001" lon="6.343853999">
        <ele>1022.89</ele>
      </trkpt>
      <trkpt lat="44.498691002" lon="6.343626998">
        <ele>1020.62</ele>
      </trkpt>
      <trkpt lat="44.498274999" lon="6.343504">
        <ele>1018.05</ele>
      </trkpt>
      <trkpt lat="44.497837002" lon="6.343774996">
        <ele>1016.87</ele>
      </trkpt>
      <trkpt lat="44.497272006" lon="6.344818009">
        <ele>1017.84</ele>
      </trkpt>
      <trkpt lat="44.497058003" lon="6.345038997">
        <ele>1019.52</ele>
      </trkpt>
      <trkpt lat="44.496881999" lon="6.345033005">
        <ele>1020.48</ele>
      </trkpt>
      <trkpt lat="44.496747002" lon="6.344923004">
        <ele>1023.45</ele>
      </trkpt>
      <trkpt lat="44.496408998" lon="6.344105998">
        <ele>1025.06</ele>
      </trkpt>
      <trkpt lat="44.495985005" lon="6.343652002">
        <ele>1022.97</ele>
      </trkpt>
      <trkpt lat="44.495643003" lon="6.342877995">
        <ele>1020.76</ele>
      </trkpt>
      <trkpt lat="44.495034" lon="6.342676">
        <ele>1020.04</ele>
      </trkpt>
      <trkpt lat="44.494526003" lon="6.342190999">
        <ele>1018.09</ele>
      </trkpt>
      <trkpt lat="44.494399003" lon="6.341988002">
        <ele>1018.83</ele>
      </trkpt>
      <trkpt lat="44.494334002" lon="6.341472005">
        <ele>1020.29</ele>
      </trkpt>
      <trkpt lat="44.494574005" lon="6.340913992">
        <ele>1019.64</ele>
      </trkpt>
      <trkpt lat="44.495266003" lon="6.339863999">
        <ele>1019.21</ele>
      </trkpt>
      <trkpt lat="44.495379998" lon="6.339568995">
        <ele>1017.74</ele>
      </trkpt>
      <trkpt lat="44.495411004" lon="6.338882002">
        <ele>1013.49</ele>
      </trkpt>
      <trkpt lat="44.495196" lon="6.338145009">
        <ele>1010.87</ele>
      </trkpt>
      <trkpt lat="44.494617997" lon="6.337200003">
        <ele>1009.64</ele>
      </trkpt>
      <trkpt lat="44.494420998" lon="6.335943002">
        <ele>1007.89</ele>
      </trkpt>
      <trkpt lat="44.494163" lon="6.335376003">
        <ele>1006.96</ele>
      </trkpt>
      <trkpt lat="44.493313002" lon="6.334535001">
        <ele>1005.99</ele>
      </trkpt>
      <trkpt lat="44.492756996" lon="6.33424">
        <ele>1006.8</ele>
      </trkpt>
      <trkpt lat="44.492183997" lon="6.334357004">
        <ele>1009.74</ele>
      </trkpt>
      <trkpt lat="44.490874" lon="6.335216997">
        <ele>1013.33</ele>
      </trkpt>
      <trkpt lat="44.490016002" lon="6.334603">
        <ele>1018.85</ele>
      </trkpt>
      <trkpt lat="44.489858003" lon="6.334308008">
        <ele>1024.79</ele>
      </trkpt>
      <trkpt lat="44.489858002" lon="6.333982995">
        <ele>1026.6</ele>
      </trkpt>
      <trkpt lat="44.490396998" lon="6.332238996">
        <ele>1028.14</ele>
      </trkpt>
      <trkpt lat="44.490427005" lon="6.331871002">
        <ele>1029.36</ele>
      </trkpt>
      <trkpt lat="44.490247996" lon="6.329819993">
        <ele>1027.72</ele>
      </trkpt>
      <trkpt lat="44.490285" lon="6.328935997">
        <ele>1025.01</ele>
      </trkpt>
      <trkpt lat="44.490123999" lon="6.328420001">
        <ele>1022.77</ele>
      </trkpt>
      <trkpt lat="44.489692001" lon="6.328005997">
        <ele>1019.11</ele>
      </trkpt>
      <trkpt lat="44.488565997" lon="6.327518003">
        <ele>1016.05</ele>
      </trkpt>
      <trkpt lat="44.487741" lon="6.326644003">
        <ele>1015.17</ele>
      </trkpt>
      <trkpt lat="44.486865006" lon="6.324398995">
        <ele>1014.55</ele>
      </trkpt>
      <trkpt lat="44.486067" lon="6.322899999">
        <ele>1017.91</ele>
      </trkpt>
      <trkpt lat="44.48542" lon="6.320884003">
        <ele>1020.77</ele>
      </trkpt>
      <trkpt lat="44.484339002" lon="6.319219996">
        <ele>1022.37</ele>
      </trkpt>
      <trkpt lat="44.483792998" lon="6.318946008">
        <ele>1024.21</ele>
      </trkpt>
      <trkpt lat="44.482909999" lon="6.318850992">
        <ele>1027.93</ele>
      </trkpt>
      <trkpt lat="44.482667999" lon="6.318879994">
        <ele>1030.16</ele>
      </trkpt>
      <trkpt lat="44.481901998" lon="6.319530006">
        <ele>1033.14</ele>
      </trkpt>
      <trkpt lat="44.48145" lon="6.319381008">
        <ele>1035.72</ele>
      </trkpt>
      <trkpt lat="44.480917998" lon="6.318697997">
        <ele>1038.6</ele>
      </trkpt>
      <trkpt lat="44.480719001" lon="6.318132995">
        <ele>1039.99</ele>
      </trkpt>
      <trkpt lat="44.480662999" lon="6.317559002">
        <ele>1040.99</ele>
      </trkpt>
      <trkpt lat="44.480893005" lon="6.316417994">
        <ele>1041.46</ele>
      </trkpt>
      <trkpt lat="44.480842" lon="6.315992999">
        <ele>1041.97</ele>
      </trkpt>
      <trkpt lat="44.480673997" lon="6.315654004">
        <ele>1041.84</ele>
      </trkpt>
      <trkpt lat="44.480066" lon="6.315211002">
        <ele>1040.38</ele>
      </trkpt>
      <trkpt lat="44.478834999" lon="6.315032999">
        <ele>1038.34</ele>
      </trkpt>
      <trkpt lat="44.478622996" lon="6.315185997">
        <ele>1034.83</ele>
      </trkpt>
      <trkpt lat="44.478108999" lon="6.315990008">
        <ele>1031.22</ele>
      </trkpt>
      <trkpt lat="44.477214003" lon="6.316262999">
        <ele>1021.49</ele>
      </trkpt>
      <trkpt lat="44.476291998" lon="6.317096007">
        <ele>1014.1</ele>
      </trkpt>
      <trkpt lat="44.474847" lon="6.317691994">
        <ele>1005.01</ele>
      </trkpt>
      <trkpt lat="44.474137999" lon="6.318686003">
        <ele>996.76</ele>
      </trkpt>
      <trkpt lat="44.473959" lon="6.319252004">
        <ele>989.58</ele>
      </trkpt>
      <trkpt lat="44.473833997" lon="6.319189998">
        <ele>986.8</ele>
      </trkpt>
      <trkpt lat="44.473838004" lon="6.318889992">
        <ele>982.14</ele>
      </trkpt>
      <trkpt lat="44.474296" lon="6.318017997">
        <ele>978.39</ele>
      </trkpt>
      <trkpt lat="44.474249997" lon="6.317510003">
        <ele>976.18</ele>
      </trkpt>
      <trkpt lat="44.473985001" lon="6.316644001">
        <ele>971.25</ele>
      </trkpt>
      <trkpt lat="44.474131" lon="6.316364005">
        <ele>971.46</ele>
      </trkpt>
      <trkpt lat="44.474818998" lon="6.316050998">
        <ele>969.97</ele>
      </trkpt>
      <trkpt lat="44.474874001" lon="6.315868994">
        <ele>965.04</ele>
      </trkpt>
      <trkpt lat="44.474793005" lon="6.315735006">
        <ele>960.09</ele>
      </trkpt>
      <trkpt lat="44.473954001" lon="6.316048002">
        <ele>959.97</ele>
      </trkpt>
      <trkpt lat="44.473693996" lon="6.316281996">
        <ele>954.21</ele>
      </trkpt>
      <trkpt lat="44.473261996" lon="6.317328">
        <ele>949.43</ele>
      </trkpt>
      <trkpt lat="44.473063997" lon="6.317519999">
        <ele>947.87</ele>
      </trkpt>
      <trkpt lat="44.472245999" lon="6.317355002">
        <ele>940.86</ele>
      </trkpt>
      <trkpt lat="44.471870002" lon="6.317507996">
        <ele>927.9</ele>
      </trkpt>
      <trkpt lat="44.471025999" lon="6.318878005">
        <ele>919.15</ele>
      </trkpt>
      <trkpt lat="44.470945001" lon="6.319356001">
        <ele>909.59</ele>
      </trkpt>
      <trkpt lat="44.471328002" lon="6.320363">
        <ele>901.26</ele>
      </trkpt>
      <trkpt lat="44.471224" lon="6.321147008">
        <ele>896.28</ele>
      </trkpt>
      <trkpt lat="44.471618003" lon="6.322328003">
        <ele>895.24</ele>
      </trkpt>
      <trkpt lat="44.472209" lon="6.322853002">
        <ele>891.7</ele>
      </trkpt>
      <trkpt lat="44.472865" lon="6.323003998">
        <ele>889.92</ele>
      </trkpt>
      <trkpt lat="44.473103999" lon="6.323463">
        <ele>887.66</ele>
      </trkpt>
      <trkpt lat="44.473025003" lon="6.323988993">
        <ele>886.94</ele>
      </trkpt>
      <trkpt lat="44.47259" lon="6.325275999">
        <ele>885.66</ele>
      </trkpt>
      <trkpt lat="44.472729002" lon="6.326702995">
        <ele>884.83</ele>
      </trkpt>
      <trkpt lat="44.472548" lon="6.327201998">
        <ele>885.45</ele>
      </trkpt>
      <trkpt lat="44.472315996" lon="6.327348999">
        <ele>886.87</ele>
      </trkpt>
      <trkpt lat="44.472072995" lon="6.327308996">
        <ele>886.23</ele>
      </trkpt>
      <trkpt lat="44.471893999" lon="6.327167">
        <ele>887.59</ele>
      </trkpt>
      <trkpt lat="44.471456997" lon="6.326094993">
        <ele>882.47</ele>
      </trkpt>
      <trkpt lat="44.471253002" lon="6.325900004">
        <ele>876.01</ele>
      </trkpt>
      <trkpt lat="44.470265" lon="6.325589998">
        <ele>867.6</ele>
      </trkpt>
      <trkpt lat="44.469905005" lon="6.325999">
        <ele>860.82</ele>
      </trkpt>
      <trkpt lat="44.469840997" lon="6.327403998">
        <ele>851.46</ele>
      </trkpt>
      <trkpt lat="44.470256996" lon="6.328224994">
        <ele>847.13</ele>
      </trkpt>
      <trkpt lat="44.470324001" lon="6.328688991">
        <ele>843.37</ele>
      </trkpt>
      <trkpt lat="44.470120996" lon="6.329545002">
        <ele>839.66</ele>
      </trkpt>
      <trkpt lat="44.469934001" lon="6.331149992">
        <ele>834.51</ele>
      </trkpt>
      <trkpt lat="44.469839351" lon="6.331543736">
        <ele>828.98</ele>
      </trkpt>
      <trkpt lat="44.469407997" lon="6.333337999">
        <ele>821.3</ele>
      </trkpt>
      <trkpt lat="44.469084" lon="6.334148">
        <ele>810.94</ele>
      </trkpt>
      <trkpt lat="44.467930996" lon="6.336096999">
        <ele>801.94</ele>
      </trkpt>
      <trkpt lat="44.467735998" lon="6.337786003">
        <ele>794.59</ele>
      </trkpt>
      <trkpt lat="44.466846002" lon="6.341081008">
        <ele>790.18</ele>
      </trkpt>
      <trkpt lat="44.466904002" lon="6.341876995">
        <ele>788.43</ele>
      </trkpt>
      <trkpt lat="44.467217996" lon="6.342876004">
        <ele>789.53</ele>
      </trkpt>
      <trkpt lat="44.467209997" lon="6.343423006">
        <ele>790.64</ele>
      </trkpt>
      <trkpt lat="44.466929994" lon="6.344647993">
        <ele>791.34</ele>
      </trkpt>
      <trkpt lat="44.466937999" lon="6.345349001">
        <ele>790.36</ele>
      </trkpt>
      <trkpt lat="44.468227999" lon="6.345789">
        <ele>789.35</ele>
      </trkpt>
      <trkpt lat="44.468424" lon="6.345934003">
        <ele>788.2</ele>
      </trkpt>
      <trkpt lat="44.468452005" lon="6.346404006">
        <ele>789.91</ele>
      </trkpt>
      <trkpt lat="44.467854998" lon="6.346823995">
        <ele>788.91</ele>
      </trkpt>
      <trkpt lat="44.467697004" lon="6.347121005">
        <ele>789.11</ele>
      </trkpt>
      <trkpt lat="44.467536006" lon="6.348245006">
        <ele>790.53</ele>
      </trkpt>
      <trkpt lat="44.467258" lon="6.348956">
        <ele>791.89</ele>
      </trkpt>
      <trkpt lat="44.467192" lon="6.349353008">
        <ele>791.42</ele>
      </trkpt>
      <trkpt lat="44.467467002" lon="6.350155007">
        <ele>796.87</ele>
      </trkpt>
      <trkpt lat="44.467503999" lon="6.350565999">
        <ele>798.22</ele>
      </trkpt>
      <trkpt lat="44.467124998" lon="6.352650997">
        <ele>797.73</ele>
      </trkpt>
      <trkpt lat="44.465927996" lon="6.3534">
        <ele>799.31</ele>
      </trkpt>
      <trkpt lat="44.465589" lon="6.354362995">
        <ele>799.1</ele>
      </trkpt>
      <trkpt lat="44.465046002" lon="6.356658003">
        <ele>795.02</ele>
      </trkpt>
      <trkpt lat="44.464952006" lon="6.358037999">
        <ele>794.18</ele>
      </trkpt>
      <trkpt lat="44.465289998" lon="6.360473999">
        <ele>795.33</ele>
      </trkpt>
      <trkpt lat="44.465240998" lon="6.360918999">
        <ele>793.79</ele>
      </trkpt>
      <trkpt lat="44.465042997" lon="6.361304004">
        <ele>788.95</ele>
      </trkpt>
      <trkpt lat="44.463398998" lon="6.362187992">
        <ele>787.89</ele>
      </trkpt>
      <trkpt lat="44.462872998" lon="6.362771008">
        <ele>786.22</ele>
      </trkpt>
      <trkpt lat="44.463068" lon="6.364662006">
        <ele>784.65</ele>
      </trkpt>
      <trkpt lat="44.463376003" lon="6.365577">
        <ele>783.01</ele>
      </trkpt>
      <trkpt lat="44.463853998" lon="6.366465001">
        <ele>786.36</ele>
      </trkpt>
      <trkpt lat="44.463950996" lon="6.367004">
        <ele>786.82</ele>
      </trkpt>
      <trkpt lat="44.463899999" lon="6.367289999">
        <ele>786.71</ele>
      </trkpt>
      <trkpt lat="44.462015994" lon="6.370096004">
        <ele>784.71</ele>
      </trkpt>
      <trkpt lat="44.461667995" lon="6.371903995">
        <ele>784.38</ele>
      </trkpt>
      <trkpt lat="44.461498" lon="6.372319999">
        <ele>783.33</ele>
      </trkpt>
      <trkpt lat="44.460120999" lon="6.374625998">
        <ele>785.63</ele>
      </trkpt>
      <trkpt lat="44.459780005" lon="6.376127001">
        <ele>787.04</ele>
      </trkpt>
      <trkpt lat="44.459391998" lon="6.377210996">
        <ele>790.99</ele>
      </trkpt>
      <trkpt lat="44.458284004" lon="6.378708008">
        <ele>791.84</ele>
      </trkpt>
      <trkpt lat="44.457456002" lon="6.380782006">
        <ele>797.09</ele>
      </trkpt>
      <trkpt lat="44.457289005" lon="6.381897997">
        <ele>798.88</ele>
      </trkpt>
      <trkpt lat="44.457128004" lon="6.384473997">
        <ele>799.63</ele>
      </trkpt>
      <trkpt lat="44.456756001" lon="6.385536997">
        <ele>801.21</ele>
      </trkpt>
      <trkpt lat="44.456101003" lon="6.386308002">
        <ele>803.82</ele>
      </trkpt>
      <trkpt lat="44.455162003" lon="6.386923997">
        <ele>796.96</ele>
      </trkpt>
      <trkpt lat="44.45484" lon="6.386944001">
        <ele>791.15</ele>
      </trkpt>
      <trkpt lat="44.453293318" lon="6.38653504">
        <ele>790.68</ele>
      </trkpt>
      <trkpt lat="44.452688" lon="6.386374994">
        <ele>791.07</ele>
      </trkpt>
      <trkpt lat="44.452473004" lon="6.386480006">
        <ele>792.63</ele>
      </trkpt>
      <trkpt lat="44.452219001" lon="6.387127004">
        <ele>800.69</ele>
      </trkpt>
      <trkpt lat="44.452081001" lon="6.388008996">
        <ele>806.63</ele>
      </trkpt>
      <trkpt lat="44.452095997" lon="6.388554998">
        <ele>813.13</ele>
      </trkpt>
      <trkpt lat="44.452389004" lon="6.389506002">
        <ele>814.08</ele>
      </trkpt>
      <trkpt lat="44.452323999" lon="6.390004">
        <ele>816.56</ele>
      </trkpt>
      <trkpt lat="44.451283997" lon="6.391326998">
        <ele>819.63</ele>
      </trkpt>
      <trkpt lat="44.450340997" lon="6.391846001">
        <ele>822.53</ele>
      </trkpt>
      <trkpt lat="44.450167998" lon="6.392126994">
        <ele>824.31</ele>
      </trkpt>
      <trkpt lat="44.450172002" lon="6.392889995">
        <ele>831.45</ele>
      </trkpt>
      <trkpt lat="44.449314002" lon="6.393588994">
        <ele>836.99</ele>
      </trkpt>
      <trkpt lat="44.449222004" lon="6.393935997">
        <ele>838.45</ele>
      </trkpt>
      <trkpt lat="44.449380001" lon="6.394603001">
        <ele>842.68</ele>
      </trkpt>
      <trkpt lat="44.449363998" lon="6.395153006">
        <ele>844.38</ele>
      </trkpt>
      <trkpt lat="44.449069999" lon="6.396282003">
        <ele>847.26</ele>
      </trkpt>
      <trkpt lat="44.448512997" lon="6.397304002">
        <ele>853.06</ele>
      </trkpt>
      <trkpt lat="44.448360999" lon="6.398104007">
        <ele>860.37</ele>
      </trkpt>
      <trkpt lat="44.448428998" lon="6.398751">
        <ele>864.86</ele>
      </trkpt>
      <trkpt lat="44.448876" lon="6.400443002">
        <ele>869.11</ele>
      </trkpt>
      <trkpt lat="44.448918004" lon="6.402004998">
        <ele>870.53</ele>
      </trkpt>
      <trkpt lat="44.448222268" lon="6.402994389">
        <ele>868.86</ele>
      </trkpt>
      <trkpt lat="44.447994001" lon="6.403319004">
        <ele>870.44</ele>
      </trkpt>
      <trkpt lat="44.447650999" lon="6.405372995">
        <ele>876.52</ele>
      </trkpt>
      <trkpt lat="44.446670003" lon="6.406848004">
        <ele>884.19</ele>
      </trkpt>
      <trkpt lat="44.446350002" lon="6.407540997">
        <ele>888.4</ele>
      </trkpt>
      <trkpt lat="44.446224001" lon="6.408631997">
        <ele>897.19</ele>
      </trkpt>
      <trkpt lat="44.446047997" lon="6.40908">
        <ele>905.05</ele>
      </trkpt>
      <trkpt lat="44.445812002" lon="6.410541995">
        <ele>904.86</ele>
      </trkpt>
      <trkpt lat="44.445644005" lon="6.410929004">
        <ele>905</ele>
      </trkpt>
      <trkpt lat="44.444988001" lon="6.411576002">
        <ele>902.39</ele>
      </trkpt>
      <trkpt lat="44.443519002" lon="6.412569006">
        <ele>899.8</ele>
      </trkpt>
      <trkpt lat="44.440711998" lon="6.414849008">
        <ele>901.28</ele>
      </trkpt>
      <trkpt lat="44.439742003" lon="6.416037008">
        <ele>901.66</ele>
      </trkpt>
      <trkpt lat="44.438736004" lon="6.416778998">
        <ele>901.3</ele>
      </trkpt>
      <trkpt lat="44.438123999" lon="6.417731998">
        <ele>906.59</ele>
      </trkpt>
      <trkpt lat="44.437936996" lon="6.417631001">
        <ele>916.27</ele>
      </trkpt>
      <trkpt lat="44.437248001" lon="6.418516004">
        <ele>911.82</ele>
      </trkpt>
      <trkpt lat="44.437016003" lon="6.419347007">
        <ele>912.66</ele>
      </trkpt>
      <trkpt lat="44.437091999" lon="6.420603996">
        <ele>911.1</ele>
      </trkpt>
      <trkpt lat="44.436255999" lon="6.422800995">
        <ele>910.97</ele>
      </trkpt>
      <trkpt lat="44.434593004" lon="6.424426998">
        <ele>902.67</ele>
      </trkpt>
      <trkpt lat="44.433487998" lon="6.426196008">
        <ele>902.41</ele>
      </trkpt>
      <trkpt lat="44.430350004" lon="6.429450003">
        <ele>902.06</ele>
      </trkpt>
      <trkpt lat="44.428788998" lon="6.432726997">
        <ele>903.88</ele>
      </trkpt>
      <trkpt lat="44.428655001" lon="6.433486996">
        <ele>904.41</ele>
      </trkpt>
      <trkpt lat="44.428697997" lon="6.434273006">
        <ele>903.07</ele>
      </trkpt>
      <trkpt lat="44.427779004" lon="6.435941005">
        <ele>902.97</ele>
      </trkpt>
      <trkpt lat="44.426899998" lon="6.436795">
        <ele>903.5</ele>
      </trkpt>
      <trkpt lat="44.426055001" lon="6.437248">
        <ele>903.31</ele>
      </trkpt>
      <trkpt lat="44.425258005" lon="6.438125997">
        <ele>902.73</ele>
      </trkpt>
      <trkpt lat="44.423883006" lon="6.440009993">
        <ele>904.91</ele>
      </trkpt>
      <trkpt lat="44.422659002" lon="6.442746998">
        <ele>905.56</ele>
      </trkpt>
      <trkpt lat="44.422300997" lon="6.443107004">
        <ele>911.06</ele>
      </trkpt>
      <trkpt lat="44.420434004" lon="6.444262002">
        <ele>913.72</ele>
      </trkpt>
      <trkpt lat="44.419016006" lon="6.445961998">
        <ele>916.24</ele>
      </trkpt>
      <trkpt lat="44.418555999" lon="6.446328997">
        <ele>919.7</ele>
      </trkpt>
      <trkpt lat="44.415736004" lon="6.447518992">
        <ele>922.86</ele>
      </trkpt>
      <trkpt lat="44.413627997" lon="6.447988997">
        <ele>924.08</ele>
      </trkpt>
      <trkpt lat="44.413020002" lon="6.448303993">
        <ele>929.86</ele>
      </trkpt>
      <trkpt lat="44.412425004" lon="6.448851">
        <ele>935.09</ele>
      </trkpt>
      <trkpt lat="44.411950004" lon="6.449737002">
        <ele>937.95</ele>
      </trkpt>
      <trkpt lat="44.411270001" lon="6.451896003">
        <ele>939.14</ele>
      </trkpt>
      <trkpt lat="44.410849" lon="6.452720006">
        <ele>940.05</ele>
      </trkpt>
      <trkpt lat="44.409825994" lon="6.453655005">
        <ele>938.63</ele>
      </trkpt>
      <trkpt lat="44.408130004" lon="6.454814998">
        <ele>935.72</ele>
      </trkpt>
      <trkpt lat="44.407128006" lon="6.456142992">
        <ele>934.25</ele>
      </trkpt>
      <trkpt lat="44.406074999" lon="6.458357998">
        <ele>937.72</ele>
      </trkpt>
      <trkpt lat="44.405492001" lon="6.459334005">
        <ele>939.11</ele>
      </trkpt>
      <trkpt lat="44.40447" lon="6.461858001">
        <ele>942.41</ele>
      </trkpt>
      <trkpt lat="44.403243996" lon="6.463218002">
        <ele>949.75</ele>
      </trkpt>
      <trkpt lat="44.402688" lon="6.464083001">
        <ele>950.53</ele>
      </trkpt>
      <trkpt lat="44.402351002" lon="6.465212002">
        <ele>950.82</ele>
      </trkpt>
      <trkpt lat="44.40218664" lon="6.466709822">
        <ele>949.59</ele>
      </trkpt>
      <trkpt lat="44.402155996" lon="6.466989003">
        <ele>951.05</ele>
      </trkpt>
      <trkpt lat="44.401259" lon="6.469553996">
        <ele>948.57</ele>
      </trkpt>
      <trkpt lat="44.400584999" lon="6.470324003">
        <ele>954.3</ele>
      </trkpt>
      <trkpt lat="44.399456" lon="6.470817997">
        <ele>962.71</ele>
      </trkpt>
      <trkpt lat="44.398986997" lon="6.471262003">
        <ele>968.32</ele>
      </trkpt>
      <trkpt lat="44.397897998" lon="6.473667998">
        <ele>969.71</ele>
      </trkpt>
      <trkpt lat="44.397143004" lon="6.474822003">
        <ele>975.98</ele>
      </trkpt>
      <trkpt lat="44.396865001" lon="6.475524993">
        <ele>974.06</ele>
      </trkpt>
      <trkpt lat="44.396727997" lon="6.476589998">
        <ele>968.16</ele>
      </trkpt>
      <trkpt lat="44.397196003" lon="6.481744995">
        <ele>966.69</ele>
      </trkpt>
      <trkpt lat="44.397116998" lon="6.482556998">
        <ele>965.68</ele>
      </trkpt>
      <trkpt lat="44.396712001" lon="6.484173003">
        <ele>962.11</ele>
      </trkpt>
      <trkpt lat="44.396763997" lon="6.485287008">
        <ele>964.15</ele>
      </trkpt>
      <trkpt lat="44.397115998" lon="6.486189001">
        <ele>966.12</ele>
      </trkpt>
      <trkpt lat="44.397868001" lon="6.487252999">
        <ele>970.86</ele>
      </trkpt>
      <trkpt lat="44.398161997" lon="6.488118004">
        <ele>975.18</ele>
      </trkpt>
      <trkpt lat="44.398654002" lon="6.492709007">
        <ele>979.53</ele>
      </trkpt>
      <trkpt lat="44.398659998" lon="6.493831999">
        <ele>983.91</ele>
      </trkpt>
      <trkpt lat="44.399052" lon="6.494361996">
        <ele>989.45</ele>
      </trkpt>
      <trkpt lat="44.399697002" lon="6.494670004">
        <ele>993.48</ele>
      </trkpt>
      <trkpt lat="44.400450001" lon="6.496138002">
        <ele>997.7</ele>
      </trkpt>
      <trkpt lat="44.400603999" lon="6.497988002">
        <ele>1002.77</ele>
      </trkpt>
      <trkpt lat="44.400573002" lon="6.499012009">
        <ele>1007.92</ele>
      </trkpt>
      <trkpt lat="44.400786997" lon="6.500211005">
        <ele>1013.32</ele>
      </trkpt>
      <trkpt lat="44.400736" lon="6.501539003">
        <ele>1012.2</ele>
      </trkpt>
      <trkpt lat="44.400588" lon="6.502156996">
        <ele>1011.74</ele>
      </trkpt>
      <trkpt lat="44.399828999" lon="6.503335998">
        <ele>1011.17</ele>
      </trkpt>
      <trkpt lat="44.399734999" lon="6.504149">
        <ele>1013.39</ele>
      </trkpt>
      <trkpt lat="44.399885" lon="6.504445">
        <ele>1013.13</ele>
      </trkpt>
      <trkpt lat="44.400611002" lon="6.504943997">
        <ele>1018.95</ele>
      </trkpt>
      <trkpt lat="44.401177997" lon="6.505898004">
        <ele>1024.33</ele>
      </trkpt>
      <trkpt lat="44.401374999" lon="6.506489992">
        <ele>1030.02</ele>
      </trkpt>
      <trkpt lat="44.401687999" lon="6.508406996">
        <ele>1031.94</ele>
      </trkpt>
      <trkpt lat="44.401545996" lon="6.509665997">
        <ele>1035.51</ele>
      </trkpt>
      <trkpt lat="44.401631998" lon="6.511535001">
        <ele>1038.3</ele>
      </trkpt>
      <trkpt lat="44.401034001" lon="6.51409">
        <ele>1041.15</ele>
      </trkpt>
      <trkpt lat="44.401048996" lon="6.515319995">
        <ele>1042.44</ele>
      </trkpt>
      <trkpt lat="44.400698001" lon="6.516610005">
        <ele>1043.85</ele>
      </trkpt>
      <trkpt lat="44.400846998" lon="6.518641006">
        <ele>1044.84</ele>
      </trkpt>
      <trkpt lat="44.400495996" lon="6.521354007">
        <ele>1047.57</ele>
      </trkpt>
      <trkpt lat="44.400583998" lon="6.522600005">
        <ele>1051.04</ele>
      </trkpt>
      <trkpt lat="44.401342998" lon="6.525781003">
        <ele>1057.43</ele>
      </trkpt>
      <trkpt lat="44.401430999" lon="6.526903994">
        <ele>1063.29</ele>
      </trkpt>
      <trkpt lat="44.401084" lon="6.528188996">
        <ele>1068.39</ele>
      </trkpt>
      <trkpt lat="44.399766998" lon="6.530398005">
        <ele>1069.98</ele>
      </trkpt>
      <trkpt lat="44.399539003" lon="6.532425004">
        <ele>1071.72</ele>
      </trkpt>
      <trkpt lat="44.398969998" lon="6.533439006">
        <ele>1068.26</ele>
      </trkpt>
      <trkpt lat="44.398763999" lon="6.534126997">
        <ele>1065.66</ele>
      </trkpt>
      <trkpt lat="44.398924" lon="6.535404005">
        <ele>1064.24</ele>
      </trkpt>
      <trkpt lat="44.399787003" lon="6.538320997">
        <ele>1065.74</ele>
      </trkpt>
      <trkpt lat="44.399817001" lon="6.540801002">
        <ele>1067.12</ele>
      </trkpt>
      <trkpt lat="44.399656999" lon="6.542075995">
        <ele>1071.58</ele>
      </trkpt>
      <trkpt lat="44.398359998" lon="6.544632">
        <ele>1076.11</ele>
      </trkpt>
      <trkpt lat="44.397276998" lon="6.545366">
        <ele>1078.25</ele>
      </trkpt>
      <trkpt lat="44.396872" lon="6.545900999">
        <ele>1079.52</ele>
      </trkpt>
      <trkpt lat="44.39652481" lon="6.546734998">
        <ele>1080.68</ele>
      </trkpt>
      <trkpt lat="44.396207999" lon="6.547496">
        <ele>1080.55</ele>
      </trkpt>
      <trkpt lat="44.394816" lon="6.549498005">
        <ele>1080.26</ele>
      </trkpt>
      <trkpt lat="44.394080005" lon="6.551000997">
        <ele>1082.43</ele>
      </trkpt>
      <trkpt lat="44.393861994" lon="6.551683003">
        <ele>1080.61</ele>
      </trkpt>
      <trkpt lat="44.393770994" lon="6.553188999">
        <ele>1079.28</ele>
      </trkpt>
      <trkpt lat="44.393172" lon="6.555549">
        <ele>1080.72</ele>
      </trkpt>
      <trkpt lat="44.393110995" lon="6.556272995">
        <ele>1084.89</ele>
      </trkpt>
      <trkpt lat="44.393607997" lon="6.558892998">
        <ele>1089.8</ele>
      </trkpt>
      <trkpt lat="44.392600001" lon="6.563375004">
        <ele>1096.6</ele>
      </trkpt>
      <trkpt lat="44.392424" lon="6.565036008">
        <ele>1101.31</ele>
      </trkpt>
      <trkpt lat="44.393496002" lon="6.571682995">
        <ele>1102.83</ele>
      </trkpt>
      <trkpt lat="44.393423999" lon="6.572959001">
        <ele>1103.86</ele>
      </trkpt>
      <trkpt lat="44.392843001" lon="6.575859003">
        <ele>1103.36</ele>
      </trkpt>
      <trkpt lat="44.390205004" lon="6.581067">
        <ele>1104.19</ele>
      </trkpt>
      <trkpt lat="44.390059996" lon="6.581606999">
        <ele>1105.66</ele>
      </trkpt>
      <trkpt lat="44.389899" lon="6.584240005">
        <ele>1108.12</ele>
      </trkpt>
      <trkpt lat="44.389915799" lon="6.584367766">
        <ele>1106.78</ele>
      </trkpt>
      <trkpt lat="44.390108995" lon="6.585837004">
        <ele>1105.43</ele>
      </trkpt>
      <trkpt lat="44.390746002" lon="6.588464003">
        <ele>1104</ele>
      </trkpt>
      <trkpt lat="44.390808994" lon="6.589206003">
        <ele>1105.42</ele>
      </trkpt>
      <trkpt lat="44.390695003" lon="6.590224004">
        <ele>1107.55</ele>
      </trkpt>
      <trkpt lat="44.388479999" lon="6.595921003">
        <ele>1111.03</ele>
      </trkpt>
      <trkpt lat="44.386268001" lon="6.603176">
        <ele>1114.59</ele>
      </trkpt>
      <trkpt lat="44.385611999" lon="6.605767997">
        <ele>1118.7</ele>
      </trkpt>
      <trkpt lat="44.385345994" lon="6.608513995">
        <ele>1119.97</ele>
      </trkpt>
      <trkpt lat="44.385431999" lon="6.610436001">
        <ele>1119.44</ele>
      </trkpt>
      <trkpt lat="44.385569003" lon="6.611884996">
        <ele>1121.29</ele>
      </trkpt>
      <trkpt lat="44.386282003" lon="6.615396008">
        <ele>1123.6</ele>
      </trkpt>
      <trkpt lat="44.386305384" lon="6.63320356">
        <ele>1125.4</ele>
      </trkpt>
      <trkpt lat="44.386314004" lon="6.640385995">
        <ele>1127.68</ele>
      </trkpt>
      <trkpt lat="44.386218997" lon="6.642491997">
        <ele>1131.38</ele>
      </trkpt>
      <trkpt lat="44.385573006" lon="6.645929">
        <ele>1132.52</ele>
      </trkpt>
      <trkpt lat="44.384923005" lon="6.648710002">
        <ele>1135.31</ele>
      </trkpt>
    </trkseg>
  </trk></gpx>