<?xml version="1.0" encoding="UTF-8"?>
<gpx creator="Loopi" version="1.1" xmlns="http://www.topografix.com/GPX/1/1" xmlns:xsi="http://www.w3.org/2001/XMLSchema-instance" xsi:schemaLocation="http://www.topografix.com/GPX/1/1 http://www.topografix.com/GPX/1/1/gpx.xsd http://www.garmin.com/xmlschemas/GpxExtensions/v3 http://www.garmin.com/xmlschemas/GpxExtensionsv3.xsd http://www.garmin.com/xmlschemas/TrackPointExtension/v1 http://www.garmin.com/xmlschemas/TrackPointExtensionv1.xsd">
  <metadata>
    <name>Activity</name>
  </metadata>
  <trk>
    <name>Variante Barcelonnette / Saint-Etienne-de-Tinée</name>
    <trkseg>
      <trkpt lat="44.384923005" lon="6.648710002">
        <ele>1135.31</ele>
      </trkpt>
      <trkpt lat="44.384880002" lon="6.648888004">
        <ele>1133.38</ele>
      </trkpt>
      <trkpt lat="44.384757003" lon="6.649436997">
        <ele>1134.92</ele>
      </trkpt>
      <trkpt lat="44.384633002" lon="6.649987005">
        <ele>1134.97</ele>
      </trkpt>
      <trkpt lat="44.384608" lon="6.650119999">
        <ele>1135.49</ele>
      </trkpt>
      <trkpt lat="44.384582002" lon="6.650255002">
        <ele>1135.8</ele>
      </trkpt>
      <trkpt lat="44.384558002" lon="6.650389003">
        <ele>1135.94</ele>
      </trkpt>
      <trkpt lat="44.384536995" lon="6.650517002">
        <ele>1136</ele>
      </trkpt>
      <trkpt lat="44.384518" lon="6.650642994">
        <ele>1135.87</ele>
      </trkpt>
      <trkpt lat="44.3845" lon="6.650760996">
        <ele>1135.45</ele>
      </trkpt>
      <trkpt lat="44.384482001" lon="6.650873004">
        <ele>1135.37</ele>
      </trkpt>
      <trkpt lat="44.384455003" lon="6.650998995">
        <ele>1135.26</ele>
      </trkpt>
      <trkpt lat="44.384405999" lon="6.651473992">
        <ele>1135.33</ele>
      </trkpt>
      <trkpt lat="44.384378999" lon="6.651666004">
        <ele>1135.12</ele>
      </trkpt>
      <trkpt lat="44.384352001" lon="6.651996995">
        <ele>1135.63</ele>
      </trkpt>
      <trkpt lat="44.384339005" lon="6.652189006">
        <ele>1135.62</ele>
      </trkpt>
      <trkpt lat="44.384326997" lon="6.652357997">
        <ele>1135.65</ele>
      </trkpt>
      <trkpt lat="44.384286004" lon="6.652828998">
        <ele>1135.48</ele>
      </trkpt>
      <trkpt lat="44.384264998" lon="6.653076008">
        <ele>1135.92</ele>
      </trkpt>
      <trkpt lat="44.384258002" lon="6.653154005">
        <ele>1136.04</ele>
      </trkpt>
      <trkpt lat="44.384224004" lon="6.653554008">
        <ele>1136.3</ele>
      </trkpt>
      <trkpt lat="44.384190005" lon="6.653953997">
        <ele>1136.65</ele>
      </trkpt>
      <trkpt lat="44.384156999" lon="6.654343005">
        <ele>1137.05</ele>
      </trkpt>
      <trkpt lat="44.384123999" lon="6.654730995">
        <ele>1137.31</ele>
      </trkpt>
      <trkpt lat="44.384118999" lon="6.654794997">
        <ele>1137.47</ele>
      </trkpt>
      <trkpt lat="44.384089001" lon="6.655247995">
        <ele>1137.44</ele>
      </trkpt>
      <trkpt lat="44.384058999" lon="6.6557">
        <ele>1137.59</ele>
      </trkpt>
      <trkpt lat="44.384054006" lon="6.655836997">
        <ele>1137.81</ele>
      </trkpt>
      <trkpt lat="44.384045999" lon="6.656039997">
        <ele>1138.18</ele>
      </trkpt>
      <trkpt lat="44.384034" lon="6.656352">
        <ele>1138.46</ele>
      </trkpt>
      <trkpt lat="44.384020998" lon="6.656788001">
        <ele>1138.94</ele>
      </trkpt>
      <trkpt lat="44.384014995" lon="6.657181993">
        <ele>1139.1</ele>
      </trkpt>
      <trkpt lat="44.384013001" lon="6.657377">
        <ele>1139.28</ele>
      </trkpt>
      <trkpt lat="44.384012995" lon="6.657390999">
        <ele>1139.28</ele>
      </trkpt>
      <trkpt lat="44.384011995" lon="6.657525992">
        <ele>1139.08</ele>
      </trkpt>
      <trkpt lat="44.384013999" lon="6.657642997">
        <ele>1138.83</ele>
      </trkpt>
      <trkpt lat="44.384016997" lon="6.657764">
        <ele>1138.98</ele>
      </trkpt>
      <trkpt lat="44.384025999" lon="6.657912005">
        <ele>1139.14</ele>
      </trkpt>
      <trkpt lat="44.384029996" lon="6.657975005">
        <ele>1139.19</ele>
      </trkpt>
      <trkpt lat="44.384036001" lon="6.658047006">
        <ele>1139.53</ele>
      </trkpt>
      <trkpt lat="44.384044004" lon="6.658134002">
        <ele>1139.98</ele>
      </trkpt>
      <trkpt lat="44.384055001" lon="6.658264004">
        <ele>1140.12</ele>
      </trkpt>
      <trkpt lat="44.384065002" lon="6.658373006">
        <ele>1139.96</ele>
      </trkpt>
      <trkpt lat="44.384081006" lon="6.658491997">
        <ele>1139.98</ele>
      </trkpt>
      <trkpt lat="44.384095997" lon="6.658593996">
        <ele>1140.04</ele>
      </trkpt>
      <trkpt lat="44.384116997" lon="6.658707995">
        <ele>1139.75</ele>
      </trkpt>
      <trkpt lat="44.384159999" lon="6.658937">
        <ele>1139.43</ele>
      </trkpt>
      <trkpt lat="44.384181" lon="6.659028997">
        <ele>1139.5</ele>
      </trkpt>
      <trkpt lat="44.384189999" lon="6.659070003">
        <ele>1139.56</ele>
      </trkpt>
      <trkpt lat="44.384214999" lon="6.659171004">
        <ele>1139.49</ele>
      </trkpt>
      <trkpt lat="44.384242999" lon="6.659262008">
        <ele>1139.36</ele>
      </trkpt>
      <trkpt lat="44.384276005" lon="6.659361001">
        <ele>1139.25</ele>
      </trkpt>
      <trkpt lat="44.384326005" lon="6.659502008">
        <ele>1139.07</ele>
      </trkpt>
      <trkpt lat="44.384361998" lon="6.659606007">
        <ele>1139.01</ele>
      </trkpt>
      <trkpt lat="44.384403999" lon="6.659719003">
        <ele>1138.92</ele>
      </trkpt>
      <trkpt lat="44.384444999" lon="6.659824997">
        <ele>1139.13</ele>
      </trkpt>
      <trkpt lat="44.384485001" lon="6.659919002">
        <ele>1139.25</ele>
      </trkpt>
      <trkpt lat="44.384520997" lon="6.660007998">
        <ele>1139.34</ele>
      </trkpt>
      <trkpt lat="44.384557" lon="6.660089996">
        <ele>1139.59</ele>
      </trkpt>
      <trkpt lat="44.384567001" lon="6.660109002">
        <ele>1139.59</ele>
      </trkpt>
      <trkpt lat="44.384597" lon="6.660177002">
        <ele>1139.75</ele>
      </trkpt>
      <trkpt lat="44.384643002" lon="6.660273997">
        <ele>1139.75</ele>
      </trkpt>
      <trkpt lat="44.384715997" lon="6.660411002">
        <ele>1139.74</ele>
      </trkpt>
      <trkpt lat="44.384841997" lon="6.660648999">
        <ele>1139.7</ele>
      </trkpt>
      <trkpt lat="44.384866999" lon="6.660696005">
        <ele>1139.91</ele>
      </trkpt>
      <trkpt lat="44.384953999" lon="6.660860005">
        <ele>1140.01</ele>
      </trkpt>
      <trkpt lat="44.385027003" lon="6.660993996">
        <ele>1140.16</ele>
      </trkpt>
      <trkpt lat="44.385146001" lon="6.661215999">
        <ele>1140.17</ele>
      </trkpt>
      <trkpt lat="44.385208003" lon="6.661330995">
        <ele>1140.25</ele>
      </trkpt>
      <trkpt lat="44.385271998" lon="6.661447">
        <ele>1140.27</ele>
      </trkpt>
      <trkpt lat="44.385336002" lon="6.661569001">
        <ele>1140.29</ele>
      </trkpt>
      <trkpt lat="44.385403002" lon="6.661693004">
        <ele>1140.39</ele>
      </trkpt>
      <trkpt lat="44.385470997" lon="6.661815">
        <ele>1140.68</ele>
      </trkpt>
      <trkpt lat="44.385540001" lon="6.661936998">
        <ele>1140.58</ele>
      </trkpt>
      <trkpt lat="44.385610998" lon="6.662053005">
        <ele>1140.58</ele>
      </trkpt>
      <trkpt lat="44.385685" lon="6.662166995">
        <ele>1140.75</ele>
      </trkpt>
      <trkpt lat="44.385757003" lon="6.662282">
        <ele>1140.92</ele>
      </trkpt>
      <trkpt lat="44.385830998" lon="6.662394006">
        <ele>1141.15</ele>
      </trkpt>
      <trkpt lat="44.385904003" lon="6.662503007">
        <ele>1141.38</ele>
      </trkpt>
      <trkpt lat="44.385975999" lon="6.662611993">
        <ele>1141.61</ele>
      </trkpt>
      <trkpt lat="44.386046003" lon="6.662717998">
        <ele>1141.64</ele>
      </trkpt>
      <trkpt lat="44.386115998" lon="6.662827006">
        <ele>1141.8</ele>
      </trkpt>
      <trkpt lat="44.386191999" lon="6.662930999">
        <ele>1141.74</ele>
      </trkpt>
      <trkpt lat="44.386259" lon="6.663033003">
        <ele>1142.24</ele>
      </trkpt>
      <trkpt lat="44.386327002" lon="6.663135009">
        <ele>1142.36</ele>
      </trkpt>
      <trkpt lat="44.386404999" lon="6.663253998">
        <ele>1142.76</ele>
      </trkpt>
      <trkpt lat="44.386525999" lon="6.663439007">
        <ele>1142.66</ele>
      </trkpt>
      <trkpt lat="44.386591004" lon="6.663538998">
        <ele>1142.93</ele>
      </trkpt>
      <trkpt lat="44.386655996" lon="6.663637995">
        <ele>1142.36</ele>
      </trkpt>
      <trkpt lat="44.386787003" lon="6.663841008">
        <ele>1142.73</ele>
      </trkpt>
      <trkpt lat="44.386856995" lon="6.663945998">
        <ele>1142.73</ele>
      </trkpt>
      <trkpt lat="44.386931001" lon="6.664055997">
        <ele>1143.08</ele>
      </trkpt>
      <trkpt lat="44.387007001" lon="6.664169997">
        <ele>1142.86</ele>
      </trkpt>
      <trkpt lat="44.387086998" lon="6.664289006">
        <ele>1143.18</ele>
      </trkpt>
      <trkpt lat="44.387168998" lon="6.664405996">
        <ele>1143.01</ele>
      </trkpt>
      <trkpt lat="44.387248998" lon="6.664536002">
        <ele>1142.57</ele>
      </trkpt>
      <trkpt lat="44.387329999" lon="6.664660003">
        <ele>1142.42</ele>
      </trkpt>
      <trkpt lat="44.387412001" lon="6.664781003">
        <ele>1142.51</ele>
      </trkpt>
      <trkpt lat="44.387490998" lon="6.664904008">
        <ele>1142.51</ele>
      </trkpt>
      <trkpt lat="44.387571" lon="6.665025005">
        <ele>1142.53</ele>
      </trkpt>
      <trkpt lat="44.387648995" lon="6.665144">
        <ele>1142.83</ele>
      </trkpt>
      <trkpt lat="44.387807001" lon="6.665381003">
        <ele>1142.98</ele>
      </trkpt>
      <trkpt lat="44.387889001" lon="6.665497996">
        <ele>1143.28</ele>
      </trkpt>
      <trkpt lat="44.387950006" lon="6.665593008">
        <ele>1143.48</ele>
      </trkpt>
      <trkpt lat="44.388051995" lon="6.665746999">
        <ele>1143.38</ele>
      </trkpt>
      <trkpt lat="44.388133995" lon="6.665870993">
        <ele>1143.66</ele>
      </trkpt>
      <trkpt lat="44.388213998" lon="6.665992999">
        <ele>1143.8</ele>
      </trkpt>
      <trkpt lat="44.388292999" lon="6.666111006">
        <ele>1143.72</ele>
      </trkpt>
      <trkpt lat="44.388371005" lon="6.666230997">
        <ele>1143.85</ele>
      </trkpt>
      <trkpt lat="44.388446996" lon="6.666348998">
        <ele>1144.1</ele>
      </trkpt>
      <trkpt lat="44.388523996" lon="6.666463999">
        <ele>1144.12</ele>
      </trkpt>
      <trkpt lat="44.3886" lon="6.666579991">
        <ele>1144.23</ele>
      </trkpt>
      <trkpt lat="44.388674006" lon="6.666691003">
        <ele>1144.22</ele>
      </trkpt>
      <trkpt lat="44.388746996" lon="6.666798997">
        <ele>1144.06</ele>
      </trkpt>
      <trkpt lat="44.388818003" lon="6.666903996">
        <ele>1143.98</ele>
      </trkpt>
      <trkpt lat="44.388886998" lon="6.667007999">
        <ele>1143.73</ele>
      </trkpt>
      <trkpt lat="44.388953997" lon="6.667106996">
        <ele>1143.82</ele>
      </trkpt>
      <trkpt lat="44.389084002" lon="6.667297997">
        <ele>1144.14</ele>
      </trkpt>
      <trkpt lat="44.389145004" lon="6.667391994">
        <ele>1144.37</ele>
      </trkpt>
      <trkpt lat="44.389211999" lon="6.667472996">
        <ele>1144.57</ele>
      </trkpt>
      <trkpt lat="44.389215001" lon="6.667476999">
        <ele>1144.86</ele>
      </trkpt>
      <trkpt lat="44.389226995" lon="6.667487">
        <ele>1144.74</ele>
      </trkpt>
      <trkpt lat="44.389232004" lon="6.667493005">
        <ele>1144.66</ele>
      </trkpt>
      <trkpt lat="44.389269999" lon="6.667526999">
        <ele>1144.81</ele>
      </trkpt>
      <trkpt lat="44.389276002" lon="6.667530995">
        <ele>1144.98</ele>
      </trkpt>
      <trkpt lat="44.389317002" lon="6.667560006">
        <ele>1145.26</ele>
      </trkpt>
      <trkpt lat="44.389367" lon="6.667600999">
        <ele>1145.62</ele>
      </trkpt>
      <trkpt lat="44.389516002" lon="6.667652996">
        <ele>1146.14</ele>
      </trkpt>
      <trkpt lat="44.389560006" lon="6.667669999">
        <ele>1146.41</ele>
      </trkpt>
      <trkpt lat="44.389595997" lon="6.667690002">
        <ele>1147.15</ele>
      </trkpt>
      <trkpt lat="44.389640005" lon="6.667725001">
        <ele>1147.7</ele>
      </trkpt>
      <trkpt lat="44.389686999" lon="6.667790997">
        <ele>1148.13</ele>
      </trkpt>
      <trkpt lat="44.389705004" lon="6.667830997">
        <ele>1148.37</ele>
      </trkpt>
      <trkpt lat="44.389715997" lon="6.667877002">
        <ele>1148.67</ele>
      </trkpt>
      <trkpt lat="44.389769998" lon="6.667911996">
        <ele>1148.94</ele>
      </trkpt>
      <trkpt lat="44.389845002" lon="6.667935999">
        <ele>1149.27</ele>
      </trkpt>
      <trkpt lat="44.389931997" lon="6.667961997">
        <ele>1149.59</ele>
      </trkpt>
      <trkpt lat="44.389988002" lon="6.667968003">
        <ele>1149.97</ele>
      </trkpt>
      <trkpt lat="44.390011" lon="6.668137997">
        <ele>1150.2</ele>
      </trkpt>
      <trkpt lat="44.390046994" lon="6.668294996">
        <ele>1150.4</ele>
      </trkpt>
      <trkpt lat="44.390119998" lon="6.668572001">
        <ele>1150.07</ele>
      </trkpt>
      <trkpt lat="44.390218998" lon="6.668995003">
        <ele>1150.11</ele>
      </trkpt>
      <trkpt lat="44.390285998" lon="6.669275">
        <ele>1149.92</ele>
      </trkpt>
      <trkpt lat="44.390351003" lon="6.669484002">
        <ele>1149.95</ele>
      </trkpt>
      <trkpt lat="44.390403999" lon="6.669623996">
        <ele>1149.55</ele>
      </trkpt>
      <trkpt lat="44.390434486" lon="6.6696845">
        <ele>1149.72</ele>
      </trkpt>
      <trkpt lat="44.390467999" lon="6.669750994">
        <ele>1149.79</ele>
      </trkpt>
      <trkpt lat="44.390496" lon="6.669789004">
        <ele>1150.01</ele>
      </trkpt>
      <trkpt lat="44.390566994" lon="6.669872998">
        <ele>1150.36</ele>
      </trkpt>
      <trkpt lat="44.390655006" lon="6.669959">
        <ele>1150.74</ele>
      </trkpt>
      <trkpt lat="44.390731999" lon="6.670012002">
        <ele>1151.1</ele>
      </trkpt>
      <trkpt lat="44.390792997" lon="6.670062006">
        <ele>1151.28</ele>
      </trkpt>
      <trkpt lat="44.390818" lon="6.670084">
        <ele>1151.83</ele>
      </trkpt>
      <trkpt lat="44.390932997" lon="6.670202003">
        <ele>1152.13</ele>
      </trkpt>
      <trkpt lat="44.391015997" lon="6.670304007">
        <ele>1152.37</ele>
      </trkpt>
      <trkpt lat="44.391070997" lon="6.670382">
        <ele>1152.53</ele>
      </trkpt>
      <trkpt lat="44.391132997" lon="6.670483006">
        <ele>1152.85</ele>
      </trkpt>
      <trkpt lat="44.391199001" lon="6.670604996">
        <ele>1153.03</ele>
      </trkpt>
      <trkpt lat="44.391234997" lon="6.670686997">
        <ele>1153.06</ele>
      </trkpt>
      <trkpt lat="44.391282998" lon="6.670812997">
        <ele>1153.02</ele>
      </trkpt>
      <trkpt lat="44.391316002" lon="6.670922001">
        <ele>1153.68</ele>
      </trkpt>
      <trkpt lat="44.391339994" lon="6.671014007">
        <ele>1153.87</ele>
      </trkpt>
      <trkpt lat="44.391361006" lon="6.671127009">
        <ele>1153.7</ele>
      </trkpt>
      <trkpt lat="44.391370001" lon="6.671264994">
        <ele>1154.42</ele>
      </trkpt>
      <trkpt lat="44.391376005" lon="6.671332998">
        <ele>1154.81</ele>
      </trkpt>
      <trkpt lat="44.391386997" lon="6.671507006">
        <ele>1154.5</ele>
      </trkpt>
      <trkpt lat="44.391393" lon="6.671695998">
        <ele>1154.49</ele>
      </trkpt>
      <trkpt lat="44.391389999" lon="6.672204002">
        <ele>1154.59</ele>
      </trkpt>
      <trkpt lat="44.391390998" lon="6.672227002">
        <ele>1154.52</ele>
      </trkpt>
      <trkpt lat="44.391391" lon="6.672267998">
        <ele>1154.85</ele>
      </trkpt>
      <trkpt lat="44.391393002" lon="6.672444">
        <ele>1155.69</ele>
      </trkpt>
      <trkpt lat="44.391391997" lon="6.672496002">
        <ele>1156.5</ele>
      </trkpt>
      <trkpt lat="44.391395004" lon="6.672836002">
        <ele>1157.36</ele>
      </trkpt>
      <trkpt lat="44.391403998" lon="6.673423998">
        <ele>1157.82</ele>
      </trkpt>
      <trkpt lat="44.391410998" lon="6.673782002">
        <ele>1157.72</ele>
      </trkpt>
      <trkpt lat="44.391417" lon="6.674140998">
        <ele>1157.39</ele>
      </trkpt>
      <trkpt lat="44.391431004" lon="6.674766005">
        <ele>1157.43</ele>
      </trkpt>
      <trkpt lat="44.391439001" lon="6.675124">
        <ele>1157.21</ele>
      </trkpt>
      <trkpt lat="44.391447004" lon="6.675482008">
        <ele>1157.7</ele>
      </trkpt>
      <trkpt lat="44.391456001" lon="6.676021997">
        <ele>1158.66</ele>
      </trkpt>
      <trkpt lat="44.391463996" lon="6.676561998">
        <ele>1159.23</ele>
      </trkpt>
      <trkpt lat="44.391476" lon="6.677069005">
        <ele>1159.48</ele>
      </trkpt>
      <trkpt lat="44.391487005" lon="6.677577003">
        <ele>1160.19</ele>
      </trkpt>
      <trkpt lat="44.391497999" lon="6.678085001">
        <ele>1160.21</ele>
      </trkpt>
      <trkpt lat="44.391507001" lon="6.678477007">
        <ele>1160.49</ele>
      </trkpt>
      <trkpt lat="44.391515996" lon="6.678870007">
        <ele>1161.76</ele>
      </trkpt>
      <trkpt lat="44.391526" lon="6.679336003">
        <ele>1163.47</ele>
      </trkpt>
      <trkpt lat="44.391535999" lon="6.679801006">
        <ele>1164.87</ele>
      </trkpt>
      <trkpt lat="44.391548998" lon="6.680345997">
        <ele>1165.89</ele>
      </trkpt>
      <trkpt lat="44.391561001" lon="6.680889993">
        <ele>1166.72</ele>
      </trkpt>
      <trkpt lat="44.391574001" lon="6.681433992">
        <ele>1166.81</ele>
      </trkpt>
      <trkpt lat="44.391581002" lon="6.681799001">
        <ele>1166.22</ele>
      </trkpt>
      <trkpt lat="44.391588004" lon="6.682165002">
        <ele>1166.17</ele>
      </trkpt>
      <trkpt lat="44.391609994" lon="6.682724003">
        <ele>1166.1</ele>
      </trkpt>
      <trkpt lat="44.391619998" lon="6.682891994">
        <ele>1165.92</ele>
      </trkpt>
      <trkpt lat="44.391632" lon="6.683021004">
        <ele>1166.04</ele>
      </trkpt>
      <trkpt lat="44.391647001" lon="6.683128003">
        <ele>1166.31</ele>
      </trkpt>
      <trkpt lat="44.391665001" lon="6.683223998">
        <ele>1166.01</ele>
      </trkpt>
      <trkpt lat="44.391685004" lon="6.683320992">
        <ele>1165.89</ele>
      </trkpt>
      <trkpt lat="44.391712001" lon="6.683428998">
        <ele>1165.9</ele>
      </trkpt>
      <trkpt lat="44.391861997" lon="6.683979004">
        <ele>1165.51</ele>
      </trkpt>
      <trkpt lat="44.391972004" lon="6.684379994">
        <ele>1165.5</ele>
      </trkpt>
      <trkpt lat="44.392081999" lon="6.684780997">
        <ele>1165.53</ele>
      </trkpt>
      <trkpt lat="44.392191996" lon="6.685182995">
        <ele>1165.78</ele>
      </trkpt>
      <trkpt lat="44.392301995" lon="6.685589996">
        <ele>1166.24</ele>
      </trkpt>
      <trkpt lat="44.392412001" lon="6.685997">
        <ele>1166.62</ele>
      </trkpt>
      <trkpt lat="44.392458005" lon="6.686142003">
        <ele>1166.6</ele>
      </trkpt>
      <trkpt lat="44.392509999" lon="6.686286001">
        <ele>1166.9</ele>
      </trkpt>
      <trkpt lat="44.392585997" lon="6.686450001">
        <ele>1166.98</ele>
      </trkpt>
      <trkpt lat="44.392658002" lon="6.686588995">
        <ele>1167.01</ele>
      </trkpt>
      <trkpt lat="44.392877996" lon="6.686952006">
        <ele>1167.32</ele>
      </trkpt>
      <trkpt lat="44.393065" lon="6.687259004">
        <ele>1167.74</ele>
      </trkpt>
      <trkpt lat="44.393253003" lon="6.687566005">
        <ele>1168</ele>
      </trkpt>
      <trkpt lat="44.393402003" lon="6.687811999">
        <ele>1168.27</ele>
      </trkpt>
      <trkpt lat="44.393551001" lon="6.688058007">
        <ele>1168.4</ele>
      </trkpt>
      <trkpt lat="44.393762996" lon="6.688406005">
        <ele>1168.38</ele>
      </trkpt>
      <trkpt lat="44.393975999" lon="6.688753996">
        <ele>1168.1</ele>
      </trkpt>
      <trkpt lat="44.394189001" lon="6.689102002">
        <ele>1167.76</ele>
      </trkpt>
      <trkpt lat="44.394484" lon="6.689564993">
        <ele>1168.24</ele>
      </trkpt>
      <trkpt lat="44.394712004" lon="6.689852008">
        <ele>1169.73</ele>
      </trkpt>
      <trkpt lat="44.394992997" lon="6.690171994">
        <ele>1171.36</ele>
      </trkpt>
      <trkpt lat="44.395272998" lon="6.690492005">
        <ele>1173.38</ele>
      </trkpt>
      <trkpt lat="44.395469997" lon="6.690717003">
        <ele>1175.53</ele>
      </trkpt>
      <trkpt lat="44.395623001" lon="6.690883993">
        <ele>1176.78</ele>
      </trkpt>
      <trkpt lat="44.395806997" lon="6.691080997">
        <ele>1176.94</ele>
      </trkpt>
      <trkpt lat="44.396174005" lon="6.691415996">
        <ele>1176.96</ele>
      </trkpt>
      <trkpt lat="44.396489003" lon="6.691677999">
        <ele>1176.66</ele>
      </trkpt>
      <trkpt lat="44.396745002" lon="6.691890001">
        <ele>1176.65</ele>
      </trkpt>
      <trkpt lat="44.397001002" lon="6.692102006">
        <ele>1177.38</ele>
      </trkpt>
      <trkpt lat="44.397086999" lon="6.692185006">
        <ele>1178.01</ele>
      </trkpt>
      <trkpt lat="44.397398999" lon="6.692444999">
        <ele>1178.04</ele>
      </trkpt>
      <trkpt lat="44.397711001" lon="6.692706001">
        <ele>1178.13</ele>
      </trkpt>
      <trkpt lat="44.398022" lon="6.692965998">
        <ele>1178.24</ele>
      </trkpt>
      <trkpt lat="44.398335995" lon="6.693228003">
        <ele>1178.01</ele>
      </trkpt>
      <trkpt lat="44.398649" lon="6.693491002">
        <ele>1178.1</ele>
      </trkpt>
      <trkpt lat="44.398914" lon="6.693714003">
        <ele>1178.65</ele>
      </trkpt>
      <trkpt lat="44.399126003" lon="6.693878994">
        <ele>1179.42</ele>
      </trkpt>
      <trkpt lat="44.399228002" lon="6.693971995">
        <ele>1178.92</ele>
      </trkpt>
      <trkpt lat="44.399316003" lon="6.694059997">
        <ele>1178.4</ele>
      </trkpt>
      <trkpt lat="44.399367997" lon="6.694117001">
        <ele>1178.08</ele>
      </trkpt>
      <trkpt lat="44.399435995" lon="6.694216996">
        <ele>1177.52</ele>
      </trkpt>
      <trkpt lat="44.399530004" lon="6.694376999">
        <ele>1176.81</ele>
      </trkpt>
      <trkpt lat="44.399609002" lon="6.694544998">
        <ele>1176.84</ele>
      </trkpt>
      <trkpt lat="44.399658003" lon="6.694666994">
        <ele>1177.04</ele>
      </trkpt>
      <trkpt lat="44.399817999" lon="6.695112996">
        <ele>1176.82</ele>
      </trkpt>
      <trkpt lat="44.399950001" lon="6.695502996">
        <ele>1177.27</ele>
      </trkpt>
      <trkpt lat="44.400082999" lon="6.695891995">
        <ele>1177.73</ele>
      </trkpt>
      <trkpt lat="44.400218" lon="6.696279003">
        <ele>1178.37</ele>
      </trkpt>
      <trkpt lat="44.400353994" lon="6.696667007">
        <ele>1178.63</ele>
      </trkpt>
      <trkpt lat="44.400493001" lon="6.697052998">
        <ele>1179.86</ele>
      </trkpt>
      <trkpt lat="44.400639" lon="6.697476001">
        <ele>1180.3</ele>
      </trkpt>
      <trkpt lat="44.400802997" lon="6.697947999">
        <ele>1181.62</ele>
      </trkpt>
      <trkpt lat="44.400912004" lon="6.698255006">
        <ele>1182.98</ele>
      </trkpt>
      <trkpt lat="44.401022003" lon="6.698562004">
        <ele>1184.34</ele>
      </trkpt>
      <trkpt lat="44.401066997" lon="6.698687001">
        <ele>1184.78</ele>
      </trkpt>
      <trkpt lat="44.401090999" lon="6.698759">
        <ele>1185.67</ele>
      </trkpt>
      <trkpt lat="44.401168997" lon="6.698984993">
        <ele>1185.75</ele>
      </trkpt>
      <trkpt lat="44.401286002" lon="6.699328">
        <ele>1185.75</ele>
      </trkpt>
      <trkpt lat="44.401401994" lon="6.699669999">
        <ele>1185.89</ele>
      </trkpt>
      <trkpt lat="44.401501002" lon="6.699958007">
        <ele>1186.12</ele>
      </trkpt>
      <trkpt lat="44.401600998" lon="6.700245">
        <ele>1186.39</ele>
      </trkpt>
      <trkpt lat="44.401768004" lon="6.700709996">
        <ele>1186.81</ele>
      </trkpt>
      <trkpt lat="44.401826998" lon="6.700853007">
        <ele>1187.17</ele>
      </trkpt>
      <trkpt lat="44.401892994" lon="6.700985001">
        <ele>1187.42</ele>
      </trkpt>
      <trkpt lat="44.401907" lon="6.701008003">
        <ele>1187.69</ele>
      </trkpt>
      <trkpt lat="44.401931002" lon="6.701053996">
        <ele>1187.97</ele>
      </trkpt>
      <trkpt lat="44.401999999" lon="6.701149004">
        <ele>1188.25</ele>
      </trkpt>
      <trkpt lat="44.402028" lon="6.701183003">
        <ele>1188.41</ele>
      </trkpt>
      <trkpt lat="44.402091003" lon="6.701255004">
        <ele>1188.34</ele>
      </trkpt>
      <trkpt lat="44.40216" lon="6.701320007">
        <ele>1188.18</ele>
      </trkpt>
      <trkpt lat="44.402269003" lon="6.701401002">
        <ele>1187.9</ele>
      </trkpt>
      <trkpt lat="44.402287997" lon="6.701411007">
        <ele>1187.95</ele>
      </trkpt>
      <trkpt lat="44.402345006" lon="6.701444994">
        <ele>1187.66</ele>
      </trkpt>
      <trkpt lat="44.402730998" lon="6.701600003">
        <ele>1186.58</ele>
      </trkpt>
      <trkpt lat="44.403118003" lon="6.701755998">
        <ele>1185.63</ele>
      </trkpt>
      <trkpt lat="44.403504005" lon="6.701910999">
        <ele>1184.83</ele>
      </trkpt>
      <trkpt lat="44.403579003" lon="6.701957001">
        <ele>1183.43</ele>
      </trkpt>
      <trkpt lat="44.403648997" lon="6.702012995">
        <ele>1182.17</ele>
      </trkpt>
      <trkpt lat="44.403716006" lon="6.702075997">
        <ele>1181.97</ele>
      </trkpt>
      <trkpt lat="44.403779" lon="6.702148002">
        <ele>1181.75</ele>
      </trkpt>
      <trkpt lat="44.403838001" lon="6.702226998">
        <ele>1181.54</ele>
      </trkpt>
      <trkpt lat="44.403891003" lon="6.702310994">
        <ele>1181.15</ele>
      </trkpt>
      <trkpt lat="44.403940002" lon="6.702401995">
        <ele>1181.06</ele>
      </trkpt>
      <trkpt lat="44.403981996" lon="6.702498998">
        <ele>1180.88</ele>
      </trkpt>
      <trkpt lat="44.404018" lon="6.702601003">
        <ele>1180.66</ele>
      </trkpt>
      <trkpt lat="44.404051999" lon="6.702723995">
        <ele>1180.18</ele>
      </trkpt>
      <trkpt lat="44.404112999" lon="6.702955995">
        <ele>1180.2</ele>
      </trkpt>
      <trkpt lat="44.404246" lon="6.703473">
        <ele>1180.26</ele>
      </trkpt>
      <trkpt lat="44.404377997" lon="6.703988998">
        <ele>1180.35</ele>
      </trkpt>
      <trkpt lat="44.404469995" lon="6.704342001">
        <ele>1180.55</ele>
      </trkpt>
      <trkpt lat="44.404560998" lon="6.704693998">
        <ele>1180.9</ele>
      </trkpt>
      <trkpt lat="44.404586" lon="6.704789992">
        <ele>1181.27</ele>
      </trkpt>
      <trkpt lat="44.404625995" lon="6.704944995">
        <ele>1181.48</ele>
      </trkpt>
      <trkpt lat="44.404735002" lon="6.705339003">
        <ele>1181.84</ele>
      </trkpt>
      <trkpt lat="44.404773999" lon="6.705507003">
        <ele>1181.86</ele>
      </trkpt>
      <trkpt lat="44.404808006" lon="6.705724997">
        <ele>1182.07</ele>
      </trkpt>
      <trkpt lat="44.404827" lon="6.705950996">
        <ele>1182.29</ele>
      </trkpt>
      <trkpt lat="44.404833997" lon="6.706377997">
        <ele>1182.81</ele>
      </trkpt>
      <trkpt lat="44.404835005" lon="6.706707999">
        <ele>1183.29</ele>
      </trkpt>
      <trkpt lat="44.404835003" lon="6.707037997">
        <ele>1184.12</ele>
      </trkpt>
      <trkpt lat="44.404840004" lon="6.707392007">
        <ele>1185.18</ele>
      </trkpt>
      <trkpt lat="44.404844997" lon="6.707746997">
        <ele>1185.88</ele>
      </trkpt>
      <trkpt lat="44.404846" lon="6.708286996">
        <ele>1186.57</ele>
      </trkpt>
      <trkpt lat="44.404848001" lon="6.708826997">
        <ele>1186.8</ele>
      </trkpt>
      <trkpt lat="44.404849005" lon="6.709366003">
        <ele>1186.84</ele>
      </trkpt>
      <trkpt lat="44.404850001" lon="6.709906002">
        <ele>1186.73</ele>
      </trkpt>
      <trkpt lat="44.404852998" lon="6.710304998">
        <ele>1187.48</ele>
      </trkpt>
      <trkpt lat="44.404855996" lon="6.710705">
        <ele>1188.45</ele>
      </trkpt>
      <trkpt lat="44.404860997" lon="6.711037">
        <ele>1189.47</ele>
      </trkpt>
      <trkpt lat="44.404866999" lon="6.711369995">
        <ele>1190.65</ele>
      </trkpt>
      <trkpt lat="44.404885005" lon="6.711591005">
        <ele>1191.53</ele>
      </trkpt>
      <trkpt lat="44.404916003" lon="6.711811006">
        <ele>1191.65</ele>
      </trkpt>
      <trkpt lat="44.404996001" lon="6.712334997">
        <ele>1192.5</ele>
      </trkpt>
      <trkpt lat="44.405075995" lon="6.712859001">
        <ele>1193.46</ele>
      </trkpt>
      <trkpt lat="44.405155997" lon="6.713382995">
        <ele>1194.15</ele>
      </trkpt>
      <trkpt lat="44.405235995" lon="6.713907003">
        <ele>1194.77</ele>
      </trkpt>
      <trkpt lat="44.405317001" lon="6.714431004">
        <ele>1196.28</ele>
      </trkpt>
      <trkpt lat="44.405397004" lon="6.714955003">
        <ele>1196.54</ele>
      </trkpt>
      <trkpt lat="44.405456997" lon="6.715341004">
        <ele>1196.94</ele>
      </trkpt>
      <trkpt lat="44.405517999" lon="6.715726996">
        <ele>1197.47</ele>
      </trkpt>
      <trkpt lat="44.40551814" lon="6.71572791">
        <ele>1198.76</ele>
      </trkpt>
      <trkpt lat="44.405607999" lon="6.716313996">
        <ele>1199.85</ele>
      </trkpt>
      <trkpt lat="44.405698996" lon="6.716901001">
        <ele>1201.75</ele>
      </trkpt>
      <trkpt lat="44.405743004" lon="6.717226997">
        <ele>1203.65</ele>
      </trkpt>
      <trkpt lat="44.405795001" lon="6.717548">
        <ele>1205.47</ele>
      </trkpt>
      <trkpt lat="44.405876002" lon="6.717945998">
        <ele>1205.62</ele>
      </trkpt>
      <trkpt lat="44.405882002" lon="6.717972993">
        <ele>1206.07</ele>
      </trkpt>
      <trkpt lat="44.405940002" lon="6.718188002">
        <ele>1205.8</ele>
      </trkpt>
      <trkpt lat="44.406040999" lon="6.718543003">
        <ele>1206.09</ele>
      </trkpt>
      <trkpt lat="44.406141002" lon="6.718896997">
        <ele>1206.57</ele>
      </trkpt>
      <trkpt lat="44.406251997" lon="6.719267002">
        <ele>1208.01</ele>
      </trkpt>
      <trkpt lat="44.406361998" lon="6.719636">
        <ele>1208.58</ele>
      </trkpt>
      <trkpt lat="44.406503994" lon="6.720099">
        <ele>1209.15</ele>
      </trkpt>
      <trkpt lat="44.406645997" lon="6.720562004">
        <ele>1209.64</ele>
      </trkpt>
      <trkpt lat="44.406765006" lon="6.720970999">
        <ele>1209.95</ele>
      </trkpt>
      <trkpt lat="44.406812005" lon="6.721132994">
        <ele>1210.32</ele>
      </trkpt>
      <trkpt lat="44.406880996" lon="6.721356992">
        <ele>1210.48</ele>
      </trkpt>
      <trkpt lat="44.406924003" lon="6.721495003">
        <ele>1210.61</ele>
      </trkpt>
      <trkpt lat="44.407080995" lon="6.721993999">
        <ele>1210.18</ele>
      </trkpt>
      <trkpt lat="44.407179002" lon="6.722254003">
        <ele>1209.98</ele>
      </trkpt>
      <trkpt lat="44.407252998" lon="6.722420002">
        <ele>1209.83</ele>
      </trkpt>
      <trkpt lat="44.407452996" lon="6.722839994">
        <ele>1209.79</ele>
      </trkpt>
      <trkpt lat="44.407652" lon="6.723259999">
        <ele>1209.75</ele>
      </trkpt>
      <trkpt lat="44.407832999" lon="6.723639999">
        <ele>1209.71</ele>
      </trkpt>
      <trkpt lat="44.407983996" lon="6.723959003">
        <ele>1209.88</ele>
      </trkpt>
      <trkpt lat="44.408134999" lon="6.724277004">
        <ele>1210</ele>
      </trkpt>
      <trkpt lat="44.408353002" lon="6.724756993">
        <ele>1210.18</ele>
      </trkpt>
      <trkpt lat="44.408572002" lon="6.725237001">
        <ele>1210.71</ele>
      </trkpt>
      <trkpt lat="44.408790001" lon="6.725716998">
        <ele>1211.66</ele>
      </trkpt>
      <trkpt lat="44.408922997" lon="6.725978995">
        <ele>1212.11</ele>
      </trkpt>
      <trkpt lat="44.409057002" lon="6.726240997">
        <ele>1212.74</ele>
      </trkpt>
      <trkpt lat="44.409122004" lon="6.726359999">
        <ele>1213.75</ele>
      </trkpt>
      <trkpt lat="44.409300999" lon="6.726660999">
        <ele>1214.22</ele>
      </trkpt>
      <trkpt lat="44.409421006" lon="6.726865005">
        <ele>1214.75</ele>
      </trkpt>
      <trkpt lat="44.409548002" lon="6.727062998">
        <ele>1215.39</ele>
      </trkpt>
      <trkpt lat="44.409750004" lon="6.727343995">
        <ele>1215.92</ele>
      </trkpt>
      <trkpt lat="44.410013004" lon="6.727664996">
        <ele>1216.05</ele>
      </trkpt>
      <trkpt lat="44.410057998" lon="6.727721997">
        <ele>1216.32</ele>
      </trkpt>
      <trkpt lat="44.410119003" lon="6.727793996">
        <ele>1216.17</ele>
      </trkpt>
      <trkpt lat="44.410201" lon="6.727883999">
        <ele>1215.86</ele>
      </trkpt>
      <trkpt lat="44.410236004" lon="6.727921999">
        <ele>1215.33</ele>
      </trkpt>
      <trkpt lat="44.410344999" lon="6.728028001">
        <ele>1214.43</ele>
      </trkpt>
      <trkpt lat="44.410541996" lon="6.728200994">
        <ele>1213.5</ele>
      </trkpt>
      <trkpt lat="44.410708001" lon="6.728328005">
        <ele>1212.6</ele>
      </trkpt>
      <trkpt lat="44.410880004" lon="6.728436993">
        <ele>1212.76</ele>
      </trkpt>
      <trkpt lat="44.411054998" lon="6.728529005">
        <ele>1213.67</ele>
      </trkpt>
      <trkpt lat="44.411234997" lon="6.728605997">
        <ele>1213.76</ele>
      </trkpt>
      <trkpt lat="44.411492001" lon="6.728699004">
        <ele>1213.4</ele>
      </trkpt>
      <trkpt lat="44.411749002" lon="6.728791006">
        <ele>1213.8</ele>
      </trkpt>
      <trkpt lat="44.412088999" lon="6.728884998">
        <ele>1214.04</ele>
      </trkpt>
      <trkpt lat="44.412429004" lon="6.728979005">
        <ele>1212.53</ele>
      </trkpt>
      <trkpt lat="44.412580998" lon="6.729015995">
        <ele>1212.92</ele>
      </trkpt>
      <trkpt lat="44.412657" lon="6.729027003">
        <ele>1212.98</ele>
      </trkpt>
      <trkpt lat="44.412812006" lon="6.729040002">
        <ele>1212.49</ele>
      </trkpt>
      <trkpt lat="44.412966001" lon="6.729032001">
        <ele>1211.54</ele>
      </trkpt>
      <trkpt lat="44.413016997" lon="6.729027002">
        <ele>1211.84</ele>
      </trkpt>
      <trkpt lat="44.413195996" lon="6.728992008">
        <ele>1211.46</ele>
      </trkpt>
      <trkpt lat="44.413236001" lon="6.728979998">
        <ele>1212.19</ele>
      </trkpt>
      <trkpt lat="44.413270003" lon="6.728967995">
        <ele>1212.9</ele>
      </trkpt>
      <trkpt lat="44.413416004" lon="6.728914002">
        <ele>1213.4</ele>
      </trkpt>
      <trkpt lat="44.413472999" lon="6.728891005">
        <ele>1214.15</ele>
      </trkpt>
      <trkpt lat="44.41387" lon="6.728729993">
        <ele>1214.71</ele>
      </trkpt>
      <trkpt lat="44.414268" lon="6.728556006">
        <ele>1215.27</ele>
      </trkpt>
      <trkpt lat="44.414576999" lon="6.728420005">
        <ele>1215.62</ele>
      </trkpt>
      <trkpt lat="44.414887" lon="6.728284006">
        <ele>1215.94</ele>
      </trkpt>
      <trkpt lat="44.414985002" lon="6.728245995">
        <ele>1215.68</ele>
      </trkpt>
      <trkpt lat="44.415086" lon="6.728221999">
        <ele>1215.61</ele>
      </trkpt>
      <trkpt lat="44.415217995" lon="6.728208999">
        <ele>1215.45</ele>
      </trkpt>
      <trkpt lat="44.415273003" lon="6.728209004">
        <ele>1215.16</ele>
      </trkpt>
      <trkpt lat="44.415384002" lon="6.728220999">
        <ele>1214.6</ele>
      </trkpt>
      <trkpt lat="44.415639996" lon="6.728275998">
        <ele>1214.39</ele>
      </trkpt>
      <trkpt lat="44.415895999" lon="6.728330998">
        <ele>1214.08</ele>
      </trkpt>
      <trkpt lat="44.416021002" lon="6.728364009">
        <ele>1214</ele>
      </trkpt>
      <trkpt lat="44.416146" lon="6.728407003">
        <ele>1214.08</ele>
      </trkpt>
      <trkpt lat="44.416299999" lon="6.728479005">
        <ele>1214.55</ele>
      </trkpt>
      <trkpt lat="44.416456999" lon="6.728572003">
        <ele>1214.99</ele>
      </trkpt>
      <trkpt lat="44.416587002" lon="6.728669998">
        <ele>1215.53</ele>
      </trkpt>
      <trkpt lat="44.416647996" lon="6.728729004">
        <ele>1215.51</ele>
      </trkpt>
      <trkpt lat="44.416712995" lon="6.728785005">
        <ele>1215.13</ele>
      </trkpt>
      <trkpt lat="44.416767" lon="6.728850001">
        <ele>1214.75</ele>
      </trkpt>
      <trkpt lat="44.416873001" lon="6.728991995">
        <ele>1214.04</ele>
      </trkpt>
      <trkpt lat="44.416936998" lon="6.729084998">
        <ele>1213.13</ele>
      </trkpt>
      <trkpt lat="44.417052003" lon="6.729248999">
        <ele>1212.85</ele>
      </trkpt>
      <trkpt lat="44.417210001" lon="6.729485998">
        <ele>1212.68</ele>
      </trkpt>
      <trkpt lat="44.417368" lon="6.729724004">
        <ele>1212.9</ele>
      </trkpt>
      <trkpt lat="44.417519006" lon="6.729953994">
        <ele>1213.3</ele>
      </trkpt>
      <trkpt lat="44.417652004" lon="6.730150004">
        <ele>1214.1</ele>
      </trkpt>
      <trkpt lat="44.417740997" lon="6.730271001">
        <ele>1214.48</ele>
      </trkpt>
      <trkpt lat="44.417917001" lon="6.730504994">
        <ele>1215.07</ele>
      </trkpt>
      <trkpt lat="44.418053996" lon="6.730711997">
        <ele>1214.99</ele>
      </trkpt>
      <trkpt lat="44.418123001" lon="6.730825">
        <ele>1215.08</ele>
      </trkpt>
      <trkpt lat="44.418217999" lon="6.731005996">
        <ele>1214.83</ele>
      </trkpt>
      <trkpt lat="44.418273004" lon="6.731133995">
        <ele>1214.57</ele>
      </trkpt>
      <trkpt lat="44.418345001" lon="6.731335002">
        <ele>1214.6</ele>
      </trkpt>
      <trkpt lat="44.418469001" lon="6.731798001">
        <ele>1215.28</ele>
      </trkpt>
      <trkpt lat="44.418544004" lon="6.732124006">
        <ele>1215.71</ele>
      </trkpt>
      <trkpt lat="44.418641002" lon="6.732566001">
        <ele>1215.68</ele>
      </trkpt>
      <trkpt lat="44.418657003" lon="6.732647997">
        <ele>1216.21</ele>
      </trkpt>
      <trkpt lat="44.418711999" lon="6.732940997">
        <ele>1216.46</ele>
      </trkpt>
      <trkpt lat="44.418753001" lon="6.733058003">
        <ele>1216.24</ele>
      </trkpt>
      <trkpt lat="44.418784001" lon="6.733125007">
        <ele>1216.36</ele>
      </trkpt>
      <trkpt lat="44.418823003" lon="6.733182996">
        <ele>1216.66</ele>
      </trkpt>
      <trkpt lat="44.418891004" lon="6.733258002">
        <ele>1216.36</ele>
      </trkpt>
      <trkpt lat="44.419219" lon="6.733505992">
        <ele>1216.24</ele>
      </trkpt>
      <trkpt lat="44.419303998" lon="6.733585">
        <ele>1216.1</ele>
      </trkpt>
      <trkpt lat="44.419345994" lon="6.733635995">
        <ele>1215.76</ele>
      </trkpt>
      <trkpt lat="44.419383004" lon="6.733694005">
        <ele>1215.75</ele>
      </trkpt>
      <trkpt lat="44.419493005" lon="6.733919005">
        <ele>1216.13</ele>
      </trkpt>
      <trkpt lat="44.419616998" lon="6.73418">
        <ele>1216.1</ele>
      </trkpt>
      <trkpt lat="44.419763" lon="6.734489">
        <ele>1215.9</ele>
      </trkpt>
      <trkpt lat="44.419825997" lon="6.734638999">
        <ele>1215.75</ele>
      </trkpt>
      <trkpt lat="44.419871004" lon="6.734763">
        <ele>1215.69</ele>
      </trkpt>
      <trkpt lat="44.419974999" lon="6.735097006">
        <ele>1215.34</ele>
      </trkpt>
      <trkpt lat="44.420079002" lon="6.735431001">
        <ele>1215.3</ele>
      </trkpt>
      <trkpt lat="44.420102997" lon="6.735526995">
        <ele>1215.52</ele>
      </trkpt>
      <trkpt lat="44.420111999" lon="6.735595002">
        <ele>1215.73</ele>
      </trkpt>
      <trkpt lat="44.420117001" lon="6.735662995">
        <ele>1215.94</ele>
      </trkpt>
      <trkpt lat="44.420113001" lon="6.735958006">
        <ele>1216.14</ele>
      </trkpt>
      <trkpt lat="44.420121002" lon="6.736058992">
        <ele>1216.42</ele>
      </trkpt>
      <trkpt lat="44.420137006" lon="6.736126996">
        <ele>1216.62</ele>
      </trkpt>
      <trkpt lat="44.420150998" lon="6.736171994">
        <ele>1216.78</ele>
      </trkpt>
      <trkpt lat="44.420187998" lon="6.736251998">
        <ele>1216.93</ele>
      </trkpt>
      <trkpt lat="44.420209" lon="6.736288004">
        <ele>1217.04</ele>
      </trkpt>
      <trkpt lat="44.420266004" lon="6.736354002">
        <ele>1217</ele>
      </trkpt>
      <trkpt lat="44.420424005" lon="6.736505">
        <ele>1217</ele>
      </trkpt>
      <trkpt lat="44.420434997" lon="6.736551007">
        <ele>1217.02</ele>
      </trkpt>
      <trkpt lat="44.420449002" lon="6.736593995">
        <ele>1217.04</ele>
      </trkpt>
      <trkpt lat="44.420460002" lon="6.736634998">
        <ele>1217.08</ele>
      </trkpt>
      <trkpt lat="44.420467004" lon="6.736668997">
        <ele>1217.72</ele>
      </trkpt>
      <trkpt lat="44.420468004" lon="6.736703002">
        <ele>1218.29</ele>
      </trkpt>
      <trkpt lat="44.420468997" lon="6.736751002">
        <ele>1218.73</ele>
      </trkpt>
      <trkpt lat="44.420469" lon="6.736808003">
        <ele>1218.9</ele>
      </trkpt>
      <trkpt lat="44.420460995" lon="6.736901003">
        <ele>1219.01</ele>
      </trkpt>
      <trkpt lat="44.420353995" lon="6.737165996">
        <ele>1218.94</ele>
      </trkpt>
      <trkpt lat="44.420274" lon="6.737468006">
        <ele>1218.76</ele>
      </trkpt>
      <trkpt lat="44.420226005" lon="6.737701009">
        <ele>1219</ele>
      </trkpt>
      <trkpt lat="44.420196004" lon="6.737877006">
        <ele>1219.18</ele>
      </trkpt>
      <trkpt lat="44.420174003" lon="6.738055996">
        <ele>1218.8</ele>
      </trkpt>
      <trkpt lat="44.420144998" lon="6.738334">
        <ele>1218.24</ele>
      </trkpt>
      <trkpt lat="44.420137003" lon="6.738398004">
        <ele>1218.03</ele>
      </trkpt>
      <trkpt lat="44.420098" lon="6.738713008">
        <ele>1218.11</ele>
      </trkpt>
      <trkpt lat="44.420027998" lon="6.739159">
        <ele>1218.47</ele>
      </trkpt>
      <trkpt lat="44.419993002" lon="6.739309001">
        <ele>1219.48</ele>
      </trkpt>
      <trkpt lat="44.419960001" lon="6.739395997">
        <ele>1220.33</ele>
      </trkpt>
      <trkpt lat="44.419889" lon="6.739558002">
        <ele>1220.98</ele>
      </trkpt>
      <trkpt lat="44.419803003" lon="6.739706993">
        <ele>1220.97</ele>
      </trkpt>
      <trkpt lat="44.419704004" lon="6.739839997">
        <ele>1221.31</ele>
      </trkpt>
      <trkpt lat="44.419645998" lon="6.739902994">
        <ele>1221.55</ele>
      </trkpt>
      <trkpt lat="44.419567" lon="6.739967998">
        <ele>1221.67</ele>
      </trkpt>
      <trkpt lat="44.419525" lon="6.740000994">
        <ele>1221.71</ele>
      </trkpt>
      <trkpt lat="44.419508004" lon="6.740014004">
        <ele>1222</ele>
      </trkpt>
      <trkpt lat="44.419219001" lon="6.740223001">
        <ele>1222.37</ele>
      </trkpt>
      <trkpt lat="44.418903998" lon="6.740418997">
        <ele>1222.82</ele>
      </trkpt>
      <trkpt lat="44.418690995" lon="6.740586002">
        <ele>1223.31</ele>
      </trkpt>
      <trkpt lat="44.418496001" lon="6.740759001">
        <ele>1224.29</ele>
      </trkpt>
      <trkpt lat="44.418376001" lon="6.740877999">
        <ele>1225.35</ele>
      </trkpt>
      <trkpt lat="44.418215003" lon="6.741025997">
        <ele>1226.64</ele>
      </trkpt>
      <trkpt lat="44.417938003" lon="6.741249006">
        <ele>1228.35</ele>
      </trkpt>
      <trkpt lat="44.417776003" lon="6.741366003">
        <ele>1229.72</ele>
      </trkpt>
      <trkpt lat="44.417437003" lon="6.741599002">
        <ele>1231.82</ele>
      </trkpt>
      <trkpt lat="44.417337003" lon="6.741689004">
        <ele>1233.92</ele>
      </trkpt>
      <trkpt lat="44.417240002" lon="6.741787">
        <ele>1235.48</ele>
      </trkpt>
      <trkpt lat="44.417148996" lon="6.741894998">
        <ele>1236</ele>
      </trkpt>
      <trkpt lat="44.416867006" lon="6.742294998">
        <ele>1237.39</ele>
      </trkpt>
      <trkpt lat="44.416719002" lon="6.742492005">
        <ele>1237.26</ele>
      </trkpt>
      <trkpt lat="44.416569996" lon="6.742680005">
        <ele>1237.12</ele>
      </trkpt>
      <trkpt lat="44.416457998" lon="6.742835008">
        <ele>1237.11</ele>
      </trkpt>
      <trkpt lat="44.416334004" lon="6.742981006">
        <ele>1237.78</ele>
      </trkpt>
      <trkpt lat="44.416244997" lon="6.743071002">
        <ele>1237.92</ele>
      </trkpt>
      <trkpt lat="44.416104999" lon="6.743191005">
        <ele>1238.55</ele>
      </trkpt>
      <trkpt lat="44.416044002" lon="6.743219999">
        <ele>1239.02</ele>
      </trkpt>
      <trkpt lat="44.415952999" lon="6.743280993">
        <ele>1239.41</ele>
      </trkpt>
      <trkpt lat="44.415884994" lon="6.743346992">
        <ele>1239.59</ele>
      </trkpt>
      <trkpt lat="44.415854" lon="6.743386006">
        <ele>1239.81</ele>
      </trkpt>
      <trkpt lat="44.415798001" lon="6.74347">
        <ele>1240.4</ele>
      </trkpt>
      <trkpt lat="44.415772996" lon="6.743515999">
        <ele>1242.13</ele>
      </trkpt>
      <trkpt lat="44.415591004" lon="6.743985997">
        <ele>1243.53</ele>
      </trkpt>
      <trkpt lat="44.415461002" lon="6.744341998">
        <ele>1245.1</ele>
      </trkpt>
      <trkpt lat="44.415277995" lon="6.744864996">
        <ele>1246.8</ele>
      </trkpt>
      <trkpt lat="44.415247005" lon="6.745038998">
        <ele>1248.06</ele>
      </trkpt>
      <trkpt lat="44.415227997" lon="6.745166995">
        <ele>1247.98</ele>
      </trkpt>
      <trkpt lat="44.415228002" lon="6.745352002">
        <ele>1248.66</ele>
      </trkpt>
      <trkpt lat="44.415231002" lon="6.745515995">
        <ele>1249.27</ele>
      </trkpt>
      <trkpt lat="44.41522" lon="6.745667997">
        <ele>1249.68</ele>
      </trkpt>
      <trkpt lat="44.415213003" lon="6.745742006">
        <ele>1250.24</ele>
      </trkpt>
      <trkpt lat="44.415202001" lon="6.745823005">
        <ele>1251.13</ele>
      </trkpt>
      <trkpt lat="44.415130998" lon="6.746131998">
        <ele>1251.62</ele>
      </trkpt>
      <trkpt lat="44.415055003" lon="6.746369996">
        <ele>1252.24</ele>
      </trkpt>
      <trkpt lat="44.415018001" lon="6.746469">
        <ele>1253.02</ele>
      </trkpt>
      <trkpt lat="44.414977001" lon="6.746583003">
        <ele>1253.71</ele>
      </trkpt>
      <trkpt lat="44.414939996" lon="6.746711994">
        <ele>1254.19</ele>
      </trkpt>
      <trkpt lat="44.414918997" lon="6.746800994">
        <ele>1254.61</ele>
      </trkpt>
      <trkpt lat="44.414895002" lon="6.746936995">
        <ele>1254.9</ele>
      </trkpt>
      <trkpt lat="44.414828996" lon="6.747398001">
        <ele>1255.47</ele>
      </trkpt>
      <trkpt lat="44.414799996" lon="6.747532992">
        <ele>1256.3</ele>
      </trkpt>
      <trkpt lat="44.414746997" lon="6.747703998">
        <ele>1257.43</ele>
      </trkpt>
      <trkpt lat="44.414626" lon="6.747981999">
        <ele>1258.05</ele>
      </trkpt>
      <trkpt lat="44.414596001" lon="6.748073004">
        <ele>1258.59</ele>
      </trkpt>
      <trkpt lat="44.414570997" lon="6.748188002">
        <ele>1258.6</ele>
      </trkpt>
      <trkpt lat="44.414561" lon="6.748262994">
        <ele>1258.25</ele>
      </trkpt>
      <trkpt lat="44.414558004" lon="6.748332992">
        <ele>1257.92</ele>
      </trkpt>
      <trkpt lat="44.414560001" lon="6.748407999">
        <ele>1258.86</ele>
      </trkpt>
      <trkpt lat="44.414577001" lon="6.748517999">
        <ele>1259.68</ele>
      </trkpt>
      <trkpt lat="44.414599996" lon="6.748602004">
        <ele>1260.93</ele>
      </trkpt>
      <trkpt lat="44.414626001" lon="6.748685995">
        <ele>1262.07</ele>
      </trkpt>
      <trkpt lat="44.414684997" lon="6.748863997">
        <ele>1263.35</ele>
      </trkpt>
      <trkpt lat="44.414770998" lon="6.749080994">
        <ele>1263.82</ele>
      </trkpt>
      <trkpt lat="44.414906998" lon="6.749406999">
        <ele>1265.24</ele>
      </trkpt>
      <trkpt lat="44.415041996" lon="6.749733002">
        <ele>1266.25</ele>
      </trkpt>
      <trkpt lat="44.415211994" lon="6.750149003">
        <ele>1267.2</ele>
      </trkpt>
      <trkpt lat="44.415296999" lon="6.750336994">
        <ele>1267.28</ele>
      </trkpt>
      <trkpt lat="44.415356997" lon="6.750440002">
        <ele>1269.65</ele>
      </trkpt>
      <trkpt lat="44.415413997" lon="6.750526001">
        <ele>1271.06</ele>
      </trkpt>
      <trkpt lat="44.415467999" lon="6.750599994">
        <ele>1272.37</ele>
      </trkpt>
      <trkpt lat="44.415494002" lon="6.750652">
        <ele>1273.73</ele>
      </trkpt>
      <trkpt lat="44.41551" lon="6.750694001">
        <ele>1275.27</ele>
      </trkpt>
      <trkpt lat="44.415522999" lon="6.750736997">
        <ele>1274.35</ele>
      </trkpt>
      <trkpt lat="44.415527995" lon="6.750774999">
        <ele>1273.45</ele>
      </trkpt>
      <trkpt lat="44.415530998" lon="6.750817005">
        <ele>1272.56</ele>
      </trkpt>
      <trkpt lat="44.415524998" lon="6.750859006">
        <ele>1271.72</ele>
      </trkpt>
      <trkpt lat="44.415515998" lon="6.750896997">
        <ele>1272.42</ele>
      </trkpt>
      <trkpt lat="44.415499" lon="6.750933">
        <ele>1273.25</ele>
      </trkpt>
      <trkpt lat="44.415480999" lon="6.750957996">
        <ele>1273.96</ele>
      </trkpt>
      <trkpt lat="44.415459998" lon="6.750984001">
        <ele>1274.94</ele>
      </trkpt>
      <trkpt lat="44.415181999" lon="6.751232008">
        <ele>1275.46</ele>
      </trkpt>
      <trkpt lat="44.415151994" lon="6.751253002">
        <ele>1274.87</ele>
      </trkpt>
      <trkpt lat="44.415110004" lon="6.751282996">
        <ele>1274.63</ele>
      </trkpt>
      <trkpt lat="44.415053005" lon="6.751307003">
        <ele>1275.65</ele>
      </trkpt>
      <trkpt lat="44.414990003" lon="6.751321005">
        <ele>1276.73</ele>
      </trkpt>
      <trkpt lat="44.414737998" lon="6.751384004">
        <ele>1278.54</ele>
      </trkpt>
      <trkpt lat="44.414695998" lon="6.751409006">
        <ele>1280.24</ele>
      </trkpt>
      <trkpt lat="44.414671005" lon="6.751434997">
        <ele>1281.78</ele>
      </trkpt>
      <trkpt lat="44.414647998" lon="6.751471996">
        <ele>1282.52</ele>
      </trkpt>
      <trkpt lat="44.414633995" lon="6.751505002">
        <ele>1283.28</ele>
      </trkpt>
      <trkpt lat="44.414621001" lon="6.751547003">
        <ele>1284.09</ele>
      </trkpt>
      <trkpt lat="44.414615003" lon="6.751598998">
        <ele>1284.91</ele>
      </trkpt>
      <trkpt lat="44.414615997" lon="6.751660008">
        <ele>1285.74</ele>
      </trkpt>
      <trkpt lat="44.414624001" lon="6.751725003">
        <ele>1286.82</ele>
      </trkpt>
      <trkpt lat="44.414637001" lon="6.751782005">
        <ele>1287.75</ele>
      </trkpt>
      <trkpt lat="44.414657995" lon="6.751840003">
        <ele>1288.36</ele>
      </trkpt>
      <trkpt lat="44.414680996" lon="6.751890993">
        <ele>1288.98</ele>
      </trkpt>
      <trkpt lat="44.414903" lon="6.752292004">
        <ele>1289.67</ele>
      </trkpt>
      <trkpt lat="44.414955002" lon="6.752398996">
        <ele>1290.1</ele>
      </trkpt>
      <trkpt lat="44.41499" lon="6.752492992">
        <ele>1290.67</ele>
      </trkpt>
      <trkpt lat="44.415011003" lon="6.752560007">
        <ele>1291.35</ele>
      </trkpt>
      <trkpt lat="44.415023999" lon="6.752620002">
        <ele>1292.03</ele>
      </trkpt>
      <trkpt lat="44.415025998" lon="6.752670001">
        <ele>1292.73</ele>
      </trkpt>
      <trkpt lat="44.415017999" lon="6.752713">
        <ele>1293.48</ele>
      </trkpt>
      <trkpt lat="44.415001" lon="6.752757992">
        <ele>1294.28</ele>
      </trkpt>
      <trkpt lat="44.414979001" lon="6.752784998">
        <ele>1295.33</ele>
      </trkpt>
      <trkpt lat="44.414953995" lon="6.752805003">
        <ele>1296.42</ele>
      </trkpt>
      <trkpt lat="44.414919001" lon="6.752817995">
        <ele>1297.2</ele>
      </trkpt>
      <trkpt lat="44.414885999" lon="6.752822997">
        <ele>1297.89</ele>
      </trkpt>
      <trkpt lat="44.414849004" lon="6.752818002">
        <ele>1298.45</ele>
      </trkpt>
      <trkpt lat="44.414815" lon="6.752802996">
        <ele>1298.78</ele>
      </trkpt>
      <trkpt lat="44.414786999" lon="6.752780002">
        <ele>1298.9</ele>
      </trkpt>
      <trkpt lat="44.414766998" lon="6.752754999">
        <ele>1299.09</ele>
      </trkpt>
      <trkpt lat="44.414741999" lon="6.752713998">
        <ele>1299.25</ele>
      </trkpt>
      <trkpt lat="44.414708998" lon="6.752659">
        <ele>1299.08</ele>
      </trkpt>
      <trkpt lat="44.414656" lon="6.752539996">
        <ele>1299.33</ele>
      </trkpt>
      <trkpt lat="44.414604" lon="6.752433997">
        <ele>1299.18</ele>
      </trkpt>
      <trkpt lat="44.414547" lon="6.752315005">
        <ele>1299.11</ele>
      </trkpt>
      <trkpt lat="44.414460001" lon="6.752170008">
        <ele>1299.15</ele>
      </trkpt>
      <trkpt lat="44.414417001" lon="6.752098995">
        <ele>1299.7</ele>
      </trkpt>
      <trkpt lat="44.414363002" lon="6.752034997">
        <ele>1299.41</ele>
      </trkpt>
      <trkpt lat="44.414308999" lon="6.751983007">
        <ele>1300.51</ele>
      </trkpt>
      <trkpt lat="44.414220998" lon="6.751915007">
        <ele>1302.29</ele>
      </trkpt>
      <trkpt lat="44.413861004" lon="6.751684998">
        <ele>1304.39</ele>
      </trkpt>
      <trkpt lat="44.413583994" lon="6.751502002">
        <ele>1307.05</ele>
      </trkpt>
      <trkpt lat="44.413275001" lon="6.751305997">
        <ele>1309.37</ele>
      </trkpt>
      <trkpt lat="44.412931003" lon="6.751098998">
        <ele>1310.74</ele>
      </trkpt>
      <trkpt lat="44.412899003" lon="6.751067995">
        <ele>1311.51</ele>
      </trkpt>
      <trkpt lat="44.412880995" lon="6.751058">
        <ele>1312.04</ele>
      </trkpt>
      <trkpt lat="44.412843001" lon="6.751049005">
        <ele>1311.9</ele>
      </trkpt>
      <trkpt lat="44.412805003" lon="6.751061006">
        <ele>1312.78</ele>
      </trkpt>
      <trkpt lat="44.412787001" lon="6.751071995">
        <ele>1313.91</ele>
      </trkpt>
      <trkpt lat="44.412756" lon="6.751104">
        <ele>1315.11</ele>
      </trkpt>
      <trkpt lat="44.412734" lon="6.751148998">
        <ele>1316.15</ele>
      </trkpt>
      <trkpt lat="44.412724" lon="6.751201002">
        <ele>1317.22</ele>
      </trkpt>
      <trkpt lat="44.412724001" lon="6.751229003">
        <ele>1318.17</ele>
      </trkpt>
      <trkpt lat="44.412747001" lon="6.751289005">
        <ele>1318.4</ele>
      </trkpt>
      <trkpt lat="44.412781996" lon="6.751339996">
        <ele>1318.35</ele>
      </trkpt>
      <trkpt lat="44.412823994" lon="6.751377999">
        <ele>1318.47</ele>
      </trkpt>
      <trkpt lat="44.412846999" lon="6.751389998">
        <ele>1318.08</ele>
      </trkpt>
      <trkpt lat="44.412968998" lon="6.751415001">
        <ele>1317.27</ele>
      </trkpt>
      <trkpt lat="44.413064001" lon="6.751460003">
        <ele>1316.79</ele>
      </trkpt>
      <trkpt lat="44.413148997" lon="6.751531008">
        <ele>1316.7</ele>
      </trkpt>
      <trkpt lat="44.413192999" lon="6.751583993">
        <ele>1316.41</ele>
      </trkpt>
      <trkpt lat="44.413232003" lon="6.751648">
        <ele>1316.48</ele>
      </trkpt>
      <trkpt lat="44.413262996" lon="6.751716995">
        <ele>1317.32</ele>
      </trkpt>
      <trkpt lat="44.413295994" lon="6.751830004">
        <ele>1318.86</ele>
      </trkpt>
      <trkpt lat="44.413352006" lon="6.752243993">
        <ele>1320.47</ele>
      </trkpt>
      <trkpt lat="44.413399994" lon="6.752437006">
        <ele>1321.54</ele>
      </trkpt>
      <trkpt lat="44.413462998" lon="6.752625999">
        <ele>1322.61</ele>
      </trkpt>
      <trkpt lat="44.413536999" lon="6.752806997">
        <ele>1323.2</ele>
      </trkpt>
      <trkpt lat="44.413593" lon="6.752955003">
        <ele>1323.36</ele>
      </trkpt>
      <trkpt lat="44.413613003" lon="6.753022">
        <ele>1323.21</ele>
      </trkpt>
      <trkpt lat="44.413627998" lon="6.753091003">
        <ele>1323.66</ele>
      </trkpt>
      <trkpt lat="44.413633997" lon="6.753162993">
        <ele>1324.24</ele>
      </trkpt>
      <trkpt lat="44.413635004" lon="6.753230993">
        <ele>1324.85</ele>
      </trkpt>
      <trkpt lat="44.413634996" lon="6.753323996">
        <ele>1325.63</ele>
      </trkpt>
      <trkpt lat="44.413636004" lon="6.753485">
        <ele>1326.72</ele>
      </trkpt>
      <trkpt lat="44.413641997" lon="6.753641997">
        <ele>1327.66</ele>
      </trkpt>
      <trkpt lat="44.413653002" lon="6.753868995">
        <ele>1328.59</ele>
      </trkpt>
      <trkpt lat="44.413650997" lon="6.753932004">
        <ele>1329.62</ele>
      </trkpt>
      <trkpt lat="44.413645003" lon="6.753982">
        <ele>1330.48</ele>
      </trkpt>
      <trkpt lat="44.413631004" lon="6.754027001">
        <ele>1331.05</ele>
      </trkpt>
      <trkpt lat="44.413615" lon="6.754054995">
        <ele>1331.78</ele>
      </trkpt>
      <trkpt lat="44.413593999" lon="6.754077">
        <ele>1332.47</ele>
      </trkpt>
      <trkpt lat="44.413572005" lon="6.754093004">
        <ele>1333.06</ele>
      </trkpt>
      <trkpt lat="44.413539995" lon="6.754097995">
        <ele>1333.59</ele>
      </trkpt>
      <trkpt lat="44.413511005" lon="6.754093996">
        <ele>1334.5</ele>
      </trkpt>
      <trkpt lat="44.413476002" lon="6.754079992">
        <ele>1335.21</ele>
      </trkpt>
      <trkpt lat="44.413436996" lon="6.754051">
        <ele>1335.64</ele>
      </trkpt>
      <trkpt lat="44.413403004" lon="6.754001003">
        <ele>1336.32</ele>
      </trkpt>
      <trkpt lat="44.413368004" lon="6.753928006">
        <ele>1336.72</ele>
      </trkpt>
      <trkpt lat="44.413336006" lon="6.753856001">
        <ele>1336.6</ele>
      </trkpt>
      <trkpt lat="44.413276995" lon="6.753726001">
        <ele>1336.9</ele>
      </trkpt>
      <trkpt lat="44.413157001" lon="6.753514">
        <ele>1337.57</ele>
      </trkpt>
      <trkpt lat="44.413012998" lon="6.753300998">
        <ele>1338.3</ele>
      </trkpt>
      <trkpt lat="44.412848999" lon="6.753062002">
        <ele>1339.2</ele>
      </trkpt>
      <trkpt lat="44.412686001" lon="6.752822998">
        <ele>1340.16</ele>
      </trkpt>
      <trkpt lat="44.412649998" lon="6.752776994">
        <ele>1340.91</ele>
      </trkpt>
      <trkpt lat="44.412615001" lon="6.752743">
        <ele>1341.72</ele>
      </trkpt>
      <trkpt lat="44.412577" lon="6.752717005">
        <ele>1342.37</ele>
      </trkpt>
      <trkpt lat="44.412535998" lon="6.752709004">
        <ele>1343.38</ele>
      </trkpt>
      <trkpt lat="44.412505003" lon="6.752712001">
        <ele>1344.69</ele>
      </trkpt>
      <trkpt lat="44.412474" lon="6.752724994">
        <ele>1346.22</ele>
      </trkpt>
      <trkpt lat="44.412446998" lon="6.752747003">
        <ele>1347.89</ele>
      </trkpt>
      <trkpt lat="44.412426" lon="6.752779003">
        <ele>1349.83</ele>
      </trkpt>
      <trkpt lat="44.412406998" lon="6.752818001">
        <ele>1351.87</ele>
      </trkpt>
      <trkpt lat="44.412390998" lon="6.752875994">
        <ele>1353.88</ele>
      </trkpt>
      <trkpt lat="44.412389994" lon="6.752934002">
        <ele>1355.67</ele>
      </trkpt>
      <trkpt lat="44.412395999" lon="6.752991004">
        <ele>1356.07</ele>
      </trkpt>
      <trkpt lat="44.412412" lon="6.753035002">
        <ele>1356.57</ele>
      </trkpt>
      <trkpt lat="44.412436002" lon="6.753086999">
        <ele>1357.31</ele>
      </trkpt>
      <trkpt lat="44.412538997" lon="6.753266008">
        <ele>1356.12</ele>
      </trkpt>
      <trkpt lat="44.412609997" lon="6.753405993">
        <ele>1355.21</ele>
      </trkpt>
      <trkpt lat="44.412674999" lon="6.753552997">
        <ele>1355.71</ele>
      </trkpt>
      <trkpt lat="44.412713003" lon="6.753654997">
        <ele>1355.7</ele>
      </trkpt>
      <trkpt lat="44.412748001" lon="6.753758998">
        <ele>1354.34</ele>
      </trkpt>
      <trkpt lat="44.412838998" lon="6.754057009">
        <ele>1354.53</ele>
      </trkpt>
      <trkpt lat="44.412928997" lon="6.754355997">
        <ele>1354.69</ele>
      </trkpt>
      <trkpt lat="44.413047" lon="6.754731996">
        <ele>1354.78</ele>
      </trkpt>
      <trkpt lat="44.413071998" lon="6.754843003">
        <ele>1355.06</ele>
      </trkpt>
      <trkpt lat="44.413085001" lon="6.754945005">
        <ele>1356.34</ele>
      </trkpt>
      <trkpt lat="44.413087996" lon="6.755021006">
        <ele>1356.53</ele>
      </trkpt>
      <trkpt lat="44.413083006" lon="6.755105996">
        <ele>1356.57</ele>
      </trkpt>
      <trkpt lat="44.413074003" lon="6.755190003">
        <ele>1356.5</ele>
      </trkpt>
      <trkpt lat="44.413056004" lon="6.755281999">
        <ele>1356.49</ele>
      </trkpt>
      <trkpt lat="44.413032998" lon="6.755389996">
        <ele>1355.55</ele>
      </trkpt>
      <trkpt lat="44.412988005" lon="6.755541003">
        <ele>1356.89</ele>
      </trkpt>
      <trkpt lat="44.412935003" lon="6.755689001">
        <ele>1358.16</ele>
      </trkpt>
      <trkpt lat="44.412898996" lon="6.755771">
        <ele>1359.25</ele>
      </trkpt>
      <trkpt lat="44.412870001" lon="6.755821002">
        <ele>1360.1</ele>
      </trkpt>
      <trkpt lat="44.412852002" lon="6.755843004">
        <ele>1361.64</ele>
      </trkpt>
      <trkpt lat="44.412828" lon="6.755864997">
        <ele>1362.13</ele>
      </trkpt>
      <trkpt lat="44.412803001" lon="6.755879002">
        <ele>1362.5</ele>
      </trkpt>
      <trkpt lat="44.412777994" lon="6.755888997">
        <ele>1362.83</ele>
      </trkpt>
      <trkpt lat="44.412756" lon="6.755895998">
        <ele>1363.07</ele>
      </trkpt>
      <trkpt lat="44.412728996" lon="6.755894003">
        <ele>1363.23</ele>
      </trkpt>
      <trkpt lat="44.412701002" lon="6.755883004">
        <ele>1363.28</ele>
      </trkpt>
      <trkpt lat="44.412676994" lon="6.755869">
        <ele>1364.66</ele>
      </trkpt>
      <trkpt lat="44.412651999" lon="6.755848003">
        <ele>1365.82</ele>
      </trkpt>
      <trkpt lat="44.412631" lon="6.755824002">
        <ele>1366.76</ele>
      </trkpt>
      <trkpt lat="44.412613999" lon="6.755789001">
        <ele>1367.4</ele>
      </trkpt>
      <trkpt lat="44.412597002" lon="6.755746998">
        <ele>1367.82</ele>
      </trkpt>
      <trkpt lat="44.412587004" lon="6.755683997">
        <ele>1366.55</ele>
      </trkpt>
      <trkpt lat="44.412588994" lon="6.755632001">
        <ele>1367.14</ele>
      </trkpt>
      <trkpt lat="44.412595006" lon="6.755572">
        <ele>1367.59</ele>
      </trkpt>
      <trkpt lat="44.412603004" lon="6.755531996">
        <ele>1366.41</ele>
      </trkpt>
      <trkpt lat="44.412630004" lon="6.755452995">
        <ele>1365.41</ele>
      </trkpt>
      <trkpt lat="44.412654998" lon="6.755370994">
        <ele>1364.45</ele>
      </trkpt>
      <trkpt lat="44.412664002" lon="6.755333998">
        <ele>1362.97</ele>
      </trkpt>
      <trkpt lat="44.412683996" lon="6.755216008">
        <ele>1361.62</ele>
      </trkpt>
      <trkpt lat="44.412689004" lon="6.755134993">
        <ele>1362</ele>
      </trkpt>
      <trkpt lat="44.412686999" lon="6.755054003">
        <ele>1362.15</ele>
      </trkpt>
      <trkpt lat="44.412680004" lon="6.754974002">
        <ele>1363.91</ele>
      </trkpt>
      <trkpt lat="44.412654997" lon="6.754862995">
        <ele>1364.99</ele>
      </trkpt>
      <trkpt lat="44.412618003" lon="6.754755994">
        <ele>1366.12</ele>
      </trkpt>
      <trkpt lat="44.412572998" lon="6.754658998">
        <ele>1367.37</ele>
      </trkpt>
      <trkpt lat="44.412517996" lon="6.754570001">
        <ele>1369.85</ele>
      </trkpt>
      <trkpt lat="44.412454997" lon="6.754492997">
        <ele>1371.33</ele>
      </trkpt>
      <trkpt lat="44.412247004" lon="6.754212002">
        <ele>1372.95</ele>
      </trkpt>
      <trkpt lat="44.412039995" lon="6.753932006">
        <ele>1375.19</ele>
      </trkpt>
      <trkpt lat="44.411910996" lon="6.753759997">
        <ele>1378.02</ele>
      </trkpt>
      <trkpt lat="44.411639997" lon="6.753380996">
        <ele>1379.81</ele>
      </trkpt>
      <trkpt lat="44.411337" lon="6.752985996">
        <ele>1381.05</ele>
      </trkpt>
      <trkpt lat="44.411311997" lon="6.752951999">
        <ele>1383.45</ele>
      </trkpt>
      <trkpt lat="44.411255003" lon="6.752863">
        <ele>1384.82</ele>
      </trkpt>
      <trkpt lat="44.411224002" lon="6.752776002">
        <ele>1387.47</ele>
      </trkpt>
      <trkpt lat="44.411206" lon="6.752681003">
        <ele>1388.92</ele>
      </trkpt>
      <trkpt lat="44.411202996" lon="6.752555002">
        <ele>1392.05</ele>
      </trkpt>
      <trkpt lat="44.411198995" lon="6.752307005">
        <ele>1393.02</ele>
      </trkpt>
      <trkpt lat="44.411195996" lon="6.752183996">
        <ele>1394.19</ele>
      </trkpt>
      <trkpt lat="44.411192005" lon="6.752096993">
        <ele>1393.1</ele>
      </trkpt>
      <trkpt lat="44.411188002" lon="6.752017997">
        <ele>1394.33</ele>
      </trkpt>
      <trkpt lat="44.411176005" lon="6.751912006">
        <ele>1393.67</ele>
      </trkpt>
      <trkpt lat="44.411161001" lon="6.751778998">
        <ele>1393.07</ele>
      </trkpt>
      <trkpt lat="44.411151999" lon="6.751651003">
        <ele>1392.51</ele>
      </trkpt>
      <trkpt lat="44.411153003" lon="6.751551997">
        <ele>1393.23</ele>
      </trkpt>
      <trkpt lat="44.411159999" lon="6.751462001">
        <ele>1392.86</ele>
      </trkpt>
      <trkpt lat="44.411170995" lon="6.751361998">
        <ele>1392.83</ele>
      </trkpt>
      <trkpt lat="44.411184001" lon="6.751294001">
        <ele>1393.05</ele>
      </trkpt>
      <trkpt lat="44.411197001" lon="6.751228002">
        <ele>1393.5</ele>
      </trkpt>
      <trkpt lat="44.411204001" lon="6.751148994">
        <ele>1393.08</ele>
      </trkpt>
      <trkpt lat="44.411199998" lon="6.751089009">
        <ele>1392.67</ele>
      </trkpt>
      <trkpt lat="44.411187996" lon="6.751035005">
        <ele>1392.25</ele>
      </trkpt>
      <trkpt lat="44.411167996" lon="6.750997004">
        <ele>1391.86</ele>
      </trkpt>
      <trkpt lat="44.411144006" lon="6.750974002">
        <ele>1391.47</ele>
      </trkpt>
      <trkpt lat="44.411119995" lon="6.750967997">
        <ele>1391.11</ele>
      </trkpt>
      <trkpt lat="44.411092994" lon="6.750963">
        <ele>1390.81</ele>
      </trkpt>
      <trkpt lat="44.411061996" lon="6.750969003">
        <ele>1390.59</ele>
      </trkpt>
      <trkpt lat="44.411037998" lon="6.750983002">
        <ele>1390.47</ele>
      </trkpt>
      <trkpt lat="44.411019005" lon="6.750999004">
        <ele>1390.49</ele>
      </trkpt>
      <trkpt lat="44.411005003" lon="6.751019009">
        <ele>1390.7</ele>
      </trkpt>
      <trkpt lat="44.410987994" lon="6.751058">
        <ele>1391.15</ele>
      </trkpt>
      <trkpt lat="44.410972998" lon="6.751113004">
        <ele>1392.19</ele>
      </trkpt>
      <trkpt lat="44.410951001" lon="6.751219003">
        <ele>1393.16</ele>
      </trkpt>
      <trkpt lat="44.410918996" lon="6.751463994">
        <ele>1394.52</ele>
      </trkpt>
      <trkpt lat="44.410903004" lon="6.751709003">
        <ele>1395.79</ele>
      </trkpt>
      <trkpt lat="44.410902005" lon="6.751930001">
        <ele>1396.89</ele>
      </trkpt>
      <trkpt lat="44.410895003" lon="6.752077">
        <ele>1397.52</ele>
      </trkpt>
      <trkpt lat="44.410880996" lon="6.752222994">
        <ele>1398.23</ele>
      </trkpt>
      <trkpt lat="44.410856002" lon="6.752367995">
        <ele>1398.57</ele>
      </trkpt>
      <trkpt lat="44.410844005" lon="6.752418005">
        <ele>1398.99</ele>
      </trkpt>
      <trkpt lat="44.410812003" lon="6.752513998">
        <ele>1397.06</ele>
      </trkpt>
      <trkpt lat="44.410771004" lon="6.752600002">
        <ele>1397.3</ele>
      </trkpt>
      <trkpt lat="44.410719998" lon="6.752679006">
        <ele>1397.81</ele>
      </trkpt>
      <trkpt lat="44.410626" lon="6.752787996">
        <ele>1398.76</ele>
      </trkpt>
      <trkpt lat="44.410511001" lon="6.752923">
        <ele>1399.9</ele>
      </trkpt>
      <trkpt lat="44.410425996" lon="6.753018002">
        <ele>1403.68</ele>
      </trkpt>
      <trkpt lat="44.410340996" lon="6.753097">
        <ele>1405.35</ele>
      </trkpt>
      <trkpt lat="44.410226997" lon="6.753171998">
        <ele>1406.87</ele>
      </trkpt>
      <trkpt lat="44.410180996" lon="6.753198001">
        <ele>1407.78</ele>
      </trkpt>
      <trkpt lat="44.410002003" lon="6.753292007">
        <ele>1408.72</ele>
      </trkpt>
      <trkpt lat="44.409813004" lon="6.753388995">
        <ele>1409.87</ele>
      </trkpt>
      <trkpt lat="44.409749996" lon="6.753414007">
        <ele>1411.2</ele>
      </trkpt>
      <trkpt lat="44.409652005" lon="6.753435">
        <ele>1411.92</ele>
      </trkpt>
      <trkpt lat="44.409587002" lon="6.753440002">
        <ele>1413.01</ele>
      </trkpt>
      <trkpt lat="44.409523002" lon="6.753436999">
        <ele>1414.28</ele>
      </trkpt>
      <trkpt lat="44.409454998" lon="6.753422994">
        <ele>1414.52</ele>
      </trkpt>
      <trkpt lat="44.409330003" lon="6.753387002">
        <ele>1414.96</ele>
      </trkpt>
      <trkpt lat="44.409202002" lon="6.753379991">
        <ele>1415.01</ele>
      </trkpt>
      <trkpt lat="44.409075003" lon="6.753402001">
        <ele>1417.15</ele>
      </trkpt>
      <trkpt lat="44.408953002" lon="6.753450002">
        <ele>1419.16</ele>
      </trkpt>
      <trkpt lat="44.408847999" lon="6.753531">
        <ele>1419.81</ele>
      </trkpt>
      <trkpt lat="44.408786001" lon="6.753589005">
        <ele>1421.1</ele>
      </trkpt>
      <trkpt lat="44.408720997" lon="6.753657999">
        <ele>1423.59</ele>
      </trkpt>
      <trkpt lat="44.408519002" lon="6.753880005">
        <ele>1423.92</ele>
      </trkpt>
      <trkpt lat="44.408426995" lon="6.753966001">
        <ele>1424.03</ele>
      </trkpt>
      <trkpt lat="44.408340002" lon="6.754031008">
        <ele>1425.74</ele>
      </trkpt>
      <trkpt lat="44.408251003" lon="6.754078997">
        <ele>1426.33</ele>
      </trkpt>
      <trkpt lat="44.408174004" lon="6.754101997">
        <ele>1426.68</ele>
      </trkpt>
      <trkpt lat="44.408103001" lon="6.754116997">
        <ele>1427.09</ele>
      </trkpt>
      <trkpt lat="44.407960003" lon="6.754133002">
        <ele>1427.32</ele>
      </trkpt>
      <trkpt lat="44.407866002" lon="6.754138995">
        <ele>1427.86</ele>
      </trkpt>
      <trkpt lat="44.407742997" lon="6.754147991">
        <ele>1428.63</ele>
      </trkpt>
      <trkpt lat="44.407645002" lon="6.754171999">
        <ele>1429.41</ele>
      </trkpt>
      <trkpt lat="44.407596" lon="6.754192998">
        <ele>1430.1</ele>
      </trkpt>
      <trkpt lat="44.407504994" lon="6.754252004">
        <ele>1430.77</ele>
      </trkpt>
      <trkpt lat="44.407423003" lon="6.754331007">
        <ele>1431.49</ele>
      </trkpt>
      <trkpt lat="44.407351" lon="6.754429995">
        <ele>1432.81</ele>
      </trkpt>
      <trkpt lat="44.407289" lon="6.754552">
        <ele>1435.02</ele>
      </trkpt>
      <trkpt lat="44.407175998" lon="6.755106004">
        <ele>1437.16</ele>
      </trkpt>
      <trkpt lat="44.407158003" lon="6.755163004">
        <ele>1439.45</ele>
      </trkpt>
      <trkpt lat="44.407133997" lon="6.755215004">
        <ele>1440.84</ele>
      </trkpt>
      <trkpt lat="44.407105001" lon="6.755263995">
        <ele>1441.59</ele>
      </trkpt>
      <trkpt lat="44.407071999" lon="6.755306006">
        <ele>1441.54</ele>
      </trkpt>
      <trkpt lat="44.407033994" lon="6.755337992">
        <ele>1441.7</ele>
      </trkpt>
      <trkpt lat="44.406994997" lon="6.755364997">
        <ele>1441.94</ele>
      </trkpt>
      <trkpt lat="44.406947003" lon="6.755389996">
        <ele>1443.21</ele>
      </trkpt>
      <trkpt lat="44.406906998" lon="6.755390005">
        <ele>1444.46</ele>
      </trkpt>
      <trkpt lat="44.406863002" lon="6.75539">
        <ele>1445.25</ele>
      </trkpt>
      <trkpt lat="44.406817999" lon="6.755381996">
        <ele>1445.84</ele>
      </trkpt>
      <trkpt lat="44.406775995" lon="6.755363996">
        <ele>1446.3</ele>
      </trkpt>
      <trkpt lat="44.406735" lon="6.755336005">
        <ele>1446.56</ele>
      </trkpt>
      <trkpt lat="44.406698001" lon="6.755301">
        <ele>1446.62</ele>
      </trkpt>
      <trkpt lat="44.406666001" lon="6.755260004">
        <ele>1446.88</ele>
      </trkpt>
      <trkpt lat="44.406637004" lon="6.755209992">
        <ele>1446.94</ele>
      </trkpt>
      <trkpt lat="44.406452003" lon="6.754797995">
        <ele>1447.01</ele>
      </trkpt>
      <trkpt lat="44.406416996" lon="6.754740004">
        <ele>1447.19</ele>
      </trkpt>
      <trkpt lat="44.406377003" lon="6.754689992">
        <ele>1447.52</ele>
      </trkpt>
      <trkpt lat="44.406332004" lon="6.754647002">
        <ele>1446.73</ele>
      </trkpt>
      <trkpt lat="44.406286001" lon="6.754610999">
        <ele>1446.35</ele>
      </trkpt>
      <trkpt lat="44.406236004" lon="6.754583995">
        <ele>1446.23</ele>
      </trkpt>
      <trkpt lat="44.406183002" lon="6.754563995">
        <ele>1446.29</ele>
      </trkpt>
      <trkpt lat="44.406129001" lon="6.754553999">
        <ele>1446.5</ele>
      </trkpt>
      <trkpt lat="44.406074997" lon="6.754551999">
        <ele>1448.11</ele>
      </trkpt>
      <trkpt lat="44.406021997" lon="6.754561002">
        <ele>1446.07</ele>
      </trkpt>
      <trkpt lat="44.40598" lon="6.754573991">
        <ele>1443.87</ele>
      </trkpt>
      <trkpt lat="44.405901001" lon="6.754621007">
        <ele>1441.44</ele>
      </trkpt>
      <trkpt lat="44.405854003" lon="6.754658003">
        <ele>1442.07</ele>
      </trkpt>
      <trkpt lat="44.405811005" lon="6.754702996">
        <ele>1442.26</ele>
      </trkpt>
      <trkpt lat="44.405771" lon="6.754753995">
        <ele>1445.56</ele>
      </trkpt>
      <trkpt lat="44.405737002" lon="6.754812006">
        <ele>1444.55</ele>
      </trkpt>
      <trkpt lat="44.405707004" lon="6.754874003">
        <ele>1442.82</ele>
      </trkpt>
      <trkpt lat="44.405683999" lon="6.754941003">
        <ele>1439.33</ele>
      </trkpt>
      <trkpt lat="44.405664002" lon="6.755011005">
        <ele>1435.31</ele>
      </trkpt>
      <trkpt lat="44.405591" lon="6.755368002">
        <ele>1430.77</ele>
      </trkpt>
      <trkpt lat="44.405578" lon="6.755453995">
        <ele>1433.74</ele>
      </trkpt>
      <trkpt lat="44.405571005" lon="6.755541996">
        <ele>1436.85</ele>
      </trkpt>
      <trkpt lat="44.405570002" lon="6.755610997">
        <ele>1437.37</ele>
      </trkpt>
      <trkpt lat="44.405573001" lon="6.755674996">
        <ele>1437.39</ele>
      </trkpt>
      <trkpt lat="44.405586994" lon="6.755804996">
        <ele>1441.25</ele>
      </trkpt>
      <trkpt lat="44.405610003" lon="6.755964999">
        <ele>1441.35</ele>
      </trkpt>
      <trkpt lat="44.405620997" lon="6.756049002">
        <ele>1441.55</ele>
      </trkpt>
      <trkpt lat="44.405627" lon="6.756114999">
        <ele>1442.38</ele>
      </trkpt>
      <trkpt lat="44.405629002" lon="6.756176996">
        <ele>1444.08</ele>
      </trkpt>
      <trkpt lat="44.405620994" lon="6.756249001">
        <ele>1445.7</ele>
      </trkpt>
      <trkpt lat="44.405596" lon="6.756355003">
        <ele>1447.63</ele>
      </trkpt>
      <trkpt lat="44.405574994" lon="6.756425994">
        <ele>1449.85</ele>
      </trkpt>
      <trkpt lat="44.405547996" lon="6.756488001">
        <ele>1452.41</ele>
      </trkpt>
      <trkpt lat="44.405516" lon="6.756552002">
        <ele>1455.43</ele>
      </trkpt>
      <trkpt lat="44.405336003" lon="6.756904002">
        <ele>1455.43</ele>
      </trkpt>
      <trkpt lat="44.405238997" lon="6.757086996">
        <ele>1454.96</ele>
      </trkpt>
      <trkpt lat="44.405086001" lon="6.757356005">
        <ele>1453.92</ele>
      </trkpt>
      <trkpt lat="44.405038998" lon="6.757475994">
        <ele>1454.28</ele>
      </trkpt>
      <trkpt lat="44.405010002" lon="6.757606003">
        <ele>1453.72</ele>
      </trkpt>
      <trkpt lat="44.405000002" lon="6.757740003">
        <ele>1452.44</ele>
      </trkpt>
      <trkpt lat="44.405007999" lon="6.757874004">
        <ele>1451.51</ele>
      </trkpt>
      <trkpt lat="44.405036006" lon="6.758004997">
        <ele>1452.46</ele>
      </trkpt>
      <trkpt lat="44.405112004" lon="6.758397998">
        <ele>1454.71</ele>
      </trkpt>
      <trkpt lat="44.405138002" lon="6.758581997">
        <ele>1457.01</ele>
      </trkpt>
      <trkpt lat="44.405150001" lon="6.758741005">
        <ele>1459.53</ele>
      </trkpt>
      <trkpt lat="44.405143998" lon="6.758864007">
        <ele>1461.71</ele>
      </trkpt>
      <trkpt lat="44.405133997" lon="6.758951002">
        <ele>1462.21</ele>
      </trkpt>
      <trkpt lat="44.405116999" lon="6.759050003">
        <ele>1459.26</ele>
      </trkpt>
      <trkpt lat="44.405091003" lon="6.759141995">
        <ele>1460.61</ele>
      </trkpt>
      <trkpt lat="44.405037002" lon="6.759312997">
        <ele>1462.35</ele>
      </trkpt>
      <trkpt lat="44.404788998" lon="6.759811999">
        <ele>1465.04</ele>
      </trkpt>
      <trkpt lat="44.404545001" lon="6.760314997">
        <ele>1468.81</ele>
      </trkpt>
      <trkpt lat="44.404500998" lon="6.760393006">
        <ele>1474.13</ele>
      </trkpt>
      <trkpt lat="44.404446003" lon="6.760463004">
        <ele>1476.86</ele>
      </trkpt>
      <trkpt lat="44.404385997" lon="6.760517999">
        <ele>1480.33</ele>
      </trkpt>
      <trkpt lat="44.404317998" lon="6.760558998">
        <ele>1483.32</ele>
      </trkpt>
      <trkpt lat="44.404246999" lon="6.760581997">
        <ele>1485.95</ele>
      </trkpt>
      <trkpt lat="44.403866" lon="6.760669002">
        <ele>1488</ele>
      </trkpt>
      <trkpt lat="44.40381" lon="6.760692998">
        <ele>1486.07</ele>
      </trkpt>
      <trkpt lat="44.403756996" lon="6.760723995">
        <ele>1483.61</ele>
      </trkpt>
      <trkpt lat="44.403705998" lon="6.760762994">
        <ele>1481.2</ele>
      </trkpt>
      <trkpt lat="44.403642998" lon="6.760821999">
        <ele>1478.45</ele>
      </trkpt>
      <trkpt lat="44.403588999" lon="6.760890001">
        <ele>1478.53</ele>
      </trkpt>
      <trkpt lat="44.403539005" lon="6.760969005">
        <ele>1478.2</ele>
      </trkpt>
      <trkpt lat="44.403498002" lon="6.761055998">
        <ele>1477.38</ele>
      </trkpt>
      <trkpt lat="44.403465003" lon="6.761149004">
        <ele>1476.15</ele>
      </trkpt>
      <trkpt lat="44.403441" lon="6.761248001">
        <ele>1476.66</ele>
      </trkpt>
      <trkpt lat="44.403426997" lon="6.761350001">
        <ele>1473.23</ele>
      </trkpt>
      <trkpt lat="44.403421999" lon="6.761453002">
        <ele>1472.67</ele>
      </trkpt>
      <trkpt lat="44.403420004" lon="6.762073009">
        <ele>1475.46</ele>
      </trkpt>
      <trkpt lat="44.403415996" lon="6.762166006">
        <ele>1477.6</ele>
      </trkpt>
      <trkpt lat="44.403410004" lon="6.762258005">
        <ele>1477.09</ele>
      </trkpt>
      <trkpt lat="44.403387002" lon="6.762439999">
        <ele>1480.92</ele>
      </trkpt>
      <trkpt lat="44.403351006" lon="6.762617998">
        <ele>1484.85</ele>
      </trkpt>
      <trkpt lat="44.403303999" lon="6.762791996">
        <ele>1484.9</ele>
      </trkpt>
      <trkpt lat="44.403244996" lon="6.762955994">
        <ele>1489.36</ele>
      </trkpt>
      <trkpt lat="44.403102996" lon="6.763331004">
        <ele>1490.38</ele>
      </trkpt>
      <trkpt lat="44.402945002" lon="6.763708003">
        <ele>1490.86</ele>
      </trkpt>
      <trkpt lat="44.402870005" lon="6.763868999">
        <ele>1491.26</ele>
      </trkpt>
      <trkpt lat="44.402787999" lon="6.764056002">
        <ele>1491.95</ele>
      </trkpt>
      <trkpt lat="44.402744" lon="6.764180995">
        <ele>1492.89</ele>
      </trkpt>
      <trkpt lat="44.402704" lon="6.764306003">
        <ele>1497.88</ele>
      </trkpt>
      <trkpt lat="44.402671" lon="6.764429">
        <ele>1495.44</ele>
      </trkpt>
      <trkpt lat="44.402649" lon="6.764515997">
        <ele>1496.51</ele>
      </trkpt>
      <trkpt lat="44.402618998" lon="6.764672003">
        <ele>1496.61</ele>
      </trkpt>
      <trkpt lat="44.402590002" lon="6.764815995">
        <ele>1495.17</ele>
      </trkpt>
      <trkpt lat="44.402527998" lon="6.765124002">
        <ele>1493.93</ele>
      </trkpt>
      <trkpt lat="44.402466003" lon="6.765431996">
        <ele>1498.55</ele>
      </trkpt>
      <trkpt lat="44.402443997" lon="6.765536">
        <ele>1500.29</ele>
      </trkpt>
      <trkpt lat="44.402423994" lon="6.765612004">
        <ele>1503.68</ele>
      </trkpt>
      <trkpt lat="44.402404004" lon="6.765665004">
        <ele>1504.45</ele>
      </trkpt>
      <trkpt lat="44.402379003" lon="6.765717998">
        <ele>1505.65</ele>
      </trkpt>
      <trkpt lat="44.402352997" lon="6.765769001">
        <ele>1505.8</ele>
      </trkpt>
      <trkpt lat="44.402321003" lon="6.765826997">
        <ele>1506.16</ele>
      </trkpt>
      <trkpt lat="44.402279005" lon="6.765885006">
        <ele>1506.62</ele>
      </trkpt>
      <trkpt lat="44.402241004" lon="6.765921005">
        <ele>1507.85</ele>
      </trkpt>
      <trkpt lat="44.402208004" lon="6.765942001">
        <ele>1509.06</ele>
      </trkpt>
      <trkpt lat="44.402176001" lon="6.765955999">
        <ele>1509.61</ele>
      </trkpt>
      <trkpt lat="44.402126998" lon="6.765967997">
        <ele>1510.15</ele>
      </trkpt>
      <trkpt lat="44.402065001" lon="6.765970997">
        <ele>1510.34</ele>
      </trkpt>
      <trkpt lat="44.402001004" lon="6.765970005">
        <ele>1510.7</ele>
      </trkpt>
      <trkpt lat="44.401786002" lon="6.765944">
        <ele>1510.96</ele>
      </trkpt>
      <trkpt lat="44.401680998" lon="6.765931001">
        <ele>1511.86</ele>
      </trkpt>
      <trkpt lat="44.401632998" lon="6.765930005">
        <ele>1511.03</ele>
      </trkpt>
      <trkpt lat="44.401538996" lon="6.765945997">
        <ele>1513.5</ele>
      </trkpt>
      <trkpt lat="44.401447997" lon="6.765983005">
        <ele>1516.19</ele>
      </trkpt>
      <trkpt lat="44.401361997" lon="6.766042998">
        <ele>1515.14</ele>
      </trkpt>
      <trkpt lat="44.401285002" lon="6.766119003">
        <ele>1514.34</ele>
      </trkpt>
      <trkpt lat="44.401249999" lon="6.766162995">
        <ele>1515.38</ele>
      </trkpt>
      <trkpt lat="44.401119005" lon="6.766373">
        <ele>1513.22</ele>
      </trkpt>
      <trkpt lat="44.400907999" lon="6.766729">
        <ele>1514.42</ele>
      </trkpt>
      <trkpt lat="44.400868003" lon="6.766798001">
        <ele>1515.61</ele>
      </trkpt>
      <trkpt lat="44.400746999" lon="6.767005992">
        <ele>1516.71</ele>
      </trkpt>
      <trkpt lat="44.40068" lon="6.767108001">
        <ele>1520.96</ele>
      </trkpt>
      <trkpt lat="44.400607003" lon="6.767206997">
        <ele>1525.45</ele>
      </trkpt>
      <trkpt lat="44.400531006" lon="6.767296993">
        <ele>1524.66</ele>
      </trkpt>
      <trkpt lat="44.400450997" lon="6.767381002">
        <ele>1528.09</ele>
      </trkpt>
      <trkpt lat="44.400115998" lon="6.767750998">
        <ele>1531.46</ele>
      </trkpt>
      <trkpt lat="44.400022998" lon="6.767843002">
        <ele>1530.6</ele>
      </trkpt>
      <trkpt lat="44.399956998" lon="6.767894997">
        <ele>1529.92</ele>
      </trkpt>
      <trkpt lat="44.399852002" lon="6.767960998">
        <ele>1530.01</ele>
      </trkpt>
      <trkpt lat="44.399781001" lon="6.767994005">
        <ele>1531.27</ele>
      </trkpt>
      <trkpt lat="44.399535001" lon="6.768094006">
        <ele>1532.26</ele>
      </trkpt>
      <trkpt lat="44.399465" lon="6.768131001">
        <ele>1534.22</ele>
      </trkpt>
      <trkpt lat="44.399397996" lon="6.768181004">
        <ele>1535.1</ele>
      </trkpt>
      <trkpt lat="44.399308006" lon="6.768273006">
        <ele>1537.58</ele>
      </trkpt>
      <trkpt lat="44.399141999" lon="6.768498994">
        <ele>1538.84</ele>
      </trkpt>
      <trkpt lat="44.398974999" lon="6.768725003">
        <ele>1540.54</ele>
      </trkpt>
      <trkpt lat="44.398900005" lon="6.768787005">
        <ele>1541.9</ele>
      </trkpt>
      <trkpt lat="44.398820998" lon="6.768838005">
        <ele>1544.54</ele>
      </trkpt>
      <trkpt lat="44.398738" lon="6.768873994">
        <ele>1546.76</ele>
      </trkpt>
      <trkpt lat="44.398652998" lon="6.768893999">
        <ele>1548.9</ele>
      </trkpt>
      <trkpt lat="44.398564997" lon="6.768900002">
        <ele>1550.13</ele>
      </trkpt>
      <trkpt lat="44.398478998" lon="6.768890991">
        <ele>1551.85</ele>
      </trkpt>
      <trkpt lat="44.398407999" lon="6.768874998">
        <ele>1553.3</ele>
      </trkpt>
      <trkpt lat="44.398337999" lon="6.768847998">
        <ele>1554.47</ele>
      </trkpt>
      <trkpt lat="44.398272" lon="6.768811007">
        <ele>1555.04</ele>
      </trkpt>
      <trkpt lat="44.398208996" lon="6.768765002">
        <ele>1555.95</ele>
      </trkpt>
      <trkpt lat="44.398148003" lon="6.768709993">
        <ele>1556.59</ele>
      </trkpt>
      <trkpt lat="44.397929004" lon="6.768356998">
        <ele>1557.6</ele>
      </trkpt>
      <trkpt lat="44.397781006" lon="6.768116006">
        <ele>1558.39</ele>
      </trkpt>
      <trkpt lat="44.397633" lon="6.767876008">
        <ele>1559.18</ele>
      </trkpt>
      <trkpt lat="44.397452002" lon="6.767557">
        <ele>1560.13</ele>
      </trkpt>
      <trkpt lat="44.397378005" lon="6.767463003">
        <ele>1561.08</ele>
      </trkpt>
      <trkpt lat="44.397292999" lon="6.767396002">
        <ele>1561.47</ele>
      </trkpt>
      <trkpt lat="44.397247002" lon="6.767370992">
        <ele>1561.94</ele>
      </trkpt>
      <trkpt lat="44.397199" lon="6.767353994">
        <ele>1562.65</ele>
      </trkpt>
      <trkpt lat="44.397150003" lon="6.767344999">
        <ele>1562.91</ele>
      </trkpt>
      <trkpt lat="44.397100001" lon="6.767343002">
        <ele>1563.94</ele>
      </trkpt>
      <trkpt lat="44.397051001" lon="6.767347004">
        <ele>1565.32</ele>
      </trkpt>
      <trkpt lat="44.396765002" lon="6.767404996">
        <ele>1567.01</ele>
      </trkpt>
      <trkpt lat="44.396663002" lon="6.767414004">
        <ele>1568.88</ele>
      </trkpt>
      <trkpt lat="44.396560005" lon="6.767413995">
        <ele>1571.41</ele>
      </trkpt>
      <trkpt lat="44.396422998" lon="6.767395997">
        <ele>1573.44</ele>
      </trkpt>
      <trkpt lat="44.396341001" lon="6.767367999">
        <ele>1574.27</ele>
      </trkpt>
      <trkpt lat="44.396257002" lon="6.767348993">
        <ele>1574.91</ele>
      </trkpt>
      <trkpt lat="44.396109005" lon="6.767333004">
        <ele>1574.64</ele>
      </trkpt>
      <trkpt lat="44.396024" lon="6.767336003">
        <ele>1574.42</ele>
      </trkpt>
      <trkpt lat="44.395940003" lon="6.767348007">
        <ele>1574.3</ele>
      </trkpt>
      <trkpt lat="44.395824996" lon="6.767384994">
        <ele>1574.42</ele>
      </trkpt>
      <trkpt lat="44.395702996" lon="6.767447006">
        <ele>1574.44</ele>
      </trkpt>
      <trkpt lat="44.395572996" lon="6.767539997">
        <ele>1576.68</ele>
      </trkpt>
      <trkpt lat="44.395502996" lon="6.767602995">
        <ele>1578.9</ele>
      </trkpt>
      <trkpt lat="44.395209002" lon="6.767894001">
        <ele>1580.55</ele>
      </trkpt>
      <trkpt lat="44.394987003" lon="6.768150006">
        <ele>1581.25</ele>
      </trkpt>
      <trkpt lat="44.394905998" lon="6.768267008">
        <ele>1581.69</ele>
      </trkpt>
      <trkpt lat="44.394844002" lon="6.768374996">
        <ele>1581.85</ele>
      </trkpt>
      <trkpt lat="44.394789995" lon="6.768491006">
        <ele>1581.56</ele>
      </trkpt>
      <trkpt lat="44.394742997" lon="6.768611002">
        <ele>1581.27</ele>
      </trkpt>
      <trkpt lat="44.394704006" lon="6.768742995">
        <ele>1583.55</ele>
      </trkpt>
      <trkpt lat="44.394668994" lon="6.768883007">
        <ele>1585.8</ele>
      </trkpt>
      <trkpt lat="44.394640002" lon="6.769023006">
        <ele>1586.56</ele>
      </trkpt>
      <trkpt lat="44.394613003" lon="6.769193995">
        <ele>1587.17</ele>
      </trkpt>
      <trkpt lat="44.394596997" lon="6.769338994">
        <ele>1587.64</ele>
      </trkpt>
      <trkpt lat="44.394583" lon="6.769484001">
        <ele>1588.43</ele>
      </trkpt>
      <trkpt lat="44.394557" lon="6.769660008">
        <ele>1588.92</ele>
      </trkpt>
      <trkpt lat="44.394522998" lon="6.769831007">
        <ele>1592.19</ele>
      </trkpt>
      <trkpt lat="44.394456998" lon="6.770080001">
        <ele>1595.71</ele>
      </trkpt>
      <trkpt lat="44.394419997" lon="6.770197004">
        <ele>1599.5</ele>
      </trkpt>
      <trkpt lat="44.394372994" lon="6.770315">
        <ele>1598.2</ele>
      </trkpt>
      <trkpt lat="44.39432" lon="6.770423999">
        <ele>1601.06</ele>
      </trkpt>
      <trkpt lat="44.394266" lon="6.770515007">
        <ele>1601.34</ele>
      </trkpt>
      <trkpt lat="44.394134003" lon="6.770703002">
        <ele>1599.65</ele>
      </trkpt>
      <trkpt lat="44.394065002" lon="6.770790999">
        <ele>1599.49</ele>
      </trkpt>
      <trkpt lat="44.393731999" lon="6.771195995">
        <ele>1602.83</ele>
      </trkpt>
      <trkpt lat="44.393415002" lon="6.771597002">
        <ele>1602.34</ele>
      </trkpt>
      <trkpt lat="44.393119001" lon="6.772068997">
        <ele>1601.56</ele>
      </trkpt>
      <trkpt lat="44.393075001" lon="6.772158996">
        <ele>1605.81</ele>
      </trkpt>
      <trkpt lat="44.393036005" lon="6.772249996">
        <ele>1608.01</ele>
      </trkpt>
      <trkpt lat="44.393000002" lon="6.772347002">
        <ele>1609.87</ele>
      </trkpt>
      <trkpt lat="44.392970998" lon="6.772447">
        <ele>1609.95</ele>
      </trkpt>
      <trkpt lat="44.392943994" lon="6.772547006">
        <ele>1609.68</ele>
      </trkpt>
      <trkpt lat="44.392880001" lon="6.772936002">
        <ele>1609.91</ele>
      </trkpt>
      <trkpt lat="44.392844001" lon="6.773085997">
        <ele>1610.27</ele>
      </trkpt>
      <trkpt lat="44.392797006" lon="6.773230998">
        <ele>1610.84</ele>
      </trkpt>
      <trkpt lat="44.392740002" lon="6.773368003">
        <ele>1616.05</ele>
      </trkpt>
      <trkpt lat="44.392559998" lon="6.773768992">
        <ele>1622.16</ele>
      </trkpt>
      <trkpt lat="44.39238" lon="6.774170003">
        <ele>1624.93</ele>
      </trkpt>
      <trkpt lat="44.392201002" lon="6.774571003">
        <ele>1625.21</ele>
      </trkpt>
      <trkpt lat="44.392152004" lon="6.774658994">
        <ele>1629</ele>
      </trkpt>
      <trkpt lat="44.392066996" lon="6.774773993">
        <ele>1628.31</ele>
      </trkpt>
      <trkpt lat="44.391969995" lon="6.774870005">
        <ele>1629.54</ele>
      </trkpt>
      <trkpt lat="44.391701995" lon="6.775149004">
        <ele>1630.53</ele>
      </trkpt>
      <trkpt lat="44.391649999" lon="6.775213002">
        <ele>1634.33</ele>
      </trkpt>
      <trkpt lat="44.391606005" lon="6.775286998">
        <ele>1634.83</ele>
      </trkpt>
      <trkpt lat="44.391571997" lon="6.775372004">
        <ele>1636.98</ele>
      </trkpt>
      <trkpt lat="44.391558997" lon="6.775416006">
        <ele>1635.6</ele>
      </trkpt>
      <trkpt lat="44.39154" lon="6.775509002">
        <ele>1633.89</ele>
      </trkpt>
      <trkpt lat="44.391518005" lon="6.775885002">
        <ele>1634.02</ele>
      </trkpt>
      <trkpt lat="44.391505004" lon="6.775970002">
        <ele>1635.9</ele>
      </trkpt>
      <trkpt lat="44.391399995" lon="6.776339003">
        <ele>1637.72</ele>
      </trkpt>
      <trkpt lat="44.391326998" lon="6.776558">
        <ele>1642.16</ele>
      </trkpt>
      <trkpt lat="44.391282999" lon="6.776728997">
        <ele>1645.43</ele>
      </trkpt>
      <trkpt lat="44.391250002" lon="6.776903996">
        <ele>1646.91</ele>
      </trkpt>
      <trkpt lat="44.391238001" lon="6.776948001">
        <ele>1646.73</ele>
      </trkpt>
      <trkpt lat="44.391188" lon="6.777071994">
        <ele>1646.8</ele>
      </trkpt>
      <trkpt lat="44.391148" lon="6.777148001">
        <ele>1645.62</ele>
      </trkpt>
      <trkpt lat="44.391102005" lon="6.777216998">
        <ele>1646.88</ele>
      </trkpt>
      <trkpt lat="44.391049997" lon="6.777279999">
        <ele>1650.08</ele>
      </trkpt>
      <trkpt lat="44.390897" lon="6.777431992">
        <ele>1649.79</ele>
      </trkpt>
      <trkpt lat="44.390718998" lon="6.777613005">
        <ele>1650.12</ele>
      </trkpt>
      <trkpt lat="44.390676003" lon="6.777650001">
        <ele>1651.1</ele>
      </trkpt>
      <trkpt lat="44.390622998" lon="6.777684003">
        <ele>1653.51</ele>
      </trkpt>
      <trkpt lat="44.390565997" lon="6.777709996">
        <ele>1654.07</ele>
      </trkpt>
      <trkpt lat="44.390295998" lon="6.77779">
        <ele>1658.01</ele>
      </trkpt>
      <trkpt lat="44.390234" lon="6.777819003">
        <ele>1659.14</ele>
      </trkpt>
      <trkpt lat="44.390170996" lon="6.777876003">
        <ele>1659.53</ele>
      </trkpt>
      <trkpt lat="44.390138002" lon="6.777923004">
        <ele>1657.76</ele>
      </trkpt>
      <trkpt lat="44.390117003" lon="6.777963994">
        <ele>1656.03</ele>
      </trkpt>
      <trkpt lat="44.390042" lon="6.778055999">
        <ele>1655.74</ele>
      </trkpt>
      <trkpt lat="44.390000999" lon="6.778095">
        <ele>1660.36</ele>
      </trkpt>
      <trkpt lat="44.389925994" lon="6.778143997">
        <ele>1663.68</ele>
      </trkpt>
      <trkpt lat="44.389605004" lon="6.778222993">
        <ele>1667.37</ele>
      </trkpt>
      <trkpt lat="44.389571005" lon="6.778229998">
        <ele>1671.58</ele>
      </trkpt>
      <trkpt lat="44.389524005" lon="6.778233998">
        <ele>1674.93</ele>
      </trkpt>
      <trkpt lat="44.389465996" lon="6.778229998">
        <ele>1676.08</ele>
      </trkpt>
      <trkpt lat="44.389419998" lon="6.778218996">
        <ele>1677.67</ele>
      </trkpt>
      <trkpt lat="44.389364004" lon="6.778197008">
        <ele>1677.95</ele>
      </trkpt>
      <trkpt lat="44.389158001" lon="6.778066998">
        <ele>1677.74</ele>
      </trkpt>
      <trkpt lat="44.388953" lon="6.777937998">
        <ele>1677.63</ele>
      </trkpt>
      <trkpt lat="44.388930002" lon="6.777928004">
        <ele>1677.51</ele>
      </trkpt>
      <trkpt lat="44.388854004" lon="6.777911996">
        <ele>1675.15</ele>
      </trkpt>
      <trkpt lat="44.388777" lon="6.777925002">
        <ele>1673.68</ele>
      </trkpt>
      <trkpt lat="44.388729003" lon="6.777947008">
        <ele>1672.29</ele>
      </trkpt>
      <trkpt lat="44.388693998" lon="6.777972006">
        <ele>1670.44</ele>
      </trkpt>
      <trkpt lat="44.388620999" lon="6.778038994">
        <ele>1672.67</ele>
      </trkpt>
      <trkpt lat="44.38857" lon="6.778092006">
        <ele>1674.09</ele>
      </trkpt>
      <trkpt lat="44.388489002" lon="6.778209007">
        <ele>1675.9</ele>
      </trkpt>
      <trkpt lat="44.388413998" lon="6.778353002">
        <ele>1677.83</ele>
      </trkpt>
      <trkpt lat="44.388358995" lon="6.778419998">
        <ele>1680.05</ele>
      </trkpt>
      <trkpt lat="44.388323006" lon="6.778449001">
        <ele>1674.61</ele>
      </trkpt>
      <trkpt lat="44.388284003" lon="6.778471004">
        <ele>1673.8</ele>
      </trkpt>
      <trkpt lat="44.388182002" lon="6.778501003">
        <ele>1672.83</ele>
      </trkpt>
      <trkpt lat="44.388131996" lon="6.778523">
        <ele>1675.17</ele>
      </trkpt>
      <trkpt lat="44.388106" lon="6.778541008">
        <ele>1677.11</ele>
      </trkpt>
      <trkpt lat="44.388086998" lon="6.778570002">
        <ele>1682.07</ele>
      </trkpt>
      <trkpt lat="44.388080003" lon="6.778594997">
        <ele>1686.23</ele>
      </trkpt>
      <trkpt lat="44.388078999" lon="6.778629994">
        <ele>1689.9</ele>
      </trkpt>
      <trkpt lat="44.388087005" lon="6.778664009">
        <ele>1689.77</ele>
      </trkpt>
      <trkpt lat="44.3881" lon="6.77869">
        <ele>1689.36</ele>
      </trkpt>
      <trkpt lat="44.388117999" lon="6.778706999">
        <ele>1690.07</ele>
      </trkpt>
      <trkpt lat="44.388145997" lon="6.778715995">
        <ele>1689.91</ele>
      </trkpt>
      <trkpt lat="44.388196998" lon="6.778711999">
        <ele>1689.4</ele>
      </trkpt>
      <trkpt lat="44.388339" lon="6.778621996">
        <ele>1685.37</ele>
      </trkpt>
      <trkpt lat="44.388411003" lon="6.778582994">
        <ele>1684.69</ele>
      </trkpt>
      <trkpt lat="44.388463001" lon="6.778544993">
        <ele>1682.73</ele>
      </trkpt>
      <trkpt lat="44.388522996" lon="6.778478004">
        <ele>1681.56</ele>
      </trkpt>
      <trkpt lat="44.388583004" lon="6.778376002">
        <ele>1680.64</ele>
      </trkpt>
      <trkpt lat="44.388610995" lon="6.778338999">
        <ele>1683.05</ele>
      </trkpt>
      <trkpt lat="44.388642002" lon="6.778305">
        <ele>1681.83</ele>
      </trkpt>
      <trkpt lat="44.388684999" lon="6.778274001">
        <ele>1684.33</ele>
      </trkpt>
      <trkpt lat="44.388740002" lon="6.778248994">
        <ele>1686.29</ele>
      </trkpt>
      <trkpt lat="44.388777998" lon="6.778245009">
        <ele>1687.92</ele>
      </trkpt>
      <trkpt lat="44.388839" lon="6.778259991">
        <ele>1689.2</ele>
      </trkpt>
      <trkpt lat="44.388883996" lon="6.778281006">
        <ele>1690.65</ele>
      </trkpt>
      <trkpt lat="44.388937998" lon="6.778329002">
        <ele>1688.09</ele>
      </trkpt>
      <trkpt lat="44.388962" lon="6.778356997">
        <ele>1685.84</ele>
      </trkpt>
      <trkpt lat="44.388993996" lon="6.778407005">
        <ele>1687.3</ele>
      </trkpt>
      <trkpt lat="44.389016999" lon="6.778462005">
        <ele>1689.22</ele>
      </trkpt>
      <trkpt lat="44.389033996" lon="6.778519998">
        <ele>1691.75</ele>
      </trkpt>
      <trkpt lat="44.389065004" lon="6.778598004">
        <ele>1694.88</ele>
      </trkpt>
      <trkpt lat="44.389142" lon="6.778764996">
        <ele>1698.89</ele>
      </trkpt>
      <trkpt lat="44.389211004" lon="6.778885997">
        <ele>1699.55</ele>
      </trkpt>
      <trkpt lat="44.389376001" lon="6.779153002">
        <ele>1700.36</ele>
      </trkpt>
      <trkpt lat="44.389414" lon="6.779218997">
        <ele>1700.97</ele>
      </trkpt>
      <trkpt lat="44.389465003" lon="6.779342994">
        <ele>1702.48</ele>
      </trkpt>
      <trkpt lat="44.389464999" lon="6.779378008">
        <ele>1703.66</ele>
      </trkpt>
      <trkpt lat="44.389457001" lon="6.779411998">
        <ele>1705.21</ele>
      </trkpt>
      <trkpt lat="44.389433998" lon="6.779446997">
        <ele>1707.11</ele>
      </trkpt>
      <trkpt lat="44.389401002" lon="6.779465995">
        <ele>1709.09</ele>
      </trkpt>
      <trkpt lat="44.389344996" lon="6.779437004">
        <ele>1708.87</ele>
      </trkpt>
      <trkpt lat="44.389306995" lon="6.779407005">
        <ele>1708.55</ele>
      </trkpt>
      <trkpt lat="44.389260999" lon="6.779360007">
        <ele>1708.06</ele>
      </trkpt>
      <trkpt lat="44.389229002" lon="6.779315">
        <ele>1707.4</ele>
      </trkpt>
      <trkpt lat="44.38919" lon="6.779242002">
        <ele>1706.73</ele>
      </trkpt>
      <trkpt lat="44.389146006" lon="6.779175004">
        <ele>1707.47</ele>
      </trkpt>
      <trkpt lat="44.389096996" lon="6.779114999">
        <ele>1707.27</ele>
      </trkpt>
      <trkpt lat="44.389042999" lon="6.779063999">
        <ele>1707.57</ele>
      </trkpt>
      <trkpt lat="44.388997003" lon="6.779027998">
        <ele>1708.21</ele>
      </trkpt>
      <trkpt lat="44.388936996" lon="6.778992998">
        <ele>1709.13</ele>
      </trkpt>
      <trkpt lat="44.388882998" lon="6.778984">
        <ele>1710.11</ele>
      </trkpt>
      <trkpt lat="44.388827" lon="6.778991005">
        <ele>1709.15</ele>
      </trkpt>
      <trkpt lat="44.388785994" lon="6.779005999">
        <ele>1707.84</ele>
      </trkpt>
      <trkpt lat="44.388734002" lon="6.779042002">
        <ele>1706.19</ele>
      </trkpt>
      <trkpt lat="44.388698994" lon="6.779075998">
        <ele>1704.18</ele>
      </trkpt>
      <trkpt lat="44.38867" lon="6.779117005">
        <ele>1705.03</ele>
      </trkpt>
      <trkpt lat="44.388644996" lon="6.779162">
        <ele>1708.71</ele>
      </trkpt>
      <trkpt lat="44.388547002" lon="6.779459998">
        <ele>1710.69</ele>
      </trkpt>
      <trkpt lat="44.388519997" lon="6.779521008">
        <ele>1712.82</ele>
      </trkpt>
      <trkpt lat="44.388462" lon="6.779619008">
        <ele>1715.14</ele>
      </trkpt>
      <trkpt lat="44.388423" lon="6.779663997">
        <ele>1715.05</ele>
      </trkpt>
      <trkpt lat="44.388378999" lon="6.779704002">
        <ele>1715.04</ele>
      </trkpt>
      <trkpt lat="44.388235003" lon="6.779787999">
        <ele>1715.59</ele>
      </trkpt>
      <trkpt lat="44.388204997" lon="6.779801001">
        <ele>1716.02</ele>
      </trkpt>
      <trkpt lat="44.388165003" lon="6.779807001">
        <ele>1716.37</ele>
      </trkpt>
      <trkpt lat="44.388133" lon="6.779801004">
        <ele>1716.32</ele>
      </trkpt>
      <trkpt lat="44.388093998" lon="6.779785994">
        <ele>1716.29</ele>
      </trkpt>
      <trkpt lat="44.388020006" lon="6.779726005">
        <ele>1717.47</ele>
      </trkpt>
      <trkpt lat="44.387986006" lon="6.779706">
        <ele>1716.92</ele>
      </trkpt>
      <trkpt lat="44.387931001" lon="6.779693001">
        <ele>1715.11</ele>
      </trkpt>
      <trkpt lat="44.387885996" lon="6.779699005">
        <ele>1713.05</ele>
      </trkpt>
      <trkpt lat="44.387580998" lon="6.779787001">
        <ele>1714.89</ele>
      </trkpt>
      <trkpt lat="44.387564001" lon="6.779797">
        <ele>1716.56</ele>
      </trkpt>
      <trkpt lat="44.387538998" lon="6.779827">
        <ele>1719.71</ele>
      </trkpt>
      <trkpt lat="44.387527002" lon="6.779869004">
        <ele>1723.64</ele>
      </trkpt>
      <trkpt lat="44.387527001" lon="6.779911005">
        <ele>1727.19</ele>
      </trkpt>
      <trkpt lat="44.387538994" lon="6.779947008">
        <ele>1726.33</ele>
      </trkpt>
      <trkpt lat="44.387553006" lon="6.779966997">
        <ele>1724.85</ele>
      </trkpt>
      <trkpt lat="44.387573002" lon="6.779982006">
        <ele>1725.25</ele>
      </trkpt>
      <trkpt lat="44.387604994" lon="6.779986996">
        <ele>1725.22</ele>
      </trkpt>
      <trkpt lat="44.387792995" lon="6.779917992">
        <ele>1724.98</ele>
      </trkpt>
      <trkpt lat="44.387839996" lon="6.779914999">
        <ele>1724.72</ele>
      </trkpt>
      <trkpt lat="44.387871" lon="6.779926999">
        <ele>1727.92</ele>
      </trkpt>
      <trkpt lat="44.387895004" lon="6.779945996">
        <ele>1728.71</ele>
      </trkpt>
      <trkpt lat="44.387972006" lon="6.780049005">
        <ele>1729.63</ele>
      </trkpt>
      <trkpt lat="44.388013004" lon="6.780093004">
        <ele>1730.43</ele>
      </trkpt>
      <trkpt lat="44.388052002" lon="6.780120996">
        <ele>1730.8</ele>
      </trkpt>
      <trkpt lat="44.388093001" lon="6.780138993">
        <ele>1731.44</ele>
      </trkpt>
      <trkpt lat="44.388146003" lon="6.780146003">
        <ele>1731.25</ele>
      </trkpt>
      <trkpt lat="44.388198004" lon="6.780140994">
        <ele>1732.35</ele>
      </trkpt>
      <trkpt lat="44.388289999" lon="6.780140994">
        <ele>1731.96</ele>
      </trkpt>
      <trkpt lat="44.388493999" lon="6.780154008">
        <ele>1735.57</ele>
      </trkpt>
      <trkpt lat="44.388642998" lon="6.780176996">
        <ele>1735.43</ele>
      </trkpt>
      <trkpt lat="44.388773999" lon="6.780226004">
        <ele>1736.05</ele>
      </trkpt>
      <trkpt lat="44.388880999" lon="6.780289998">
        <ele>1736.83</ele>
      </trkpt>
      <trkpt lat="44.389256004" lon="6.780634004">
        <ele>1739.71</ele>
      </trkpt>
      <trkpt lat="44.389272004" lon="6.780668001">
        <ele>1739.59</ele>
      </trkpt>
      <trkpt lat="44.389278003" lon="6.780708997">
        <ele>1740.5</ele>
      </trkpt>
      <trkpt lat="44.389270001" lon="6.780751998">
        <ele>1742.35</ele>
      </trkpt>
      <trkpt lat="44.389245997" lon="6.780791994">
        <ele>1743.64</ele>
      </trkpt>
      <trkpt lat="44.389229002" lon="6.780804004">
        <ele>1745.23</ele>
      </trkpt>
      <trkpt lat="44.389209004" lon="6.780809002">
        <ele>1746.86</ele>
      </trkpt>
      <trkpt lat="44.389188004" lon="6.780808001">
        <ele>1748.32</ele>
      </trkpt>
      <trkpt lat="44.389169001" lon="6.780799002">
        <ele>1750.33</ele>
      </trkpt>
      <trkpt lat="44.389145997" lon="6.780775006">
        <ele>1749.39</ele>
      </trkpt>
      <trkpt lat="44.389074999" lon="6.780667003">
        <ele>1747.14</ele>
      </trkpt>
      <trkpt lat="44.389047999" lon="6.780634998">
        <ele>1744.92</ele>
      </trkpt>
      <trkpt lat="44.389001998" lon="6.780600994">
        <ele>1742.81</ele>
      </trkpt>
      <trkpt lat="44.388949997" lon="6.780583997">
        <ele>1740.36</ele>
      </trkpt>
      <trkpt lat="44.388680003" lon="6.780603998">
        <ele>1741.54</ele>
      </trkpt>
      <trkpt lat="44.38841" lon="6.780623999">
        <ele>1744.21</ele>
      </trkpt>
      <trkpt lat="44.388283002" lon="6.780623997">
        <ele>1745.13</ele>
      </trkpt>
      <trkpt lat="44.388217996" lon="6.780611999">
        <ele>1746.42</ele>
      </trkpt>
      <trkpt lat="44.388140997" lon="6.780612007">
        <ele>1749.44</ele>
      </trkpt>
      <trkpt lat="44.388044005" lon="6.780636003">
        <ele>1753.17</ele>
      </trkpt>
      <trkpt lat="44.387847002" lon="6.780732002">
        <ele>1758.14</ele>
      </trkpt>
      <trkpt lat="44.387751" lon="6.780765992">
        <ele>1763.04</ele>
      </trkpt>
      <trkpt lat="44.387653003" lon="6.780782002">
        <ele>1768.41</ele>
      </trkpt>
      <trkpt lat="44.387463" lon="6.780797005">
        <ele>1767.17</ele>
      </trkpt>
      <trkpt lat="44.387393999" lon="6.780810001">
        <ele>1765.09</ele>
      </trkpt>
      <trkpt lat="44.387335" lon="6.780828001">
        <ele>1764.46</ele>
      </trkpt>
      <trkpt lat="44.387287002" lon="6.780848999">
        <ele>1764.05</ele>
      </trkpt>
      <trkpt lat="44.387109003" lon="6.780991999">
        <ele>1763.8</ele>
      </trkpt>
      <trkpt lat="44.387037" lon="6.781009998">
        <ele>1768.98</ele>
      </trkpt>
      <trkpt lat="44.386965006" lon="6.780996">
        <ele>1774.14</ele>
      </trkpt>
      <trkpt lat="44.386901996" lon="6.780964995">
        <ele>1774.05</ele>
      </trkpt>
      <trkpt lat="44.386847" lon="6.780930002">
        <ele>1776.04</ele>
      </trkpt>
      <trkpt lat="44.386794997" lon="6.780880002">
        <ele>1777.38</ele>
      </trkpt>
      <trkpt lat="44.386743002" lon="6.780823996">
        <ele>1778.35</ele>
      </trkpt>
      <trkpt lat="44.386689002" lon="6.780760001">
        <ele>1776.74</ele>
      </trkpt>
      <trkpt lat="44.386628996" lon="6.780683">
        <ele>1775.96</ele>
      </trkpt>
      <trkpt lat="44.386566001" lon="6.780634">
        <ele>1774.91</ele>
      </trkpt>
      <trkpt lat="44.386505999" lon="6.780586005">
        <ele>1773.7</ele>
      </trkpt>
      <trkpt lat="44.386456996" lon="6.780561995">
        <ele>1772.34</ele>
      </trkpt>
      <trkpt lat="44.386406999" lon="6.780542003">
        <ele>1773.34</ele>
      </trkpt>
      <trkpt lat="44.386359001" lon="6.780531004">
        <ele>1774.23</ele>
      </trkpt>
      <trkpt lat="44.386302999" lon="6.780509001">
        <ele>1775.1</ele>
      </trkpt>
      <trkpt lat="44.386249997" lon="6.780492001">
        <ele>1775.98</ele>
      </trkpt>
      <trkpt lat="44.386202999" lon="6.780464995">
        <ele>1776.65</ele>
      </trkpt>
      <trkpt lat="44.386150003" lon="6.780435">
        <ele>1777.15</ele>
      </trkpt>
      <trkpt lat="44.386114001" lon="6.780404004">
        <ele>1779.38</ele>
      </trkpt>
      <trkpt lat="44.386075005" lon="6.780386996">
        <ele>1781.54</ele>
      </trkpt>
      <trkpt lat="44.386040004" lon="6.780367001">
        <ele>1781.37</ele>
      </trkpt>
      <trkpt lat="44.386005004" lon="6.780363003">
        <ele>1781.37</ele>
      </trkpt>
      <trkpt lat="44.385967005" lon="6.780370996">
        <ele>1781.57</ele>
      </trkpt>
      <trkpt lat="44.385926004" lon="6.780384003">
        <ele>1781.48</ele>
      </trkpt>
      <trkpt lat="44.385876001" lon="6.780398005">
        <ele>1781.71</ele>
      </trkpt>
      <trkpt lat="44.385869003" lon="6.780400001">
        <ele>1784.35</ele>
      </trkpt>
      <trkpt lat="44.385808998" lon="6.780419995">
        <ele>1787.09</ele>
      </trkpt>
      <trkpt lat="44.385757" lon="6.780430998">
        <ele>1787.01</ele>
      </trkpt>
      <trkpt lat="44.385705001" lon="6.780442001">
        <ele>1787.47</ele>
      </trkpt>
      <trkpt lat="44.385651" lon="6.780447002">
        <ele>1787.73</ele>
      </trkpt>
      <trkpt lat="44.385588002" lon="6.780449994">
        <ele>1787.8</ele>
      </trkpt>
      <trkpt lat="44.385532001" lon="6.780449997">
        <ele>1787.82</ele>
      </trkpt>
      <trkpt lat="44.385487996" lon="6.780449998">
        <ele>1788.8</ele>
      </trkpt>
      <trkpt lat="44.385429004" lon="6.780439999">
        <ele>1789.9</ele>
      </trkpt>
      <trkpt lat="44.385323996" lon="6.780423997">
        <ele>1791.12</ele>
      </trkpt>
      <trkpt lat="44.385231006" lon="6.780410998">
        <ele>1790.91</ele>
      </trkpt>
      <trkpt lat="44.385149004" lon="6.780405004">
        <ele>1790.32</ele>
      </trkpt>
      <trkpt lat="44.385086995" lon="6.780395997">
        <ele>1791.18</ele>
      </trkpt>
      <trkpt lat="44.385052" lon="6.780379006">
        <ele>1791.5</ele>
      </trkpt>
      <trkpt lat="44.385014997" lon="6.780357998">
        <ele>1791.33</ele>
      </trkpt>
      <trkpt lat="44.384979996" lon="6.780326994">
        <ele>1791.22</ele>
      </trkpt>
      <trkpt lat="44.384945004" lon="6.780280005">
        <ele>1790.11</ele>
      </trkpt>
      <trkpt lat="44.384882998" lon="6.780161">
        <ele>1788.94</ele>
      </trkpt>
      <trkpt lat="44.384803002" lon="6.780003004">
        <ele>1787.72</ele>
      </trkpt>
      <trkpt lat="44.384772" lon="6.779960002">
        <ele>1786.44</ele>
      </trkpt>
      <trkpt lat="44.384740998" lon="6.779927997">
        <ele>1786.24</ele>
      </trkpt>
      <trkpt lat="44.384715999" lon="6.779906999">
        <ele>1787.04</ele>
      </trkpt>
      <trkpt lat="44.384688006" lon="6.779895">
        <ele>1787.85</ele>
      </trkpt>
      <trkpt lat="44.384654004" lon="6.779890001">
        <ele>1788.78</ele>
      </trkpt>
      <trkpt lat="44.384628999" lon="6.779892">
        <ele>1788.43</ele>
      </trkpt>
      <trkpt lat="44.384586998" lon="6.779900002">
        <ele>1788.05</ele>
      </trkpt>
      <trkpt lat="44.384550997" lon="6.779917">
        <ele>1788.39</ele>
      </trkpt>
      <trkpt lat="44.384536998" lon="6.779919999">
        <ele>1789.53</ele>
      </trkpt>
      <trkpt lat="44.384424996" lon="6.779988999">
        <ele>1788.3</ele>
      </trkpt>
      <trkpt lat="44.384307996" lon="6.780070998">
        <ele>1790.32</ele>
      </trkpt>
      <trkpt lat="44.384223005" lon="6.780125">
        <ele>1792.78</ele>
      </trkpt>
      <trkpt lat="44.383989997" lon="6.780245997">
        <ele>1794.61</ele>
      </trkpt>
      <trkpt lat="44.383888002" lon="6.780328005">
        <ele>1794.43</ele>
      </trkpt>
      <trkpt lat="44.383828002" lon="6.780387999">
        <ele>1796.59</ele>
      </trkpt>
      <trkpt lat="44.383738" lon="6.780494999">
        <ele>1796.85</ele>
      </trkpt>
      <trkpt lat="44.383691002" lon="6.780527008">
        <ele>1796.81</ele>
      </trkpt>
      <trkpt lat="44.383653996" lon="6.780535997">
        <ele>1796.63</ele>
      </trkpt>
      <trkpt lat="44.383609005" lon="6.780528994">
        <ele>1797.85</ele>
      </trkpt>
      <trkpt lat="44.383576003" lon="6.780513004">
        <ele>1797.48</ele>
      </trkpt>
      <trkpt lat="44.383508" lon="6.780465997">
        <ele>1797.17</ele>
      </trkpt>
      <trkpt lat="44.383438998" lon="6.780436002">
        <ele>1797.02</ele>
      </trkpt>
      <trkpt lat="44.383389003" lon="6.780426995">
        <ele>1797.08</ele>
      </trkpt>
      <trkpt lat="44.383306996" lon="6.780429005">
        <ele>1795.53</ele>
      </trkpt>
      <trkpt lat="44.383225" lon="6.780442">
        <ele>1795.7</ele>
      </trkpt>
      <trkpt lat="44.383145004" lon="6.780471">
        <ele>1796.68</ele>
      </trkpt>
      <trkpt lat="44.382995997" lon="6.780555005">
        <ele>1797.56</ele>
      </trkpt>
      <trkpt lat="44.382909003" lon="6.780596996">
        <ele>1798.28</ele>
      </trkpt>
      <trkpt lat="44.382861001" lon="6.780604998">
        <ele>1800.34</ele>
      </trkpt>
      <trkpt lat="44.382811002" lon="6.780593992">
        <ele>1801.93</ele>
      </trkpt>
      <trkpt lat="44.382765004" lon="6.780562003">
        <ele>1802.35</ele>
      </trkpt>
      <trkpt lat="44.382729001" lon="6.780514006">
        <ele>1802.35</ele>
      </trkpt>
      <trkpt lat="44.382708" lon="6.780480005">
        <ele>1802.21</ele>
      </trkpt>
      <trkpt lat="44.382624004" lon="6.780344003">
        <ele>1802.19</ele>
      </trkpt>
      <trkpt lat="44.382606004" lon="6.780320998">
        <ele>1802.55</ele>
      </trkpt>
      <trkpt lat="44.382568998" lon="6.780293003">
        <ele>1803.11</ele>
      </trkpt>
      <trkpt lat="44.382520002" lon="6.780278005">
        <ele>1804.11</ele>
      </trkpt>
      <trkpt lat="44.382257004" lon="6.780299001">
        <ele>1805.52</ele>
      </trkpt>
      <trkpt lat="44.381993998" lon="6.780321002">
        <ele>1806.7</ele>
      </trkpt>
      <trkpt lat="44.381905005" lon="6.780348006">
        <ele>1808.07</ele>
      </trkpt>
      <trkpt lat="44.381708002" lon="6.780443995">
        <ele>1809.6</ele>
      </trkpt>
      <trkpt lat="44.381617999" lon="6.780465">
        <ele>1810.38</ele>
      </trkpt>
      <trkpt lat="44.381565998" lon="6.780464001">
        <ele>1810.9</ele>
      </trkpt>
      <trkpt lat="44.381501998" lon="6.780449999">
        <ele>1811.56</ele>
      </trkpt>
      <trkpt lat="44.381443001" lon="6.780421">
        <ele>1811.99</ele>
      </trkpt>
      <trkpt lat="44.381410999" lon="6.780398995">
        <ele>1812.09</ele>
      </trkpt>
      <trkpt lat="44.381354" lon="6.780379002">
        <ele>1812.9</ele>
      </trkpt>
      <trkpt lat="44.381203" lon="6.780365998">
        <ele>1813.73</ele>
      </trkpt>
      <trkpt lat="44.381148" lon="6.780377001">
        <ele>1815.06</ele>
      </trkpt>
      <trkpt lat="44.381102001" lon="6.780396999">
        <ele>1815.31</ele>
      </trkpt>
      <trkpt lat="44.380999001" lon="6.780482002">
        <ele>1815.93</ele>
      </trkpt>
      <trkpt lat="44.380913999" lon="6.780523999">
        <ele>1815.43</ele>
      </trkpt>
      <trkpt lat="44.380840003" lon="6.780541008">
        <ele>1814.73</ele>
      </trkpt>
      <trkpt lat="44.380683997" lon="6.780542008">
        <ele>1813.46</ele>
      </trkpt>
      <trkpt lat="44.380663004" lon="6.780550005">
        <ele>1813.04</ele>
      </trkpt>
      <trkpt lat="44.380632995" lon="6.780577002">
        <ele>1814.4</ele>
      </trkpt>
      <trkpt lat="44.380618001" lon="6.780605003">
        <ele>1816.48</ele>
      </trkpt>
      <trkpt lat="44.380608001" lon="6.78065">
        <ele>1818.37</ele>
      </trkpt>
      <trkpt lat="44.380609998" lon="6.780696">
        <ele>1820.02</ele>
      </trkpt>
      <trkpt lat="44.380618994" lon="6.780724007">
        <ele>1821.43</ele>
      </trkpt>
      <trkpt lat="44.380632999" lon="6.780751005">
        <ele>1820.51</ele>
      </trkpt>
      <trkpt lat="44.380653002" lon="6.780769997">
        <ele>1822.55</ele>
      </trkpt>
      <trkpt lat="44.380675994" lon="6.780782001">
        <ele>1824.03</ele>
      </trkpt>
      <trkpt lat="44.380709996" lon="6.780781998">
        <ele>1824.04</ele>
      </trkpt>
      <trkpt lat="44.380783001" lon="6.780764998">
        <ele>1825.85</ele>
      </trkpt>
      <trkpt lat="44.380952994" lon="6.780764997">
        <ele>1827.07</ele>
      </trkpt>
      <trkpt lat="44.381049999" lon="6.780812997">
        <ele>1824.71</ele>
      </trkpt>
      <trkpt lat="44.381144001" lon="6.780876001">
        <ele>1825.19</ele>
      </trkpt>
      <trkpt lat="44.381230001" lon="6.780954996">
        <ele>1827.16</ele>
      </trkpt>
      <trkpt lat="44.381440997" lon="6.781210995">
        <ele>1827.37</ele>
      </trkpt>
      <trkpt lat="44.381477001" lon="6.781244">
        <ele>1829.23</ele>
      </trkpt>
      <trkpt lat="44.381518001" lon="6.781268001">
        <ele>1830.61</ele>
      </trkpt>
      <trkpt lat="44.381569" lon="6.781284001">
        <ele>1829.75</ele>
      </trkpt>
      <trkpt lat="44.381772995" lon="6.781289">
        <ele>1830.09</ele>
      </trkpt>
      <trkpt lat="44.381790002" lon="6.781294999">
        <ele>1830.55</ele>
      </trkpt>
      <trkpt lat="44.381813005" lon="6.781314004">
        <ele>1830.16</ele>
      </trkpt>
      <trkpt lat="44.381832998" lon="6.781342998">
        <ele>1830.99</ele>
      </trkpt>
      <trkpt lat="44.381844006" lon="6.781378002">
        <ele>1832.05</ele>
      </trkpt>
      <trkpt lat="44.381847004" lon="6.781419006">
        <ele>1834.99</ele>
      </trkpt>
      <trkpt lat="44.381831002" lon="6.781475">
        <ele>1835.43</ele>
      </trkpt>
      <trkpt lat="44.381819995" lon="6.781493994">
        <ele>1837.67</ele>
      </trkpt>
      <trkpt lat="44.381796995" lon="6.781515001">
        <ele>1841.67</ele>
      </trkpt>
      <trkpt lat="44.381695995" lon="6.781551002">
        <ele>1842.68</ele>
      </trkpt>
      <trkpt lat="44.381591999" lon="6.781569008">
        <ele>1842.24</ele>
      </trkpt>
      <trkpt lat="44.381522002" lon="6.781573994">
        <ele>1845.21</ele>
      </trkpt>
      <trkpt lat="44.381434004" lon="6.781566002">
        <ele>1844.73</ele>
      </trkpt>
      <trkpt lat="44.381382999" lon="6.781557001">
        <ele>1843.91</ele>
      </trkpt>
      <trkpt lat="44.381223002" lon="6.781510005">
        <ele>1844.28</ele>
      </trkpt>
      <trkpt lat="44.381120995" lon="6.781499004">
        <ele>1844.94</ele>
      </trkpt>
      <trkpt lat="44.380967001" lon="6.781501002">
        <ele>1845.85</ele>
      </trkpt>
      <trkpt lat="44.380811996" lon="6.781528995">
        <ele>1846.21</ele>
      </trkpt>
      <trkpt lat="44.380710996" lon="6.781560007">
        <ele>1847.34</ele>
      </trkpt>
      <trkpt lat="44.380611996" lon="6.781601004">
        <ele>1850.72</ele>
      </trkpt>
      <trkpt lat="44.380424999" lon="6.781699">
        <ele>1851.34</ele>
      </trkpt>
      <trkpt lat="44.380158997" lon="6.781825996">
        <ele>1853.9</ele>
      </trkpt>
      <trkpt lat="44.379932003" lon="6.781890996">
        <ele>1859.42</ele>
      </trkpt>
      <trkpt lat="44.379704001" lon="6.781956996">
        <ele>1861.4</ele>
      </trkpt>
      <trkpt lat="44.379635998" lon="6.781969001">
        <ele>1863.48</ele>
      </trkpt>
      <trkpt lat="44.379568006" lon="6.781971003">
        <ele>1866.97</ele>
      </trkpt>
      <trkpt lat="44.379258004" lon="6.781928998">
        <ele>1866.52</ele>
      </trkpt>
      <trkpt lat="44.379015" lon="6.781905004">
        <ele>1868.59</ele>
      </trkpt>
      <trkpt lat="44.378806999" lon="6.781896996">
        <ele>1867.7</ele>
      </trkpt>
      <trkpt lat="44.378521" lon="6.781901003">
        <ele>1867.18</ele>
      </trkpt>
      <trkpt lat="44.378446001" lon="6.781884003">
        <ele>1867.47</ele>
      </trkpt>
      <trkpt lat="44.378365004" lon="6.781847993">
        <ele>1869.25</ele>
      </trkpt>
      <trkpt lat="44.378271997" lon="6.781813995">
        <ele>1868.84</ele>
      </trkpt>
      <trkpt lat="44.378098002" lon="6.781776004">
        <ele>1873.22</ele>
      </trkpt>
      <trkpt lat="44.378003" lon="6.781728994">
        <ele>1875.9</ele>
      </trkpt>
      <trkpt lat="44.377948003" lon="6.781687999">
        <ele>1877.45</ele>
      </trkpt>
      <trkpt lat="44.377908006" lon="6.781648999">
        <ele>1878.5</ele>
      </trkpt>
      <trkpt lat="44.377888998" lon="6.781627008">
        <ele>1878.14</ele>
      </trkpt>
      <trkpt lat="44.377672002" lon="6.781305999">
        <ele>1877.69</ele>
      </trkpt>
      <trkpt lat="44.377615003" lon="6.781243007">
        <ele>1878.43</ele>
      </trkpt>
      <trkpt lat="44.377562" lon="6.781203001">
        <ele>1879.5</ele>
      </trkpt>
      <trkpt lat="44.377503998" lon="6.781176005">
        <ele>1881.79</ele>
      </trkpt>
      <trkpt lat="44.377457996" lon="6.781161999">
        <ele>1882.35</ele>
      </trkpt>
      <trkpt lat="44.377146999" lon="6.781129006">
        <ele>1883.27</ele>
      </trkpt>
      <trkpt lat="44.377064998" lon="6.781134006">
        <ele>1884.5</ele>
      </trkpt>
      <trkpt lat="44.376967001" lon="6.781155001">
        <ele>1882.49</ele>
      </trkpt>
      <trkpt lat="44.376855002" lon="6.781198998">
        <ele>1879.46</ele>
      </trkpt>
      <trkpt lat="44.376766" lon="6.781252999">
        <ele>1878.97</ele>
      </trkpt>
      <trkpt lat="44.376685001" lon="6.781328997">
        <ele>1878.94</ele>
      </trkpt>
      <trkpt lat="44.376541003" lon="6.781477005">
        <ele>1879.21</ele>
      </trkpt>
      <trkpt lat="44.376386994" lon="6.781653005">
        <ele>1882.57</ele>
      </trkpt>
      <trkpt lat="44.376126003" lon="6.782022996">
        <ele>1886.32</ele>
      </trkpt>
      <trkpt lat="44.376080998" lon="6.782061001">
        <ele>1888.16</ele>
      </trkpt>
      <trkpt lat="44.375985994" lon="6.782120995">
        <ele>1888.42</ele>
      </trkpt>
      <trkpt lat="44.375898" lon="6.782157999">
        <ele>1886.97</ele>
      </trkpt>
      <trkpt lat="44.375645002" lon="6.782214997">
        <ele>1888.35</ele>
      </trkpt>
      <trkpt lat="44.375383999" lon="6.782292004">
        <ele>1890.42</ele>
      </trkpt>
      <trkpt lat="44.375320996" lon="6.782319004">
        <ele>1895.57</ele>
      </trkpt>
      <trkpt lat="44.375236" lon="6.782375997">
        <ele>1897.52</ele>
      </trkpt>
      <trkpt lat="44.375150002" lon="6.782465001">
        <ele>1901.5</ele>
      </trkpt>
      <trkpt lat="44.375104" lon="6.782499998">
        <ele>1903.57</ele>
      </trkpt>
      <trkpt lat="44.375043" lon="6.782534005">
        <ele>1905.76</ele>
      </trkpt>
      <trkpt lat="44.374990996" lon="6.782547001">
        <ele>1904.5</ele>
      </trkpt>
      <trkpt lat="44.374926999" lon="6.782550992">
        <ele>1910.33</ele>
      </trkpt>
      <trkpt lat="44.374753" lon="6.782531999">
        <ele>1910.8</ele>
      </trkpt>
      <trkpt lat="44.374604005" lon="6.782527003">
        <ele>1912.38</ele>
      </trkpt>
      <trkpt lat="44.374505005" lon="6.782529998">
        <ele>1914.8</ele>
      </trkpt>
      <trkpt lat="44.374155999" lon="6.782542003">
        <ele>1916.28</ele>
      </trkpt>
      <trkpt lat="44.373807003" lon="6.782553996">
        <ele>1916.33</ele>
      </trkpt>
      <trkpt lat="44.373711002" lon="6.782550997">
        <ele>1922.26</ele>
      </trkpt>
      <trkpt lat="44.373599999" lon="6.782527998">
        <ele>1923.59</ele>
      </trkpt>
      <trkpt lat="44.373493998" lon="6.782482993">
        <ele>1924.04</ele>
      </trkpt>
      <trkpt lat="44.373392005" lon="6.782420993">
        <ele>1925.31</ele>
      </trkpt>
      <trkpt lat="44.373300003" lon="6.782341003">
        <ele>1924.63</ele>
      </trkpt>
      <trkpt lat="44.372996998" lon="6.781980998">
        <ele>1921.28</ele>
      </trkpt>
      <trkpt lat="44.372961997" lon="6.78195">
        <ele>1918.64</ele>
      </trkpt>
      <trkpt lat="44.372909999" lon="6.781917992">
        <ele>1915.08</ele>
      </trkpt>
      <trkpt lat="44.372851006" lon="6.781895994">
        <ele>1915.31</ele>
      </trkpt>
      <trkpt lat="44.372792002" lon="6.781888998">
        <ele>1915.84</ele>
      </trkpt>
      <trkpt lat="44.372576994" lon="6.781916005">
        <ele>1917.66</ele>
      </trkpt>
      <trkpt lat="44.372516001" lon="6.781931994">
        <ele>1920</ele>
      </trkpt>
      <trkpt lat="44.372437001" lon="6.781963993">
        <ele>1922.3</ele>
      </trkpt>
      <trkpt lat="44.372360002" lon="6.782007006">
        <ele>1923.43</ele>
      </trkpt>
      <trkpt lat="44.372296997" lon="6.782053995">
        <ele>1924.8</ele>
      </trkpt>
      <trkpt lat="44.372204002" lon="6.782108001">
        <ele>1925.59</ele>
      </trkpt>
      <trkpt lat="44.372102003" lon="6.782144995">
        <ele>1926.57</ele>
      </trkpt>
      <trkpt lat="44.371852998" lon="6.782180999">
        <ele>1927.48</ele>
      </trkpt>
      <trkpt lat="44.371732004" lon="6.782191998">
        <ele>1928.11</ele>
      </trkpt>
      <trkpt lat="44.371652002" lon="6.782212005">
        <ele>1926.91</ele>
      </trkpt>
      <trkpt lat="44.371572998" lon="6.782242006">
        <ele>1927.37</ele>
      </trkpt>
      <trkpt lat="44.371459003" lon="6.782304997">
        <ele>1927.13</ele>
      </trkpt>
      <trkpt lat="44.371167003" lon="6.782508996">
        <ele>1930.98</ele>
      </trkpt>
      <trkpt lat="44.370905001" lon="6.782684995">
        <ele>1934.45</ele>
      </trkpt>
      <trkpt lat="44.370815001" lon="6.782794995">
        <ele>1939.54</ele>
      </trkpt>
      <trkpt lat="44.370699998" lon="6.782952008">
        <ele>1943.07</ele>
      </trkpt>
      <trkpt lat="44.370541002" lon="6.783204003">
        <ele>1943.84</ele>
      </trkpt>
      <trkpt lat="44.370468002" lon="6.783338004">
        <ele>1943.79</ele>
      </trkpt>
      <trkpt lat="44.370398" lon="6.783475999">
        <ele>1943.62</ele>
      </trkpt>
      <trkpt lat="44.370239002" lon="6.783836995">
        <ele>1943.32</ele>
      </trkpt>
      <trkpt lat="44.370162" lon="6.783976996">
        <ele>1943.43</ele>
      </trkpt>
      <trkpt lat="44.370104002" lon="6.784061002">
        <ele>1948.85</ele>
      </trkpt>
      <trkpt lat="44.370040995" lon="6.784139999">
        <ele>1951.27</ele>
      </trkpt>
      <trkpt lat="44.369902998" lon="6.784278999">
        <ele>1952.93</ele>
      </trkpt>
      <trkpt lat="44.369633995" lon="6.784540001">
        <ele>1956.94</ele>
      </trkpt>
      <trkpt lat="44.369364003" lon="6.784802003">
        <ele>1957.79</ele>
      </trkpt>
      <trkpt lat="44.369330002" lon="6.784857999">
        <ele>1957.72</ele>
      </trkpt>
      <trkpt lat="44.369300997" lon="6.784921">
        <ele>1957</ele>
      </trkpt>
      <trkpt lat="44.369281006" lon="6.784991">
        <ele>1957.32</ele>
      </trkpt>
      <trkpt lat="44.369261996" lon="6.785088001">
        <ele>1955.24</ele>
      </trkpt>
      <trkpt lat="44.369233997" lon="6.785166007">
        <ele>1958.45</ele>
      </trkpt>
      <trkpt lat="44.369192999" lon="6.785236009">
        <ele>1962</ele>
      </trkpt>
      <trkpt lat="44.369132003" lon="6.785299999">
        <ele>1965.06</ele>
      </trkpt>
      <trkpt lat="44.369075003" lon="6.785334003">
        <ele>1968.35</ele>
      </trkpt>
      <trkpt lat="44.368837" lon="6.785386003">
        <ele>1969.73</ele>
      </trkpt>
      <trkpt lat="44.368769004" lon="6.785413002">
        <ele>1968.74</ele>
      </trkpt>
      <trkpt lat="44.368693001" lon="6.785454001">
        <ele>1969.31</ele>
      </trkpt>
      <trkpt lat="44.368620999" lon="6.785505998">
        <ele>1971.19</ele>
      </trkpt>
      <trkpt lat="44.368350001" lon="6.785772006">
        <ele>1973.4</ele>
      </trkpt>
      <trkpt lat="44.368281" lon="6.785845999">
        <ele>1974.23</ele>
      </trkpt>
      <trkpt lat="44.368225997" lon="6.785889006">
        <ele>1975.77</ele>
      </trkpt>
      <trkpt lat="44.368168001" lon="6.785925002">
        <ele>1976.9</ele>
      </trkpt>
      <trkpt lat="44.368084996" lon="6.785960997">
        <ele>1978.56</ele>
      </trkpt>
      <trkpt lat="44.367953001" lon="6.785996001">
        <ele>1977.82</ele>
      </trkpt>
      <trkpt lat="44.367761997" lon="6.786081997">
        <ele>1980.98</ele>
      </trkpt>
      <trkpt lat="44.367598998" lon="6.786177001">
        <ele>1982.29</ele>
      </trkpt>
      <trkpt lat="44.367419" lon="6.786308997">
        <ele>1982.7</ele>
      </trkpt>
      <trkpt lat="44.367297997" lon="6.786375993">
        <ele>1981.01</ele>
      </trkpt>
      <trkpt lat="44.367171001" lon="6.786421003">
        <ele>1981.84</ele>
      </trkpt>
      <trkpt lat="44.367055" lon="6.786443997">
        <ele>1980.57</ele>
      </trkpt>
      <trkpt lat="44.366824002" lon="6.786481007">
        <ele>1982.8</ele>
      </trkpt>
      <trkpt lat="44.366763997" lon="6.786496001">
        <ele>1985.22</ele>
      </trkpt>
      <trkpt lat="44.366645998" lon="6.786543007">
        <ele>1985.54</ele>
      </trkpt>
      <trkpt lat="44.366544001" lon="6.786603998">
        <ele>1985.09</ele>
      </trkpt>
      <trkpt lat="44.366525006" lon="6.786621999">
        <ele>1985.86</ele>
      </trkpt>
      <trkpt lat="44.366509995" lon="6.786645995">
        <ele>1983.98</ele>
      </trkpt>
      <trkpt lat="44.366499002" lon="6.786674996">
        <ele>1981.2</ele>
      </trkpt>
      <trkpt lat="44.366494002" lon="6.786708997">
        <ele>1981.13</ele>
      </trkpt>
      <trkpt lat="44.366496002" lon="6.786741995">
        <ele>1980.75</ele>
      </trkpt>
      <trkpt lat="44.366502995" lon="6.786770001">
        <ele>1983.01</ele>
      </trkpt>
      <trkpt lat="44.366525001" lon="6.786808007">
        <ele>1984.97</ele>
      </trkpt>
      <trkpt lat="44.366556002" lon="6.786829993">
        <ele>1986.15</ele>
      </trkpt>
      <trkpt lat="44.366592002" lon="6.786833997">
        <ele>1986.93</ele>
      </trkpt>
      <trkpt lat="44.366701001" lon="6.786777997">
        <ele>1990.5</ele>
      </trkpt>
      <trkpt lat="44.366763006" lon="6.786746002">
        <ele>1990.87</ele>
      </trkpt>
      <trkpt lat="44.366820996" lon="6.786727997">
        <ele>1989.89</ele>
      </trkpt>
      <trkpt lat="44.366873002" lon="6.786727004">
        <ele>1992.01</ele>
      </trkpt>
      <trkpt lat="44.367038998" lon="6.786774002">
        <ele>1993.66</ele>
      </trkpt>
      <trkpt lat="44.367131002" lon="6.786819003">
        <ele>1992.19</ele>
      </trkpt>
      <trkpt lat="44.367216997" lon="6.786882007">
        <ele>1990.7</ele>
      </trkpt>
      <trkpt lat="44.367270996" lon="6.786902995">
        <ele>1990.46</ele>
      </trkpt>
      <trkpt lat="44.367320005" lon="6.786910005">
        <ele>1990.77</ele>
      </trkpt>
      <trkpt lat="44.367358998" lon="6.786908996">
        <ele>1989.87</ele>
      </trkpt>
      <trkpt lat="44.367406998" lon="6.786899003">
        <ele>1993.03</ele>
      </trkpt>
      <trkpt lat="44.367591001" lon="6.786790997">
        <ele>1995.94</ele>
      </trkpt>
      <trkpt lat="44.367654004" lon="6.786769005">
        <ele>1998.45</ele>
      </trkpt>
      <trkpt lat="44.367716996" lon="6.786762">
        <ele>2000.05</ele>
      </trkpt>
      <trkpt lat="44.368111001" lon="6.786802006">
        <ele>2004.2</ele>
      </trkpt>
      <trkpt lat="44.368262003" lon="6.786811003">
        <ele>2002.54</ele>
      </trkpt>
      <trkpt lat="44.368522998" lon="6.786809997">
        <ele>2001.46</ele>
      </trkpt>
      <trkpt lat="44.368730997" lon="6.786795005">
        <ele>2004.41</ele>
      </trkpt>
      <trkpt lat="44.368747998" lon="6.786798002">
        <ele>2005.17</ele>
      </trkpt>
      <trkpt lat="44.368773" lon="6.786815995">
        <ele>2005.47</ele>
      </trkpt>
      <trkpt lat="44.368795005" lon="6.786859002">
        <ele>2010.89</ele>
      </trkpt>
      <trkpt lat="44.368800003" lon="6.786895997">
        <ele>2016.55</ele>
      </trkpt>
      <trkpt lat="44.368794995" lon="6.786931003">
        <ele>2019.13</ele>
      </trkpt>
      <trkpt lat="44.36878" lon="6.786965002">
        <ele>2019.61</ele>
      </trkpt>
      <trkpt lat="44.368756001" lon="6.786987003">
        <ele>2020.84</ele>
      </trkpt>
      <trkpt lat="44.368731" lon="6.786997001">
        <ele>2019.67</ele>
      </trkpt>
      <trkpt lat="44.368629997" lon="6.787009993">
        <ele>2018.95</ele>
      </trkpt>
      <trkpt lat="44.368567994" lon="6.787016008">
        <ele>2017.4</ele>
      </trkpt>
      <trkpt lat="44.368488001" lon="6.787035996">
        <ele>2017.65</ele>
      </trkpt>
      <trkpt lat="44.368256995" lon="6.787129991">
        <ele>2017.56</ele>
      </trkpt>
      <trkpt lat="44.368025999" lon="6.787223999">
        <ele>2014.99</ele>
      </trkpt>
      <trkpt lat="44.367967995" lon="6.787255999">
        <ele>2016.45</ele>
      </trkpt>
      <trkpt lat="44.367909995" lon="6.787296001">
        <ele>2016.97</ele>
      </trkpt>
      <trkpt lat="44.367723" lon="6.787460002">
        <ele>2018.7</ele>
      </trkpt>
      <trkpt lat="44.367518004" lon="6.787559994">
        <ele>2020.61</ele>
      </trkpt>
      <trkpt lat="44.367460999" lon="6.787579999">
        <ele>2021.13</ele>
      </trkpt>
      <trkpt lat="44.367412996" lon="6.787609991">
        <ele>2021.44</ele>
      </trkpt>
      <trkpt lat="44.367355998" lon="6.787661995">
        <ele>2021.25</ele>
      </trkpt>
      <trkpt lat="44.367112" lon="6.787959996">
        <ele>2023.59</ele>
      </trkpt>
      <trkpt lat="44.367007004" lon="6.788117998">
        <ele>2025.88</ele>
      </trkpt>
      <trkpt lat="44.36693" lon="6.788255009">
        <ele>2032.26</ele>
      </trkpt>
      <trkpt lat="44.366891" lon="6.788301997">
        <ele>2031.4</ele>
      </trkpt>
      <trkpt lat="44.366833995" lon="6.788355997">
        <ele>2033.48</ele>
      </trkpt>
      <trkpt lat="44.366774" lon="6.788398993">
        <ele>2033.94</ele>
      </trkpt>
      <trkpt lat="44.366708998" lon="6.788427997">
        <ele>2030.78</ele>
      </trkpt>
      <trkpt lat="44.36659" lon="6.788454002">
        <ele>2027.85</ele>
      </trkpt>
      <trkpt lat="44.366515996" lon="6.788483999">
        <ele>2028.69</ele>
      </trkpt>
      <trkpt lat="44.366456" lon="6.788521001">
        <ele>2031.32</ele>
      </trkpt>
      <trkpt lat="44.366400002" lon="6.788568008">
        <ele>2033.38</ele>
      </trkpt>
      <trkpt lat="44.366247002" lon="6.788660996">
        <ele>2039.55</ele>
      </trkpt>
      <trkpt lat="44.366155002" lon="6.788690994">
        <ele>2045.58</ele>
      </trkpt>
      <trkpt lat="44.366059996" lon="6.788696004">
        <ele>2050.26</ele>
      </trkpt>
      <trkpt lat="44.365978001" lon="6.788681998">
        <ele>2053.22</ele>
      </trkpt>
      <trkpt lat="44.365875996" lon="6.788644001">
        <ele>2056</ele>
      </trkpt>
      <trkpt lat="44.365785006" lon="6.788624004">
        <ele>2057.53</ele>
      </trkpt>
      <trkpt lat="44.365706994" lon="6.788616005">
        <ele>2059.75</ele>
      </trkpt>
      <trkpt lat="44.365566002" lon="6.788616003">
        <ele>2059.42</ele>
      </trkpt>
      <trkpt lat="44.365431001" lon="6.788597996">
        <ele>2059.94</ele>
      </trkpt>
      <trkpt lat="44.365316003" lon="6.788566995">
        <ele>2058.76</ele>
      </trkpt>
      <trkpt lat="44.365191005" lon="6.788521003">
        <ele>2058.64</ele>
      </trkpt>
      <trkpt lat="44.365099999" lon="6.788469008">
        <ele>2057.58</ele>
      </trkpt>
      <trkpt lat="44.365029" lon="6.788404997">
        <ele>2060.13</ele>
      </trkpt>
      <trkpt lat="44.364974996" lon="6.788340994">
        <ele>2058.67</ele>
      </trkpt>
      <trkpt lat="44.364896006" lon="6.788223008">
        <ele>2058.48</ele>
      </trkpt>
      <trkpt lat="44.364834" lon="6.788142">
        <ele>2058</ele>
      </trkpt>
      <trkpt lat="44.364763002" lon="6.788056998">
        <ele>2057.54</ele>
      </trkpt>
      <trkpt lat="44.364679006" lon="6.787987006">
        <ele>2055.89</ele>
      </trkpt>
      <trkpt lat="44.364597002" lon="6.787951003">
        <ele>2056.99</ele>
      </trkpt>
      <trkpt lat="44.364531005" lon="6.787943999">
        <ele>2059.19</ele>
      </trkpt>
      <trkpt lat="44.364474999" lon="6.787951997">
        <ele>2058.7</ele>
      </trkpt>
      <trkpt lat="44.364073003" lon="6.788093004">
        <ele>2059.52</ele>
      </trkpt>
      <trkpt lat="44.364009002" lon="6.788093997">
        <ele>2058.95</ele>
      </trkpt>
      <trkpt lat="44.363833997" lon="6.788053994">
        <ele>2058.17</ele>
      </trkpt>
      <trkpt lat="44.363722005" lon="6.788053999">
        <ele>2056.27</ele>
      </trkpt>
      <trkpt lat="44.363425" lon="6.788161994">
        <ele>2056.89</ele>
      </trkpt>
      <trkpt lat="44.363378998" lon="6.788169996">
        <ele>2056.05</ele>
      </trkpt>
      <trkpt lat="44.363338996" lon="6.788165999">
        <ele>2057.15</ele>
      </trkpt>
      <trkpt lat="44.363287997" lon="6.788149006">
        <ele>2057.95</ele>
      </trkpt>
      <trkpt lat="44.363066004" lon="6.788018992">
        <ele>2059.03</ele>
      </trkpt>
      <trkpt lat="44.362842999" lon="6.787887993">
        <ele>2058.94</ele>
      </trkpt>
      <trkpt lat="44.362722997" lon="6.787822001">
        <ele>2057.63</ele>
      </trkpt>
      <trkpt lat="44.362378002" lon="6.787705">
        <ele>2056.92</ele>
      </trkpt>
      <trkpt lat="44.362032998" lon="6.787588">
        <ele>2056.7</ele>
      </trkpt>
      <trkpt lat="44.361926003" lon="6.787540002">
        <ele>2055.49</ele>
      </trkpt>
      <trkpt lat="44.361821004" lon="6.787473006">
        <ele>2056.11</ele>
      </trkpt>
      <trkpt lat="44.361712001" lon="6.787376007">
        <ele>2057.3</ele>
      </trkpt>
      <trkpt lat="44.361391004" lon="6.787045998">
        <ele>2058.83</ele>
      </trkpt>
      <trkpt lat="44.361309997" lon="6.786929996">
        <ele>2061.43</ele>
      </trkpt>
      <trkpt lat="44.361251996" lon="6.786817996">
        <ele>2063.62</ele>
      </trkpt>
      <trkpt lat="44.361197998" lon="6.786669006">
        <ele>2065.68</ele>
      </trkpt>
      <trkpt lat="44.361169004" lon="6.786538999">
        <ele>2067.87</ele>
      </trkpt>
      <trkpt lat="44.361134002" lon="6.786284002">
        <ele>2068.65</ele>
      </trkpt>
      <trkpt lat="44.361124994" lon="6.786253">
        <ele>2067.51</ele>
      </trkpt>
      <trkpt lat="44.361087001" lon="6.786158996">
        <ele>2068.69</ele>
      </trkpt>
      <trkpt lat="44.361039996" lon="6.786087994">
        <ele>2069.43</ele>
      </trkpt>
      <trkpt lat="44.360877995" lon="6.785931002">
        <ele>2070.32</ele>
      </trkpt>
      <trkpt lat="44.360624999" lon="6.785674003">
        <ele>2072.03</ele>
      </trkpt>
      <trkpt lat="44.360554997" lon="6.785625996">
        <ele>2074.36</ele>
      </trkpt>
      <trkpt lat="44.360481996" lon="6.785589999">
        <ele>2075.19</ele>
      </trkpt>
      <trkpt lat="44.360420001" lon="6.785566998">
        <ele>2075.75</ele>
      </trkpt>
      <trkpt lat="44.360336003" lon="6.785546005">
        <ele>2076.37</ele>
      </trkpt>
      <trkpt lat="44.360310994" lon="6.785528994">
        <ele>2076.71</ele>
      </trkpt>
      <trkpt lat="44.360289" lon="6.785503996">
        <ele>2076.06</ele>
      </trkpt>
      <trkpt lat="44.360285004" lon="6.785496003">
        <ele>2074.73</ele>
      </trkpt>
      <trkpt lat="44.360207998" lon="6.785071008">
        <ele>2073.87</ele>
      </trkpt>
      <trkpt lat="44.360154999" lon="6.784816999">
        <ele>2072.96</ele>
      </trkpt>
      <trkpt lat="44.360126" lon="6.784701993">
        <ele>2071.97</ele>
      </trkpt>
      <trkpt lat="44.360090001" lon="6.784599998">
        <ele>2072.64</ele>
      </trkpt>
      <trkpt lat="44.360048001" lon="6.784504009">
        <ele>2074.46</ele>
      </trkpt>
      <trkpt lat="44.359978001" lon="6.784379994">
        <ele>2075.8</ele>
      </trkpt>
      <trkpt lat="44.359780005" lon="6.784113995">
        <ele>2077.19</ele>
      </trkpt>
      <trkpt lat="44.359588002" lon="6.783874992">
        <ele>2079.95</ele>
      </trkpt>
      <trkpt lat="44.359395999" lon="6.783636994">
        <ele>2082.89</ele>
      </trkpt>
      <trkpt lat="44.359194998" lon="6.783385999">
        <ele>2085.28</ele>
      </trkpt>
      <trkpt lat="44.358993998" lon="6.783135998">
        <ele>2087.49</ele>
      </trkpt>
      <trkpt lat="44.358937002" lon="6.783073">
        <ele>2089.58</ele>
      </trkpt>
      <trkpt lat="44.358864005" lon="6.783013003">
        <ele>2090.36</ele>
      </trkpt>
      <trkpt lat="44.358797995" lon="6.782975995">
        <ele>2090.67</ele>
      </trkpt>
      <trkpt lat="44.358760003" lon="6.782965995">
        <ele>2091.07</ele>
      </trkpt>
      <trkpt lat="44.358714998" lon="6.782967007">
        <ele>2091.59</ele>
      </trkpt>
      <trkpt lat="44.358676996" lon="6.782977996">
        <ele>2092.25</ele>
      </trkpt>
      <trkpt lat="44.358641001" lon="6.782993993">
        <ele>2092.96</ele>
      </trkpt>
      <trkpt lat="44.358577998" lon="6.783048003">
        <ele>2092.88</ele>
      </trkpt>
      <trkpt lat="44.358365997" lon="6.783379003">
        <ele>2092.64</ele>
      </trkpt>
      <trkpt lat="44.358318997" lon="6.783438002">
        <ele>2092.11</ele>
      </trkpt>
      <trkpt lat="44.358274998" lon="6.783479993">
        <ele>2093.62</ele>
      </trkpt>
      <trkpt lat="44.358210996" lon="6.783530004">
        <ele>2092.92</ele>
      </trkpt>
      <trkpt lat="44.358162999" lon="6.783556993">
        <ele>2092.33</ele>
      </trkpt>
      <trkpt lat="44.358085998" lon="6.783605005">
        <ele>2091.86</ele>
      </trkpt>
      <trkpt lat="44.358014002" lon="6.783626998">
        <ele>2092.02</ele>
      </trkpt>
      <trkpt lat="44.357954" lon="6.783631994">
        <ele>2090.38</ele>
      </trkpt>
      <trkpt lat="44.357881996" lon="6.783622006">
        <ele>2091.43</ele>
      </trkpt>
      <trkpt lat="44.357655994" lon="6.783538996">
        <ele>2094.05</ele>
      </trkpt>
      <trkpt lat="44.357407001" lon="6.783483001">
        <ele>2096.33</ele>
      </trkpt>
      <trkpt lat="44.357053995" lon="6.783412003">
        <ele>2097.79</ele>
      </trkpt>
      <trkpt lat="44.356970003" lon="6.783399996">
        <ele>2099.54</ele>
      </trkpt>
      <trkpt lat="44.356870004" lon="6.783366005">
        <ele>2100.65</ele>
      </trkpt>
      <trkpt lat="44.356789998" lon="6.783323001">
        <ele>2100.99</ele>
      </trkpt>
      <trkpt lat="44.356715997" lon="6.783266003">
        <ele>2101.42</ele>
      </trkpt>
      <trkpt lat="44.356411" lon="6.782976997">
        <ele>2102.99</ele>
      </trkpt>
      <trkpt lat="44.356338002" lon="6.782910998">
        <ele>2103.73</ele>
      </trkpt>
      <trkpt lat="44.356247003" lon="6.782835997">
        <ele>2105.31</ele>
      </trkpt>
      <trkpt lat="44.356137999" lon="6.782757004">
        <ele>2105.7</ele>
      </trkpt>
      <trkpt lat="44.356042003" lon="6.782696001">
        <ele>2107.61</ele>
      </trkpt>
      <trkpt lat="44.355975" lon="6.782669002">
        <ele>2110.12</ele>
      </trkpt>
      <trkpt lat="44.355829002" lon="6.782616993">
        <ele>2112.2</ele>
      </trkpt>
      <trkpt lat="44.355678999" lon="6.782578998">
        <ele>2112.93</ele>
      </trkpt>
      <trkpt lat="44.355567001" lon="6.782564003">
        <ele>2115.6</ele>
      </trkpt>
      <trkpt lat="44.355455003" lon="6.782564998">
        <ele>2116.64</ele>
      </trkpt>
      <trkpt lat="44.355274995" lon="6.782589999">
        <ele>2118.9</ele>
      </trkpt>
      <trkpt lat="44.355193997" lon="6.782606995">
        <ele>2121.46</ele>
      </trkpt>
      <trkpt lat="44.355113001" lon="6.782635998">
        <ele>2122.21</ele>
      </trkpt>
      <trkpt lat="44.355036003" lon="6.782673998">
        <ele>2121.52</ele>
      </trkpt>
      <trkpt lat="44.354949003" lon="6.782734994">
        <ele>2123.13</ele>
      </trkpt>
      <trkpt lat="44.354874998" lon="6.782801002">
        <ele>2122.4</ele>
      </trkpt>
      <trkpt lat="44.354773004" lon="6.782912003">
        <ele>2121.95</ele>
      </trkpt>
      <trkpt lat="44.354695" lon="6.783011996">
        <ele>2123.65</ele>
      </trkpt>
      <trkpt lat="44.354530995" lon="6.783255006">
        <ele>2124.98</ele>
      </trkpt>
      <trkpt lat="44.354478996" lon="6.783303996">
        <ele>2124.06</ele>
      </trkpt>
      <trkpt lat="44.354429999" lon="6.783331996">
        <ele>2122.57</ele>
      </trkpt>
      <trkpt lat="44.354382005" lon="6.783344992">
        <ele>2123.28</ele>
      </trkpt>
      <trkpt lat="44.354326003" lon="6.783348999">
        <ele>2123.93</ele>
      </trkpt>
      <trkpt lat="44.354179999" lon="6.783332007">
        <ele>2124.63</ele>
      </trkpt>
      <trkpt lat="44.354108996" lon="6.783338">
        <ele>2127.96</ele>
      </trkpt>
      <trkpt lat="44.354039001" lon="6.783366004">
        <ele>2131.43</ele>
      </trkpt>
      <trkpt lat="44.353984001" lon="6.783404003">
        <ele>2133.79</ele>
      </trkpt>
      <trkpt lat="44.353833" lon="6.783476997">
        <ele>2135.67</ele>
      </trkpt>
      <trkpt lat="44.353614994" lon="6.783560007">
        <ele>2138.54</ele>
      </trkpt>
      <trkpt lat="44.353536003" lon="6.783581004">
        <ele>2139.29</ele>
      </trkpt>
      <trkpt lat="44.353440004" lon="6.783594998">
        <ele>2140.5</ele>
      </trkpt>
      <trkpt lat="44.353360998" lon="6.783595998">
        <ele>2140.86</ele>
      </trkpt>
      <trkpt lat="44.353270002" lon="6.783589">
        <ele>2142.3</ele>
      </trkpt>
      <trkpt lat="44.353136995" lon="6.783560994">
        <ele>2143.19</ele>
      </trkpt>
      <trkpt lat="44.353059" lon="6.783530008">
        <ele>2143.88</ele>
      </trkpt>
      <trkpt lat="44.352985002" lon="6.783491">
        <ele>2144.99</ele>
      </trkpt>
      <trkpt lat="44.352614996" lon="6.783203005">
        <ele>2146.13</ele>
      </trkpt>
      <trkpt lat="44.352333995" lon="6.782971991">
        <ele>2148.52</ele>
      </trkpt>
      <trkpt lat="44.352054" lon="6.782740005">
        <ele>2150.54</ele>
      </trkpt>
      <trkpt lat="44.351979003" lon="6.782695996">
        <ele>2152.41</ele>
      </trkpt>
      <trkpt lat="44.351933999" lon="6.782681007">
        <ele>2153.5</ele>
      </trkpt>
      <trkpt lat="44.351885003" lon="6.782671001">
        <ele>2156.45</ele>
      </trkpt>
      <trkpt lat="44.351829994" lon="6.782671006">
        <ele>2157.84</ele>
      </trkpt>
      <trkpt lat="44.351779" lon="6.782679003">
        <ele>2159.38</ele>
      </trkpt>
      <trkpt lat="44.351730998" lon="6.782698001">
        <ele>2159.53</ele>
      </trkpt>
      <trkpt lat="44.351684001" lon="6.782725004">
        <ele>2160.06</ele>
      </trkpt>
      <trkpt lat="44.351640004" lon="6.782762996">
        <ele>2158.85</ele>
      </trkpt>
      <trkpt lat="44.351602001" lon="6.782807003">
        <ele>2158.11</ele>
      </trkpt>
      <trkpt lat="44.351571001" lon="6.782883995">
        <ele>2157.87</ele>
      </trkpt>
      <trkpt lat="44.351546998" lon="6.782990994">
        <ele>2159.86</ele>
      </trkpt>
      <trkpt lat="44.351529996" lon="6.783178994">
        <ele>2162.3</ele>
      </trkpt>
      <trkpt lat="44.351524002" lon="6.783305006">
        <ele>2163.7</ele>
      </trkpt>
      <trkpt lat="44.351523996" lon="6.783492998">
        <ele>2164.88</ele>
      </trkpt>
      <trkpt lat="44.351534997" lon="6.78375">
        <ele>2165.73</ele>
      </trkpt>
      <trkpt lat="44.351543001" lon="6.783828003">
        <ele>2166.08</ele>
      </trkpt>
      <trkpt lat="44.351541997" lon="6.783892003">
        <ele>2165.98</ele>
      </trkpt>
      <trkpt lat="44.351531998" lon="6.783955">
        <ele>2166.87</ele>
      </trkpt>
      <trkpt lat="44.351517002" lon="6.784014999">
        <ele>2167.79</ele>
      </trkpt>
      <trkpt lat="44.351494003" lon="6.784070006">
        <ele>2169.1</ele>
      </trkpt>
      <trkpt lat="44.351472999" lon="6.784105">
        <ele>2170.5</ele>
      </trkpt>
      <trkpt lat="44.351427995" lon="6.784238">
        <ele>2171.88</ele>
      </trkpt>
      <trkpt lat="44.351413002" lon="6.784306">
        <ele>2173.27</ele>
      </trkpt>
      <trkpt lat="44.351412997" lon="6.784380001">
        <ele>2174.52</ele>
      </trkpt>
      <trkpt lat="44.351429002" lon="6.784456994">
        <ele>2175.1</ele>
      </trkpt>
      <trkpt lat="44.351466997" lon="6.784535005">
        <ele>2175.38</ele>
      </trkpt>
      <trkpt lat="44.351552998" lon="6.784602007">
        <ele>2175.47</ele>
      </trkpt>
      <trkpt lat="44.351635001" lon="6.784676002">
        <ele>2175.29</ele>
      </trkpt>
      <trkpt lat="44.351673003" lon="6.784718997">
        <ele>2174.56</ele>
      </trkpt>
      <trkpt lat="44.351703002" lon="6.784768001">
        <ele>2174.18</ele>
      </trkpt>
      <trkpt lat="44.351720997" lon="6.784828008">
        <ele>2174.02</ele>
      </trkpt>
      <trkpt lat="44.351727002" lon="6.784896006">
        <ele>2174.03</ele>
      </trkpt>
      <trkpt lat="44.351720996" lon="6.784959998">
        <ele>2174.14</ele>
      </trkpt>
      <trkpt lat="44.351696998" lon="6.785027007">
        <ele>2174.79</ele>
      </trkpt>
      <trkpt lat="44.351660999" lon="6.785072993">
        <ele>2175.24</ele>
      </trkpt>
      <trkpt lat="44.351613001" lon="6.785101007">
        <ele>2176.68</ele>
      </trkpt>
      <trkpt lat="44.351562" lon="6.785109994">
        <ele>2177.98</ele>
      </trkpt>
      <trkpt lat="44.351515998" lon="6.785096004">
        <ele>2179.15</ele>
      </trkpt>
      <trkpt lat="44.351330001" lon="6.784962997">
        <ele>2181.16</ele>
      </trkpt>
      <trkpt lat="44.351280997" lon="6.784937">
        <ele>2183.57</ele>
      </trkpt>
      <trkpt lat="44.351230002" lon="6.784917">
        <ele>2185.02</ele>
      </trkpt>
      <trkpt lat="44.351126998" lon="6.784895996">
        <ele>2186.6</ele>
      </trkpt>
      <trkpt lat="44.351076001" lon="6.784880002">
        <ele>2188.96</ele>
      </trkpt>
      <trkpt lat="44.351030003" lon="6.784856995">
        <ele>2191.21</ele>
      </trkpt>
      <trkpt lat="44.350989" lon="6.784825003">
        <ele>2193.05</ele>
      </trkpt>
      <trkpt lat="44.350947001" lon="6.784784002">
        <ele>2194.7</ele>
      </trkpt>
      <trkpt lat="44.350799005" lon="6.784622">
        <ele>2196.29</ele>
      </trkpt>
      <trkpt lat="44.350757997" lon="6.784581003">
        <ele>2197.78</ele>
      </trkpt>
      <trkpt lat="44.350709006" lon="6.784552006">
        <ele>2198.77</ele>
      </trkpt>
      <trkpt lat="44.350658002" lon="6.784532005">
        <ele>2199.97</ele>
      </trkpt>
      <trkpt lat="44.350605996" lon="6.784526997">
        <ele>2201.26</ele>
      </trkpt>
      <trkpt lat="44.350560995" lon="6.784508">
        <ele>2202.41</ele>
      </trkpt>
      <trkpt lat="44.350525002" lon="6.784463998">
        <ele>2202.37</ele>
      </trkpt>
      <trkpt lat="44.350508994" lon="6.784418003">
        <ele>2201.53</ele>
      </trkpt>
      <trkpt lat="44.350502006" lon="6.784271997">
        <ele>2200.24</ele>
      </trkpt>
      <trkpt lat="44.350502" lon="6.784142006">
        <ele>2199.3</ele>
      </trkpt>
      <trkpt lat="44.350494999" lon="6.784071005">
        <ele>2198.12</ele>
      </trkpt>
      <trkpt lat="44.350464004" lon="6.783952997">
        <ele>2197.2</ele>
      </trkpt>
      <trkpt lat="44.350443004" lon="6.783896998">
        <ele>2197.53</ele>
      </trkpt>
      <trkpt lat="44.350416998" lon="6.783843">
        <ele>2198.29</ele>
      </trkpt>
      <trkpt lat="44.350255994" lon="6.783563997">
        <ele>2198.89</ele>
      </trkpt>
      <trkpt lat="44.350219004" lon="6.783517002">
        <ele>2198.63</ele>
      </trkpt>
      <trkpt lat="44.350177003" lon="6.783474997">
        <ele>2198.95</ele>
      </trkpt>
      <trkpt lat="44.350132" lon="6.783444008">
        <ele>2198.87</ele>
      </trkpt>
      <trkpt lat="44.350083003" lon="6.783422007">
        <ele>2198.94</ele>
      </trkpt>
      <trkpt lat="44.350036001" lon="6.783425008">
        <ele>2199.39</ele>
      </trkpt>
      <trkpt lat="44.349988994" lon="6.783434991">
        <ele>2200.27</ele>
      </trkpt>
      <trkpt lat="44.349896" lon="6.783467999">
        <ele>2201.28</ele>
      </trkpt>
      <trkpt lat="44.349851997" lon="6.783491006">
        <ele>2202.52</ele>
      </trkpt>
      <trkpt lat="44.349748003" lon="6.783526005">
        <ele>2203.65</ele>
      </trkpt>
      <trkpt lat="44.349589999" lon="6.783560006">
        <ele>2205.39</ele>
      </trkpt>
      <trkpt lat="44.349431006" lon="6.783573004">
        <ele>2208.73</ele>
      </trkpt>
      <trkpt lat="44.349022997" lon="6.783565004">
        <ele>2211.79</ele>
      </trkpt>
      <trkpt lat="44.348805994" lon="6.783567005">
        <ele>2214.68</ele>
      </trkpt>
      <trkpt lat="44.348758994" lon="6.783575996">
        <ele>2217.66</ele>
      </trkpt>
      <trkpt lat="44.348712003" lon="6.783596002">
        <ele>2219.76</ele>
      </trkpt>
      <trkpt lat="44.348668997" lon="6.783622993">
        <ele>2221.36</ele>
      </trkpt>
      <trkpt lat="44.348629005" lon="6.783662996">
        <ele>2223.03</ele>
      </trkpt>
      <trkpt lat="44.348611006" lon="6.783728004">
        <ele>2224.34</ele>
      </trkpt>
      <trkpt lat="44.348620999" lon="6.783792999">
        <ele>2226.64</ele>
      </trkpt>
      <trkpt lat="44.348690003" lon="6.783897995">
        <ele>2228.19</ele>
      </trkpt>
      <trkpt lat="44.348768994" lon="6.783997994">
        <ele>2229.06</ele>
      </trkpt>
      <trkpt lat="44.348811998" lon="6.784041999">
        <ele>2229.5</ele>
      </trkpt>
      <trkpt lat="44.348851003" lon="6.784091992">
        <ele>2229.81</ele>
      </trkpt>
      <trkpt lat="44.348885999" lon="6.784149">
        <ele>2228.8</ele>
      </trkpt>
      <trkpt lat="44.348913995" lon="6.784213001">
        <ele>2228.1</ele>
      </trkpt>
      <trkpt lat="44.348949001" lon="6.784330997">
        <ele>2229.24</ele>
      </trkpt>
      <trkpt lat="44.348972995" lon="6.784384006">
        <ele>2231.39</ele>
      </trkpt>
      <trkpt lat="44.349007" lon="6.784440999">
        <ele>2232.39</ele>
      </trkpt>
      <trkpt lat="44.349085001" lon="6.784519997">
        <ele>2233.48</ele>
      </trkpt>
      <trkpt lat="44.349458003" lon="6.784802004">
        <ele>2234.6</ele>
      </trkpt>
      <trkpt lat="44.349580997" lon="6.784917997">
        <ele>2233.58</ele>
      </trkpt>
      <trkpt lat="44.349817003" lon="6.785118999">
        <ele>2234.38</ele>
      </trkpt>
      <trkpt lat="44.349857003" lon="6.785149994">
        <ele>2235.02</ele>
      </trkpt>
      <trkpt lat="44.349883996" lon="6.785206997">
        <ele>2237.98</ele>
      </trkpt>
      <trkpt lat="44.349885004" lon="6.785266998">
        <ele>2241.43</ele>
      </trkpt>
      <trkpt lat="44.349859997" lon="6.785317999">
        <ele>2245.8</ele>
      </trkpt>
      <trkpt lat="44.349816002" lon="6.785346004">
        <ele>2247.82</ele>
      </trkpt>
      <trkpt lat="44.349766" lon="6.785338001">
        <ele>2249.56</ele>
      </trkpt>
      <trkpt lat="44.349717995" lon="6.785316995">
        <ele>2248.66</ele>
      </trkpt>
      <trkpt lat="44.349507" lon="6.785161999">
        <ele>2247.92</ele>
      </trkpt>
      <trkpt lat="44.349296005" lon="6.785007004">
        <ele>2247.53</ele>
      </trkpt>
      <trkpt lat="44.349252999" lon="6.784972995">
        <ele>2247.67</ele>
      </trkpt>
      <trkpt lat="44.349208002" lon="6.784945007">
        <ele>2250.33</ele>
      </trkpt>
      <trkpt lat="44.349160004" lon="6.784928008">
        <ele>2255.41</ele>
      </trkpt>
      <trkpt lat="44.349110999" lon="6.784918">
        <ele>2258.95</ele>
      </trkpt>
      <trkpt lat="44.348754998" lon="6.78491">
        <ele>2259.16</ele>
      </trkpt>
      <trkpt lat="44.348512995" lon="6.784895003">
        <ele>2258.96</ele>
      </trkpt>
      <trkpt lat="44.348462" lon="6.784880002">
        <ele>2258.12</ele>
      </trkpt>
      <trkpt lat="44.34842" lon="6.784855002">
        <ele>2255.24</ele>
      </trkpt>
      <trkpt lat="44.348397" lon="6.784832002">
        <ele>2253.08</ele>
      </trkpt>
      <trkpt lat="44.348359001" lon="6.784779">
        <ele>2252.98</ele>
      </trkpt>
      <trkpt lat="44.348339999" lon="6.784714997">
        <ele>2253.3</ele>
      </trkpt>
      <trkpt lat="44.348297001" lon="6.784519997">
        <ele>2253.12</ele>
      </trkpt>
      <trkpt lat="44.348282004" lon="6.784380997">
        <ele>2252.57</ele>
      </trkpt>
      <trkpt lat="44.348268005" lon="6.784317995">
        <ele>2252.12</ele>
      </trkpt>
      <trkpt lat="44.348248006" lon="6.784262001">
        <ele>2254</ele>
      </trkpt>
      <trkpt lat="44.348218996" lon="6.784212">
        <ele>2255.27</ele>
      </trkpt>
      <trkpt lat="44.348177996" lon="6.784198006">
        <ele>2257.2</ele>
      </trkpt>
      <trkpt lat="44.348141997" lon="6.784221999">
        <ele>2259.72</ele>
      </trkpt>
      <trkpt lat="44.348120999" lon="6.784283001">
        <ele>2260.6</ele>
      </trkpt>
      <trkpt lat="44.348112004" lon="6.784347995">
        <ele>2260</ele>
      </trkpt>
      <trkpt lat="44.348109" lon="6.784413">
        <ele>2259.53</ele>
      </trkpt>
      <trkpt lat="44.348114996" lon="6.784481005">
        <ele>2258.96</ele>
      </trkpt>
      <trkpt lat="44.348110998" lon="6.784554998">
        <ele>2258.22</ele>
      </trkpt>
      <trkpt lat="44.348097001" lon="6.784626">
        <ele>2259.4</ele>
      </trkpt>
      <trkpt lat="44.348073999" lon="6.784690007">
        <ele>2260.36</ele>
      </trkpt>
      <trkpt lat="44.348007002" lon="6.784787997">
        <ele>2261.15</ele>
      </trkpt>
      <trkpt lat="44.347932002" lon="6.784875002">
        <ele>2261.95</ele>
      </trkpt>
      <trkpt lat="44.347855001" lon="6.784955995">
        <ele>2262.8</ele>
      </trkpt>
      <trkpt lat="44.347785996" lon="6.785050007">
        <ele>2263.73</ele>
      </trkpt>
      <trkpt lat="44.347728" lon="6.785158004">
        <ele>2264.73</ele>
      </trkpt>
      <trkpt lat="44.347672002" lon="6.785286994">
        <ele>2265.74</ele>
      </trkpt>
      <trkpt lat="44.347660999" lon="6.785347997">
        <ele>2266.56</ele>
      </trkpt>
      <trkpt lat="44.347665004" lon="6.785423003">
        <ele>2267.1</ele>
      </trkpt>
      <trkpt lat="44.347682001" lon="6.785489997">
        <ele>2267.28</ele>
      </trkpt>
      <trkpt lat="44.347719999" lon="6.785530993">
        <ele>2267.24</ele>
      </trkpt>
      <trkpt lat="44.347792999" lon="6.785577996">
        <ele>2266.95</ele>
      </trkpt>
      <trkpt lat="44.347827004" lon="6.785590995">
        <ele>2266.44</ele>
      </trkpt>
      <trkpt lat="44.347879999" lon="6.785600001">
        <ele>2265.76</ele>
      </trkpt>
      <trkpt lat="44.347964002" lon="6.785584996">
        <ele>2265.55</ele>
      </trkpt>
      <trkpt lat="44.348048001" lon="6.785562004">
        <ele>2265.31</ele>
      </trkpt>
      <trkpt lat="44.348207" lon="6.785491002">
        <ele>2265.09</ele>
      </trkpt>
      <trkpt lat="44.348252005" lon="6.785484993">
        <ele>2264.88</ele>
      </trkpt>
      <trkpt lat="44.348296998" lon="6.785489006">
        <ele>2264.78</ele>
      </trkpt>
      <trkpt lat="44.348339005" lon="6.785506999">
        <ele>2264.3</ele>
      </trkpt>
      <trkpt lat="44.348356998" lon="6.785549006">
        <ele>2263.87</ele>
      </trkpt>
      <trkpt lat="44.348364" lon="6.785587992">
        <ele>2265.24</ele>
      </trkpt>
      <trkpt lat="44.348367002" lon="6.785622002">
        <ele>2265.67</ele>
      </trkpt>
      <trkpt lat="44.348355003" lon="6.785692007">
        <ele>2268.32</ele>
      </trkpt>
      <trkpt lat="44.348175002" lon="6.785961002">
        <ele>2271.13</ele>
      </trkpt>
      <trkpt lat="44.347860999" lon="6.786316997">
        <ele>2274.55</ele>
      </trkpt>
      <trkpt lat="44.347678998" lon="6.786508994">
        <ele>2276.16</ele>
      </trkpt>
      <trkpt lat="44.347496996" lon="6.786701003">
        <ele>2278.8</ele>
      </trkpt>
      <trkpt lat="44.347253002" lon="6.786972003">
        <ele>2279.26</ele>
      </trkpt>
      <trkpt lat="44.347191006" lon="6.787043007">
        <ele>2279.9</ele>
      </trkpt>
      <trkpt lat="44.347112002" lon="6.787100994">
        <ele>2279.9</ele>
      </trkpt>
      <trkpt lat="44.347027" lon="6.787134001">
        <ele>2279.92</ele>
      </trkpt>
      <trkpt lat="44.346940998" lon="6.787143997">
        <ele>2280.14</ele>
      </trkpt>
      <trkpt lat="44.346833" lon="6.787111003">
        <ele>2280.34</ele>
      </trkpt>
      <trkpt lat="44.346727996" lon="6.787061996">
        <ele>2281.04</ele>
      </trkpt>
      <trkpt lat="44.346639999" lon="6.787009003">
        <ele>2281.89</ele>
      </trkpt>
      <trkpt lat="44.346398998" lon="6.786842998">
        <ele>2283.31</ele>
      </trkpt>
      <trkpt lat="44.346152003" lon="6.786677007">
        <ele>2284.31</ele>
      </trkpt>
      <trkpt lat="44.345856001" lon="6.786487999">
        <ele>2285.63</ele>
      </trkpt>
      <trkpt lat="44.345715" lon="6.786408996">
        <ele>2286.13</ele>
      </trkpt>
      <trkpt lat="44.345679" lon="6.786383004">
        <ele>2286.54</ele>
      </trkpt>
      <trkpt lat="44.345620996" lon="6.786318996">
        <ele>2287.42</ele>
      </trkpt>
      <trkpt lat="44.345592" lon="6.786266007">
        <ele>2288.29</ele>
      </trkpt>
      <trkpt lat="44.345312" lon="6.785851998">
        <ele>2288.65</ele>
      </trkpt>
      <trkpt lat="44.345258" lon="6.785795995">
        <ele>2288.75</ele>
      </trkpt>
      <trkpt lat="44.345212997" lon="6.785757998">
        <ele>2289.99</ele>
      </trkpt>
      <trkpt lat="44.345158005" lon="6.785724006">
        <ele>2290.07</ele>
      </trkpt>
      <trkpt lat="44.345118998" lon="6.785704997">
        <ele>2291.38</ele>
      </trkpt>
      <trkpt lat="44.345072998" lon="6.785674996">
        <ele>2292.86</ele>
      </trkpt>
      <trkpt lat="44.345038995" lon="6.785641001">
        <ele>2294.52</ele>
      </trkpt>
      <trkpt lat="44.345008001" lon="6.785601003">
        <ele>2295.01</ele>
      </trkpt>
      <trkpt lat="44.344965004" lon="6.785522">
        <ele>2295.69</ele>
      </trkpt>
      <trkpt lat="44.344953999" lon="6.785470994">
        <ele>2295.35</ele>
      </trkpt>
      <trkpt lat="44.344944004" lon="6.785419992">
        <ele>2295.9</ele>
      </trkpt>
      <trkpt lat="44.34493" lon="6.785297995">
        <ele>2296.73</ele>
      </trkpt>
      <trkpt lat="44.344929003" lon="6.785160994">
        <ele>2297.74</ele>
      </trkpt>
      <trkpt lat="44.344947005" lon="6.785042003">
        <ele>2298.95</ele>
      </trkpt>
      <trkpt lat="44.344954006" lon="6.784936003">
        <ele>2300.27</ele>
      </trkpt>
      <trkpt lat="44.344953005" lon="6.784786003">
        <ele>2300.84</ele>
      </trkpt>
      <trkpt lat="44.344948" lon="6.784734004">
        <ele>2301.27</ele>
      </trkpt>
      <trkpt lat="44.344937004" lon="6.784682999">
        <ele>2301.57</ele>
      </trkpt>
      <trkpt lat="44.344911999" lon="6.784623999">
        <ele>2302.17</ele>
      </trkpt>
      <trkpt lat="44.344878006" lon="6.784574006">
        <ele>2302.53</ele>
      </trkpt>
      <trkpt lat="44.344847003" lon="6.784544997">
        <ele>2302.62</ele>
      </trkpt>
      <trkpt lat="44.344800999" lon="6.784528999">
        <ele>2302.43</ele>
      </trkpt>
      <trkpt lat="44.344741998" lon="6.784517998">
        <ele>2301.98</ele>
      </trkpt>
      <trkpt lat="44.344672999" lon="6.784520997">
        <ele>2302.17</ele>
      </trkpt>
      <trkpt lat="44.344606006" lon="6.784532995">
        <ele>2301.85</ele>
      </trkpt>
      <trkpt lat="44.344529998" lon="6.784525993">
        <ele>2303.07</ele>
      </trkpt>
      <trkpt lat="44.344380002" lon="6.784497005">
        <ele>2304.45</ele>
      </trkpt>
      <trkpt lat="44.344229999" lon="6.784447007">
        <ele>2306.02</ele>
      </trkpt>
      <trkpt lat="44.344185006" lon="6.784437997">
        <ele>2306.42</ele>
      </trkpt>
      <trkpt lat="44.344139" lon="6.784437999">
        <ele>2307.53</ele>
      </trkpt>
      <trkpt lat="44.344084001" lon="6.784449003">
        <ele>2309.64</ele>
      </trkpt>
      <trkpt lat="44.344032" lon="6.784470003">
        <ele>2311.74</ele>
      </trkpt>
      <trkpt lat="44.343682003" lon="6.784662003">
        <ele>2313.79</ele>
      </trkpt>
      <trkpt lat="44.343625003" lon="6.784679002">
        <ele>2315.79</ele>
      </trkpt>
      <trkpt lat="44.343564998" lon="6.784681998">
        <ele>2317.94</ele>
      </trkpt>
      <trkpt lat="44.343507002" lon="6.784668">
        <ele>2317.54</ele>
      </trkpt>
      <trkpt lat="44.343451998" lon="6.784643">
        <ele>2318.41</ele>
      </trkpt>
      <trkpt lat="44.343324997" lon="6.784544999">
        <ele>2319.29</ele>
      </trkpt>
      <trkpt lat="44.343156996" lon="6.784400005">
        <ele>2320.16</ele>
      </trkpt>
      <trkpt lat="44.343117996" lon="6.784347004">
        <ele>2320.8</ele>
      </trkpt>
      <trkpt lat="44.343089005" lon="6.784281009">
        <ele>2321.65</ele>
      </trkpt>
      <trkpt lat="44.343071003" lon="6.784211002">
        <ele>2321.35</ele>
      </trkpt>
      <trkpt lat="44.343064997" lon="6.784152998">
        <ele>2321.89</ele>
      </trkpt>
      <trkpt lat="44.343070002" lon="6.784039007">
        <ele>2322.7</ele>
      </trkpt>
      <trkpt lat="44.343087002" lon="6.783891999">
        <ele>2323.58</ele>
      </trkpt>
      <trkpt lat="44.343175006" lon="6.783398004">
        <ele>2324.48</ele>
      </trkpt>
      <trkpt lat="44.343184994" lon="6.783316996">
        <ele>2325.37</ele>
      </trkpt>
      <trkpt lat="44.343186001" lon="6.783233001">
        <ele>2325.57</ele>
      </trkpt>
      <trkpt lat="44.343178997" lon="6.783166002">
        <ele>2325.61</ele>
      </trkpt>
      <trkpt lat="44.343161994" lon="6.783084998">
        <ele>2325.75</ele>
      </trkpt>
      <trkpt lat="44.343133999" lon="6.783010996">
        <ele>2326</ele>
      </trkpt>
      <trkpt lat="44.342974003" lon="6.782708992">
        <ele>2326.24</ele>
      </trkpt>
      <trkpt lat="44.342882005" lon="6.782546992">
        <ele>2326.4</ele>
      </trkpt>
      <trkpt lat="44.342795997" lon="6.782377997">
        <ele>2326.9</ele>
      </trkpt>
      <trkpt lat="44.342758004" lon="6.782334998">
        <ele>2327.04</ele>
      </trkpt>
      <trkpt lat="44.342717002" lon="6.782298002">
        <ele>2328.2</ele>
      </trkpt>
      <trkpt lat="44.342655998" lon="6.782257999">
        <ele>2328.68</ele>
      </trkpt>
      <trkpt lat="44.342591996" lon="6.782231007">
        <ele>2330.16</ele>
      </trkpt>
      <trkpt lat="44.342377999" lon="6.782212996">
        <ele>2331.89</ele>
      </trkpt>
      <trkpt lat="44.342267002" lon="6.782197997">
        <ele>2333.75</ele>
      </trkpt>
      <trkpt lat="44.342000003" lon="6.782146006">
        <ele>2334.38</ele>
      </trkpt>
      <trkpt lat="44.341947" lon="6.782149009">
        <ele>2335.58</ele>
      </trkpt>
      <trkpt lat="44.341895" lon="6.782158997">
        <ele>2336.48</ele>
      </trkpt>
      <trkpt lat="44.341810002" lon="6.782193001">
        <ele>2336.46</ele>
      </trkpt>
      <trkpt lat="44.341425998" lon="6.782445008">
        <ele>2338.13</ele>
      </trkpt>
      <trkpt lat="44.341317997" lon="6.782503004">
        <ele>2339.06</ele>
      </trkpt>
      <trkpt lat="44.341206003" lon="6.782549997">
        <ele>2340.82</ele>
      </trkpt>
      <trkpt lat="44.341054006" lon="6.782591994">
        <ele>2342.86</ele>
      </trkpt>
      <trkpt lat="44.340817002" lon="6.782629995">
        <ele>2345.87</ele>
      </trkpt>
      <trkpt lat="44.340579" lon="6.782668996">
        <ele>2346.69</ele>
      </trkpt>
      <trkpt lat="44.340333004" lon="6.782724001">
        <ele>2348.02</ele>
      </trkpt>
      <trkpt lat="44.340227006" lon="6.782729">
        <ele>2350.14</ele>
      </trkpt>
      <trkpt lat="44.340174006" lon="6.782722998">
        <ele>2351.01</ele>
      </trkpt>
      <trkpt lat="44.340109" lon="6.782704002">
        <ele>2351.82</ele>
      </trkpt>
      <trkpt lat="44.340046" lon="6.782678007">
        <ele>2352.75</ele>
      </trkpt>
      <trkpt lat="44.339807998" lon="6.782540995">
        <ele>2353.79</ele>
      </trkpt>
      <trkpt lat="44.339710001" lon="6.782495999">
        <ele>2353.15</ele>
      </trkpt>
      <trkpt lat="44.339664001" lon="6.782483007">
        <ele>2352.73</ele>
      </trkpt>
      <trkpt lat="44.339623004" lon="6.782486999">
        <ele>2353.74</ele>
      </trkpt>
      <trkpt lat="44.339591996" lon="6.782499004">
        <ele>2355</ele>
      </trkpt>
      <trkpt lat="44.339564995" lon="6.782519991">
        <ele>2356.83</ele>
      </trkpt>
      <trkpt lat="44.339361995" lon="6.782724005">
        <ele>2360.33</ele>
      </trkpt>
      <trkpt lat="44.339037" lon="6.783019997">
        <ele>2362.73</ele>
      </trkpt>
      <trkpt lat="44.338974998" lon="6.783096997">
        <ele>2363.29</ele>
      </trkpt>
      <trkpt lat="44.338924998" lon="6.783189001">
        <ele>2363.63</ele>
      </trkpt>
      <trkpt lat="44.338895996" lon="6.783260006">
        <ele>2365.19</ele>
      </trkpt>
      <trkpt lat="44.338773995" lon="6.783608004">
        <ele>2365.51</ele>
      </trkpt>
      <trkpt lat="44.338713999" lon="6.783766003">
        <ele>2366.09</ele>
      </trkpt>
      <trkpt lat="44.338633004" lon="6.783934">
        <ele>2366.55</ele>
      </trkpt>
      <trkpt lat="44.338542" lon="6.784076001">
        <ele>2368.3</ele>
      </trkpt>
      <trkpt lat="44.338495999" lon="6.784129006">
        <ele>2368.6</ele>
      </trkpt>
      <trkpt lat="44.338455001" lon="6.784166008">
        <ele>2368.75</ele>
      </trkpt>
      <trkpt lat="44.338369001" lon="6.784220998">
        <ele>2370.28</ele>
      </trkpt>
      <trkpt lat="44.338310999" lon="6.784241997">
        <ele>2371.88</ele>
      </trkpt>
      <trkpt lat="44.338137004" lon="6.784279001">
        <ele>2372.75</ele>
      </trkpt>
      <trkpt lat="44.338063001" lon="6.784308009">
        <ele>2373.56</ele>
      </trkpt>
      <trkpt lat="44.338035001" lon="6.784329995">
        <ele>2374.35</ele>
      </trkpt>
      <trkpt lat="44.33801" lon="6.784362001">
        <ele>2375.38</ele>
      </trkpt>
      <trkpt lat="44.337991002" lon="6.784399996">
        <ele>2376.29</ele>
      </trkpt>
      <trkpt lat="44.337978994" lon="6.784442">
        <ele>2377.1</ele>
      </trkpt>
      <trkpt lat="44.337973997" lon="6.784484007">
        <ele>2377.78</ele>
      </trkpt>
      <trkpt lat="44.337984" lon="6.784544997">
        <ele>2378.3</ele>
      </trkpt>
      <trkpt lat="44.338003005" lon="6.784593995">
        <ele>2378.01</ele>
      </trkpt>
      <trkpt lat="44.338028997" lon="6.784634005">
        <ele>2377.81</ele>
      </trkpt>
      <trkpt lat="44.338076" lon="6.784670999">
        <ele>2377.42</ele>
      </trkpt>
      <trkpt lat="44.338257003" lon="6.784748994">
        <ele>2376.81</ele>
      </trkpt>
      <trkpt lat="44.338321998" lon="6.784788999">
        <ele>2376.38</ele>
      </trkpt>
      <trkpt lat="44.338364002" lon="6.784828008">
        <ele>2376.24</ele>
      </trkpt>
      <trkpt lat="44.338393996" lon="6.784867997">
        <ele>2376.1</ele>
      </trkpt>
      <trkpt lat="44.338424994" lon="6.784922003">
        <ele>2376.36</ele>
      </trkpt>
      <trkpt lat="44.338445999" lon="6.784976999">
        <ele>2377</ele>
      </trkpt>
      <trkpt lat="44.338461001" lon="6.785059006">
        <ele>2377.64</ele>
      </trkpt>
      <trkpt lat="44.338461002" lon="6.785108994">
        <ele>2378.26</ele>
      </trkpt>
      <trkpt lat="44.338455996" lon="6.785157003">
        <ele>2377.98</ele>
      </trkpt>
      <trkpt lat="44.338437001" lon="6.785224997">
        <ele>2377.69</ele>
      </trkpt>
      <trkpt lat="44.338382" lon="6.785362998">
        <ele>2377.4</ele>
      </trkpt>
      <trkpt lat="44.338354" lon="6.785469001">
        <ele>2377.15</ele>
      </trkpt>
      <trkpt lat="44.338356004" lon="6.785538009">
        <ele>2376.67</ele>
      </trkpt>
      <trkpt lat="44.338367001" lon="6.785629002">
        <ele>2377.12</ele>
      </trkpt>
      <trkpt lat="44.338435003" lon="6.785912998">
        <ele>2376.78</ele>
      </trkpt>
      <trkpt lat="44.338437002" lon="6.786006994">
        <ele>2376.43</ele>
      </trkpt>
      <trkpt lat="44.338420997" lon="6.786096998">
        <ele>2376</ele>
      </trkpt>
      <trkpt lat="44.338401999" lon="6.786157997">
        <ele>2376.2</ele>
      </trkpt>
      <trkpt lat="44.338376994" lon="6.786209992">
        <ele>2376.48</ele>
      </trkpt>
      <trkpt lat="44.338074006" lon="6.786613999">
        <ele>2377.46</ele>
      </trkpt>
      <trkpt lat="44.337983004" lon="6.786753998">
        <ele>2378.65</ele>
      </trkpt>
      <trkpt lat="44.337944005" lon="6.786812993">
        <ele>2380.11</ele>
      </trkpt>
      <trkpt lat="44.337871999" lon="6.786924993">
        <ele>2381.69</ele>
      </trkpt>
      <trkpt lat="44.337824999" lon="6.786995996">
        <ele>2383.6</ele>
      </trkpt>
      <trkpt lat="44.33769" lon="6.787203997">
        <ele>2385.79</ele>
      </trkpt>
      <trkpt lat="44.337593994" lon="6.787365997">
        <ele>2388.09</ele>
      </trkpt>
      <trkpt lat="44.337566" lon="6.787420002">
        <ele>2390.44</ele>
      </trkpt>
      <trkpt lat="44.337544997" lon="6.787479007">
        <ele>2392.56</ele>
      </trkpt>
      <trkpt lat="44.337529004" lon="6.787543005">
        <ele>2394.47</ele>
      </trkpt>
      <trkpt lat="44.337518998" lon="6.787608999">
        <ele>2396.35</ele>
      </trkpt>
      <trkpt lat="44.337518002" lon="6.787674">
        <ele>2396.52</ele>
      </trkpt>
      <trkpt lat="44.337531001" lon="6.787743994">
        <ele>2396.58</ele>
      </trkpt>
      <trkpt lat="44.337551999" lon="6.787811998">
        <ele>2396.51</ele>
      </trkpt>
      <trkpt lat="44.337579998" lon="6.787873992">
        <ele>2395.17</ele>
      </trkpt>
      <trkpt lat="44.337613003" lon="6.787933006">
        <ele>2393.68</ele>
      </trkpt>
      <trkpt lat="44.337664994" lon="6.788046994">
        <ele>2392.76</ele>
      </trkpt>
      <trkpt lat="44.337707995" lon="6.788168995">
        <ele>2391.88</ele>
      </trkpt>
      <trkpt lat="44.337723002" lon="6.788238998">
        <ele>2390.91</ele>
      </trkpt>
      <trkpt lat="44.337724005" lon="6.788370998">
        <ele>2391.19</ele>
      </trkpt>
      <trkpt lat="44.337715998" lon="6.788435995">
        <ele>2392.39</ele>
      </trkpt>
      <trkpt lat="44.337683006" lon="6.788573003">
        <ele>2394.7</ele>
      </trkpt>
      <trkpt lat="44.337619" lon="6.788764001">
        <ele>2397.08</ele>
      </trkpt>
      <trkpt lat="44.337606997" lon="6.788826998">
        <ele>2399.7</ele>
      </trkpt>
      <trkpt lat="44.337604" lon="6.788892004">
        <ele>2399.89</ele>
      </trkpt>
      <trkpt lat="44.337608998" lon="6.788957997">
        <ele>2399.24</ele>
      </trkpt>
      <trkpt lat="44.337620001" lon="6.789019996">
        <ele>2398.19</ele>
      </trkpt>
      <trkpt lat="44.337638" lon="6.789078999">
        <ele>2396.93</ele>
      </trkpt>
      <trkpt lat="44.337691996" lon="6.789208002">
        <ele>2395.44</ele>
      </trkpt>
      <trkpt lat="44.337733999" lon="6.789344001">
        <ele>2396.41</ele>
      </trkpt>
      <trkpt lat="44.337786001" lon="6.789619998">
        <ele>2396.78</ele>
      </trkpt>
      <trkpt lat="44.337806002" lon="6.789753997">
        <ele>2397.66</ele>
      </trkpt>
      <trkpt lat="44.337819004" lon="6.789890002">
        <ele>2398.93</ele>
      </trkpt>
      <trkpt lat="44.337827995" lon="6.790026002">
        <ele>2401.72</ele>
      </trkpt>
      <trkpt lat="44.337824" lon="6.790362002">
        <ele>2402.86</ele>
      </trkpt>
      <trkpt lat="44.337832999" lon="6.790664002">
        <ele>2405.35</ele>
      </trkpt>
      <trkpt lat="44.337837998" lon="6.790743004">
        <ele>2407.01</ele>
      </trkpt>
      <trkpt lat="44.337862995" lon="6.790903004">
        <ele>2409.96</ele>
      </trkpt>
      <trkpt lat="44.337888996" lon="6.791145996">
        <ele>2409.86</ele>
      </trkpt>
      <trkpt lat="44.337902003" lon="6.791448002">
        <ele>2411.21</ele>
      </trkpt>
      <trkpt lat="44.337923001" lon="6.791662005">
        <ele>2411.64</ele>
      </trkpt>
      <trkpt lat="44.337935997" lon="6.791725998">
        <ele>2412.5</ele>
      </trkpt>
      <trkpt lat="44.337956998" lon="6.791786006">
        <ele>2411.54</ele>
      </trkpt>
      <trkpt lat="44.337980996" lon="6.791844005">
        <ele>2411.81</ele>
      </trkpt>
      <trkpt lat="44.338010003" lon="6.791894002">
        <ele>2411.83</ele>
      </trkpt>
      <trkpt lat="44.338049001" lon="6.791942998">
        <ele>2411.61</ele>
      </trkpt>
      <trkpt lat="44.338087001" lon="6.791976005">
        <ele>2411.15</ele>
      </trkpt>
      <trkpt lat="44.338134996" lon="6.792003001">
        <ele>2411.69</ele>
      </trkpt>
      <trkpt lat="44.338167003" lon="6.792007003">
        <ele>2411.89</ele>
      </trkpt>
      <trkpt lat="44.338206999" lon="6.792001997">
        <ele>2411.95</ele>
      </trkpt>
      <trkpt lat="44.338307005" lon="6.791978997">
        <ele>2411.96</ele>
      </trkpt>
      <trkpt lat="44.338354999" lon="6.791959998">
        <ele>2409.86</ele>
      </trkpt>
      <trkpt lat="44.338395998" lon="6.791945">
        <ele>2408.29</ele>
      </trkpt>
      <trkpt lat="44.338455999" lon="6.791915994">
        <ele>2406.8</ele>
      </trkpt>
      <trkpt lat="44.338522998" lon="6.791878">
        <ele>2404.63</ele>
      </trkpt>
      <trkpt lat="44.338584006" lon="6.791842004">
        <ele>2404.61</ele>
      </trkpt>
      <trkpt lat="44.338739999" lon="6.791752999">
        <ele>2406.47</ele>
      </trkpt>
      <trkpt lat="44.338813005" lon="6.791725002">
        <ele>2408.03</ele>
      </trkpt>
      <trkpt lat="44.338895003" lon="6.791700996">
        <ele>2411.54</ele>
      </trkpt>
      <trkpt lat="44.339159998" lon="6.791648999">
        <ele>2416.86</ele>
      </trkpt>
      <trkpt lat="44.339424001" lon="6.791596997">
        <ele>2417.15</ele>
      </trkpt>
      <trkpt lat="44.339754995" lon="6.791525007">
        <ele>2419.68</ele>
      </trkpt>
      <trkpt lat="44.339826997" lon="6.791494003">
        <ele>2420.98</ele>
      </trkpt>
      <trkpt lat="44.339892998" lon="6.791440998">
        <ele>2418.26</ele>
      </trkpt>
      <trkpt lat="44.339949006" lon="6.791371">
        <ele>2417.74</ele>
      </trkpt>
      <trkpt lat="44.340118002" lon="6.791069002">
        <ele>2420.55</ele>
      </trkpt>
      <trkpt lat="44.340169002" lon="6.790965994">
        <ele>2421.87</ele>
      </trkpt>
      <trkpt lat="44.340199998" lon="6.790894007">
        <ele>2423.58</ele>
      </trkpt>
      <trkpt lat="44.340231003" lon="6.790799003">
        <ele>2425.04</ele>
      </trkpt>
      <trkpt lat="44.340258004" lon="6.790701998">
        <ele>2424.39</ele>
      </trkpt>
      <trkpt lat="44.340272999" lon="6.790621003">
        <ele>2424.39</ele>
      </trkpt>
      <trkpt lat="44.340301" lon="6.790444">
        <ele>2422.09</ele>
      </trkpt>
      <trkpt lat="44.340335005" lon="6.790291006">
        <ele>2422.78</ele>
      </trkpt>
      <trkpt lat="44.340371999" lon="6.790164997">
        <ele>2427.01</ele>
      </trkpt>
      <trkpt lat="44.340418003" lon="6.790031994">
        <ele>2429.06</ele>
      </trkpt>
      <trkpt lat="44.340475995" lon="6.789877993">
        <ele>2430.73</ele>
      </trkpt>
      <trkpt lat="44.340593003" lon="6.789568">
        <ele>2434.9</ele>
      </trkpt>
      <trkpt lat="44.340639995" lon="6.789444994">
        <ele>2435.68</ele>
      </trkpt>
      <trkpt lat="44.340755001" lon="6.789232009">
        <ele>2435.58</ele>
      </trkpt>
      <trkpt lat="44.340782004" lon="6.789193997">
        <ele>2436.42</ele>
      </trkpt>
      <trkpt lat="44.340814004" lon="6.789170998">
        <ele>2436.54</ele>
      </trkpt>
      <trkpt lat="44.340859003" lon="6.789161">
        <ele>2435.8</ele>
      </trkpt>
      <trkpt lat="44.340892001" lon="6.789170002">
        <ele>2434.8</ele>
      </trkpt>
      <trkpt lat="44.340922001" lon="6.789204005">
        <ele>2436.34</ele>
      </trkpt>
      <trkpt lat="44.340937001" lon="6.789251999">
        <ele>2437.44</ele>
      </trkpt>
      <trkpt lat="44.340881999" lon="6.789432999">
        <ele>2438.47</ele>
      </trkpt>
      <trkpt lat="44.340809003" lon="6.789599006">
        <ele>2439.23</ele>
      </trkpt>
      <trkpt lat="44.340786" lon="6.789663995">
        <ele>2442.24</ele>
      </trkpt>
      <trkpt lat="44.340755003" lon="6.789787004">
        <ele>2442.46</ele>
      </trkpt>
      <trkpt lat="44.340745997" lon="6.789858995">
        <ele>2442.81</ele>
      </trkpt>
      <trkpt lat="44.340744003" lon="6.789932008">
        <ele>2442.88</ele>
      </trkpt>
      <trkpt lat="44.340753998" lon="6.790046998">
        <ele>2445.03</ele>
      </trkpt>
      <trkpt lat="44.340774" lon="6.790164003">
        <ele>2445.03</ele>
      </trkpt>
      <trkpt lat="44.340814002" lon="6.790318008">
        <ele>2444.64</ele>
      </trkpt>
      <trkpt lat="44.340816005" lon="6.790348004">
        <ele>2444.06</ele>
      </trkpt>
      <trkpt lat="44.340820995" lon="6.790507">
        <ele>2445.83</ele>
      </trkpt>
      <trkpt lat="44.340817002" lon="6.790667001">
        <ele>2446.8</ele>
      </trkpt>
      <trkpt lat="44.340819" lon="6.790825998">
        <ele>2447.51</ele>
      </trkpt>
      <trkpt lat="44.340834998" lon="6.791213006">
        <ele>2448.66</ele>
      </trkpt>
      <trkpt lat="44.340830001" lon="6.791349006">
        <ele>2452.86</ele>
      </trkpt>
      <trkpt lat="44.340816999" lon="6.791453994">
        <ele>2455.55</ele>
      </trkpt>
      <trkpt lat="44.340745" lon="6.791722998">
        <ele>2457.49</ele>
      </trkpt>
      <trkpt lat="44.340562002" lon="6.792063001">
        <ele>2459.87</ele>
      </trkpt>
      <trkpt lat="44.340468001" lon="6.792256002">
        <ele>2462.51</ele>
      </trkpt>
      <trkpt lat="44.340431003" lon="6.792346008">
        <ele>2462.9</ele>
      </trkpt>
      <trkpt lat="44.340382003" lon="6.792443009">
        <ele>2463.19</ele>
      </trkpt>
      <trkpt lat="44.340341002" lon="6.792509001">
        <ele>2464.09</ele>
      </trkpt>
      <trkpt lat="44.340288996" lon="6.792580007">
        <ele>2464.9</ele>
      </trkpt>
      <trkpt lat="44.340172994" lon="6.792735996">
        <ele>2465.41</ele>
      </trkpt>
      <trkpt lat="44.340093001" lon="6.792868001">
        <ele>2465.45</ele>
      </trkpt>
      <trkpt lat="44.340040997" lon="6.792969006">
        <ele>2465</ele>
      </trkpt>
      <trkpt lat="44.339989005" lon="6.793084">
        <ele>2465.75</ele>
      </trkpt>
      <trkpt lat="44.339963996" lon="6.793165001">
        <ele>2466.41</ele>
      </trkpt>
      <trkpt lat="44.339953998" lon="6.793227004">
        <ele>2467.31</ele>
      </trkpt>
      <trkpt lat="44.339949002" lon="6.793289003">
        <ele>2468.49</ele>
      </trkpt>
      <trkpt lat="44.339948995" lon="6.793313">
        <ele>2469.77</ele>
      </trkpt>
      <trkpt lat="44.339956997" lon="6.793348005">
        <ele>2469.03</ele>
      </trkpt>
      <trkpt lat="44.339979998" lon="6.793401997">
        <ele>2468.22</ele>
      </trkpt>
      <trkpt lat="44.340010999" lon="6.793449003">
        <ele>2467.27</ele>
      </trkpt>
      <trkpt lat="44.340048997" lon="6.793485993">
        <ele>2467.89</ele>
      </trkpt>
      <trkpt lat="44.34009" lon="6.793508995">
        <ele>2468.61</ele>
      </trkpt>
      <trkpt lat="44.340168001" lon="6.793533998">
        <ele>2469.49</ele>
      </trkpt>
      <trkpt lat="44.340276" lon="6.793552007">
        <ele>2471.35</ele>
      </trkpt>
      <trkpt lat="44.340358995" lon="6.793555006">
        <ele>2473.26</ele>
      </trkpt>
      <trkpt lat="44.340565997" lon="6.793548004">
        <ele>2473.57</ele>
      </trkpt>
      <trkpt lat="44.340624998" lon="6.793554003">
        <ele>2475.28</ele>
      </trkpt>
      <trkpt lat="44.340673999" lon="6.793572995">
        <ele>2477.67</ele>
      </trkpt>
      <trkpt lat="44.340720001" lon="6.793599999">
        <ele>2479.13</ele>
      </trkpt>
      <trkpt lat="44.340822" lon="6.793688995">
        <ele>2480.61</ele>
      </trkpt>
      <trkpt lat="44.34088" lon="6.793771">
        <ele>2482.84</ele>
      </trkpt>
      <trkpt lat="44.340924002" lon="6.793868003">
        <ele>2484.32</ele>
      </trkpt>
      <trkpt lat="44.340961996" lon="6.794031999">
        <ele>2485.03</ele>
      </trkpt>
      <trkpt lat="44.341001004" lon="6.794228009">
        <ele>2485.77</ele>
      </trkpt>
      <trkpt lat="44.341024" lon="6.794296996">
        <ele>2487.4</ele>
      </trkpt>
      <trkpt lat="44.341055997" lon="6.794375991">
        <ele>2488.66</ele>
      </trkpt>
      <trkpt lat="44.341107003" lon="6.794475009">
        <ele>2489.29</ele>
      </trkpt>
      <trkpt lat="44.341291998" lon="6.794768002">
        <ele>2489.95</ele>
      </trkpt>
      <trkpt lat="44.341336999" lon="6.7948">
        <ele>2490.68</ele>
      </trkpt>
      <trkpt lat="44.341400996" lon="6.794826001">
        <ele>2491.42</ele>
      </trkpt>
      <trkpt lat="44.341467002" lon="6.794834004">
        <ele>2491.61</ele>
      </trkpt>
      <trkpt lat="44.341596999" lon="6.794816006">
        <ele>2491.79</ele>
      </trkpt>
      <trkpt lat="44.341731996" lon="6.794774007">
        <ele>2493.69</ele>
      </trkpt>
      <trkpt lat="44.341779998" lon="6.794753">
        <ele>2495.62</ele>
      </trkpt>
      <trkpt lat="44.341837998" lon="6.794706004">
        <ele>2496.79</ele>
      </trkpt>
      <trkpt lat="44.341892002" lon="6.794649999">
        <ele>2498.17</ele>
      </trkpt>
      <trkpt lat="44.341940004" lon="6.794587992">
        <ele>2499.45</ele>
      </trkpt>
      <trkpt lat="44.341997001" lon="6.794538994">
        <ele>2498.1</ele>
      </trkpt>
      <trkpt lat="44.342074998" lon="6.794502995">
        <ele>2498.04</ele>
      </trkpt>
      <trkpt lat="44.342302001" lon="6.794434008">
        <ele>2501.03</ele>
      </trkpt>
      <trkpt lat="44.342528996" lon="6.794364994">
        <ele>2505.44</ele>
      </trkpt>
      <trkpt lat="44.342940997" lon="6.794273002">
        <ele>2509.46</ele>
      </trkpt>
      <trkpt lat="44.343194999" lon="6.794209">
        <ele>2513.85</ele>
      </trkpt>
      <trkpt lat="44.343257998" lon="6.794207005">
        <ele>2518.03</ele>
      </trkpt>
      <trkpt lat="44.343320004" lon="6.794226996">
        <ele>2518.36</ele>
      </trkpt>
      <trkpt lat="44.343533001" lon="6.794362001">
        <ele>2517.96</ele>
      </trkpt>
      <trkpt lat="44.343617998" lon="6.794372004">
        <ele>2517.92</ele>
      </trkpt>
      <trkpt lat="44.343804001" lon="6.794346003">
        <ele>2518.29</ele>
      </trkpt>
      <trkpt lat="44.343840001" lon="6.794356001">
        <ele>2517.43</ele>
      </trkpt>
      <trkpt lat="44.343875002" lon="6.794379004">
        <ele>2518.43</ele>
      </trkpt>
      <trkpt lat="44.343907994" lon="6.794425005">
        <ele>2518.89</ele>
      </trkpt>
      <trkpt lat="44.343926006" lon="6.794470002">
        <ele>2519.75</ele>
      </trkpt>
      <trkpt lat="44.343934996" lon="6.794525998">
        <ele>2521.05</ele>
      </trkpt>
      <trkpt lat="44.343932004" lon="6.794573003">
        <ele>2522.8</ele>
      </trkpt>
      <trkpt lat="44.343917997" lon="6.794619006">
        <ele>2523.82</ele>
      </trkpt>
      <trkpt lat="44.343896001" lon="6.794654993">
        <ele>2524.41</ele>
      </trkpt>
      <trkpt lat="44.343862001" lon="6.794686006">
        <ele>2524.21</ele>
      </trkpt>
      <trkpt lat="44.343702995" lon="6.794679996">
        <ele>2524.1</ele>
      </trkpt>
      <trkpt lat="44.343454003" lon="6.794668006">
        <ele>2524.03</ele>
      </trkpt>
      <trkpt lat="44.343399002" lon="6.794661004">
        <ele>2523.86</ele>
      </trkpt>
      <trkpt lat="44.343342998" lon="6.794669997">
        <ele>2524.16</ele>
      </trkpt>
      <trkpt lat="44.343284001" lon="6.794695994">
        <ele>2525.17</ele>
      </trkpt>
      <trkpt lat="44.343248003" lon="6.794723005">
        <ele>2527.34</ele>
      </trkpt>
      <trkpt lat="44.343212999" lon="6.794763004">
        <ele>2526.57</ele>
      </trkpt>
      <trkpt lat="44.342952002" lon="6.795137995">
        <ele>2528.38</ele>
      </trkpt>
      <trkpt lat="44.342866" lon="6.795237">
        <ele>2530.13</ele>
      </trkpt>
      <trkpt lat="44.342806995" lon="6.795287998">
        <ele>2531.86</ele>
      </trkpt>
      <trkpt lat="44.342742" lon="6.795327996">
        <ele>2531.63</ele>
      </trkpt>
      <trkpt lat="44.342690001" lon="6.795351999">
        <ele>2534.03</ele>
      </trkpt>
      <trkpt lat="44.342541995" lon="6.795402996">
        <ele>2533.58</ele>
      </trkpt>
      <trkpt lat="44.342498998" lon="6.795438001">
        <ele>2533</ele>
      </trkpt>
      <trkpt lat="44.342471001" lon="6.795481006">
        <ele>2532.3</ele>
      </trkpt>
      <trkpt lat="44.342456999" lon="6.795542002">
        <ele>2531.99</ele>
      </trkpt>
      <trkpt lat="44.342465999" lon="6.795592999">
        <ele>2531.61</ele>
      </trkpt>
      <trkpt lat="44.342489002" lon="6.795630996">
        <ele>2531.18</ele>
      </trkpt>
      <trkpt lat="44.342525006" lon="6.795656001">
        <ele>2531.65</ele>
      </trkpt>
      <trkpt lat="44.34259" lon="6.795649998">
        <ele>2532.17</ele>
      </trkpt>
      <trkpt lat="44.342652998" lon="6.795659005">
        <ele>2532.8</ele>
      </trkpt>
      <trkpt lat="44.342699001" lon="6.795674999">
        <ele>2533.52</ele>
      </trkpt>
      <trkpt lat="44.342742002" lon="6.795702005">
        <ele>2534.62</ele>
      </trkpt>
      <trkpt lat="44.342773999" lon="6.795727997">
        <ele>2534.77</ele>
      </trkpt>
      <trkpt lat="44.342956006" lon="6.795931001">
        <ele>2535.4</ele>
      </trkpt>
      <trkpt lat="44.343016002" lon="6.796028002">
        <ele>2535.7</ele>
      </trkpt>
      <trkpt lat="44.343070997" lon="6.796160997">
        <ele>2535.69</ele>
      </trkpt>
      <trkpt lat="44.343114995" lon="6.796315998">
        <ele>2536.68</ele>
      </trkpt>
      <trkpt lat="44.343164002" lon="6.796465005">
        <ele>2537.65</ele>
      </trkpt>
      <trkpt lat="44.343215004" lon="6.796586004">
        <ele>2537.97</ele>
      </trkpt>
      <trkpt lat="44.343266996" lon="6.796693997">
        <ele>2538.37</ele>
      </trkpt>
      <trkpt lat="44.343311997" lon="6.796804008">
        <ele>2539.43</ele>
      </trkpt>
      <trkpt lat="44.343349003" lon="6.796918996">
        <ele>2539</ele>
      </trkpt>
      <trkpt lat="44.343391996" lon="6.797084002">
        <ele>2538.53</ele>
      </trkpt>
      <trkpt lat="44.343428996" lon="6.797194997">
        <ele>2538.82</ele>
      </trkpt>
      <trkpt lat="44.343468" lon="6.797285003">
        <ele>2540.23</ele>
      </trkpt>
      <trkpt lat="44.343504001" lon="6.797354992">
        <ele>2540.92</ele>
      </trkpt>
      <trkpt lat="44.343552999" lon="6.797469002">
        <ele>2541.21</ele>
      </trkpt>
      <trkpt lat="44.343607003" lon="6.797603001">
        <ele>2542.76</ele>
      </trkpt>
      <trkpt lat="44.343685" lon="6.797788">
        <ele>2543.6</ele>
      </trkpt>
      <trkpt lat="44.343707995" lon="6.797827003">
        <ele>2543.32</ele>
      </trkpt>
      <trkpt lat="44.343725999" lon="6.797873997">
        <ele>2543.24</ele>
      </trkpt>
      <trkpt lat="44.343742999" lon="6.797954002">
        <ele>2544.72</ele>
      </trkpt>
      <trkpt lat="44.343746005" lon="6.798016994">
        <ele>2544.96</ele>
      </trkpt>
      <trkpt lat="44.343766003" lon="6.798160994">
        <ele>2548.94</ele>
      </trkpt>
      <trkpt lat="44.343790001" lon="6.798197001">
        <ele>2553</ele>
      </trkpt>
      <trkpt lat="44.343807996" lon="6.798208003">
        <ele>2553.76</ele>
      </trkpt>
      <trkpt lat="44.343826998" lon="6.798210998">
        <ele>2553.71</ele>
      </trkpt>
      <trkpt lat="44.343860997" lon="6.798197004">
        <ele>2554</ele>
      </trkpt>
      <trkpt lat="44.343887003" lon="6.798152999">
        <ele>2551.89</ele>
      </trkpt>
      <trkpt lat="44.343909998" lon="6.798103003">
        <ele>2550.28</ele>
      </trkpt>
      <trkpt lat="44.344040999" lon="6.797728003">
        <ele>2552.65</ele>
      </trkpt>
      <trkpt lat="44.344048994" lon="6.797669001">
        <ele>2555.39</ele>
      </trkpt>
      <trkpt lat="44.344052002" lon="6.797578006">
        <ele>2555.78</ele>
      </trkpt>
      <trkpt lat="44.344039997" lon="6.797488001">
        <ele>2555.44</ele>
      </trkpt>
      <trkpt lat="44.343966999" lon="6.797326003">
        <ele>2554.89</ele>
      </trkpt>
      <trkpt lat="44.343880997" lon="6.797151995">
        <ele>2553.98</ele>
      </trkpt>
      <trkpt lat="44.343864" lon="6.797104001">
        <ele>2552.85</ele>
      </trkpt>
      <trkpt lat="44.343855002" lon="6.797053995">
        <ele>2552.99</ele>
      </trkpt>
      <trkpt lat="44.343856" lon="6.796969006">
        <ele>2552.75</ele>
      </trkpt>
      <trkpt lat="44.343866997" lon="6.796917">
        <ele>2552.49</ele>
      </trkpt>
      <trkpt lat="44.343879002" lon="6.796888004">
        <ele>2552.14</ele>
      </trkpt>
      <trkpt lat="44.343894995" lon="6.796862002">
        <ele>2551.57</ele>
      </trkpt>
      <trkpt lat="44.343916" lon="6.796843003">
        <ele>2551.88</ele>
      </trkpt>
      <trkpt lat="44.343942998" lon="6.796830008">
        <ele>2552.04</ele>
      </trkpt>
      <trkpt lat="44.343962" lon="6.796833002">
        <ele>2552.04</ele>
      </trkpt>
      <trkpt lat="44.343996004" lon="6.796858">
        <ele>2553.3</ele>
      </trkpt>
      <trkpt lat="44.344014002" lon="6.796883005">
        <ele>2554.7</ele>
      </trkpt>
      <trkpt lat="44.344030001" lon="6.796925996">
        <ele>2555.82</ele>
      </trkpt>
      <trkpt lat="44.344051999" lon="6.797062998">
        <ele>2556.86</ele>
      </trkpt>
      <trkpt lat="44.344080003" lon="6.797166999">
        <ele>2557.91</ele>
      </trkpt>
      <trkpt lat="44.344104001" lon="6.797232001">
        <ele>2557.61</ele>
      </trkpt>
      <trkpt lat="44.344129001" lon="6.797267999">
        <ele>2559.63</ele>
      </trkpt>
      <trkpt lat="44.344207" lon="6.797351995">
        <ele>2561.39</ele>
      </trkpt>
      <trkpt lat="44.344355995" lon="6.797465994">
        <ele>2562.79</ele>
      </trkpt>
      <trkpt lat="44.344440999" lon="6.797509998">
        <ele>2566.13</ele>
      </trkpt>
      <trkpt lat="44.344539994" lon="6.797539003">
        <ele>2569.23</ele>
      </trkpt>
      <trkpt lat="44.344599001" lon="6.797579003">
        <ele>2571.38</ele>
      </trkpt>
      <trkpt lat="44.344632999" lon="6.797618003">
        <ele>2573.93</ele>
      </trkpt>
      <trkpt lat="44.344697001" lon="6.797801992">
        <ele>2576.84</ele>
      </trkpt>
      <trkpt lat="44.344712001" lon="6.797828994">
        <ele>2577.65</ele>
      </trkpt>
      <trkpt lat="44.344732997" lon="6.797852002">
        <ele>2578.59</ele>
      </trkpt>
      <trkpt lat="44.344764001" lon="6.797872002">
        <ele>2577.83</ele>
      </trkpt>
      <trkpt lat="44.344791" lon="6.797877003">
        <ele>2577.03</ele>
      </trkpt>
      <trkpt lat="44.344817004" lon="6.797874">
        <ele>2577.79</ele>
      </trkpt>
      <trkpt lat="44.344860004" lon="6.797852999">
        <ele>2576.38</ele>
      </trkpt>
      <trkpt lat="44.344937999" lon="6.797797009">
        <ele>2574.69</ele>
      </trkpt>
      <trkpt lat="44.345011003" lon="6.797712">
        <ele>2572.99</ele>
      </trkpt>
      <trkpt lat="44.34508" lon="6.797646992">
        <ele>2571.23</ele>
      </trkpt>
      <trkpt lat="44.345100998" lon="6.797641004">
        <ele>2570.1</ele>
      </trkpt>
      <trkpt lat="44.345134994" lon="6.797637005">
        <ele>2571.17</ele>
      </trkpt>
      <trkpt lat="44.345168" lon="6.797646">
        <ele>2572.53</ele>
      </trkpt>
      <trkpt lat="44.345193998" lon="6.797663002">
        <ele>2573.88</ele>
      </trkpt>
      <trkpt lat="44.345216997" lon="6.797686999">
        <ele>2575.38</ele>
      </trkpt>
      <trkpt lat="44.34524" lon="6.797732007">
        <ele>2575.98</ele>
      </trkpt>
      <trkpt lat="44.345252001" lon="6.797766003">
        <ele>2576.8</ele>
      </trkpt>
      <trkpt lat="44.345256002" lon="6.797814006">
        <ele>2577.84</ele>
      </trkpt>
      <trkpt lat="44.345250994" lon="6.797869002">
        <ele>2579.15</ele>
      </trkpt>
      <trkpt lat="44.345238997" lon="6.797904001">
        <ele>2580.68</ele>
      </trkpt>
      <trkpt lat="44.345218998" lon="6.797945007">
        <ele>2581.21</ele>
      </trkpt>
      <trkpt lat="44.345191997" lon="6.797980004">
        <ele>2580.54</ele>
      </trkpt>
      <trkpt lat="44.345164001" lon="6.798011996">
        <ele>2580.73</ele>
      </trkpt>
      <trkpt lat="44.345132999" lon="6.798036">
        <ele>2579.13</ele>
      </trkpt>
      <trkpt lat="44.344935003" lon="6.798146996">
        <ele>2580.26</ele>
      </trkpt>
      <trkpt lat="44.344843998" lon="6.798176004">
        <ele>2581.82</ele>
      </trkpt>
      <trkpt lat="44.344755997" lon="6.798217998">
        <ele>2584.73</ele>
      </trkpt>
      <trkpt lat="44.344672002" lon="6.798270006">
        <ele>2583.66</ele>
      </trkpt>
      <trkpt lat="44.344640002" lon="6.798294997">
        <ele>2584.44</ele>
      </trkpt>
      <trkpt lat="44.344554" lon="6.798384005">
        <ele>2582.92</ele>
      </trkpt>
      <trkpt lat="44.344501998" lon="6.798454007">
        <ele>2580.83</ele>
      </trkpt>
      <trkpt lat="44.344390997" lon="6.798580003">
        <ele>2578.21</ele>
      </trkpt>
      <trkpt lat="44.344285001" lon="6.798713996">
        <ele>2578.24</ele>
      </trkpt>
      <trkpt lat="44.344262997" lon="6.798764008">
        <ele>2577.65</ele>
      </trkpt>
      <trkpt lat="44.344247003" lon="6.798819999">
        <ele>2576.15</ele>
      </trkpt>
      <trkpt lat="44.344241003" lon="6.798880993">
        <ele>2574.15</ele>
      </trkpt>
      <trkpt lat="44.344241002" lon="6.798929003">
        <ele>2576.93</ele>
      </trkpt>
      <trkpt lat="44.344249994" lon="6.798988002">
        <ele>2579.75</ele>
      </trkpt>
      <trkpt lat="44.344317994" lon="6.799177998">
        <ele>2582.72</ele>
      </trkpt>
      <trkpt lat="44.344331004" lon="6.799266">
        <ele>2585.64</ele>
      </trkpt>
      <trkpt lat="44.344333001" lon="6.799341998">
        <ele>2588.4</ele>
      </trkpt>
      <trkpt lat="44.344321002" lon="6.799454002">
        <ele>2586.32</ele>
      </trkpt>
      <trkpt lat="44.3443" lon="6.799609005">
        <ele>2584.22</ele>
      </trkpt>
      <trkpt lat="44.344296003" lon="6.799707996">
        <ele>2582.2</ele>
      </trkpt>
      <trkpt lat="44.344299002" lon="6.799791998">
        <ele>2582.94</ele>
      </trkpt>
      <trkpt lat="44.344295005" lon="6.799843005">
        <ele>2584.19</ele>
      </trkpt>
      <trkpt lat="44.344283997" lon="6.799912994">
        <ele>2585.82</ele>
      </trkpt>
      <trkpt lat="44.344257002" lon="6.799994995">
        <ele>2587.87</ele>
      </trkpt>
      <trkpt lat="44.344229001" lon="6.800055003">
        <ele>2592.82</ele>
      </trkpt>
      <trkpt lat="44.344202999" lon="6.800096006">
        <ele>2593.27</ele>
      </trkpt>
      <trkpt lat="44.344028997" lon="6.800320998">
        <ele>2593.71</ele>
      </trkpt>
      <trkpt lat="44.343986001" lon="6.800387998">
        <ele>2593.88</ele>
      </trkpt>
      <trkpt lat="44.343957995" lon="6.800445003">
        <ele>2593.67</ele>
      </trkpt>
      <trkpt lat="44.343916002" lon="6.800555998">
        <ele>2593.53</ele>
      </trkpt>
      <trkpt lat="44.343894" lon="6.800656995">
        <ele>2595.38</ele>
      </trkpt>
      <trkpt lat="44.343802003" lon="6.800978008">
        <ele>2597.31</ele>
      </trkpt>
      <trkpt lat="44.343781" lon="6.801060009">
        <ele>2599.65</ele>
      </trkpt>
      <trkpt lat="44.343748998" lon="6.801138998">
        <ele>2602.43</ele>
      </trkpt>
      <trkpt lat="44.343701001" lon="6.801225001">
        <ele>2602.58</ele>
      </trkpt>
      <trkpt lat="44.343662998" lon="6.801274">
        <ele>2601.33</ele>
      </trkpt>
      <trkpt lat="44.343623005" lon="6.801317993">
        <ele>2600.34</ele>
      </trkpt>
      <trkpt lat="44.343400998" lon="6.801461005">
        <ele>2602.83</ele>
      </trkpt>
      <trkpt lat="44.343302999" lon="6.801539004">
        <ele>2602.56</ele>
      </trkpt>
      <trkpt lat="44.343208002" lon="6.801628996">
        <ele>2603.13</ele>
      </trkpt>
      <trkpt lat="44.343119001" lon="6.801727992">
        <ele>2605.95</ele>
      </trkpt>
      <trkpt lat="44.343018004" lon="6.801807998">
        <ele>2605.99</ele>
      </trkpt>
      <trkpt lat="44.342946994" lon="6.801854002">
        <ele>2604.99</ele>
      </trkpt>
      <trkpt lat="44.342869001" lon="6.801893998">
        <ele>2606.95</ele>
      </trkpt>
      <trkpt lat="44.342574" lon="6.802026994">
        <ele>2608.28</ele>
      </trkpt>
      <trkpt lat="44.34252" lon="6.802044993">
        <ele>2609.16</ele>
      </trkpt>
      <trkpt lat="44.342457" lon="6.802047004">
        <ele>2610.38</ele>
      </trkpt>
      <trkpt lat="44.34241" lon="6.802039">
        <ele>2609.99</ele>
      </trkpt>
      <trkpt lat="44.342252998" lon="6.801949998">
        <ele>2610.27</ele>
      </trkpt>
      <trkpt lat="44.342188" lon="6.801934997">
        <ele>2607.28</ele>
      </trkpt>
      <trkpt lat="44.342120006" lon="6.801930005">
        <ele>2604.87</ele>
      </trkpt>
      <trkpt lat="44.342053" lon="6.801941002">
        <ele>2609</ele>
      </trkpt>
      <trkpt lat="44.342001001" lon="6.801958996">
        <ele>2612.69</ele>
      </trkpt>
      <trkpt lat="44.341873995" lon="6.802032998">
        <ele>2614.34</ele>
      </trkpt>
      <trkpt lat="44.341810002" lon="6.802064">
        <ele>2619.29</ele>
      </trkpt>
      <trkpt lat="44.341759998" lon="6.802079002">
        <ele>2624.48</ele>
      </trkpt>
      <trkpt lat="44.341714003" lon="6.802074005">
        <ele>2625.66</ele>
      </trkpt>
      <trkpt lat="44.341577003" lon="6.802043006">
        <ele>2626.75</ele>
      </trkpt>
      <trkpt lat="44.341373999" lon="6.801975001">
        <ele>2628.23</ele>
      </trkpt>
      <trkpt lat="44.341323002" lon="6.801969994">
        <ele>2626.92</ele>
      </trkpt>
      <trkpt lat="44.341263004" lon="6.801953998">
        <ele>2626.4</ele>
      </trkpt>
      <trkpt lat="44.341186004" lon="6.801916003">
        <ele>2626.82</ele>
      </trkpt>
      <trkpt lat="44.341067997" lon="6.801832999">
        <ele>2624.12</ele>
      </trkpt>
      <trkpt lat="44.340991003" lon="6.801798997">
        <ele>2622.93</ele>
      </trkpt>
      <trkpt lat="44.340930001" lon="6.801787003">
        <ele>2625.03</ele>
      </trkpt>
      <trkpt lat="44.340691996" lon="6.801762999">
        <ele>2626.36</ele>
      </trkpt>
      <trkpt lat="44.340630002" lon="6.801749996">
        <ele>2628.14</ele>
      </trkpt>
      <trkpt lat="44.340552" lon="6.801722998">
        <ele>2630.88</ele>
      </trkpt>
      <trkpt lat="44.340433002" lon="6.801659003">
        <ele>2631.46</ele>
      </trkpt>
      <trkpt lat="44.340348996" lon="6.801594004">
        <ele>2631.46</ele>
      </trkpt>
      <trkpt lat="44.339995001" lon="6.801357004">
        <ele>2630.65</ele>
      </trkpt>
      <trkpt lat="44.339954997" lon="6.801338999">
        <ele>2628.33</ele>
      </trkpt>
      <trkpt lat="44.339910002" lon="6.801339997">
        <ele>2624.58</ele>
      </trkpt>
      <trkpt lat="44.339873998" lon="6.801351003">
        <ele>2622.06</ele>
      </trkpt>
      <trkpt lat="44.339841995" lon="6.801374999">
        <ele>2622.68</ele>
      </trkpt>
      <trkpt lat="44.339801004" lon="6.801439001">
        <ele>2623.24</ele>
      </trkpt>
      <trkpt lat="44.339740002" lon="6.801560992">
        <ele>2619.69</ele>
      </trkpt>
      <trkpt lat="44.339630006" lon="6.801865">
        <ele>2623.82</ele>
      </trkpt>
      <trkpt lat="44.339574999" lon="6.801957997">
        <ele>2627.18</ele>
      </trkpt>
      <trkpt lat="44.339516002" lon="6.802029001">
        <ele>2628.1</ele>
      </trkpt>
      <trkpt lat="44.339293002" lon="6.802220002">
        <ele>2633.47</ele>
      </trkpt>
      <trkpt lat="44.339148999" lon="6.802311995">
        <ele>2643.47</ele>
      </trkpt>
      <trkpt lat="44.338798998" lon="6.802487998">
        <ele>2646.19</ele>
      </trkpt>
      <trkpt lat="44.338757004" lon="6.802502005">
        <ele>2650.67</ele>
      </trkpt>
      <trkpt lat="44.338722999" lon="6.802506">
        <ele>2654.97</ele>
      </trkpt>
      <trkpt lat="44.338671001" lon="6.802499997">
        <ele>2656.56</ele>
      </trkpt>
      <trkpt lat="44.338621001" lon="6.802481006">
        <ele>2654.45</ele>
      </trkpt>
      <trkpt lat="44.338495998" lon="6.802408006">
        <ele>2655.57</ele>
      </trkpt>
      <trkpt lat="44.338375002" lon="6.802333004">
        <ele>2656.04</ele>
      </trkpt>
      <trkpt lat="44.338271" lon="6.802267995">
        <ele>2655.51</ele>
      </trkpt>
      <trkpt lat="44.338195998" lon="6.802190996">
        <ele>2653.64</ele>
      </trkpt>
      <trkpt lat="44.338137997" lon="6.802141997">
        <ele>2655</ele>
      </trkpt>
      <trkpt lat="44.338004996" lon="6.802053997">
        <ele>2656.68</ele>
      </trkpt>
      <trkpt lat="44.337765002" lon="6.801945001">
        <ele>2657.24</ele>
      </trkpt>
      <trkpt lat="44.337688998" lon="6.801910001">
        <ele>2658.81</ele>
      </trkpt>
      <trkpt lat="44.337635001" lon="6.801874997">
        <ele>2660.47</ele>
      </trkpt>
      <trkpt lat="44.337547005" lon="6.801811001">
        <ele>2661.31</ele>
      </trkpt>
      <trkpt lat="44.337464994" lon="6.801741996">
        <ele>2661.12</ele>
      </trkpt>
      <trkpt lat="44.337326996" lon="6.801571002">
        <ele>2661.99</ele>
      </trkpt>
      <trkpt lat="44.337177996" lon="6.801396006">
        <ele>2661.02</ele>
      </trkpt>
      <trkpt lat="44.337115996" lon="6.801341994">
        <ele>2659.6</ele>
      </trkpt>
      <trkpt lat="44.337057995" lon="6.801305002">
        <ele>2659.04</ele>
      </trkpt>
      <trkpt lat="44.337009003" lon="6.801283996">
        <ele>2658.98</ele>
      </trkpt>
      <trkpt lat="44.336958003" lon="6.801271004">
        <ele>2658.88</ele>
      </trkpt>
      <trkpt lat="44.336901004" lon="6.801272">
        <ele>2659.88</ele>
      </trkpt>
      <trkpt lat="44.336852997" lon="6.801283996">
        <ele>2657.84</ele>
      </trkpt>
      <trkpt lat="44.336814003" lon="6.801303">
        <ele>2655.05</ele>
      </trkpt>
      <trkpt lat="44.336771003" lon="6.801331003">
        <ele>2651.67</ele>
      </trkpt>
      <trkpt lat="44.336730995" lon="6.801420005">
        <ele>2647.75</ele>
      </trkpt>
      <trkpt lat="44.336716004" lon="6.801479006">
        <ele>2644.91</ele>
      </trkpt>
      <trkpt lat="44.336708004" lon="6.801541992">
        <ele>2645.2</ele>
      </trkpt>
      <trkpt lat="44.336703" lon="6.801835001">
        <ele>2645.71</ele>
      </trkpt>
      <trkpt lat="44.336712003" lon="6.802260003">
        <ele>2649.11</ele>
      </trkpt>
      <trkpt lat="44.336720999" lon="6.802798992">
        <ele>2652.04</ele>
      </trkpt>
      <trkpt lat="44.336715996" lon="6.802890997">
        <ele>2653.14</ele>
      </trkpt>
      <trkpt lat="44.336699996" lon="6.803042999">
        <ele>2655.78</ele>
      </trkpt>
      <trkpt lat="44.336696999" lon="6.803164005">
        <ele>2659.68</ele>
      </trkpt>
      <trkpt lat="44.336701997" lon="6.803298005">
        <ele>2659.14</ele>
      </trkpt>
      <trkpt lat="44.336679005" lon="6.803662998">
        <ele>2658.66</ele>
      </trkpt>
      <trkpt lat="44.336669004" lon="6.803932002">
        <ele>2661.93</ele>
      </trkpt>
      <trkpt lat="44.336659002" lon="6.804045004">
        <ele>2662.76</ele>
      </trkpt>
      <trkpt lat="44.336641003" lon="6.804156">
        <ele>2662.03</ele>
      </trkpt>
      <trkpt lat="44.336615999" lon="6.804265006">
        <ele>2664.92</ele>
      </trkpt>
      <trkpt lat="44.336580001" lon="6.804392999">
        <ele>2668.15</ele>
      </trkpt>
      <trkpt lat="44.336564004" lon="6.804479996">
        <ele>2667.88</ele>
      </trkpt>
      <trkpt lat="44.336549999" lon="6.804579996">
        <ele>2667.85</ele>
      </trkpt>
      <trkpt lat="44.336542998" lon="6.804681007">
        <ele>2668.18</ele>
      </trkpt>
      <trkpt lat="44.336543003" lon="6.804752994">
        <ele>2667.87</ele>
      </trkpt>
      <trkpt lat="44.336549003" lon="6.804802003">
        <ele>2667.47</ele>
      </trkpt>
      <trkpt lat="44.336580995" lon="6.805040001">
        <ele>2666.96</ele>
      </trkpt>
      <trkpt lat="44.336582996" lon="6.80516">
        <ele>2668.81</ele>
      </trkpt>
      <trkpt lat="44.336580002" lon="6.805283995">
        <ele>2669.97</ele>
      </trkpt>
      <trkpt lat="44.336575005" lon="6.805355998">
        <ele>2668.22</ele>
      </trkpt>
      <trkpt lat="44.336551003" lon="6.805548998">
        <ele>2665.94</ele>
      </trkpt>
      <trkpt lat="44.336508997" lon="6.805913992">
        <ele>2667.02</ele>
      </trkpt>
      <trkpt lat="44.336445994" lon="6.806489">
        <ele>2667.02</ele>
      </trkpt>
      <trkpt lat="44.336389001" lon="6.807109992">
        <ele>2667.52</ele>
      </trkpt>
      <trkpt lat="44.336338005" lon="6.807538995">
        <ele>2669.4</ele>
      </trkpt>
      <trkpt lat="44.336315004" lon="6.807639005">
        <ele>2671.63</ele>
      </trkpt>
      <trkpt lat="44.336280001" lon="6.807759994">
        <ele>2670.45</ele>
      </trkpt>
      <trkpt lat="44.336209001" lon="6.807943001">
        <ele>2671.23</ele>
      </trkpt>
      <trkpt lat="44.336131995" lon="6.808090999">
        <ele>2668.07</ele>
      </trkpt>
      <trkpt lat="44.336023004" lon="6.808334006">
        <ele>2669.73</ele>
      </trkpt>
      <trkpt lat="44.335909002" lon="6.808571">
        <ele>2671.83</ele>
      </trkpt>
      <trkpt lat="44.335799998" lon="6.808728999">
        <ele>2670.84</ele>
      </trkpt>
      <trkpt lat="44.335698" lon="6.808896006">
        <ele>2670.87</ele>
      </trkpt>
      <trkpt lat="44.335602996" lon="6.80907">
        <ele>2671.4</ele>
      </trkpt>
      <trkpt lat="44.335428" lon="6.809404004">
        <ele>2671.46</ele>
      </trkpt>
      <trkpt lat="44.335375005" lon="6.809490995">
        <ele>2671.85</ele>
      </trkpt>
      <trkpt lat="44.335313997" lon="6.809571005">
        <ele>2676.14</ele>
      </trkpt>
      <trkpt lat="44.335248" lon="6.809639994">
        <ele>2675.03</ele>
      </trkpt>
      <trkpt lat="44.335147003" lon="6.809717992">
        <ele>2678.53</ele>
      </trkpt>
      <trkpt lat="44.334853001" lon="6.809993999">
        <ele>2678.98</ele>
      </trkpt>
      <trkpt lat="44.334775995" lon="6.810052992">
        <ele>2680.28</ele>
      </trkpt>
      <trkpt lat="44.334696002" lon="6.810103008">
        <ele>2680.52</ele>
      </trkpt>
      <trkpt lat="44.334614996" lon="6.810144003">
        <ele>2680.41</ele>
      </trkpt>
      <trkpt lat="44.334395" lon="6.810230993">
        <ele>2683.58</ele>
      </trkpt>
      <trkpt lat="44.334210996" lon="6.810311">
        <ele>2686.35</ele>
      </trkpt>
      <trkpt lat="44.334129996" lon="6.810376002">
        <ele>2686.16</ele>
      </trkpt>
      <trkpt lat="44.334047997" lon="6.810434997">
        <ele>2687.42</ele>
      </trkpt>
      <trkpt lat="44.333962004" lon="6.810487006">
        <ele>2689.56</ele>
      </trkpt>
      <trkpt lat="44.333875001" lon="6.810530999">
        <ele>2688.41</ele>
      </trkpt>
      <trkpt lat="44.333745002" lon="6.810576004">
        <ele>2686.35</ele>
      </trkpt>
      <trkpt lat="44.333614006" lon="6.810610005">
        <ele>2686.93</ele>
      </trkpt>
      <trkpt lat="44.333460004" lon="6.810631999">
        <ele>2687.61</ele>
      </trkpt>
      <trkpt lat="44.333336999" lon="6.810637998">
        <ele>2687.97</ele>
      </trkpt>
      <trkpt lat="44.332951996" lon="6.810635998">
        <ele>2688.15</ele>
      </trkpt>
      <trkpt lat="44.332887998" lon="6.810632998">
        <ele>2689.18</ele>
      </trkpt>
      <trkpt lat="44.332775003" lon="6.810644002">
        <ele>2688.72</ele>
      </trkpt>
      <trkpt lat="44.332694996" lon="6.810664998">
        <ele>2687.84</ele>
      </trkpt>
      <trkpt lat="44.332618" lon="6.810699003">
        <ele>2690.63</ele>
      </trkpt>
      <trkpt lat="44.332574004" lon="6.810724996">
        <ele>2693.47</ele>
      </trkpt>
      <trkpt lat="44.332526002" lon="6.810767996">
        <ele>2696.56</ele>
      </trkpt>
      <trkpt lat="44.332481998" lon="6.810795005">
        <ele>2701.2</ele>
      </trkpt>
      <trkpt lat="44.332435004" lon="6.810811003">
        <ele>2703.33</ele>
      </trkpt>
      <trkpt lat="44.332387" lon="6.810818997">
        <ele>2703.35</ele>
      </trkpt>
      <trkpt lat="44.332306001" lon="6.810807006">
        <ele>2703.03</ele>
      </trkpt>
      <trkpt lat="44.332077001" lon="6.810736992">
        <ele>2702.26</ele>
      </trkpt>
      <trkpt lat="44.331992996" lon="6.810701005">
        <ele>2700.97</ele>
      </trkpt>
      <trkpt lat="44.331925995" lon="6.810664003">
        <ele>2702.36</ele>
      </trkpt>
      <trkpt lat="44.331862003" lon="6.810619997">
        <ele>2703.29</ele>
      </trkpt>
      <trkpt lat="44.331803003" lon="6.810569007">
        <ele>2704.35</ele>
      </trkpt>
      <trkpt lat="44.331731003" lon="6.810495007">
        <ele>2705.27</ele>
      </trkpt>
      <trkpt lat="44.331541" lon="6.810237995">
        <ele>2707.15</ele>
      </trkpt>
      <trkpt lat="44.331307006" lon="6.809939995">
        <ele>2708.25</ele>
      </trkpt>
      <trkpt lat="44.331235" lon="6.80983">
        <ele>2709.41</ele>
      </trkpt>
      <trkpt lat="44.331157994" lon="6.809727001">
        <ele>2710.6</ele>
      </trkpt>
      <trkpt lat="44.331074001" lon="6.809634995">
        <ele>2711.84</ele>
      </trkpt>
      <trkpt lat="44.330812" lon="6.809384998">
        <ele>2711.97</ele>
      </trkpt>
      <trkpt lat="44.330661997" lon="6.809218006">
        <ele>2712.45</ele>
      </trkpt>
      <trkpt lat="44.330661989" lon="6.809217981">
        <ele>2713.28</ele>
      </trkpt>
      <trkpt lat="44.33065909" lon="6.80921427">
        <ele>2713.91</ele>
      </trkpt>
      <trkpt lat="44.330498002" lon="6.809008002">
        <ele>2714.4</ele>
      </trkpt>
      <trkpt lat="44.330332002" lon="6.808801002">
        <ele>2715.04</ele>
      </trkpt>
      <trkpt lat="44.330245004" lon="6.808674999">
        <ele>2715.31</ele>
      </trkpt>
      <trkpt lat="44.330149999" lon="6.808557999">
        <ele>2715.32</ele>
      </trkpt>
      <trkpt lat="44.33001735" lon="6.808424369">
        <ele>2715.18</ele>
      </trkpt>
      <trkpt lat="44.330013997" lon="6.808421005">
        <ele>2714.39</ele>
      </trkpt>
      <trkpt lat="44.329999857" lon="6.808408529">
        <ele>2713.91</ele>
      </trkpt>
      <trkpt lat="44.329735003" lon="6.808174999">
        <ele>2713.83</ele>
      </trkpt>
      <trkpt lat="44.329652774" lon="6.808117354">
        <ele>2713.78</ele>
      </trkpt>
      <trkpt lat="44.329647997" lon="6.808113994">
        <ele>2713.23</ele>
      </trkpt>
      <trkpt lat="44.329640229" lon="6.808109818">
        <ele>2713.71</ele>
      </trkpt>
      <trkpt lat="44.329556997" lon="6.808065">
        <ele>2714.27</ele>
      </trkpt>
      <trkpt lat="44.329504248" lon="6.808046099">
        <ele>2714.86</ele>
      </trkpt>
      <trkpt lat="44.329423003" lon="6.808017008">
        <ele>2715.43</ele>
      </trkpt>
      <trkpt lat="44.329261708" lon="6.807932465">
        <ele>2717.4</ele>
      </trkpt>
      <trkpt lat="44.329256999" lon="6.807930002">
        <ele>2716.07</ele>
      </trkpt>
      <trkpt lat="44.329104996" lon="6.807867001">
        <ele>2715.89</ele>
      </trkpt>
      <trkpt lat="44.328887002" lon="6.807800004">
        <ele>2711.48</ele>
      </trkpt>
      <trkpt lat="44.328800995" lon="6.807782997">
        <ele>2709.55</ele>
      </trkpt>
      <trkpt lat="44.328714998" lon="6.807772997">
        <ele>2706.63</ele>
      </trkpt>
      <trkpt lat="44.328585385" lon="6.807771012">
        <ele>2706.68</ele>
      </trkpt>
      <trkpt lat="44.328584998" lon="6.807770999">
        <ele>2701.68</ele>
      </trkpt>
      <trkpt lat="44.328584365" lon="6.807771082">
        <ele>2707.33</ele>
      </trkpt>
      <trkpt lat="44.328456006" lon="6.807786996">
        <ele>2709.06</ele>
      </trkpt>
      <trkpt lat="44.328279" lon="6.807837003">
        <ele>2711.24</ele>
      </trkpt>
      <trkpt lat="44.3281" lon="6.807865005">
        <ele>2712.3</ele>
      </trkpt>
      <trkpt lat="44.327948601" lon="6.807910995">
        <ele>2716.84</ele>
      </trkpt>
      <trkpt lat="44.327784005" lon="6.807961007">
        <ele>2714.91</ele>
      </trkpt>
      <trkpt lat="44.327703546" lon="6.807964925">
        <ele>2714.39</ele>
      </trkpt>
      <trkpt lat="44.327702002" lon="6.807964997">
        <ele>2712.93</ele>
      </trkpt>
      <trkpt lat="44.327701948" lon="6.807964994">
        <ele>2712.29</ele>
      </trkpt>
      <trkpt lat="44.327620998" lon="6.807954994">
        <ele>2711.37</ele>
      </trkpt>
      <trkpt lat="44.327557001" lon="6.807934006">
        <ele>2709.5</ele>
      </trkpt>
      <trkpt lat="44.327511001" lon="6.807912006">
        <ele>2707.95</ele>
      </trkpt>
      <trkpt lat="44.327217001" lon="6.807743005">
        <ele>2707.69</ele>
      </trkpt>
      <trkpt lat="44.326992997" lon="6.807580004">
        <ele>2708.03</ele>
      </trkpt>
      <trkpt lat="44.326770002" lon="6.807416997">
        <ele>2706.93</ele>
      </trkpt>
      <trkpt lat="44.326699003" lon="6.807396004">
        <ele>2706.38</ele>
      </trkpt>
      <trkpt lat="44.326673994" lon="6.807407995">
        <ele>2705</ele>
      </trkpt>
      <trkpt lat="44.326654" lon="6.807436003">
        <ele>2702.53</ele>
      </trkpt>
      <trkpt lat="44.326634002" lon="6.807479992">
        <ele>2699.53</ele>
      </trkpt>
      <trkpt lat="44.326625002" lon="6.807515004">
        <ele>2698.04</ele>
      </trkpt>
      <trkpt lat="44.326625" lon="6.807558002">
        <ele>2697.28</ele>
      </trkpt>
      <trkpt lat="44.326635995" lon="6.807616001">
        <ele>2697.93</ele>
      </trkpt>
      <trkpt lat="44.326667995" lon="6.807659996">
        <ele>2698.09</ele>
      </trkpt>
      <trkpt lat="44.326733996" lon="6.807721995">
        <ele>2697.65</ele>
      </trkpt>
      <trkpt lat="44.326876002" lon="6.807821996">
        <ele>2697.77</ele>
      </trkpt>
      <trkpt lat="44.326987002" lon="6.807906003">
        <ele>2696.9</ele>
      </trkpt>
      <trkpt lat="44.327047005" lon="6.807958007">
        <ele>2695.68</ele>
      </trkpt>
      <trkpt lat="44.327130001" lon="6.808045003">
        <ele>2693.9</ele>
      </trkpt>
      <trkpt lat="44.327249004" lon="6.808186998">
        <ele>2694.07</ele>
      </trkpt>
      <trkpt lat="44.327482995" lon="6.808447996">
        <ele>2691.97</ele>
      </trkpt>
      <trkpt lat="44.327593998" lon="6.808578997">
        <ele>2690.5</ele>
      </trkpt>
      <trkpt lat="44.327674" lon="6.808683997">
        <ele>2688.52</ele>
      </trkpt>
      <trkpt lat="44.327733002" lon="6.808761999">
        <ele>2687.97</ele>
      </trkpt>
      <trkpt lat="44.327804998" lon="6.808845997">
        <ele>2686.34</ele>
      </trkpt>
      <trkpt lat="44.327866002" lon="6.808912006">
        <ele>2686.89</ele>
      </trkpt>
      <trkpt lat="44.327909004" lon="6.808954997">
        <ele>2687.76</ele>
      </trkpt>
      <trkpt lat="44.327968" lon="6.809002994">
        <ele>2688.94</ele>
      </trkpt>
      <trkpt lat="44.328028004" lon="6.809036997">
        <ele>2688.53</ele>
      </trkpt>
      <trkpt lat="44.328095002" lon="6.809078">
        <ele>2688.91</ele>
      </trkpt>
      <trkpt lat="44.328223003" lon="6.809145992">
        <ele>2689.29</ele>
      </trkpt>
      <trkpt lat="44.328332" lon="6.809209003">
        <ele>2689.74</ele>
      </trkpt>
      <trkpt lat="44.328378999" lon="6.809248999">
        <ele>2690.07</ele>
      </trkpt>
      <trkpt lat="44.328428998" lon="6.809308005">
        <ele>2690.38</ele>
      </trkpt>
      <trkpt lat="44.328458999" lon="6.809352997">
        <ele>2689.81</ele>
      </trkpt>
      <trkpt lat="44.328488997" lon="6.809410005">
        <ele>2688.25</ele>
      </trkpt>
      <trkpt lat="44.328501998" lon="6.809453">
        <ele>2686.44</ele>
      </trkpt>
      <trkpt lat="44.328531997" lon="6.809529003">
        <ele>2684.5</ele>
      </trkpt>
      <trkpt lat="44.328574001" lon="6.809613008">
        <ele>2684.25</ele>
      </trkpt>
      <trkpt lat="44.328607999" lon="6.809661998">
        <ele>2683.83</ele>
      </trkpt>
      <trkpt lat="44.328667001" lon="6.809726996">
        <ele>2683.2</ele>
      </trkpt>
      <trkpt lat="44.328822997" lon="6.809896006">
        <ele>2683.05</ele>
      </trkpt>
      <trkpt lat="44.328923006" lon="6.810014999">
        <ele>2681.55</ele>
      </trkpt>
      <trkpt lat="44.329006002" lon="6.810115999">
        <ele>2679.34</ele>
      </trkpt>
      <trkpt lat="44.329084995" lon="6.810223008">
        <ele>2677.49</ele>
      </trkpt>
      <trkpt lat="44.329176994" lon="6.810336994">
        <ele>2676.65</ele>
      </trkpt>
      <trkpt lat="44.329223002" lon="6.810384006">
        <ele>2674.03</ele>
      </trkpt>
      <trkpt lat="44.329279994" lon="6.810437006">
        <ele>2673.04</ele>
      </trkpt>
      <trkpt lat="44.329320003" lon="6.810466">
        <ele>2672.86</ele>
      </trkpt>
      <trkpt lat="44.329375998" lon="6.810487997">
        <ele>2673.11</ele>
      </trkpt>
      <trkpt lat="44.329418995" lon="6.810496">
        <ele>2672.1</ele>
      </trkpt>
      <trkpt lat="44.32951" lon="6.810504006">
        <ele>2672.58</ele>
      </trkpt>
      <trkpt lat="44.329622994" lon="6.810511998">
        <ele>2673.08</ele>
      </trkpt>
      <trkpt lat="44.329669005" lon="6.810521999">
        <ele>2673.92</ele>
      </trkpt>
      <trkpt lat="44.329726998" lon="6.810535995">
        <ele>2673.67</ele>
      </trkpt>
      <trkpt lat="44.329817001" lon="6.810568994">
        <ele>2673.88</ele>
      </trkpt>
      <trkpt lat="44.330018994" lon="6.810653006">
        <ele>2673.05</ele>
      </trkpt>
      <trkpt lat="44.330166998" lon="6.810712004">
        <ele>2672.32</ele>
      </trkpt>
      <trkpt lat="44.330317" lon="6.810789004">
        <ele>2669.63</ele>
      </trkpt>
      <trkpt lat="44.330367999" lon="6.810822003">
        <ele>2667.66</ele>
      </trkpt>
      <trkpt lat="44.330426997" lon="6.810864994">
        <ele>2666.64</ele>
      </trkpt>
      <trkpt lat="44.330459999" lon="6.810898">
        <ele>2666.54</ele>
      </trkpt>
      <trkpt lat="44.330504999" lon="6.810946001">
        <ele>2666.17</ele>
      </trkpt>
      <trkpt lat="44.330537004" lon="6.810987992">
        <ele>2667.35</ele>
      </trkpt>
      <trkpt lat="44.330572" lon="6.811041999">
        <ele>2667.17</ele>
      </trkpt>
      <trkpt lat="44.330604995" lon="6.811095997">
        <ele>2666.61</ele>
      </trkpt>
      <trkpt lat="44.330644" lon="6.811174996">
        <ele>2666.14</ele>
      </trkpt>
      <trkpt lat="44.330671004" lon="6.811231001">
        <ele>2665.18</ele>
      </trkpt>
      <trkpt lat="44.330715001" lon="6.811349006">
        <ele>2663.97</ele>
      </trkpt>
      <trkpt lat="44.330753997" lon="6.811454997">
        <ele>2663.68</ele>
      </trkpt>
      <trkpt lat="44.330796" lon="6.811598004">
        <ele>2663.1</ele>
      </trkpt>
      <trkpt lat="44.330829002" lon="6.811709996">
        <ele>2661.85</ele>
      </trkpt>
      <trkpt lat="44.330859997" lon="6.811857007">
        <ele>2661.07</ele>
      </trkpt>
      <trkpt lat="44.330881998" lon="6.811989992">
        <ele>2659.9</ele>
      </trkpt>
      <trkpt lat="44.330890999" lon="6.812080996">
        <ele>2659.28</ele>
      </trkpt>
      <trkpt lat="44.330903001" lon="6.812223993">
        <ele>2658.2</ele>
      </trkpt>
      <trkpt lat="44.330902999" lon="6.812459994">
        <ele>2657.9</ele>
      </trkpt>
      <trkpt lat="44.330896001" lon="6.812741">
        <ele>2657.15</ele>
      </trkpt>
      <trkpt lat="44.330889003" lon="6.81289">
        <ele>2656.63</ele>
      </trkpt>
      <trkpt lat="44.330876998" lon="6.813002001">
        <ele>2655.61</ele>
      </trkpt>
      <trkpt lat="44.330859996" lon="6.813083998">
        <ele>2656.33</ele>
      </trkpt>
      <trkpt lat="44.330833001" lon="6.813159998">
        <ele>2656.39</ele>
      </trkpt>
      <trkpt lat="44.330777996" lon="6.813303003">
        <ele>2656.44</ele>
      </trkpt>
      <trkpt lat="44.330732005" lon="6.813394008">
        <ele>2655.66</ele>
      </trkpt>
      <trkpt lat="44.330697002" lon="6.813480002">
        <ele>2655.1</ele>
      </trkpt>
      <trkpt lat="44.330654004" lon="6.813610996">
        <ele>2652.99</ele>
      </trkpt>
      <trkpt lat="44.330614" lon="6.813757998">
        <ele>2651.51</ele>
      </trkpt>
      <trkpt lat="44.330575002" lon="6.813968999">
        <ele>2649.68</ele>
      </trkpt>
      <trkpt lat="44.330538995" lon="6.814178996">
        <ele>2648.88</ele>
      </trkpt>
      <trkpt lat="44.330512" lon="6.814404001">
        <ele>2646.96</ele>
      </trkpt>
      <trkpt lat="44.330492001" lon="6.814597009">
        <ele>2645.66</ele>
      </trkpt>
      <trkpt lat="44.330477001" lon="6.814888999">
        <ele>2643.65</ele>
      </trkpt>
      <trkpt lat="44.330465" lon="6.815212994">
        <ele>2641.46</ele>
      </trkpt>
      <trkpt lat="44.330454997" lon="6.815556999">
        <ele>2640.18</ele>
      </trkpt>
      <trkpt lat="44.330449998" lon="6.815720997">
        <ele>2639.2</ele>
      </trkpt>
      <trkpt lat="44.330449003" lon="6.815820004">
        <ele>2637.71</ele>
      </trkpt>
      <trkpt lat="44.330448996" lon="6.815982995">
        <ele>2635.96</ele>
      </trkpt>
      <trkpt lat="44.330458004" lon="6.816094992">
        <ele>2633.93</ele>
      </trkpt>
      <trkpt lat="44.330484001" lon="6.816337001">
        <ele>2630.27</ele>
      </trkpt>
      <trkpt lat="44.330488997" lon="6.816591003">
        <ele>2627.28</ele>
      </trkpt>
      <trkpt lat="44.330508001" lon="6.816710994">
        <ele>2624.92</ele>
      </trkpt>
      <trkpt lat="44.330535997" lon="6.816795996">
        <ele>2624.94</ele>
      </trkpt>
      <trkpt lat="44.330591999" lon="6.816878994">
        <ele>2625.33</ele>
      </trkpt>
      <trkpt lat="44.330772998" lon="6.817092002">
        <ele>2625.67</ele>
      </trkpt>
      <trkpt lat="44.330827998" lon="6.817194004">
        <ele>2625.24</ele>
      </trkpt>
      <trkpt lat="44.330850005" lon="6.817296006">
        <ele>2626.43</ele>
      </trkpt>
      <trkpt lat="44.330848998" lon="6.817407002">
        <ele>2623.91</ele>
      </trkpt>
      <trkpt lat="44.330822995" lon="6.817567991">
        <ele>2624.72</ele>
      </trkpt>
      <trkpt lat="44.330779002" lon="6.817804004">
        <ele>2624.28</ele>
      </trkpt>
      <trkpt lat="44.330762998" lon="6.817962">
        <ele>2626.82</ele>
      </trkpt>
      <trkpt lat="44.330758997" lon="6.818182001">
        <ele>2626.8</ele>
      </trkpt>
      <trkpt lat="44.330751996" lon="6.818334001">
        <ele>2623.48</ele>
      </trkpt>
      <trkpt lat="44.330733006" lon="6.818422001">
        <ele>2616.89</ele>
      </trkpt>
      <trkpt lat="44.330667004" lon="6.818608994">
        <ele>2615.22</ele>
      </trkpt>
      <trkpt lat="44.330659002" lon="6.818679003">
        <ele>2613.78</ele>
      </trkpt>
      <trkpt lat="44.330666" lon="6.818743996">
        <ele>2611.54</ele>
      </trkpt>
      <trkpt lat="44.330695998" lon="6.818830993">
        <ele>2613.83</ele>
      </trkpt>
      <trkpt lat="44.330775995" lon="6.819022997">
        <ele>2619.37</ele>
      </trkpt>
      <trkpt lat="44.330778004" lon="6.819098">
        <ele>2619.93</ele>
      </trkpt>
      <trkpt lat="44.330760999" lon="6.819216003">
        <ele>2616.74</ele>
      </trkpt>
      <trkpt lat="44.330705998" lon="6.819408998">
        <ele>2613.71</ele>
      </trkpt>
      <trkpt lat="44.330687003" lon="6.819543">
        <ele>2613.15</ele>
      </trkpt>
      <trkpt lat="44.330688003" lon="6.819687993">
        <ele>2609.26</ele>
      </trkpt>
      <trkpt lat="44.330696002" lon="6.819928">
        <ele>2605.54</ele>
      </trkpt>
      <trkpt lat="44.330677999" lon="6.820000008">
        <ele>2602.1</ele>
      </trkpt>
      <trkpt lat="44.330638005" lon="6.820181999">
        <ele>2602.08</ele>
      </trkpt>
      <trkpt lat="44.330627002" lon="6.820294004">
        <ele>2599.29</ele>
      </trkpt>
      <trkpt lat="44.330617999" lon="6.820531005">
        <ele>2598.27</ele>
      </trkpt>
      <trkpt lat="44.330593" lon="6.82065">
        <ele>2598.63</ele>
      </trkpt>
      <trkpt lat="44.330520999" lon="6.820904999">
        <ele>2599.8</ele>
      </trkpt>
      <trkpt lat="44.330508001" lon="6.820987">
        <ele>2598.66</ele>
      </trkpt>
      <trkpt lat="44.330509996" lon="6.821052999">
        <ele>2598.39</ele>
      </trkpt>
      <trkpt lat="44.330527998" lon="6.821120004">
        <ele>2596.14</ele>
      </trkpt>
      <trkpt lat="44.330598001" lon="6.821258001">
        <ele>2595.08</ele>
      </trkpt>
      <trkpt lat="44.330713998" lon="6.821436003">
        <ele>2594.13</ele>
      </trkpt>
      <trkpt lat="44.330816998" lon="6.821557005">
        <ele>2594.8</ele>
      </trkpt>
      <trkpt lat="44.330940997" lon="6.821700004">
        <ele>2595.2</ele>
      </trkpt>
      <trkpt lat="44.330983001" lon="6.821782992">
        <ele>2596.1</ele>
      </trkpt>
      <trkpt lat="44.331009001" lon="6.821882001">
        <ele>2597.43</ele>
      </trkpt>
      <trkpt lat="44.331016999" lon="6.821984">
        <ele>2596.03</ele>
      </trkpt>
      <trkpt lat="44.331010003" lon="6.822108994">
        <ele>2593.4</ele>
      </trkpt>
      <trkpt lat="44.330971995" lon="6.822438004">
        <ele>2590.45</ele>
      </trkpt>
      <trkpt lat="44.330955005" lon="6.822668994">
        <ele>2589.63</ele>
      </trkpt>
      <trkpt lat="44.330958" lon="6.822826992">
        <ele>2588.23</ele>
      </trkpt>
      <trkpt lat="44.330990997" lon="6.823008008">
        <ele>2589.26</ele>
      </trkpt>
      <trkpt lat="44.331058002" lon="6.823307006">
        <ele>2589.62</ele>
      </trkpt>
      <trkpt lat="44.331065995" lon="6.823412999">
        <ele>2589.37</ele>
      </trkpt>
      <trkpt lat="44.331061002" lon="6.823527004">
        <ele>2587.81</ele>
      </trkpt>
      <trkpt lat="44.331013999" lon="6.824044001">
        <ele>2584.77</ele>
      </trkpt>
      <trkpt lat="44.331014003" lon="6.824211993">
        <ele>2581.67</ele>
      </trkpt>
      <trkpt lat="44.331035001" lon="6.824384001">
        <ele>2578.22</ele>
      </trkpt>
      <trkpt lat="44.331083" lon="6.824600006">
        <ele>2575.3</ele>
      </trkpt>
      <trkpt lat="44.331173006" lon="6.824896995">
        <ele>2572.73</ele>
      </trkpt>
      <trkpt lat="44.331242003" lon="6.825134998">
        <ele>2570.95</ele>
      </trkpt>
      <trkpt lat="44.331292" lon="6.825249001">
        <ele>2570.16</ele>
      </trkpt>
      <trkpt lat="44.331341004" lon="6.825319006">
        <ele>2569.97</ele>
      </trkpt>
      <trkpt lat="44.331507003" lon="6.825539996">
        <ele>2570.53</ele>
      </trkpt>
      <trkpt lat="44.331557001" lon="6.825626001">
        <ele>2570.2</ele>
      </trkpt>
      <trkpt lat="44.331583003" lon="6.825692996">
        <ele>2569.78</ele>
      </trkpt>
      <trkpt lat="44.331601005" lon="6.825762">
        <ele>2568.66</ele>
      </trkpt>
      <trkpt lat="44.331649" lon="6.825948001">
        <ele>2567.66</ele>
      </trkpt>
      <trkpt lat="44.331682996" lon="6.826045004">
        <ele>2566.68</ele>
      </trkpt>
      <trkpt lat="44.331736999" lon="6.826140999">
        <ele>2565.07</ele>
      </trkpt>
      <trkpt lat="44.331776003" lon="6.826191998">
        <ele>2563.98</ele>
      </trkpt>
      <trkpt lat="44.331824002" lon="6.826229003">
        <ele>2563.62</ele>
      </trkpt>
      <trkpt lat="44.331858004" lon="6.826243002">
        <ele>2563.83</ele>
      </trkpt>
      <trkpt lat="44.331900999" lon="6.826242002">
        <ele>2565.53</ele>
      </trkpt>
      <trkpt lat="44.331941" lon="6.826238992">
        <ele>2567.95</ele>
      </trkpt>
      <trkpt lat="44.332026002" lon="6.826210006">
        <ele>2570.35</ele>
      </trkpt>
      <trkpt lat="44.332135" lon="6.826149997">
        <ele>2572.62</ele>
      </trkpt>
      <trkpt lat="44.332231997" lon="6.826113999">
        <ele>2572.98</ele>
      </trkpt>
      <trkpt lat="44.332299997" lon="6.826110005">
        <ele>2572.07</ele>
      </trkpt>
      <trkpt lat="44.332365997" lon="6.826127999">
        <ele>2570.39</ele>
      </trkpt>
      <trkpt lat="44.332411998" lon="6.826167003">
        <ele>2566.57</ele>
      </trkpt>
      <trkpt lat="44.332558" lon="6.826340005">
        <ele>2563.37</ele>
      </trkpt>
      <trkpt lat="44.332651005" lon="6.826406004">
        <ele>2562.52</ele>
      </trkpt>
      <trkpt lat="44.332724006" lon="6.826437002">
        <ele>2562.14</ele>
      </trkpt>
      <trkpt lat="44.332788997" lon="6.826449002">
        <ele>2563.18</ele>
      </trkpt>
      <trkpt lat="44.33284" lon="6.826451996">
        <ele>2563.67</ele>
      </trkpt>
      <trkpt lat="44.332884995" lon="6.826450002">
        <ele>2563.86</ele>
      </trkpt>
      <trkpt lat="44.332955997" lon="6.826438991">
        <ele>2564.29</ele>
      </trkpt>
      <trkpt lat="44.333001999" lon="6.826421006">
        <ele>2564.65</ele>
      </trkpt>
      <trkpt lat="44.333086002" lon="6.826386">
        <ele>2561.26</ele>
      </trkpt>
      <trkpt lat="44.333131999" lon="6.826357003">
        <ele>2561.1</ele>
      </trkpt>
      <trkpt lat="44.333223997" lon="6.826301004">
        <ele>2563.99</ele>
      </trkpt>
      <trkpt lat="44.333301002" lon="6.82624">
        <ele>2565.93</ele>
      </trkpt>
      <trkpt lat="44.333336" lon="6.826215005">
        <ele>2567.36</ele>
      </trkpt>
      <trkpt lat="44.333380999" lon="6.826164996">
        <ele>2572.01</ele>
      </trkpt>
      <trkpt lat="44.333407001" lon="6.826138">
        <ele>2573.41</ele>
      </trkpt>
      <trkpt lat="44.333455997" lon="6.826070997">
        <ele>2571.08</ele>
      </trkpt>
      <trkpt lat="44.333488005" lon="6.826018001">
        <ele>2568.59</ele>
      </trkpt>
      <trkpt lat="44.333531996" lon="6.825947998">
        <ele>2566.03</ele>
      </trkpt>
      <trkpt lat="44.333583995" lon="6.825874995">
        <ele>2566.56</ele>
      </trkpt>
      <trkpt lat="44.333626999" lon="6.825822992">
        <ele>2569.65</ele>
      </trkpt>
      <trkpt lat="44.333650999" lon="6.825802">
        <ele>2573.08</ele>
      </trkpt>
      <trkpt lat="44.333679002" lon="6.825790005">
        <ele>2573.55</ele>
      </trkpt>
      <trkpt lat="44.333715999" lon="6.825792002">
        <ele>2572.09</ele>
      </trkpt>
      <trkpt lat="44.333757999" lon="6.825795003">
        <ele>2568.45</ele>
      </trkpt>
      <trkpt lat="44.333851" lon="6.825834999">
        <ele>2563.44</ele>
      </trkpt>
      <trkpt lat="44.334001004" lon="6.825906005">
        <ele>2558.43</ele>
      </trkpt>
      <trkpt lat="44.334101002" lon="6.825934997">
        <ele>2556.76</ele>
      </trkpt>
      <trkpt lat="44.334143004" lon="6.825939995">
        <ele>2557.2</ele>
      </trkpt>
      <trkpt lat="44.33419" lon="6.825937997">
        <ele>2556.99</ele>
      </trkpt>
      <trkpt lat="44.334219006" lon="6.825934996">
        <ele>2556.34</ele>
      </trkpt>
      <trkpt lat="44.334266" lon="6.825917994">
        <ele>2555.66</ele>
      </trkpt>
      <trkpt lat="44.334306996" lon="6.825896003">
        <ele>2554.94</ele>
      </trkpt>
      <trkpt lat="44.334350001" lon="6.825873997">
        <ele>2554.23</ele>
      </trkpt>
      <trkpt lat="44.334395998" lon="6.825858998">
        <ele>2553.51</ele>
      </trkpt>
      <trkpt lat="44.334427999" lon="6.825857996">
        <ele>2554.65</ele>
      </trkpt>
      <trkpt lat="44.334478996" lon="6.825864003">
        <ele>2555.76</ele>
      </trkpt>
      <trkpt lat="44.334509006" lon="6.825871002">
        <ele>2555.82</ele>
      </trkpt>
      <trkpt lat="44.334541004" lon="6.825897008">
        <ele>2555.84</ele>
      </trkpt>
      <trkpt lat="44.334590996" lon="6.825941997">
        <ele>2555.78</ele>
      </trkpt>
      <trkpt lat="44.334636" lon="6.826004994">
        <ele>2553.92</ele>
      </trkpt>
      <trkpt lat="44.334722003" lon="6.826128996">
        <ele>2552.43</ele>
      </trkpt>
      <trkpt lat="44.334866997" lon="6.826281005">
        <ele>2552.47</ele>
      </trkpt>
      <trkpt lat="44.334993996" lon="6.826441002">
        <ele>2551.61</ele>
      </trkpt>
      <trkpt lat="44.335110002" lon="6.826596001">
        <ele>2550.54</ele>
      </trkpt>
      <trkpt lat="44.335213004" lon="6.826730006">
        <ele>2551.2</ele>
      </trkpt>
      <trkpt lat="44.335288997" lon="6.826818993">
        <ele>2551.53</ele>
      </trkpt>
      <trkpt lat="44.335379001" lon="6.826907006">
        <ele>2549.97</ele>
      </trkpt>
      <trkpt lat="44.335474002" lon="6.827006004">
        <ele>2550.05</ele>
      </trkpt>
      <trkpt lat="44.335572" lon="6.827086999">
        <ele>2548.33</ele>
      </trkpt>
      <trkpt lat="44.335658002" lon="6.827158996">
        <ele>2547.24</ele>
      </trkpt>
      <trkpt lat="44.335710998" lon="6.827200008">
        <ele>2546.33</ele>
      </trkpt>
      <trkpt lat="44.335784" lon="6.827246994">
        <ele>2547.03</ele>
      </trkpt>
      <trkpt lat="44.335827004" lon="6.827268007">
        <ele>2547.42</ele>
      </trkpt>
      <trkpt lat="44.335875003" lon="6.827311997">
        <ele>2547.81</ele>
      </trkpt>
      <trkpt lat="44.335939001" lon="6.827387995">
        <ele>2547.32</ele>
      </trkpt>
      <trkpt lat="44.335984006" lon="6.827437998">
        <ele>2546.57</ele>
      </trkpt>
      <trkpt lat="44.336048999" lon="6.827517002">
        <ele>2545.57</ele>
      </trkpt>
      <trkpt lat="44.336125003" lon="6.827586994">
        <ele>2543.94</ele>
      </trkpt>
      <trkpt lat="44.336203996" lon="6.827655003">
        <ele>2544.19</ele>
      </trkpt>
      <trkpt lat="44.336253995" lon="6.827699003">
        <ele>2544.63</ele>
      </trkpt>
      <trkpt lat="44.336308995" lon="6.827763997">
        <ele>2544.08</ele>
      </trkpt>
      <trkpt lat="44.336349999" lon="6.827828999">
        <ele>2541.89</ele>
      </trkpt>
      <trkpt lat="44.336462003" lon="6.828051">
        <ele>2539.81</ele>
      </trkpt>
      <trkpt lat="44.336574998" lon="6.828258001">
        <ele>2537.3</ele>
      </trkpt>
      <trkpt lat="44.336672994" lon="6.828412003">
        <ele>2534.5</ele>
      </trkpt>
      <trkpt lat="44.336747995" lon="6.828554005">
        <ele>2532.4</ele>
      </trkpt>
      <trkpt lat="44.336837" lon="6.828753999">
        <ele>2531.55</ele>
      </trkpt>
      <trkpt lat="44.336919002" lon="6.828931998">
        <ele>2530.3</ele>
      </trkpt>
      <trkpt lat="44.336976997" lon="6.829060005">
        <ele>2529.57</ele>
      </trkpt>
      <trkpt lat="44.337040999" lon="6.829161999">
        <ele>2529.09</ele>
      </trkpt>
      <trkpt lat="44.337119997" lon="6.829278996">
        <ele>2527.14</ele>
      </trkpt>
      <trkpt lat="44.337253998" lon="6.829463992">
        <ele>2526.39</ele>
      </trkpt>
      <trkpt lat="44.337418999" lon="6.829685992">
        <ele>2526.89</ele>
      </trkpt>
      <trkpt lat="44.337525002" lon="6.829815001">
        <ele>2524.98</ele>
      </trkpt>
      <trkpt lat="44.337611004" lon="6.829904007">
        <ele>2523.13</ele>
      </trkpt>
      <trkpt lat="44.337703996" lon="6.829997002">
        <ele>2522.97</ele>
      </trkpt>
      <trkpt lat="44.337722997" lon="6.830021995">
        <ele>2521.91</ele>
      </trkpt>
      <trkpt lat="44.337776001" lon="6.830092998">
        <ele>2519.94</ele>
      </trkpt>
      <trkpt lat="44.337827998" lon="6.830165001">
        <ele>2519.29</ele>
      </trkpt>
      <trkpt lat="44.337984" lon="6.830360994">
        <ele>2517.15</ele>
      </trkpt>
      <trkpt lat="44.338096" lon="6.830500997">
        <ele>2516.55</ele>
      </trkpt>
      <trkpt lat="44.338228001" lon="6.830635999">
        <ele>2513.85</ele>
      </trkpt>
      <trkpt lat="44.338346998" lon="6.830750005">
        <ele>2511.89</ele>
      </trkpt>
      <trkpt lat="44.338504001" lon="6.830887001">
        <ele>2510.86</ele>
      </trkpt>
      <trkpt lat="44.338619255" lon="6.830957923">
        <ele>2511.28</ele>
      </trkpt>
      <trkpt lat="44.338621001" lon="6.830959008">
        <ele>2510.93</ele>
      </trkpt>
      <trkpt lat="44.338624321" lon="6.830960212">
        <ele>2513.23</ele>
      </trkpt>
      <trkpt lat="44.338744999" lon="6.831004001">
        <ele>2514.34</ele>
      </trkpt>
      <trkpt lat="44.339003377" lon="6.831056492">
        <ele>2514.79</ele>
      </trkpt>
      <trkpt lat="44.339187998" lon="6.831093996">
        <ele>2515.22</ele>
      </trkpt>
      <trkpt lat="44.339327298" lon="6.83113877">
        <ele>2514.79</ele>
      </trkpt>
      <trkpt lat="44.339328001" lon="6.831139006">
        <ele>2514.5</ele>
      </trkpt>
      <trkpt lat="44.339330056" lon="6.831140049">
        <ele>2514.67</ele>
      </trkpt>
      <trkpt lat="44.339465998" lon="6.831208994">
        <ele>2514.57</ele>
      </trkpt>
      <trkpt lat="44.339465999" lon="6.831209999">
        <ele>2512.72</ele>
      </trkpt>
      <trkpt lat="44.339562002" lon="6.831274999">
        <ele>2512.47</ele>
      </trkpt>
      <trkpt lat="44.339675895" lon="6.831343056">
        <ele>2510.36</ele>
      </trkpt>
      <trkpt lat="44.339802996" lon="6.831419001">
        <ele>2508.31</ele>
      </trkpt>
      <trkpt lat="44.339968331" lon="6.831514713">
        <ele>2507.18</ele>
      </trkpt>
      <trkpt lat="44.339973994" lon="6.831517997">
        <ele>2507.37</ele>
      </trkpt>
      <trkpt lat="44.339974003" lon="6.831517997">
        <ele>2506.57</ele>
      </trkpt>
      <trkpt lat="44.340142146" lon="6.831631128">
        <ele>2506.8</ele>
      </trkpt>
      <trkpt lat="44.340353006" lon="6.831772994">
        <ele>2507.38</ele>
      </trkpt>
      <trkpt lat="44.340404996" lon="6.831824996">
        <ele>2507.87</ele>
      </trkpt>
      <trkpt lat="44.340444005" lon="6.831873999">
        <ele>2508.73</ele>
      </trkpt>
      <trkpt lat="44.340485001" lon="6.831941997">
        <ele>2508.92</ele>
      </trkpt>
      <trkpt lat="44.340519003" lon="6.832017006">
        <ele>2510.34</ele>
      </trkpt>
      <trkpt lat="44.340536004" lon="6.832072996">
        <ele>2511.22</ele>
      </trkpt>
      <trkpt lat="44.340542006" lon="6.832178999">
        <ele>2512.15</ele>
      </trkpt>
      <trkpt lat="44.340536983" lon="6.832227709">
        <ele>2513.06</ele>
      </trkpt>
      <trkpt lat="44.340534994" lon="6.832247001">
        <ele>2513.92</ele>
      </trkpt>
      <trkpt lat="44.340509" lon="6.832305003">
        <ele>2513.58</ele>
      </trkpt>
      <trkpt lat="44.340478004" lon="6.832363006">
        <ele>2510.77</ele>
      </trkpt>
      <trkpt lat="44.340420998" lon="6.832418997">
        <ele>2510.16</ele>
      </trkpt>
      <trkpt lat="44.340354" lon="6.832486003">
        <ele>2509.24</ele>
      </trkpt>
      <trkpt lat="44.340316005" lon="6.832538998">
        <ele>2508.05</ele>
      </trkpt>
      <trkpt lat="44.340276996" lon="6.832611">
        <ele>2506.05</ele>
      </trkpt>
      <trkpt lat="44.340254998" lon="6.832671997">
        <ele>2508.29</ele>
      </trkpt>
      <trkpt lat="44.340241006" lon="6.832811996">
        <ele>2507.52</ele>
      </trkpt>
      <trkpt lat="44.340229" lon="6.833032007">
        <ele>2506.68</ele>
      </trkpt>
      <trkpt lat="44.340206994" lon="6.833192999">
        <ele>2508.02</ele>
      </trkpt>
      <trkpt lat="44.340192002" lon="6.83328">
        <ele>2507.38</ele>
      </trkpt>
      <trkpt lat="44.340148996" lon="6.833425003">
        <ele>2504.52</ele>
      </trkpt>
      <trkpt lat="44.340128006" lon="6.833500999">
        <ele>2501.94</ele>
      </trkpt>
      <trkpt lat="44.340096003" lon="6.833621996">
        <ele>2501.1</ele>
      </trkpt>
      <trkpt lat="44.340069995" lon="6.833745999">
        <ele>2497.88</ele>
      </trkpt>
      <trkpt lat="44.340046005" lon="6.833884001">
        <ele>2496.93</ele>
      </trkpt>
      <trkpt lat="44.340040002" lon="6.834006005">
        <ele>2497.22</ele>
      </trkpt>
      <trkpt lat="44.340047999" lon="6.834130991">
        <ele>2497.43</ele>
      </trkpt>
      <trkpt lat="44.340060997" lon="6.834256002">
        <ele>2495.87</ele>
      </trkpt>
      <trkpt lat="44.340085999" lon="6.834443006">
        <ele>2495.63</ele>
      </trkpt>
      <trkpt lat="44.340113" lon="6.834574001">
        <ele>2495.77</ele>
      </trkpt>
      <trkpt lat="44.340122998" lon="6.834662003">
        <ele>2494.24</ele>
      </trkpt>
      <trkpt lat="44.340124998" lon="6.834707998">
        <ele>2493.56</ele>
      </trkpt>
      <trkpt lat="44.340112999" lon="6.834989993">
        <ele>2493</ele>
      </trkpt>
      <trkpt lat="44.340105001" lon="6.835157007">
        <ele>2491.23</ele>
      </trkpt>
      <trkpt lat="44.340105002" lon="6.835235001">
        <ele>2489.38</ele>
      </trkpt>
      <trkpt lat="44.340109998" lon="6.835331003">
        <ele>2489.45</ele>
      </trkpt>
      <trkpt lat="44.340124" lon="6.835389992">
        <ele>2489.39</ele>
      </trkpt>
      <trkpt lat="44.340142" lon="6.835447004">
        <ele>2489.89</ele>
      </trkpt>
      <trkpt lat="44.340178999" lon="6.835513001">
        <ele>2491.03</ele>
      </trkpt>
      <trkpt lat="44.340238997" lon="6.835585994">
        <ele>2492.55</ele>
      </trkpt>
      <trkpt lat="44.340304001" lon="6.835662992">
        <ele>2492.57</ele>
      </trkpt>
      <trkpt lat="44.340368998" lon="6.835757998">
        <ele>2493.77</ele>
      </trkpt>
      <trkpt lat="44.340415005" lon="6.835851002">
        <ele>2494.22</ele>
      </trkpt>
      <trkpt lat="44.340454" lon="6.835982999">
        <ele>2493.71</ele>
      </trkpt>
      <trkpt lat="44.340467001" lon="6.836081">
        <ele>2494.24</ele>
      </trkpt>
      <trkpt lat="44.340462003" lon="6.836209">
        <ele>2494.39</ele>
      </trkpt>
      <trkpt lat="44.340451002" lon="6.836306003">
        <ele>2491.18</ele>
      </trkpt>
      <trkpt lat="44.340425006" lon="6.836481002">
        <ele>2489.43</ele>
      </trkpt>
      <trkpt lat="44.340411001" lon="6.836559003">
        <ele>2487.98</ele>
      </trkpt>
      <trkpt lat="44.340403" lon="6.836717001">
        <ele>2486.42</ele>
      </trkpt>
      <trkpt lat="44.340415999" lon="6.836805998">
        <ele>2485.75</ele>
      </trkpt>
      <trkpt lat="44.340463999" lon="6.836957003">
        <ele>2487.25</ele>
      </trkpt>
      <trkpt lat="44.340532005" lon="6.837128992">
        <ele>2487.56</ele>
      </trkpt>
      <trkpt lat="44.340606002" lon="6.837262006">
        <ele>2488.49</ele>
      </trkpt>
      <trkpt lat="44.340701" lon="6.837387993">
        <ele>2488.38</ele>
      </trkpt>
      <trkpt lat="44.340775996" lon="6.837495998">
        <ele>2488.11</ele>
      </trkpt>
      <trkpt lat="44.340833999" lon="6.837615008">
        <ele>2487.57</ele>
      </trkpt>
      <trkpt lat="44.340872996" lon="6.837749996">
        <ele>2487.9</ele>
      </trkpt>
      <trkpt lat="44.340890002" lon="6.837869003">
        <ele>2487.86</ele>
      </trkpt>
      <trkpt lat="44.340885001" lon="6.837940996">
        <ele>2487.71</ele>
      </trkpt>
      <trkpt lat="44.340868002" lon="6.838026002">
        <ele>2487.7</ele>
      </trkpt>
      <trkpt lat="44.340840001" lon="6.838073004">
        <ele>2487.77</ele>
      </trkpt>
      <trkpt lat="44.340806002" lon="6.838107996">
        <ele>2486.37</ele>
      </trkpt>
      <trkpt lat="44.340732004" lon="6.838165003">
        <ele>2484.98</ele>
      </trkpt>
      <trkpt lat="44.340685003" lon="6.838218">
        <ele>2484.03</ele>
      </trkpt>
      <trkpt lat="44.340655996" lon="6.838283995">
        <ele>2482.5</ele>
      </trkpt>
      <trkpt lat="44.340634001" lon="6.838373999">
        <ele>2481.48</ele>
      </trkpt>
      <trkpt lat="44.340629001" lon="6.838558999">
        <ele>2480.25</ele>
      </trkpt>
      <trkpt lat="44.340611002" lon="6.838787998">
        <ele>2478.81</ele>
      </trkpt>
      <trkpt lat="44.340586003" lon="6.839050993">
        <ele>2477.47</ele>
      </trkpt>
      <trkpt lat="44.340590001" lon="6.839160001">
        <ele>2476.37</ele>
      </trkpt>
      <trkpt lat="44.340609999" lon="6.839256004">
        <ele>2475.51</ele>
      </trkpt>
      <trkpt lat="44.340655002" lon="6.839405">
        <ele>2475.63</ele>
      </trkpt>
      <trkpt lat="44.340790996" lon="6.839781999">
        <ele>2475.84</ele>
      </trkpt>
      <trkpt lat="44.340876998" lon="6.840062003">
        <ele>2475.41</ele>
      </trkpt>
      <trkpt lat="44.340915995" lon="6.840215994">
        <ele>2475.14</ele>
      </trkpt>
      <trkpt lat="44.340919003" lon="6.840302997">
        <ele>2475.26</ele>
      </trkpt>
      <trkpt lat="44.340912995" lon="6.840411">
        <ele>2475.14</ele>
      </trkpt>
      <trkpt lat="44.340888997" lon="6.840500994">
        <ele>2474.6</ele>
      </trkpt>
      <trkpt lat="44.340840998" lon="6.840621997">
        <ele>2473.46</ele>
      </trkpt>
      <trkpt lat="44.340734005" lon="6.840832">
        <ele>2471.9</ele>
      </trkpt>
      <trkpt lat="44.340626998" lon="6.841069993">
        <ele>2469.95</ele>
      </trkpt>
      <trkpt lat="44.340568005" lon="6.841249007">
        <ele>2467.89</ele>
      </trkpt>
      <trkpt lat="44.340548" lon="6.841355997">
        <ele>2466.23</ele>
      </trkpt>
      <trkpt lat="44.340549001" lon="6.841471005">
        <ele>2465.57</ele>
      </trkpt>
      <trkpt lat="44.340566996" lon="6.841574998">
        <ele>2464.98</ele>
      </trkpt>
      <trkpt lat="44.340611999" lon="6.841782992">
        <ele>2463.47</ele>
      </trkpt>
      <trkpt lat="44.340622997" lon="6.841940998">
        <ele>2462.94</ele>
      </trkpt>
      <trkpt lat="44.340618997" lon="6.842031996">
        <ele>2462.31</ele>
      </trkpt>
      <trkpt lat="44.340589999" lon="6.842183006">
        <ele>2460.92</ele>
      </trkpt>
      <trkpt lat="44.340562998" lon="6.842272003">
        <ele>2459.76</ele>
      </trkpt>
      <trkpt lat="44.340535002" lon="6.842390996">
        <ele>2459.58</ele>
      </trkpt>
      <trkpt lat="44.340528998" lon="6.842472">
        <ele>2458.38</ele>
      </trkpt>
      <trkpt lat="44.340534" lon="6.842571005">
        <ele>2457</ele>
      </trkpt>
      <trkpt lat="44.340559998" lon="6.842700003">
        <ele>2455.94</ele>
      </trkpt>
      <trkpt lat="44.340608003" lon="6.842878001">
        <ele>2455.28</ele>
      </trkpt>
      <trkpt lat="44.340634994" lon="6.843018005">
        <ele>2452.38</ele>
      </trkpt>
      <trkpt lat="44.340682998" lon="6.843155003">
        <ele>2450.62</ele>
      </trkpt>
      <trkpt lat="44.340724006" lon="6.843230998">
        <ele>2449.33</ele>
      </trkpt>
      <trkpt lat="44.340810998" lon="6.843335995">
        <ele>2446.73</ele>
      </trkpt>
      <trkpt lat="44.341086" lon="6.843620999">
        <ele>2444.32</ele>
      </trkpt>
      <trkpt lat="44.3413" lon="6.843834002">
        <ele>2443.72</ele>
      </trkpt>
      <trkpt lat="44.341544" lon="6.844078002">
        <ele>2442.82</ele>
      </trkpt>
      <trkpt lat="44.341727001" lon="6.844269">
        <ele>2441.83</ele>
      </trkpt>
      <trkpt lat="44.341841003" lon="6.844417">
        <ele>2442.44</ele>
      </trkpt>
      <trkpt lat="44.341911003" lon="6.844544004">
        <ele>2442.38</ele>
      </trkpt>
      <trkpt lat="44.341944004" lon="6.844626001">
        <ele>2441.68</ele>
      </trkpt>
      <trkpt lat="44.341976998" lon="6.84476">
        <ele>2440.29</ele>
      </trkpt>
      <trkpt lat="44.342014002" lon="6.844902007">
        <ele>2439.7</ele>
      </trkpt>
      <trkpt lat="44.342035" lon="6.845002">
        <ele>2438.35</ele>
      </trkpt>
      <trkpt lat="44.342106001" lon="6.845171997">
        <ele>2438.6</ele>
      </trkpt>
      <trkpt lat="44.342210996" lon="6.845392991">
        <ele>2438.81</ele>
      </trkpt>
      <trkpt lat="44.342261001" lon="6.845506999">
        <ele>2438.75</ele>
      </trkpt>
      <trkpt lat="44.342288998" lon="6.845588003">
        <ele>2437.69</ele>
      </trkpt>
      <trkpt lat="44.342323994" lon="6.845691008">
        <ele>2436.93</ele>
      </trkpt>
      <trkpt lat="44.342339004" lon="6.845771005">
        <ele>2437.34</ele>
      </trkpt>
      <trkpt lat="44.342346003" lon="6.845842999">
        <ele>2438.13</ele>
      </trkpt>
      <trkpt lat="44.342344006" lon="6.845897001">
        <ele>2439.38</ele>
      </trkpt>
      <trkpt lat="44.342334999" lon="6.845919007">
        <ele>2440.84</ele>
      </trkpt>
      <trkpt lat="44.342323001" lon="6.845950001">
        <ele>2442.61</ele>
      </trkpt>
      <trkpt lat="44.342263" lon="6.846036997">
        <ele>2438.35</ele>
      </trkpt>
      <trkpt lat="44.342156999" lon="6.846139002">
        <ele>2437.42</ele>
      </trkpt>
      <trkpt lat="44.342072001" lon="6.846244995">
        <ele>2436.46</ele>
      </trkpt>
      <trkpt lat="44.341996001" lon="6.846364006">
        <ele>2435.63</ele>
      </trkpt>
      <trkpt lat="44.341919004" lon="6.846460005">
        <ele>2431.06</ele>
      </trkpt>
      <trkpt lat="44.341821998" lon="6.846572">
        <ele>2433.11</ele>
      </trkpt>
      <trkpt lat="44.341741004" lon="6.846698005">
        <ele>2431.64</ele>
      </trkpt>
      <trkpt lat="44.341710002" lon="6.846765997">
        <ele>2430.05</ele>
      </trkpt>
      <trkpt lat="44.341694004" lon="6.846823996">
        <ele>2428.11</ele>
      </trkpt>
      <trkpt lat="44.341685996" lon="6.846879008">
        <ele>2429.55</ele>
      </trkpt>
      <trkpt lat="44.341691" lon="6.846965998">
        <ele>2427.85</ele>
      </trkpt>
      <trkpt lat="44.341692004" lon="6.847055002">
        <ele>2429.2</ele>
      </trkpt>
      <trkpt lat="44.341688001" lon="6.847103994">
        <ele>2430.97</ele>
      </trkpt>
      <trkpt lat="44.341664996" lon="6.847183995">
        <ele>2433.32</ele>
      </trkpt>
      <trkpt lat="44.341638001" lon="6.847248994">
        <ele>2436.27</ele>
      </trkpt>
      <trkpt lat="44.341622997" lon="6.847268005">
        <ele>2439.75</ele>
      </trkpt>
      <trkpt lat="44.341604002" lon="6.847295999">
        <ele>2437.44</ele>
      </trkpt>
      <trkpt lat="44.341572002" lon="6.847332001">
        <ele>2435.85</ele>
      </trkpt>
      <trkpt lat="44.341516001" lon="6.847359001">
        <ele>2435</ele>
      </trkpt>
      <trkpt lat="44.341443001" lon="6.847366008">
        <ele>2435.36</ele>
      </trkpt>
      <trkpt lat="44.341373999" lon="6.847361998">
        <ele>2431.37</ele>
      </trkpt>
      <trkpt lat="44.341263003" lon="6.847359994">
        <ele>2431.42</ele>
      </trkpt>
      <trkpt lat="44.341201" lon="6.847369997">
        <ele>2431.22</ele>
      </trkpt>
      <trkpt lat="44.341106002" lon="6.847420994">
        <ele>2430.51</ele>
      </trkpt>
      <trkpt lat="44.341042" lon="6.847475001">
        <ele>2428.57</ele>
      </trkpt>
      <trkpt lat="44.341005004" lon="6.847517005">
        <ele>2430.75</ele>
      </trkpt>
      <trkpt lat="44.340922001" lon="6.847645005">
        <ele>2427.31</ele>
      </trkpt>
      <trkpt lat="44.340834999" lon="6.847740999">
        <ele>2428.14</ele>
      </trkpt>
      <trkpt lat="44.34069" lon="6.847886008">
        <ele>2428.51</ele>
      </trkpt>
      <trkpt lat="44.340547996" lon="6.848014995">
        <ele>2428.58</ele>
      </trkpt>
      <trkpt lat="44.340464002" lon="6.84811">
        <ele>2421.64</ele>
      </trkpt>
      <trkpt lat="44.340429002" lon="6.848174001">
        <ele>2424.53</ele>
      </trkpt>
      <trkpt lat="44.340387997" lon="6.848302994">
        <ele>2421.45</ele>
      </trkpt>
      <trkpt lat="44.340347002" lon="6.848443001">
        <ele>2417.97</ele>
      </trkpt>
      <trkpt lat="44.340309995" lon="6.848561002">
        <ele>2413.78</ele>
      </trkpt>
      <trkpt lat="44.340290004" lon="6.848620008">
        <ele>2416.11</ele>
      </trkpt>
      <trkpt lat="44.340255004" lon="6.848727006">
        <ele>2416.25</ele>
      </trkpt>
      <trkpt lat="44.340243998" lon="6.848777004">
        <ele>2417.21</ele>
      </trkpt>
      <trkpt lat="44.340236995" lon="6.848829006">
        <ele>2418.26</ele>
      </trkpt>
      <trkpt lat="44.340240001" lon="6.848876">
        <ele>2419.59</ele>
      </trkpt>
      <trkpt lat="44.340256003" lon="6.848951002">
        <ele>2420.86</ele>
      </trkpt>
      <trkpt lat="44.340293998" lon="6.849045997">
        <ele>2418.32</ele>
      </trkpt>
      <trkpt lat="44.340313004" lon="6.849114999">
        <ele>2418.32</ele>
      </trkpt>
      <trkpt lat="44.340327999" lon="6.849218">
        <ele>2418.36</ele>
      </trkpt>
      <trkpt lat="44.340328001" lon="6.849298005">
        <ele>2418.81</ele>
      </trkpt>
      <trkpt lat="44.340316995" lon="6.849408994">
        <ele>2419.61</ele>
      </trkpt>
      <trkpt lat="44.340299998" lon="6.849479003">
        <ele>2421.17</ele>
      </trkpt>
      <trkpt lat="44.340270994" lon="6.849545998">
        <ele>2420.43</ele>
      </trkpt>
      <trkpt lat="44.340256999" lon="6.849563996">
        <ele>2423.78</ele>
      </trkpt>
      <trkpt lat="44.340224999" lon="6.849610004">
        <ele>2424.03</ele>
      </trkpt>
      <trkpt lat="44.340170001" lon="6.849656998">
        <ele>2424.9</ele>
      </trkpt>
      <trkpt lat="44.340102997" lon="6.849694008">
        <ele>2426.39</ele>
      </trkpt>
      <trkpt lat="44.340026" lon="6.849731997">
        <ele>2428.19</ele>
      </trkpt>
      <trkpt lat="44.339920999" lon="6.849801999">
        <ele>2422.93</ele>
      </trkpt>
      <trkpt lat="44.339862004" lon="6.849854008">
        <ele>2421.5</ele>
      </trkpt>
      <trkpt lat="44.339788003" lon="6.849956996">
        <ele>2419.76</ele>
      </trkpt>
      <trkpt lat="44.339723001" lon="6.850013004">
        <ele>2420.68</ele>
      </trkpt>
      <trkpt lat="44.339702003" lon="6.850031003">
        <ele>2419.57</ele>
      </trkpt>
      <trkpt lat="44.339636" lon="6.850059001">
        <ele>2422.28</ele>
      </trkpt>
      <trkpt lat="44.339547005" lon="6.850076998">
        <ele>2425.07</ele>
      </trkpt>
      <trkpt lat="44.339475999" lon="6.850079001">
        <ele>2422.99</ele>
      </trkpt>
      <trkpt lat="44.339381999" lon="6.850058998">
        <ele>2418.49</ele>
      </trkpt>
      <trkpt lat="44.339292001" lon="6.850039002">
        <ele>2416.34</ele>
      </trkpt>
      <trkpt lat="44.339189006" lon="6.850027002">
        <ele>2414.51</ele>
      </trkpt>
      <trkpt lat="44.339112004" lon="6.850033997">
        <ele>2412.6</ele>
      </trkpt>
      <trkpt lat="44.338995002" lon="6.850064003">
        <ele>2413.18</ele>
      </trkpt>
      <trkpt lat="44.338844997" lon="6.850128997">
        <ele>2413.44</ele>
      </trkpt>
      <trkpt lat="44.338650004" lon="6.850237997">
        <ele>2410.75</ele>
      </trkpt>
      <trkpt lat="44.338501" lon="6.850321003">
        <ele>2408.15</ele>
      </trkpt>
      <trkpt lat="44.338374002" lon="6.850394002">
        <ele>2405.08</ele>
      </trkpt>
      <trkpt lat="44.338237005" lon="6.850462001">
        <ele>2405.25</ele>
      </trkpt>
      <trkpt lat="44.338224" lon="6.850470007">
        <ele>2407.08</ele>
      </trkpt>
      <trkpt lat="44.338159994" lon="6.850495001">
        <ele>2412.76</ele>
      </trkpt>
      <trkpt lat="44.338066999" lon="6.850514998">
        <ele>2413.01</ele>
      </trkpt>
      <trkpt lat="44.338002999" lon="6.850518996">
        <ele>2414.73</ele>
      </trkpt>
      <trkpt lat="44.337904001" lon="6.850512001">
        <ele>2412.89</ele>
      </trkpt>
      <trkpt lat="44.337831999" lon="6.850491006">
        <ele>2407.13</ele>
      </trkpt>
      <trkpt lat="44.337728004" lon="6.850453007">
        <ele>2400.3</ele>
      </trkpt>
      <trkpt lat="44.337619996" lon="6.850402994">
        <ele>2398.5</ele>
      </trkpt>
      <trkpt lat="44.337552001" lon="6.850386993">
        <ele>2395.65</ele>
      </trkpt>
      <trkpt lat="44.337474996" lon="6.850383001">
        <ele>2393.49</ele>
      </trkpt>
      <trkpt lat="44.337391998" lon="6.850388005">
        <ele>2393.83</ele>
      </trkpt>
      <trkpt lat="44.337317" lon="6.850405998">
        <ele>2393.83</ele>
      </trkpt>
      <trkpt lat="44.337214997" lon="6.850438994">
        <ele>2393.84</ele>
      </trkpt>
      <trkpt lat="44.337203003" lon="6.850439999">
        <ele>2392.65</ele>
      </trkpt>
      <trkpt lat="44.337143003" lon="6.850444006">
        <ele>2394.16</ele>
      </trkpt>
      <trkpt lat="44.337021" lon="6.850439">
        <ele>2395.47</ele>
      </trkpt>
      <trkpt lat="44.336914996" lon="6.850418996">
        <ele>2395.45</ele>
      </trkpt>
      <trkpt lat="44.336842998" lon="6.850392993">
        <ele>2395.89</ele>
      </trkpt>
      <trkpt lat="44.336742002" lon="6.850317">
        <ele>2395.57</ele>
      </trkpt>
      <trkpt lat="44.336616004" lon="6.850231007">
        <ele>2394.87</ele>
      </trkpt>
      <trkpt lat="44.3365" lon="6.850126997">
        <ele>2394.12</ele>
      </trkpt>
      <trkpt lat="44.336450996" lon="6.850096003">
        <ele>2394.9</ele>
      </trkpt>
      <trkpt lat="44.336394998" lon="6.850072996">
        <ele>2394.96</ele>
      </trkpt>
      <trkpt lat="44.336347002" lon="6.850075999">
        <ele>2396.55</ele>
      </trkpt>
      <trkpt lat="44.336306005" lon="6.850085002">
        <ele>2393.42</ele>
      </trkpt>
      <trkpt lat="44.336291998" lon="6.850090994">
        <ele>2389.73</ele>
      </trkpt>
      <trkpt lat="44.336233997" lon="6.850155008">
        <ele>2385.39</ele>
      </trkpt>
      <trkpt lat="44.336195999" lon="6.850203995">
        <ele>2380.71</ele>
      </trkpt>
      <trkpt lat="44.336137005" lon="6.850328">
        <ele>2382.37</ele>
      </trkpt>
      <trkpt lat="44.336068002" lon="6.850436997">
        <ele>2382.59</ele>
      </trkpt>
      <trkpt lat="44.335992001" lon="6.850531994">
        <ele>2383.97</ele>
      </trkpt>
      <trkpt lat="44.335946997" lon="6.850580002">
        <ele>2386.95</ele>
      </trkpt>
      <trkpt lat="44.335881002" lon="6.850615997">
        <ele>2391.91</ele>
      </trkpt>
      <trkpt lat="44.335807001" lon="6.850641001">
        <ele>2388.06</ele>
      </trkpt>
      <trkpt lat="44.335701999" lon="6.850649004">
        <ele>2388.37</ele>
      </trkpt>
      <trkpt lat="44.335519002" lon="6.850654002">
        <ele>2389.26</ele>
      </trkpt>
      <trkpt lat="44.335327999" lon="6.850647003">
        <ele>2387.98</ele>
      </trkpt>
      <trkpt lat="44.335246001" lon="6.850623999">
        <ele>2379.86</ele>
      </trkpt>
      <trkpt lat="44.335039001" lon="6.850545998">
        <ele>2375.62</ele>
      </trkpt>
      <trkpt lat="44.334857" lon="6.850458008">
        <ele>2373.99</ele>
      </trkpt>
      <trkpt lat="44.334740001" lon="6.850420005">
        <ele>2369.56</ele>
      </trkpt>
      <trkpt lat="44.334653003" lon="6.850398997">
        <ele>2367.07</ele>
      </trkpt>
      <trkpt lat="44.334481998" lon="6.850347993">
        <ele>2367.32</ele>
      </trkpt>
      <trkpt lat="44.334404002" lon="6.850335006">
        <ele>2368.36</ele>
      </trkpt>
      <trkpt lat="44.334273005" lon="6.850330004">
        <ele>2366.44</ele>
      </trkpt>
      <trkpt lat="44.334098997" lon="6.850319994">
        <ele>2363.96</ele>
      </trkpt>
      <trkpt lat="44.333874004" lon="6.850326004">
        <ele>2361.77</ele>
      </trkpt>
      <trkpt lat="44.333637994" lon="6.850345002">
        <ele>2357.42</ele>
      </trkpt>
      <trkpt lat="44.333492002" lon="6.850358995">
        <ele>2351.36</ele>
      </trkpt>
      <trkpt lat="44.333428001" lon="6.850370992">
        <ele>2348.02</ele>
      </trkpt>
      <trkpt lat="44.333332994" lon="6.850433001">
        <ele>2347.13</ele>
      </trkpt>
      <trkpt lat="44.333194004" lon="6.850517006">
        <ele>2345.19</ele>
      </trkpt>
      <trkpt lat="44.333084001" lon="6.850569996">
        <ele>2347.63</ele>
      </trkpt>
      <trkpt lat="44.333028001" lon="6.850607008">
        <ele>2341.85</ele>
      </trkpt>
      <trkpt lat="44.332979" lon="6.850666997">
        <ele>2340.49</ele>
      </trkpt>
      <trkpt lat="44.332914004" lon="6.850781998">
        <ele>2337.2</ele>
      </trkpt>
      <trkpt lat="44.332831002" lon="6.850959998">
        <ele>2333.04</ele>
      </trkpt>
      <trkpt lat="44.332779003" lon="6.851059007">
        <ele>2327.96</ele>
      </trkpt>
      <trkpt lat="44.332763003" lon="6.851107992">
        <ele>2332.98</ele>
      </trkpt>
      <trkpt lat="44.332761004" lon="6.851189998">
        <ele>2331.78</ele>
      </trkpt>
      <trkpt lat="44.332771998" lon="6.851350006">
        <ele>2330.17</ele>
      </trkpt>
      <trkpt lat="44.332782" lon="6.851436996">
        <ele>2327.82</ele>
      </trkpt>
      <trkpt lat="44.332778998" lon="6.851579001">
        <ele>2329.56</ele>
      </trkpt>
      <trkpt lat="44.332776" lon="6.851698004">
        <ele>2327.44</ele>
      </trkpt>
      <trkpt lat="44.332783005" lon="6.851799004">
        <ele>2325.46</ele>
      </trkpt>
      <trkpt lat="44.332786998" lon="6.851942">
        <ele>2324.17</ele>
      </trkpt>
      <trkpt lat="44.332785996" lon="6.852020997">
        <ele>2328.98</ele>
      </trkpt>
      <trkpt lat="44.332769002" lon="6.852113999">
        <ele>2329.78</ele>
      </trkpt>
      <trkpt lat="44.332723005" lon="6.852248998">
        <ele>2323.86</ele>
      </trkpt>
      <trkpt lat="44.332660005" lon="6.852388002">
        <ele>2324.56</ele>
      </trkpt>
      <trkpt lat="44.332598003" lon="6.852560999">
        <ele>2325.42</ele>
      </trkpt>
      <trkpt lat="44.332572001" lon="6.852631">
        <ele>2320.58</ele>
      </trkpt>
      <trkpt lat="44.332521996" lon="6.852707002">
        <ele>2315.64</ele>
      </trkpt>
      <trkpt lat="44.332478005" lon="6.852795003">
        <ele>2318.18</ele>
      </trkpt>
      <trkpt lat="44.332445005" lon="6.852888007">
        <ele>2319.32</ele>
      </trkpt>
      <trkpt lat="44.332434997" lon="6.852946">
        <ele>2320.23</ele>
      </trkpt>
      <trkpt lat="44.332435004" lon="6.853025994">
        <ele>2320.22</ele>
      </trkpt>
      <trkpt lat="44.332447002" lon="6.853110006">
        <ele>2320.51</ele>
      </trkpt>
      <trkpt lat="44.332461996" lon="6.853271002">
        <ele>2327.21</ele>
      </trkpt>
      <trkpt lat="44.332457004" lon="6.853333995">
        <ele>2327.55</ele>
      </trkpt>
      <trkpt lat="44.332441003" lon="6.853411996">
        <ele>2320.75</ele>
      </trkpt>
      <trkpt lat="44.332376997" lon="6.853591999">
        <ele>2320.38</ele>
      </trkpt>
      <trkpt lat="44.332337" lon="6.853719006">
        <ele>2318.99</ele>
      </trkpt>
      <trkpt lat="44.332308998" lon="6.853872002">
        <ele>2309.78</ele>
      </trkpt>
      <trkpt lat="44.332283001" lon="6.854029995">
        <ele>2306.8</ele>
      </trkpt>
      <trkpt lat="44.332235996" lon="6.854225004">
        <ele>2310.68</ele>
      </trkpt>
      <trkpt lat="44.332221" lon="6.854326">
        <ele>2309.12</ele>
      </trkpt>
      <trkpt lat="44.332192001" lon="6.854446999">
        <ele>2308.51</ele>
      </trkpt>
      <trkpt lat="44.332161999" lon="6.854529006">
        <ele>2312.24</ele>
      </trkpt>
      <trkpt lat="44.332125001" lon="6.854609005">
        <ele>2308.18</ele>
      </trkpt>
      <trkpt lat="44.332092001" lon="6.854665997">
        <ele>2304.71</ele>
      </trkpt>
      <trkpt lat="44.332081998" lon="6.854730996">
        <ele>2304.09</ele>
      </trkpt>
      <trkpt lat="44.332076002" lon="6.854793004">
        <ele>2304.3</ele>
      </trkpt>
      <trkpt lat="44.332095001" lon="6.854895008">
        <ele>2300.58</ele>
      </trkpt>
      <trkpt lat="44.332170001" lon="6.855143999">
        <ele>2301.42</ele>
      </trkpt>
      <trkpt lat="44.332251997" lon="6.855404993">
        <ele>2302.59</ele>
      </trkpt>
      <trkpt lat="44.332281001" lon="6.855518992">
        <ele>2300.55</ele>
      </trkpt>
      <trkpt lat="44.332295" lon="6.855567996">
        <ele>2302.03</ele>
      </trkpt>
      <trkpt lat="44.332326001" lon="6.855734">
        <ele>2304.09</ele>
      </trkpt>
      <trkpt lat="44.332372996" lon="6.855962001">
        <ele>2303.99</ele>
      </trkpt>
      <trkpt lat="44.332393" lon="6.856098001">
        <ele>2305.91</ele>
      </trkpt>
      <trkpt lat="44.332410999" lon="6.856238999">
        <ele>2306.94</ele>
      </trkpt>
      <trkpt lat="44.332414999" lon="6.856415005">
        <ele>2306.45</ele>
      </trkpt>
      <trkpt lat="44.332416003" lon="6.856671002">
        <ele>2306.19</ele>
      </trkpt>
      <trkpt lat="44.332415998" lon="6.856806003">
        <ele>2307.95</ele>
      </trkpt>
      <trkpt lat="44.332411" lon="6.856902997">
        <ele>2307.08</ele>
      </trkpt>
      <trkpt lat="44.332394998" lon="6.857216999">
        <ele>2307.34</ele>
      </trkpt>
      <trkpt lat="44.332396998" lon="6.857328996">
        <ele>2305.52</ele>
      </trkpt>
      <trkpt lat="44.332391995" lon="6.857441006">
        <ele>2303.64</ele>
      </trkpt>
      <trkpt lat="44.332393" lon="6.857445997">
        <ele>2303.9</ele>
      </trkpt>
      <trkpt lat="44.332384999" lon="6.857550997">
        <ele>2304.51</ele>
      </trkpt>
      <trkpt lat="44.332372001" lon="6.857661998">
        <ele>2305.15</ele>
      </trkpt>
      <trkpt lat="44.332366994" lon="6.857731995">
        <ele>2300.9</ele>
      </trkpt>
      <trkpt lat="44.332361998" lon="6.857841997">
        <ele>2300.83</ele>
      </trkpt>
      <trkpt lat="44.332349994" lon="6.857956004">
        <ele>2296.93</ele>
      </trkpt>
      <trkpt lat="44.332348003" lon="6.858042002">
        <ele>2292.92</ele>
      </trkpt>
      <trkpt lat="44.332327998" lon="6.858148005">
        <ele>2289</ele>
      </trkpt>
      <trkpt lat="44.332305005" lon="6.858240005">
        <ele>2293.05</ele>
      </trkpt>
      <trkpt lat="44.332263998" lon="6.858342996">
        <ele>2293.04</ele>
      </trkpt>
      <trkpt lat="44.332236002" lon="6.858423995">
        <ele>2292.19</ele>
      </trkpt>
      <trkpt lat="44.332220998" lon="6.858520997">
        <ele>2291.32</ele>
      </trkpt>
      <trkpt lat="44.332213003" lon="6.858728994">
        <ele>2294.54</ele>
      </trkpt>
      <trkpt lat="44.332209998" lon="6.858819996">
        <ele>2294.05</ele>
      </trkpt>
      <trkpt lat="44.332197001" lon="6.858904993">
        <ele>2294.17</ele>
      </trkpt>
      <trkpt lat="44.332173003" lon="6.859001997">
        <ele>2295.32</ele>
      </trkpt>
      <trkpt lat="44.332164" lon="6.859022">
        <ele>2296.63</ele>
      </trkpt>
      <trkpt lat="44.332142" lon="6.859105994">
        <ele>2298.92</ele>
      </trkpt>
      <trkpt lat="44.332111999" lon="6.859183994">
        <ele>2295.89</ele>
      </trkpt>
      <trkpt lat="44.332089997" lon="6.859266996">
        <ele>2292.46</ele>
      </trkpt>
      <trkpt lat="44.332057002" lon="6.859438006">
        <ele>2288.99</ele>
      </trkpt>
      <trkpt lat="44.332029995" lon="6.859526995">
        <ele>2290.15</ele>
      </trkpt>
      <trkpt lat="44.331985997" lon="6.859641997">
        <ele>2286.44</ele>
      </trkpt>
      <trkpt lat="44.331955997" lon="6.859722005">
        <ele>2288.26</ele>
      </trkpt>
      <trkpt lat="44.331913" lon="6.859837">
        <ele>2289.9</ele>
      </trkpt>
      <trkpt lat="44.331880005" lon="6.859923006">
        <ele>2291.53</ele>
      </trkpt>
      <trkpt lat="44.331822003" lon="6.860059001">
        <ele>2288.05</ele>
      </trkpt>
      <trkpt lat="44.331779002" lon="6.860151996">
        <ele>2284.04</ele>
      </trkpt>
      <trkpt lat="44.331710999" lon="6.860261996">
        <ele>2280.06</ele>
      </trkpt>
      <trkpt lat="44.331636" lon="6.860369007">
        <ele>2276.45</ele>
      </trkpt>
      <trkpt lat="44.331616996" lon="6.860411004">
        <ele>2274.73</ele>
      </trkpt>
      <trkpt lat="44.331616001" lon="6.860455999">
        <ele>2273.36</ele>
      </trkpt>
      <trkpt lat="44.331620998" lon="6.860518002">
        <ele>2272.01</ele>
      </trkpt>
      <trkpt lat="44.331648002" lon="6.860618996">
        <ele>2270.86</ele>
      </trkpt>
      <trkpt lat="44.331736998" lon="6.860823006">
        <ele>2270.39</ele>
      </trkpt>
      <trkpt lat="44.331808996" lon="6.860968">
        <ele>2269.29</ele>
      </trkpt>
      <trkpt lat="44.331850998" lon="6.861031998">
        <ele>2269.98</ele>
      </trkpt>
      <trkpt lat="44.331921" lon="6.861095005">
        <ele>2270.66</ele>
      </trkpt>
      <trkpt lat="44.332069006" lon="6.861228998">
        <ele>2271.46</ele>
      </trkpt>
      <trkpt lat="44.332184999" lon="6.861362001">
        <ele>2271.59</ele>
      </trkpt>
      <trkpt lat="44.332315998" lon="6.861544997">
        <ele>2271.55</ele>
      </trkpt>
      <trkpt lat="44.332525997" lon="6.861884003">
        <ele>2269.6</ele>
      </trkpt>
      <trkpt lat="44.332637002" lon="6.862052001">
        <ele>2268.49</ele>
      </trkpt>
      <trkpt lat="44.332731004" lon="6.862165001">
        <ele>2267.76</ele>
      </trkpt>
      <trkpt lat="44.332863002" lon="6.862317996">
        <ele>2267.44</ele>
      </trkpt>
      <trkpt lat="44.333088997" lon="6.862539004">
        <ele>2266.41</ele>
      </trkpt>
      <trkpt lat="44.333125998" lon="6.862575003">
        <ele>2264.7</ele>
      </trkpt>
      <trkpt lat="44.333371" lon="6.862837">
        <ele>2263.74</ele>
      </trkpt>
      <trkpt lat="44.333556001" lon="6.863042006">
        <ele>2262.45</ele>
      </trkpt>
      <trkpt lat="44.333685" lon="6.863168998">
        <ele>2261.11</ele>
      </trkpt>
      <trkpt lat="44.333763999" lon="6.863246009">
        <ele>2260.06</ele>
      </trkpt>
      <trkpt lat="44.333789002" lon="6.863268997">
        <ele>2260.5</ele>
      </trkpt>
      <trkpt lat="44.333868994" lon="6.863358004">
        <ele>2261.27</ele>
      </trkpt>
      <trkpt lat="44.333904004" lon="6.863404001">
        <ele>2261.78</ele>
      </trkpt>
      <trkpt lat="44.333925998" lon="6.863468999">
        <ele>2261.94</ele>
      </trkpt>
      <trkpt lat="44.333938003" lon="6.863539003">
        <ele>2261.49</ele>
      </trkpt>
      <trkpt lat="44.333932994" lon="6.863621006">
        <ele>2262.15</ele>
      </trkpt>
      <trkpt lat="44.333918994" lon="6.863757003">
        <ele>2261.32</ele>
      </trkpt>
      <trkpt lat="44.33389" lon="6.863995002">
        <ele>2260.74</ele>
      </trkpt>
      <trkpt lat="44.333869998" lon="6.864151998">
        <ele>2260.14</ele>
      </trkpt>
      <trkpt lat="44.333867999" lon="6.864164004">
        <ele>2262.04</ele>
      </trkpt>
      <trkpt lat="44.333850005" lon="6.864247996">
        <ele>2262.62</ele>
      </trkpt>
      <trkpt lat="44.333829005" lon="6.864326999">
        <ele>2263.88</ele>
      </trkpt>
      <trkpt lat="44.333800999" lon="6.864431992">
        <ele>2265.16</ele>
      </trkpt>
      <trkpt lat="44.333785004" lon="6.864484993">
        <ele>2266.77</ele>
      </trkpt>
      <trkpt lat="44.333772997" lon="6.864521994">
        <ele>2262.84</ele>
      </trkpt>
      <trkpt lat="44.333753998" lon="6.864600995">
        <ele>2261.47</ele>
      </trkpt>
      <trkpt lat="44.333747002" lon="6.864679999">
        <ele>2260.64</ele>
      </trkpt>
      <trkpt lat="44.333747999" lon="6.865070996">
        <ele>2260.82</ele>
      </trkpt>
      <trkpt lat="44.333749999" lon="6.865243003">
        <ele>2260.25</ele>
      </trkpt>
      <trkpt lat="44.333755998" lon="6.865667001">
        <ele>2261.59</ele>
      </trkpt>
      <trkpt lat="44.333757002" lon="6.865804009">
        <ele>2261.31</ele>
      </trkpt>
      <trkpt lat="44.333748994" lon="6.865880006">
        <ele>2260.22</ele>
      </trkpt>
      <trkpt lat="44.333717997" lon="6.865998003">
        <ele>2257.74</ele>
      </trkpt>
      <trkpt lat="44.333688999" lon="6.866094001">
        <ele>2255.74</ele>
      </trkpt>
      <trkpt lat="44.333637995" lon="6.866224005">
        <ele>2257.25</ele>
      </trkpt>
      <trkpt lat="44.3336" lon="6.866317002">
        <ele>2257.8</ele>
      </trkpt>
      <trkpt lat="44.333529996" lon="6.866444001">
        <ele>2256.14</ele>
      </trkpt>
      <trkpt lat="44.333495002" lon="6.866507005">
        <ele>2254.59</ele>
      </trkpt>
      <trkpt lat="44.333417997" lon="6.866626004">
        <ele>2252.91</ele>
      </trkpt>
      <trkpt lat="44.333376006" lon="6.866695009">
        <ele>2250.95</ele>
      </trkpt>
      <trkpt lat="44.333329002" lon="6.866782004">
        <ele>2248.46</ele>
      </trkpt>
      <trkpt lat="44.333297999" lon="6.866864001">
        <ele>2247.91</ele>
      </trkpt>
      <trkpt lat="44.333267002" lon="6.866972995">
        <ele>2247.17</ele>
      </trkpt>
      <trkpt lat="44.333251001" lon="6.867061001">
        <ele>2248.01</ele>
      </trkpt>
      <trkpt lat="44.333245998" lon="6.867143003">
        <ele>2246.72</ele>
      </trkpt>
      <trkpt lat="44.333252002" lon="6.867259006">
        <ele>2245.09</ele>
      </trkpt>
      <trkpt lat="44.333267998" lon="6.867382999">
        <ele>2244.86</ele>
      </trkpt>
      <trkpt lat="44.333318999" lon="6.867601997">
        <ele>2244.61</ele>
      </trkpt>
      <trkpt lat="44.333361" lon="6.867815008">
        <ele>2244.1</ele>
      </trkpt>
      <trkpt lat="44.333383001" lon="6.867952997">
        <ele>2243.94</ele>
      </trkpt>
      <trkpt lat="44.333390002" lon="6.868077004">
        <ele>2244.68</ele>
      </trkpt>
      <trkpt lat="44.333391006" lon="6.868206">
        <ele>2244.53</ele>
      </trkpt>
      <trkpt lat="44.333383002" lon="6.868300002">
        <ele>2244.82</ele>
      </trkpt>
      <trkpt lat="44.333372" lon="6.868344001">
        <ele>2244.21</ele>
      </trkpt>
      <trkpt lat="44.33335" lon="6.868405995">
        <ele>2245.51</ele>
      </trkpt>
      <trkpt lat="44.333346005" lon="6.868413005">
        <ele>2247.18</ele>
      </trkpt>
      <trkpt lat="44.333300997" lon="6.868476002">
        <ele>2247.23</ele>
      </trkpt>
      <trkpt lat="44.333222006" lon="6.868529997">
        <ele>2247.69</ele>
      </trkpt>
      <trkpt lat="44.333131006" lon="6.868568995">
        <ele>2246.61</ele>
      </trkpt>
      <trkpt lat="44.332967004" lon="6.868614998">
        <ele>2243.9</ele>
      </trkpt>
      <trkpt lat="44.332903994" lon="6.868630997">
        <ele>2241.06</ele>
      </trkpt>
      <trkpt lat="44.332864998" lon="6.868631007">
        <ele>2240.01</ele>
      </trkpt>
      <trkpt lat="44.332827" lon="6.868618003">
        <ele>2238.75</ele>
      </trkpt>
      <trkpt lat="44.332791005" lon="6.868596998">
        <ele>2239.2</ele>
      </trkpt>
      <trkpt lat="44.332768001" lon="6.868570001">
        <ele>2239.8</ele>
      </trkpt>
      <trkpt lat="44.332757001" lon="6.868522">
        <ele>2239</ele>
      </trkpt>
      <trkpt lat="44.332750994" lon="6.868474994">
        <ele>2238.24</ele>
      </trkpt>
      <trkpt lat="44.332754" lon="6.868428001">
        <ele>2237.56</ele>
      </trkpt>
      <trkpt lat="44.332761" lon="6.868383001">
        <ele>2236.92</ele>
      </trkpt>
      <trkpt lat="44.332784998" lon="6.868317992">
        <ele>2236.35</ele>
      </trkpt>
      <trkpt lat="44.332839" lon="6.868223994">
        <ele>2238.23</ele>
      </trkpt>
      <trkpt lat="44.332915999" lon="6.868106002">
        <ele>2238.81</ele>
      </trkpt>
      <trkpt lat="44.332950998" lon="6.868047997">
        <ele>2239.33</ele>
      </trkpt>
      <trkpt lat="44.332972997" lon="6.867964997">
        <ele>2239.86</ele>
      </trkpt>
      <trkpt lat="44.332973" lon="6.867904991">
        <ele>2238.33</ele>
      </trkpt>
      <trkpt lat="44.332967003" lon="6.867797">
        <ele>2235.44</ele>
      </trkpt>
      <trkpt lat="44.332933999" lon="6.867606994">
        <ele>2233.74</ele>
      </trkpt>
      <trkpt lat="44.332897005" lon="6.867473996">
        <ele>2231.95</ele>
      </trkpt>
      <trkpt lat="44.332877003" lon="6.867427993">
        <ele>2229.89</ele>
      </trkpt>
      <trkpt lat="44.332830001" lon="6.867371997">
        <ele>2229.64</ele>
      </trkpt>
      <trkpt lat="44.332797003" lon="6.867356999">
        <ele>2229.56</ele>
      </trkpt>
      <trkpt lat="44.332758998" lon="6.867346996">
        <ele>2229.35</ele>
      </trkpt>
      <trkpt lat="44.332697002" lon="6.867346001">
        <ele>2228.85</ele>
      </trkpt>
      <trkpt lat="44.332650001" lon="6.867353992">
        <ele>2228.05</ele>
      </trkpt>
      <trkpt lat="44.332589995" lon="6.867363002">
        <ele>2227.03</ele>
      </trkpt>
      <trkpt lat="44.332479995" lon="6.867408">
        <ele>2225.81</ele>
      </trkpt>
      <trkpt lat="44.332392996" lon="6.867435998">
        <ele>2224.57</ele>
      </trkpt>
      <trkpt lat="44.332333998" lon="6.867442001">
        <ele>2223.55</ele>
      </trkpt>
      <trkpt lat="44.332295004" lon="6.867443996">
        <ele>2222.87</ele>
      </trkpt>
      <trkpt lat="44.332235997" lon="6.867409003">
        <ele>2222.48</ele>
      </trkpt>
      <trkpt lat="44.332198994" lon="6.867368997">
        <ele>2221.81</ele>
      </trkpt>
      <trkpt lat="44.332162002" lon="6.867321005">
        <ele>2221.33</ele>
      </trkpt>
      <trkpt lat="44.332064997" lon="6.867169008">
        <ele>2221.08</ele>
      </trkpt>
      <trkpt lat="44.331905999" lon="6.866926996">
        <ele>2220.19</ele>
      </trkpt>
      <trkpt lat="44.331832996" lon="6.866797996">
        <ele>2219.41</ele>
      </trkpt>
      <trkpt lat="44.331798996" lon="6.866688999">
        <ele>2219.25</ele>
      </trkpt>
      <trkpt lat="44.331771002" lon="6.866614">
        <ele>2218.99</ele>
      </trkpt>
      <trkpt lat="44.331750998" lon="6.866577001">
        <ele>2218.53</ele>
      </trkpt>
      <trkpt lat="44.331727" lon="6.866557997">
        <ele>2218.58</ele>
      </trkpt>
      <trkpt lat="44.331690004" lon="6.866547009">
        <ele>2218.43</ele>
      </trkpt>
      <trkpt lat="44.331655003" lon="6.86656">
        <ele>2218.14</ele>
      </trkpt>
      <trkpt lat="44.33164" lon="6.866574005">
        <ele>2217.68</ele>
      </trkpt>
      <trkpt lat="44.331625001" lon="6.866590999">
        <ele>2217.05</ele>
      </trkpt>
      <trkpt lat="44.331615999" lon="6.866645002">
        <ele>2216.29</ele>
      </trkpt>
      <trkpt lat="44.331626999" lon="6.866733004">
        <ele>2215.13</ele>
      </trkpt>
      <trkpt lat="44.331653997" lon="6.866885003">
        <ele>2213.41</ele>
      </trkpt>
      <trkpt lat="44.331746998" lon="6.867189004">
        <ele>2212.24</ele>
      </trkpt>
      <trkpt lat="44.331788999" lon="6.867402007">
        <ele>2213.03</ele>
      </trkpt>
      <trkpt lat="44.331813" lon="6.867580007">
        <ele>2213.86</ele>
      </trkpt>
      <trkpt lat="44.331823995" lon="6.867737004">
        <ele>2215.15</ele>
      </trkpt>
      <trkpt lat="44.331821003" lon="6.867789007">
        <ele>2216.85</ele>
      </trkpt>
      <trkpt lat="44.331821" lon="6.867794996">
        <ele>2215.59</ele>
      </trkpt>
      <trkpt lat="44.331809997" lon="6.86786">
        <ele>2212.45</ele>
      </trkpt>
      <trkpt lat="44.331789997" lon="6.867931006">
        <ele>2211.41</ele>
      </trkpt>
      <trkpt lat="44.331737998" lon="6.868017003">
        <ele>2208.39</ele>
      </trkpt>
      <trkpt lat="44.331620002" lon="6.868197006">
        <ele>2205.72</ele>
      </trkpt>
      <trkpt lat="44.331513004" lon="6.868329005">
        <ele>2208.35</ele>
      </trkpt>
      <trkpt lat="44.331385001" lon="6.868453002">
        <ele>2209.09</ele>
      </trkpt>
      <trkpt lat="44.331291" lon="6.868533994">
        <ele>2208.38</ele>
      </trkpt>
      <trkpt lat="44.331206001" lon="6.868582002">
        <ele>2210.22</ele>
      </trkpt>
      <trkpt lat="44.331144003" lon="6.868600003">
        <ele>2212.41</ele>
      </trkpt>
      <trkpt lat="44.331070999" lon="6.868606003">
        <ele>2210.18</ele>
      </trkpt>
      <trkpt lat="44.331008001" lon="6.868603005">
        <ele>2210.52</ele>
      </trkpt>
      <trkpt lat="44.330879999" lon="6.868581002">
        <ele>2210.83</ele>
      </trkpt>
      <trkpt lat="44.330805998" lon="6.868589997">
        <ele>2208.35</ele>
      </trkpt>
      <trkpt lat="44.330751003" lon="6.868597993">
        <ele>2206.44</ele>
      </trkpt>
      <trkpt lat="44.330644999" lon="6.868648997">
        <ele>2204.38</ele>
      </trkpt>
      <trkpt lat="44.330513999" lon="6.868714993">
        <ele>2203.01</ele>
      </trkpt>
      <trkpt lat="44.330403997" lon="6.868750005">
        <ele>2199.9</ele>
      </trkpt>
      <trkpt lat="44.330277001" lon="6.868756007">
        <ele>2198.96</ele>
      </trkpt>
      <trkpt lat="44.330133005" lon="6.868726998">
        <ele>2199.53</ele>
      </trkpt>
      <trkpt lat="44.329860995" lon="6.86862">
        <ele>2200.73</ele>
      </trkpt>
      <trkpt lat="44.329623997" lon="6.868511001">
        <ele>2199.58</ele>
      </trkpt>
      <trkpt lat="44.329482006" lon="6.868465996">
        <ele>2199.32</ele>
      </trkpt>
      <trkpt lat="44.329331002" lon="6.868440992">
        <ele>2199.41</ele>
      </trkpt>
      <trkpt lat="44.329175" lon="6.868400003">
        <ele>2196.59</ele>
      </trkpt>
      <trkpt lat="44.328894" lon="6.868275997">
        <ele>2195.24</ele>
      </trkpt>
      <trkpt lat="44.328727997" lon="6.868184996">
        <ele>2195</ele>
      </trkpt>
      <trkpt lat="44.328682998" lon="6.868143001">
        <ele>2192.47</ele>
      </trkpt>
      <trkpt lat="44.328664995" lon="6.868084005">
        <ele>2189.29</ele>
      </trkpt>
      <trkpt lat="44.328666001" lon="6.868036992">
        <ele>2186.09</ele>
      </trkpt>
      <trkpt lat="44.328689998" lon="6.868002999">
        <ele>2185.22</ele>
      </trkpt>
      <trkpt lat="44.328716003" lon="6.867986997">
        <ele>2184.04</ele>
      </trkpt>
      <trkpt lat="44.328754998" lon="6.867985994">
        <ele>2186.44</ele>
      </trkpt>
      <trkpt lat="44.328786002" lon="6.867997992">
        <ele>2188.63</ele>
      </trkpt>
      <trkpt lat="44.328928" lon="6.868082997">
        <ele>2192.16</ele>
      </trkpt>
      <trkpt lat="44.329009004" lon="6.868137998">
        <ele>2192.43</ele>
      </trkpt>
      <trkpt lat="44.329100999" lon="6.868167006">
        <ele>2192.85</ele>
      </trkpt>
      <trkpt lat="44.329194998" lon="6.868168002">
        <ele>2190.26</ele>
      </trkpt>
      <trkpt lat="44.329451998" lon="6.868102">
        <ele>2186.92</ele>
      </trkpt>
      <trkpt lat="44.329708998" lon="6.868035004">
        <ele>2183.11</ele>
      </trkpt>
      <trkpt lat="44.329828" lon="6.867986996">
        <ele>2182.5</ele>
      </trkpt>
      <trkpt lat="44.330109998" lon="6.867824">
        <ele>2181.93</ele>
      </trkpt>
      <trkpt lat="44.330159002" lon="6.867766001">
        <ele>2183.53</ele>
      </trkpt>
      <trkpt lat="44.330182004" lon="6.867685998">
        <ele>2183.93</ele>
      </trkpt>
      <trkpt lat="44.330182998" lon="6.867647005">
        <ele>2184.01</ele>
      </trkpt>
      <trkpt lat="44.330184999" lon="6.867594999">
        <ele>2180.67</ele>
      </trkpt>
      <trkpt lat="44.330170999" lon="6.867518006">
        <ele>2177.03</ele>
      </trkpt>
      <trkpt lat="44.330077004" lon="6.867301998">
        <ele>2171.07</ele>
      </trkpt>
      <trkpt lat="44.329940003" lon="6.866984003">
        <ele>2168.9</ele>
      </trkpt>
      <trkpt lat="44.329847003" lon="6.866712004">
        <ele>2166.19</ele>
      </trkpt>
      <trkpt lat="44.329731001" lon="6.866428002">
        <ele>2163.31</ele>
      </trkpt>
      <trkpt lat="44.329615" lon="6.866133995">
        <ele>2161.45</ele>
      </trkpt>
      <trkpt lat="44.329505995" lon="6.865803993">
        <ele>2161.22</ele>
      </trkpt>
      <trkpt lat="44.329454006" lon="6.865633005">
        <ele>2159.51</ele>
      </trkpt>
      <trkpt lat="44.329372997" lon="6.865493008">
        <ele>2158.13</ele>
      </trkpt>
      <trkpt lat="44.329271002" lon="6.865366005">
        <ele>2157.23</ele>
      </trkpt>
      <trkpt lat="44.329118999" lon="6.865179994">
        <ele>2156.03</ele>
      </trkpt>
      <trkpt lat="44.328927999" lon="6.864910995">
        <ele>2154.99</ele>
      </trkpt>
      <trkpt lat="44.328813004" lon="6.864729998">
        <ele>2154.33</ele>
      </trkpt>
      <trkpt lat="44.328768999" lon="6.864621004">
        <ele>2153.92</ele>
      </trkpt>
      <trkpt lat="44.328757001" lon="6.864547001">
        <ele>2154.55</ele>
      </trkpt>
      <trkpt lat="44.328763002" lon="6.864455004">
        <ele>2154.33</ele>
      </trkpt>
      <trkpt lat="44.328811005" lon="6.864276994">
        <ele>2153.15</ele>
      </trkpt>
      <trkpt lat="44.328896002" lon="6.863998003">
        <ele>2152.12</ele>
      </trkpt>
      <trkpt lat="44.328923" lon="6.863843997">
        <ele>2150.89</ele>
      </trkpt>
      <trkpt lat="44.328926002" lon="6.863723998">
        <ele>2149.61</ele>
      </trkpt>
      <trkpt lat="44.328923996" lon="6.863717997">
        <ele>2148.07</ele>
      </trkpt>
      <trkpt lat="44.328899998" lon="6.863599998">
        <ele>2148.4</ele>
      </trkpt>
      <trkpt lat="44.328825006" lon="6.863338002">
        <ele>2148.81</ele>
      </trkpt>
      <trkpt lat="44.328818999" lon="6.863192994">
        <ele>2147.9</ele>
      </trkpt>
      <trkpt lat="44.328831002" lon="6.863052002">
        <ele>2146.72</ele>
      </trkpt>
      <trkpt lat="44.328851997" lon="6.862968008">
        <ele>2146.54</ele>
      </trkpt>
      <trkpt lat="44.328865003" lon="6.862909998">
        <ele>2146.21</ele>
      </trkpt>
      <trkpt lat="44.328859006" lon="6.862845997">
        <ele>2145.7</ele>
      </trkpt>
      <trkpt lat="44.328834002" lon="6.862782005">
        <ele>2146.61</ele>
      </trkpt>
      <trkpt lat="44.328799001" lon="6.862745003">
        <ele>2145.02</ele>
      </trkpt>
      <trkpt lat="44.328766999" lon="6.862736003">
        <ele>2143.27</ele>
      </trkpt>
      <trkpt lat="44.328733003" lon="6.862744005">
        <ele>2141.36</ele>
      </trkpt>
      <trkpt lat="44.328593996" lon="6.862880001">
        <ele>2138.86</ele>
      </trkpt>
      <trkpt lat="44.328475995" lon="6.863014993">
        <ele>2135.77</ele>
      </trkpt>
      <trkpt lat="44.328412006" lon="6.863122997">
        <ele>2134.62</ele>
      </trkpt>
      <trkpt lat="44.328363" lon="6.863265997">
        <ele>2135.5</ele>
      </trkpt>
      <trkpt lat="44.328341998" lon="6.863402005">
        <ele>2136.3</ele>
      </trkpt>
      <trkpt lat="44.328323997" lon="6.863487997">
        <ele>2137.46</ele>
      </trkpt>
      <trkpt lat="44.328315999" lon="6.863503999">
        <ele>2139.22</ele>
      </trkpt>
      <trkpt lat="44.328293003" lon="6.863568006">
        <ele>2139.21</ele>
      </trkpt>
      <trkpt lat="44.328253999" lon="6.863618001">
        <ele>2137.72</ele>
      </trkpt>
      <trkpt lat="44.328155999" lon="6.863677996">
        <ele>2134.55</ele>
      </trkpt>
      <trkpt lat="44.328045996" lon="6.863699004">
        <ele>2131.68</ele>
      </trkpt>
      <trkpt lat="44.327891995" lon="6.863689">
        <ele>2128.87</ele>
      </trkpt>
      <trkpt lat="44.327823998" lon="6.863699001">
        <ele>2128.35</ele>
      </trkpt>
      <trkpt lat="44.327764995" lon="6.863730004">
        <ele>2126.47</ele>
      </trkpt>
      <trkpt lat="44.327702" lon="6.86379">
        <ele>2125.31</ele>
      </trkpt>
      <trkpt lat="44.327490002" lon="6.864088997">
        <ele>2123.55</ele>
      </trkpt>
      <trkpt lat="44.327283004" lon="6.864427001">
        <ele>2121.91</ele>
      </trkpt>
      <trkpt lat="44.327200999" lon="6.864587004">
        <ele>2119.98</ele>
      </trkpt>
      <trkpt lat="44.327131" lon="6.864799">
        <ele>2117.77</ele>
      </trkpt>
      <trkpt lat="44.327094" lon="6.864924999">
        <ele>2116.33</ele>
      </trkpt>
      <trkpt lat="44.327058004" lon="6.865006008">
        <ele>2115.14</ele>
      </trkpt>
      <trkpt lat="44.327008997" lon="6.865058005">
        <ele>2113.64</ele>
      </trkpt>
      <trkpt lat="44.326968999" lon="6.865076995">
        <ele>2112.36</ele>
      </trkpt>
      <trkpt lat="44.326916002" lon="6.865080999">
        <ele>2112.21</ele>
      </trkpt>
      <trkpt lat="44.326872002" lon="6.865068995">
        <ele>2110.13</ele>
      </trkpt>
      <trkpt lat="44.326832003" lon="6.865035004">
        <ele>2108.6</ele>
      </trkpt>
      <trkpt lat="44.326801002" lon="6.864994998">
        <ele>2107.25</ele>
      </trkpt>
      <trkpt lat="44.326779997" lon="6.864926999">
        <ele>2106.26</ele>
      </trkpt>
      <trkpt lat="44.326778001" lon="6.864902004">
        <ele>2105.98</ele>
      </trkpt>
      <trkpt lat="44.326774999" lon="6.864840005">
        <ele>2108.46</ele>
      </trkpt>
      <trkpt lat="44.326802" lon="6.864709005">
        <ele>2108.62</ele>
      </trkpt>
      <trkpt lat="44.326902996" lon="6.864440005">
        <ele>2108.94</ele>
      </trkpt>
      <trkpt lat="44.327026" lon="6.864172003">
        <ele>2111.65</ele>
      </trkpt>
      <trkpt lat="44.327073994" lon="6.864046">
        <ele>2111.59</ele>
      </trkpt>
      <trkpt lat="44.327101" lon="6.863921001">
        <ele>2111.89</ele>
      </trkpt>
      <trkpt lat="44.327106994" lon="6.863800996">
        <ele>2108.99</ele>
      </trkpt>
      <trkpt lat="44.327099999" lon="6.863556993">
        <ele>2109.06</ele>
      </trkpt>
      <trkpt lat="44.327078004" lon="6.863401997">
        <ele>2106.64</ele>
      </trkpt>
      <trkpt lat="44.327085998" lon="6.863290992">
        <ele>2106.35</ele>
      </trkpt>
      <trkpt lat="44.327112998" lon="6.863211001">
        <ele>2105.11</ele>
      </trkpt>
      <trkpt lat="44.327151" lon="6.863158001">
        <ele>2111.46</ele>
      </trkpt>
      <trkpt lat="44.327284002" lon="6.863078008">
        <ele>2111.54</ele>
      </trkpt>
      <trkpt lat="44.327363005" lon="6.863030001">
        <ele>2110.74</ele>
      </trkpt>
      <trkpt lat="44.327409005" lon="6.862982003">
        <ele>2109.8</ele>
      </trkpt>
      <trkpt lat="44.327488994" lon="6.862847998">
        <ele>2108.54</ele>
      </trkpt>
      <trkpt lat="44.327490997" lon="6.862839999">
        <ele>2104.72</ele>
      </trkpt>
      <trkpt lat="44.327571006" lon="6.862648996">
        <ele>2103.71</ele>
      </trkpt>
      <trkpt lat="44.327674997" lon="6.862449999">
        <ele>2102.94</ele>
      </trkpt>
      <trkpt lat="44.327950995" lon="6.862100997">
        <ele>2102.21</ele>
      </trkpt>
      <trkpt lat="44.328018004" lon="6.861995999">
        <ele>2098.66</ele>
      </trkpt>
      <trkpt lat="44.328051998" lon="6.861887004">
        <ele>2095.83</ele>
      </trkpt>
      <trkpt lat="44.328060999" lon="6.861736995">
        <ele>2094.04</ele>
      </trkpt>
      <trkpt lat="44.328045999" lon="6.861574991">
        <ele>2090.84</ele>
      </trkpt>
      <trkpt lat="44.328029001" lon="6.861387993">
        <ele>2088.59</ele>
      </trkpt>
      <trkpt lat="44.328037997" lon="6.861165001">
        <ele>2087.81</ele>
      </trkpt>
      <trkpt lat="44.328055002" lon="6.860957997">
        <ele>2084.43</ele>
      </trkpt>
      <trkpt lat="44.328105999" lon="6.860691001">
        <ele>2080.73</ele>
      </trkpt>
      <trkpt lat="44.328152998" lon="6.860495998">
        <ele>2078.29</ele>
      </trkpt>
      <trkpt lat="44.328165001" lon="6.860369005">
        <ele>2076.16</ele>
      </trkpt>
      <trkpt lat="44.328139994" lon="6.860051002">
        <ele>2074.19</ele>
      </trkpt>
      <trkpt lat="44.328086995" lon="6.859723997">
        <ele>2074.25</ele>
      </trkpt>
      <trkpt lat="44.328064003" lon="6.859645003">
        <ele>2073.91</ele>
      </trkpt>
      <trkpt lat="44.328041995" lon="6.859607006">
        <ele>2074.03</ele>
      </trkpt>
      <trkpt lat="44.328006994" lon="6.859590006">
        <ele>2072.8</ele>
      </trkpt>
      <trkpt lat="44.327977005" lon="6.859592997">
        <ele>2072.87</ele>
      </trkpt>
      <trkpt lat="44.327951994" lon="6.859611004">
        <ele>2072.29</ele>
      </trkpt>
      <trkpt lat="44.327933001" lon="6.859654004">
        <ele>2070.55</ele>
      </trkpt>
      <trkpt lat="44.327913002" lon="6.859739999">
        <ele>2069.96</ele>
      </trkpt>
      <trkpt lat="44.327896998" lon="6.859915996">
        <ele>2067.83</ele>
      </trkpt>
      <trkpt lat="44.327865002" lon="6.860154997">
        <ele>2067.84</ele>
      </trkpt>
      <trkpt lat="44.327813006" lon="6.860432006">
        <ele>2067.61</ele>
      </trkpt>
      <trkpt lat="44.327767003" lon="6.860641">
        <ele>2071.02</ele>
      </trkpt>
      <trkpt lat="44.32772" lon="6.860802002">
        <ele>2069.71</ele>
      </trkpt>
      <trkpt lat="44.327654003" lon="6.860967999">
        <ele>2069.89</ele>
      </trkpt>
      <trkpt lat="44.327524999" lon="6.861208997">
        <ele>2067.63</ele>
      </trkpt>
      <trkpt lat="44.327348997" lon="6.861492001">
        <ele>2065.9</ele>
      </trkpt>
      <trkpt lat="44.327182997" lon="6.861743004">
        <ele>2062.55</ele>
      </trkpt>
      <trkpt lat="44.327079996" lon="6.861881001">
        <ele>2063.07</ele>
      </trkpt>
      <trkpt lat="44.326955997" lon="6.862018998">
        <ele>2064.43</ele>
      </trkpt>
      <trkpt lat="44.326918996" lon="6.862061999">
        <ele>2062.54</ele>
      </trkpt>
      <trkpt lat="44.326845" lon="6.862115998">
        <ele>2061.97</ele>
      </trkpt>
      <trkpt lat="44.326760998" lon="6.862155994">
        <ele>2061.8</ele>
      </trkpt>
      <trkpt lat="44.326658002" lon="6.862172009">
        <ele>2061.73</ele>
      </trkpt>
      <trkpt lat="44.326522999" lon="6.862212004">
        <ele>2061</ele>
      </trkpt>
      <trkpt lat="44.326369001" lon="6.862253994">
        <ele>2060.96</ele>
      </trkpt>
      <trkpt lat="44.326283999" lon="6.862304995">
        <ele>2059.53</ele>
      </trkpt>
      <trkpt lat="44.326206" lon="6.862396999">
        <ele>2056.71</ele>
      </trkpt>
      <trkpt lat="44.326163004" lon="6.862457995">
        <ele>2053.47</ele>
      </trkpt>
      <trkpt lat="44.326146998" lon="6.862466998">
        <ele>2050.3</ele>
      </trkpt>
      <trkpt lat="44.326121001" lon="6.862481006">
        <ele>2050.42</ele>
      </trkpt>
      <trkpt lat="44.326085003" lon="6.862468005">
        <ele>2051.19</ele>
      </trkpt>
      <trkpt lat="44.326063006" lon="6.862428992">
        <ele>2052.41</ele>
      </trkpt>
      <trkpt lat="44.326059997" lon="6.862360992">
        <ele>2054.06</ele>
      </trkpt>
      <trkpt lat="44.326078" lon="6.862278003">
        <ele>2051.91</ele>
      </trkpt>
      <trkpt lat="44.326129998" lon="6.862185996">
        <ele>2049.22</ele>
      </trkpt>
      <trkpt lat="44.326173002" lon="6.862134002">
        <ele>2049.65</ele>
      </trkpt>
      <trkpt lat="44.326234996" lon="6.862093999">
        <ele>2048.74</ele>
      </trkpt>
      <trkpt lat="44.326304" lon="6.862069992">
        <ele>2050.71</ele>
      </trkpt>
      <trkpt lat="44.326407002" lon="6.862023006">
        <ele>2055.87</ele>
      </trkpt>
      <trkpt lat="44.326549001" lon="6.861896997">
        <ele>2057.2</ele>
      </trkpt>
      <trkpt lat="44.326605998" lon="6.861822002">
        <ele>2055</ele>
      </trkpt>
      <trkpt lat="44.326632001" lon="6.861765998">
        <ele>2053.96</ele>
      </trkpt>
      <trkpt lat="44.326641995" lon="6.861746002">
        <ele>2050.45</ele>
      </trkpt>
      <trkpt lat="44.326665004" lon="6.861628">
        <ele>2044.46</ele>
      </trkpt>
      <trkpt lat="44.326697005" lon="6.861352006">
        <ele>2042.86</ele>
      </trkpt>
      <trkpt lat="44.326735004" lon="6.861218001">
        <ele>2041.74</ele>
      </trkpt>
      <trkpt lat="44.326803997" lon="6.861076002">
        <ele>2043.61</ele>
      </trkpt>
      <trkpt lat="44.326997994" lon="6.860763004">
        <ele>2041.76</ele>
      </trkpt>
      <trkpt lat="44.327091004" lon="6.860580997">
        <ele>2043.29</ele>
      </trkpt>
      <trkpt lat="44.327130998" lon="6.860453002">
        <ele>2045.22</ele>
      </trkpt>
      <trkpt lat="44.327142002" lon="6.860336">
        <ele>2042.8</ele>
      </trkpt>
      <trkpt lat="44.327137004" lon="6.860185002">
        <ele>2035.25</ele>
      </trkpt>
      <trkpt lat="44.327064001" lon="6.859755008">
        <ele>2030.81</ele>
      </trkpt>
      <trkpt lat="44.327043999" lon="6.859566992">
        <ele>2027.79</ele>
      </trkpt>
      <trkpt lat="44.327079002" lon="6.859065993">
        <ele>2025.33</ele>
      </trkpt>
      <trkpt lat="44.327103004" lon="6.858752">
        <ele>2024.01</ele>
      </trkpt>
      <trkpt lat="44.327093" lon="6.858571006">
        <ele>2023.9</ele>
      </trkpt>
      <trkpt lat="44.327017996" lon="6.858146002">
        <ele>2022.66</ele>
      </trkpt>
      <trkpt lat="44.326978006" lon="6.857877003">
        <ele>2020.57</ele>
      </trkpt>
      <trkpt lat="44.326949003" lon="6.857581999">
        <ele>2015.02</ele>
      </trkpt>
      <trkpt lat="44.326958004" lon="6.857352998">
        <ele>2013.86</ele>
      </trkpt>
      <trkpt lat="44.327007001" lon="6.857123997">
        <ele>2014.62</ele>
      </trkpt>
      <trkpt lat="44.327123002" lon="6.856667997">
        <ele>2013.02</ele>
      </trkpt>
      <trkpt lat="44.327232001" lon="6.856382992">
        <ele>2010.69</ele>
      </trkpt>
      <trkpt lat="44.327264004" lon="6.856272002">
        <ele>2011.97</ele>
      </trkpt>
      <trkpt lat="44.327292997" lon="6.856180003">
        <ele>2012.55</ele>
      </trkpt>
      <trkpt lat="44.327394" lon="6.855763995">
        <ele>2010.27</ele>
      </trkpt>
      <trkpt lat="44.327450003" lon="6.855524005">
        <ele>2011.67</ele>
      </trkpt>
      <trkpt lat="44.327484002" lon="6.855214005">
        <ele>2010.58</ele>
      </trkpt>
      <trkpt lat="44.327482998" lon="6.855127006">
        <ele>2008.76</ele>
      </trkpt>
      <trkpt lat="44.327470004" lon="6.855045005">
        <ele>2005.03</ele>
      </trkpt>
      <trkpt lat="44.327395001" lon="6.854884998">
        <ele>2002.54</ele>
      </trkpt>
      <trkpt lat="44.327318996" lon="6.854732004">
        <ele>2000.05</ele>
      </trkpt>
      <trkpt lat="44.327247998" lon="6.854511003">
        <ele>1999.95</ele>
      </trkpt>
      <trkpt lat="44.327222004" lon="6.854370001">
        <ele>1998.5</ele>
      </trkpt>
      <trkpt lat="44.327213005" lon="6.854318994">
        <ele>1998.44</ele>
      </trkpt>
      <trkpt lat="44.327179998" lon="6.854195996">
        <ele>1998.83</ele>
      </trkpt>
      <trkpt lat="44.327125998" lon="6.854051005">
        <ele>1998.03</ele>
      </trkpt>
      <trkpt lat="44.327116998" lon="6.854025998">
        <ele>1996.81</ele>
      </trkpt>
      <trkpt lat="44.327056004" lon="6.853897995">
        <ele>1995.99</ele>
      </trkpt>
      <trkpt lat="44.326914997" lon="6.853694994">
        <ele>1993.61</ele>
      </trkpt>
      <trkpt lat="44.326760001" lon="6.853471998">
        <ele>1991.51</ele>
      </trkpt>
      <trkpt lat="44.326706001" lon="6.853363994">
        <ele>1990.52</ele>
      </trkpt>
      <trkpt lat="44.32668" lon="6.853280996">
        <ele>1990.61</ele>
      </trkpt>
      <trkpt lat="44.326669006" lon="6.853199999">
        <ele>1989.68</ele>
      </trkpt>
      <trkpt lat="44.326672995" lon="6.852996998">
        <ele>1988.97</ele>
      </trkpt>
      <trkpt lat="44.326672" lon="6.852776005">
        <ele>1988.35</ele>
      </trkpt>
      <trkpt lat="44.326670995" lon="6.852409994">
        <ele>1987.62</ele>
      </trkpt>
      <trkpt lat="44.326665998" lon="6.852332995">
        <ele>1986.22</ele>
      </trkpt>
      <trkpt lat="44.326655" lon="6.852293993">
        <ele>1986.19</ele>
      </trkpt>
      <trkpt lat="44.326638997" lon="6.852270005">
        <ele>1987.06</ele>
      </trkpt>
      <trkpt lat="44.326617006" lon="6.852259997">
        <ele>1987.4</ele>
      </trkpt>
      <trkpt lat="44.326594004" lon="6.852266003">
        <ele>1986.56</ele>
      </trkpt>
      <trkpt lat="44.326581002" lon="6.852285997">
        <ele>1984.59</ele>
      </trkpt>
      <trkpt lat="44.326550005" lon="6.852479992">
        <ele>1981.58</ele>
      </trkpt>
      <trkpt lat="44.326508998" lon="6.852695992">
        <ele>1980.76</ele>
      </trkpt>
      <trkpt lat="44.326429004" lon="6.852975001">
        <ele>1979.78</ele>
      </trkpt>
      <trkpt lat="44.326374" lon="6.853117005">
        <ele>1979.43</ele>
      </trkpt>
      <trkpt lat="44.326331002" lon="6.853188993">
        <ele>1977.6</ele>
      </trkpt>
      <trkpt lat="44.326256996" lon="6.853290999">
        <ele>1978.45</ele>
      </trkpt>
      <trkpt lat="44.326206999" lon="6.853366">
        <ele>1975.95</ele>
      </trkpt>
      <trkpt lat="44.326165998" lon="6.853471004">
        <ele>1973.96</ele>
      </trkpt>
      <trkpt lat="44.326102005" lon="6.853764997">
        <ele>1971.86</ele>
      </trkpt>
      <trkpt lat="44.326028999" lon="6.854123998">
        <ele>1971.09</ele>
      </trkpt>
      <trkpt lat="44.325980005" lon="6.854386004">
        <ele>1968.86</ele>
      </trkpt>
      <trkpt lat="44.325971995" lon="6.854525994">
        <ele>1969.04</ele>
      </trkpt>
      <trkpt lat="44.325993" lon="6.854633999">
        <ele>1968.94</ele>
      </trkpt>
      <trkpt lat="44.326019999" lon="6.854743002">
        <ele>1968.88</ele>
      </trkpt>
      <trkpt lat="44.326020996" lon="6.854749008">
        <ele>1969.58</ele>
      </trkpt>
      <trkpt lat="44.326040997" lon="6.854871998">
        <ele>1969.83</ele>
      </trkpt>
      <trkpt lat="44.326042998" lon="6.854992005">
        <ele>1970.82</ele>
      </trkpt>
      <trkpt lat="44.326027999" lon="6.855071998">
        <ele>1969.71</ele>
      </trkpt>
      <trkpt lat="44.325985003" lon="6.855157004">
        <ele>1969.12</ele>
      </trkpt>
      <trkpt lat="44.325928995" lon="6.855223999">
        <ele>1969.14</ele>
      </trkpt>
      <trkpt lat="44.325879002" lon="6.855268002">
        <ele>1967.14</ele>
      </trkpt>
      <trkpt lat="44.325800999" lon="6.855340003">
        <ele>1965.78</ele>
      </trkpt>
      <trkpt lat="44.32564" lon="6.855446001">
        <ele>1966.38</ele>
      </trkpt>
      <trkpt lat="44.325536003" lon="6.855524003">
        <ele>1965.09</ele>
      </trkpt>
      <trkpt lat="44.325425995" lon="6.855638995">
        <ele>1963.31</ele>
      </trkpt>
      <trkpt lat="44.325281" lon="6.855772006">
        <ele>1963.52</ele>
      </trkpt>
      <trkpt lat="44.325178998" lon="6.855891008">
        <ele>1960.49</ele>
      </trkpt>
      <trkpt lat="44.325117" lon="6.855998998">
        <ele>1959.67</ele>
      </trkpt>
      <trkpt lat="44.325041003" lon="6.856208001">
        <ele>1960.18</ele>
      </trkpt>
      <trkpt lat="44.324999" lon="6.856333007">
        <ele>1957.91</ele>
      </trkpt>
      <trkpt lat="44.324934" lon="6.856459008">
        <ele>1958.06</ele>
      </trkpt>
      <trkpt lat="44.324851005" lon="6.856579">
        <ele>1957.7</ele>
      </trkpt>
      <trkpt lat="44.324763999" lon="6.856755">
        <ele>1953.6</ele>
      </trkpt>
      <trkpt lat="44.324665004" lon="6.857004002">
        <ele>1951.24</ele>
      </trkpt>
      <trkpt lat="44.324560999" lon="6.857340001">
        <ele>1950.22</ele>
      </trkpt>
      <trkpt lat="44.324462999" lon="6.857603004">
        <ele>1945.87</ele>
      </trkpt>
      <trkpt lat="44.324314005" lon="6.857977994">
        <ele>1941.57</ele>
      </trkpt>
      <trkpt lat="44.324282002" lon="6.858121003">
        <ele>1937.79</ele>
      </trkpt>
      <trkpt lat="44.324278006" lon="6.858241">
        <ele>1936.7</ele>
      </trkpt>
      <trkpt lat="44.324305001" lon="6.858388003">
        <ele>1936.48</ele>
      </trkpt>
      <trkpt lat="44.324327006" lon="6.858595001">
        <ele>1937.34</ele>
      </trkpt>
      <trkpt lat="44.324325998" lon="6.858779002">
        <ele>1941.81</ele>
      </trkpt>
      <trkpt lat="44.324323" lon="6.858800994">
        <ele>1943.63</ele>
      </trkpt>
      <trkpt lat="44.324306994" lon="6.858934999">
        <ele>1941.13</ele>
      </trkpt>
      <trkpt lat="44.324275003" lon="6.859042995">
        <ele>1939.34</ele>
      </trkpt>
      <trkpt lat="44.324219999" lon="6.859137007">
        <ele>1942.26</ele>
      </trkpt>
      <trkpt lat="44.324108002" lon="6.859240003">
        <ele>1937.3</ele>
      </trkpt>
      <trkpt lat="44.324044996" lon="6.859304996">
        <ele>1939.02</ele>
      </trkpt>
      <trkpt lat="44.323952995" lon="6.859455001">
        <ele>1936.86</ele>
      </trkpt>
      <trkpt lat="44.323790006" lon="6.859702999">
        <ele>1936.51</ele>
      </trkpt>
      <trkpt lat="44.323704996" lon="6.859888994">
        <ele>1930.11</ele>
      </trkpt>
      <trkpt lat="44.323662994" lon="6.860098007">
        <ele>1928.37</ele>
      </trkpt>
      <trkpt lat="44.323640002" lon="6.860309005">
        <ele>1925.46</ele>
      </trkpt>
      <trkpt lat="44.323628002" lon="6.860402003">
        <ele>1926.11</ele>
      </trkpt>
      <trkpt lat="44.323614998" lon="6.860616997">
        <ele>1924.68</ele>
      </trkpt>
      <trkpt lat="44.323597994" lon="6.860716998">
        <ele>1923.74</ele>
      </trkpt>
      <trkpt lat="44.323588997" lon="6.860773004">
        <ele>1922.66</ele>
      </trkpt>
      <trkpt lat="44.323542998" lon="6.860927999">
        <ele>1919.81</ele>
      </trkpt>
      <trkpt lat="44.323454995" lon="6.861144997">
        <ele>1920.53</ele>
      </trkpt>
      <trkpt lat="44.323380995" lon="6.861302">
        <ele>1919.36</ele>
      </trkpt>
      <trkpt lat="44.323263006" lon="6.861468004">
        <ele>1919.14</ele>
      </trkpt>
      <trkpt lat="44.323151002" lon="6.861596001">
        <ele>1919.87</ele>
      </trkpt>
      <trkpt lat="44.323069997" lon="6.861651001">
        <ele>1919.08</ele>
      </trkpt>
      <trkpt lat="44.322953997" lon="6.861695995">
        <ele>1915.34</ele>
      </trkpt>
      <trkpt lat="44.322797996" lon="6.861755999">
        <ele>1913.51</ele>
      </trkpt>
      <trkpt lat="44.322727006" lon="6.861794997">
        <ele>1911.57</ele>
      </trkpt>
      <trkpt lat="44.322698997" lon="6.861834992">
        <ele>1909.33</ele>
      </trkpt>
      <trkpt lat="44.322696002" lon="6.861862005">
        <ele>1908.64</ele>
      </trkpt>
      <trkpt lat="44.322695999" lon="6.861908002">
        <ele>1908.17</ele>
      </trkpt>
      <trkpt lat="44.322716996" lon="6.861986">
        <ele>1907.8</ele>
      </trkpt>
      <trkpt lat="44.322771" lon="6.862077999">
        <ele>1908.49</ele>
      </trkpt>
      <trkpt lat="44.322885004" lon="6.862206001">
        <ele>1909.04</ele>
      </trkpt>
      <trkpt lat="44.322956999" lon="6.862302001">
        <ele>1909.29</ele>
      </trkpt>
      <trkpt lat="44.323001998" lon="6.862382">
        <ele>1910.97</ele>
      </trkpt>
      <trkpt lat="44.323036999" lon="6.862488999">
        <ele>1912.52</ele>
      </trkpt>
      <trkpt lat="44.323038998" lon="6.862607004">
        <ele>1912.79</ele>
      </trkpt>
      <trkpt lat="44.323021001" lon="6.862706999">
        <ele>1913.32</ele>
      </trkpt>
      <trkpt lat="44.322987998" lon="6.862807">
        <ele>1911.26</ele>
      </trkpt>
      <trkpt lat="44.322981003" lon="6.862814997">
        <ele>1909.41</ele>
      </trkpt>
      <trkpt lat="44.322878001" lon="6.862982999">
        <ele>1907.1</ele>
      </trkpt>
      <trkpt lat="44.322816998" lon="6.863104001">
        <ele>1907.11</ele>
      </trkpt>
      <trkpt lat="44.322781004" lon="6.863264997">
        <ele>1906.5</ele>
      </trkpt>
      <trkpt lat="44.322755998" lon="6.863500008">
        <ele>1911.45</ele>
      </trkpt>
      <trkpt lat="44.322731" lon="6.863623">
        <ele>1910.44</ele>
      </trkpt>
      <trkpt lat="44.322642998" lon="6.863878005">
        <ele>1910.3</ele>
      </trkpt>
      <trkpt lat="44.322610002" lon="6.863936">
        <ele>1908.29</ele>
      </trkpt>
      <trkpt lat="44.32258" lon="6.863945001">
        <ele>1907.14</ele>
      </trkpt>
      <trkpt lat="44.322552001" lon="6.863938006">
        <ele>1900.04</ele>
      </trkpt>
      <trkpt lat="44.322535999" lon="6.863912008">
        <ele>1898.26</ele>
      </trkpt>
      <trkpt lat="44.322528001" lon="6.863846007">
        <ele>1897.49</ele>
      </trkpt>
      <trkpt lat="44.322533" lon="6.863661003">
        <ele>1894.47</ele>
      </trkpt>
      <trkpt lat="44.322536001" lon="6.863500004">
        <ele>1893.16</ele>
      </trkpt>
      <trkpt lat="44.322529001" lon="6.863361999">
        <ele>1893.78</ele>
      </trkpt>
      <trkpt lat="44.322502999" lon="6.863049003">
        <ele>1893.58</ele>
      </trkpt>
      <trkpt lat="44.322483004" lon="6.862913">
        <ele>1892.64</ele>
      </trkpt>
      <trkpt lat="44.322448997" lon="6.862829006">
        <ele>1893.95</ele>
      </trkpt>
      <trkpt lat="44.322408" lon="6.862767998">
        <ele>1892.11</ele>
      </trkpt>
      <trkpt lat="44.322392994" lon="6.862747001">
        <ele>1890.91</ele>
      </trkpt>
      <trkpt lat="44.322331001" lon="6.862688993">
        <ele>1889.36</ele>
      </trkpt>
      <trkpt lat="44.322128996" lon="6.862544006">
        <ele>1885.9</ele>
      </trkpt>
      <trkpt lat="44.322116" lon="6.862534005">
        <ele>1882.59</ele>
      </trkpt>
      <trkpt lat="44.322055002" lon="6.862500006">
        <ele>1881.15</ele>
      </trkpt>
      <trkpt lat="44.322001995" lon="6.862443">
        <ele>1878.69</ele>
      </trkpt>
      <trkpt lat="44.321909001" lon="6.862287998">
        <ele>1876</ele>
      </trkpt>
      <trkpt lat="44.321769004" lon="6.862018001">
        <ele>1875.59</ele>
      </trkpt>
      <trkpt lat="44.321612998" lon="6.861686004">
        <ele>1875.38</ele>
      </trkpt>
      <trkpt lat="44.321581005" lon="6.861577996">
        <ele>1874.92</ele>
      </trkpt>
      <trkpt lat="44.321577999" lon="6.861513002">
        <ele>1876.9</ele>
      </trkpt>
      <trkpt lat="44.321589994" lon="6.861454001">
        <ele>1879.8</ele>
      </trkpt>
      <trkpt lat="44.321635005" lon="6.861380003">
        <ele>1881.24</ele>
      </trkpt>
      <trkpt lat="44.321889001" lon="6.861187999">
        <ele>1881.81</ele>
      </trkpt>
      <trkpt lat="44.322003001" lon="6.861084996">
        <ele>1882.03</ele>
      </trkpt>
      <trkpt lat="44.322073004" lon="6.860982999">
        <ele>1881.97</ele>
      </trkpt>
      <trkpt lat="44.322094997" lon="6.860918001">
        <ele>1879.68</ele>
      </trkpt>
      <trkpt lat="44.322169996" lon="6.860701">
        <ele>1879.15</ele>
      </trkpt>
      <trkpt lat="44.322219995" lon="6.860466">
        <ele>1876.4</ele>
      </trkpt>
      <trkpt lat="44.322261994" lon="6.860136992">
        <ele>1873.78</ele>
      </trkpt>
      <trkpt lat="44.322298003" lon="6.860007003">
        <ele>1873.39</ele>
      </trkpt>
      <trkpt lat="44.322344001" lon="6.859918998">
        <ele>1874.51</ele>
      </trkpt>
      <trkpt lat="44.322417001" lon="6.859852002">
        <ele>1874.65</ele>
      </trkpt>
      <trkpt lat="44.322428998" lon="6.859834993">
        <ele>1874.88</ele>
      </trkpt>
      <trkpt lat="44.322465997" lon="6.859791002">
        <ele>1878.06</ele>
      </trkpt>
      <trkpt lat="44.322605999" lon="6.859488003">
        <ele>1878.85</ele>
      </trkpt>
      <trkpt lat="44.322645004" lon="6.859361997">
        <ele>1877.01</ele>
      </trkpt>
      <trkpt lat="44.322649002" lon="6.859300994">
        <ele>1872.67</ele>
      </trkpt>
      <trkpt lat="44.322636005" lon="6.859261003">
        <ele>1871.03</ele>
      </trkpt>
      <trkpt lat="44.322608003" lon="6.859231">
        <ele>1866.32</ele>
      </trkpt>
      <trkpt lat="44.322569005" lon="6.859228003">
        <ele>1864.52</ele>
      </trkpt>
      <trkpt lat="44.322521001" lon="6.859241994">
        <ele>1865.43</ele>
      </trkpt>
      <trkpt lat="44.322481996" lon="6.859279998">
        <ele>1865.07</ele>
      </trkpt>
      <trkpt lat="44.322406998" lon="6.859398003">
        <ele>1864.55</ele>
      </trkpt>
      <trkpt lat="44.322299999" lon="6.859564996">
        <ele>1867.46</ele>
      </trkpt>
      <trkpt lat="44.322269003" lon="6.859611003">
        <ele>1863.96</ele>
      </trkpt>
      <trkpt lat="44.322161002" lon="6.859785999">
        <ele>1860.44</ele>
      </trkpt>
      <trkpt lat="44.322072997" lon="6.859921005">
        <ele>1864.39</ele>
      </trkpt>
      <trkpt lat="44.321980994" lon="6.860010997">
        <ele>1865.26</ele>
      </trkpt>
      <trkpt lat="44.321856998" lon="6.860100992">
        <ele>1860.07</ele>
      </trkpt>
      <trkpt lat="44.321668999" lon="6.860204">
        <ele>1858.13</ele>
      </trkpt>
      <trkpt lat="44.321519999" lon="6.860299999">
        <ele>1855.86</ele>
      </trkpt>
      <trkpt lat="44.321460998" lon="6.860370006">
        <ele>1850.55</ele>
      </trkpt>
      <trkpt lat="44.321421002" lon="6.860467997">
        <ele>1851.81</ele>
      </trkpt>
      <trkpt lat="44.321310997" lon="6.860877001">
        <ele>1851.12</ele>
      </trkpt>
      <trkpt lat="44.321265995" lon="6.861039">
        <ele>1850.42</ele>
      </trkpt>
      <trkpt lat="44.321233002" lon="6.861117998">
        <ele>1849.94</ele>
      </trkpt>
      <trkpt lat="44.321169003" lon="6.861192999">
        <ele>1848.5</ele>
      </trkpt>
      <trkpt lat="44.321039002" lon="6.861271998">
        <ele>1843.1</ele>
      </trkpt>
      <trkpt lat="44.320986997" lon="6.861325998">
        <ele>1841.56</ele>
      </trkpt>
      <trkpt lat="44.320948003" lon="6.861386999">
        <ele>1839.45</ele>
      </trkpt>
      <trkpt lat="44.320920998" lon="6.861470998">
        <ele>1836.51</ele>
      </trkpt>
      <trkpt lat="44.320906998" lon="6.861564998">
        <ele>1834.06</ele>
      </trkpt>
      <trkpt lat="44.320922004" lon="6.861703997">
        <ele>1834.44</ele>
      </trkpt>
      <trkpt lat="44.320957995" lon="6.862016998">
        <ele>1834.37</ele>
      </trkpt>
      <trkpt lat="44.320978005" lon="6.862289003">
        <ele>1832.64</ele>
      </trkpt>
      <trkpt lat="44.320989" lon="6.862677994">
        <ele>1831.43</ele>
      </trkpt>
      <trkpt lat="44.321009999" lon="6.862979003">
        <ele>1830.76</ele>
      </trkpt>
      <trkpt lat="44.321042003" lon="6.863331001">
        <ele>1826.21</ele>
      </trkpt>
      <trkpt lat="44.321070001" lon="6.863589994">
        <ele>1822.6</ele>
      </trkpt>
      <trkpt lat="44.321092995" lon="6.863795997">
        <ele>1822.1</ele>
      </trkpt>
      <trkpt lat="44.321095003" lon="6.863813997">
        <ele>1823.53</ele>
      </trkpt>
      <trkpt lat="44.321109" lon="6.864058001">
        <ele>1822.56</ele>
      </trkpt>
      <trkpt lat="44.321096001" lon="6.864306992">
        <ele>1821.6</ele>
      </trkpt>
      <trkpt lat="44.321065996" lon="6.864497001">
        <ele>1823.13</ele>
      </trkpt>
      <trkpt lat="44.321004999" lon="6.864677991">
        <ele>1818.45</ele>
      </trkpt>
      <trkpt lat="44.320975003" lon="6.864817008">
        <ele>1818.37</ele>
      </trkpt>
      <trkpt lat="44.320970997" lon="6.864974997">
        <ele>1819.16</ele>
      </trkpt>
      <trkpt lat="44.321011001" lon="6.865322007">
        <ele>1815</ele>
      </trkpt>
      <trkpt lat="44.321012002" lon="6.865414996">
        <ele>1814.04</ele>
      </trkpt>
      <trkpt lat="44.320955003" lon="6.865522004">
        <ele>1818.21</ele>
      </trkpt>
      <trkpt lat="44.320844999" lon="6.865612991">
        <ele>1815.85</ele>
      </trkpt>
      <trkpt lat="44.320789999" lon="6.865677001">
        <ele>1812.33</ele>
      </trkpt>
      <trkpt lat="44.320745" lon="6.865747996">
        <ele>1813.53</ele>
      </trkpt>
      <trkpt lat="44.320644998" lon="6.866043997">
        <ele>1811.26</ele>
      </trkpt>
      <trkpt lat="44.320543" lon="6.866306005">
        <ele>1806.07</ele>
      </trkpt>
      <trkpt lat="44.320458002" lon="6.866551008">
        <ele>1801.19</ele>
      </trkpt>
      <trkpt lat="44.320347002" lon="6.867025003">
        <ele>1798.99</ele>
      </trkpt>
      <trkpt lat="44.320261001" lon="6.867478007">
        <ele>1799.62</ele>
      </trkpt>
      <trkpt lat="44.320214999" lon="6.867810003">
        <ele>1796.38</ele>
      </trkpt>
      <trkpt lat="44.320191005" lon="6.868049">
        <ele>1795.94</ele>
      </trkpt>
      <trkpt lat="44.320183003" lon="6.868325004">
        <ele>1795.29</ele>
      </trkpt>
      <trkpt lat="44.320171999" lon="6.868389003">
        <ele>1791.01</ele>
      </trkpt>
      <trkpt lat="44.320148999" lon="6.86843">
        <ele>1785.7</ele>
      </trkpt>
      <trkpt lat="44.320125998" lon="6.868438999">
        <ele>1782.4</ele>
      </trkpt>
      <trkpt lat="44.320102" lon="6.868430004">
        <ele>1779.96</ele>
      </trkpt>
      <trkpt lat="44.320079999" lon="6.868396001">
        <ele>1778.54</ele>
      </trkpt>
      <trkpt lat="44.320068998" lon="6.868334994">
        <ele>1778.37</ele>
      </trkpt>
      <trkpt lat="44.320066998" lon="6.868229999">
        <ele>1779.11</ele>
      </trkpt>
      <trkpt lat="44.320084999" lon="6.867992">
        <ele>1779</ele>
      </trkpt>
      <trkpt lat="44.320087997" lon="6.867860997">
        <ele>1778.26</ele>
      </trkpt>
      <trkpt lat="44.320068999" lon="6.867514007">
        <ele>1776.48</ele>
      </trkpt>
      <trkpt lat="44.320043003" lon="6.867140992">
        <ele>1777.85</ele>
      </trkpt>
      <trkpt lat="44.320044003" lon="6.866753992">
        <ele>1778.9</ele>
      </trkpt>
      <trkpt lat="44.320070997" lon="6.866516995">
        <ele>1778.3</ele>
      </trkpt>
      <trkpt lat="44.320082999" lon="6.866410998">
        <ele>1778.03</ele>
      </trkpt>
      <trkpt lat="44.320070996" lon="6.866339994">
        <ele>1778.08</ele>
      </trkpt>
      <trkpt lat="44.320051" lon="6.866300994">
        <ele>1776.61</ele>
      </trkpt>
      <trkpt lat="44.320016001" lon="6.866296006">
        <ele>1774.32</ele>
      </trkpt>
      <trkpt lat="44.319983002" lon="6.866309998">
        <ele>1776.52</ele>
      </trkpt>
      <trkpt lat="44.319963997" lon="6.866344001">
        <ele>1777.18</ele>
      </trkpt>
      <trkpt lat="44.319949001" lon="6.866437001">
        <ele>1779.19</ele>
      </trkpt>
      <trkpt lat="44.319928002" lon="6.866664991">
        <ele>1779.4</ele>
      </trkpt>
      <trkpt lat="44.319906997" lon="6.866877001">
        <ele>1781.67</ele>
      </trkpt>
      <trkpt lat="44.319869004" lon="6.867130996">
        <ele>1779.19</ele>
      </trkpt>
      <trkpt lat="44.319863999" lon="6.867293998">
        <ele>1777.1</ele>
      </trkpt>
      <trkpt lat="44.319844998" lon="6.867638003">
        <ele>1774.57</ele>
      </trkpt>
      <trkpt lat="44.319824998" lon="6.867814003">
        <ele>1772.51</ele>
      </trkpt>
      <trkpt lat="44.319735997" lon="6.868136005">
        <ele>1769.5</ele>
      </trkpt>
      <trkpt lat="44.319696997" lon="6.868364007">
        <ele>1767.48</ele>
      </trkpt>
      <trkpt lat="44.319688999" lon="6.868550002">
        <ele>1767.79</ele>
      </trkpt>
      <trkpt lat="44.319701002" lon="6.868792999">
        <ele>1765.11</ele>
      </trkpt>
      <trkpt lat="44.319699003" lon="6.868976002">
        <ele>1764.85</ele>
      </trkpt>
      <trkpt lat="44.319672003" lon="6.869254999">
        <ele>1764.22</ele>
      </trkpt>
      <trkpt lat="44.319639998" lon="6.869510004">
        <ele>1764.41</ele>
      </trkpt>
      <trkpt lat="44.319622" lon="6.869852996">
        <ele>1763.22</ele>
      </trkpt>
      <trkpt lat="44.319596998" lon="6.870271997">
        <ele>1762.97</ele>
      </trkpt>
      <trkpt lat="44.319589999" lon="6.870656">
        <ele>1759.96</ele>
      </trkpt>
      <trkpt lat="44.319584994" lon="6.871021999">
        <ele>1756.36</ele>
      </trkpt>
      <trkpt lat="44.319606" lon="6.871294007">
        <ele>1753.78</ele>
      </trkpt>
      <trkpt lat="44.319667001" lon="6.871629997">
        <ele>1749.69</ele>
      </trkpt>
      <trkpt lat="44.319690001" lon="6.871851">
        <ele>1745.21</ele>
      </trkpt>
      <trkpt lat="44.319713" lon="6.872060002">
        <ele>1741.32</ele>
      </trkpt>
      <trkpt lat="44.319762998" lon="6.872501003">
        <ele>1738.61</ele>
      </trkpt>
      <trkpt lat="44.319838002" lon="6.872951007">
        <ele>1735.03</ele>
      </trkpt>
      <trkpt lat="44.319901998" lon="6.873375003">
        <ele>1732.21</ele>
      </trkpt>
      <trkpt lat="44.319940003" lon="6.873701001">
        <ele>1731.23</ele>
      </trkpt>
      <trkpt lat="44.320009999" lon="6.874113998">
        <ele>1729.29</ele>
      </trkpt>
      <trkpt lat="44.320007001" lon="6.874378995">
        <ele>1726.58</ele>
      </trkpt>
      <trkpt lat="44.320015998" lon="6.874620999">
        <ele>1724.86</ele>
      </trkpt>
      <trkpt lat="44.320071" lon="6.874859999">
        <ele>1723.63</ele>
      </trkpt>
      <trkpt lat="44.320173999" lon="6.875084997">
        <ele>1721.51</ele>
      </trkpt>
      <trkpt lat="44.320332997" lon="6.875364004">
        <ele>1719.79</ele>
      </trkpt>
      <trkpt lat="44.320374002" lon="6.875522999">
        <ele>1718.8</ele>
      </trkpt>
      <trkpt lat="44.320407998" lon="6.875778001">
        <ele>1716.38</ele>
      </trkpt>
      <trkpt lat="44.320517005" lon="6.876128999">
        <ele>1715.03</ele>
      </trkpt>
      <trkpt lat="44.320588004" lon="6.876314">
        <ele>1713.22</ele>
      </trkpt>
      <trkpt lat="44.320654002" lon="6.876453994">
        <ele>1713.32</ele>
      </trkpt>
      <trkpt lat="44.320676" lon="6.876580997">
        <ele>1711.58</ele>
      </trkpt>
      <trkpt lat="44.320703996" lon="6.876900003">
        <ele>1710.86</ele>
      </trkpt>
      <trkpt lat="44.320761001" lon="6.877123994">
        <ele>1709.15</ele>
      </trkpt>
      <trkpt lat="44.320841999" lon="6.877283005">
        <ele>1708.58</ele>
      </trkpt>
      <trkpt lat="44.320967998" lon="6.877467996">
        <ele>1707.13</ele>
      </trkpt>
      <trkpt lat="44.321040001" lon="6.877650006">
        <ele>1706.2</ele>
      </trkpt>
      <trkpt lat="44.321138" lon="6.877943001">
        <ele>1703.85</ele>
      </trkpt>
      <trkpt lat="44.321179002" lon="6.878139008">
        <ele>1702.27</ele>
      </trkpt>
      <trkpt lat="44.321237004" lon="6.878339005">
        <ele>1700.34</ele>
      </trkpt>
      <trkpt lat="44.321427003" lon="6.878779996">
        <ele>1696.82</ele>
      </trkpt>
      <trkpt lat="44.321483002" lon="6.878979003">
        <ele>1694.78</ele>
      </trkpt>
      <trkpt lat="44.321526998" lon="6.879228007">
        <ele>1693.95</ele>
      </trkpt>
      <trkpt lat="44.321600998" lon="6.879671">
        <ele>1693.58</ele>
      </trkpt>
      <trkpt lat="44.321699998" lon="6.879973008">
        <ele>1692.3</ele>
      </trkpt>
      <trkpt lat="44.321830001" lon="6.880215">
        <ele>1692.16</ele>
      </trkpt>
      <trkpt lat="44.321896005" lon="6.880407">
        <ele>1689.97</ele>
      </trkpt>
      <trkpt lat="44.321920998" lon="6.880567004">
        <ele>1688.85</ele>
      </trkpt>
      <trkpt lat="44.321961003" lon="6.880872004">
        <ele>1686.59</ele>
      </trkpt>
      <trkpt lat="44.322025997" lon="6.881100003">
        <ele>1685.04</ele>
      </trkpt>
      <trkpt lat="44.322134002" lon="6.881396997">
        <ele>1684.16</ele>
      </trkpt>
      <trkpt lat="44.322242006" lon="6.881693">
        <ele>1683.54</ele>
      </trkpt>
      <trkpt lat="44.322340996" lon="6.881999999">
        <ele>1681.56</ele>
      </trkpt>
      <trkpt lat="44.322440003" lon="6.882258002">
        <ele>1680.24</ele>
      </trkpt>
      <trkpt lat="44.322528995" lon="6.882399998">
        <ele>1680.59</ele>
      </trkpt>
      <trkpt lat="44.322645001" lon="6.882499004">
        <ele>1679.62</ele>
      </trkpt>
      <trkpt lat="44.322893004" lon="6.882626003">
        <ele>1680.08</ele>
      </trkpt>
      <trkpt lat="44.322989997" lon="6.882703996">
        <ele>1679.3</ele>
      </trkpt>
      <trkpt lat="44.323108997" lon="6.882880994">
        <ele>1678.28</ele>
      </trkpt>
      <trkpt lat="44.323257006" lon="6.883131">
        <ele>1676.1</ele>
      </trkpt>
      <trkpt lat="44.323357" lon="6.883247002">
        <ele>1675.55</ele>
      </trkpt>
      <trkpt lat="44.323453997" lon="6.883355994">
        <ele>1674.29</ele>
      </trkpt>
      <trkpt lat="44.323550999" lon="6.883498004">
        <ele>1674.5</ele>
      </trkpt>
      <trkpt lat="44.323561" lon="6.883545002">
        <ele>1674.82</ele>
      </trkpt>
      <trkpt lat="44.323563994" lon="6.883636">
        <ele>1674.68</ele>
      </trkpt>
      <trkpt lat="44.323579003" lon="6.883932003">
        <ele>1674.34</ele>
      </trkpt>
      <trkpt lat="44.323585002" lon="6.884054002">
        <ele>1673.49</ele>
      </trkpt>
      <trkpt lat="44.323583004" lon="6.884158994">
        <ele>1672.71</ele>
      </trkpt>
      <trkpt lat="44.323561002" lon="6.884270009">
        <ele>1673.23</ele>
      </trkpt>
      <trkpt lat="44.323537358" lon="6.8843349">
        <ele>1671.99</ele>
      </trkpt>
      <trkpt lat="44.323510001" lon="6.884410006">
        <ele>1670.94</ele>
      </trkpt>
      <trkpt lat="44.323428001" lon="6.884542001">
        <ele>1669.5</ele>
      </trkpt>
      <trkpt lat="44.323369996" lon="6.884629003">
        <ele>1667.32</ele>
      </trkpt>
      <trkpt lat="44.323104996" lon="6.885025001">
        <ele>1662.82</ele>
      </trkpt>
      <trkpt lat="44.322840002" lon="6.885420005">
        <ele>1662.03</ele>
      </trkpt>
      <trkpt lat="44.322574998" lon="6.885815004">
        <ele>1659.49</ele>
      </trkpt>
      <trkpt lat="44.322401999" lon="6.886063994">
        <ele>1657.66</ele>
      </trkpt>
      <trkpt lat="44.322239044" lon="6.88629626">
        <ele>1656.75</ele>
      </trkpt>
      <trkpt lat="44.322227997" lon="6.886311998">
        <ele>1658.92</ele>
      </trkpt>
      <trkpt lat="44.322227816" lon="6.886312262">
        <ele>1657.38</ele>
      </trkpt>
      <trkpt lat="44.322093997" lon="6.886503001">
        <ele>1657.45</ele>
      </trkpt>
      <trkpt lat="44.322024997" lon="6.886630999">
        <ele>1660.74</ele>
      </trkpt>
      <trkpt lat="44.321905998" lon="6.886817004">
        <ele>1662.95</ele>
      </trkpt>
      <trkpt lat="44.321810004" lon="6.886970002">
        <ele>1661.69</ele>
      </trkpt>
      <trkpt lat="44.321677001" lon="6.887276001">
        <ele>1661.61</ele>
      </trkpt>
      <trkpt lat="44.321545006" lon="6.887581">
        <ele>1663.93</ele>
      </trkpt>
      <trkpt lat="44.321441997" lon="6.887866007">
        <ele>1658.61</ele>
      </trkpt>
      <trkpt lat="44.321338999" lon="6.888151992">
        <ele>1657.19</ele>
      </trkpt>
      <trkpt lat="44.321207002" lon="6.888459009">
        <ele>1656.3</ele>
      </trkpt>
      <trkpt lat="44.321117999" lon="6.888665998">
        <ele>1656.18</ele>
      </trkpt>
      <trkpt lat="44.321055003" lon="6.888814991">
        <ele>1652.55</ele>
      </trkpt>
      <trkpt lat="44.321041004" lon="6.888851993">
        <ele>1655.19</ele>
      </trkpt>
      <trkpt lat="44.320921997" lon="6.889153007">
        <ele>1650.73</ele>
      </trkpt>
      <trkpt lat="44.320801999" lon="6.889454993">
        <ele>1649.29</ele>
      </trkpt>
      <trkpt lat="44.320692001" lon="6.889685005">
        <ele>1646.93</ele>
      </trkpt>
      <trkpt lat="44.320650997" lon="6.889826003">
        <ele>1646.16</ele>
      </trkpt>
      <trkpt lat="44.320627999" lon="6.890021001">
        <ele>1642.41</ele>
      </trkpt>
      <trkpt lat="44.320623998" lon="6.890381003">
        <ele>1643.75</ele>
      </trkpt>
      <trkpt lat="44.320566999" lon="6.890943996">
        <ele>1643.63</ele>
      </trkpt>
      <trkpt lat="44.320531997" lon="6.891226998">
        <ele>1645.7</ele>
      </trkpt>
      <trkpt lat="44.320484003" lon="6.891573997">
        <ele>1644.06</ele>
      </trkpt>
      <trkpt lat="44.320435998" lon="6.891920002">
        <ele>1645.06</ele>
      </trkpt>
      <trkpt lat="44.320382999" lon="6.892336002">
        <ele>1644.49</ele>
      </trkpt>
      <trkpt lat="44.320330998" lon="6.892751002">
        <ele>1642.65</ele>
      </trkpt>
      <trkpt lat="44.320274998" lon="6.892884">
        <ele>1637.75</ele>
      </trkpt>
      <trkpt lat="44.320259" lon="6.892925997">
        <ele>1640.08</ele>
      </trkpt>
      <trkpt lat="44.320133996" lon="6.893239002">
        <ele>1640.21</ele>
      </trkpt>
      <trkpt lat="44.320010001" lon="6.893553004">
        <ele>1640.99</ele>
      </trkpt>
      <trkpt lat="44.319932001" lon="6.893730999">
        <ele>1637.47</ele>
      </trkpt>
      <trkpt lat="44.319881002" lon="6.893791993">
        <ele>1635.54</ele>
      </trkpt>
      <trkpt lat="44.319861" lon="6.893817005">
        <ele>1635.21</ele>
      </trkpt>
      <trkpt lat="44.319745997" lon="6.893924993">
        <ele>1635.18</ele>
      </trkpt>
      <trkpt lat="44.319669999" lon="6.894017999">
        <ele>1627.87</ele>
      </trkpt>
      <trkpt lat="44.319622004" lon="6.894098996">
        <ele>1628.12</ele>
      </trkpt>
      <trkpt lat="44.319577996" lon="6.894245005">
        <ele>1627.31</ele>
      </trkpt>
      <trkpt lat="44.319522001" lon="6.894581001">
        <ele>1627.02</ele>
      </trkpt>
      <trkpt lat="44.319454995" lon="6.894758995">
        <ele>1619.19</ele>
      </trkpt>
      <trkpt lat="44.319350006" lon="6.894944998">
        <ele>1617.37</ele>
      </trkpt>
      <trkpt lat="44.319174004" lon="6.895214994">
        <ele>1615.4</ele>
      </trkpt>
      <trkpt lat="44.319021002" lon="6.895574996">
        <ele>1616.89</ele>
      </trkpt>
      <trkpt lat="44.318931006" lon="6.895862001">
        <ele>1613.78</ele>
      </trkpt>
      <trkpt lat="44.318868002" lon="6.896151001">
        <ele>1616.08</ele>
      </trkpt>
      <trkpt lat="44.318791" lon="6.896575001">
        <ele>1619.25</ele>
      </trkpt>
      <trkpt lat="44.318713997" lon="6.896999991">
        <ele>1619.37</ele>
      </trkpt>
      <trkpt lat="44.318653999" lon="6.897133999">
        <ele>1617.97</ele>
      </trkpt>
      <trkpt lat="44.318534" lon="6.897275001">
        <ele>1615.04</ele>
      </trkpt>
      <trkpt lat="44.318276999" lon="6.897590994">
        <ele>1613.15</ele>
      </trkpt>
      <trkpt lat="44.318122997" lon="6.897794993">
        <ele>1611.03</ele>
      </trkpt>
      <trkpt lat="44.317941002" lon="6.898124002">
        <ele>1611.88</ele>
      </trkpt>
      <trkpt lat="44.317841003" lon="6.898330999">
        <ele>1611.65</ele>
      </trkpt>
      <trkpt lat="44.317729" lon="6.898651001">
        <ele>1610.97</ele>
      </trkpt>
      <trkpt lat="44.317652004" lon="6.898786998">
        <ele>1611.53</ele>
      </trkpt>
      <trkpt lat="44.317458994" lon="6.899038996">
        <ele>1610.1</ele>
      </trkpt>
      <trkpt lat="44.317375002" lon="6.899140003">
        <ele>1606.64</ele>
      </trkpt>
      <trkpt lat="44.317193005" lon="6.899360997">
        <ele>1604.03</ele>
      </trkpt>
      <trkpt lat="44.317050996" lon="6.899534996">
        <ele>1599.74</ele>
      </trkpt>
      <trkpt lat="44.316945002" lon="6.899632001">
        <ele>1597.83</ele>
      </trkpt>
      <trkpt lat="44.316764997" lon="6.899726999">
        <ele>1599.6</ele>
      </trkpt>
      <trkpt lat="44.316414003" lon="6.899924994">
        <ele>1595.68</ele>
      </trkpt>
      <trkpt lat="44.316333003" lon="6.899996001">
        <ele>1598.7</ele>
      </trkpt>
      <trkpt lat="44.316184001" lon="6.900188996">
        <ele>1601.92</ele>
      </trkpt>
      <trkpt lat="44.316096005" lon="6.900271999">
        <ele>1600.48</ele>
      </trkpt>
      <trkpt lat="44.315788998" lon="6.900449996">
        <ele>1600.41</ele>
      </trkpt>
      <trkpt lat="44.315668005" lon="6.90048">
        <ele>1604.1</ele>
      </trkpt>
      <trkpt lat="44.315431" lon="6.900502004">
        <ele>1599.66</ele>
      </trkpt>
      <trkpt lat="44.315194996" lon="6.900525005">
        <ele>1603.39</ele>
      </trkpt>
      <trkpt lat="44.314876999" lon="6.900615001">
        <ele>1605.55</ele>
      </trkpt>
      <trkpt lat="44.314608997" lon="6.900697004">
        <ele>1601.81</ele>
      </trkpt>
      <trkpt lat="44.314398996" lon="6.900853996">
        <ele>1603.07</ele>
      </trkpt>
      <trkpt lat="44.314238994" lon="6.900927003">
        <ele>1600.8</ele>
      </trkpt>
      <trkpt lat="44.314089998" lon="6.900919994">
        <ele>1597.05</ele>
      </trkpt>
      <trkpt lat="44.313738997" lon="6.900897003">
        <ele>1597.38</ele>
      </trkpt>
      <trkpt lat="44.313546998" lon="6.900849">
        <ele>1600.12</ele>
      </trkpt>
      <trkpt lat="44.313299002" lon="6.900764004">
        <ele>1591.66</ele>
      </trkpt>
      <trkpt lat="44.313049997" lon="6.900677997">
        <ele>1587.03</ele>
      </trkpt>
      <trkpt lat="44.312637997" lon="6.900535004">
        <ele>1578.45</ele>
      </trkpt>
      <trkpt lat="44.312327002" lon="6.900445008">
        <ele>1567.37</ele>
      </trkpt>
      <trkpt lat="44.312265999" lon="6.900446995">
        <ele>1564.73</ele>
      </trkpt>
      <trkpt lat="44.312036003" lon="6.900627006">
        <ele>1564.61</ele>
      </trkpt>
      <trkpt lat="44.311902999" lon="6.900677004">
        <ele>1569.68</ele>
      </trkpt>
      <trkpt lat="44.311508002" lon="6.900721991">
        <ele>1570.32</ele>
      </trkpt>
      <trkpt lat="44.311315004" lon="6.900791995">
        <ele>1575.04</ele>
      </trkpt>
      <trkpt lat="44.311083005" lon="6.900951002">
        <ele>1566.8</ele>
      </trkpt>
      <trkpt lat="44.310996998" lon="6.900981002">
        <ele>1566.87</ele>
      </trkpt>
      <trkpt lat="44.310934006" lon="6.900973">
        <ele>1557.96</ele>
      </trkpt>
      <trkpt lat="44.310723001" lon="6.900958997">
        <ele>1553.25</ele>
      </trkpt>
      <trkpt lat="44.310666004" lon="6.900954997">
        <ele>1548.51</ele>
      </trkpt>
      <trkpt lat="44.310396001" lon="6.901000995">
        <ele>1547.38</ele>
      </trkpt>
      <trkpt lat="44.310074002" lon="6.901124996">
        <ele>1545.24</ele>
      </trkpt>
      <trkpt lat="44.309769996" lon="6.901355">
        <ele>1545.37</ele>
      </trkpt>
      <trkpt lat="44.309382002" lon="6.901667001">
        <ele>1546.63</ele>
      </trkpt>
      <trkpt lat="44.309083004" lon="6.901878003">
        <ele>1547.47</ele>
      </trkpt>
      <trkpt lat="44.308923998" lon="6.901978003">
        <ele>1547.88</ele>
      </trkpt>
      <trkpt lat="44.308790003" lon="6.902028995">
        <ele>1543.33</ele>
      </trkpt>
      <trkpt lat="44.308629999" lon="6.902032998">
        <ele>1541.58</ele>
      </trkpt>
      <trkpt lat="44.308449999" lon="6.902059006">
        <ele>1537.34</ele>
      </trkpt>
      <trkpt lat="44.308325004" lon="6.902104003">
        <ele>1533.3</ele>
      </trkpt>
      <trkpt lat="44.307968" lon="6.902329001">
        <ele>1528.7</ele>
      </trkpt>
      <trkpt lat="44.307788002" lon="6.902426009">
        <ele>1529.09</ele>
      </trkpt>
      <trkpt lat="44.307632999" lon="6.902477998">
        <ele>1525.77</ele>
      </trkpt>
      <trkpt lat="44.307430001" lon="6.902505006">
        <ele>1524.1</ele>
      </trkpt>
      <trkpt lat="44.307334998" lon="6.902549004">
        <ele>1521.58</ele>
      </trkpt>
      <trkpt lat="44.307223994" lon="6.902636995">
        <ele>1522.35</ele>
      </trkpt>
      <trkpt lat="44.307047004" lon="6.902848005">
        <ele>1521.16</ele>
      </trkpt>
      <trkpt lat="44.306964003" lon="6.902923001">
        <ele>1518.99</ele>
      </trkpt>
      <trkpt lat="44.306831997" lon="6.902971">
        <ele>1516.58</ele>
      </trkpt>
      <trkpt lat="44.306466" lon="6.903062996">
        <ele>1513.75</ele>
      </trkpt>
      <trkpt lat="44.306325999" lon="6.903144004">
        <ele>1510.4</ele>
      </trkpt>
      <trkpt lat="44.306242997" lon="6.903217003">
        <ele>1505.98</ele>
      </trkpt>
      <trkpt lat="44.306173998" lon="6.903301998">
        <ele>1506.46</ele>
      </trkpt>
      <trkpt lat="44.306101006" lon="6.903489996">
        <ele>1505.24</ele>
      </trkpt>
      <trkpt lat="44.306002003" lon="6.903850001">
        <ele>1505.34</ele>
      </trkpt>
      <trkpt lat="44.305902999" lon="6.904211008">
        <ele>1505.13</ele>
      </trkpt>
      <trkpt lat="44.305783" lon="6.904596999">
        <ele>1509.77</ele>
      </trkpt>
      <trkpt lat="44.305757997" lon="6.904717002">
        <ele>1513.32</ele>
      </trkpt>
      <trkpt lat="44.305740998" lon="6.904852994">
        <ele>1518.22</ele>
      </trkpt>
      <trkpt lat="44.305725002" lon="6.904963001">
        <ele>1517.87</ele>
      </trkpt>
      <trkpt lat="44.305710999" lon="6.905020006">
        <ele>1518.65</ele>
      </trkpt>
      <trkpt lat="44.305692003" lon="6.905058996">
        <ele>1515.61</ele>
      </trkpt>
      <trkpt lat="44.305664997" lon="6.905084997">
        <ele>1513.03</ele>
      </trkpt>
      <trkpt lat="44.305642002" lon="6.905093992">
        <ele>1510.77</ele>
      </trkpt>
      <trkpt lat="44.305624997" lon="6.905096999">
        <ele>1512.55</ele>
      </trkpt>
      <trkpt lat="44.305605004" lon="6.905088994">
        <ele>1513.67</ele>
      </trkpt>
      <trkpt lat="44.305587002" lon="6.905063996">
        <ele>1514.05</ele>
      </trkpt>
      <trkpt lat="44.305579997" lon="6.905006007">
        <ele>1513.35</ele>
      </trkpt>
      <trkpt lat="44.305587003" lon="6.904960003">
        <ele>1510.04</ele>
      </trkpt>
      <trkpt lat="44.305613003" lon="6.904870001">
        <ele>1506.57</ele>
      </trkpt>
      <trkpt lat="44.305639997" lon="6.904768007">
        <ele>1503.48</ele>
      </trkpt>
      <trkpt lat="44.305653001" lon="6.904660003">
        <ele>1499.06</ele>
      </trkpt>
      <trkpt lat="44.305660998" lon="6.904490007">
        <ele>1496.32</ele>
      </trkpt>
      <trkpt lat="44.305655999" lon="6.904232002">
        <ele>1494.45</ele>
      </trkpt>
      <trkpt lat="44.305649996" lon="6.904002995">
        <ele>1493.13</ele>
      </trkpt>
      <trkpt lat="44.305651001" lon="6.903839006">
        <ele>1492.21</ele>
      </trkpt>
      <trkpt lat="44.305662002" lon="6.903729006">
        <ele>1493.26</ele>
      </trkpt>
      <trkpt lat="44.305694" lon="6.903615007">
        <ele>1493.69</ele>
      </trkpt>
      <trkpt lat="44.305728997" lon="6.903498001">
        <ele>1495.78</ele>
      </trkpt>
      <trkpt lat="44.305755" lon="6.903398008">
        <ele>1497.49</ele>
      </trkpt>
      <trkpt lat="44.305759" lon="6.903345007">
        <ele>1498.79</ele>
      </trkpt>
      <trkpt lat="44.305753002" lon="6.903300002">
        <ele>1499.88</ele>
      </trkpt>
      <trkpt lat="44.305734996" lon="6.903268001">
        <ele>1497.42</ele>
      </trkpt>
      <trkpt lat="44.305716002" lon="6.903258007">
        <ele>1494.84</ele>
      </trkpt>
      <trkpt lat="44.305684997" lon="6.903252997">
        <ele>1492</ele>
      </trkpt>
      <trkpt lat="44.305660002" lon="6.903262997">
        <ele>1488.79</ele>
      </trkpt>
      <trkpt lat="44.305642" lon="6.903289995">
        <ele>1485.03</ele>
      </trkpt>
      <trkpt lat="44.305626001" lon="6.903338003">
        <ele>1484.08</ele>
      </trkpt>
      <trkpt lat="44.305602996" lon="6.903448004">
        <ele>1484.76</ele>
      </trkpt>
      <trkpt lat="44.305551002" lon="6.903583003">
        <ele>1484.93</ele>
      </trkpt>
      <trkpt lat="44.305437" lon="6.903851997">
        <ele>1484.46</ele>
      </trkpt>
      <trkpt lat="44.305397001" lon="6.904020992">
        <ele>1483.74</ele>
      </trkpt>
      <trkpt lat="44.305398003" lon="6.904252">
        <ele>1486.98</ele>
      </trkpt>
      <trkpt lat="44.305406001" lon="6.904419007">
        <ele>1489.1</ele>
      </trkpt>
      <trkpt lat="44.305384999" lon="6.904535006">
        <ele>1492.8</ele>
      </trkpt>
      <trkpt lat="44.305338995" lon="6.904614003">
        <ele>1498.04</ele>
      </trkpt>
      <trkpt lat="44.305243003" lon="6.904665006">
        <ele>1503.07</ele>
      </trkpt>
      <trkpt lat="44.305169001" lon="6.904643">
        <ele>1505.49</ele>
      </trkpt>
      <trkpt lat="44.305047" lon="6.904554998">
        <ele>1504.88</ele>
      </trkpt>
      <trkpt lat="44.304908006" lon="6.904420996">
        <ele>1501.91</ele>
      </trkpt>
      <trkpt lat="44.304724996" lon="6.904131">
        <ele>1498.11</ele>
      </trkpt>
      <trkpt lat="44.304622002" lon="6.903989992">
        <ele>1494.07</ele>
      </trkpt>
      <trkpt lat="44.304446002" lon="6.903838997">
        <ele>1486.98</ele>
      </trkpt>
      <trkpt lat="44.304093998" lon="6.903579995">
        <ele>1484.94</ele>
      </trkpt>
      <trkpt lat="44.303938997" lon="6.903464008">
        <ele>1484.39</ele>
      </trkpt>
      <trkpt lat="44.303802003" lon="6.903435005">
        <ele>1481.7</ele>
      </trkpt>
      <trkpt lat="44.303509" lon="6.903412999">
        <ele>1477.94</ele>
      </trkpt>
      <trkpt lat="44.303361003" lon="6.903352">
        <ele>1480.15</ele>
      </trkpt>
      <trkpt lat="44.303194001" lon="6.90326">
        <ele>1477.94</ele>
      </trkpt>
      <trkpt lat="44.302994999" lon="6.903209006">
        <ele>1473.29</ele>
      </trkpt>
      <trkpt lat="44.302809997" lon="6.903213994">
        <ele>1469.75</ele>
      </trkpt>
      <trkpt lat="44.302584004" lon="6.903301998">
        <ele>1466.37</ele>
      </trkpt>
      <trkpt lat="44.302313995" lon="6.903374006">
        <ele>1459.51</ele>
      </trkpt>
      <trkpt lat="44.302083001" lon="6.903378008">
        <ele>1455.33</ele>
      </trkpt>
      <trkpt lat="44.301793998" lon="6.903335999">
        <ele>1453.81</ele>
      </trkpt>
      <trkpt lat="44.301508997" lon="6.903241997">
        <ele>1454.76</ele>
      </trkpt>
      <trkpt lat="44.301493006" lon="6.903237005">
        <ele>1455.46</ele>
      </trkpt>
      <trkpt lat="44.301430001" lon="6.903169001">
        <ele>1455.77</ele>
      </trkpt>
      <trkpt lat="44.301334005" lon="6.902969001">
        <ele>1455.19</ele>
      </trkpt>
      <trkpt lat="44.301308001" lon="6.902892993">
        <ele>1454.05</ele>
      </trkpt>
      <trkpt lat="44.301303332" lon="6.902879833">
        <ele>1449.93</ele>
      </trkpt>
      <trkpt lat="44.301262999" lon="6.902765992">
        <ele>1448.29</ele>
      </trkpt>
      <trkpt lat="44.301231994" lon="6.902677002">
        <ele>1447.07</ele>
      </trkpt>
      <trkpt lat="44.301184" lon="6.902600998">
        <ele>1445.61</ele>
      </trkpt>
      <trkpt lat="44.301077001" lon="6.902506999">
        <ele>1445.23</ele>
      </trkpt>
      <trkpt lat="44.300907003" lon="6.902426006">
        <ele>1446.18</ele>
      </trkpt>
      <trkpt lat="44.300709996" lon="6.902363006">
        <ele>1446.32</ele>
      </trkpt>
      <trkpt lat="44.300600995" lon="6.902267001">
        <ele>1447.16</ele>
      </trkpt>
      <trkpt lat="44.300376998" lon="6.902155999">
        <ele>1446.22</ele>
      </trkpt>
      <trkpt lat="44.299994" lon="6.901885003">
        <ele>1446.89</ele>
      </trkpt>
      <trkpt lat="44.299872002" lon="6.901819993">
        <ele>1445.44</ele>
      </trkpt>
      <trkpt lat="44.299776997" lon="6.901808995">
        <ele>1443.39</ele>
      </trkpt>
      <trkpt lat="44.299637003" lon="6.901850003">
        <ele>1439.67</ele>
      </trkpt>
      <trkpt lat="44.299326997" lon="6.901952">
        <ele>1438.17</ele>
      </trkpt>
      <trkpt lat="44.299184997" lon="6.901966002">
        <ele>1433.31</ele>
      </trkpt>
      <trkpt lat="44.299037006" lon="6.901916005">
        <ele>1431.08</ele>
      </trkpt>
      <trkpt lat="44.298792998" lon="6.901765005">
        <ele>1430.71</ele>
      </trkpt>
      <trkpt lat="44.298550002" lon="6.901686997">
        <ele>1430.24</ele>
      </trkpt>
      <trkpt lat="44.298355996" lon="6.901675006">
        <ele>1430.08</ele>
      </trkpt>
      <trkpt lat="44.298060999" lon="6.901580003">
        <ele>1428.2</ele>
      </trkpt>
      <trkpt lat="44.297849995" lon="6.901566993">
        <ele>1428.41</ele>
      </trkpt>
      <trkpt lat="44.297668001" lon="6.901584993">
        <ele>1425.75</ele>
      </trkpt>
      <trkpt lat="44.297552999" lon="6.901592998">
        <ele>1425.74</ele>
      </trkpt>
      <trkpt lat="44.297409997" lon="6.901568997">
        <ele>1423.78</ele>
      </trkpt>
      <trkpt lat="44.297250999" lon="6.901565002">
        <ele>1423.03</ele>
      </trkpt>
      <trkpt lat="44.296916999" lon="6.901593001">
        <ele>1422.18</ele>
      </trkpt>
      <trkpt lat="44.296832998" lon="6.901633007">
        <ele>1421.86</ele>
      </trkpt>
      <trkpt lat="44.296742998" lon="6.901677004">
        <ele>1418.28</ele>
      </trkpt>
      <trkpt lat="44.296633996" lon="6.901730998">
        <ele>1418.13</ele>
      </trkpt>
      <trkpt lat="44.296550003" lon="6.901733999">
        <ele>1417.54</ele>
      </trkpt>
      <trkpt lat="44.296381998" lon="6.901671999">
        <ele>1418.14</ele>
      </trkpt>
      <trkpt lat="44.296278004" lon="6.901637006">
        <ele>1416.57</ele>
      </trkpt>
      <trkpt lat="44.296181001" lon="6.901647004">
        <ele>1421.54</ele>
      </trkpt>
      <trkpt lat="44.295984998" lon="6.901710002">
        <ele>1421.29</ele>
      </trkpt>
      <trkpt lat="44.295921996" lon="6.901715">
        <ele>1429.15</ele>
      </trkpt>
      <trkpt lat="44.295814" lon="6.901678992">
        <ele>1429.39</ele>
      </trkpt>
      <trkpt lat="44.295683004" lon="6.901640999">
        <ele>1428.2</ele>
      </trkpt>
      <trkpt lat="44.295574997" lon="6.901667994">
        <ele>1422.53</ele>
      </trkpt>
      <trkpt lat="44.295443001" lon="6.901733002">
        <ele>1422.82</ele>
      </trkpt>
      <trkpt lat="44.295156997" lon="6.901822001">
        <ele>1417.94</ele>
      </trkpt>
      <trkpt lat="44.29497" lon="6.901820996">
        <ele>1416.8</ele>
      </trkpt>
      <trkpt lat="44.294787001" lon="6.901745003">
        <ele>1416.44</ele>
      </trkpt>
      <trkpt lat="44.294555002" lon="6.901738001">
        <ele>1415.11</ele>
      </trkpt>
      <trkpt lat="44.294306001" lon="6.901754999">
        <ele>1413.25</ele>
      </trkpt>
      <trkpt lat="44.294057" lon="6.901773001">
        <ele>1408.93</ele>
      </trkpt>
      <trkpt lat="44.293726006" lon="6.901739997">
        <ele>1404.74</ele>
      </trkpt>
      <trkpt lat="44.293384994" lon="6.901699001">
        <ele>1404.12</ele>
      </trkpt>
      <trkpt lat="44.293136005" lon="6.901603008">
        <ele>1402.75</ele>
      </trkpt>
      <trkpt lat="44.293043998" lon="6.901584001">
        <ele>1400.74</ele>
      </trkpt>
      <trkpt lat="44.292940999" lon="6.901540007">
        <ele>1399.5</ele>
      </trkpt>
      <trkpt lat="44.292810002" lon="6.901482002">
        <ele>1397.92</ele>
      </trkpt>
      <trkpt lat="44.292741999" lon="6.901437996">
        <ele>1397.49</ele>
      </trkpt>
      <trkpt lat="44.292662002" lon="6.901397005">
        <ele>1397.98</ele>
      </trkpt>
      <trkpt lat="44.292574998" lon="6.901382006">
        <ele>1396.46</ele>
      </trkpt>
      <trkpt lat="44.292570997" lon="6.901381994">
        <ele>1394.83</ele>
      </trkpt>
      <trkpt lat="44.292492002" lon="6.901379002">
        <ele>1393.82</ele>
      </trkpt>
      <trkpt lat="44.292392001" lon="6.901378002">
        <ele>1392.53</ele>
      </trkpt>
      <trkpt lat="44.292298002" lon="6.901342007">
        <ele>1391.36</ele>
      </trkpt>
      <trkpt lat="44.292278998" lon="6.901313998">
        <ele>1390.61</ele>
      </trkpt>
      <trkpt lat="44.292233" lon="6.901197001">
        <ele>1391.05</ele>
      </trkpt>
      <trkpt lat="44.292174001" lon="6.901120992">
        <ele>1393.08</ele>
      </trkpt>
      <trkpt lat="44.292118997" lon="6.901066991">
        <ele>1394.58</ele>
      </trkpt>
      <trkpt lat="44.292046" lon="6.901038001">
        <ele>1395.91</ele>
      </trkpt>
      <trkpt lat="44.291986998" lon="6.901042007">
        <ele>1396.65</ele>
      </trkpt>
      <trkpt lat="44.291978996" lon="6.901044003">
        <ele>1394.37</ele>
      </trkpt>
      <trkpt lat="44.291911997" lon="6.901056995">
        <ele>1390.88</ele>
      </trkpt>
      <trkpt lat="44.291828002" lon="6.901089997">
        <ele>1386.61</ele>
      </trkpt>
      <trkpt lat="44.291701996" lon="6.901115">
        <ele>1383.82</ele>
      </trkpt>
      <trkpt lat="44.291576004" lon="6.901131007">
        <ele>1380.39</ele>
      </trkpt>
      <trkpt lat="44.291471999" lon="6.901125002">
        <ele>1379.92</ele>
      </trkpt>
      <trkpt lat="44.291306997" lon="6.901097997">
        <ele>1378.79</ele>
      </trkpt>
      <trkpt lat="44.291175002" lon="6.901045999">
        <ele>1378.29</ele>
      </trkpt>
      <trkpt lat="44.291050998" lon="6.900956007">
        <ele>1376.59</ele>
      </trkpt>
      <trkpt lat="44.290922996" lon="6.900820005">
        <ele>1374.88</ele>
      </trkpt>
      <trkpt lat="44.290815004" lon="6.900691003">
        <ele>1373</ele>
      </trkpt>
      <trkpt lat="44.290779999" lon="6.900639008">
        <ele>1372.14</ele>
      </trkpt>
      <trkpt lat="44.290757999" lon="6.900586">
        <ele>1373.23</ele>
      </trkpt>
      <trkpt lat="44.290743995" lon="6.900487997">
        <ele>1373.59</ele>
      </trkpt>
      <trkpt lat="44.290723999" lon="6.900306997">
        <ele>1377.58</ele>
      </trkpt>
      <trkpt lat="44.290710999" lon="6.900150004">
        <ele>1380.9</ele>
      </trkpt>
      <trkpt lat="44.290688999" lon="6.900049004">
        <ele>1383.11</ele>
      </trkpt>
      <trkpt lat="44.290650006" lon="6.899955003">
        <ele>1383.62</ele>
      </trkpt>
      <trkpt lat="44.29061" lon="6.899906001">
        <ele>1384.57</ele>
      </trkpt>
      <trkpt lat="44.290569001" lon="6.899869002">
        <ele>1382.75</ele>
      </trkpt>
      <trkpt lat="44.290563006" lon="6.899865001">
        <ele>1380.66</ele>
      </trkpt>
      <trkpt lat="44.290524998" lon="6.899843">
        <ele>1378.47</ele>
      </trkpt>
      <trkpt lat="44.290481" lon="6.899842996">
        <ele>1378.93</ele>
      </trkpt>
      <trkpt lat="44.290443999" lon="6.899848003">
        <ele>1378.33</ele>
      </trkpt>
      <trkpt lat="44.290393001" lon="6.899871006">
        <ele>1376.45</ele>
      </trkpt>
      <trkpt lat="44.290332998" lon="6.89992">
        <ele>1373.32</ele>
      </trkpt>
      <trkpt lat="44.290244994" lon="6.899971999">
        <ele>1373.11</ele>
      </trkpt>
      <trkpt lat="44.290153004" lon="6.900002005">
        <ele>1368.49</ele>
      </trkpt>
      <trkpt lat="44.290039997" lon="6.900032007">
        <ele>1366.86</ele>
      </trkpt>
      <trkpt lat="44.289935999" lon="6.900039003">
        <ele>1365.74</ele>
      </trkpt>
      <trkpt lat="44.289847001" lon="6.900036002">
        <ele>1366.17</ele>
      </trkpt>
      <trkpt lat="44.289766002" lon="6.900008998">
        <ele>1363.26</ele>
      </trkpt>
      <trkpt lat="44.289736999" lon="6.899973">
        <ele>1361.66</ele>
      </trkpt>
      <trkpt lat="44.289662997" lon="6.899886002">
        <ele>1360.78</ele>
      </trkpt>
      <trkpt lat="44.289608999" lon="6.899841998">
        <ele>1360.73</ele>
      </trkpt>
      <trkpt lat="44.289553997" lon="6.899793998">
        <ele>1360.71</ele>
      </trkpt>
      <trkpt lat="44.289496996" lon="6.89978">
        <ele>1361.6</ele>
      </trkpt>
      <trkpt lat="44.289439001" lon="6.899745006">
        <ele>1363.26</ele>
      </trkpt>
      <trkpt lat="44.289414004" lon="6.899718005">
        <ele>1362.09</ele>
      </trkpt>
      <trkpt lat="44.28938" lon="6.899683997">
        <ele>1361.26</ele>
      </trkpt>
      <trkpt lat="44.289332996" lon="6.899658002">
        <ele>1361.31</ele>
      </trkpt>
      <trkpt lat="44.289328003" lon="6.899657006">
        <ele>1360.94</ele>
      </trkpt>
      <trkpt lat="44.289269" lon="6.899641002">
        <ele>1360.27</ele>
      </trkpt>
      <trkpt lat="44.289204001" lon="6.899620996">
        <ele>1359.51</ele>
      </trkpt>
      <trkpt lat="44.289140997" lon="6.899571995">
        <ele>1359.8</ele>
      </trkpt>
      <trkpt lat="44.289079003" lon="6.899508998">
        <ele>1359.15</ele>
      </trkpt>
      <trkpt lat="44.289001" lon="6.899456995">
        <ele>1358.69</ele>
      </trkpt>
      <trkpt lat="44.288953003" lon="6.899429">
        <ele>1358.22</ele>
      </trkpt>
      <trkpt lat="44.288915002" lon="6.899419008">
        <ele>1357.62</ele>
      </trkpt>
      <trkpt lat="44.288862004" lon="6.899409">
        <ele>1355.66</ele>
      </trkpt>
      <trkpt lat="44.288798997" lon="6.899436998">
        <ele>1355.65</ele>
      </trkpt>
      <trkpt lat="44.288758006" lon="6.899481001">
        <ele>1355.68</ele>
      </trkpt>
      <trkpt lat="44.288704003" lon="6.899527999">
        <ele>1355.87</ele>
      </trkpt>
      <trkpt lat="44.288670999" lon="6.899559002">
        <ele>1356.27</ele>
      </trkpt>
      <trkpt lat="44.288634004" lon="6.899590997">
        <ele>1356.57</ele>
      </trkpt>
      <trkpt lat="44.288586998" lon="6.899612003">
        <ele>1355.02</ele>
      </trkpt>
      <trkpt lat="44.288520004" lon="6.899618998">
        <ele>1354.55</ele>
      </trkpt>
      <trkpt lat="44.288474996" lon="6.899616993">
        <ele>1353.94</ele>
      </trkpt>
      <trkpt lat="44.288412004" lon="6.899607">
        <ele>1353.45</ele>
      </trkpt>
      <trkpt lat="44.288312998" lon="6.899578996">
        <ele>1353.15</ele>
      </trkpt>
      <trkpt lat="44.288266006" lon="6.899559001">
        <ele>1353.45</ele>
      </trkpt>
      <trkpt lat="44.288201999" lon="6.899523005">
        <ele>1352.78</ele>
      </trkpt>
      <trkpt lat="44.288152999" lon="6.899488994">
        <ele>1354.05</ele>
      </trkpt>
      <trkpt lat="44.288088998" lon="6.899430992">
        <ele>1354.92</ele>
      </trkpt>
      <trkpt lat="44.288043998" lon="6.899379002">
        <ele>1355.32</ele>
      </trkpt>
      <trkpt lat="44.287997002" lon="6.899318996">
        <ele>1358.55</ele>
      </trkpt>
      <trkpt lat="44.287946002" lon="6.899286003">
        <ele>1360.72</ele>
      </trkpt>
      <trkpt lat="44.287901997" lon="6.899290001">
        <ele>1360.47</ele>
      </trkpt>
      <trkpt lat="44.287813997" lon="6.899314999">
        <ele>1360</ele>
      </trkpt>
      <trkpt lat="44.287746997" lon="6.899359007">
        <ele>1359.59</ele>
      </trkpt>
      <trkpt lat="44.287684002" lon="6.899393002">
        <ele>1356</ele>
      </trkpt>
      <trkpt lat="44.287617" lon="6.899433998">
        <ele>1353.6</ele>
      </trkpt>
      <trkpt lat="44.287571997" lon="6.899458001">
        <ele>1352.08</ele>
      </trkpt>
      <trkpt lat="44.287518999" lon="6.899465007">
        <ele>1351.38</ele>
      </trkpt>
      <trkpt lat="44.287461997" lon="6.899466003">
        <ele>1350.7</ele>
      </trkpt>
      <trkpt lat="44.287396002" lon="6.899469002">
        <ele>1350.39</ele>
      </trkpt>
      <trkpt lat="44.287325" lon="6.899461997">
        <ele>1350.17</ele>
      </trkpt>
      <trkpt lat="44.287259001" lon="6.899441999">
        <ele>1350.15</ele>
      </trkpt>
      <trkpt lat="44.287244999" lon="6.899430998">
        <ele>1349.37</ele>
      </trkpt>
      <trkpt lat="44.287206998" lon="6.899404997">
        <ele>1348.99</ele>
      </trkpt>
      <trkpt lat="44.287168002" lon="6.899339997">
        <ele>1349.3</ele>
      </trkpt>
      <trkpt lat="44.287121996" lon="6.899293999">
        <ele>1349.04</ele>
      </trkpt>
      <trkpt lat="44.287066996" lon="6.899263002">
        <ele>1348.01</ele>
      </trkpt>
      <trkpt lat="44.286996999" lon="6.899249002">
        <ele>1347.29</ele>
      </trkpt>
      <trkpt lat="44.286915001" lon="6.899241002">
        <ele>1346.69</ele>
      </trkpt>
      <trkpt lat="44.286852001" lon="6.899234007">
        <ele>1344.57</ele>
      </trkpt>
      <trkpt lat="44.286837001" lon="6.899228007">
        <ele>1342.12</ele>
      </trkpt>
      <trkpt lat="44.286798004" lon="6.899440002">
        <ele>1340.19</ele>
      </trkpt>
      <trkpt lat="44.286738086" lon="6.899771904">
        <ele>1341.62</ele>
      </trkpt>
      <trkpt lat="44.286735" lon="6.899789006">
        <ele>1343.17</ele>
      </trkpt>
      <trkpt lat="44.286680004" lon="6.900097998">
        <ele>1345.35</ele>
      </trkpt>
      <trkpt lat="44.286670001" lon="6.900149">
        <ele>1354.1</ele>
      </trkpt>
      <trkpt lat="44.286654001" lon="6.900208999">
        <ele>1363.38</ele>
      </trkpt>
      <trkpt lat="44.286632001" lon="6.900256992">
        <ele>1370.19</ele>
      </trkpt>
      <trkpt lat="44.286585001" lon="6.900306">
        <ele>1373.25</ele>
      </trkpt>
      <trkpt lat="44.286546005" lon="6.900338997">
        <ele>1377.04</ele>
      </trkpt>
      <trkpt lat="44.28647" lon="6.900398003">
        <ele>1376.08</ele>
      </trkpt>
      <trkpt lat="44.286401003" lon="6.900433992">
        <ele>1375.28</ele>
      </trkpt>
      <trkpt lat="44.286322003" lon="6.900453998">
        <ele>1369.77</ele>
      </trkpt>
      <trkpt lat="44.286274003" lon="6.900452">
        <ele>1368.95</ele>
      </trkpt>
      <trkpt lat="44.286222995" lon="6.900438001">
        <ele>1368.12</ele>
      </trkpt>
      <trkpt lat="44.286148998" lon="6.900426999">
        <ele>1367.16</ele>
      </trkpt>
      <trkpt lat="44.286084003" lon="6.900430004">
        <ele>1360.91</ele>
      </trkpt>
      <trkpt lat="44.286012004" lon="6.900446">
        <ele>1359.48</ele>
      </trkpt>
      <trkpt lat="44.285957998" lon="6.900471002">
        <ele>1357.57</ele>
      </trkpt>
      <trkpt lat="44.285900997" lon="6.900507">
        <ele>1355.49</ele>
      </trkpt>
      <trkpt lat="44.285845005" lon="6.900544009">
        <ele>1353.19</ele>
      </trkpt>
      <trkpt lat="44.285782999" lon="6.900557996">
        <ele>1351.49</ele>
      </trkpt>
      <trkpt lat="44.285726998" lon="6.900558997">
        <ele>1349.91</ele>
      </trkpt>
      <trkpt lat="44.285662998" lon="6.900551996">
        <ele>1348.6</ele>
      </trkpt>
      <trkpt lat="44.285607996" lon="6.900536003">
        <ele>1347.19</ele>
      </trkpt>
      <trkpt lat="44.285543999" lon="6.900517008">
        <ele>1345.7</ele>
      </trkpt>
      <trkpt lat="44.2855" lon="6.900499">
        <ele>1344.64</ele>
      </trkpt>
      <trkpt lat="44.285448998" lon="6.900495">
        <ele>1343.47</ele>
      </trkpt>
      <trkpt lat="44.285363" lon="6.900523006">
        <ele>1341.97</ele>
      </trkpt>
      <trkpt lat="44.285269996" lon="6.900577992">
        <ele>1341.57</ele>
      </trkpt>
      <trkpt lat="44.285165998" lon="6.900652998">
        <ele>1340.84</ele>
      </trkpt>
      <trkpt lat="44.285021003" lon="6.900775992">
        <ele>1344.23</ele>
      </trkpt>
      <trkpt lat="44.285001994" lon="6.900791006">
        <ele>1348.06</ele>
      </trkpt>
      <trkpt lat="44.284961998" lon="6.900823996">
        <ele>1346.41</ele>
      </trkpt>
      <trkpt lat="44.284875003" lon="6.900892995">
        <ele>1349.67</ele>
      </trkpt>
      <trkpt lat="44.284734001" lon="6.901001998">
        <ele>1348.17</ele>
      </trkpt>
      <trkpt lat="44.284602001" lon="6.901091999">
        <ele>1346.38</ele>
      </trkpt>
      <trkpt lat="44.284505999" lon="6.901154003">
        <ele>1344.32</ele>
      </trkpt>
      <trkpt lat="44.284471999" lon="6.901177006">
        <ele>1343.61</ele>
      </trkpt>
      <trkpt lat="44.284351003" lon="6.901248995">
        <ele>1337.07</ele>
      </trkpt>
      <trkpt lat="44.284231" lon="6.901309999">
        <ele>1330.97</ele>
      </trkpt>
      <trkpt lat="44.284106999" lon="6.901375006">
        <ele>1331.75</ele>
      </trkpt>
      <trkpt lat="44.283984999" lon="6.901458994">
        <ele>1332.08</ele>
      </trkpt>
      <trkpt lat="44.283901998" lon="6.901529997">
        <ele>1337.12</ele>
      </trkpt>
      <trkpt lat="44.283886999" lon="6.901544006">
        <ele>1342.16</ele>
      </trkpt>
      <trkpt lat="44.283828996" lon="6.901610996">
        <ele>1344.07</ele>
      </trkpt>
      <trkpt lat="44.283781996" lon="6.901679007">
        <ele>1346.9</ele>
      </trkpt>
      <trkpt lat="44.283709002" lon="6.901790995">
        <ele>1349.65</ele>
      </trkpt>
      <trkpt lat="44.283629" lon="6.901913">
        <ele>1351.7</ele>
      </trkpt>
      <trkpt lat="44.283563" lon="6.901991997">
        <ele>1347.28</ele>
      </trkpt>
      <trkpt lat="44.283510002" lon="6.902031994">
        <ele>1350.11</ele>
      </trkpt>
      <trkpt lat="44.283468003" lon="6.902047005">
        <ele>1345.23</ele>
      </trkpt>
      <trkpt lat="44.283461994" lon="6.902050995">
        <ele>1340.27</ele>
      </trkpt>
      <trkpt lat="44.283435002" lon="6.902050002">
        <ele>1335.74</ele>
      </trkpt>
      <trkpt lat="44.283423998" lon="6.902048993">
        <ele>1338.17</ele>
      </trkpt>
      <trkpt lat="44.283353997" lon="6.902046006">
        <ele>1336.81</ele>
      </trkpt>
      <trkpt lat="44.283243998" lon="6.902037003">
        <ele>1336.12</ele>
      </trkpt>
      <trkpt lat="44.283104003" lon="6.902039998">
        <ele>1331.93</ele>
      </trkpt>
      <trkpt lat="44.282979997" lon="6.902063">
        <ele>1327.44</ele>
      </trkpt>
      <trkpt lat="44.282874999" lon="6.902102992">
        <ele>1321.74</ele>
      </trkpt>
      <trkpt lat="44.282773002" lon="6.902162999">
        <ele>1320.03</ele>
      </trkpt>
      <trkpt lat="44.282767001" lon="6.902165999">
        <ele>1315.12</ele>
      </trkpt>
      <trkpt lat="44.282691003" lon="6.902222">
        <ele>1317.7</ele>
      </trkpt>
      <trkpt lat="44.282615994" lon="6.902291995">
        <ele>1321.46</ele>
      </trkpt>
      <trkpt lat="44.282524999" lon="6.902400005">
        <ele>1325.37</ele>
      </trkpt>
      <trkpt lat="44.282415003" lon="6.902537003">
        <ele>1324.38</ele>
      </trkpt>
      <trkpt lat="44.282404003" lon="6.902546006">
        <ele>1333.01</ele>
      </trkpt>
      <trkpt lat="44.282287999" lon="6.902672002">
        <ele>1332.52</ele>
      </trkpt>
      <trkpt lat="44.282157999" lon="6.902797999">
        <ele>1330.99</ele>
      </trkpt>
      <trkpt lat="44.282011003" lon="6.902926">
        <ele>1329.88</ele>
      </trkpt>
      <trkpt lat="44.281930003" lon="6.902982997">
        <ele>1328.9</ele>
      </trkpt>
      <trkpt lat="44.281841004" lon="6.903049003">
        <ele>1329.4</ele>
      </trkpt>
      <trkpt lat="44.281685997" lon="6.903163003">
        <ele>1328.07</ele>
      </trkpt>
      <trkpt lat="44.281542003" lon="6.903276003">
        <ele>1327.35</ele>
      </trkpt>
      <trkpt lat="44.28141" lon="6.903365003">
        <ele>1322.11</ele>
      </trkpt>
      <trkpt lat="44.281307997" lon="6.903432006">
        <ele>1322.22</ele>
      </trkpt>
      <trkpt lat="44.281173999" lon="6.903494999">
        <ele>1313.98</ele>
      </trkpt>
      <trkpt lat="44.281040995" lon="6.903564007">
        <ele>1312.88</ele>
      </trkpt>
      <trkpt lat="44.280904996" lon="6.903627">
        <ele>1310.59</ele>
      </trkpt>
      <trkpt lat="44.280799994" lon="6.903681">
        <ele>1312.23</ele>
      </trkpt>
      <trkpt lat="44.280782003" lon="6.903695003">
        <ele>1309.38</ele>
      </trkpt>
      <trkpt lat="44.280709998" lon="6.903752995">
        <ele>1305.85</ele>
      </trkpt>
      <trkpt lat="44.280646004" lon="6.903809994">
        <ele>1306.32</ele>
      </trkpt>
      <trkpt lat="44.280585994" lon="6.903887992">
        <ele>1302.33</ele>
      </trkpt>
      <trkpt lat="44.280510001" lon="6.904010001">
        <ele>1298.53</ele>
      </trkpt>
      <trkpt lat="44.280410998" lon="6.904167005">
        <ele>1300.77</ele>
      </trkpt>
      <trkpt lat="44.280326998" lon="6.904318004">
        <ele>1302.69</ele>
      </trkpt>
      <trkpt lat="44.280262003" lon="6.904427998">
        <ele>1296.74</ele>
      </trkpt>
      <trkpt lat="44.280178999" lon="6.904552997">
        <ele>1298.49</ele>
      </trkpt>
      <trkpt lat="44.280060006" lon="6.904745993">
        <ele>1300.02</ele>
      </trkpt>
      <trkpt lat="44.279950998" lon="6.904917999">
        <ele>1295</ele>
      </trkpt>
      <trkpt lat="44.279935996" lon="6.904942995">
        <ele>1293.29</ele>
      </trkpt>
      <trkpt lat="44.279812002" lon="6.905159003">
        <ele>1294.73</ele>
      </trkpt>
      <trkpt lat="44.279715998" lon="6.905329997">
        <ele>1292.67</ele>
      </trkpt>
      <trkpt lat="44.279677996" lon="6.905411001">
        <ele>1289.96</ele>
      </trkpt>
      <trkpt lat="44.279656003" lon="6.905459">
        <ele>1290.87</ele>
      </trkpt>
      <trkpt lat="44.279606998" lon="6.905577996">
        <ele>1288.49</ele>
      </trkpt>
      <trkpt lat="44.279572002" lon="6.905686003">
        <ele>1286.09</ele>
      </trkpt>
      <trkpt lat="44.279546998" lon="6.905808999">
        <ele>1283.83</ele>
      </trkpt>
      <trkpt lat="44.279523005" lon="6.905915995">
        <ele>1281.63</ele>
      </trkpt>
      <trkpt lat="44.279517998" lon="6.905941994">
        <ele>1283.13</ele>
      </trkpt>
      <trkpt lat="44.279493996" lon="6.906067994">
        <ele>1284.29</ele>
      </trkpt>
      <trkpt lat="44.279455004" lon="6.906188997">
        <ele>1284.49</ele>
      </trkpt>
      <trkpt lat="44.279415002" lon="6.906307998">
        <ele>1292.17</ele>
      </trkpt>
      <trkpt lat="44.279332005" lon="6.906510005">
        <ele>1292.94</ele>
      </trkpt>
      <trkpt lat="44.279329" lon="6.906518993">
        <ele>1290.46</ele>
      </trkpt>
      <trkpt lat="44.279275005" lon="6.906647002">
        <ele>1288.65</ele>
      </trkpt>
      <trkpt lat="44.279206003" lon="6.906791">
        <ele>1293.97</ele>
      </trkpt>
      <trkpt lat="44.279161001" lon="6.906857998">
        <ele>1285.94</ele>
      </trkpt>
      <trkpt lat="44.279065995" lon="6.906994997">
        <ele>1285.1</ele>
      </trkpt>
      <trkpt lat="44.278975002" lon="6.907137001">
        <ele>1290.57</ele>
      </trkpt>
      <trkpt lat="44.278880001" lon="6.907264992">
        <ele>1289.57</ele>
      </trkpt>
      <trkpt lat="44.278804002" lon="6.907383003">
        <ele>1282.96</ele>
      </trkpt>
      <trkpt lat="44.278720997" lon="6.907511997">
        <ele>1282.96</ele>
      </trkpt>
      <trkpt lat="44.278708002" lon="6.907533994">
        <ele>1283.88</ele>
      </trkpt>
      <trkpt lat="44.278616002" lon="6.907663998">
        <ele>1278.08</ele>
      </trkpt>
      <trkpt lat="44.278441" lon="6.907851992">
        <ele>1277.8</ele>
      </trkpt>
      <trkpt lat="44.278238" lon="6.908071008">
        <ele>1277.8</ele>
      </trkpt>
      <trkpt lat="44.278151998" lon="6.908171995">
        <ele>1276.75</ele>
      </trkpt>
      <trkpt lat="44.278085001" lon="6.908270001">
        <ele>1274.3</ele>
      </trkpt>
      <trkpt lat="44.278046996" lon="6.908369002">
        <ele>1274.9</ele>
      </trkpt>
      <trkpt lat="44.278004" lon="6.908510009">
        <ele>1275.6</ele>
      </trkpt>
      <trkpt lat="44.277950994" lon="6.908734999">
        <ele>1274.06</ele>
      </trkpt>
      <trkpt lat="44.277924999" lon="6.908845001">
        <ele>1273.42</ele>
      </trkpt>
      <trkpt lat="44.277903998" lon="6.908939003">
        <ele>1273.14</ele>
      </trkpt>
      <trkpt lat="44.277844998" lon="6.909143997">
        <ele>1274.79</ele>
      </trkpt>
      <trkpt lat="44.277779003" lon="6.909329003">
        <ele>1272.11</ele>
      </trkpt>
      <trkpt lat="44.277715997" lon="6.909484998">
        <ele>1270.93</ele>
      </trkpt>
      <trkpt lat="44.277626003" lon="6.909674005">
        <ele>1274.93</ele>
      </trkpt>
      <trkpt lat="44.2775" lon="6.909847996">
        <ele>1273.45</ele>
      </trkpt>
      <trkpt lat="44.277444001" lon="6.909918006">
        <ele>1268.61</ele>
      </trkpt>
      <trkpt lat="44.277360002" lon="6.910028999">
        <ele>1269.56</ele>
      </trkpt>
      <trkpt lat="44.277222003" lon="6.910183996">
        <ele>1271.7</ele>
      </trkpt>
      <trkpt lat="44.277115001" lon="6.910269003">
        <ele>1268.22</ele>
      </trkpt>
      <trkpt lat="44.276954998" lon="6.910351996">
        <ele>1268.08</ele>
      </trkpt>
      <trkpt lat="44.276947997" lon="6.910356004">
        <ele>1266.95</ele>
      </trkpt>
      <trkpt lat="44.276798" lon="6.910446009">
        <ele>1265.19</ele>
      </trkpt>
      <trkpt lat="44.276658995" lon="6.910549002">
        <ele>1262.43</ele>
      </trkpt>
      <trkpt lat="44.276551999" lon="6.910647003">
        <ele>1259.42</ele>
      </trkpt>
      <trkpt lat="44.276484001" lon="6.910728">
        <ele>1258.63</ele>
      </trkpt>
      <trkpt lat="44.276431004" lon="6.910819001">
        <ele>1257.07</ele>
      </trkpt>
      <trkpt lat="44.276385005" lon="6.910923003">
        <ele>1257.14</ele>
      </trkpt>
      <trkpt lat="44.27633" lon="6.911081">
        <ele>1256.83</ele>
      </trkpt>
      <trkpt lat="44.276266" lon="6.911282005">
        <ele>1255.86</ele>
      </trkpt>
      <trkpt lat="44.276194996" lon="6.911519003">
        <ele>1254.92</ele>
      </trkpt>
      <trkpt lat="44.276146997" lon="6.911709005">
        <ele>1254.54</ele>
      </trkpt>
      <trkpt lat="44.276113003" lon="6.911834997">
        <ele>1254.38</ele>
      </trkpt>
      <trkpt lat="44.276103999" lon="6.911877">
        <ele>1253.91</ele>
      </trkpt>
      <trkpt lat="44.276068996" lon="6.912026993">
        <ele>1253.11</ele>
      </trkpt>
      <trkpt lat="44.276032998" lon="6.912169002">
        <ele>1252.64</ele>
      </trkpt>
      <trkpt lat="44.275975" lon="6.912351">
        <ele>1252.08</ele>
      </trkpt>
      <trkpt lat="44.275909995" lon="6.912501995">
        <ele>1249.86</ele>
      </trkpt>
      <trkpt lat="44.275820996" lon="6.912689003">
        <ele>1250.28</ele>
      </trkpt>
      <trkpt lat="44.275681004" lon="6.912937994">
        <ele>1251.44</ele>
      </trkpt>
      <trkpt lat="44.275509998" lon="6.913224005">
        <ele>1251.79</ele>
      </trkpt>
      <trkpt lat="44.275361004" lon="6.913459001">
        <ele>1252.14</ele>
      </trkpt>
      <trkpt lat="44.275171999" lon="6.913788999">
        <ele>1252.81</ele>
      </trkpt>
      <trkpt lat="44.275020996" lon="6.914049003">
        <ele>1252.59</ele>
      </trkpt>
      <trkpt lat="44.274891" lon="6.914267005">
        <ele>1251.9</ele>
      </trkpt>
      <trkpt lat="44.274795004" lon="6.914427997">
        <ele>1251.89</ele>
      </trkpt>
      <trkpt lat="44.274713999" lon="6.914556997">
        <ele>1251.63</ele>
      </trkpt>
      <trkpt lat="44.274631998" lon="6.914676006">
        <ele>1250.86</ele>
      </trkpt>
      <trkpt lat="44.274574996" lon="6.914744998">
        <ele>1249.67</ele>
      </trkpt>
      <trkpt lat="44.274477003" lon="6.914872999">
        <ele>1249.4</ele>
      </trkpt>
      <trkpt lat="44.274433999" lon="6.914925998">
        <ele>1249.22</ele>
      </trkpt>
      <trkpt lat="44.274414003" lon="6.914954007">
        <ele>1249.4</ele>
      </trkpt>
      <trkpt lat="44.274386999" lon="6.914991002">
        <ele>1249.73</ele>
      </trkpt>
      <trkpt lat="44.274348997" lon="6.915044008">
        <ele>1249.3</ele>
      </trkpt>
      <trkpt lat="44.274296998" lon="6.915115992">
        <ele>1247.92</ele>
      </trkpt>
      <trkpt lat="44.274191" lon="6.915266005">
        <ele>1246.37</ele>
      </trkpt>
      <trkpt lat="44.274123999" lon="6.915392996">
        <ele>1245.35</ele>
      </trkpt>
      <trkpt lat="44.274066004" lon="6.915530005">
        <ele>1243.63</ele>
      </trkpt>
      <trkpt lat="44.274010999" lon="6.915707007">
        <ele>1242.15</ele>
      </trkpt>
      <trkpt lat="44.273966998" lon="6.915906006">
        <ele>1241.64</ele>
      </trkpt>
      <trkpt lat="44.273919996" lon="6.916085004">
        <ele>1242.07</ele>
      </trkpt>
      <trkpt lat="44.273911004" lon="6.916112994">
        <ele>1241.98</ele>
      </trkpt>
      <trkpt lat="44.273880001" lon="6.916206007">
        <ele>1242.23</ele>
      </trkpt>
      <trkpt lat="44.273843001" lon="6.916312002">
        <ele>1242.95</ele>
      </trkpt>
      <trkpt lat="44.273752" lon="6.916511001">
        <ele>1244.36</ele>
      </trkpt>
      <trkpt lat="44.273646006" lon="6.916698992">
        <ele>1243.16</ele>
      </trkpt>
      <trkpt lat="44.273520998" lon="6.916846997">
        <ele>1247.42</ele>
      </trkpt>
      <trkpt lat="44.273392" lon="6.916950999">
        <ele>1249.12</ele>
      </trkpt>
      <trkpt lat="44.273233003" lon="6.917042003">
        <ele>1248.44</ele>
      </trkpt>
      <trkpt lat="44.272990005" lon="6.917140999">
        <ele>1247.75</ele>
      </trkpt>
      <trkpt lat="44.272759" lon="6.917229999">
        <ele>1247.24</ele>
      </trkpt>
      <trkpt lat="44.272657003" lon="6.917265999">
        <ele>1247.66</ele>
      </trkpt>
      <trkpt lat="44.272524004" lon="6.917328003">
        <ele>1245.5</ele>
      </trkpt>
      <trkpt lat="44.272392995" lon="6.917408007">
        <ele>1246.3</ele>
      </trkpt>
      <trkpt lat="44.272310003" lon="6.917459995">
        <ele>1247.2</ele>
      </trkpt>
      <trkpt lat="44.272220001" lon="6.917517996">
        <ele>1248.14</ele>
      </trkpt>
      <trkpt lat="44.272093002" lon="6.917624002">
        <ele>1243.71</ele>
      </trkpt>
      <trkpt lat="44.271995002" lon="6.917719004">
        <ele>1243.67</ele>
      </trkpt>
      <trkpt lat="44.271894006" lon="6.917830004">
        <ele>1242.79</ele>
      </trkpt>
      <trkpt lat="44.271799999" lon="6.917951998">
        <ele>1241.21</ele>
      </trkpt>
      <trkpt lat="44.271732" lon="6.918048006">
        <ele>1241.34</ele>
      </trkpt>
      <trkpt lat="44.271683996" lon="6.918132">
        <ele>1239.89</ele>
      </trkpt>
      <trkpt lat="44.271646" lon="6.918208006">
        <ele>1238.88</ele>
      </trkpt>
      <trkpt lat="44.271610004" lon="6.918300996">
        <ele>1236.81</ele>
      </trkpt>
      <trkpt lat="44.271567002" lon="6.918438003">
        <ele>1234.22</ele>
      </trkpt>
      <trkpt lat="44.271530995" lon="6.918554999">
        <ele>1231.5</ele>
      </trkpt>
      <trkpt lat="44.271458002" lon="6.918773005">
        <ele>1231.83</ele>
      </trkpt>
      <trkpt lat="44.271399996" lon="6.918940006">
        <ele>1232.32</ele>
      </trkpt>
      <trkpt lat="44.271344001" lon="6.919085998">
        <ele>1232.49</ele>
      </trkpt>
      <trkpt lat="44.271286004" lon="6.919229995">
        <ele>1232.3</ele>
      </trkpt>
      <trkpt lat="44.271193994" lon="6.919422">
        <ele>1232.49</ele>
      </trkpt>
      <trkpt lat="44.271084996" lon="6.919641992">
        <ele>1229.08</ele>
      </trkpt>
      <trkpt lat="44.270954001" lon="6.919869995">
        <ele>1226.12</ele>
      </trkpt>
      <trkpt lat="44.270904003" lon="6.919955002">
        <ele>1224.34</ele>
      </trkpt>
      <trkpt lat="44.270765001" lon="6.920198003">
        <ele>1223.28</ele>
      </trkpt>
      <trkpt lat="44.270595002" lon="6.920481994">
        <ele>1222.06</ele>
      </trkpt>
      <trkpt lat="44.270485998" lon="6.920640998">
        <ele>1223.24</ele>
      </trkpt>
      <trkpt lat="44.270399997" lon="6.920754997">
        <ele>1225.68</ele>
      </trkpt>
      <trkpt lat="44.270324004" lon="6.920831996">
        <ele>1225.99</ele>
      </trkpt>
      <trkpt lat="44.270241002" lon="6.920888003">
        <ele>1227.91</ele>
      </trkpt>
      <trkpt lat="44.270135001" lon="6.920946998">
        <ele>1228.7</ele>
      </trkpt>
      <trkpt lat="44.269989004" lon="6.921007001">
        <ele>1229.32</ele>
      </trkpt>
      <trkpt lat="44.269814997" lon="6.921066998">
        <ele>1227.48</ele>
      </trkpt>
      <trkpt lat="44.269676003" lon="6.921103002">
        <ele>1228.12</ele>
      </trkpt>
      <trkpt lat="44.269521002" lon="6.921137008">
        <ele>1230.86</ele>
      </trkpt>
      <trkpt lat="44.269477998" lon="6.921144005">
        <ele>1232.79</ele>
      </trkpt>
      <trkpt lat="44.269372002" lon="6.921165007">
        <ele>1234.68</ele>
      </trkpt>
      <trkpt lat="44.269251999" lon="6.921178004">
        <ele>1238.24</ele>
      </trkpt>
      <trkpt lat="44.269158001" lon="6.921179003">
        <ele>1242.28</ele>
      </trkpt>
      <trkpt lat="44.269116002" lon="6.921175006">
        <ele>1241.4</ele>
      </trkpt>
      <trkpt lat="44.269041" lon="6.921169003">
        <ele>1239.37</ele>
      </trkpt>
      <trkpt lat="44.268912" lon="6.921151">
        <ele>1237.53</ele>
      </trkpt>
      <trkpt lat="44.268725002" lon="6.921116995">
        <ele>1234.24</ele>
      </trkpt>
      <trkpt lat="44.268587003" lon="6.921085">
        <ele>1231.57</ele>
      </trkpt>
      <trkpt lat="44.268450999" lon="6.921030992">
        <ele>1229.19</ele>
      </trkpt>
      <trkpt lat="44.268294996" lon="6.920953001">
        <ele>1230.8</ele>
      </trkpt>
      <trkpt lat="44.268119001" lon="6.920863995">
        <ele>1232.08</ele>
      </trkpt>
      <trkpt lat="44.268020997" lon="6.920824996">
        <ele>1231.87</ele>
      </trkpt>
      <trkpt lat="44.267934995" lon="6.920807008">
        <ele>1231.06</ele>
      </trkpt>
      <trkpt lat="44.267863003" lon="6.920802004">
        <ele>1231.99</ele>
      </trkpt>
      <trkpt lat="44.267785001" lon="6.920802002">
        <ele>1229.06</ele>
      </trkpt>
      <trkpt lat="44.267706004" lon="6.920815001">
        <ele>1226.61</ele>
      </trkpt>
      <trkpt lat="44.267604001" lon="6.920836994">
        <ele>1224.09</ele>
      </trkpt>
      <trkpt lat="44.267473002" lon="6.920876008">
        <ele>1222.5</ele>
      </trkpt>
      <trkpt lat="44.267329006" lon="6.920934993">
        <ele>1217.61</ele>
      </trkpt>
      <trkpt lat="44.267187997" lon="6.921004996">
        <ele>1216.54</ele>
      </trkpt>
      <trkpt lat="44.267060997" lon="6.921062999">
        <ele>1215.4</ele>
      </trkpt>
      <trkpt lat="44.266984004" lon="6.921089004">
        <ele>1213.86</ele>
      </trkpt>
      <trkpt lat="44.266884003" lon="6.921113003">
        <ele>1216.38</ele>
      </trkpt>
      <trkpt lat="44.266750006" lon="6.921131992">
        <ele>1222.35</ele>
      </trkpt>
      <trkpt lat="44.266624002" lon="6.921151999">
        <ele>1224.56</ele>
      </trkpt>
      <trkpt lat="44.266528002" lon="6.921177002">
        <ele>1226.41</ele>
      </trkpt>
      <trkpt lat="44.266415996" lon="6.921225004">
        <ele>1227.66</ele>
      </trkpt>
      <trkpt lat="44.266333" lon="6.921273996">
        <ele>1223.9</ele>
      </trkpt>
      <trkpt lat="44.266219001" lon="6.921347006">
        <ele>1220.15</ele>
      </trkpt>
      <trkpt lat="44.266145996" lon="6.921385">
        <ele>1217.06</ele>
      </trkpt>
      <trkpt lat="44.266060001" lon="6.921414006">
        <ele>1213.97</ele>
      </trkpt>
      <trkpt lat="44.265900001" lon="6.921453997">
        <ele>1215.18</ele>
      </trkpt>
      <trkpt lat="44.265808996" lon="6.921483998">
        <ele>1217.34</ele>
      </trkpt>
      <trkpt lat="44.265737999" lon="6.921515997">
        <ele>1220.28</ele>
      </trkpt>
      <trkpt lat="44.265634997" lon="6.921570001">
        <ele>1226.81</ele>
      </trkpt>
      <trkpt lat="44.265560998" lon="6.921598996">
        <ele>1234.12</ele>
      </trkpt>
      <trkpt lat="44.265500998" lon="6.921609996">
        <ele>1235.44</ele>
      </trkpt>
      <trkpt lat="44.265431999" lon="6.921608999">
        <ele>1230.8</ele>
      </trkpt>
      <trkpt lat="44.265333003" lon="6.921593999">
        <ele>1224.47</ele>
      </trkpt>
      <trkpt lat="44.265179006" lon="6.921555003">
        <ele>1216.05</ele>
      </trkpt>
      <trkpt lat="44.264961003" lon="6.921486999">
        <ele>1206.32</ele>
      </trkpt>
      <trkpt lat="44.264835001" lon="6.921458004">
        <ele>1202.38</ele>
      </trkpt>
      <trkpt lat="44.264789001" lon="6.921450997">
        <ele>1203.72</ele>
      </trkpt>
      <trkpt lat="44.264736001" lon="6.921458004">
        <ele>1202.86</ele>
      </trkpt>
      <trkpt lat="44.264623005" lon="6.921485003">
        <ele>1204.17</ele>
      </trkpt>
      <trkpt lat="44.264581" lon="6.921487002">
        <ele>1204.8</ele>
      </trkpt>
      <trkpt lat="44.264407003" lon="6.921468997">
        <ele>1203.58</ele>
      </trkpt>
      <trkpt lat="44.264114" lon="6.921429994">
        <ele>1202.08</ele>
      </trkpt>
      <trkpt lat="44.264011006" lon="6.921425003">
        <ele>1203.87</ele>
      </trkpt>
      <trkpt lat="44.263912997" lon="6.921424996">
        <ele>1202.56</ele>
      </trkpt>
      <trkpt lat="44.263776001" lon="6.921423008">
        <ele>1201.7</ele>
      </trkpt>
      <trkpt lat="44.263649006" lon="6.921412995">
        <ele>1203.15</ele>
      </trkpt>
      <trkpt lat="44.263629998" lon="6.921411003">
        <ele>1204.12</ele>
      </trkpt>
      <trkpt lat="44.263527996" lon="6.921406996">
        <ele>1200.73</ele>
      </trkpt>
      <trkpt lat="44.263493003" lon="6.921413004">
        <ele>1200.52</ele>
      </trkpt>
      <trkpt lat="44.263442999" lon="6.921428996">
        <ele>1201.81</ele>
      </trkpt>
      <trkpt lat="44.263259999" lon="6.921519992">
        <ele>1204.78</ele>
      </trkpt>
      <trkpt lat="44.263154005" lon="6.921572996">
        <ele>1209.36</ele>
      </trkpt>
      <trkpt lat="44.263060002" lon="6.921615004">
        <ele>1211.67</ele>
      </trkpt>
      <trkpt lat="44.262991004" lon="6.921640995">
        <ele>1214.13</ele>
      </trkpt>
      <trkpt lat="44.262911999" lon="6.921659998">
        <ele>1217.14</ele>
      </trkpt>
      <trkpt lat="44.262842002" lon="6.921663998">
        <ele>1219.61</ele>
      </trkpt>
      <trkpt lat="44.262754004" lon="6.921656995">
        <ele>1214.64</ele>
      </trkpt>
      <trkpt lat="44.262675996" lon="6.921635999">
        <ele>1212.73</ele>
      </trkpt>
      <trkpt lat="44.262597" lon="6.921601001">
        <ele>1207.69</ele>
      </trkpt>
      <trkpt lat="44.262457997" lon="6.921525997">
        <ele>1200.98</ele>
      </trkpt>
      <trkpt lat="44.262284996" lon="6.921441006">
        <ele>1192.67</ele>
      </trkpt>
      <trkpt lat="44.262199001" lon="6.921412999">
        <ele>1188.65</ele>
      </trkpt>
      <trkpt lat="44.262125997" lon="6.921401002">
        <ele>1184.82</ele>
      </trkpt>
      <trkpt lat="44.261913999" lon="6.921392999">
        <ele>1182.57</ele>
      </trkpt>
      <trkpt lat="44.261794997" lon="6.921381006">
        <ele>1179.86</ele>
      </trkpt>
      <trkpt lat="44.261756001" lon="6.921381005">
        <ele>1176.74</ele>
      </trkpt>
      <trkpt lat="44.261729003" lon="6.921388995">
        <ele>1174.82</ele>
      </trkpt>
      <trkpt lat="44.261699998" lon="6.921407004">
        <ele>1178.68</ele>
      </trkpt>
      <trkpt lat="44.261642002" lon="6.921480997">
        <ele>1182.53</ele>
      </trkpt>
      <trkpt lat="44.261581999" lon="6.921568006">
        <ele>1183.28</ele>
      </trkpt>
      <trkpt lat="44.261539998" lon="6.921609997">
        <ele>1184.59</ele>
      </trkpt>
      <trkpt lat="44.261480997" lon="6.921644002">
        <ele>1186.71</ele>
      </trkpt>
      <trkpt lat="44.261411004" lon="6.921660004">
        <ele>1183.68</ele>
      </trkpt>
      <trkpt lat="44.261325998" lon="6.921655002">
        <ele>1181.01</ele>
      </trkpt>
      <trkpt lat="44.261149997" lon="6.921624996">
        <ele>1181.59</ele>
      </trkpt>
      <trkpt lat="44.261079004" lon="6.921617001">
        <ele>1181.83</ele>
      </trkpt>
      <trkpt lat="44.261044994" lon="6.921624004">
        <ele>1178.9</ele>
      </trkpt>
      <trkpt lat="44.261002005" lon="6.921651003">
        <ele>1178.57</ele>
      </trkpt>
      <trkpt lat="44.260851002" lon="6.921778995">
        <ele>1174.97</ele>
      </trkpt>
      <trkpt lat="44.260712995" lon="6.921883995">
        <ele>1171.35</ele>
      </trkpt>
      <trkpt lat="44.260615002" lon="6.921959007">
        <ele>1170.06</ele>
      </trkpt>
      <trkpt lat="44.260580996" lon="6.921977999">
        <ele>1171.21</ele>
      </trkpt>
      <trkpt lat="44.260516004" lon="6.921992">
        <ele>1169.9</ele>
      </trkpt>
      <trkpt lat="44.260449994" lon="6.922010007">
        <ele>1171.29</ele>
      </trkpt>
      <trkpt lat="44.260400004" lon="6.922038001">
        <ele>1172.38</ele>
      </trkpt>
      <trkpt lat="44.260338998" lon="6.922088997">
        <ele>1170.73</ele>
      </trkpt>
      <trkpt lat="44.260287002" lon="6.922157998">
        <ele>1168.59</ele>
      </trkpt>
      <trkpt lat="44.260190003" lon="6.922297999">
        <ele>1167.61</ele>
      </trkpt>
      <trkpt lat="44.260059004" lon="6.922504997">
        <ele>1166.3</ele>
      </trkpt>
      <trkpt lat="44.259989998" lon="6.922622994">
        <ele>1166.56</ele>
      </trkpt>
      <trkpt lat="44.259933004" lon="6.922736004">
        <ele>1163.47</ele>
      </trkpt>
      <trkpt lat="44.259865003" lon="6.922895002">
        <ele>1162</ele>
      </trkpt>
      <trkpt lat="44.259754002" lon="6.923218">
        <ele>1160.19</ele>
      </trkpt>
      <trkpt lat="44.259655995" lon="6.923485001">
        <ele>1160.58</ele>
      </trkpt>
      <trkpt lat="44.259625998" lon="6.923589004">
        <ele>1158.96</ele>
      </trkpt>
      <trkpt lat="44.259610004" lon="6.923683004">
        <ele>1160.23</ele>
      </trkpt>
      <trkpt lat="44.259598996" lon="6.923786992">
        <ele>1158.6</ele>
      </trkpt>
      <trkpt lat="44.259589995" lon="6.923910995">
        <ele>1158.6</ele>
      </trkpt>
      <trkpt lat="44.259579" lon="6.923998995">
        <ele>1156.43</ele>
      </trkpt>
      <trkpt lat="44.259555" lon="6.924084992">
        <ele>1154.53</ele>
      </trkpt>
      <trkpt lat="44.259512001" lon="6.924203005">
        <ele>1153.05</ele>
      </trkpt>
      <trkpt lat="44.259473001" lon="6.924308003">
        <ele>1153.05</ele>
      </trkpt>
      <trkpt lat="44.259447004" lon="6.924377997">
        <ele>1152.65</ele>
      </trkpt>
      <trkpt lat="44.259420006" lon="6.924476">
        <ele>1152.17</ele>
      </trkpt>
      <trkpt lat="44.259408999" lon="6.924557001">
        <ele>1151.63</ele>
      </trkpt>
      <trkpt lat="44.259399997" lon="6.924709997">
        <ele>1151.08</ele>
      </trkpt>
      <trkpt lat="44.259385" lon="6.924828995">
        <ele>1153.66</ele>
      </trkpt>
      <trkpt lat="44.259377001" lon="6.924902003">
        <ele>1155.43</ele>
      </trkpt>
      <trkpt lat="44.259372998" lon="6.924926995">
        <ele>1157.38</ele>
      </trkpt>
      <trkpt lat="44.259353" lon="6.925017995">
        <ele>1157.23</ele>
      </trkpt>
      <trkpt lat="44.259316995" lon="6.925106997">
        <ele>1159.03</ele>
      </trkpt>
      <trkpt lat="44.259258997" lon="6.925214992">
        <ele>1155.5</ele>
      </trkpt>
      <trkpt lat="44.259147997" lon="6.925384001">
        <ele>1151.94</ele>
      </trkpt>
      <trkpt lat="44.259020004" lon="6.925567997">
        <ele>1148.59</ele>
      </trkpt>
      <trkpt lat="44.258933" lon="6.925695">
        <ele>1147.8</ele>
      </trkpt>
      <trkpt lat="44.258709996" lon="6.925962004">
        <ele>1144.66</ele>
      </trkpt>
      <trkpt lat="44.258656" lon="6.926012">
        <ele>1145.47</ele>
      </trkpt>
    </trkseg>
  </trk>
</gpx>