<?xml version="1.0" encoding="UTF-8"?>
<gpx creator="Loopi" version="1.1" xmlns="http://www.topografix.com/GPX/1/1" xmlns:xsi="http://www.w3.org/2001/XMLSchema-instance" xsi:schemaLocation="http://www.topografix.com/GPX/1/1 http://www.topografix.com/GPX/1/1/gpx.xsd http://www.garmin.com/xmlschemas/GpxExtensions/v3 http://www.garmin.com/xmlschemas/GpxExtensionsv3.xsd http://www.garmin.com/xmlschemas/TrackPointExtension/v1 http://www.garmin.com/xmlschemas/TrackPointExtensionv1.xsd">
  <metadata>
    <name>Activity</name>
  </metadata>
  <trk>
    <name>Variante Saint-Etienne-de-Tinée / Saint-Martin Vésubie</name>
    <trkseg>
      <trkpt lat="44.258656" lon="6.926012">
        <ele>1145.47</ele>
      </trkpt>
      <trkpt lat="44.258622999" lon="6.926019998">
        <ele>1146.02</ele>
      </trkpt>
      <trkpt lat="44.258585" lon="6.926007999">
        <ele>1147.11</ele>
      </trkpt>
      <trkpt lat="44.258553998" lon="6.925976998">
        <ele>1148.28</ele>
      </trkpt>
      <trkpt lat="44.258540002" lon="6.925949005">
        <ele>1147.73</ele>
      </trkpt>
      <trkpt lat="44.258506998" lon="6.925883003">
        <ele>1147.84</ele>
      </trkpt>
      <trkpt lat="44.258471001" lon="6.925812004">
        <ele>1147.41</ele>
      </trkpt>
      <trkpt lat="44.258434002" lon="6.925738001">
        <ele>1146.32</ele>
      </trkpt>
      <trkpt lat="44.258394001" lon="6.925657997">
        <ele>1145.05</ele>
      </trkpt>
      <trkpt lat="44.258274004" lon="6.925448997">
        <ele>1145.65</ele>
      </trkpt>
      <trkpt lat="44.258074004" lon="6.925112997">
        <ele>1145.26</ele>
      </trkpt>
      <trkpt lat="44.258001001" lon="6.924981001">
        <ele>1145.58</ele>
      </trkpt>
      <trkpt lat="44.257939" lon="6.924869003">
        <ele>1147.04</ele>
      </trkpt>
      <trkpt lat="44.257685998" lon="6.924416002">
        <ele>1148.48</ele>
      </trkpt>
      <trkpt lat="44.257432994" lon="6.923963996">
        <ele>1149.89</ele>
      </trkpt>
      <trkpt lat="44.257333997" lon="6.923767003">
        <ele>1151.25</ele>
      </trkpt>
      <trkpt lat="44.257218995" lon="6.923513991">
        <ele>1152.97</ele>
      </trkpt>
      <trkpt lat="44.257120002" lon="6.923275995">
        <ele>1153.71</ele>
      </trkpt>
      <trkpt lat="44.257072006" lon="6.923169998">
        <ele>1154.62</ele>
      </trkpt>
      <trkpt lat="44.256996997" lon="6.922968999">
        <ele>1154.96</ele>
      </trkpt>
      <trkpt lat="44.256931999" lon="6.922763">
        <ele>1155.34</ele>
      </trkpt>
      <trkpt lat="44.256865004" lon="6.922543998">
        <ele>1155.68</ele>
      </trkpt>
      <trkpt lat="44.256836001" lon="6.922483005">
        <ele>1156.3</ele>
      </trkpt>
      <trkpt lat="44.256796002" lon="6.922443998">
        <ele>1156.5</ele>
      </trkpt>
      <trkpt lat="44.256747999" lon="6.922433994">
        <ele>1157.11</ele>
      </trkpt>
      <trkpt lat="44.256694002" lon="6.922448002">
        <ele>1157.91</ele>
      </trkpt>
      <trkpt lat="44.256638996" lon="6.922491999">
        <ele>1158.04</ele>
      </trkpt>
      <trkpt lat="44.256609997" lon="6.922526997">
        <ele>1160.85</ele>
      </trkpt>
      <trkpt lat="44.256579006" lon="6.922561996">
        <ele>1163.9</ele>
      </trkpt>
      <trkpt lat="44.256490999" lon="6.922668">
        <ele>1164.56</ele>
      </trkpt>
      <trkpt lat="44.256430001" lon="6.922771998">
        <ele>1165.36</ele>
      </trkpt>
      <trkpt lat="44.256375" lon="6.922862002">
        <ele>1166.37</ele>
      </trkpt>
      <trkpt lat="44.256290001" lon="6.923018999">
        <ele>1164.9</ele>
      </trkpt>
      <trkpt lat="44.256158994" lon="6.923265004">
        <ele>1163.17</ele>
      </trkpt>
      <trkpt lat="44.256074996" lon="6.923398006">
        <ele>1165.07</ele>
      </trkpt>
      <trkpt lat="44.255992998" lon="6.923502003">
        <ele>1165.38</ele>
      </trkpt>
      <trkpt lat="44.255904997" lon="6.923600996">
        <ele>1165.24</ele>
      </trkpt>
      <trkpt lat="44.255824998" lon="6.923669996">
        <ele>1164.69</ele>
      </trkpt>
      <trkpt lat="44.255696001" lon="6.923771994">
        <ele>1164.31</ele>
      </trkpt>
      <trkpt lat="44.255536002" lon="6.923875998">
        <ele>1162.05</ele>
      </trkpt>
      <trkpt lat="44.255251003" lon="6.924069998">
        <ele>1162.06</ele>
      </trkpt>
      <trkpt lat="44.254932998" lon="6.924287004">
        <ele>1161.81</ele>
      </trkpt>
      <trkpt lat="44.254708998" lon="6.924436006">
        <ele>1161.27</ele>
      </trkpt>
      <trkpt lat="44.254548" lon="6.924545002">
        <ele>1162.99</ele>
      </trkpt>
      <trkpt lat="44.254314004" lon="6.924692006">
        <ele>1165.29</ele>
      </trkpt>
      <trkpt lat="44.254142003" lon="6.924837004">
        <ele>1166.19</ele>
      </trkpt>
      <trkpt lat="44.253980998" lon="6.925019001">
        <ele>1166.08</ele>
      </trkpt>
      <trkpt lat="44.253900998" lon="6.925116999">
        <ele>1166.78</ele>
      </trkpt>
      <trkpt lat="44.253774997" lon="6.925270007">
        <ele>1164.34</ele>
      </trkpt>
      <trkpt lat="44.253481001" lon="6.925651997">
        <ele>1162.35</ele>
      </trkpt>
      <trkpt lat="44.253198997" lon="6.926027001">
        <ele>1160.96</ele>
      </trkpt>
      <trkpt lat="44.253055002" lon="6.926196">
        <ele>1161.02</ele>
      </trkpt>
      <trkpt lat="44.252977999" lon="6.926286002">
        <ele>1162.17</ele>
      </trkpt>
      <trkpt lat="44.252942996" lon="6.926319001">
        <ele>1163.8</ele>
      </trkpt>
      <trkpt lat="44.252907002" lon="6.926352997">
        <ele>1164.72</ele>
      </trkpt>
      <trkpt lat="44.252826002" lon="6.926425995">
        <ele>1167.01</ele>
      </trkpt>
      <trkpt lat="44.252751998" lon="6.926475992">
        <ele>1166.97</ele>
      </trkpt>
      <trkpt lat="44.252609006" lon="6.926560998">
        <ele>1166.63</ele>
      </trkpt>
      <trkpt lat="44.252458001" lon="6.926644006">
        <ele>1166.41</ele>
      </trkpt>
      <trkpt lat="44.252355006" lon="6.926696008">
        <ele>1166.28</ele>
      </trkpt>
      <trkpt lat="44.252278994" lon="6.926719997">
        <ele>1165.49</ele>
      </trkpt>
      <trkpt lat="44.252176998" lon="6.926736996">
        <ele>1166.83</ele>
      </trkpt>
      <trkpt lat="44.252080999" lon="6.926768003">
        <ele>1167.08</ele>
      </trkpt>
      <trkpt lat="44.251971004" lon="6.926831995">
        <ele>1167.21</ele>
      </trkpt>
      <trkpt lat="44.251959002" lon="6.926840994">
        <ele>1167.02</ele>
      </trkpt>
      <trkpt lat="44.251874999" lon="6.926908002">
        <ele>1165.83</ele>
      </trkpt>
      <trkpt lat="44.251714999" lon="6.927020002">
        <ele>1165.07</ele>
      </trkpt>
      <trkpt lat="44.251606005" lon="6.927085993">
        <ele>1164.28</ele>
      </trkpt>
      <trkpt lat="44.251488997" lon="6.927144997">
        <ele>1166.49</ele>
      </trkpt>
      <trkpt lat="44.251359996" lon="6.927217">
        <ele>1166.46</ele>
      </trkpt>
      <trkpt lat="44.251227001" lon="6.927311007">
        <ele>1166.64</ele>
      </trkpt>
      <trkpt lat="44.251079002" lon="6.927445001">
        <ele>1168.94</ele>
      </trkpt>
      <trkpt lat="44.251040997" lon="6.927479997">
        <ele>1169.47</ele>
      </trkpt>
      <trkpt lat="44.250910002" lon="6.927606992">
        <ele>1166.88</ele>
      </trkpt>
      <trkpt lat="44.250719999" lon="6.927784994">
        <ele>1166.97</ele>
      </trkpt>
      <trkpt lat="44.250634998" lon="6.927861999">
        <ele>1166.97</ele>
      </trkpt>
      <trkpt lat="44.250608002" lon="6.927878999">
        <ele>1166.87</ele>
      </trkpt>
      <trkpt lat="44.250549" lon="6.927920001">
        <ele>1168.63</ele>
      </trkpt>
      <trkpt lat="44.250409994" lon="6.927985001">
        <ele>1170.87</ele>
      </trkpt>
      <trkpt lat="44.250306001" lon="6.928053003">
        <ele>1179</ele>
      </trkpt>
      <trkpt lat="44.250188002" lon="6.928150001">
        <ele>1181.26</ele>
      </trkpt>
      <trkpt lat="44.250104999" lon="6.928251003">
        <ele>1181.03</ele>
      </trkpt>
      <trkpt lat="44.250028" lon="6.928360997">
        <ele>1180.48</ele>
      </trkpt>
      <trkpt lat="44.249977999" lon="6.928429001">
        <ele>1179.38</ele>
      </trkpt>
      <trkpt lat="44.249936998" lon="6.92848">
        <ele>1178.97</ele>
      </trkpt>
      <trkpt lat="44.249897002" lon="6.928518004">
        <ele>1182.88</ele>
      </trkpt>
      <trkpt lat="44.249803001" lon="6.928576002">
        <ele>1185.6</ele>
      </trkpt>
      <trkpt lat="44.249695997" lon="6.928639994">
        <ele>1188.65</ele>
      </trkpt>
      <trkpt lat="44.249575995" lon="6.928731999">
        <ele>1192.02</ele>
      </trkpt>
      <trkpt lat="44.249474004" lon="6.928838003">
        <ele>1193.15</ele>
      </trkpt>
      <trkpt lat="44.249388999" lon="6.928937999">
        <ele>1190.19</ele>
      </trkpt>
      <trkpt lat="44.249297001" lon="6.929043002">
        <ele>1187.7</ele>
      </trkpt>
      <trkpt lat="44.249217998" lon="6.929142999">
        <ele>1184.1</ele>
      </trkpt>
      <trkpt lat="44.249149998" lon="6.929206996">
        <ele>1185.58</ele>
      </trkpt>
      <trkpt lat="44.249074004" lon="6.929268008">
        <ele>1181.34</ele>
      </trkpt>
      <trkpt lat="44.248964998" lon="6.929327998">
        <ele>1187.67</ele>
      </trkpt>
      <trkpt lat="44.248841998" lon="6.929395995">
        <ele>1189.53</ele>
      </trkpt>
      <trkpt lat="44.248747001" lon="6.929477004">
        <ele>1193.01</ele>
      </trkpt>
      <trkpt lat="44.248669004" lon="6.929564004">
        <ele>1192.29</ele>
      </trkpt>
      <trkpt lat="44.248593994" lon="6.929669994">
        <ele>1193.61</ele>
      </trkpt>
      <trkpt lat="44.248521002" lon="6.929808997">
        <ele>1190.77</ele>
      </trkpt>
      <trkpt lat="44.248407998" lon="6.930031">
        <ele>1188.37</ele>
      </trkpt>
      <trkpt lat="44.248307997" lon="6.930287003">
        <ele>1189.94</ele>
      </trkpt>
      <trkpt lat="44.248214001" lon="6.930518998">
        <ele>1186.38</ele>
      </trkpt>
      <trkpt lat="44.248156003" lon="6.930656005">
        <ele>1181.87</ele>
      </trkpt>
      <trkpt lat="44.248060002" lon="6.930795994">
        <ele>1178.56</ele>
      </trkpt>
      <trkpt lat="44.247970003" lon="6.930938004">
        <ele>1180.05</ele>
      </trkpt>
      <trkpt lat="44.247874998" lon="6.931063003">
        <ele>1174.03</ele>
      </trkpt>
      <trkpt lat="44.247815994" lon="6.931139005">
        <ele>1175.29</ele>
      </trkpt>
      <trkpt lat="44.247772" lon="6.931195009">
        <ele>1177.01</ele>
      </trkpt>
      <trkpt lat="44.247637001" lon="6.931369994">
        <ele>1174.57</ele>
      </trkpt>
      <trkpt lat="44.247562" lon="6.931485007">
        <ele>1172.88</ele>
      </trkpt>
      <trkpt lat="44.247509004" lon="6.931622998">
        <ele>1174.77</ele>
      </trkpt>
      <trkpt lat="44.247439997" lon="6.931823005">
        <ele>1173.97</ele>
      </trkpt>
      <trkpt lat="44.247380001" lon="6.932010999">
        <ele>1173.07</ele>
      </trkpt>
      <trkpt lat="44.247320002" lon="6.932152992">
        <ele>1174.13</ele>
      </trkpt>
      <trkpt lat="44.247261999" lon="6.932278009">
        <ele>1171.9</ele>
      </trkpt>
      <trkpt lat="44.247187997" lon="6.932385993">
        <ele>1171.27</ele>
      </trkpt>
      <trkpt lat="44.247109997" lon="6.932471997">
        <ele>1170.5</ele>
      </trkpt>
      <trkpt lat="44.246999996" lon="6.932567002">
        <ele>1169.85</ele>
      </trkpt>
      <trkpt lat="44.246883004" lon="6.932671992">
        <ele>1174.03</ele>
      </trkpt>
      <trkpt lat="44.246829999" lon="6.932742">
        <ele>1176.9</ele>
      </trkpt>
      <trkpt lat="44.246769001" lon="6.932852001">
        <ele>1178.11</ele>
      </trkpt>
      <trkpt lat="44.246697001" lon="6.933013996">
        <ele>1175.25</ele>
      </trkpt>
      <trkpt lat="44.246632999" lon="6.933193998">
        <ele>1176.32</ele>
      </trkpt>
      <trkpt lat="44.246562" lon="6.933363998">
        <ele>1173.02</ele>
      </trkpt>
      <trkpt lat="44.246491004" lon="6.933499997">
        <ele>1173.74</ele>
      </trkpt>
      <trkpt lat="44.246398999" lon="6.933635992">
        <ele>1173.4</ele>
      </trkpt>
      <trkpt lat="44.246249" lon="6.933814002">
        <ele>1176.8</ele>
      </trkpt>
      <trkpt lat="44.246129003" lon="6.933956003">
        <ele>1175.89</ele>
      </trkpt>
      <trkpt lat="44.246075002" lon="6.933997994">
        <ele>1174.6</ele>
      </trkpt>
      <trkpt lat="44.246029999" lon="6.934021">
        <ele>1175.01</ele>
      </trkpt>
      <trkpt lat="44.245990004" lon="6.934029998">
        <ele>1175.75</ele>
      </trkpt>
      <trkpt lat="44.245968998" lon="6.934033995">
        <ele>1176.45</ele>
      </trkpt>
      <trkpt lat="44.245917998" lon="6.934038995">
        <ele>1177.06</ele>
      </trkpt>
      <trkpt lat="44.245848" lon="6.934042001">
        <ele>1177.66</ele>
      </trkpt>
      <trkpt lat="44.245771999" lon="6.934038008">
        <ele>1176.43</ele>
      </trkpt>
      <trkpt lat="44.245488" lon="6.933932001">
        <ele>1175.37</ele>
      </trkpt>
      <trkpt lat="44.245182998" lon="6.933805005">
        <ele>1175.78</ele>
      </trkpt>
      <trkpt lat="44.245167001" lon="6.933802002">
        <ele>1176.39</ele>
      </trkpt>
      <trkpt lat="44.245091997" lon="6.933785002">
        <ele>1177.19</ele>
      </trkpt>
      <trkpt lat="44.245017996" lon="6.933778001">
        <ele>1178.13</ele>
      </trkpt>
      <trkpt lat="44.244968998" lon="6.933783993">
        <ele>1181.24</ele>
      </trkpt>
      <trkpt lat="44.244917" lon="6.933798001">
        <ele>1183.62</ele>
      </trkpt>
      <trkpt lat="44.244850003" lon="6.933845007">
        <ele>1186.5</ele>
      </trkpt>
      <trkpt lat="44.244790003" lon="6.933906002">
        <ele>1189.6</ele>
      </trkpt>
      <trkpt lat="44.244758002" lon="6.933955999">
        <ele>1193.41</ele>
      </trkpt>
      <trkpt lat="44.244743001" lon="6.933979005">
        <ele>1193.72</ele>
      </trkpt>
      <trkpt lat="44.244706999" lon="6.934076003">
        <ele>1194.74</ele>
      </trkpt>
      <trkpt lat="44.244686999" lon="6.9342">
        <ele>1193.7</ele>
      </trkpt>
      <trkpt lat="44.244680003" lon="6.934362999">
        <ele>1193.4</ele>
      </trkpt>
      <trkpt lat="44.244695999" lon="6.934586004">
        <ele>1193.04</ele>
      </trkpt>
      <trkpt lat="44.244696002" lon="6.934735999">
        <ele>1190.9</ele>
      </trkpt>
      <trkpt lat="44.244686003" lon="6.934846999">
        <ele>1187.85</ele>
      </trkpt>
      <trkpt lat="44.244655996" lon="6.934958003">
        <ele>1190.01</ele>
      </trkpt>
      <trkpt lat="44.244608999" lon="6.935059001">
        <ele>1191.41</ele>
      </trkpt>
      <trkpt lat="44.244555006" lon="6.935147992">
        <ele>1192.31</ele>
      </trkpt>
      <trkpt lat="44.244456995" lon="6.935277997">
        <ele>1195.33</ele>
      </trkpt>
      <trkpt lat="44.244302001" lon="6.935458997">
        <ele>1198.01</ele>
      </trkpt>
      <trkpt lat="44.244134998" lon="6.935666996">
        <ele>1199.09</ele>
      </trkpt>
      <trkpt lat="44.243839001" lon="6.936015005">
        <ele>1200.09</ele>
      </trkpt>
      <trkpt lat="44.243745997" lon="6.936129006">
        <ele>1198.84</ele>
      </trkpt>
      <trkpt lat="44.243722004" lon="6.93616">
        <ele>1201.5</ele>
      </trkpt>
      <trkpt lat="44.243534996" lon="6.936434995">
        <ele>1201.45</ele>
      </trkpt>
      <trkpt lat="44.243442998" lon="6.936583002">
        <ele>1199.54</ele>
      </trkpt>
      <trkpt lat="44.243339002" lon="6.936715996">
        <ele>1199.48</ele>
      </trkpt>
      <trkpt lat="44.243259998" lon="6.936798998">
        <ele>1201.43</ele>
      </trkpt>
      <trkpt lat="44.243121003" lon="6.936913001">
        <ele>1200.39</ele>
      </trkpt>
      <trkpt lat="44.243036998" lon="6.937000995">
        <ele>1202.23</ele>
      </trkpt>
      <trkpt lat="44.242908001" lon="6.937133005">
        <ele>1204.11</ele>
      </trkpt>
      <trkpt lat="44.242860998" lon="6.937160996">
        <ele>1204.14</ele>
      </trkpt>
      <trkpt lat="44.242839" lon="6.937217">
        <ele>1204.39</ele>
      </trkpt>
      <trkpt lat="44.242803994" lon="6.937256004">
        <ele>1204.83</ele>
      </trkpt>
      <trkpt lat="44.242758" lon="6.937281997">
        <ele>1205.22</ele>
      </trkpt>
      <trkpt lat="44.242718004" lon="6.937283997">
        <ele>1205.39</ele>
      </trkpt>
      <trkpt lat="44.242680998" lon="6.937275999">
        <ele>1205.38</ele>
      </trkpt>
      <trkpt lat="44.242556999" lon="6.937333999">
        <ele>1205.34</ele>
      </trkpt>
      <trkpt lat="44.242456003" lon="6.937411999">
        <ele>1204.96</ele>
      </trkpt>
      <trkpt lat="44.242393002" lon="6.937487008">
        <ele>1204.58</ele>
      </trkpt>
      <trkpt lat="44.242299002" lon="6.937583007">
        <ele>1203.26</ele>
      </trkpt>
      <trkpt lat="44.242181002" lon="6.937673002">
        <ele>1201.92</ele>
      </trkpt>
      <trkpt lat="44.242072999" lon="6.937727999">
        <ele>1200.43</ele>
      </trkpt>
      <trkpt lat="44.241982999" lon="6.937758996">
        <ele>1198.94</ele>
      </trkpt>
      <trkpt lat="44.241901999" lon="6.937774998">
        <ele>1196.67</ele>
      </trkpt>
      <trkpt lat="44.241785994" lon="6.937782991">
        <ele>1195.51</ele>
      </trkpt>
      <trkpt lat="44.241567005" lon="6.937783997">
        <ele>1194.6</ele>
      </trkpt>
      <trkpt lat="44.241290996" lon="6.937789995">
        <ele>1193.14</ele>
      </trkpt>
      <trkpt lat="44.241082005" lon="6.937813007">
        <ele>1193.99</ele>
      </trkpt>
      <trkpt lat="44.240973004" lon="6.937827002">
        <ele>1191.58</ele>
      </trkpt>
      <trkpt lat="44.240845001" lon="6.937870993">
        <ele>1192.54</ele>
      </trkpt>
      <trkpt lat="44.240752002" lon="6.937918004">
        <ele>1192.4</ele>
      </trkpt>
      <trkpt lat="44.240652996" lon="6.937987">
        <ele>1198.12</ele>
      </trkpt>
      <trkpt lat="44.240538999" lon="6.938091999">
        <ele>1195.44</ele>
      </trkpt>
      <trkpt lat="44.24041" lon="6.938277004">
        <ele>1196.16</ele>
      </trkpt>
      <trkpt lat="44.240150003" lon="6.938651998">
        <ele>1192.51</ele>
      </trkpt>
      <trkpt lat="44.240007995" lon="6.938868001">
        <ele>1190.32</ele>
      </trkpt>
      <trkpt lat="44.239811998" lon="6.939163995">
        <ele>1182.44</ele>
      </trkpt>
      <trkpt lat="44.239644002" lon="6.939419008">
        <ele>1179.39</ele>
      </trkpt>
      <trkpt lat="44.239475999" lon="6.939673995">
        <ele>1177.7</ele>
      </trkpt>
      <trkpt lat="44.239259004" lon="6.940001005">
        <ele>1176.16</ele>
      </trkpt>
      <trkpt lat="44.239048997" lon="6.940286002">
        <ele>1172.95</ele>
      </trkpt>
      <trkpt lat="44.238912001" lon="6.940466994">
        <ele>1176.69</ele>
      </trkpt>
      <trkpt lat="44.238791996" lon="6.940616998">
        <ele>1175.36</ele>
      </trkpt>
      <trkpt lat="44.238645001" lon="6.940776998">
        <ele>1176.49</ele>
      </trkpt>
      <trkpt lat="44.238482002" lon="6.940946002">
        <ele>1178.08</ele>
      </trkpt>
      <trkpt lat="44.238283998" lon="6.941182998">
        <ele>1180.58</ele>
      </trkpt>
      <trkpt lat="44.238175004" lon="6.941316992">
        <ele>1176.14</ele>
      </trkpt>
      <trkpt lat="44.238104001" lon="6.941421997">
        <ele>1178.23</ele>
      </trkpt>
      <trkpt lat="44.238016997" lon="6.941561002">
        <ele>1174.48</ele>
      </trkpt>
      <trkpt lat="44.237990997" lon="6.941629997">
        <ele>1171.32</ele>
      </trkpt>
      <trkpt lat="44.237969" lon="6.941720005">
        <ele>1168.67</ele>
      </trkpt>
      <trkpt lat="44.237971002" lon="6.941791999">
        <ele>1166.85</ele>
      </trkpt>
      <trkpt lat="44.237982999" lon="6.941880006">
        <ele>1165.34</ele>
      </trkpt>
      <trkpt lat="44.238015997" lon="6.941977997">
        <ele>1163.46</ele>
      </trkpt>
      <trkpt lat="44.238050998" lon="6.942029006">
        <ele>1162.3</ele>
      </trkpt>
      <trkpt lat="44.238096001" lon="6.942064">
        <ele>1157.25</ele>
      </trkpt>
      <trkpt lat="44.238146996" lon="6.942092001">
        <ele>1152.57</ele>
      </trkpt>
      <trkpt lat="44.238199999" lon="6.942099997">
        <ele>1151.29</ele>
      </trkpt>
      <trkpt lat="44.238252998" lon="6.942085002">
        <ele>1152.99</ele>
      </trkpt>
      <trkpt lat="44.238317998" lon="6.942041996">
        <ele>1153.77</ele>
      </trkpt>
      <trkpt lat="44.238353005" lon="6.941998999">
        <ele>1158.2</ele>
      </trkpt>
      <trkpt lat="44.238397004" lon="6.941931994">
        <ele>1162.43</ele>
      </trkpt>
      <trkpt lat="44.238445998" lon="6.941822">
        <ele>1162.52</ele>
      </trkpt>
      <trkpt lat="44.238587997" lon="6.941492008">
        <ele>1162.11</ele>
      </trkpt>
      <trkpt lat="44.238693" lon="6.941291998">
        <ele>1161.5</ele>
      </trkpt>
      <trkpt lat="44.238810002" lon="6.941125992">
        <ele>1162.88</ele>
      </trkpt>
      <trkpt lat="44.238951003" lon="6.940958994">
        <ele>1160.23</ele>
      </trkpt>
      <trkpt lat="44.239220003" lon="6.940712999">
        <ele>1159.32</ele>
      </trkpt>
      <trkpt lat="44.239487005" lon="6.940489002">
        <ele>1158.98</ele>
      </trkpt>
      <trkpt lat="44.239768998" lon="6.940223998">
        <ele>1156.23</ele>
      </trkpt>
      <trkpt lat="44.239845994" lon="6.940137005">
        <ele>1155.21</ele>
      </trkpt>
      <trkpt lat="44.239924998" lon="6.940026998">
        <ele>1153.81</ele>
      </trkpt>
      <trkpt lat="44.240060998" lon="6.939815006">
        <ele>1151.36</ele>
      </trkpt>
      <trkpt lat="44.240168004" lon="6.939651996">
        <ele>1153.21</ele>
      </trkpt>
      <trkpt lat="44.240242" lon="6.939570999">
        <ele>1157.91</ele>
      </trkpt>
      <trkpt lat="44.240308002" lon="6.939540996">
        <ele>1159.16</ele>
      </trkpt>
      <trkpt lat="44.240355999" lon="6.939531004">
        <ele>1158.25</ele>
      </trkpt>
      <trkpt lat="44.240398998" lon="6.939535996">
        <ele>1157.48</ele>
      </trkpt>
      <trkpt lat="44.240449001" lon="6.939556995">
        <ele>1152.56</ele>
      </trkpt>
      <trkpt lat="44.240489005" lon="6.939609004">
        <ele>1147.6</ele>
      </trkpt>
      <trkpt lat="44.240514996" lon="6.939662997">
        <ele>1142.48</ele>
      </trkpt>
      <trkpt lat="44.240535997" lon="6.939742006">
        <ele>1143.45</ele>
      </trkpt>
      <trkpt lat="44.240538001" lon="6.939820998">
        <ele>1142.4</ele>
      </trkpt>
      <trkpt lat="44.240529994" lon="6.939911995">
        <ele>1141.04</ele>
      </trkpt>
      <trkpt lat="44.240499998" lon="6.940011004">
        <ele>1141.18</ele>
      </trkpt>
      <trkpt lat="44.240422996" lon="6.940126003">
        <ele>1139.85</ele>
      </trkpt>
      <trkpt lat="44.240134998" lon="6.940493002">
        <ele>1137.5</ele>
      </trkpt>
      <trkpt lat="44.239953001" lon="6.940721002">
        <ele>1136.69</ele>
      </trkpt>
      <trkpt lat="44.239771002" lon="6.940949001">
        <ele>1136.39</ele>
      </trkpt>
      <trkpt lat="44.239566005" lon="6.941245001">
        <ele>1134.75</ele>
      </trkpt>
      <trkpt lat="44.239483995" lon="6.941389999">
        <ele>1132.31</ele>
      </trkpt>
      <trkpt lat="44.239419001" lon="6.941544001">
        <ele>1134.56</ele>
      </trkpt>
      <trkpt lat="44.239350004" lon="6.941756995">
        <ele>1134.37</ele>
      </trkpt>
      <trkpt lat="44.239280001" lon="6.942003002">
        <ele>1131.56</ele>
      </trkpt>
      <trkpt lat="44.239183997" lon="6.942384006">
        <ele>1128.6</ele>
      </trkpt>
      <trkpt lat="44.239127003" lon="6.942593996">
        <ele>1127.97</ele>
      </trkpt>
      <trkpt lat="44.239056996" lon="6.942824005">
        <ele>1123.56</ele>
      </trkpt>
      <trkpt lat="44.238997996" lon="6.942998002">
        <ele>1121.45</ele>
      </trkpt>
      <trkpt lat="44.238946002" lon="6.943131995">
        <ele>1119.72</ele>
      </trkpt>
      <trkpt lat="44.238877994" lon="6.943276006">
        <ele>1118.54</ele>
      </trkpt>
      <trkpt lat="44.238811002" lon="6.943398">
        <ele>1116.94</ele>
      </trkpt>
      <trkpt lat="44.238735004" lon="6.943505">
        <ele>1115.11</ele>
      </trkpt>
      <trkpt lat="44.238653994" lon="6.943598001">
        <ele>1113.52</ele>
      </trkpt>
      <trkpt lat="44.238553005" lon="6.943695002">
        <ele>1113.59</ele>
      </trkpt>
      <trkpt lat="44.238518005" lon="6.943726992">
        <ele>1111.84</ele>
      </trkpt>
      <trkpt lat="44.238460999" lon="6.943779001">
        <ele>1108.88</ele>
      </trkpt>
      <trkpt lat="44.238360997" lon="6.943847">
        <ele>1109.27</ele>
      </trkpt>
      <trkpt lat="44.238244999" lon="6.943923">
        <ele>1107.16</ele>
      </trkpt>
      <trkpt lat="44.238117996" lon="6.943991001">
        <ele>1103.12</ele>
      </trkpt>
      <trkpt lat="44.237969004" lon="6.944064004">
        <ele>1102.05</ele>
      </trkpt>
      <trkpt lat="44.237737002" lon="6.944164003">
        <ele>1101.77</ele>
      </trkpt>
      <trkpt lat="44.237590001" lon="6.944229998">
        <ele>1101.49</ele>
      </trkpt>
      <trkpt lat="44.237482995" lon="6.944284997">
        <ele>1102.95</ele>
      </trkpt>
      <trkpt lat="44.237355001" lon="6.944361">
        <ele>1101.25</ele>
      </trkpt>
      <trkpt lat="44.237214996" lon="6.944461001">
        <ele>1101.14</ele>
      </trkpt>
      <trkpt lat="44.237083996" lon="6.944566003">
        <ele>1100.44</ele>
      </trkpt>
      <trkpt lat="44.236983996" lon="6.944654996">
        <ele>1101.42</ele>
      </trkpt>
      <trkpt lat="44.236852997" lon="6.944784002">
        <ele>1097.55</ele>
      </trkpt>
      <trkpt lat="44.236715998" lon="6.944926994">
        <ele>1101.93</ele>
      </trkpt>
      <trkpt lat="44.236563004" lon="6.945101001">
        <ele>1098.57</ele>
      </trkpt>
      <trkpt lat="44.236426998" lon="6.945270008">
        <ele>1101.16</ele>
      </trkpt>
      <trkpt lat="44.236314999" lon="6.945420002">
        <ele>1098.51</ele>
      </trkpt>
      <trkpt lat="44.236211003" lon="6.945575001">
        <ele>1102.43</ele>
      </trkpt>
      <trkpt lat="44.236080001" lon="6.945776997">
        <ele>1097.96</ele>
      </trkpt>
      <trkpt lat="44.235908001" lon="6.946070004">
        <ele>1106.43</ele>
      </trkpt>
      <trkpt lat="44.235742003" lon="6.946368003">
        <ele>1101.76</ele>
      </trkpt>
      <trkpt lat="44.235627997" lon="6.946575001">
        <ele>1097.96</ele>
      </trkpt>
      <trkpt lat="44.235530995" lon="6.946748997">
        <ele>1093.11</ele>
      </trkpt>
      <trkpt lat="44.235437001" lon="6.946909001">
        <ele>1093.13</ele>
      </trkpt>
      <trkpt lat="44.235321" lon="6.947092003">
        <ele>1093.07</ele>
      </trkpt>
      <trkpt lat="44.235203999" lon="6.947269997">
        <ele>1092.34</ele>
      </trkpt>
      <trkpt lat="44.235080004" lon="6.947461993">
        <ele>1095.59</ele>
      </trkpt>
      <trkpt lat="44.234952999" lon="6.947645005">
        <ele>1093.75</ele>
      </trkpt>
      <trkpt lat="44.234795001" lon="6.947851004">
        <ele>1095.76</ele>
      </trkpt>
      <trkpt lat="44.234617998" lon="6.948079998">
        <ele>1085.14</ele>
      </trkpt>
      <trkpt lat="44.234446004" lon="6.948303008">
        <ele>1086.28</ele>
      </trkpt>
      <trkpt lat="44.234344004" lon="6.948436">
        <ele>1082.99</ele>
      </trkpt>
      <trkpt lat="44.234121005" lon="6.948734002">
        <ele>1081.52</ele>
      </trkpt>
      <trkpt lat="44.233909999" lon="6.949003003">
        <ele>1078.69</ele>
      </trkpt>
      <trkpt lat="44.233775997" lon="6.949184004">
        <ele>1080.09</ele>
      </trkpt>
      <trkpt lat="44.233709996" lon="6.949275">
        <ele>1078.96</ele>
      </trkpt>
      <trkpt lat="44.233657" lon="6.949360997">
        <ele>1075.97</ele>
      </trkpt>
      <trkpt lat="44.233601994" lon="6.949457998">
        <ele>1078.85</ele>
      </trkpt>
      <trkpt lat="44.23348" lon="6.949714001">
        <ele>1077.2</ele>
      </trkpt>
      <trkpt lat="44.233424996" lon="6.949842">
        <ele>1075.24</ele>
      </trkpt>
      <trkpt lat="44.233280996" lon="6.950166">
        <ele>1073.06</ele>
      </trkpt>
      <trkpt lat="44.233238004" lon="6.950266004">
        <ele>1072.79</ele>
      </trkpt>
      <trkpt lat="44.233200003" lon="6.950353997">
        <ele>1069.86</ele>
      </trkpt>
      <trkpt lat="44.233169005" lon="6.950428">
        <ele>1070.31</ele>
      </trkpt>
      <trkpt lat="44.232989003" lon="6.950835001">
        <ele>1069.61</ele>
      </trkpt>
      <trkpt lat="44.232929996" lon="6.950968999">
        <ele>1070.05</ele>
      </trkpt>
      <trkpt lat="44.232811" lon="6.951242002">
        <ele>1070.42</ele>
      </trkpt>
      <trkpt lat="44.232725994" lon="6.951434003">
        <ele>1070.59</ele>
      </trkpt>
      <trkpt lat="44.232696004" lon="6.951502998">
        <ele>1069.55</ele>
      </trkpt>
      <trkpt lat="44.232580999" lon="6.951781002">
        <ele>1070.37</ele>
      </trkpt>
      <trkpt lat="44.232464002" lon="6.952060997">
        <ele>1069.5</ele>
      </trkpt>
      <trkpt lat="44.232377004" lon="6.952288005">
        <ele>1068.67</ele>
      </trkpt>
      <trkpt lat="44.232268001" lon="6.952590001">
        <ele>1068.28</ele>
      </trkpt>
      <trkpt lat="44.232243003" lon="6.952662">
        <ele>1067.67</ele>
      </trkpt>
      <trkpt lat="44.232142" lon="6.952953999">
        <ele>1067</ele>
      </trkpt>
      <trkpt lat="44.232022" lon="6.953288996">
        <ele>1066.79</ele>
      </trkpt>
      <trkpt lat="44.231952005" lon="6.953462007">
        <ele>1066.49</ele>
      </trkpt>
      <trkpt lat="44.231868996" lon="6.953635002">
        <ele>1066.05</ele>
      </trkpt>
      <trkpt lat="44.231808003" lon="6.953747998">
        <ele>1066</ele>
      </trkpt>
      <trkpt lat="44.231767998" lon="6.953821006">
        <ele>1065.17</ele>
      </trkpt>
      <trkpt lat="44.231628005" lon="6.95408">
        <ele>1064.35</ele>
      </trkpt>
      <trkpt lat="44.231396997" lon="6.954466001">
        <ele>1063.68</ele>
      </trkpt>
      <trkpt lat="44.231235003" lon="6.954723997">
        <ele>1063.11</ele>
      </trkpt>
      <trkpt lat="44.231214004" lon="6.954758005">
        <ele>1062.61</ele>
      </trkpt>
      <trkpt lat="44.230943006" lon="6.955196">
        <ele>1062.26</ele>
      </trkpt>
      <trkpt lat="44.230672997" lon="6.955633998">
        <ele>1061.79</ele>
      </trkpt>
      <trkpt lat="44.230577998" lon="6.955789002">
        <ele>1061.25</ele>
      </trkpt>
      <trkpt lat="44.230311998" lon="6.956219992">
        <ele>1060.73</ele>
      </trkpt>
      <trkpt lat="44.230046996" lon="6.956651999">
        <ele>1060.15</ele>
      </trkpt>
      <trkpt lat="44.230028998" lon="6.956678996">
        <ele>1060.07</ele>
      </trkpt>
      <trkpt lat="44.229802" lon="6.957042996">
        <ele>1059.78</ele>
      </trkpt>
      <trkpt lat="44.229672003" lon="6.957231001">
        <ele>1059.73</ele>
      </trkpt>
      <trkpt lat="44.229531002" lon="6.9574">
        <ele>1059.72</ele>
      </trkpt>
      <trkpt lat="44.229302003" lon="6.957664999">
        <ele>1059.89</ele>
      </trkpt>
      <trkpt lat="44.229171006" lon="6.9578">
        <ele>1059.71</ele>
      </trkpt>
      <trkpt lat="44.229158001" lon="6.957813006">
        <ele>1060.32</ele>
      </trkpt>
      <trkpt lat="44.229049995" lon="6.957905002">
        <ele>1061.16</ele>
      </trkpt>
      <trkpt lat="44.228937997" lon="6.95798">
        <ele>1061.1</ele>
      </trkpt>
      <trkpt lat="44.228832002" lon="6.958032002">
        <ele>1061.56</ele>
      </trkpt>
      <trkpt lat="44.228692003" lon="6.958086007">
        <ele>1061.31</ele>
      </trkpt>
      <trkpt lat="44.228602005" lon="6.958118006">
        <ele>1060.4</ele>
      </trkpt>
      <trkpt lat="44.228315996" lon="6.958219001">
        <ele>1059.12</ele>
      </trkpt>
      <trkpt lat="44.228104997" lon="6.958296991">
        <ele>1058.87</ele>
      </trkpt>
      <trkpt lat="44.228083998" lon="6.958306004">
        <ele>1058.22</ele>
      </trkpt>
      <trkpt lat="44.227988998" lon="6.958346001">
        <ele>1058.09</ele>
      </trkpt>
      <trkpt lat="44.227881001" lon="6.958407">
        <ele>1058.58</ele>
      </trkpt>
      <trkpt lat="44.227776006" lon="6.958487998">
        <ele>1059.05</ele>
      </trkpt>
      <trkpt lat="44.227562003" lon="6.958666998">
        <ele>1059.51</ele>
      </trkpt>
      <trkpt lat="44.227265002" lon="6.958921008">
        <ele>1059.34</ele>
      </trkpt>
      <trkpt lat="44.227137997" lon="6.959022001">
        <ele>1059.77</ele>
      </trkpt>
      <trkpt lat="44.227037002" lon="6.959096997">
        <ele>1060.17</ele>
      </trkpt>
      <trkpt lat="44.226883997" lon="6.959190999">
        <ele>1060.02</ele>
      </trkpt>
      <trkpt lat="44.226583997" lon="6.959352999">
        <ele>1059.62</ele>
      </trkpt>
      <trkpt lat="44.226429" lon="6.959434992">
        <ele>1059.72</ele>
      </trkpt>
      <trkpt lat="44.226348996" lon="6.959478">
        <ele>1058.8</ele>
      </trkpt>
      <trkpt lat="44.226070996" lon="6.959626994">
        <ele>1057.7</ele>
      </trkpt>
      <trkpt lat="44.225881002" lon="6.959733">
        <ele>1056.47</ele>
      </trkpt>
      <trkpt lat="44.225770995" lon="6.959804005">
        <ele>1055.34</ele>
      </trkpt>
      <trkpt lat="44.225680995" lon="6.959877998">
        <ele>1054.57</ele>
      </trkpt>
      <trkpt lat="44.225596005" lon="6.959964999">
        <ele>1054.14</ele>
      </trkpt>
      <trkpt lat="44.225516006" lon="6.960083995">
        <ele>1053.58</ele>
      </trkpt>
      <trkpt lat="44.225450002" lon="6.960224998">
        <ele>1053.54</ele>
      </trkpt>
      <trkpt lat="44.225403997" lon="6.960364">
        <ele>1053.46</ele>
      </trkpt>
      <trkpt lat="44.225366994" lon="6.960516">
        <ele>1053.22</ele>
      </trkpt>
      <trkpt lat="44.225308001" lon="6.960837003">
        <ele>1053.07</ele>
      </trkpt>
      <trkpt lat="44.225273005" lon="6.961037997">
        <ele>1053.44</ele>
      </trkpt>
      <trkpt lat="44.225204996" lon="6.961415997">
        <ele>1053.95</ele>
      </trkpt>
      <trkpt lat="44.225124003" lon="6.961857997">
        <ele>1054.27</ele>
      </trkpt>
      <trkpt lat="44.225097002" lon="6.962004002">
        <ele>1054.37</ele>
      </trkpt>
      <trkpt lat="44.225018" lon="6.962426">
        <ele>1054.58</ele>
      </trkpt>
      <trkpt lat="44.224986006" lon="6.962572996">
        <ele>1054.34</ele>
      </trkpt>
      <trkpt lat="44.224944998" lon="6.962722998">
        <ele>1054.37</ele>
      </trkpt>
      <trkpt lat="44.224882001" lon="6.962874997">
        <ele>1054.95</ele>
      </trkpt>
      <trkpt lat="44.224803997" lon="6.963025998">
        <ele>1055.74</ele>
      </trkpt>
      <trkpt lat="44.224723995" lon="6.963141992">
        <ele>1055.29</ele>
      </trkpt>
      <trkpt lat="44.224622994" lon="6.963257008">
        <ele>1056.72</ele>
      </trkpt>
      <trkpt lat="44.224508999" lon="6.963358996">
        <ele>1056.46</ele>
      </trkpt>
      <trkpt lat="44.224391003" lon="6.963438997">
        <ele>1054.82</ele>
      </trkpt>
      <trkpt lat="44.224147999" lon="6.963603008">
        <ele>1053.87</ele>
      </trkpt>
      <trkpt lat="44.223952998" lon="6.963735004">
        <ele>1055.97</ele>
      </trkpt>
      <trkpt lat="44.223625002" lon="6.963967005">
        <ele>1052.96</ele>
      </trkpt>
      <trkpt lat="44.223274004" lon="6.964223">
        <ele>1057.41</ele>
      </trkpt>
      <trkpt lat="44.222893001" lon="6.964515997">
        <ele>1059.55</ele>
      </trkpt>
      <trkpt lat="44.222673996" lon="6.964678994">
        <ele>1063</ele>
      </trkpt>
      <trkpt lat="44.222453999" lon="6.964841996">
        <ele>1059.79</ele>
      </trkpt>
      <trkpt lat="44.222093003" lon="6.965111995">
        <ele>1061.87</ele>
      </trkpt>
      <trkpt lat="44.221730997" lon="6.965382998">
        <ele>1056.44</ele>
      </trkpt>
      <trkpt lat="44.221368999" lon="6.965652996">
        <ele>1055.37</ele>
      </trkpt>
      <trkpt lat="44.221081005" lon="6.965877006">
        <ele>1050.6</ele>
      </trkpt>
      <trkpt lat="44.220793002" lon="6.966102004">
        <ele>1051.33</ele>
      </trkpt>
      <trkpt lat="44.220579996" lon="6.966267">
        <ele>1050.11</ele>
      </trkpt>
      <trkpt lat="44.220366999" lon="6.966431996">
        <ele>1051.12</ele>
      </trkpt>
      <trkpt lat="44.220354002" lon="6.966443005">
        <ele>1049.33</ele>
      </trkpt>
      <trkpt lat="44.220225998" lon="6.966546005">
        <ele>1051.41</ele>
      </trkpt>
      <trkpt lat="44.220127996" lon="6.966648997">
        <ele>1051.13</ele>
      </trkpt>
      <trkpt lat="44.220024997" lon="6.966787004">
        <ele>1053.19</ele>
      </trkpt>
      <trkpt lat="44.219854997" lon="6.967031999">
        <ele>1051.44</ele>
      </trkpt>
      <trkpt lat="44.219685997" lon="6.967278002">
        <ele>1054.92</ele>
      </trkpt>
      <trkpt lat="44.219514004" lon="6.967523994">
        <ele>1056.22</ele>
      </trkpt>
      <trkpt lat="44.219455" lon="6.967608995">
        <ele>1055.34</ele>
      </trkpt>
      <trkpt lat="44.219374995" lon="6.967704006">
        <ele>1052.02</ele>
      </trkpt>
      <trkpt lat="44.219251997" lon="6.967830999">
        <ele>1054.55</ele>
      </trkpt>
      <trkpt lat="44.219067002" lon="6.967973995">
        <ele>1055.06</ele>
      </trkpt>
      <trkpt lat="44.218899997" lon="6.968094">
        <ele>1055.97</ele>
      </trkpt>
      <trkpt lat="44.218815003" lon="6.96816">
        <ele>1055.72</ele>
      </trkpt>
      <trkpt lat="44.218759002" lon="6.968222">
        <ele>1060.73</ele>
      </trkpt>
      <trkpt lat="44.218717998" lon="6.968271001">
        <ele>1057.67</ele>
      </trkpt>
      <trkpt lat="44.218505001" lon="6.968553005">
        <ele>1053.3</ele>
      </trkpt>
      <trkpt lat="44.218412999" lon="6.968661999">
        <ele>1050.71</ele>
      </trkpt>
      <trkpt lat="44.218284998" lon="6.968786006">
        <ele>1054.76</ele>
      </trkpt>
      <trkpt lat="44.218006996" lon="6.969051002">
        <ele>1049.35</ele>
      </trkpt>
      <trkpt lat="44.217796997" lon="6.969273008">
        <ele>1049.07</ele>
      </trkpt>
      <trkpt lat="44.217505997" lon="6.969613005">
        <ele>1054.33</ele>
      </trkpt>
      <trkpt lat="44.217360999" lon="6.969796998">
        <ele>1051.67</ele>
      </trkpt>
      <trkpt lat="44.217114005" lon="6.970135997">
        <ele>1047.74</ele>
      </trkpt>
      <trkpt lat="44.21699" lon="6.970291004">
        <ele>1049.04</ele>
      </trkpt>
      <trkpt lat="44.216950006" lon="6.970329998">
        <ele>1048.19</ele>
      </trkpt>
      <trkpt lat="44.216819001" lon="6.970464001">
        <ele>1047.84</ele>
      </trkpt>
      <trkpt lat="44.216465996" lon="6.970778996">
        <ele>1049.27</ele>
      </trkpt>
      <trkpt lat="44.216250003" lon="6.970919995">
        <ele>1048.06</ele>
      </trkpt>
      <trkpt lat="44.216108995" lon="6.970982995">
        <ele>1048.43</ele>
      </trkpt>
      <trkpt lat="44.215936004" lon="6.971037003">
        <ele>1047.58</ele>
      </trkpt>
      <trkpt lat="44.215739996" lon="6.971085001">
        <ele>1042.7</ele>
      </trkpt>
      <trkpt lat="44.215649995" lon="6.971109002">
        <ele>1038.72</ele>
      </trkpt>
      <trkpt lat="44.215431" lon="6.971195992">
        <ele>1037.25</ele>
      </trkpt>
      <trkpt lat="44.215260004" lon="6.971284009">
        <ele>1033.16</ele>
      </trkpt>
      <trkpt lat="44.215062998" lon="6.971435003">
        <ele>1032.77</ele>
      </trkpt>
      <trkpt lat="44.214893001" lon="6.971590004">
        <ele>1028.82</ele>
      </trkpt>
      <trkpt lat="44.214718995" lon="6.971793994">
        <ele>1027.89</ele>
      </trkpt>
      <trkpt lat="44.214510002" lon="6.972056998">
        <ele>1027.9</ele>
      </trkpt>
      <trkpt lat="44.214301999" lon="6.972319994">
        <ele>1026.5</ele>
      </trkpt>
      <trkpt lat="44.214064996" lon="6.972625004">
        <ele>1025.29</ele>
      </trkpt>
      <trkpt lat="44.213829002" lon="6.972930996">
        <ele>1026.72</ele>
      </trkpt>
      <trkpt lat="44.213603995" lon="6.973221992">
        <ele>1028.74</ele>
      </trkpt>
      <trkpt lat="44.213379997" lon="6.973512003">
        <ele>1030.56</ele>
      </trkpt>
      <trkpt lat="44.213312002" lon="6.973599003">
        <ele>1036.44</ele>
      </trkpt>
      <trkpt lat="44.213199001" lon="6.973724992">
        <ele>1038.32</ele>
      </trkpt>
      <trkpt lat="44.213004995" lon="6.973912996">
        <ele>1042.65</ele>
      </trkpt>
      <trkpt lat="44.212794005" lon="6.974072995">
        <ele>1043.94</ele>
      </trkpt>
      <trkpt lat="44.212473004" lon="6.974263004">
        <ele>1041.46</ele>
      </trkpt>
      <trkpt lat="44.212165996" lon="6.974425999">
        <ele>1035.36</ele>
      </trkpt>
      <trkpt lat="44.211858996" lon="6.974589005">
        <ele>1033.28</ele>
      </trkpt>
      <trkpt lat="44.211462996" lon="6.974817999">
        <ele>1026.36</ele>
      </trkpt>
      <trkpt lat="44.21138" lon="6.974867004">
        <ele>1021.99</ele>
      </trkpt>
      <trkpt lat="44.211123999" lon="6.975039993">
        <ele>1019.6</ele>
      </trkpt>
      <trkpt lat="44.210891004" lon="6.975223">
        <ele>1018.31</ele>
      </trkpt>
      <trkpt lat="44.210649" lon="6.975429006">
        <ele>1016.36</ele>
      </trkpt>
      <trkpt lat="44.210483998" lon="6.975592001">
        <ele>1016.01</ele>
      </trkpt>
      <trkpt lat="44.210365997" lon="6.975739995">
        <ele>1015.22</ele>
      </trkpt>
      <trkpt lat="44.210201" lon="6.975961003">
        <ele>1015.2</ele>
      </trkpt>
      <trkpt lat="44.210119" lon="6.976081997">
        <ele>1015.06</ele>
      </trkpt>
      <trkpt lat="44.210034999" lon="6.976199994">
        <ele>1015.24</ele>
      </trkpt>
      <trkpt lat="44.210024001" lon="6.976216001">
        <ele>1015.06</ele>
      </trkpt>
      <trkpt lat="44.209948999" lon="6.976310997">
        <ele>1014.99</ele>
      </trkpt>
      <trkpt lat="44.209856999" lon="6.976408999">
        <ele>1014.91</ele>
      </trkpt>
      <trkpt lat="44.209776999" lon="6.976483998">
        <ele>1014.68</ele>
      </trkpt>
      <trkpt lat="44.209760999" lon="6.976499002">
        <ele>1014.02</ele>
      </trkpt>
      <trkpt lat="44.209661999" lon="6.976582004">
        <ele>1013.2</ele>
      </trkpt>
      <trkpt lat="44.209559998" lon="6.976667">
        <ele>1012.85</ele>
      </trkpt>
      <trkpt lat="44.209457997" lon="6.976755993">
        <ele>1012.51</ele>
      </trkpt>
      <trkpt lat="44.209356001" lon="6.976853005">
        <ele>1011.85</ele>
      </trkpt>
      <trkpt lat="44.209343994" lon="6.976866998">
        <ele>1011.57</ele>
      </trkpt>
      <trkpt lat="44.209257005" lon="6.976961002">
        <ele>1011.53</ele>
      </trkpt>
      <trkpt lat="44.209159998" lon="6.977081004">
        <ele>1011</ele>
      </trkpt>
      <trkpt lat="44.209061997" lon="6.977213002">
        <ele>1010.46</ele>
      </trkpt>
      <trkpt lat="44.208963001" lon="6.977360003">
        <ele>1010.69</ele>
      </trkpt>
      <trkpt lat="44.208862001" lon="6.977524003">
        <ele>1010.47</ele>
      </trkpt>
      <trkpt lat="44.208759999" lon="6.977692005">
        <ele>1010.5</ele>
      </trkpt>
      <trkpt lat="44.208655004" lon="6.977865998">
        <ele>1010.26</ele>
      </trkpt>
      <trkpt lat="44.208546997" lon="6.978045005">
        <ele>1010.18</ele>
      </trkpt>
      <trkpt lat="44.208437998" lon="6.978226999">
        <ele>1011.32</ele>
      </trkpt>
      <trkpt lat="44.208327997" lon="6.978409999">
        <ele>1011.61</ele>
      </trkpt>
      <trkpt lat="44.208218998" lon="6.978587004">
        <ele>1013.17</ele>
      </trkpt>
      <trkpt lat="44.208108" lon="6.978757993">
        <ele>1014.1</ele>
      </trkpt>
      <trkpt lat="44.207989002" lon="6.978911003">
        <ele>1015.24</ele>
      </trkpt>
      <trkpt lat="44.207864997" lon="6.979046999">
        <ele>1015.44</ele>
      </trkpt>
      <trkpt lat="44.207736002" lon="6.979171003">
        <ele>1017.73</ele>
      </trkpt>
      <trkpt lat="44.207606999" lon="6.979288003">
        <ele>1018.76</ele>
      </trkpt>
      <trkpt lat="44.207485999" lon="6.979406002">
        <ele>1020.72</ele>
      </trkpt>
      <trkpt lat="44.207384002" lon="6.979539992">
        <ele>1022.1</ele>
      </trkpt>
      <trkpt lat="44.207242002" lon="6.979737996">
        <ele>1021.24</ele>
      </trkpt>
      <trkpt lat="44.207141004" lon="6.979913">
        <ele>1020.24</ele>
      </trkpt>
      <trkpt lat="44.207062997" lon="6.980088001">
        <ele>1019.12</ele>
      </trkpt>
      <trkpt lat="44.206984997" lon="6.980307994">
        <ele>1017.47</ele>
      </trkpt>
      <trkpt lat="44.206932001" lon="6.980546992">
        <ele>1016.12</ele>
      </trkpt>
      <trkpt lat="44.206897999" lon="6.980758995">
        <ele>1015.63</ele>
      </trkpt>
      <trkpt lat="44.206872002" lon="6.981001002">
        <ele>1014.42</ele>
      </trkpt>
      <trkpt lat="44.206858003" lon="6.981342004">
        <ele>1012.64</ele>
      </trkpt>
      <trkpt lat="44.206844002" lon="6.981683996">
        <ele>1010.95</ele>
      </trkpt>
      <trkpt lat="44.206837" lon="6.981894998">
        <ele>1008.94</ele>
      </trkpt>
      <trkpt lat="44.206814994" lon="6.982482">
        <ele>1007.36</ele>
      </trkpt>
      <trkpt lat="44.206807999" lon="6.982555995">
        <ele>1005.69</ele>
      </trkpt>
      <trkpt lat="44.206781996" lon="6.982838997">
        <ele>1005.16</ele>
      </trkpt>
      <trkpt lat="44.20675" lon="6.983017998">
        <ele>1004.73</ele>
      </trkpt>
      <trkpt lat="44.206688004" lon="6.983220993">
        <ele>1004.72</ele>
      </trkpt>
      <trkpt lat="44.206595005" lon="6.983424003">
        <ele>1005.34</ele>
      </trkpt>
      <trkpt lat="44.206475999" lon="6.983617005">
        <ele>1006.2</ele>
      </trkpt>
      <trkpt lat="44.206321" lon="6.983830997">
        <ele>1007.27</ele>
      </trkpt>
      <trkpt lat="44.20614" lon="6.984041008">
        <ele>1008.56</ele>
      </trkpt>
      <trkpt lat="44.205959001" lon="6.984251005">
        <ele>1010.41</ele>
      </trkpt>
      <trkpt lat="44.205840999" lon="6.984392003">
        <ele>1011.39</ele>
      </trkpt>
      <trkpt lat="44.205698" lon="6.984584996">
        <ele>1013.25</ele>
      </trkpt>
      <trkpt lat="44.205664001" lon="6.984633">
        <ele>1010.65</ele>
      </trkpt>
      <trkpt lat="44.205506003" lon="6.98483">
        <ele>1009.43</ele>
      </trkpt>
      <trkpt lat="44.205350999" lon="6.984989998">
        <ele>1009.27</ele>
      </trkpt>
      <trkpt lat="44.205085998" lon="6.985245997">
        <ele>1009.7</ele>
      </trkpt>
      <trkpt lat="44.204925997" lon="6.985418997">
        <ele>1008.23</ele>
      </trkpt>
      <trkpt lat="44.204785001" lon="6.985596">
        <ele>1008.63</ele>
      </trkpt>
      <trkpt lat="44.204675002" lon="6.985760996">
        <ele>1007.05</ele>
      </trkpt>
      <trkpt lat="44.204575998" lon="6.985956996">
        <ele>1005.74</ele>
      </trkpt>
      <trkpt lat="44.204433001" lon="6.986313994">
        <ele>1002.21</ele>
      </trkpt>
      <trkpt lat="44.20421" lon="6.986850005">
        <ele>1003.2</ele>
      </trkpt>
      <trkpt lat="44.203980003" lon="6.987386998">
        <ele>1005.21</ele>
      </trkpt>
      <trkpt lat="44.203858001" lon="6.987657">
        <ele>1006.76</ele>
      </trkpt>
      <trkpt lat="44.203759004" lon="6.987847995">
        <ele>1006.49</ele>
      </trkpt>
      <trkpt lat="44.203544998" lon="6.988215992">
        <ele>1008.37</ele>
      </trkpt>
      <trkpt lat="44.203318005" lon="6.988606001">
        <ele>1006.1</ele>
      </trkpt>
      <trkpt lat="44.203109002" lon="6.988961001">
        <ele>1004.64</ele>
      </trkpt>
      <trkpt lat="44.202957004" lon="6.989198004">
        <ele>1005.14</ele>
      </trkpt>
      <trkpt lat="44.202794999" lon="6.989414997">
        <ele>1005.51</ele>
      </trkpt>
      <trkpt lat="44.202674003" lon="6.989567005">
        <ele>1003.76</ele>
      </trkpt>
      <trkpt lat="44.202501999" lon="6.989738002">
        <ele>1002.76</ele>
      </trkpt>
      <trkpt lat="44.202312004" lon="6.989917995">
        <ele>1001.73</ele>
      </trkpt>
      <trkpt lat="44.202121999" lon="6.990097998">
        <ele>1000.08</ele>
      </trkpt>
      <trkpt lat="44.201969002" lon="6.990266996">
        <ele>997.84</ele>
      </trkpt>
      <trkpt lat="44.201857999" lon="6.990419001">
        <ele>999.86</ele>
      </trkpt>
      <trkpt lat="44.201709999" lon="6.990681997">
        <ele>998.44</ele>
      </trkpt>
      <trkpt lat="44.201581001" lon="6.990985002">
        <ele>997.6</ele>
      </trkpt>
      <trkpt lat="44.201496003" lon="6.991227006">
        <ele>996.06</ele>
      </trkpt>
      <trkpt lat="44.20143" lon="6.991504998">
        <ele>994.72</ele>
      </trkpt>
      <trkpt lat="44.201388996" lon="6.991759002">
        <ele>991.33</ele>
      </trkpt>
      <trkpt lat="44.201361997" lon="6.992138996">
        <ele>991.39</ele>
      </trkpt>
      <trkpt lat="44.201348003" lon="6.992465997">
        <ele>990.12</ele>
      </trkpt>
      <trkpt lat="44.201333998" lon="6.992792997">
        <ele>989.45</ele>
      </trkpt>
      <trkpt lat="44.201315995" lon="6.993233996">
        <ele>989.13</ele>
      </trkpt>
      <trkpt lat="44.201299" lon="6.993599998">
        <ele>987.97</ele>
      </trkpt>
      <trkpt lat="44.201277002" lon="6.993917001">
        <ele>986.62</ele>
      </trkpt>
      <trkpt lat="44.201247005" lon="6.994195005">
        <ele>985.53</ele>
      </trkpt>
      <trkpt lat="44.201203994" lon="6.994422996">
        <ele>985.47</ele>
      </trkpt>
      <trkpt lat="44.201130004" lon="6.994683997">
        <ele>985.32</ele>
      </trkpt>
      <trkpt lat="44.201008006" lon="6.994963003">
        <ele>984.55</ele>
      </trkpt>
      <trkpt lat="44.200882997" lon="6.995195994">
        <ele>984.85</ele>
      </trkpt>
      <trkpt lat="44.200690002" lon="6.995487001">
        <ele>985.28</ele>
      </trkpt>
      <trkpt lat="44.200514997" lon="6.995772995">
        <ele>983.01</ele>
      </trkpt>
      <trkpt lat="44.200507999" lon="6.995785995">
        <ele>981.28</ele>
      </trkpt>
      <trkpt lat="44.200405997" lon="6.995993003">
        <ele>982.08</ele>
      </trkpt>
      <trkpt lat="44.200305001" lon="6.996256006">
        <ele>980.89</ele>
      </trkpt>
      <trkpt lat="44.200230002" lon="6.996502999">
        <ele>978.88</ele>
      </trkpt>
      <trkpt lat="44.200174002" lon="6.996746005">
        <ele>978.7</ele>
      </trkpt>
      <trkpt lat="44.200117998" lon="6.997137001">
        <ele>978.27</ele>
      </trkpt>
      <trkpt lat="44.200073001" lon="6.997493005">
        <ele>977.05</ele>
      </trkpt>
      <trkpt lat="44.200029003" lon="6.997849003">
        <ele>978.35</ele>
      </trkpt>
      <trkpt lat="44.199961001" lon="6.998257994">
        <ele>977.8</ele>
      </trkpt>
      <trkpt lat="44.199889998" lon="6.998573003">
        <ele>977.9</ele>
      </trkpt>
      <trkpt lat="44.199802997" lon="6.998844">
        <ele>977.21</ele>
      </trkpt>
      <trkpt lat="44.199701003" lon="6.999126005">
        <ele>976.23</ele>
      </trkpt>
      <trkpt lat="44.199579003" lon="6.999383999">
        <ele>973.41</ele>
      </trkpt>
      <trkpt lat="44.199397996" lon="6.999708002">
        <ele>973.17</ele>
      </trkpt>
      <trkpt lat="44.199135996" lon="7.000109991">
        <ele>973.79</ele>
      </trkpt>
      <trkpt lat="44.198876997" lon="7.000509996">
        <ele>973.04</ele>
      </trkpt>
      <trkpt lat="44.198783998" lon="7.000655">
        <ele>973.83</ele>
      </trkpt>
      <trkpt lat="44.198601004" lon="7.000958998">
        <ele>972.91</ele>
      </trkpt>
      <trkpt lat="44.198488001" lon="7.001178006">
        <ele>973.05</ele>
      </trkpt>
      <trkpt lat="44.198409002" lon="7.001355">
        <ele>971.09</ele>
      </trkpt>
      <trkpt lat="44.198356001" lon="7.001475999">
        <ele>972.13</ele>
      </trkpt>
      <trkpt lat="44.198271999" lon="7.001715991">
        <ele>969.51</ele>
      </trkpt>
      <trkpt lat="44.198207999" lon="7.001945003">
        <ele>968.9</ele>
      </trkpt>
      <trkpt lat="44.198154001" lon="7.002219994">
        <ele>968.51</ele>
      </trkpt>
      <trkpt lat="44.198093004" lon="7.002625002">
        <ele>970.54</ele>
      </trkpt>
      <trkpt lat="44.198014996" lon="7.003214002">
        <ele>970.02</ele>
      </trkpt>
      <trkpt lat="44.197967999" lon="7.003544004">
        <ele>969.6</ele>
      </trkpt>
      <trkpt lat="44.197920002" lon="7.003792996">
        <ele>970.03</ele>
      </trkpt>
      <trkpt lat="44.197909004" lon="7.003837995">
        <ele>970.37</ele>
      </trkpt>
      <trkpt lat="44.197836994" lon="7.004092997">
        <ele>966.69</ele>
      </trkpt>
      <trkpt lat="44.197723003" lon="7.004426">
        <ele>965.29</ele>
      </trkpt>
      <trkpt lat="44.197607001" lon="7.004701999">
        <ele>964.58</ele>
      </trkpt>
      <trkpt lat="44.197480001" lon="7.004943998">
        <ele>964.3</ele>
      </trkpt>
      <trkpt lat="44.197329002" lon="7.005180995">
        <ele>962.98</ele>
      </trkpt>
      <trkpt lat="44.197248002" lon="7.005288">
        <ele>962.63</ele>
      </trkpt>
      <trkpt lat="44.197217997" lon="7.005330004">
        <ele>962.36</ele>
      </trkpt>
      <trkpt lat="44.197075004" lon="7.005522992">
        <ele>962.25</ele>
      </trkpt>
      <trkpt lat="44.196853001" lon="7.005804996">
        <ele>960.85</ele>
      </trkpt>
      <trkpt lat="44.196718" lon="7.005980006">
        <ele>959.76</ele>
      </trkpt>
      <trkpt lat="44.196695996" lon="7.006007002">
        <ele>960.16</ele>
      </trkpt>
      <trkpt lat="44.196382001" lon="7.006401004">
        <ele>959.91</ele>
      </trkpt>
      <trkpt lat="44.196067996" lon="7.006793998">
        <ele>961.16</ele>
      </trkpt>
      <trkpt lat="44.195940996" lon="7.006933991">
        <ele>962.63</ele>
      </trkpt>
      <trkpt lat="44.195909558" lon="7.006967123">
        <ele>964.53</ele>
      </trkpt>
      <trkpt lat="44.195885" lon="7.006992999">
        <ele>963.52</ele>
      </trkpt>
      <trkpt lat="44.195781997" lon="7.007084001">
        <ele>962.66</ele>
      </trkpt>
      <trkpt lat="44.195664999" lon="7.007188008">
        <ele>960.6</ele>
      </trkpt>
      <trkpt lat="44.195410006" lon="7.007397006">
        <ele>958.52</ele>
      </trkpt>
      <trkpt lat="44.195078001" lon="7.007677003">
        <ele>955.8</ele>
      </trkpt>
      <trkpt lat="44.194858996" lon="7.007898997">
        <ele>958.18</ele>
      </trkpt>
      <trkpt lat="44.194735004" lon="7.008076001">
        <ele>957.68</ele>
      </trkpt>
      <trkpt lat="44.194633002" lon="7.008253004">
        <ele>958.3</ele>
      </trkpt>
      <trkpt lat="44.194563002" lon="7.008414002">
        <ele>958.93</ele>
      </trkpt>
      <trkpt lat="44.194507997" lon="7.008614992">
        <ele>959.83</ele>
      </trkpt>
      <trkpt lat="44.194407997" lon="7.009088991">
        <ele>957.02</ele>
      </trkpt>
      <trkpt lat="44.194315005" lon="7.009531992">
        <ele>956.67</ele>
      </trkpt>
      <trkpt lat="44.194301999" lon="7.009586993">
        <ele>956.15</ele>
      </trkpt>
      <trkpt lat="44.194292999" lon="7.009632004">
        <ele>955.18</ele>
      </trkpt>
      <trkpt lat="44.194286994" lon="7.009655005">
        <ele>956.34</ele>
      </trkpt>
      <trkpt lat="44.194199995" lon="7.010040003">
        <ele>958.27</ele>
      </trkpt>
      <trkpt lat="44.194123997" lon="7.010275008">
        <ele>960.44</ele>
      </trkpt>
      <trkpt lat="44.194034996" lon="7.010469997">
        <ele>962.93</ele>
      </trkpt>
      <trkpt lat="44.193926001" lon="7.010655005">
        <ele>965.04</ele>
      </trkpt>
      <trkpt lat="44.193768999" lon="7.010888004">
        <ele>960.65</ele>
      </trkpt>
      <trkpt lat="44.193612004" lon="7.011121002">
        <ele>959.73</ele>
      </trkpt>
      <trkpt lat="44.193429" lon="7.011403006">
        <ele>955.28</ele>
      </trkpt>
      <trkpt lat="44.193354" lon="7.011519">
        <ele>952.15</ele>
      </trkpt>
      <trkpt lat="44.193186998" lon="7.011806992">
        <ele>949.14</ele>
      </trkpt>
      <trkpt lat="44.193019995" lon="7.012094996">
        <ele>949.88</ele>
      </trkpt>
      <trkpt lat="44.192753995" lon="7.012588008">
        <ele>947.17</ele>
      </trkpt>
      <trkpt lat="44.192684994" lon="7.012707003">
        <ele>946.93</ele>
      </trkpt>
      <trkpt lat="44.192562002" lon="7.012919999">
        <ele>950.35</ele>
      </trkpt>
      <trkpt lat="44.192466001" lon="7.013100004">
        <ele>948.6</ele>
      </trkpt>
      <trkpt lat="44.192386001" lon="7.013241006">
        <ele>951.28</ele>
      </trkpt>
      <trkpt lat="44.192325003" lon="7.013374996">
        <ele>952.68</ele>
      </trkpt>
      <trkpt lat="44.192233" lon="7.013577992">
        <ele>953.63</ele>
      </trkpt>
      <trkpt lat="44.192137" lon="7.013803002">
        <ele>948.73</ele>
      </trkpt>
      <trkpt lat="44.192041998" lon="7.014016996">
        <ele>954.65</ele>
      </trkpt>
      <trkpt lat="44.191940004" lon="7.014259004">
        <ele>949.84</ele>
      </trkpt>
      <trkpt lat="44.191842997" lon="7.014478003">
        <ele>950.8</ele>
      </trkpt>
      <trkpt lat="44.191731002" lon="7.014745006">
        <ele>951.81</ele>
      </trkpt>
      <trkpt lat="44.191628" lon="7.014981003">
        <ele>952.36</ele>
      </trkpt>
      <trkpt lat="44.191551998" lon="7.015155001">
        <ele>946.94</ele>
      </trkpt>
      <trkpt lat="44.191468002" lon="7.015344003">
        <ele>951.94</ele>
      </trkpt>
      <trkpt lat="44.191389005" lon="7.015554001">
        <ele>948.26</ele>
      </trkpt>
      <trkpt lat="44.191305004" lon="7.015768003">
        <ele>947.8</ele>
      </trkpt>
      <trkpt lat="44.191222994" lon="7.015981006">
        <ele>947.45</ele>
      </trkpt>
      <trkpt lat="44.191134002" lon="7.016219995">
        <ele>954.1</ele>
      </trkpt>
      <trkpt lat="44.191074001" lon="7.016383999">
        <ele>949.6</ele>
      </trkpt>
      <trkpt lat="44.191020998" lon="7.016509993">
        <ele>949.8</ele>
      </trkpt>
      <trkpt lat="44.190969998" lon="7.016630992">
        <ele>947.79</ele>
      </trkpt>
      <trkpt lat="44.190920001" lon="7.016731996">
        <ele>952.24</ele>
      </trkpt>
      <trkpt lat="44.190867998" lon="7.016825004">
        <ele>950.06</ele>
      </trkpt>
      <trkpt lat="44.190814004" lon="7.016918999">
        <ele>949.48</ele>
      </trkpt>
      <trkpt lat="44.190754999" lon="7.017010998">
        <ele>948.77</ele>
      </trkpt>
      <trkpt lat="44.190665004" lon="7.017143992">
        <ele>947.79</ele>
      </trkpt>
      <trkpt lat="44.190641001" lon="7.017179997">
        <ele>946.15</ele>
      </trkpt>
      <trkpt lat="44.190568001" lon="7.017284006">
        <ele>939.91</ele>
      </trkpt>
      <trkpt lat="44.190463999" lon="7.017433996">
        <ele>941.94</ele>
      </trkpt>
      <trkpt lat="44.190337002" lon="7.017621">
        <ele>943.29</ele>
      </trkpt>
      <trkpt lat="44.190247003" lon="7.017756999">
        <ele>942.29</ele>
      </trkpt>
      <trkpt lat="44.190162" lon="7.017889994">
        <ele>936.34</ele>
      </trkpt>
      <trkpt lat="44.190105999" lon="7.017990007">
        <ele>936.6</ele>
      </trkpt>
      <trkpt lat="44.190056006" lon="7.018083994">
        <ele>934.05</ele>
      </trkpt>
      <trkpt lat="44.190007" lon="7.018197002">
        <ele>931.98</ele>
      </trkpt>
      <trkpt lat="44.189956995" lon="7.018324006">
        <ele>933.46</ele>
      </trkpt>
      <trkpt lat="44.189903" lon="7.018462001">
        <ele>933.7</ele>
      </trkpt>
      <trkpt lat="44.189862999" lon="7.018588998">
        <ele>932.71</ele>
      </trkpt>
      <trkpt lat="44.189824997" lon="7.018717002">
        <ele>931.95</ele>
      </trkpt>
      <trkpt lat="44.189790996" lon="7.018861998">
        <ele>931.61</ele>
      </trkpt>
      <trkpt lat="44.189759002" lon="7.019010004">
        <ele>930.64</ele>
      </trkpt>
      <trkpt lat="44.189736002" lon="7.019144993">
        <ele>930.2</ele>
      </trkpt>
      <trkpt lat="44.189719999" lon="7.019287994">
        <ele>930.26</ele>
      </trkpt>
      <trkpt lat="44.189710001" lon="7.019426998">
        <ele>930.74</ele>
      </trkpt>
      <trkpt lat="44.189698999" lon="7.019615007">
        <ele>930.58</ele>
      </trkpt>
      <trkpt lat="44.189694001" lon="7.019830997">
        <ele>929.97</ele>
      </trkpt>
      <trkpt lat="44.189692997" lon="7.020160002">
        <ele>929.58</ele>
      </trkpt>
      <trkpt lat="44.189688001" lon="7.020576003">
        <ele>928.05</ele>
      </trkpt>
      <trkpt lat="44.189689997" lon="7.020989994">
        <ele>926.4</ele>
      </trkpt>
      <trkpt lat="44.189685996" lon="7.021177998">
        <ele>924.47</ele>
      </trkpt>
      <trkpt lat="44.189687" lon="7.021474002">
        <ele>922.64</ele>
      </trkpt>
      <trkpt lat="44.189684995" lon="7.021739994">
        <ele>920.97</ele>
      </trkpt>
      <trkpt lat="44.189678001" lon="7.021969997">
        <ele>920.25</ele>
      </trkpt>
      <trkpt lat="44.189667996" lon="7.022185006">
        <ele>918.73</ele>
      </trkpt>
      <trkpt lat="44.189650002" lon="7.022406001">
        <ele>918.8</ele>
      </trkpt>
      <trkpt lat="44.189632994" lon="7.022592995">
        <ele>918.84</ele>
      </trkpt>
      <trkpt lat="44.189605001" lon="7.022790997">
        <ele>918.02</ele>
      </trkpt>
      <trkpt lat="44.189590002" lon="7.022865">
        <ele>917.29</ele>
      </trkpt>
      <trkpt lat="44.189566996" lon="7.022988001">
        <ele>916.59</ele>
      </trkpt>
      <trkpt lat="44.189516997" lon="7.023222997">
        <ele>916.27</ele>
      </trkpt>
      <trkpt lat="44.189465003" lon="7.023447004">
        <ele>914.8</ele>
      </trkpt>
      <trkpt lat="44.189406001" lon="7.023708993">
        <ele>914.3</ele>
      </trkpt>
      <trkpt lat="44.189333999" lon="7.024002001">
        <ele>913.32</ele>
      </trkpt>
      <trkpt lat="44.189283997" lon="7.024224995">
        <ele>913.24</ele>
      </trkpt>
      <trkpt lat="44.189243001" lon="7.024427999">
        <ele>911.68</ele>
      </trkpt>
      <trkpt lat="44.189216003" lon="7.024602997">
        <ele>911.31</ele>
      </trkpt>
      <trkpt lat="44.189194999" lon="7.024747006">
        <ele>911.44</ele>
      </trkpt>
      <trkpt lat="44.189183001" lon="7.024845997">
        <ele>911.45</ele>
      </trkpt>
      <trkpt lat="44.189177002" lon="7.024991996">
        <ele>910.97</ele>
      </trkpt>
      <trkpt lat="44.189182003" lon="7.025157001">
        <ele>910.52</ele>
      </trkpt>
      <trkpt lat="44.189194999" lon="7.025307003">
        <ele>910.03</ele>
      </trkpt>
      <trkpt lat="44.189222006" lon="7.025490001">
        <ele>909.3</ele>
      </trkpt>
      <trkpt lat="44.189255001" lon="7.025666999">
        <ele>908.93</ele>
      </trkpt>
      <trkpt lat="44.189289997" lon="7.025802002">
        <ele>908.49</ele>
      </trkpt>
      <trkpt lat="44.189342006" lon="7.025981">
        <ele>907.98</ele>
      </trkpt>
      <trkpt lat="44.189423996" lon="7.026206003">
        <ele>907.38</ele>
      </trkpt>
      <trkpt lat="44.189558006" lon="7.026565001">
        <ele>906.65</ele>
      </trkpt>
      <trkpt lat="44.189705" lon="7.026940003">
        <ele>905.7</ele>
      </trkpt>
      <trkpt lat="44.189870002" lon="7.027379002">
        <ele>904.55</ele>
      </trkpt>
      <trkpt lat="44.190014997" lon="7.027761006">
        <ele>904.64</ele>
      </trkpt>
      <trkpt lat="44.190098999" lon="7.028005008">
        <ele>904.41</ele>
      </trkpt>
      <trkpt lat="44.190161995" lon="7.028217997">
        <ele>904.33</ele>
      </trkpt>
      <trkpt lat="44.190216005" lon="7.028444001">
        <ele>903.67</ele>
      </trkpt>
      <trkpt lat="44.190275004" lon="7.028674995">
        <ele>903.41</ele>
      </trkpt>
      <trkpt lat="44.190346006" lon="7.028973003">
        <ele>904.15</ele>
      </trkpt>
      <trkpt lat="44.190411002" lon="7.029249004">
        <ele>904.61</ele>
      </trkpt>
      <trkpt lat="44.190468998" lon="7.029506008">
        <ele>904.49</ele>
      </trkpt>
      <trkpt lat="44.190498001" lon="7.029661008">
        <ele>904.61</ele>
      </trkpt>
      <trkpt lat="44.190508999" lon="7.029747003">
        <ele>905.16</ele>
      </trkpt>
      <trkpt lat="44.190521994" lon="7.029826">
        <ele>902.63</ele>
      </trkpt>
      <trkpt lat="44.190541997" lon="7.030050997">
        <ele>901.22</ele>
      </trkpt>
      <trkpt lat="44.190555002" lon="7.030280996">
        <ele>900.1</ele>
      </trkpt>
      <trkpt lat="44.190569003" lon="7.030580998">
        <ele>900.17</ele>
      </trkpt>
      <trkpt lat="44.190569005" lon="7.030640998">
        <ele>898.82</ele>
      </trkpt>
      <trkpt lat="44.190575006" lon="7.030821999">
        <ele>899</ele>
      </trkpt>
      <trkpt lat="44.190573001" lon="7.031068005">
        <ele>899.19</ele>
      </trkpt>
      <trkpt lat="44.190555995" lon="7.031306996">
        <ele>899.29</ele>
      </trkpt>
      <trkpt lat="44.190531998" lon="7.031641001">
        <ele>899.68</ele>
      </trkpt>
      <trkpt lat="44.190521994" lon="7.031742001">
        <ele>899.99</ele>
      </trkpt>
      <trkpt lat="44.190501002" lon="7.031968997">
        <ele>899.66</ele>
      </trkpt>
      <trkpt lat="44.190475003" lon="7.032216004">
        <ele>903.86</ele>
      </trkpt>
      <trkpt lat="44.190465003" lon="7.032285001">
        <ele>902.83</ele>
      </trkpt>
      <trkpt lat="44.190440998" lon="7.032464998">
        <ele>901.36</ele>
      </trkpt>
      <trkpt lat="44.190397004" lon="7.032779995">
        <ele>902.34</ele>
      </trkpt>
      <trkpt lat="44.190362006" lon="7.033029995">
        <ele>902.28</ele>
      </trkpt>
      <trkpt lat="44.190321002" lon="7.033283">
        <ele>899.86</ele>
      </trkpt>
      <trkpt lat="44.190270999" lon="7.033518004">
        <ele>900.62</ele>
      </trkpt>
      <trkpt lat="44.190213006" lon="7.033759003">
        <ele>900.05</ele>
      </trkpt>
      <trkpt lat="44.190139995" lon="7.034027006">
        <ele>899.33</ele>
      </trkpt>
      <trkpt lat="44.190077002" lon="7.034275002">
        <ele>898.81</ele>
      </trkpt>
      <trkpt lat="44.190001997" lon="7.034569003">
        <ele>898.26</ele>
      </trkpt>
      <trkpt lat="44.189958001" lon="7.034769008">
        <ele>898.15</ele>
      </trkpt>
      <trkpt lat="44.189925999" lon="7.034960998">
        <ele>900.91</ele>
      </trkpt>
      <trkpt lat="44.1899" lon="7.035245003">
        <ele>899</ele>
      </trkpt>
      <trkpt lat="44.189872003" lon="7.035465999">
        <ele>898.46</ele>
      </trkpt>
      <trkpt lat="44.189828999" lon="7.035723004">
        <ele>896.15</ele>
      </trkpt>
      <trkpt lat="44.189776999" lon="7.036017999">
        <ele>898.58</ele>
      </trkpt>
      <trkpt lat="44.189718004" lon="7.036324007">
        <ele>896.9</ele>
      </trkpt>
      <trkpt lat="44.189661999" lon="7.036584007">
        <ele>897.23</ele>
      </trkpt>
      <trkpt lat="44.189592997" lon="7.036858001">
        <ele>896.86</ele>
      </trkpt>
      <trkpt lat="44.189519995" lon="7.037127">
        <ele>899.02</ele>
      </trkpt>
      <trkpt lat="44.189466" lon="7.037327005">
        <ele>895.17</ele>
      </trkpt>
      <trkpt lat="44.189338001" lon="7.037877992">
        <ele>892.7</ele>
      </trkpt>
      <trkpt lat="44.189244995" lon="7.038323005">
        <ele>892.54</ele>
      </trkpt>
      <trkpt lat="44.189176999" lon="7.038629007">
        <ele>892.1</ele>
      </trkpt>
      <trkpt lat="44.189131" lon="7.038835002">
        <ele>890.74</ele>
      </trkpt>
      <trkpt lat="44.189088003" lon="7.039015997">
        <ele>892.35</ele>
      </trkpt>
      <trkpt lat="44.189054004" lon="7.039180007">
        <ele>893.95</ele>
      </trkpt>
      <trkpt lat="44.189045" lon="7.039215002">
        <ele>892.74</ele>
      </trkpt>
      <trkpt lat="44.189029998" lon="7.039301001">
        <ele>892.4</ele>
      </trkpt>
      <trkpt lat="44.189015999" lon="7.039407">
        <ele>889.72</ele>
      </trkpt>
      <trkpt lat="44.189006004" lon="7.039590003">
        <ele>887.29</ele>
      </trkpt>
      <trkpt lat="44.188999002" lon="7.039804998">
        <ele>885.29</ele>
      </trkpt>
      <trkpt lat="44.188997998" lon="7.040036001">
        <ele>885.48</ele>
      </trkpt>
      <trkpt lat="44.188989998" lon="7.040224006">
        <ele>885.25</ele>
      </trkpt>
      <trkpt lat="44.188982002" lon="7.040350999">
        <ele>884.84</ele>
      </trkpt>
      <trkpt lat="44.188967" lon="7.040447006">
        <ele>885.83</ele>
      </trkpt>
      <trkpt lat="44.188943001" lon="7.040579999">
        <ele>888.76</ele>
      </trkpt>
      <trkpt lat="44.188898001" lon="7.040771008">
        <ele>888.11</ele>
      </trkpt>
      <trkpt lat="44.188797999" lon="7.041172001">
        <ele>888.14</ele>
      </trkpt>
      <trkpt lat="44.188676995" lon="7.041673996">
        <ele>887.43</ele>
      </trkpt>
      <trkpt lat="44.188564" lon="7.042178">
        <ele>885.27</ele>
      </trkpt>
      <trkpt lat="44.188465" lon="7.042602997">
        <ele>882.99</ele>
      </trkpt>
      <trkpt lat="44.188417002" lon="7.042773998">
        <ele>883.19</ele>
      </trkpt>
      <trkpt lat="44.188365002" lon="7.042914001">
        <ele>887.15</ele>
      </trkpt>
      <trkpt lat="44.188286003" lon="7.043114997">
        <ele>887.34</ele>
      </trkpt>
      <trkpt lat="44.188201002" lon="7.043314">
        <ele>890.35</ele>
      </trkpt>
      <trkpt lat="44.188096002" lon="7.043535">
        <ele>891.02</ele>
      </trkpt>
      <trkpt lat="44.188011006" lon="7.043685001">
        <ele>889.59</ele>
      </trkpt>
      <trkpt lat="44.187921001" lon="7.043843">
        <ele>885.18</ele>
      </trkpt>
      <trkpt lat="44.187846001" lon="7.044001002">
        <ele>885.08</ele>
      </trkpt>
      <trkpt lat="44.187772002" lon="7.044180996">
        <ele>881.71</ele>
      </trkpt>
      <trkpt lat="44.187685" lon="7.044400005">
        <ele>878.97</ele>
      </trkpt>
      <trkpt lat="44.187583002" lon="7.044682002">
        <ele>880.29</ele>
      </trkpt>
      <trkpt lat="44.187548004" lon="7.044791999">
        <ele>879.61</ele>
      </trkpt>
      <trkpt lat="44.187505002" lon="7.044933992">
        <ele>878.73</ele>
      </trkpt>
      <trkpt lat="44.187444996" lon="7.045147997">
        <ele>877.9</ele>
      </trkpt>
      <trkpt lat="44.187403002" lon="7.045301998">
        <ele>878.22</ele>
      </trkpt>
      <trkpt lat="44.187310002" lon="7.045619992">
        <ele>877.17</ele>
      </trkpt>
      <trkpt lat="44.187235006" lon="7.045897997">
        <ele>876.75</ele>
      </trkpt>
      <trkpt lat="44.187205997" lon="7.045969002">
        <ele>876.9</ele>
      </trkpt>
      <trkpt lat="44.187171995" lon="7.046029006">
        <ele>876.93</ele>
      </trkpt>
      <trkpt lat="44.187125005" lon="7.046080004">
        <ele>875.91</ele>
      </trkpt>
      <trkpt lat="44.187050994" lon="7.046131005">
        <ele>875.36</ele>
      </trkpt>
      <trkpt lat="44.186987996" lon="7.046163001">
        <ele>874.25</ele>
      </trkpt>
      <trkpt lat="44.186913996" lon="7.046201002">
        <ele>872.89</ele>
      </trkpt>
      <trkpt lat="44.186688997" lon="7.046304995">
        <ele>872.38</ele>
      </trkpt>
      <trkpt lat="44.186546006" lon="7.046374">
        <ele>871.73</ele>
      </trkpt>
      <trkpt lat="44.186477004" lon="7.046417993">
        <ele>870.64</ele>
      </trkpt>
      <trkpt lat="44.186417003" lon="7.046475002">
        <ele>869.94</ele>
      </trkpt>
      <trkpt lat="44.186373996" lon="7.046536003">
        <ele>869.68</ele>
      </trkpt>
      <trkpt lat="44.186344002" lon="7.046599008">
        <ele>869.13</ele>
      </trkpt>
      <trkpt lat="44.186323999" lon="7.046666997">
        <ele>869.06</ele>
      </trkpt>
      <trkpt lat="44.186300003" lon="7.046798003">
        <ele>868.87</ele>
      </trkpt>
      <trkpt lat="44.186233003" lon="7.047216002">
        <ele>868.96</ele>
      </trkpt>
      <trkpt lat="44.186189002" lon="7.047488995">
        <ele>869.04</ele>
      </trkpt>
      <trkpt lat="44.186169997" lon="7.047578999">
        <ele>869.03</ele>
      </trkpt>
      <trkpt lat="44.186167999" lon="7.047586998">
        <ele>868.62</ele>
      </trkpt>
      <trkpt lat="44.186135995" lon="7.047700999">
        <ele>868.53</ele>
      </trkpt>
      <trkpt lat="44.186118" lon="7.047769995">
        <ele>868.33</ele>
      </trkpt>
      <trkpt lat="44.186068995" lon="7.048001999">
        <ele>868.03</ele>
      </trkpt>
      <trkpt lat="44.186018999" lon="7.048159995">
        <ele>867.78</ele>
      </trkpt>
      <trkpt lat="44.185979996" lon="7.048269001">
        <ele>867.5</ele>
      </trkpt>
      <trkpt lat="44.185941005" lon="7.048385998">
        <ele>866.98</ele>
      </trkpt>
      <trkpt lat="44.185901003" lon="7.048513006">
        <ele>866.97</ele>
      </trkpt>
      <trkpt lat="44.185859998" lon="7.048634005">
        <ele>866.98</ele>
      </trkpt>
      <trkpt lat="44.185815001" lon="7.048754005">
        <ele>867.01</ele>
      </trkpt>
      <trkpt lat="44.185763003" lon="7.048871001">
        <ele>866.86</ele>
      </trkpt>
      <trkpt lat="44.185715004" lon="7.048992002">
        <ele>867.11</ele>
      </trkpt>
      <trkpt lat="44.185666004" lon="7.049101997">
        <ele>866.97</ele>
      </trkpt>
      <trkpt lat="44.185615002" lon="7.049214003">
        <ele>866.9</ele>
      </trkpt>
      <trkpt lat="44.185566001" lon="7.049324999">
        <ele>867.13</ele>
      </trkpt>
      <trkpt lat="44.185522005" lon="7.049443003">
        <ele>867.57</ele>
      </trkpt>
      <trkpt lat="44.185486001" lon="7.049563995">
        <ele>867.65</ele>
      </trkpt>
      <trkpt lat="44.185456002" lon="7.049681005">
        <ele>867.38</ele>
      </trkpt>
      <trkpt lat="44.185430998" lon="7.049807002">
        <ele>867.39</ele>
      </trkpt>
      <trkpt lat="44.185405" lon="7.049934994">
        <ele>867.14</ele>
      </trkpt>
      <trkpt lat="44.185398002" lon="7.049979998">
        <ele>867.03</ele>
      </trkpt>
      <trkpt lat="44.185374995" lon="7.050190005">
        <ele>866.58</ele>
      </trkpt>
      <trkpt lat="44.185362998" lon="7.050323004">
        <ele>866.61</ele>
      </trkpt>
      <trkpt lat="44.185352994" lon="7.050454003">
        <ele>866.49</ele>
      </trkpt>
      <trkpt lat="44.185342999" lon="7.050585003">
        <ele>865.7</ele>
      </trkpt>
      <trkpt lat="44.185336995" lon="7.050718003">
        <ele>864.78</ele>
      </trkpt>
      <trkpt lat="44.185329004" lon="7.050854995">
        <ele>864.42</ele>
      </trkpt>
      <trkpt lat="44.185308005" lon="7.051135998">
        <ele>864.19</ele>
      </trkpt>
      <trkpt lat="44.185283996" lon="7.051484998">
        <ele>864.03</ele>
      </trkpt>
      <trkpt lat="44.185260003" lon="7.051835">
        <ele>864.29</ele>
      </trkpt>
      <trkpt lat="44.185241" lon="7.052097997">
        <ele>864.63</ele>
      </trkpt>
      <trkpt lat="44.185219995" lon="7.052351995">
        <ele>865.23</ele>
      </trkpt>
      <trkpt lat="44.185198997" lon="7.052607008">
        <ele>865.35</ele>
      </trkpt>
      <trkpt lat="44.185180994" lon="7.052879005">
        <ele>865.28</ele>
      </trkpt>
      <trkpt lat="44.185170995" lon="7.053079994">
        <ele>865.85</ele>
      </trkpt>
      <trkpt lat="44.185167997" lon="7.053106007">
        <ele>865.6</ele>
      </trkpt>
      <trkpt lat="44.185149" lon="7.053339006">
        <ele>864.95</ele>
      </trkpt>
      <trkpt lat="44.185135" lon="7.053500005">
        <ele>864.46</ele>
      </trkpt>
      <trkpt lat="44.185134001" lon="7.053528002">
        <ele>864.58</ele>
      </trkpt>
      <trkpt lat="44.185115997" lon="7.053679997">
        <ele>864.17</ele>
      </trkpt>
      <trkpt lat="44.185101002" lon="7.053785001">
        <ele>864.47</ele>
      </trkpt>
      <trkpt lat="44.185081998" lon="7.053888991">
        <ele>864.71</ele>
      </trkpt>
      <trkpt lat="44.185059004" lon="7.053989002">
        <ele>865.35</ele>
      </trkpt>
      <trkpt lat="44.185030995" lon="7.054083995">
        <ele>865.34</ele>
      </trkpt>
      <trkpt lat="44.184974001" lon="7.054246006">
        <ele>865.37</ele>
      </trkpt>
      <trkpt lat="44.184949001" lon="7.054312995">
        <ele>865.44</ele>
      </trkpt>
      <trkpt lat="44.184921004" lon="7.054374998">
        <ele>865.55</ele>
      </trkpt>
      <trkpt lat="44.184895995" lon="7.054432004">
        <ele>864.82</ele>
      </trkpt>
      <trkpt lat="44.184874999" lon="7.054486003">
        <ele>864.63</ele>
      </trkpt>
      <trkpt lat="44.184861001" lon="7.054526999">
        <ele>864.48</ele>
      </trkpt>
      <trkpt lat="44.184859006" lon="7.054558996">
        <ele>864.86</ele>
      </trkpt>
      <trkpt lat="44.184859995" lon="7.054591005">
        <ele>864.75</ele>
      </trkpt>
      <trkpt lat="44.184863003" lon="7.054641006">
        <ele>865.13</ele>
      </trkpt>
      <trkpt lat="44.184858998" lon="7.054683994">
        <ele>865.01</ele>
      </trkpt>
      <trkpt lat="44.184849005" lon="7.054729998">
        <ele>864.87</ele>
      </trkpt>
      <trkpt lat="44.184835997" lon="7.054771003">
        <ele>864.21</ele>
      </trkpt>
      <trkpt lat="44.184814004" lon="7.054802999">
        <ele>864.03</ele>
      </trkpt>
      <trkpt lat="44.184789999" lon="7.054826998">
        <ele>863.82</ele>
      </trkpt>
      <trkpt lat="44.184758997" lon="7.054843997">
        <ele>863.52</ele>
      </trkpt>
      <trkpt lat="44.184725998" lon="7.054867003">
        <ele>863.19</ele>
      </trkpt>
      <trkpt lat="44.184668999" lon="7.054927998">
        <ele>862.76</ele>
      </trkpt>
      <trkpt lat="44.184604001" lon="7.054993996">
        <ele>862.29</ele>
      </trkpt>
      <trkpt lat="44.184538005" lon="7.055076004">
        <ele>861.81</ele>
      </trkpt>
      <trkpt lat="44.184467" lon="7.055165996">
        <ele>861.36</ele>
      </trkpt>
      <trkpt lat="44.184411995" lon="7.055243992">
        <ele>860.92</ele>
      </trkpt>
      <trkpt lat="44.184337998" lon="7.055351993">
        <ele>860.24</ele>
      </trkpt>
      <trkpt lat="44.184303" lon="7.055401997">
        <ele>859.41</ele>
      </trkpt>
      <trkpt lat="44.184190002" lon="7.055619008">
        <ele>858.17</ele>
      </trkpt>
      <trkpt lat="44.184049998" lon="7.055897001">
        <ele>856.59</ele>
      </trkpt>
      <trkpt lat="44.183911003" lon="7.056175002">
        <ele>855.08</ele>
      </trkpt>
      <trkpt lat="44.183716004" lon="7.056593999">
        <ele>853.92</ele>
      </trkpt>
      <trkpt lat="44.183542" lon="7.056949001">
        <ele>856.88</ele>
      </trkpt>
      <trkpt lat="44.183357999" lon="7.057324993">
        <ele>856.36</ele>
      </trkpt>
      <trkpt lat="44.183233002" lon="7.057577999">
        <ele>860.96</ele>
      </trkpt>
      <trkpt lat="44.183134006" lon="7.057776001">
        <ele>866.64</ele>
      </trkpt>
      <trkpt lat="44.183057998" lon="7.057900999">
        <ele>867.16</ele>
      </trkpt>
      <trkpt lat="44.182966994" lon="7.058026002">
        <ele>869.51</ele>
      </trkpt>
      <trkpt lat="44.182844999" lon="7.058174001">
        <ele>871.15</ele>
      </trkpt>
      <trkpt lat="44.182693996" lon="7.058328005">
        <ele>866.13</ele>
      </trkpt>
      <trkpt lat="44.182479996" lon="7.058544998">
        <ele>863.03</ele>
      </trkpt>
      <trkpt lat="44.182339001" lon="7.058674991">
        <ele>865.9</ele>
      </trkpt>
      <trkpt lat="44.182219001" lon="7.058782">
        <ele>859.47</ele>
      </trkpt>
      <trkpt lat="44.182093" lon="7.058896996">
        <ele>857.72</ele>
      </trkpt>
      <trkpt lat="44.181977996" lon="7.059001004">
        <ele>861.02</ele>
      </trkpt>
      <trkpt lat="44.181900999" lon="7.059076995">
        <ele>858.2</ele>
      </trkpt>
      <trkpt lat="44.181842001" lon="7.059151004">
        <ele>854.54</ele>
      </trkpt>
      <trkpt lat="44.181774998" lon="7.059237002">
        <ele>854.32</ele>
      </trkpt>
      <trkpt lat="44.181697" lon="7.059358997">
        <ele>853.87</ele>
      </trkpt>
      <trkpt lat="44.181591" lon="7.059545006">
        <ele>851.66</ele>
      </trkpt>
      <trkpt lat="44.181457003" lon="7.059798997">
        <ele>852.39</ele>
      </trkpt>
      <trkpt lat="44.181302998" lon="7.060143007">
        <ele>853.23</ele>
      </trkpt>
      <trkpt lat="44.181275996" lon="7.060197999">
        <ele>854.18</ele>
      </trkpt>
      <trkpt lat="44.181142999" lon="7.060477996">
        <ele>854.88</ele>
      </trkpt>
      <trkpt lat="44.181016999" lon="7.060726994">
        <ele>853.77</ele>
      </trkpt>
      <trkpt lat="44.180868998" lon="7.060993003">
        <ele>852.28</ele>
      </trkpt>
      <trkpt lat="44.180609999" lon="7.061411003">
        <ele>850.62</ele>
      </trkpt>
      <trkpt lat="44.180368999" lon="7.061799002">
        <ele>849.04</ele>
      </trkpt>
      <trkpt lat="44.180137002" lon="7.062177999">
        <ele>847.94</ele>
      </trkpt>
      <trkpt lat="44.179993004" lon="7.062440004">
        <ele>846.89</ele>
      </trkpt>
      <trkpt lat="44.179882999" lon="7.062651">
        <ele>845.85</ele>
      </trkpt>
      <trkpt lat="44.179741" lon="7.062922">
        <ele>845.66</ele>
      </trkpt>
      <trkpt lat="44.179523994" lon="7.063445008">
        <ele>845.37</ele>
      </trkpt>
      <trkpt lat="44.179364001" lon="7.063913995">
        <ele>845.17</ele>
      </trkpt>
      <trkpt lat="44.179204004" lon="7.064384007">
        <ele>845.23</ele>
      </trkpt>
      <trkpt lat="44.179169002" lon="7.064487001">
        <ele>845.27</ele>
      </trkpt>
      <trkpt lat="44.179102001" lon="7.064741997">
        <ele>844.4</ele>
      </trkpt>
      <trkpt lat="44.179064002" lon="7.064892004">
        <ele>844.42</ele>
      </trkpt>
      <trkpt lat="44.178988003" lon="7.065237002">
        <ele>844.3</ele>
      </trkpt>
      <trkpt lat="44.178938" lon="7.065463996">
        <ele>846.53</ele>
      </trkpt>
      <trkpt lat="44.178929" lon="7.065486996">
        <ele>849.41</ele>
      </trkpt>
      <trkpt lat="44.178762995" lon="7.065956006">
        <ele>852.29</ele>
      </trkpt>
      <trkpt lat="44.178576" lon="7.066327003">
        <ele>851.06</ele>
      </trkpt>
      <trkpt lat="44.178332002" lon="7.066703006">
        <ele>853.07</ele>
      </trkpt>
      <trkpt lat="44.178147003" lon="7.066956996">
        <ele>852.71</ele>
      </trkpt>
      <trkpt lat="44.177961002" lon="7.067210999">
        <ele>848.84</ele>
      </trkpt>
      <trkpt lat="44.177648004" lon="7.067599998">
        <ele>848.17</ele>
      </trkpt>
      <trkpt lat="44.177585002" lon="7.067687995">
        <ele>847.38</ele>
      </trkpt>
      <trkpt lat="44.177407998" lon="7.067938005">
        <ele>844.41</ele>
      </trkpt>
      <trkpt lat="44.177266003" lon="7.068227002">
        <ele>840.63</ele>
      </trkpt>
      <trkpt lat="44.177124999" lon="7.068515004">
        <ele>840.02</ele>
      </trkpt>
      <trkpt lat="44.176939001" lon="7.068872003">
        <ele>836.19</ele>
      </trkpt>
      <trkpt lat="44.176752002" lon="7.069229992">
        <ele>835.62</ele>
      </trkpt>
      <trkpt lat="44.176624002" lon="7.069516004">
        <ele>833.68</ele>
      </trkpt>
      <trkpt lat="44.176558004" lon="7.069682003">
        <ele>833</ele>
      </trkpt>
      <trkpt lat="44.176504004" lon="7.069913005">
        <ele>832.59</ele>
      </trkpt>
      <trkpt lat="44.176454995" lon="7.070178002">
        <ele>833.12</ele>
      </trkpt>
      <trkpt lat="44.176394997" lon="7.070562008">
        <ele>835.85</ele>
      </trkpt>
      <trkpt lat="44.176334997" lon="7.070947002">
        <ele>835.34</ele>
      </trkpt>
      <trkpt lat="44.176278997" lon="7.071282002">
        <ele>834.77</ele>
      </trkpt>
      <trkpt lat="44.176222997" lon="7.071616">
        <ele>834.86</ele>
      </trkpt>
      <trkpt lat="44.176156995" lon="7.072021">
        <ele>833.83</ele>
      </trkpt>
      <trkpt lat="44.176144" lon="7.072201002">
        <ele>830.41</ele>
      </trkpt>
      <trkpt lat="44.176139998" lon="7.072308001">
        <ele>830.56</ele>
      </trkpt>
      <trkpt lat="44.176141997" lon="7.072408004">
        <ele>830.28</ele>
      </trkpt>
      <trkpt lat="44.176166" lon="7.072725998">
        <ele>828.94</ele>
      </trkpt>
      <trkpt lat="44.176226999" lon="7.073181998">
        <ele>828.41</ele>
      </trkpt>
      <trkpt lat="44.176240006" lon="7.073303003">
        <ele>827.91</ele>
      </trkpt>
      <trkpt lat="44.176242006" lon="7.073442004">
        <ele>827.48</ele>
      </trkpt>
      <trkpt lat="44.176234002" lon="7.073612997">
        <ele>828.13</ele>
      </trkpt>
      <trkpt lat="44.176171998" lon="7.074112006">
        <ele>829.06</ele>
      </trkpt>
      <trkpt lat="44.176155004" lon="7.074214002">
        <ele>829.48</ele>
      </trkpt>
      <trkpt lat="44.176134997" lon="7.074285001">
        <ele>830.16</ele>
      </trkpt>
      <trkpt lat="44.176115997" lon="7.074342997">
        <ele>830.59</ele>
      </trkpt>
      <trkpt lat="44.176097999" lon="7.074382994">
        <ele>831.2</ele>
      </trkpt>
      <trkpt lat="44.176049001" lon="7.074523996">
        <ele>832.83</ele>
      </trkpt>
      <trkpt lat="44.175995003" lon="7.074679002">
        <ele>835.73</ele>
      </trkpt>
      <trkpt lat="44.175953998" lon="7.074789005">
        <ele>839.86</ele>
      </trkpt>
      <trkpt lat="44.175915" lon="7.074893004">
        <ele>840.18</ele>
      </trkpt>
      <trkpt lat="44.175878003" lon="7.074997008">
        <ele>840.36</ele>
      </trkpt>
      <trkpt lat="44.175847997" lon="7.075079999">
        <ele>840.47</ele>
      </trkpt>
      <trkpt lat="44.175816" lon="7.075160994">
        <ele>839.92</ele>
      </trkpt>
      <trkpt lat="44.175782003" lon="7.075249998">
        <ele>838.89</ele>
      </trkpt>
      <trkpt lat="44.175761996" lon="7.075305003">
        <ele>837.83</ele>
      </trkpt>
      <trkpt lat="44.175736002" lon="7.075378">
        <ele>841.72</ele>
      </trkpt>
      <trkpt lat="44.175707" lon="7.075456993">
        <ele>845.38</ele>
      </trkpt>
      <trkpt lat="44.175680995" lon="7.075539996">
        <ele>850.48</ele>
      </trkpt>
      <trkpt lat="44.175658999" lon="7.075599993">
        <ele>850.82</ele>
      </trkpt>
      <trkpt lat="44.175618998" lon="7.075762">
        <ele>851.01</ele>
      </trkpt>
      <trkpt lat="44.175538" lon="7.076064003">
        <ele>848.22</ele>
      </trkpt>
      <trkpt lat="44.175456002" lon="7.076365995">
        <ele>841.44</ele>
      </trkpt>
      <trkpt lat="44.175334997" lon="7.076762002">
        <ele>843.7</ele>
      </trkpt>
      <trkpt lat="44.175215001" lon="7.077157002">
        <ele>842.71</ele>
      </trkpt>
      <trkpt lat="44.175097999" lon="7.077462">
        <ele>847.8</ele>
      </trkpt>
      <trkpt lat="44.174979996" lon="7.077767001">
        <ele>843.77</ele>
      </trkpt>
      <trkpt lat="44.174805995" lon="7.078143003">
        <ele>848.75</ele>
      </trkpt>
      <trkpt lat="44.174631004" lon="7.078400001">
        <ele>843.34</ele>
      </trkpt>
      <trkpt lat="44.174426999" lon="7.078689002">
        <ele>838.82</ele>
      </trkpt>
      <trkpt lat="44.17423" lon="7.079044999">
        <ele>837.12</ele>
      </trkpt>
      <trkpt lat="44.174068999" lon="7.079321006">
        <ele>839.8</ele>
      </trkpt>
      <trkpt lat="44.173907999" lon="7.079595996">
        <ele>837.22</ele>
      </trkpt>
      <trkpt lat="44.173843006" lon="7.079667001">
        <ele>837.39</ele>
      </trkpt>
      <trkpt lat="44.173629" lon="7.079833993">
        <ele>840.93</ele>
      </trkpt>
      <trkpt lat="44.173415005" lon="7.079999994">
        <ele>839.98</ele>
      </trkpt>
      <trkpt lat="44.173131995" lon="7.080268003">
        <ele>836.51</ele>
      </trkpt>
      <trkpt lat="44.173043003" lon="7.080376001">
        <ele>833.56</ele>
      </trkpt>
      <trkpt lat="44.172974994" lon="7.080520007">
        <ele>834.24</ele>
      </trkpt>
      <trkpt lat="44.172937002" lon="7.080645006">
        <ele>834.11</ele>
      </trkpt>
      <trkpt lat="44.172907002" lon="7.080787999">
        <ele>837.37</ele>
      </trkpt>
      <trkpt lat="44.172881001" lon="7.080971">
        <ele>840.72</ele>
      </trkpt>
      <trkpt lat="44.172871997" lon="7.081230996">
        <ele>846.75</ele>
      </trkpt>
      <trkpt lat="44.172878999" lon="7.081741004">
        <ele>840.69</ele>
      </trkpt>
      <trkpt lat="44.172870998" lon="7.082004992">
        <ele>839.64</ele>
      </trkpt>
      <trkpt lat="44.172851996" lon="7.082166994">
        <ele>835.59</ele>
      </trkpt>
      <trkpt lat="44.172805004" lon="7.082317993">
        <ele>836.83</ele>
      </trkpt>
      <trkpt lat="44.172730994" lon="7.082496002">
        <ele>829.56</ele>
      </trkpt>
      <trkpt lat="44.172557998" lon="7.082786995">
        <ele>827.18</ele>
      </trkpt>
      <trkpt lat="44.172385001" lon="7.083076998">
        <ele>832.81</ele>
      </trkpt>
      <trkpt lat="44.172201005" lon="7.083451998">
        <ele>838.03</ele>
      </trkpt>
      <trkpt lat="44.172000995" lon="7.083787">
        <ele>833.51</ele>
      </trkpt>
      <trkpt lat="44.171800996" lon="7.084075005">
        <ele>832.75</ele>
      </trkpt>
      <trkpt lat="44.171600996" lon="7.084362995">
        <ele>830.81</ele>
      </trkpt>
      <trkpt lat="44.171290001" lon="7.084740997">
        <ele>821.62</ele>
      </trkpt>
      <trkpt lat="44.170978995" lon="7.085119996">
        <ele>812.06</ele>
      </trkpt>
      <trkpt lat="44.170666996" lon="7.085498005">
        <ele>810.64</ele>
      </trkpt>
      <trkpt lat="44.170493001" lon="7.085707001">
        <ele>813.32</ele>
      </trkpt>
      <trkpt lat="44.170318006" lon="7.085914997">
        <ele>813.31</ele>
      </trkpt>
      <trkpt lat="44.170040004" lon="7.086129003">
        <ele>813.66</ele>
      </trkpt>
      <trkpt lat="44.169761002" lon="7.086342997">
        <ele>813.02</ele>
      </trkpt>
      <trkpt lat="44.169481999" lon="7.086557002">
        <ele>813.3</ele>
      </trkpt>
      <trkpt lat="44.169193005" lon="7.086760995">
        <ele>809.89</ele>
      </trkpt>
      <trkpt lat="44.168904" lon="7.086964997">
        <ele>812.46</ele>
      </trkpt>
      <trkpt lat="44.168843995" lon="7.087006996">
        <ele>809.9</ele>
      </trkpt>
      <trkpt lat="44.168594002" lon="7.087156004">
        <ele>811.84</ele>
      </trkpt>
      <trkpt lat="44.168343999" lon="7.087305999">
        <ele>811.81</ele>
      </trkpt>
      <trkpt lat="44.168130002" lon="7.087463005">
        <ele>812.91</ele>
      </trkpt>
      <trkpt lat="44.167915997" lon="7.087619996">
        <ele>812.8</ele>
      </trkpt>
      <trkpt lat="44.167779004" lon="7.087697998">
        <ele>815.4</ele>
      </trkpt>
      <trkpt lat="44.167553999" lon="7.087785003">
        <ele>815.53</ele>
      </trkpt>
      <trkpt lat="44.167490995" lon="7.087810005">
        <ele>816.53</ele>
      </trkpt>
      <trkpt lat="44.167080998" lon="7.087900996">
        <ele>816.94</ele>
      </trkpt>
      <trkpt lat="44.166671" lon="7.087991998">
        <ele>814.78</ele>
      </trkpt>
      <trkpt lat="44.166368002" lon="7.088047003">
        <ele>811.54</ele>
      </trkpt>
      <trkpt lat="44.166155995" lon="7.088075001">
        <ele>807.43</ele>
      </trkpt>
      <trkpt lat="44.165738005" lon="7.088077002">
        <ele>804.01</ele>
      </trkpt>
      <trkpt lat="44.165320997" lon="7.08808">
        <ele>799.85</ele>
      </trkpt>
      <trkpt lat="44.165180999" lon="7.088096003">
        <ele>797.23</ele>
      </trkpt>
      <trkpt lat="44.164937002" lon="7.088192002">
        <ele>795.89</ele>
      </trkpt>
      <trkpt lat="44.164693" lon="7.088313003">
        <ele>793.67</ele>
      </trkpt>
      <trkpt lat="44.164448999" lon="7.088434004">
        <ele>796.65</ele>
      </trkpt>
      <trkpt lat="44.164142006" lon="7.088619996">
        <ele>792.56</ele>
      </trkpt>
      <trkpt lat="44.163945998" lon="7.08879">
        <ele>793.92</ele>
      </trkpt>
      <trkpt lat="44.163789005" lon="7.088968996">
        <ele>793.73</ele>
      </trkpt>
      <trkpt lat="44.163613" lon="7.089172002">
        <ele>800.51</ele>
      </trkpt>
      <trkpt lat="44.163402998" lon="7.089382">
        <ele>793.93</ele>
      </trkpt>
      <trkpt lat="44.163193005" lon="7.089592009">
        <ele>796.07</ele>
      </trkpt>
      <trkpt lat="44.162985994" lon="7.089766998">
        <ele>792.33</ele>
      </trkpt>
      <trkpt lat="44.16278" lon="7.089942999">
        <ele>790.06</ele>
      </trkpt>
      <trkpt lat="44.162515003" lon="7.090101002">
        <ele>780.45</ele>
      </trkpt>
      <trkpt lat="44.162400999" lon="7.090158998">
        <ele>778.26</ele>
      </trkpt>
      <trkpt lat="44.162243995" lon="7.090180994">
        <ele>774.95</ele>
      </trkpt>
      <trkpt lat="44.161894006" lon="7.090191007">
        <ele>776.28</ele>
      </trkpt>
      <trkpt lat="44.161545001" lon="7.090200001">
        <ele>779.36</ele>
      </trkpt>
      <trkpt lat="44.161195004" lon="7.09021">
        <ele>782.53</ele>
      </trkpt>
      <trkpt lat="44.160956996" lon="7.090222005">
        <ele>785.13</ele>
      </trkpt>
      <trkpt lat="44.160856996" lon="7.090232006">
        <ele>788.82</ele>
      </trkpt>
      <trkpt lat="44.160723997" lon="7.090257996">
        <ele>789.63</ele>
      </trkpt>
      <trkpt lat="44.160443001" lon="7.090346005">
        <ele>788.58</ele>
      </trkpt>
      <trkpt lat="44.160026002" lon="7.090512006">
        <ele>788.24</ele>
      </trkpt>
      <trkpt lat="44.159608996" lon="7.090677003">
        <ele>789.8</ele>
      </trkpt>
      <trkpt lat="44.159324005" lon="7.090788007">
        <ele>790.56</ele>
      </trkpt>
      <trkpt lat="44.159186998" lon="7.090833">
        <ele>790.02</ele>
      </trkpt>
      <trkpt lat="44.159019003" lon="7.090865994">
        <ele>789.38</ele>
      </trkpt>
      <trkpt lat="44.158880002" lon="7.090884001">
        <ele>788.96</ele>
      </trkpt>
      <trkpt lat="44.158752998" lon="7.090887998">
        <ele>788</ele>
      </trkpt>
      <trkpt lat="44.158585001" lon="7.090866007">
        <ele>787.46</ele>
      </trkpt>
      <trkpt lat="44.158295998" lon="7.090808997">
        <ele>787.07</ele>
      </trkpt>
      <trkpt lat="44.157966001" lon="7.090690995">
        <ele>785.63</ele>
      </trkpt>
      <trkpt lat="44.157636995" lon="7.090574005">
        <ele>781.92</ele>
      </trkpt>
      <trkpt lat="44.157394006" lon="7.090485996">
        <ele>776.39</ele>
      </trkpt>
      <trkpt lat="44.157151997" lon="7.090398998">
        <ele>769.81</ele>
      </trkpt>
      <trkpt lat="44.156998996" lon="7.090349996">
        <ele>762.73</ele>
      </trkpt>
      <trkpt lat="44.156752998" lon="7.090309996">
        <ele>757.08</ele>
      </trkpt>
      <trkpt lat="44.156624001" lon="7.090308004">
        <ele>752.27</ele>
      </trkpt>
      <trkpt lat="44.156415999" lon="7.090319002">
        <ele>751.19</ele>
      </trkpt>
      <trkpt lat="44.156255998" lon="7.090344998">
        <ele>749.16</ele>
      </trkpt>
      <trkpt lat="44.156080999" lon="7.090414006">
        <ele>747.8</ele>
      </trkpt>
      <trkpt lat="44.155887002" lon="7.090518">
        <ele>747.57</ele>
      </trkpt>
      <trkpt lat="44.15582" lon="7.090553998">
        <ele>750.85</ele>
      </trkpt>
      <trkpt lat="44.155609002" lon="7.090723003">
        <ele>751.09</ele>
      </trkpt>
      <trkpt lat="44.155398004" lon="7.090891995">
        <ele>753.03</ele>
      </trkpt>
      <trkpt lat="44.155059001" lon="7.091192">
        <ele>752.9</ele>
      </trkpt>
      <trkpt lat="44.155058702" lon="7.091192266">
        <ele>751.52</ele>
      </trkpt>
      <trkpt lat="44.154828" lon="7.091397992">
        <ele>748.27</ele>
      </trkpt>
      <trkpt lat="44.154820003" lon="7.091406992">
        <ele>746.2</ele>
      </trkpt>
      <trkpt lat="44.15476" lon="7.091480999">
        <ele>749.39</ele>
      </trkpt>
      <trkpt lat="44.154644001" lon="7.091610998">
        <ele>749.7</ele>
      </trkpt>
      <trkpt lat="44.154573998" lon="7.091709008">
        <ele>750.08</ele>
      </trkpt>
      <trkpt lat="44.154483004" lon="7.091878001">
        <ele>751.71</ele>
      </trkpt>
      <trkpt lat="44.154352" lon="7.092159005">
        <ele>750.92</ele>
      </trkpt>
      <trkpt lat="44.154219995" lon="7.092441001">
        <ele>745.11</ele>
      </trkpt>
      <trkpt lat="44.154094995" lon="7.092768991">
        <ele>744.89</ele>
      </trkpt>
      <trkpt lat="44.153971001" lon="7.093098005">
        <ele>743.19</ele>
      </trkpt>
      <trkpt lat="44.153883996" lon="7.093302007">
        <ele>741.82</ele>
      </trkpt>
      <trkpt lat="44.153778002" lon="7.093471003">
        <ele>742.43</ele>
      </trkpt>
      <trkpt lat="44.153661002" lon="7.093627">
        <ele>745.7</ele>
      </trkpt>
      <trkpt lat="44.153563998" lon="7.093722997">
        <ele>744.04</ele>
      </trkpt>
      <trkpt lat="44.153418998" lon="7.093835001">
        <ele>744.28</ele>
      </trkpt>
      <trkpt lat="44.153280001" lon="7.093905">
        <ele>743.29</ele>
      </trkpt>
      <trkpt lat="44.153128995" lon="7.093950999">
        <ele>742.51</ele>
      </trkpt>
      <trkpt lat="44.152758997" lon="7.093968996">
        <ele>737.64</ele>
      </trkpt>
      <trkpt lat="44.152466" lon="7.093956002">
        <ele>737</ele>
      </trkpt>
      <trkpt lat="44.152298999" lon="7.093965008">
        <ele>737.15</ele>
      </trkpt>
      <trkpt lat="44.152148002" lon="7.093990001">
        <ele>736.28</ele>
      </trkpt>
      <trkpt lat="44.152043995" lon="7.094024002">
        <ele>739.89</ele>
      </trkpt>
      <trkpt lat="44.151909997" lon="7.094097">
        <ele>739.73</ele>
      </trkpt>
      <trkpt lat="44.151762003" lon="7.094196003">
        <ele>742.99</ele>
      </trkpt>
      <trkpt lat="44.151653" lon="7.094315003">
        <ele>740.72</ele>
      </trkpt>
      <trkpt lat="44.151478001" lon="7.094539002">
        <ele>739.05</ele>
      </trkpt>
      <trkpt lat="44.151303995" lon="7.094796007">
        <ele>739.77</ele>
      </trkpt>
      <trkpt lat="44.150996994" lon="7.095252005">
        <ele>739.03</ele>
      </trkpt>
      <trkpt lat="44.150849002" lon="7.095519005">
        <ele>740.65</ele>
      </trkpt>
      <trkpt lat="44.150701001" lon="7.095786003">
        <ele>740.97</ele>
      </trkpt>
      <trkpt lat="44.150612999" lon="7.095929006">
        <ele>743.84</ele>
      </trkpt>
      <trkpt lat="44.150501998" lon="7.096050998">
        <ele>738.37</ele>
      </trkpt>
      <trkpt lat="44.150258003" lon="7.096274995">
        <ele>740.1</ele>
      </trkpt>
      <trkpt lat="44.150043001" lon="7.096445001">
        <ele>735.44</ele>
      </trkpt>
      <trkpt lat="44.149849002" lon="7.096545997">
        <ele>737.2</ele>
      </trkpt>
      <trkpt lat="44.149637998" lon="7.096596997">
        <ele>736.89</ele>
      </trkpt>
      <trkpt lat="44.149447997" lon="7.096606001">
        <ele>738.51</ele>
      </trkpt>
      <trkpt lat="44.149234997" lon="7.096586997">
        <ele>739.47</ele>
      </trkpt>
      <trkpt lat="44.148886" lon="7.096509005">
        <ele>740.88</ele>
      </trkpt>
      <trkpt lat="44.148556" lon="7.096412994">
        <ele>744.77</ele>
      </trkpt>
      <trkpt lat="44.148300999" lon="7.096380999">
        <ele>749.63</ele>
      </trkpt>
      <trkpt lat="44.148045998" lon="7.096349003">
        <ele>750.62</ele>
      </trkpt>
      <trkpt lat="44.147779003" lon="7.096323003">
        <ele>757.65</ele>
      </trkpt>
      <trkpt lat="44.147644002" lon="7.096314995">
        <ele>759.57</ele>
      </trkpt>
      <trkpt lat="44.147541997" lon="7.096340997">
        <ele>759.75</ele>
      </trkpt>
      <trkpt lat="44.147250001" lon="7.096476003">
        <ele>752.57</ele>
      </trkpt>
      <trkpt lat="44.146893995" lon="7.096673006">
        <ele>756.18</ele>
      </trkpt>
      <trkpt lat="44.146611001" lon="7.096855996">
        <ele>749.98</ele>
      </trkpt>
      <trkpt lat="44.146473998" lon="7.096957002">
        <ele>755.4</ele>
      </trkpt>
      <trkpt lat="44.146346002" lon="7.097061999">
        <ele>748.92</ele>
      </trkpt>
      <trkpt lat="44.146235999" lon="7.097170997">
        <ele>751.53</ele>
      </trkpt>
      <trkpt lat="44.146062" lon="7.097410998">
        <ele>742.5</ele>
      </trkpt>
      <trkpt lat="44.145957002" lon="7.097543999">
        <ele>736.32</ele>
      </trkpt>
      <trkpt lat="44.145867999" lon="7.097639002">
        <ele>725.38</ele>
      </trkpt>
      <trkpt lat="44.145760001" lon="7.097738004">
        <ele>725.99</ele>
      </trkpt>
      <trkpt lat="44.145596996" lon="7.097857996">
        <ele>720.36</ele>
      </trkpt>
      <trkpt lat="44.145409998" lon="7.097978998">
        <ele>719.16</ele>
      </trkpt>
      <trkpt lat="44.145286003" lon="7.098036992">
        <ele>718.84</ele>
      </trkpt>
      <trkpt lat="44.145191004" lon="7.098060003">
        <ele>716.99</ele>
      </trkpt>
      <trkpt lat="44.145096001" lon="7.098066004">
        <ele>718.41</ele>
      </trkpt>
      <trkpt lat="44.144963998" lon="7.098054992">
        <ele>725.53</ele>
      </trkpt>
      <trkpt lat="44.144706006" lon="7.098016004">
        <ele>731.48</ele>
      </trkpt>
      <trkpt lat="44.144480999" lon="7.097978995">
        <ele>738.89</ele>
      </trkpt>
      <trkpt lat="44.144324996" lon="7.097939004">
        <ele>745.91</ele>
      </trkpt>
      <trkpt lat="44.144170998" lon="7.097877004">
        <ele>747.88</ele>
      </trkpt>
      <trkpt lat="44.143967005" lon="7.097796002">
        <ele>745.95</ele>
      </trkpt>
      <trkpt lat="44.143778002" lon="7.097740001">
        <ele>744.13</ele>
      </trkpt>
      <trkpt lat="44.143516002" lon="7.097665994">
        <ele>740.42</ele>
      </trkpt>
      <trkpt lat="44.143353001" lon="7.097642997">
        <ele>736.35</ele>
      </trkpt>
      <trkpt lat="44.143242996" lon="7.097639994">
        <ele>732.49</ele>
      </trkpt>
      <trkpt lat="44.143125" lon="7.097647003">
        <ele>730.97</ele>
      </trkpt>
      <trkpt lat="44.143013003" lon="7.097663994">
        <ele>729.07</ele>
      </trkpt>
      <trkpt lat="44.142894997" lon="7.097699001">
        <ele>728.89</ele>
      </trkpt>
      <trkpt lat="44.142681997" lon="7.097786994">
        <ele>728.8</ele>
      </trkpt>
      <trkpt lat="44.142507001" lon="7.097889994">
        <ele>727.12</ele>
      </trkpt>
      <trkpt lat="44.142470997" lon="7.097914994">
        <ele>724.37</ele>
      </trkpt>
      <trkpt lat="44.142370002" lon="7.097986998">
        <ele>723.06</ele>
      </trkpt>
      <trkpt lat="44.142216003" lon="7.098091999">
        <ele>720.17</ele>
      </trkpt>
      <trkpt lat="44.142056999" lon="7.098186">
        <ele>718.35</ele>
      </trkpt>
      <trkpt lat="44.141750998" lon="7.098312001">
        <ele>718.69</ele>
      </trkpt>
      <trkpt lat="44.141444996" lon="7.098439001">
        <ele>718.53</ele>
      </trkpt>
      <trkpt lat="44.141063994" lon="7.098575995">
        <ele>718.94</ele>
      </trkpt>
      <trkpt lat="44.140826004" lon="7.098609001">
        <ele>721.58</ele>
      </trkpt>
      <trkpt lat="44.140572004" lon="7.098604005">
        <ele>723.38</ele>
      </trkpt>
      <trkpt lat="44.140318005" lon="7.098598998">
        <ele>732.35</ele>
      </trkpt>
      <trkpt lat="44.140288996" lon="7.098609996">
        <ele>731.86</ele>
      </trkpt>
      <trkpt lat="44.140130999" lon="7.098672001">
        <ele>734.98</ele>
      </trkpt>
      <trkpt lat="44.139884" lon="7.098874002">
        <ele>737.15</ele>
      </trkpt>
      <trkpt lat="44.139636" lon="7.099076004">
        <ele>737.62</ele>
      </trkpt>
      <trkpt lat="44.139240002" lon="7.099350001">
        <ele>731.69</ele>
      </trkpt>
      <trkpt lat="44.139166" lon="7.099401005">
        <ele>731.88</ele>
      </trkpt>
      <trkpt lat="44.138871" lon="7.099667005">
        <ele>733.6</ele>
      </trkpt>
      <trkpt lat="44.138622004" lon="7.099890992">
        <ele>733.08</ele>
      </trkpt>
      <trkpt lat="44.138372998" lon="7.100115002">
        <ele>735.66</ele>
      </trkpt>
      <trkpt lat="44.138151004" lon="7.100188001">
        <ele>737.7</ele>
      </trkpt>
      <trkpt lat="44.137890006" lon="7.100200002">
        <ele>744.24</ele>
      </trkpt>
      <trkpt lat="44.137564002" lon="7.100137003">
        <ele>744.1</ele>
      </trkpt>
      <trkpt lat="44.137225996" lon="7.100053002">
        <ele>746.78</ele>
      </trkpt>
      <trkpt lat="44.136816001" lon="7.099959002">
        <ele>747.47</ele>
      </trkpt>
      <trkpt lat="44.136762" lon="7.099949999">
        <ele>748.33</ele>
      </trkpt>
      <trkpt lat="44.136624003" lon="7.099945997">
        <ele>747.63</ele>
      </trkpt>
      <trkpt lat="44.136479999" lon="7.099957994">
        <ele>748.57</ele>
      </trkpt>
      <trkpt lat="44.136334996" lon="7.099988003">
        <ele>746.92</ele>
      </trkpt>
      <trkpt lat="44.136189003" lon="7.100031005">
        <ele>745.45</ele>
      </trkpt>
      <trkpt lat="44.136040997" lon="7.100089005">
        <ele>742.43</ele>
      </trkpt>
      <trkpt lat="44.135897006" lon="7.100157005">
        <ele>741.83</ele>
      </trkpt>
      <trkpt lat="44.135753994" lon="7.100233998">
        <ele>739.41</ele>
      </trkpt>
      <trkpt lat="44.135608998" lon="7.100318006">
        <ele>739.11</ele>
      </trkpt>
      <trkpt lat="44.135463994" lon="7.100402">
        <ele>738.11</ele>
      </trkpt>
      <trkpt lat="44.135316002" lon="7.100476004">
        <ele>737.45</ele>
      </trkpt>
      <trkpt lat="44.135167004" lon="7.100534005">
        <ele>734.76</ele>
      </trkpt>
      <trkpt lat="44.135014999" lon="7.100576997">
        <ele>732.87</ele>
      </trkpt>
      <trkpt lat="44.134859995" lon="7.100612">
        <ele>728.44</ele>
      </trkpt>
      <trkpt lat="44.134704" lon="7.100646994">
        <ele>724.86</ele>
      </trkpt>
      <trkpt lat="44.134549006" lon="7.100680997">
        <ele>720.79</ele>
      </trkpt>
      <trkpt lat="44.134395999" lon="7.100717996">
        <ele>716.86</ele>
      </trkpt>
      <trkpt lat="44.134242999" lon="7.100756998">
        <ele>713.74</ele>
      </trkpt>
      <trkpt lat="44.134087997" lon="7.100797006">
        <ele>711.6</ele>
      </trkpt>
      <trkpt lat="44.133934" lon="7.100840003">
        <ele>710.39</ele>
      </trkpt>
      <trkpt lat="44.133780005" lon="7.100881998">
        <ele>711.13</ele>
      </trkpt>
      <trkpt lat="44.133627996" lon="7.100920995">
        <ele>711.37</ele>
      </trkpt>
      <trkpt lat="44.133476998" lon="7.100959001">
        <ele>711.33</ele>
      </trkpt>
      <trkpt lat="44.133327003" lon="7.100995002">
        <ele>712.29</ele>
      </trkpt>
      <trkpt lat="44.133176001" lon="7.101022997">
        <ele>713.51</ele>
      </trkpt>
      <trkpt lat="44.133024003" lon="7.101035002">
        <ele>714.84</ele>
      </trkpt>
      <trkpt lat="44.132871999" lon="7.101032002">
        <ele>717.31</ele>
      </trkpt>
      <trkpt lat="44.132724004" lon="7.101010008">
        <ele>719.26</ele>
      </trkpt>
      <trkpt lat="44.132578006" lon="7.100972002">
        <ele>719.41</ele>
      </trkpt>
      <trkpt lat="44.132436004" lon="7.100918005">
        <ele>719.32</ele>
      </trkpt>
      <trkpt lat="44.132300002" lon="7.100846997">
        <ele>716.92</ele>
      </trkpt>
      <trkpt lat="44.132168005" lon="7.100766005">
        <ele>714.71</ele>
      </trkpt>
      <trkpt lat="44.132038002" lon="7.100677999">
        <ele>711.81</ele>
      </trkpt>
      <trkpt lat="44.131910005" lon="7.100592002">
        <ele>709.5</ele>
      </trkpt>
      <trkpt lat="44.131781001" lon="7.100511002">
        <ele>706.13</ele>
      </trkpt>
      <trkpt lat="44.131646" lon="7.100439004">
        <ele>703.19</ele>
      </trkpt>
      <trkpt lat="44.131511004" lon="7.100377005">
        <ele>699.01</ele>
      </trkpt>
      <trkpt lat="44.131371997" lon="7.100327995">
        <ele>695.22</ele>
      </trkpt>
      <trkpt lat="44.131230002" lon="7.100294998">
        <ele>691.22</ele>
      </trkpt>
      <trkpt lat="44.131087003" lon="7.100271002">
        <ele>687.82</ele>
      </trkpt>
      <trkpt lat="44.130942999" lon="7.100251">
        <ele>684.49</ele>
      </trkpt>
      <trkpt lat="44.130799002" lon="7.100225005">
        <ele>682.17</ele>
      </trkpt>
      <trkpt lat="44.130656998" lon="7.100186002">
        <ele>680.23</ele>
      </trkpt>
      <trkpt lat="44.130516997" lon="7.100132003">
        <ele>678.86</ele>
      </trkpt>
      <trkpt lat="44.130382" lon="7.100064">
        <ele>677.13</ele>
      </trkpt>
      <trkpt lat="44.130254999" lon="7.099981008">
        <ele>676.3</ele>
      </trkpt>
      <trkpt lat="44.130131001" lon="7.099884005">
        <ele>674.74</ele>
      </trkpt>
      <trkpt lat="44.130018997" lon="7.099768998">
        <ele>673.76</ele>
      </trkpt>
      <trkpt lat="44.129910998" lon="7.099651002">
        <ele>673.05</ele>
      </trkpt>
      <trkpt lat="44.129811998" lon="7.099523007">
        <ele>672.37</ele>
      </trkpt>
      <trkpt lat="44.129724005" lon="7.099386997">
        <ele>671.59</ele>
      </trkpt>
      <trkpt lat="44.129641" lon="7.099248006">
        <ele>671.37</ele>
      </trkpt>
      <trkpt lat="44.129562998" lon="7.099108001">
        <ele>670.72</ele>
      </trkpt>
      <trkpt lat="44.129485006" lon="7.098974002">
        <ele>670.3</ele>
      </trkpt>
      <trkpt lat="44.129415" lon="7.098832998">
        <ele>669.82</ele>
      </trkpt>
      <trkpt lat="44.129346998" lon="7.098695003">
        <ele>669.4</ele>
      </trkpt>
      <trkpt lat="44.129280003" lon="7.098559998">
        <ele>669.05</ele>
      </trkpt>
      <trkpt lat="44.129215" lon="7.098430992">
        <ele>668.79</ele>
      </trkpt>
      <trkpt lat="44.129153995" lon="7.098304002">
        <ele>667.95</ele>
      </trkpt>
      <trkpt lat="44.129098998" lon="7.098173003">
        <ele>667.69</ele>
      </trkpt>
      <trkpt lat="44.129035005" lon="7.098063003">
        <ele>667.61</ele>
      </trkpt>
      <trkpt lat="44.128980001" lon="7.097957005">
        <ele>667.59</ele>
      </trkpt>
      <trkpt lat="44.128926005" lon="7.097858">
        <ele>667.66</ele>
      </trkpt>
      <trkpt lat="44.128871004" lon="7.097763002">
        <ele>667.32</ele>
      </trkpt>
      <trkpt lat="44.128818997" lon="7.097679994">
        <ele>668.25</ele>
      </trkpt>
      <trkpt lat="44.128773003" lon="7.097608995">
        <ele>668.86</ele>
      </trkpt>
      <trkpt lat="44.128732996" lon="7.097549001">
        <ele>669.12</ele>
      </trkpt>
      <trkpt lat="44.128699998" lon="7.097491002">
        <ele>671.15</ele>
      </trkpt>
      <trkpt lat="44.128634001" lon="7.097382999">
        <ele>673.72</ele>
      </trkpt>
      <trkpt lat="44.128456001" lon="7.097103001">
        <ele>680.54</ele>
      </trkpt>
      <trkpt lat="44.128252998" lon="7.096877999">
        <ele>690.89</ele>
      </trkpt>
      <trkpt lat="44.128050004" lon="7.096652999">
        <ele>700.26</ele>
      </trkpt>
      <trkpt lat="44.127763002" lon="7.096347994">
        <ele>706.53</ele>
      </trkpt>
      <trkpt lat="44.127597003" lon="7.096082996">
        <ele>712.81</ele>
      </trkpt>
      <trkpt lat="44.127483999" lon="7.095804002">
        <ele>710.63</ele>
      </trkpt>
      <trkpt lat="44.127372002" lon="7.095525995">
        <ele>705.71</ele>
      </trkpt>
      <trkpt lat="44.127335999" lon="7.095416993">
        <ele>700.61</ele>
      </trkpt>
      <trkpt lat="44.127241997" lon="7.095167999">
        <ele>694.16</ele>
      </trkpt>
      <trkpt lat="44.127164997" lon="7.094969006">
        <ele>688.35</ele>
      </trkpt>
      <trkpt lat="44.127007004" lon="7.094659997">
        <ele>686.94</ele>
      </trkpt>
      <trkpt lat="44.126976003" lon="7.094624005">
        <ele>685.07</ele>
      </trkpt>
      <trkpt lat="44.126863996" lon="7.094486993">
        <ele>681.89</ele>
      </trkpt>
      <trkpt lat="44.126838557" lon="7.094456769">
        <ele>681.9</ele>
      </trkpt>
      <trkpt lat="44.126795006" lon="7.094404995">
        <ele>682.29</ele>
      </trkpt>
      <trkpt lat="44.126757" lon="7.094356999">
        <ele>681.91</ele>
      </trkpt>
      <trkpt lat="44.126524001" lon="7.094170005">
        <ele>682.06</ele>
      </trkpt>
      <trkpt lat="44.126272998" lon="7.094041999">
        <ele>686.73</ele>
      </trkpt>
      <trkpt lat="44.126231001" lon="7.094019992">
        <ele>693.08</ele>
      </trkpt>
      <trkpt lat="44.125963" lon="7.093898997">
        <ele>699.08</ele>
      </trkpt>
      <trkpt lat="44.125696" lon="7.093776998">
        <ele>706.03</ele>
      </trkpt>
      <trkpt lat="44.125492999" lon="7.093661001">
        <ele>707.08</ele>
      </trkpt>
      <trkpt lat="44.125208005" lon="7.093441002">
        <ele>705.18</ele>
      </trkpt>
      <trkpt lat="44.124966999" lon="7.093167995">
        <ele>700.92</ele>
      </trkpt>
      <trkpt lat="44.124727" lon="7.092896001">
        <ele>694.69</ele>
      </trkpt>
      <trkpt lat="44.124486001" lon="7.092622999">
        <ele>687.99</ele>
      </trkpt>
      <trkpt lat="44.124157999" lon="7.092374001">
        <ele>688.25</ele>
      </trkpt>
      <trkpt lat="44.123855999" lon="7.092253998">
        <ele>690.9</ele>
      </trkpt>
      <trkpt lat="44.123535999" lon="7.092183997">
        <ele>692.18</ele>
      </trkpt>
      <trkpt lat="44.123216006" lon="7.092115">
        <ele>698.35</ele>
      </trkpt>
      <trkpt lat="44.122896004" lon="7.092046002">
        <ele>706.97</ele>
      </trkpt>
      <trkpt lat="44.122509005" lon="7.091961997">
        <ele>712.07</ele>
      </trkpt>
      <trkpt lat="44.122121996" lon="7.091878004">
        <ele>713.13</ele>
      </trkpt>
      <trkpt lat="44.121849994" lon="7.091920001">
        <ele>712.2</ele>
      </trkpt>
      <trkpt lat="44.121563" lon="7.091945002">
        <ele>701.3</ele>
      </trkpt>
      <trkpt lat="44.121276998" lon="7.091969">
        <ele>685.64</ele>
      </trkpt>
      <trkpt lat="44.121185997" lon="7.091975997">
        <ele>677.21</ele>
      </trkpt>
      <trkpt lat="44.120939002" lon="7.092">
        <ele>665.4</ele>
      </trkpt>
      <trkpt lat="44.120721999" lon="7.092018993">
        <ele>657.7</ele>
      </trkpt>
      <trkpt lat="44.120416" lon="7.092048006">
        <ele>658.5</ele>
      </trkpt>
      <trkpt lat="44.120110001" lon="7.092077994">
        <ele>662.08</ele>
      </trkpt>
      <trkpt lat="44.119995001" lon="7.092090994">
        <ele>656.73</ele>
      </trkpt>
      <trkpt lat="44.119895001" lon="7.092122003">
        <ele>662.83</ele>
      </trkpt>
      <trkpt lat="44.119758998" lon="7.092165006">
        <ele>667.06</ele>
      </trkpt>
      <trkpt lat="44.119445998" lon="7.092275997">
        <ele>667.35</ele>
      </trkpt>
      <trkpt lat="44.119133997" lon="7.092387008">
        <ele>674.14</ele>
      </trkpt>
      <trkpt lat="44.118820997" lon="7.092497997">
        <ele>682.1</ele>
      </trkpt>
      <trkpt lat="44.118565001" lon="7.092601004">
        <ele>681.34</ele>
      </trkpt>
      <trkpt lat="44.118308005" lon="7.092705001">
        <ele>687.83</ele>
      </trkpt>
      <trkpt lat="44.118111002" lon="7.092743009">
        <ele>691.29</ele>
      </trkpt>
      <trkpt lat="44.117958998" lon="7.092754994">
        <ele>691.55</ele>
      </trkpt>
      <trkpt lat="44.117819" lon="7.092732002">
        <ele>686</ele>
      </trkpt>
      <trkpt lat="44.117668003" lon="7.092669998">
        <ele>683.65</ele>
      </trkpt>
      <trkpt lat="44.117424998" lon="7.092580001">
        <ele>674.85</ele>
      </trkpt>
      <trkpt lat="44.117169998" lon="7.092482999">
        <ele>670.02</ele>
      </trkpt>
      <trkpt lat="44.116915005" lon="7.092386999">
        <ele>657.36</ele>
      </trkpt>
      <trkpt lat="44.116658001" lon="7.092381004">
        <ele>653.16</ele>
      </trkpt>
      <trkpt lat="44.116388995" lon="7.092489">
        <ele>648.53</ele>
      </trkpt>
      <trkpt lat="44.116174005" lon="7.092675996">
        <ele>650.57</ele>
      </trkpt>
      <trkpt lat="44.115945001" lon="7.093065996">
        <ele>650.92</ele>
      </trkpt>
      <trkpt lat="44.115755998" lon="7.093458998">
        <ele>651.14</ele>
      </trkpt>
      <trkpt lat="44.115551998" lon="7.093885008">
        <ele>654.03</ele>
      </trkpt>
      <trkpt lat="44.115347005" lon="7.094311006">
        <ele>656.18</ele>
      </trkpt>
      <trkpt lat="44.115186002" lon="7.094749002">
        <ele>646.68</ele>
      </trkpt>
      <trkpt lat="44.115024998" lon="7.095187008">
        <ele>642.44</ele>
      </trkpt>
      <trkpt lat="44.114838999" lon="7.095478997">
        <ele>645.33</ele>
      </trkpt>
      <trkpt lat="44.114552004" lon="7.095777004">
        <ele>641.32</ele>
      </trkpt>
      <trkpt lat="44.114169999" lon="7.096101">
        <ele>643.4</ele>
      </trkpt>
      <trkpt lat="44.11392" lon="7.096239003">
        <ele>646.49</ele>
      </trkpt>
      <trkpt lat="44.11367" lon="7.096378007">
        <ele>647.1</ele>
      </trkpt>
      <trkpt lat="44.113468" lon="7.096491008">
        <ele>644.12</ele>
      </trkpt>
      <trkpt lat="44.113458001" lon="7.096494991">
        <ele>648.3</ele>
      </trkpt>
      <trkpt lat="44.113378004" lon="7.096542003">
        <ele>642.4</ele>
      </trkpt>
      <trkpt lat="44.113054003" lon="7.096844999">
        <ele>645.25</ele>
      </trkpt>
      <trkpt lat="44.112842" lon="7.097035998">
        <ele>651.32</ele>
      </trkpt>
      <trkpt lat="44.112630006" lon="7.097226997">
        <ele>655.35</ele>
      </trkpt>
      <trkpt lat="44.112411995" lon="7.097343005">
        <ele>653.4</ele>
      </trkpt>
      <trkpt lat="44.112165" lon="7.097392">
        <ele>653.71</ele>
      </trkpt>
      <trkpt lat="44.111917004" lon="7.097441998">
        <ele>652.46</ele>
      </trkpt>
      <trkpt lat="44.111679005" lon="7.097536998">
        <ele>648.6</ele>
      </trkpt>
      <trkpt lat="44.111441005" lon="7.097631998">
        <ele>642.14</ele>
      </trkpt>
      <trkpt lat="44.111386002" lon="7.097663996">
        <ele>638.8</ele>
      </trkpt>
      <trkpt lat="44.111122002" lon="7.097823994">
        <ele>639.47</ele>
      </trkpt>
      <trkpt lat="44.111010996" lon="7.097946998">
        <ele>638.27</ele>
      </trkpt>
      <trkpt lat="44.110764997" lon="7.098261001">
        <ele>630.65</ele>
      </trkpt>
      <trkpt lat="44.110569996" lon="7.098487001">
        <ele>631.35</ele>
      </trkpt>
      <trkpt lat="44.110374002" lon="7.098713002">
        <ele>626.19</ele>
      </trkpt>
      <trkpt lat="44.110172996" lon="7.099063003">
        <ele>617.89</ele>
      </trkpt>
      <trkpt lat="44.110083998" lon="7.099217999">
        <ele>616.72</ele>
      </trkpt>
      <trkpt lat="44.109861001" lon="7.099684007">
        <ele>620.32</ele>
      </trkpt>
      <trkpt lat="44.109638003" lon="7.100148997">
        <ele>619.59</ele>
      </trkpt>
      <trkpt lat="44.109415002" lon="7.100614997">
        <ele>624.23</ele>
      </trkpt>
      <trkpt lat="44.109196" lon="7.101004003">
        <ele>631.57</ele>
      </trkpt>
      <trkpt lat="44.108986003" lon="7.101378008">
        <ele>631.39</ele>
      </trkpt>
      <trkpt lat="44.108939998" lon="7.101433004">
        <ele>632.24</ele>
      </trkpt>
      <trkpt lat="44.108896994" lon="7.101487003">
        <ele>633.6</ele>
      </trkpt>
      <trkpt lat="44.108888001" lon="7.101499">
        <ele>631.31</ele>
      </trkpt>
      <trkpt lat="44.108831" lon="7.101573003">
        <ele>632.08</ele>
      </trkpt>
      <trkpt lat="44.108703005" lon="7.101731995">
        <ele>632.93</ele>
      </trkpt>
      <trkpt lat="44.108414996" lon="7.101911999">
        <ele>638.31</ele>
      </trkpt>
      <trkpt lat="44.108399998" lon="7.101912005">
        <ele>637.86</ele>
      </trkpt>
      <trkpt lat="44.108238004" lon="7.101971">
        <ele>639.03</ele>
      </trkpt>
      <trkpt lat="44.108086001" lon="7.102031992">
        <ele>643.08</ele>
      </trkpt>
      <trkpt lat="44.107853997" lon="7.102083996">
        <ele>646.35</ele>
      </trkpt>
      <trkpt lat="44.107665001" lon="7.102104005">
        <ele>642.18</ele>
      </trkpt>
      <trkpt lat="44.107377997" lon="7.102115002">
        <ele>645.38</ele>
      </trkpt>
      <trkpt lat="44.106961005" lon="7.102132003">
        <ele>648.71</ele>
      </trkpt>
      <trkpt lat="44.106664004" lon="7.102112997">
        <ele>648.35</ele>
      </trkpt>
      <trkpt lat="44.106447005" lon="7.102031995">
        <ele>648.8</ele>
      </trkpt>
      <trkpt lat="44.106079006" lon="7.101882999">
        <ele>650.7</ele>
      </trkpt>
      <trkpt lat="44.105818994" lon="7.101888002">
        <ele>648.6</ele>
      </trkpt>
      <trkpt lat="44.105551003" lon="7.101966">
        <ele>651.46</ele>
      </trkpt>
      <trkpt lat="44.105284003" lon="7.102043006">
        <ele>649.99</ele>
      </trkpt>
      <trkpt lat="44.104866006" lon="7.102139997">
        <ele>643.88</ele>
      </trkpt>
      <trkpt lat="44.104447001" lon="7.102236001">
        <ele>636.96</ele>
      </trkpt>
      <trkpt lat="44.104226999" lon="7.102378996">
        <ele>631.62</ele>
      </trkpt>
      <trkpt lat="44.104006006" lon="7.102521993">
        <ele>627.67</ele>
      </trkpt>
      <trkpt lat="44.103675998" lon="7.102606005">
        <ele>625.25</ele>
      </trkpt>
      <trkpt lat="44.103347" lon="7.10269">
        <ele>624.99</ele>
      </trkpt>
      <trkpt lat="44.103018002" lon="7.102774007">
        <ele>625.1</ele>
      </trkpt>
      <trkpt lat="44.102793002" lon="7.102831999">
        <ele>625.04</ele>
      </trkpt>
      <trkpt lat="44.102568" lon="7.102890991">
        <ele>627.34</ele>
      </trkpt>
      <trkpt lat="44.102256004" lon="7.103003001">
        <ele>625.07</ele>
      </trkpt>
      <trkpt lat="44.101842006" lon="7.103095002">
        <ele>625.76</ele>
      </trkpt>
      <trkpt lat="44.101399999" lon="7.103198001">
        <ele>628.33</ele>
      </trkpt>
      <trkpt lat="44.101054001" lon="7.103251997">
        <ele>629.11</ele>
      </trkpt>
      <trkpt lat="44.100708996" lon="7.103305">
        <ele>620.32</ele>
      </trkpt>
      <trkpt lat="44.100531004" lon="7.103338003">
        <ele>617.85</ele>
      </trkpt>
      <trkpt lat="44.100354" lon="7.103404995">
        <ele>610.89</ele>
      </trkpt>
      <trkpt lat="44.100179" lon="7.103450996">
        <ele>611.08</ele>
      </trkpt>
      <trkpt lat="44.100132003" lon="7.103454995">
        <ele>609.56</ele>
      </trkpt>
      <trkpt lat="44.099952001" lon="7.103475995">
        <ele>618.07</ele>
      </trkpt>
      <trkpt lat="44.099853996" lon="7.103514996">
        <ele>621.79</ele>
      </trkpt>
      <trkpt lat="44.099589002" lon="7.103594996">
        <ele>628.96</ele>
      </trkpt>
      <trkpt lat="44.099390999" lon="7.103636008">
        <ele>619.09</ele>
      </trkpt>
      <trkpt lat="44.099065994" lon="7.103656996">
        <ele>616.67</ele>
      </trkpt>
      <trkpt lat="44.098741005" lon="7.103678999">
        <ele>609.29</ele>
      </trkpt>
      <trkpt lat="44.098618002" lon="7.103691006">
        <ele>598.49</ele>
      </trkpt>
      <trkpt lat="44.098523995" lon="7.103713998">
        <ele>589.58</ele>
      </trkpt>
      <trkpt lat="44.098447998" lon="7.103753998">
        <ele>592.33</ele>
      </trkpt>
      <trkpt lat="44.098299002" lon="7.103861002">
        <ele>587.51</ele>
      </trkpt>
      <trkpt lat="44.097959" lon="7.104176003">
        <ele>588.84</ele>
      </trkpt>
      <trkpt lat="44.097866996" lon="7.104290997">
        <ele>599.14</ele>
      </trkpt>
      <trkpt lat="44.097751003" lon="7.104410999">
        <ele>599.81</ele>
      </trkpt>
      <trkpt lat="44.097663" lon="7.104500993">
        <ele>602.7</ele>
      </trkpt>
      <trkpt lat="44.097573995" lon="7.104567991">
        <ele>610.06</ele>
      </trkpt>
      <trkpt lat="44.097420999" lon="7.104629006">
        <ele>607.01</ele>
      </trkpt>
      <trkpt lat="44.097061995" lon="7.104757999">
        <ele>601.92</ele>
      </trkpt>
      <trkpt lat="44.096672003" lon="7.104919995">
        <ele>598.84</ele>
      </trkpt>
      <trkpt lat="44.096535005" lon="7.105018005">
        <ele>597.49</ele>
      </trkpt>
      <trkpt lat="44.096459998" lon="7.105096003">
        <ele>595.24</ele>
      </trkpt>
      <trkpt lat="44.096387997" lon="7.105195004">
        <ele>593.45</ele>
      </trkpt>
      <trkpt lat="44.096295001" lon="7.105378003">
        <ele>591.03</ele>
      </trkpt>
      <trkpt lat="44.096141994" lon="7.105682001">
        <ele>594.26</ele>
      </trkpt>
      <trkpt lat="44.096086997" lon="7.105777001">
        <ele>591.8</ele>
      </trkpt>
      <trkpt lat="44.096052995" lon="7.105830996">
        <ele>594.27</ele>
      </trkpt>
      <trkpt lat="44.095980998" lon="7.105896005">
        <ele>596.34</ele>
      </trkpt>
      <trkpt lat="44.095752001" lon="7.106047995">
        <ele>595.21</ele>
      </trkpt>
      <trkpt lat="44.095487997" lon="7.106220003">
        <ele>596.23</ele>
      </trkpt>
      <trkpt lat="44.095375003" lon="7.106271994">
        <ele>600.24</ele>
      </trkpt>
      <trkpt lat="44.095281002" lon="7.106290004">
        <ele>598.56</ele>
      </trkpt>
      <trkpt lat="44.095138996" lon="7.106298994">
        <ele>594.35</ele>
      </trkpt>
      <trkpt lat="44.094933996" lon="7.106298995">
        <ele>588.76</ele>
      </trkpt>
      <trkpt lat="44.09474" lon="7.106299003">
        <ele>586.21</ele>
      </trkpt>
      <trkpt lat="44.094509996" lon="7.106350996">
        <ele>581.02</ele>
      </trkpt>
      <trkpt lat="44.094326003" lon="7.106388992">
        <ele>577.45</ele>
      </trkpt>
      <trkpt lat="44.094311002" lon="7.106391998">
        <ele>578.12</ele>
      </trkpt>
      <trkpt lat="44.093952005" lon="7.106465">
        <ele>580.65</ele>
      </trkpt>
      <trkpt lat="44.093592999" lon="7.106539001">
        <ele>580.64</ele>
      </trkpt>
      <trkpt lat="44.093374" lon="7.106583996">
        <ele>575.87</ele>
      </trkpt>
      <trkpt lat="44.093224997" lon="7.106619004">
        <ele>574.95</ele>
      </trkpt>
      <trkpt lat="44.092996997" lon="7.106736003">
        <ele>571.23</ele>
      </trkpt>
      <trkpt lat="44.092768997" lon="7.106853002">
        <ele>566.8</ele>
      </trkpt>
      <trkpt lat="44.092538" lon="7.106972998">
        <ele>556.12</ele>
      </trkpt>
      <trkpt lat="44.092307004" lon="7.107092004">
        <ele>560.66</ele>
      </trkpt>
      <trkpt lat="44.092049002" lon="7.107227003">
        <ele>555.99</ele>
      </trkpt>
      <trkpt lat="44.091835" lon="7.107335994">
        <ele>552.62</ele>
      </trkpt>
      <trkpt lat="44.091621999" lon="7.107445005">
        <ele>558.14</ele>
      </trkpt>
      <trkpt lat="44.091317" lon="7.107582996">
        <ele>569.8</ele>
      </trkpt>
      <trkpt lat="44.091079998" lon="7.107716007">
        <ele>565.6</ele>
      </trkpt>
      <trkpt lat="44.090988995" lon="7.107761002">
        <ele>569.31</ele>
      </trkpt>
      <trkpt lat="44.09089" lon="7.107779997">
        <ele>572.12</ele>
      </trkpt>
      <trkpt lat="44.090780994" lon="7.107761006">
        <ele>567.62</ele>
      </trkpt>
      <trkpt lat="44.090598996" lon="7.107686997">
        <ele>560.33</ele>
      </trkpt>
      <trkpt lat="44.090496" lon="7.107602003">
        <ele>559.36</ele>
      </trkpt>
      <trkpt lat="44.090391994" lon="7.107516999">
        <ele>555.83</ele>
      </trkpt>
      <trkpt lat="44.090241997" lon="7.107402">
        <ele>555.63</ele>
      </trkpt>
      <trkpt lat="44.090108002" lon="7.107338001">
        <ele>559.44</ele>
      </trkpt>
      <trkpt lat="44.090045" lon="7.107335001">
        <ele>563.36</ele>
      </trkpt>
      <trkpt lat="44.089904997" lon="7.107348009">
        <ele>563.65</ele>
      </trkpt>
      <trkpt lat="44.089746998" lon="7.107366994">
        <ele>557.38</ele>
      </trkpt>
      <trkpt lat="44.089385995" lon="7.107474001">
        <ele>552.09</ele>
      </trkpt>
      <trkpt lat="44.089025003" lon="7.107580006">
        <ele>545.24</ele>
      </trkpt>
      <trkpt lat="44.088767" lon="7.107587002">
        <ele>538.64</ele>
      </trkpt>
      <trkpt lat="44.088569003" lon="7.107568998">
        <ele>536.36</ele>
      </trkpt>
      <trkpt lat="44.088186" lon="7.107511997">
        <ele>540.06</ele>
      </trkpt>
      <trkpt lat="44.088027001" lon="7.107462999">
        <ele>542.99</ele>
      </trkpt>
      <trkpt lat="44.087902999" lon="7.107418993">
        <ele>546.16</ele>
      </trkpt>
      <trkpt lat="44.087810006" lon="7.107358996">
        <ele>547.17</ele>
      </trkpt>
      <trkpt lat="44.087751997" lon="7.107307003">
        <ele>547.41</ele>
      </trkpt>
      <trkpt lat="44.087632" lon="7.107163005">
        <ele>548.8</ele>
      </trkpt>
      <trkpt lat="44.087395999" lon="7.106850003">
        <ele>548.79</ele>
      </trkpt>
      <trkpt lat="44.087310996" lon="7.106737994">
        <ele>547.54</ele>
      </trkpt>
      <trkpt lat="44.087257995" lon="7.106657004">
        <ele>547.4</ele>
      </trkpt>
      <trkpt lat="44.087219002" lon="7.106561997">
        <ele>546.28</ele>
      </trkpt>
      <trkpt lat="44.087178996" lon="7.106426992">
        <ele>544.62</ele>
      </trkpt>
      <trkpt lat="44.087127" lon="7.106292997">
        <ele>540.15</ele>
      </trkpt>
      <trkpt lat="44.087084999" lon="7.106221005">
        <ele>537.09</ele>
      </trkpt>
      <trkpt lat="44.087051997" lon="7.106176997">
        <ele>536.63</ele>
      </trkpt>
      <trkpt lat="44.087018998" lon="7.106154996">
        <ele>535.98</ele>
      </trkpt>
      <trkpt lat="44.086959004" lon="7.106140998">
        <ele>533.43</ele>
      </trkpt>
      <trkpt lat="44.086728998" lon="7.106102007">
        <ele>539.94</ele>
      </trkpt>
      <trkpt lat="44.086499001" lon="7.106063993">
        <ele>537.72</ele>
      </trkpt>
      <trkpt lat="44.08631" lon="7.106069001">
        <ele>532.46</ele>
      </trkpt>
      <trkpt lat="44.086246006" lon="7.106072995">
        <ele>530.58</ele>
      </trkpt>
      <trkpt lat="44.085966003" lon="7.106122997">
        <ele>526.91</ele>
      </trkpt>
      <trkpt lat="44.085857004" lon="7.106155">
        <ele>520.18</ele>
      </trkpt>
      <trkpt lat="44.085646001" lon="7.106236003">
        <ele>523.49</ele>
      </trkpt>
      <trkpt lat="44.085545002" lon="7.106264008">
        <ele>523.21</ele>
      </trkpt>
      <trkpt lat="44.08547" lon="7.106275997">
        <ele>521.36</ele>
      </trkpt>
      <trkpt lat="44.085331996" lon="7.106284999">
        <ele>525.02</ele>
      </trkpt>
      <trkpt lat="44.085251001" lon="7.106285002">
        <ele>523.98</ele>
      </trkpt>
      <trkpt lat="44.084937996" lon="7.106290995">
        <ele>524.54</ele>
      </trkpt>
      <trkpt lat="44.084834006" lon="7.106280997">
        <ele>532.56</ele>
      </trkpt>
      <trkpt lat="44.084716001" lon="7.106252996">
        <ele>534.8</ele>
      </trkpt>
      <trkpt lat="44.084634002" lon="7.106218005">
        <ele>536.91</ele>
      </trkpt>
      <trkpt lat="44.084582002" lon="7.106174002">
        <ele>539.64</ele>
      </trkpt>
      <trkpt lat="44.084488996" lon="7.106055006">
        <ele>538.28</ele>
      </trkpt>
      <trkpt lat="44.084428998" lon="7.105958">
        <ele>533.71</ele>
      </trkpt>
      <trkpt lat="44.084402004" lon="7.105890997">
        <ele>532.36</ele>
      </trkpt>
      <trkpt lat="44.084372995" lon="7.105772997">
        <ele>528.73</ele>
      </trkpt>
      <trkpt lat="44.084357004" lon="7.105688008">
        <ele>524.13</ele>
      </trkpt>
      <trkpt lat="44.084338999" lon="7.105625005">
        <ele>520.23</ele>
      </trkpt>
      <trkpt lat="44.084304" lon="7.105541007">
        <ele>517.7</ele>
      </trkpt>
      <trkpt lat="44.084238998" lon="7.105402004">
        <ele>514.53</ele>
      </trkpt>
      <trkpt lat="44.084175002" lon="7.105202997">
        <ele>511.63</ele>
      </trkpt>
      <trkpt lat="44.084133995" lon="7.105097998">
        <ele>510.88</ele>
      </trkpt>
      <trkpt lat="44.084115002" lon="7.105051003">
        <ele>509.84</ele>
      </trkpt>
      <trkpt lat="44.084064001" lon="7.104964">
        <ele>507.75</ele>
      </trkpt>
      <trkpt lat="44.084052006" lon="7.104950994">
        <ele>507.12</ele>
      </trkpt>
      <trkpt lat="44.084005995" lon="7.104896997">
        <ele>506.79</ele>
      </trkpt>
      <trkpt lat="44.083967999" lon="7.104878">
        <ele>506.71</ele>
      </trkpt>
      <trkpt lat="44.083922999" lon="7.104866">
        <ele>506.63</ele>
      </trkpt>
      <trkpt lat="44.083865004" lon="7.104878005">
        <ele>505.76</ele>
      </trkpt>
      <trkpt lat="44.083818998" lon="7.104913006">
        <ele>504.63</ele>
      </trkpt>
      <trkpt lat="44.083648999" lon="7.105040007">
        <ele>503.5</ele>
      </trkpt>
      <trkpt lat="44.083554" lon="7.105113006">
        <ele>502.29</ele>
      </trkpt>
      <trkpt lat="44.083416001" lon="7.105217997">
        <ele>501.21</ele>
      </trkpt>
      <trkpt lat="44.083402998" lon="7.105228999">
        <ele>502.04</ele>
      </trkpt>
      <trkpt lat="44.083372996" lon="7.105253002">
        <ele>500.89</ele>
      </trkpt>
      <trkpt lat="44.083242001" lon="7.105356997">
        <ele>502.24</ele>
      </trkpt>
      <trkpt lat="44.083097002" lon="7.105471997">
        <ele>502.13</ele>
      </trkpt>
      <trkpt lat="44.082970001" lon="7.105568003">
        <ele>501.88</ele>
      </trkpt>
      <trkpt lat="44.082901001" lon="7.105617996">
        <ele>501.01</ele>
      </trkpt>
      <trkpt lat="44.082870006" lon="7.105643003">
        <ele>502.15</ele>
      </trkpt>
      <trkpt lat="44.082715996" lon="7.105763001">
        <ele>499.1</ele>
      </trkpt>
      <trkpt lat="44.082653996" lon="7.105814">
        <ele>497.53</ele>
      </trkpt>
      <trkpt lat="44.082584004" lon="7.105869998">
        <ele>496.55</ele>
      </trkpt>
      <trkpt lat="44.082513001" lon="7.105926999">
        <ele>495.79</ele>
      </trkpt>
      <trkpt lat="44.082304001" lon="7.106086998">
        <ele>495.37</ele>
      </trkpt>
      <trkpt lat="44.082263994" lon="7.106117991">
        <ele>498.48</ele>
      </trkpt>
      <trkpt lat="44.082198996" lon="7.106166998">
        <ele>502.04</ele>
      </trkpt>
      <trkpt lat="44.081901" lon="7.106397998">
        <ele>502.81</ele>
      </trkpt>
      <trkpt lat="44.081817999" lon="7.106462995">
        <ele>503.91</ele>
      </trkpt>
      <trkpt lat="44.081793001" lon="7.106485008">
        <ele>504.2</ele>
      </trkpt>
      <trkpt lat="44.081733998" lon="7.106538997">
        <ele>504.26</ele>
      </trkpt>
      <trkpt lat="44.081424002" lon="7.106724005">
        <ele>505.31</ele>
      </trkpt>
      <trkpt lat="44.081296997" lon="7.106798001">
        <ele>509.74</ele>
      </trkpt>
      <trkpt lat="44.081215001" lon="7.106835001">
        <ele>514.97</ele>
      </trkpt>
      <trkpt lat="44.081167002" lon="7.106852001">
        <ele>521.87</ele>
      </trkpt>
      <trkpt lat="44.081116004" lon="7.106855007">
        <ele>528.53</ele>
      </trkpt>
      <trkpt lat="44.081071004" lon="7.106855996">
        <ele>527.6</ele>
      </trkpt>
      <trkpt lat="44.081012002" lon="7.106847997">
        <ele>526.1</ele>
      </trkpt>
      <trkpt lat="44.080938002" lon="7.106821998">
        <ele>524.88</ele>
      </trkpt>
      <trkpt lat="44.080739003" lon="7.106739002">
        <ele>523.87</ele>
      </trkpt>
      <trkpt lat="44.080636999" lon="7.106702005">
        <ele>521.52</ele>
      </trkpt>
      <trkpt lat="44.080460001" lon="7.106617997">
        <ele>526.9</ele>
      </trkpt>
      <trkpt lat="44.080427998" lon="7.106598996">
        <ele>531.32</ele>
      </trkpt>
      <trkpt lat="44.080386998" lon="7.106558003">
        <ele>534.23</ele>
      </trkpt>
      <trkpt lat="44.080332997" lon="7.106489004">
        <ele>533.32</ele>
      </trkpt>
      <trkpt lat="44.080178004" lon="7.106217001">
        <ele>531.05</ele>
      </trkpt>
      <trkpt lat="44.080058999" lon="7.105980991">
        <ele>525.84</ele>
      </trkpt>
      <trkpt lat="44.080007001" lon="7.105843">
        <ele>520.45</ele>
      </trkpt>
      <trkpt lat="44.079944001" lon="7.105647992">
        <ele>515.2</ele>
      </trkpt>
      <trkpt lat="44.079915002" lon="7.105571998">
        <ele>510.4</ele>
      </trkpt>
      <trkpt lat="44.079886002" lon="7.105509005">
        <ele>508.77</ele>
      </trkpt>
      <trkpt lat="44.079812002" lon="7.105402995">
        <ele>510.17</ele>
      </trkpt>
      <trkpt lat="44.079708002" lon="7.105319999">
        <ele>515.44</ele>
      </trkpt>
      <trkpt lat="44.079468997" lon="7.105229996">
        <ele>517.06</ele>
      </trkpt>
      <trkpt lat="44.079351998" lon="7.105185995">
        <ele>517.45</ele>
      </trkpt>
      <trkpt lat="44.079251995" lon="7.105154997">
        <ele>516.33</ele>
      </trkpt>
      <trkpt lat="44.079153" lon="7.105125997">
        <ele>513.78</ele>
      </trkpt>
      <trkpt lat="44.079125001" lon="7.105124001">
        <ele>506.43</ele>
      </trkpt>
      <trkpt lat="44.078880999" lon="7.105122004">
        <ele>504.47</ele>
      </trkpt>
      <trkpt lat="44.078740996" lon="7.105111998">
        <ele>507.45</ele>
      </trkpt>
      <trkpt lat="44.078638999" lon="7.105101998">
        <ele>507.02</ele>
      </trkpt>
      <trkpt lat="44.078548002" lon="7.105082002">
        <ele>506.69</ele>
      </trkpt>
      <trkpt lat="44.078469002" lon="7.105054997">
        <ele>509.98</ele>
      </trkpt>
      <trkpt lat="44.078154999" lon="7.104912001">
        <ele>512.73</ele>
      </trkpt>
      <trkpt lat="44.078044002" lon="7.104862008">
        <ele>514.44</ele>
      </trkpt>
      <trkpt lat="44.077971997" lon="7.104840996">
        <ele>513.11</ele>
      </trkpt>
      <trkpt lat="44.077938" lon="7.104835992">
        <ele>511.83</ele>
      </trkpt>
      <trkpt lat="44.077883006" lon="7.104841999">
        <ele>508.68</ele>
      </trkpt>
      <trkpt lat="44.077849001" lon="7.104848996">
        <ele>504.99</ele>
      </trkpt>
      <trkpt lat="44.077828001" lon="7.104855994">
        <ele>501.09</ele>
      </trkpt>
      <trkpt lat="44.077731996" lon="7.104926001">
        <ele>505.04</ele>
      </trkpt>
      <trkpt lat="44.077669003" lon="7.104985001">
        <ele>508.87</ele>
      </trkpt>
      <trkpt lat="44.077483997" lon="7.105175">
        <ele>503.11</ele>
      </trkpt>
      <trkpt lat="44.077396999" lon="7.105279999">
        <ele>496.1</ele>
      </trkpt>
      <trkpt lat="44.077333002" lon="7.105378005">
        <ele>494.29</ele>
      </trkpt>
      <trkpt lat="44.077273" lon="7.105511005">
        <ele>487.42</ele>
      </trkpt>
      <trkpt lat="44.077197003" lon="7.105697995">
        <ele>479.86</ele>
      </trkpt>
      <trkpt lat="44.077076004" lon="7.106003001">
        <ele>481.28</ele>
      </trkpt>
      <trkpt lat="44.076965999" lon="7.106259006">
        <ele>490.56</ele>
      </trkpt>
      <trkpt lat="44.076913002" lon="7.106378008">
        <ele>486.28</ele>
      </trkpt>
      <trkpt lat="44.076858003" lon="7.106479">
        <ele>493.8</ele>
      </trkpt>
      <trkpt lat="44.076772004" lon="7.106614996">
        <ele>492.41</ele>
      </trkpt>
      <trkpt lat="44.076613001" lon="7.106819005">
        <ele>493.13</ele>
      </trkpt>
      <trkpt lat="44.076474996" lon="7.107078997">
        <ele>496.68</ele>
      </trkpt>
      <trkpt lat="44.076215998" lon="7.107411998">
        <ele>500.37</ele>
      </trkpt>
      <trkpt lat="44.075999996" lon="7.107726998">
        <ele>498.44</ele>
      </trkpt>
      <trkpt lat="44.075880004" lon="7.107859998">
        <ele>507.83</ele>
      </trkpt>
      <trkpt lat="44.075741002" lon="7.107976997">
        <ele>509.66</ele>
      </trkpt>
      <trkpt lat="44.075540994" lon="7.108094002">
        <ele>501.93</ele>
      </trkpt>
      <trkpt lat="44.075391999" lon="7.108191001">
        <ele>502.49</ele>
      </trkpt>
      <trkpt lat="44.075302003" lon="7.108261996">
        <ele>494.49</ele>
      </trkpt>
      <trkpt lat="44.075207006" lon="7.108367995">
        <ele>486.52</ele>
      </trkpt>
      <trkpt lat="44.075100997" lon="7.108460997">
        <ele>487.22</ele>
      </trkpt>
      <trkpt lat="44.074782002" lon="7.108730994">
        <ele>489.05</ele>
      </trkpt>
      <trkpt lat="44.074608998" lon="7.108893999">
        <ele>486.66</ele>
      </trkpt>
      <trkpt lat="44.074429002" lon="7.109054998">
        <ele>492.35</ele>
      </trkpt>
      <trkpt lat="44.074234005" lon="7.109188998">
        <ele>492.58</ele>
      </trkpt>
      <trkpt lat="44.073933998" lon="7.109351">
        <ele>490.08</ele>
      </trkpt>
      <trkpt lat="44.073639003" lon="7.109475997">
        <ele>485.24</ele>
      </trkpt>
      <trkpt lat="44.073603002" lon="7.109490997">
        <ele>484.89</ele>
      </trkpt>
      <trkpt lat="44.073365003" lon="7.109584996">
        <ele>480.52</ele>
      </trkpt>
      <trkpt lat="44.073285002" lon="7.109601005">
        <ele>483.73</ele>
      </trkpt>
      <trkpt lat="44.073160999" lon="7.109630998">
        <ele>487.35</ele>
      </trkpt>
      <trkpt lat="44.072919002" lon="7.109675003">
        <ele>489.61</ele>
      </trkpt>
      <trkpt lat="44.072645999" lon="7.109691004">
        <ele>492.08</ele>
      </trkpt>
      <trkpt lat="44.072451003" lon="7.109674002">
        <ele>495.8</ele>
      </trkpt>
      <trkpt lat="44.072398999" lon="7.109663994">
        <ele>494.12</ele>
      </trkpt>
      <trkpt lat="44.072130998" lon="7.109608003">
        <ele>490.89</ele>
      </trkpt>
      <trkpt lat="44.071925999" lon="7.109579004">
        <ele>493.33</ele>
      </trkpt>
      <trkpt lat="44.071737996" lon="7.109556995">
        <ele>492</ele>
      </trkpt>
      <trkpt lat="44.071572004" lon="7.109545001">
        <ele>493.8</ele>
      </trkpt>
      <trkpt lat="44.071417006" lon="7.109546003">
        <ele>497.93</ele>
      </trkpt>
      <trkpt lat="44.071306" lon="7.109551008">
        <ele>495.35</ele>
      </trkpt>
      <trkpt lat="44.071261" lon="7.109557995">
        <ele>490.29</ele>
      </trkpt>
      <trkpt lat="44.071207006" lon="7.109581994">
        <ele>490.85</ele>
      </trkpt>
      <trkpt lat="44.071117004" lon="7.109680007">
        <ele>493.03</ele>
      </trkpt>
      <trkpt lat="44.070823996" lon="7.109981007">
        <ele>496.22</ele>
      </trkpt>
      <trkpt lat="44.070540004" lon="7.110219003">
        <ele>499.55</ele>
      </trkpt>
      <trkpt lat="44.070447003" lon="7.110285997">
        <ele>506.49</ele>
      </trkpt>
      <trkpt lat="44.070293996" lon="7.110400004">
        <ele>503.18</ele>
      </trkpt>
      <trkpt lat="44.069970995" lon="7.110628003">
        <ele>495.6</ele>
      </trkpt>
      <trkpt lat="44.069852995" lon="7.110711001">
        <ele>486.04</ele>
      </trkpt>
      <trkpt lat="44.069800997" lon="7.110761993">
        <ele>483.95</ele>
      </trkpt>
      <trkpt lat="44.069738003" lon="7.110831004">
        <ele>477.9</ele>
      </trkpt>
      <trkpt lat="44.069666002" lon="7.110932001">
        <ele>480.12</ele>
      </trkpt>
      <trkpt lat="44.069502999" lon="7.111212008">
        <ele>483.17</ele>
      </trkpt>
      <trkpt lat="44.069441994" lon="7.111306999">
        <ele>494.85</ele>
      </trkpt>
      <trkpt lat="44.069370001" lon="7.111396007">
        <ele>498.91</ele>
      </trkpt>
      <trkpt lat="44.069326" lon="7.111439002">
        <ele>496.31</ele>
      </trkpt>
      <trkpt lat="44.069276001" lon="7.111479">
        <ele>492.95</ele>
      </trkpt>
      <trkpt lat="44.068975" lon="7.111646004">
        <ele>488.36</ele>
      </trkpt>
      <trkpt lat="44.068897" lon="7.111709003">
        <ele>481.51</ele>
      </trkpt>
      <trkpt lat="44.068829001" lon="7.111773999">
        <ele>475.25</ele>
      </trkpt>
      <trkpt lat="44.068783004" lon="7.111830999">
        <ele>474.26</ele>
      </trkpt>
      <trkpt lat="44.068744999" lon="7.111907001">
        <ele>472.46</ele>
      </trkpt>
      <trkpt lat="44.068716005" lon="7.112002004">
        <ele>473.98</ele>
      </trkpt>
      <trkpt lat="44.068693" lon="7.112135001">
        <ele>471.49</ele>
      </trkpt>
      <trkpt lat="44.068653996" lon="7.112345004">
        <ele>472.25</ele>
      </trkpt>
      <trkpt lat="44.068564997" lon="7.112768001">
        <ele>475.99</ele>
      </trkpt>
      <trkpt lat="44.068438004" lon="7.113240999">
        <ele>484.92</ele>
      </trkpt>
      <trkpt lat="44.068328001" lon="7.113636">
        <ele>485.27</ele>
      </trkpt>
      <trkpt lat="44.068219005" lon="7.114030998">
        <ele>484.34</ele>
      </trkpt>
      <trkpt lat="44.068127" lon="7.114186002">
        <ele>491.8</ele>
      </trkpt>
      <trkpt lat="44.068001997" lon="7.114272996">
        <ele>493.98</ele>
      </trkpt>
      <trkpt lat="44.067748004" lon="7.114425995">
        <ele>488.13</ele>
      </trkpt>
      <trkpt lat="44.067493001" lon="7.114578995">
        <ele>493.72</ele>
      </trkpt>
      <trkpt lat="44.067275001" lon="7.114692997">
        <ele>498.88</ele>
      </trkpt>
      <trkpt lat="44.067057001" lon="7.114806997">
        <ele>501.19</ele>
      </trkpt>
      <trkpt lat="44.066987996" lon="7.114816005">
        <ele>504.5</ele>
      </trkpt>
      <trkpt lat="44.066841005" lon="7.114773998">
        <ele>512.48</ele>
      </trkpt>
      <trkpt lat="44.066725997" lon="7.114768004">
        <ele>513.15</ele>
      </trkpt>
      <trkpt lat="44.066638994" lon="7.114811995">
        <ele>514.09</ele>
      </trkpt>
      <trkpt lat="44.066486996" lon="7.114941006">
        <ele>514.35</ele>
      </trkpt>
      <trkpt lat="44.066410004" lon="7.114968997">
        <ele>516.96</ele>
      </trkpt>
      <trkpt lat="44.066327998" lon="7.114958002">
        <ele>511.99</ele>
      </trkpt>
      <trkpt lat="44.066258999" lon="7.114906001">
        <ele>510.39</ele>
      </trkpt>
      <trkpt lat="44.066128999" lon="7.114711994">
        <ele>503.74</ele>
      </trkpt>
      <trkpt lat="44.066061996" lon="7.114668">
        <ele>494.94</ele>
      </trkpt>
      <trkpt lat="44.065931003" lon="7.114631001">
        <ele>491.01</ele>
      </trkpt>
      <trkpt lat="44.065692005" lon="7.114571003">
        <ele>488.35</ele>
      </trkpt>
      <trkpt lat="44.065452999" lon="7.114509994">
        <ele>484.03</ele>
      </trkpt>
      <trkpt lat="44.065295999" lon="7.114494">
        <ele>483.68</ele>
      </trkpt>
      <trkpt lat="44.065231003" lon="7.114521997">
        <ele>482.44</ele>
      </trkpt>
      <trkpt lat="44.065174996" lon="7.114576004">
        <ele>472.54</ele>
      </trkpt>
      <trkpt lat="44.065117002" lon="7.114795005">
        <ele>472.71</ele>
      </trkpt>
      <trkpt lat="44.065041174" lon="7.115141444">
        <ele>471.85</ele>
      </trkpt>
      <trkpt lat="44.065008004" lon="7.115292996">
        <ele>470.32</ele>
      </trkpt>
      <trkpt lat="44.064973001" lon="7.115372007">
        <ele>470.43</ele>
      </trkpt>
      <trkpt lat="44.064895001" lon="7.115485993">
        <ele>473.09</ele>
      </trkpt>
      <trkpt lat="44.064873" lon="7.115532997">
        <ele>468.68</ele>
      </trkpt>
      <trkpt lat="44.064841999" lon="7.115595">
        <ele>464.14</ele>
      </trkpt>
      <trkpt lat="44.064786998" lon="7.115886997">
        <ele>464.93</ele>
      </trkpt>
      <trkpt lat="44.064745004" lon="7.116004999">
        <ele>460.83</ele>
      </trkpt>
      <trkpt lat="44.064664003" lon="7.116129003">
        <ele>456.68</ele>
      </trkpt>
      <trkpt lat="44.064568002" lon="7.116318003">
        <ele>459.29</ele>
      </trkpt>
      <trkpt lat="44.064560999" lon="7.116427">
        <ele>466.66</ele>
      </trkpt>
      <trkpt lat="44.064594001" lon="7.116749">
        <ele>464.92</ele>
      </trkpt>
      <trkpt lat="44.064602996" lon="7.117011005">
        <ele>471.54</ele>
      </trkpt>
      <trkpt lat="44.064559998" lon="7.117124996">
        <ele>482.89</ele>
      </trkpt>
      <trkpt lat="44.064449997" lon="7.117240999">
        <ele>485.26</ele>
      </trkpt>
      <trkpt lat="44.064322004" lon="7.117267994">
        <ele>483.86</ele>
      </trkpt>
      <trkpt lat="44.064213" lon="7.117243994">
        <ele>491.06</ele>
      </trkpt>
      <trkpt lat="44.063941002" lon="7.117148002">
        <ele>490.65</ele>
      </trkpt>
      <trkpt lat="44.063787999" lon="7.117107006">
        <ele>491.36</ele>
      </trkpt>
      <trkpt lat="44.063675001" lon="7.117095003">
        <ele>496.69</ele>
      </trkpt>
      <trkpt lat="44.063487001" lon="7.117135004">
        <ele>497.7</ele>
      </trkpt>
      <trkpt lat="44.063196998" lon="7.117197006">
        <ele>497.97</ele>
      </trkpt>
      <trkpt lat="44.063065998" lon="7.117199998">
        <ele>499.21</ele>
      </trkpt>
      <trkpt lat="44.062924002" lon="7.117134002">
        <ele>496.9</ele>
      </trkpt>
      <trkpt lat="44.062753004" lon="7.117023">
        <ele>488.4</ele>
      </trkpt>
      <trkpt lat="44.062671" lon="7.116999992">
        <ele>483.82</ele>
      </trkpt>
      <trkpt lat="44.062611001" lon="7.117018997">
        <ele>481.53</ele>
      </trkpt>
      <trkpt lat="44.062522006" lon="7.117159002">
        <ele>476.66</ele>
      </trkpt>
      <trkpt lat="44.062426006" lon="7.117375003">
        <ele>471.35</ele>
      </trkpt>
      <trkpt lat="44.062247004" lon="7.117667997">
        <ele>473.56</ele>
      </trkpt>
      <trkpt lat="44.062079002" lon="7.117941001">
        <ele>477.44</ele>
      </trkpt>
      <trkpt lat="44.062006002" lon="7.117996997">
        <ele>477.74</ele>
      </trkpt>
      <trkpt lat="44.061932999" lon="7.118003998">
        <ele>482.38</ele>
      </trkpt>
      <trkpt lat="44.061830994" lon="7.117988003">
        <ele>488.54</ele>
      </trkpt>
      <trkpt lat="44.061679998" lon="7.117949001">
        <ele>492.85</ele>
      </trkpt>
      <trkpt lat="44.061584002" lon="7.117957">
        <ele>501.1</ele>
      </trkpt>
      <trkpt lat="44.061402999" lon="7.118017001">
        <ele>502.39</ele>
      </trkpt>
      <trkpt lat="44.061257001" lon="7.118037003">
        <ele>509.03</ele>
      </trkpt>
      <trkpt lat="44.061151999" lon="7.118019003">
        <ele>509.95</ele>
      </trkpt>
      <trkpt lat="44.061041001" lon="7.117951002">
        <ele>515</ele>
      </trkpt>
      <trkpt lat="44.060857995" lon="7.117768992">
        <ele>504.9</ele>
      </trkpt>
      <trkpt lat="44.060741999" lon="7.117704004">
        <ele>501.22</ele>
      </trkpt>
      <trkpt lat="44.060641999" lon="7.117668995">
        <ele>497.36</ele>
      </trkpt>
      <trkpt lat="44.060523996" lon="7.117682001">
        <ele>492.84</ele>
      </trkpt>
      <trkpt lat="44.060305002" lon="7.117715992">
        <ele>487.82</ele>
      </trkpt>
      <trkpt lat="44.060137997" lon="7.11773">
        <ele>494.06</ele>
      </trkpt>
      <trkpt lat="44.059978003" lon="7.117744002">
        <ele>490.92</ele>
      </trkpt>
      <trkpt lat="44.059896003" lon="7.117769999">
        <ele>489.78</ele>
      </trkpt>
      <trkpt lat="44.059829998" lon="7.117858994">
        <ele>492.79</ele>
      </trkpt>
      <trkpt lat="44.059566" lon="7.118218996">
        <ele>493.78</ele>
      </trkpt>
      <trkpt lat="44.059527996" lon="7.118246003">
        <ele>489.43</ele>
      </trkpt>
      <trkpt lat="44.059452005" lon="7.118261998">
        <ele>494.31</ele>
      </trkpt>
      <trkpt lat="44.059262003" lon="7.118268003">
        <ele>495.15</ele>
      </trkpt>
      <trkpt lat="44.059158996" lon="7.118293003">
        <ele>494.89</ele>
      </trkpt>
      <trkpt lat="44.059028999" lon="7.118389999">
        <ele>496.15</ele>
      </trkpt>
      <trkpt lat="44.058706004" lon="7.118625007">
        <ele>498.4</ele>
      </trkpt>
      <trkpt lat="44.058604999" lon="7.118649001">
        <ele>503.43</ele>
      </trkpt>
      <trkpt lat="44.058470996" lon="7.118652997">
        <ele>504.85</ele>
      </trkpt>
      <trkpt lat="44.058313" lon="7.118624">
        <ele>503.49</ele>
      </trkpt>
      <trkpt lat="44.058134999" lon="7.118531004">
        <ele>500.09</ele>
      </trkpt>
      <trkpt lat="44.057984994" lon="7.11843">
        <ele>495.22</ele>
      </trkpt>
      <trkpt lat="44.057927004" lon="7.118416004">
        <ele>495.26</ele>
      </trkpt>
      <trkpt lat="44.057836006" lon="7.118437998">
        <ele>490.49</ele>
      </trkpt>
      <trkpt lat="44.057654002" lon="7.118538">
        <ele>490.5</ele>
      </trkpt>
      <trkpt lat="44.057601998" lon="7.118589999">
        <ele>491.29</ele>
      </trkpt>
      <trkpt lat="44.057547994" lon="7.118663999">
        <ele>497.79</ele>
      </trkpt>
      <trkpt lat="44.057497994" lon="7.118758996">
        <ele>497.01</ele>
      </trkpt>
      <trkpt lat="44.057456998" lon="7.118820003">
        <ele>492.37</ele>
      </trkpt>
      <trkpt lat="44.05741" lon="7.118864003">
        <ele>489.78</ele>
      </trkpt>
      <trkpt lat="44.057348001" lon="7.118899006">
        <ele>497.82</ele>
      </trkpt>
      <trkpt lat="44.057276998" lon="7.118934995">
        <ele>504.44</ele>
      </trkpt>
      <trkpt lat="44.057210999" lon="7.118951999">
        <ele>510.64</ele>
      </trkpt>
      <trkpt lat="44.056938005" lon="7.118983999">
        <ele>523.56</ele>
      </trkpt>
      <trkpt lat="44.056842994" lon="7.118985006">
        <ele>533.82</ele>
      </trkpt>
      <trkpt lat="44.056789999" lon="7.118975008">
        <ele>524.87</ele>
      </trkpt>
      <trkpt lat="44.056728001" lon="7.118947999">
        <ele>518.59</ele>
      </trkpt>
      <trkpt lat="44.056615999" lon="7.118877004">
        <ele>501.39</ele>
      </trkpt>
      <trkpt lat="44.056553999" lon="7.118839997">
        <ele>489.77</ele>
      </trkpt>
      <trkpt lat="44.056507004" lon="7.118825997">
        <ele>478.57</ele>
      </trkpt>
      <trkpt lat="44.056456997" lon="7.118818003">
        <ele>475.52</ele>
      </trkpt>
      <trkpt lat="44.056406996" lon="7.118829005">
        <ele>477.34</ele>
      </trkpt>
      <trkpt lat="44.056353997" lon="7.118866996">
        <ele>482.65</ele>
      </trkpt>
      <trkpt lat="44.056295998" lon="7.118964999">
        <ele>490.01</ele>
      </trkpt>
      <trkpt lat="44.056211001" lon="7.119060997">
        <ele>498.38</ele>
      </trkpt>
      <trkpt lat="44.055922995" lon="7.1194">
        <ele>508.19</ele>
      </trkpt>
      <trkpt lat="44.055840004" lon="7.119430995">
        <ele>508.32</ele>
      </trkpt>
      <trkpt lat="44.055741" lon="7.119437998">
        <ele>511.53</ele>
      </trkpt>
      <trkpt lat="44.055599999" lon="7.119371002">
        <ele>512.59</ele>
      </trkpt>
      <trkpt lat="44.055244" lon="7.119167994">
        <ele>503.32</ele>
      </trkpt>
      <trkpt lat="44.055139001" lon="7.119064003">
        <ele>495.47</ele>
      </trkpt>
      <trkpt lat="44.054998998" lon="7.118864002">
        <ele>482.38</ele>
      </trkpt>
      <trkpt lat="44.054874003" lon="7.118779997">
        <ele>474.87</ele>
      </trkpt>
      <trkpt lat="44.054766997" lon="7.118747006">
        <ele>459.62</ele>
      </trkpt>
      <trkpt lat="44.054653001" lon="7.118740004">
        <ele>452.42</ele>
      </trkpt>
      <trkpt lat="44.054557999" lon="7.118786">
        <ele>445.86</ele>
      </trkpt>
      <trkpt lat="44.054481996" lon="7.118893994">
        <ele>444.32</ele>
      </trkpt>
      <trkpt lat="44.054452001" lon="7.119040997">
        <ele>446.59</ele>
      </trkpt>
      <trkpt lat="44.054490001" lon="7.119206993">
        <ele>454.13</ele>
      </trkpt>
      <trkpt lat="44.054648998" lon="7.119504995">
        <ele>460.45</ele>
      </trkpt>
      <trkpt lat="44.054689995" lon="7.119622997">
        <ele>463.24</ele>
      </trkpt>
      <trkpt lat="44.054703006" lon="7.119730999">
        <ele>469.74</ele>
      </trkpt>
      <trkpt lat="44.054703001" lon="7.120019001">
        <ele>467.58</ele>
      </trkpt>
      <trkpt lat="44.054731997" lon="7.120363002">
        <ele>470.49</ele>
      </trkpt>
      <trkpt lat="44.054757003" lon="7.120571999">
        <ele>473.25</ele>
      </trkpt>
      <trkpt lat="44.054747004" lon="7.120696993">
        <ele>473.96</ele>
      </trkpt>
      <trkpt lat="44.054710002" lon="7.120884003">
        <ele>479.69</ele>
      </trkpt>
      <trkpt lat="44.054679003" lon="7.121014999">
        <ele>486.54</ele>
      </trkpt>
      <trkpt lat="44.054662" lon="7.121118004">
        <ele>488.2</ele>
      </trkpt>
      <trkpt lat="44.054655001" lon="7.121199001">
        <ele>489.49</ele>
      </trkpt>
      <trkpt lat="44.054653002" lon="7.121298007">
        <ele>491.67</ele>
      </trkpt>
      <trkpt lat="44.054648997" lon="7.121421998">
        <ele>487.69</ele>
      </trkpt>
      <trkpt lat="44.054682003" lon="7.121404006">
        <ele>485.2</ele>
      </trkpt>
      <trkpt lat="44.054699998" lon="7.121366994">
        <ele>485.72</ele>
      </trkpt>
      <trkpt lat="44.054706004" lon="7.121326002">
        <ele>483.97</ele>
      </trkpt>
      <trkpt lat="44.054724" lon="7.121177006">
        <ele>483.9</ele>
      </trkpt>
      <trkpt lat="44.054763004" lon="7.120934005">
        <ele>479.31</ele>
      </trkpt>
      <trkpt lat="44.054812998" lon="7.120716007">
        <ele>477.38</ele>
      </trkpt>
      <trkpt lat="44.054822995" lon="7.120587001">
        <ele>471.93</ele>
      </trkpt>
      <trkpt lat="44.054816999" lon="7.120293002">
        <ele>471.93</ele>
      </trkpt>
      <trkpt lat="44.054802999" lon="7.119686003">
        <ele>468</ele>
      </trkpt>
      <trkpt lat="44.054790994" lon="7.119563002">
        <ele>470.76</ele>
      </trkpt>
      <trkpt lat="44.054747002" lon="7.119328999">
        <ele>472.13</ele>
      </trkpt>
      <trkpt lat="44.054708003" lon="7.119133999">
        <ele>468.21</ele>
      </trkpt>
      <trkpt lat="44.054710005" lon="7.118992992">
        <ele>461.97</ele>
      </trkpt>
      <trkpt lat="44.054732001" lon="7.118905007">
        <ele>456.87</ele>
      </trkpt>
      <trkpt lat="44.054787995" lon="7.118883005">
        <ele>462.21</ele>
      </trkpt>
      <trkpt lat="44.054841002" lon="7.118908">
        <ele>461.03</ele>
      </trkpt>
      <trkpt lat="44.05487" lon="7.118977995">
        <ele>465.66</ele>
      </trkpt>
      <trkpt lat="44.054853998" lon="7.119071">
        <ele>469.49</ele>
      </trkpt>
      <trkpt lat="44.054842994" lon="7.119183">
        <ele>482.06</ele>
      </trkpt>
      <trkpt lat="44.054843994" lon="7.119318001">
        <ele>480.05</ele>
      </trkpt>
      <trkpt lat="44.054888" lon="7.119481998">
        <ele>483.95</ele>
      </trkpt>
      <trkpt lat="44.054923001" lon="7.119634994">
        <ele>489.98</ele>
      </trkpt>
      <trkpt lat="44.054954004" lon="7.119925993">
        <ele>497.87</ele>
      </trkpt>
      <trkpt lat="44.054991001" lon="7.120288008">
        <ele>496.59</ele>
      </trkpt>
      <trkpt lat="44.055052" lon="7.120759998">
        <ele>503.28</ele>
      </trkpt>
      <trkpt lat="44.055059004" lon="7.120903995">
        <ele>507.66</ele>
      </trkpt>
      <trkpt lat="44.055040002" lon="7.121062005">
        <ele>507.77</ele>
      </trkpt>
      <trkpt lat="44.054998003" lon="7.121217999">
        <ele>511.4</ele>
      </trkpt>
      <trkpt lat="44.054837998" lon="7.121670993">
        <ele>519.46</ele>
      </trkpt>
      <trkpt lat="44.054678002" lon="7.122122998">
        <ele>517.29</ele>
      </trkpt>
      <trkpt lat="44.054600999" lon="7.122371992">
        <ele>515.5</ele>
      </trkpt>
      <trkpt lat="44.054548999" lon="7.122486007">
        <ele>520.01</ele>
      </trkpt>
      <trkpt lat="44.054461998" lon="7.122647998">
        <ele>519.63</ele>
      </trkpt>
      <trkpt lat="44.054413999" lon="7.122812002">
        <ele>518.41</ele>
      </trkpt>
      <trkpt lat="44.054391002" lon="7.122992002">
        <ele>519.97</ele>
      </trkpt>
      <trkpt lat="44.054410998" lon="7.123212995">
        <ele>521.72</ele>
      </trkpt>
      <trkpt lat="44.054423" lon="7.123363001">
        <ele>524.88</ele>
      </trkpt>
      <trkpt lat="44.054410997" lon="7.123454995">
        <ele>522.95</ele>
      </trkpt>
      <trkpt lat="44.054368001" lon="7.123596005">
        <ele>522.88</ele>
      </trkpt>
      <trkpt lat="44.054294" lon="7.123830992">
        <ele>522.99</ele>
      </trkpt>
      <trkpt lat="44.05427" lon="7.123978002">
        <ele>522.67</ele>
      </trkpt>
      <trkpt lat="44.054265003" lon="7.124089998">
        <ele>521.18</ele>
      </trkpt>
      <trkpt lat="44.054259002" lon="7.124220005">
        <ele>524.94</ele>
      </trkpt>
      <trkpt lat="44.054287998" lon="7.124463994">
        <ele>524.18</ele>
      </trkpt>
      <trkpt lat="44.054300006" lon="7.124597993">
        <ele>528.2</ele>
      </trkpt>
      <trkpt lat="44.054291995" lon="7.124700999">
        <ele>533.57</ele>
      </trkpt>
      <trkpt lat="44.054257003" lon="7.124850998">
        <ele>541.88</ele>
      </trkpt>
      <trkpt lat="44.054155005" lon="7.125162995">
        <ele>547.26</ele>
      </trkpt>
      <trkpt lat="44.054076996" lon="7.125356">
        <ele>554.55</ele>
      </trkpt>
      <trkpt lat="44.054003994" lon="7.125437997">
        <ele>556.26</ele>
      </trkpt>
      <trkpt lat="44.053898997" lon="7.125493004">
        <ele>554.26</ele>
      </trkpt>
      <trkpt lat="44.053635003" lon="7.125553003">
        <ele>553.32</ele>
      </trkpt>
      <trkpt lat="44.053371" lon="7.125613001">
        <ele>556.61</ele>
      </trkpt>
      <trkpt lat="44.053304996" lon="7.125643006">
        <ele>558.33</ele>
      </trkpt>
      <trkpt lat="44.053261001" lon="7.125711008">
        <ele>566.93</ele>
      </trkpt>
      <trkpt lat="44.053247999" lon="7.125807001">
        <ele>572.21</ele>
      </trkpt>
      <trkpt lat="44.053217997" lon="7.126071003">
        <ele>570.24</ele>
      </trkpt>
      <trkpt lat="44.053183995" lon="7.126183006">
        <ele>567.63</ele>
      </trkpt>
      <trkpt lat="44.053117002" lon="7.126260999">
        <ele>564.97</ele>
      </trkpt>
      <trkpt lat="44.052962002" lon="7.126418999">
        <ele>556.71</ele>
      </trkpt>
      <trkpt lat="44.052904002" lon="7.126523999">
        <ele>563.81</ele>
      </trkpt>
      <trkpt lat="44.052835004" lon="7.126775998">
        <ele>572.1</ele>
      </trkpt>
      <trkpt lat="44.052762006" lon="7.127010998">
        <ele>575.59</ele>
      </trkpt>
      <trkpt lat="44.052672999" lon="7.12715">
        <ele>581.58</ele>
      </trkpt>
      <trkpt lat="44.052604" lon="7.127198005">
        <ele>585.33</ele>
      </trkpt>
      <trkpt lat="44.052479004" lon="7.127193999">
        <ele>581.88</ele>
      </trkpt>
      <trkpt lat="44.052241996" lon="7.127155001">
        <ele>571.91</ele>
      </trkpt>
      <trkpt lat="44.052148" lon="7.127163003">
        <ele>567.48</ele>
      </trkpt>
      <trkpt lat="44.052083003" lon="7.127200001">
        <ele>568.47</ele>
      </trkpt>
      <trkpt lat="44.051992001" lon="7.127287997">
        <ele>572.36</ele>
      </trkpt>
      <trkpt lat="44.051904001" lon="7.127444003">
        <ele>566.16</ele>
      </trkpt>
      <trkpt lat="44.051828995" lon="7.127580995">
        <ele>574.98</ele>
      </trkpt>
      <trkpt lat="44.051796998" lon="7.127624997">
        <ele>583.29</ele>
      </trkpt>
      <trkpt lat="44.051622" lon="7.127739001">
        <ele>583.21</ele>
      </trkpt>
      <trkpt lat="44.051579997" lon="7.127794999">
        <ele>575.2</ele>
      </trkpt>
      <trkpt lat="44.051553002" lon="7.127914004">
        <ele>582.48</ele>
      </trkpt>
      <trkpt lat="44.051520999" lon="7.128037006">
        <ele>580.4</ele>
      </trkpt>
      <trkpt lat="44.051479998" lon="7.128139999">
        <ele>578.97</ele>
      </trkpt>
      <trkpt lat="44.051413998" lon="7.128253">
        <ele>578.79</ele>
      </trkpt>
      <trkpt lat="44.051318998" lon="7.128386002">
        <ele>586.45</ele>
      </trkpt>
      <trkpt lat="44.051260999" lon="7.128468004">
        <ele>587.57</ele>
      </trkpt>
      <trkpt lat="44.051214004" lon="7.128561002">
        <ele>588.5</ele>
      </trkpt>
      <trkpt lat="44.051183996" lon="7.128648997">
        <ele>588.81</ele>
      </trkpt>
      <trkpt lat="44.051154004" lon="7.128764997">
        <ele>589.09</ele>
      </trkpt>
      <trkpt lat="44.051128" lon="7.128883998">
        <ele>601.58</ele>
      </trkpt>
      <trkpt lat="44.051089998" lon="7.128971999">
        <ele>603.69</ele>
      </trkpt>
      <trkpt lat="44.051037998" lon="7.129045002">
        <ele>609.06</ele>
      </trkpt>
      <trkpt lat="44.050964001" lon="7.129105999">
        <ele>609.75</ele>
      </trkpt>
      <trkpt lat="44.050874999" lon="7.129155997">
        <ele>618.23</ele>
      </trkpt>
      <trkpt lat="44.050638003" lon="7.129291">
        <ele>617.98</ele>
      </trkpt>
      <trkpt lat="44.050399996" lon="7.129426003">
        <ele>629.1</ele>
      </trkpt>
      <trkpt lat="44.050209999" lon="7.129539997">
        <ele>624.26</ele>
      </trkpt>
      <trkpt lat="44.050165002" lon="7.129592001">
        <ele>625.86</ele>
      </trkpt>
      <trkpt lat="44.050092996" lon="7.129684993">
        <ele>620.87</ele>
      </trkpt>
      <trkpt lat="44.050020999" lon="7.129730001">
        <ele>602.38</ele>
      </trkpt>
      <trkpt lat="44.049965998" lon="7.129750001">
        <ele>584.12</ele>
      </trkpt>
      <trkpt lat="44.049839995" lon="7.129781005">
        <ele>579.47</ele>
      </trkpt>
      <trkpt lat="44.049784" lon="7.129791998">
        <ele>590.18</ele>
      </trkpt>
      <trkpt lat="44.049743999" lon="7.129805002">
        <ele>601.51</ele>
      </trkpt>
      <trkpt lat="44.049703" lon="7.129832004">
        <ele>623.31</ele>
      </trkpt>
      <trkpt lat="44.049641005" lon="7.129883997">
        <ele>644.64</ele>
      </trkpt>
      <trkpt lat="44.049625" lon="7.129899005">
        <ele>646.92</ele>
      </trkpt>
      <trkpt lat="44.049598996" lon="7.129932006">
        <ele>633.45</ele>
      </trkpt>
      <trkpt lat="44.049568003" lon="7.130000008">
        <ele>619.56</ele>
      </trkpt>
      <trkpt lat="44.049530001" lon="7.130056005">
        <ele>606.49</ele>
      </trkpt>
      <trkpt lat="44.049485997" lon="7.130101007">
        <ele>593.92</ele>
      </trkpt>
      <trkpt lat="44.049453997" lon="7.130126">
        <ele>600.65</ele>
      </trkpt>
      <trkpt lat="44.049427003" lon="7.130132001">
        <ele>608.72</ele>
      </trkpt>
      <trkpt lat="44.049405002" lon="7.130138001">
        <ele>617.21</ele>
      </trkpt>
      <trkpt lat="44.049353999" lon="7.130138997">
        <ele>607.58</ele>
      </trkpt>
      <trkpt lat="44.049310998" lon="7.130145998">
        <ele>597</ele>
      </trkpt>
      <trkpt lat="44.049301999" lon="7.130148006">
        <ele>586.39</ele>
      </trkpt>
      <trkpt lat="44.049294" lon="7.130150999">
        <ele>576.25</ele>
      </trkpt>
      <trkpt lat="44.049270994" lon="7.130160001">
        <ele>571.18</ele>
      </trkpt>
      <trkpt lat="44.049199998" lon="7.130199994">
        <ele>583.58</ele>
      </trkpt>
      <trkpt lat="44.048922" lon="7.130388992">
        <ele>587.36</ele>
      </trkpt>
      <trkpt lat="44.048780001" lon="7.130487996">
        <ele>590.16</ele>
      </trkpt>
      <trkpt lat="44.048730997" lon="7.130521001">
        <ele>589.84</ele>
      </trkpt>
      <trkpt lat="44.048701999" lon="7.130555009">
        <ele>589.28</ele>
      </trkpt>
      <trkpt lat="44.048668004" lon="7.130602998">
        <ele>586.67</ele>
      </trkpt>
      <trkpt lat="44.048614006" lon="7.130683998">
        <ele>585.76</ele>
      </trkpt>
      <trkpt lat="44.048501995" lon="7.130886005">
        <ele>589.04</ele>
      </trkpt>
      <trkpt lat="44.048410002" lon="7.131050003">
        <ele>591.58</ele>
      </trkpt>
      <trkpt lat="44.048392994" lon="7.131118993">
        <ele>586.36</ele>
      </trkpt>
      <trkpt lat="44.048393996" lon="7.131186005">
        <ele>584.37</ele>
      </trkpt>
      <trkpt lat="44.048404" lon="7.131259993">
        <ele>587.62</ele>
      </trkpt>
      <trkpt lat="44.048492001" lon="7.131582008">
        <ele>586.93</ele>
      </trkpt>
      <trkpt lat="44.04855" lon="7.131825997">
        <ele>586.92</ele>
      </trkpt>
      <trkpt lat="44.048586" lon="7.131928001">
        <ele>587.75</ele>
      </trkpt>
      <trkpt lat="44.048639005" lon="7.132009998">
        <ele>586.82</ele>
      </trkpt>
      <trkpt lat="44.048697003" lon="7.132071003">
        <ele>587.23</ele>
      </trkpt>
      <trkpt lat="44.048748999" lon="7.132101007">
        <ele>588.07</ele>
      </trkpt>
      <trkpt lat="44.048807998" lon="7.132119999">
        <ele>590.12</ele>
      </trkpt>
      <trkpt lat="44.048878" lon="7.132123995">
        <ele>594.07</ele>
      </trkpt>
      <trkpt lat="44.048984004" lon="7.132114">
        <ele>599.01</ele>
      </trkpt>
      <trkpt lat="44.049213001" lon="7.132046996">
        <ele>602.31</ele>
      </trkpt>
      <trkpt lat="44.0493" lon="7.132041005">
        <ele>606.13</ele>
      </trkpt>
      <trkpt lat="44.049373" lon="7.132052005">
        <ele>609.98</ele>
      </trkpt>
      <trkpt lat="44.049476001" lon="7.132111005">
        <ele>609.8</ele>
      </trkpt>
      <trkpt lat="44.049572006" lon="7.132177007">
        <ele>609.67</ele>
      </trkpt>
      <trkpt lat="44.049660998" lon="7.132238002">
        <ele>612.12</ele>
      </trkpt>
      <trkpt lat="44.049764997" lon="7.132282992">
        <ele>611.47</ele>
      </trkpt>
      <trkpt lat="44.049848" lon="7.132305003">
        <ele>610.28</ele>
      </trkpt>
      <trkpt lat="44.050068998" lon="7.132344995">
        <ele>611.59</ele>
      </trkpt>
      <trkpt lat="44.050119002" lon="7.132369995">
        <ele>611.6</ele>
      </trkpt>
      <trkpt lat="44.050153999" lon="7.132400003">
        <ele>610.33</ele>
      </trkpt>
      <trkpt lat="44.050191999" lon="7.132444999">
        <ele>609.92</ele>
      </trkpt>
      <trkpt lat="44.050222999" lon="7.132509005">
        <ele>608.65</ele>
      </trkpt>
      <trkpt lat="44.050283001" lon="7.132693006">
        <ele>606.77</ele>
      </trkpt>
      <trkpt lat="44.050458001" lon="7.133221003">
        <ele>605.05</ele>
      </trkpt>
      <trkpt lat="44.050514996" lon="7.133387004">
        <ele>604.05</ele>
      </trkpt>
      <trkpt lat="44.050555998" lon="7.133467995">
        <ele>604.58</ele>
      </trkpt>
      <trkpt lat="44.050608" lon="7.133519996">
        <ele>605.16</ele>
      </trkpt>
      <trkpt lat="44.050670998" lon="7.133571008">
        <ele>606.51</ele>
      </trkpt>
      <trkpt lat="44.050741004" lon="7.133609008">
        <ele>608.83</ele>
      </trkpt>
      <trkpt lat="44.050802999" lon="7.133620997">
        <ele>609.63</ele>
      </trkpt>
      <trkpt lat="44.050896997" lon="7.133611994">
        <ele>611.28</ele>
      </trkpt>
      <trkpt lat="44.051078001" lon="7.133587993">
        <ele>614.31</ele>
      </trkpt>
      <trkpt lat="44.051162996" lon="7.133583996">
        <ele>613.68</ele>
      </trkpt>
      <trkpt lat="44.051235996" lon="7.133594997">
        <ele>613.37</ele>
      </trkpt>
      <trkpt lat="44.051290999" lon="7.133611002">
        <ele>614.91</ele>
      </trkpt>
      <trkpt lat="44.051392997" lon="7.133665998">
        <ele>615.92</ele>
      </trkpt>
      <trkpt lat="44.051618995" lon="7.133789998">
        <ele>616.48</ele>
      </trkpt>
      <trkpt lat="44.051718006" lon="7.133842003">
        <ele>619.34</ele>
      </trkpt>
      <trkpt lat="44.051784999" lon="7.133856005">
        <ele>620.9</ele>
      </trkpt>
      <trkpt lat="44.051844995" lon="7.133856003">
        <ele>622.47</ele>
      </trkpt>
      <trkpt lat="44.051850004" lon="7.133857004">
        <ele>624.63</ele>
      </trkpt>
      <trkpt lat="44.051917997" lon="7.133840001">
        <ele>623.49</ele>
      </trkpt>
      <trkpt lat="44.052324002" lon="7.133716006">
        <ele>624.53</ele>
      </trkpt>
      <trkpt lat="44.052363998" lon="7.133691007">
        <ele>631.76</ele>
      </trkpt>
      <trkpt lat="44.052442996" lon="7.133600998">
        <ele>639.63</ele>
      </trkpt>
      <trkpt lat="44.052500002" lon="7.133553005">
        <ele>647.62</ele>
      </trkpt>
      <trkpt lat="44.052541998" lon="7.133533999">
        <ele>652.57</ele>
      </trkpt>
      <trkpt lat="44.052591003" lon="7.133531999">
        <ele>655.31</ele>
      </trkpt>
      <trkpt lat="44.052661997" lon="7.133545991">
        <ele>648.2</ele>
      </trkpt>
      <trkpt lat="44.052899002" lon="7.133616995">
        <ele>640.56</ele>
      </trkpt>
      <trkpt lat="44.052938001" lon="7.133621003">
        <ele>641.31</ele>
      </trkpt>
      <trkpt lat="44.053003004" lon="7.133607993">
        <ele>641.43</ele>
      </trkpt>
      <trkpt lat="44.053173003" lon="7.133563997">
        <ele>644.35</ele>
      </trkpt>
      <trkpt lat="44.053233006" lon="7.133559996">
        <ele>646.46</ele>
      </trkpt>
      <trkpt lat="44.053288994" lon="7.133569">
        <ele>648.95</ele>
      </trkpt>
      <trkpt lat="44.053391998" lon="7.133615998">
        <ele>642.78</ele>
      </trkpt>
      <trkpt lat="44.053587996" lon="7.133723001">
        <ele>644.76</ele>
      </trkpt>
      <trkpt lat="44.053813001" lon="7.133828001">
        <ele>643.67</ele>
      </trkpt>
      <trkpt lat="44.054023001" lon="7.133911004">
        <ele>647.69</ele>
      </trkpt>
      <trkpt lat="44.054068004" lon="7.133924996">
        <ele>651.62</ele>
      </trkpt>
      <trkpt lat="44.054115004" lon="7.133920001">
        <ele>652.48</ele>
      </trkpt>
      <trkpt lat="44.054188998" lon="7.133883001">
        <ele>652.97</ele>
      </trkpt>
      <trkpt lat="44.054326998" lon="7.133800001">
        <ele>655.98</ele>
      </trkpt>
      <trkpt lat="44.054408001" lon="7.133774994">
        <ele>656.22</ele>
      </trkpt>
      <trkpt lat="44.054482002" lon="7.133760001">
        <ele>657.18</ele>
      </trkpt>
      <trkpt lat="44.054593999" lon="7.133750992">
        <ele>661.21</ele>
      </trkpt>
      <trkpt lat="44.054709005" lon="7.133747001">
        <ele>661.34</ele>
      </trkpt>
      <trkpt lat="44.054791006" lon="7.133760007">
        <ele>660.77</ele>
      </trkpt>
      <trkpt lat="44.054863004" lon="7.133798006">
        <ele>661.26</ele>
      </trkpt>
      <trkpt lat="44.054931002" lon="7.133855996">
        <ele>659.91</ele>
      </trkpt>
      <trkpt lat="44.055092782" lon="7.134028763">
        <ele>657.84</ele>
      </trkpt>
      <trkpt lat="44.055092999" lon="7.134028991">
        <ele>655.25</ele>
      </trkpt>
      <trkpt lat="44.055132995" lon="7.134071001">
        <ele>652.08</ele>
      </trkpt>
      <trkpt lat="44.055180004" lon="7.134092">
        <ele>650.58</ele>
      </trkpt>
      <trkpt lat="44.055187998" lon="7.134092006">
        <ele>649.08</ele>
      </trkpt>
      <trkpt lat="44.055223782" lon="7.13408902">
        <ele>647.06</ele>
      </trkpt>
      <trkpt lat="44.055224" lon="7.134088998">
        <ele>648.81</ele>
      </trkpt>
      <trkpt lat="44.055227144" lon="7.134087827">
        <ele>650.61</ele>
      </trkpt>
      <trkpt lat="44.055274999" lon="7.134069997">
        <ele>653.14</ele>
      </trkpt>
      <trkpt lat="44.055284995" lon="7.134064">
        <ele>657.29</ele>
      </trkpt>
      <trkpt lat="44.055354449" lon="7.13402097">
        <ele>661.77</ele>
      </trkpt>
      <trkpt lat="44.055468995" lon="7.133949999">
        <ele>665.36</ele>
      </trkpt>
      <trkpt lat="44.055513569" lon="7.133937404">
        <ele>669.19</ele>
      </trkpt>
      <trkpt lat="44.055514999" lon="7.133937008">
        <ele>672.72</ele>
      </trkpt>
      <trkpt lat="44.055564004" lon="7.133940007">
        <ele>672.56</ele>
      </trkpt>
      <trkpt lat="44.055684" lon="7.133958998">
        <ele>672.73</ele>
      </trkpt>
      <trkpt lat="44.055744" lon="7.133962008">
        <ele>674.1</ele>
      </trkpt>
      <trkpt lat="44.055806004" lon="7.133943006">
        <ele>675.27</ele>
      </trkpt>
      <trkpt lat="44.055918997" lon="7.133930996">
        <ele>675.55</ele>
      </trkpt>
      <trkpt lat="44.056129" lon="7.133929997">
        <ele>677.92</ele>
      </trkpt>
      <trkpt lat="44.05632554" lon="7.133912747">
        <ele>680.22</ele>
      </trkpt>
      <trkpt lat="44.056334004" lon="7.133912">
        <ele>681.38</ele>
      </trkpt>
      <trkpt lat="44.056486002" lon="7.133910997">
        <ele>681.54</ele>
      </trkpt>
      <trkpt lat="44.056506994" lon="7.133914996">
        <ele>682.02</ele>
      </trkpt>
      <trkpt lat="44.056587997" lon="7.133926006">
        <ele>682.92</ele>
      </trkpt>
      <trkpt lat="44.056657093" lon="7.133943274">
        <ele>674.71</ele>
      </trkpt>
      <trkpt lat="44.056720001" lon="7.133959006">
        <ele>668.73</ele>
      </trkpt>
      <trkpt lat="44.056862998" lon="7.133998003">
        <ele>665.4</ele>
      </trkpt>
      <trkpt lat="44.056952" lon="7.134022004">
        <ele>663.1</ele>
      </trkpt>
      <trkpt lat="44.057023999" lon="7.134033997">
        <ele>656.35</ele>
      </trkpt>
      <trkpt lat="44.057082995" lon="7.134028998">
        <ele>659.55</ele>
      </trkpt>
      <trkpt lat="44.057149006" lon="7.134016998">
        <ele>661.28</ele>
      </trkpt>
      <trkpt lat="44.057216004" lon="7.133996997">
        <ele>662.11</ele>
      </trkpt>
      <trkpt lat="44.057257" lon="7.133998001">
        <ele>662.39</ele>
      </trkpt>
      <trkpt lat="44.057307001" lon="7.134019006">
        <ele>663.77</ele>
      </trkpt>
      <trkpt lat="44.057355998" lon="7.134062996">
        <ele>664.06</ele>
      </trkpt>
      <trkpt lat="44.057413001" lon="7.134167006">
        <ele>664.12</ele>
      </trkpt>
      <trkpt lat="44.057459995" lon="7.134254005">
        <ele>664.35</ele>
      </trkpt>
      <trkpt lat="44.057502004" lon="7.134289001">
        <ele>663.27</ele>
      </trkpt>
      <trkpt lat="44.057569002" lon="7.134321002">
        <ele>666.81</ele>
      </trkpt>
      <trkpt lat="44.057715002" lon="7.134364006">
        <ele>671.85</ele>
      </trkpt>
      <trkpt lat="44.057819002" lon="7.134392998">
        <ele>674.65</ele>
      </trkpt>
      <trkpt lat="44.057916" lon="7.13438">
        <ele>677.68</ele>
      </trkpt>
      <trkpt lat="44.057994997" lon="7.134357996">
        <ele>682.13</ele>
      </trkpt>
      <trkpt lat="44.058056997" lon="7.134351004">
        <ele>685.52</ele>
      </trkpt>
      <trkpt lat="44.058109001" lon="7.134371005">
        <ele>683.43</ele>
      </trkpt>
      <trkpt lat="44.058146001" lon="7.134405001">
        <ele>682.71</ele>
      </trkpt>
      <trkpt lat="44.058202" lon="7.134491006">
        <ele>680.45</ele>
      </trkpt>
      <trkpt lat="44.058251" lon="7.13459">
        <ele>677.23</ele>
      </trkpt>
      <trkpt lat="44.058301995" lon="7.134687002">
        <ele>673.6</ele>
      </trkpt>
      <trkpt lat="44.058351003" lon="7.134745004">
        <ele>674.44</ele>
      </trkpt>
      <trkpt lat="44.058408004" lon="7.134783003">
        <ele>674.42</ele>
      </trkpt>
      <trkpt lat="44.058524001" lon="7.134821004">
        <ele>676.61</ele>
      </trkpt>
      <trkpt lat="44.058775999" lon="7.134904995">
        <ele>679.23</ele>
      </trkpt>
      <trkpt lat="44.058958999" lon="7.134987997">
        <ele>682.19</ele>
      </trkpt>
      <trkpt lat="44.059180997" lon="7.135074996">
        <ele>684.62</ele>
      </trkpt>
      <trkpt lat="44.059255997" lon="7.135128003">
        <ele>687.53</ele>
      </trkpt>
      <trkpt lat="44.059301003" lon="7.135206999">
        <ele>687.5</ele>
      </trkpt>
      <trkpt lat="44.059325994" lon="7.135290003">
        <ele>686.62</ele>
      </trkpt>
      <trkpt lat="44.059356999" lon="7.135453993">
        <ele>684.85</ele>
      </trkpt>
      <trkpt lat="44.059388004" lon="7.135529998">
        <ele>681.74</ele>
      </trkpt>
      <trkpt lat="44.059428" lon="7.135603006">
        <ele>680.98</ele>
      </trkpt>
      <trkpt lat="44.059487003" lon="7.135665999">
        <ele>677.6</ele>
      </trkpt>
      <trkpt lat="44.059558996" lon="7.135712001">
        <ele>675.74</ele>
      </trkpt>
      <trkpt lat="44.059620997" lon="7.135730007">
        <ele>677.17</ele>
      </trkpt>
      <trkpt lat="44.059673" lon="7.135725001">
        <ele>677.98</ele>
      </trkpt>
      <trkpt lat="44.059805004" lon="7.135696003">
        <ele>677.77</ele>
      </trkpt>
      <trkpt lat="44.059871998" lon="7.135689">
        <ele>682.07</ele>
      </trkpt>
      <trkpt lat="44.059927006" lon="7.135706997">
        <ele>685.64</ele>
      </trkpt>
      <trkpt lat="44.060015003" lon="7.135774998">
        <ele>686.06</ele>
      </trkpt>
      <trkpt lat="44.060185004" lon="7.135910001">
        <ele>687.8</ele>
      </trkpt>
      <trkpt lat="44.060229003" lon="7.135987002">
        <ele>688.93</ele>
      </trkpt>
      <trkpt lat="44.060252004" lon="7.136069">
        <ele>687.44</ele>
      </trkpt>
      <trkpt lat="44.060262999" lon="7.136207992">
        <ele>685.96</ele>
      </trkpt>
      <trkpt lat="44.060274995" lon="7.136397">
        <ele>684.65</ele>
      </trkpt>
      <trkpt lat="44.060314001" lon="7.136509995">
        <ele>683.68</ele>
      </trkpt>
      <trkpt lat="44.060371002" lon="7.136594004">
        <ele>683.14</ele>
      </trkpt>
      <trkpt lat="44.060430004" lon="7.136647">
        <ele>684.48</ele>
      </trkpt>
      <trkpt lat="44.060501996" lon="7.136709002">
        <ele>685.61</ele>
      </trkpt>
      <trkpt lat="44.060560001" lon="7.136774999">
        <ele>686.79</ele>
      </trkpt>
      <trkpt lat="44.060621001" lon="7.136845">
        <ele>688.87</ele>
      </trkpt>
      <trkpt lat="44.060702999" lon="7.136916004">
        <ele>690.56</ele>
      </trkpt>
      <trkpt lat="44.060778997" lon="7.136965">
        <ele>692.23</ele>
      </trkpt>
      <trkpt lat="44.060824994" lon="7.136987005">
        <ele>695.19</ele>
      </trkpt>
      <trkpt lat="44.060877999" lon="7.136995997">
        <ele>698.18</ele>
      </trkpt>
      <trkpt lat="44.060976" lon="7.136996999">
        <ele>700.3</ele>
      </trkpt>
      <trkpt lat="44.061045002" lon="7.136996005">
        <ele>702.24</ele>
      </trkpt>
      <trkpt lat="44.061091001" lon="7.137007">
        <ele>703.8</ele>
      </trkpt>
      <trkpt lat="44.061140001" lon="7.137043996">
        <ele>703.48</ele>
      </trkpt>
      <trkpt lat="44.061170995" lon="7.137094994">
        <ele>702.6</ele>
      </trkpt>
      <trkpt lat="44.061187994" lon="7.137181007">
        <ele>702.1</ele>
      </trkpt>
      <trkpt lat="44.061185997" lon="7.137280999">
        <ele>700.84</ele>
      </trkpt>
      <trkpt lat="44.061164999" lon="7.137438002">
        <ele>699</ele>
      </trkpt>
      <trkpt lat="44.061155002" lon="7.137572008">
        <ele>698.81</ele>
      </trkpt>
      <trkpt lat="44.061170001" lon="7.137693008">
        <ele>699.54</ele>
      </trkpt>
      <trkpt lat="44.061207996" lon="7.137790997">
        <ele>699.79</ele>
      </trkpt>
      <trkpt lat="44.061258002" lon="7.137884998">
        <ele>700.91</ele>
      </trkpt>
      <trkpt lat="44.061311005" lon="7.137940997">
        <ele>702.81</ele>
      </trkpt>
      <trkpt lat="44.061353001" lon="7.137972998">
        <ele>703.4</ele>
      </trkpt>
      <trkpt lat="44.061411002" lon="7.138011001">
        <ele>703.47</ele>
      </trkpt>
      <trkpt lat="44.061444995" lon="7.138037995">
        <ele>703.54</ele>
      </trkpt>
      <trkpt lat="44.061478003" lon="7.138076005">
        <ele>703.42</ele>
      </trkpt>
      <trkpt lat="44.061498002" lon="7.138112005">
        <ele>701.23</ele>
      </trkpt>
      <trkpt lat="44.061513999" lon="7.138172999">
        <ele>699.25</ele>
      </trkpt>
      <trkpt lat="44.061542997" lon="7.138271997">
        <ele>697.8</ele>
      </trkpt>
      <trkpt lat="44.061587996" lon="7.138353998">
        <ele>697.3</ele>
      </trkpt>
      <trkpt lat="44.061638997" lon="7.138415002">
        <ele>698.2</ele>
      </trkpt>
      <trkpt lat="44.061701995" lon="7.138456006">
        <ele>699.98</ele>
      </trkpt>
      <trkpt lat="44.061778994" lon="7.138484005">
        <ele>702.99</ele>
      </trkpt>
      <trkpt lat="44.061872004" lon="7.138483997">
        <ele>706.77</ele>
      </trkpt>
      <trkpt lat="44.061955994" lon="7.138482995">
        <ele>707.16</ele>
      </trkpt>
      <trkpt lat="44.062031003" lon="7.138500001">
        <ele>707.71</ele>
      </trkpt>
      <trkpt lat="44.062113005" lon="7.138532001">
        <ele>709.1</ele>
      </trkpt>
      <trkpt lat="44.062205" lon="7.138591001">
        <ele>708.84</ele>
      </trkpt>
      <trkpt lat="44.062379003" lon="7.138734996">
        <ele>708.52</ele>
      </trkpt>
      <trkpt lat="44.062533997" lon="7.138915005">
        <ele>710.87</ele>
      </trkpt>
      <trkpt lat="44.062803997" lon="7.139222997">
        <ele>712.96</ele>
      </trkpt>
      <trkpt lat="44.062926997" lon="7.139361997">
        <ele>714.77</ele>
      </trkpt>
      <trkpt lat="44.063026006" lon="7.139480004">
        <ele>716.34</ele>
      </trkpt>
      <trkpt lat="44.063096997" lon="7.139601996">
        <ele>717.95</ele>
      </trkpt>
      <trkpt lat="44.063138002" lon="7.139688998">
        <ele>718.75</ele>
      </trkpt>
      <trkpt lat="44.063235002" lon="7.139907">
        <ele>717.5</ele>
      </trkpt>
      <trkpt lat="44.063356998" lon="7.140273998">
        <ele>717.57</ele>
      </trkpt>
      <trkpt lat="44.063428006" lon="7.140421004">
        <ele>718.22</ele>
      </trkpt>
      <trkpt lat="44.063476004" lon="7.140503003">
        <ele>717.91</ele>
      </trkpt>
      <trkpt lat="44.063532" lon="7.140548">
        <ele>719.15</ele>
      </trkpt>
      <trkpt lat="44.063588001" lon="7.140565001">
        <ele>721.46</ele>
      </trkpt>
      <trkpt lat="44.063752997" lon="7.140583997">
        <ele>723.79</ele>
      </trkpt>
      <trkpt lat="44.063772997" lon="7.140588003">
        <ele>726.39</ele>
      </trkpt>
      <trkpt lat="44.063885001" lon="7.140610992">
        <ele>728.52</ele>
      </trkpt>
      <trkpt lat="44.063966" lon="7.140649998">
        <ele>733.17</ele>
      </trkpt>
      <trkpt lat="44.064011001" lon="7.140684009">
        <ele>736.98</ele>
      </trkpt>
      <trkpt lat="44.064057006" lon="7.140737004">
        <ele>739.23</ele>
      </trkpt>
      <trkpt lat="44.064088998" lon="7.140804003">
        <ele>740.23</ele>
      </trkpt>
      <trkpt lat="44.064117999" lon="7.140884995">
        <ele>741.04</ele>
      </trkpt>
      <trkpt lat="44.064121001" lon="7.140984994">
        <ele>741.61</ele>
      </trkpt>
      <trkpt lat="44.06411" lon="7.141033002">
        <ele>737.96</ele>
      </trkpt>
      <trkpt lat="44.064036998" lon="7.141178002">
        <ele>734.26</ele>
      </trkpt>
      <trkpt lat="44.064001002" lon="7.141272999">
        <ele>730.41</ele>
      </trkpt>
      <trkpt lat="44.063976999" lon="7.141384006">
        <ele>729.4</ele>
      </trkpt>
      <trkpt lat="44.063957002" lon="7.141508003">
        <ele>723.47</ele>
      </trkpt>
      <trkpt lat="44.063949998" lon="7.141643995">
        <ele>724.36</ele>
      </trkpt>
      <trkpt lat="44.063947996" lon="7.141859008">
        <ele>724.93</ele>
      </trkpt>
      <trkpt lat="44.063962006" lon="7.142036003">
        <ele>725.63</ele>
      </trkpt>
      <trkpt lat="44.06399" lon="7.142185005">
        <ele>726.49</ele>
      </trkpt>
      <trkpt lat="44.064009002" lon="7.142288006">
        <ele>728.42</ele>
      </trkpt>
      <trkpt lat="44.064022006" lon="7.142377997">
        <ele>726.76</ele>
      </trkpt>
      <trkpt lat="44.064025998" lon="7.142473005">
        <ele>732.05</ele>
      </trkpt>
      <trkpt lat="44.064024002" lon="7.142714005">
        <ele>736.4</ele>
      </trkpt>
      <trkpt lat="44.064029004" lon="7.143234993">
        <ele>739.06</ele>
      </trkpt>
      <trkpt lat="44.064035003" lon="7.143608003">
        <ele>741.56</ele>
      </trkpt>
      <trkpt lat="44.064044999" lon="7.143825003">
        <ele>746.95</ele>
      </trkpt>
      <trkpt lat="44.064064" lon="7.144025998">
        <ele>745.99</ele>
      </trkpt>
      <trkpt lat="44.064084003" lon="7.144176995">
        <ele>746.37</ele>
      </trkpt>
      <trkpt lat="44.064104003" lon="7.144324004">
        <ele>746.62</ele>
      </trkpt>
      <trkpt lat="44.064112998" lon="7.144432002">
        <ele>748.64</ele>
      </trkpt>
      <trkpt lat="44.064121998" lon="7.144641005">
        <ele>749.3</ele>
      </trkpt>
      <trkpt lat="44.064130999" lon="7.144947002">
        <ele>749.51</ele>
      </trkpt>
      <trkpt lat="44.064132997" lon="7.144982995">
        <ele>751.72</ele>
      </trkpt>
      <trkpt lat="44.064135005" lon="7.145248998">
        <ele>751.93</ele>
      </trkpt>
      <trkpt lat="44.064135997" lon="7.145337002">
        <ele>751.7</ele>
      </trkpt>
      <trkpt lat="44.064155998" lon="7.145673998">
        <ele>750.76</ele>
      </trkpt>
      <trkpt lat="44.064172997" lon="7.145868999">
        <ele>751.07</ele>
      </trkpt>
      <trkpt lat="44.064200003" lon="7.146048005">
        <ele>748.38</ele>
      </trkpt>
      <trkpt lat="44.064253006" lon="7.146302001">
        <ele>750.23</ele>
      </trkpt>
      <trkpt lat="44.064296" lon="7.146494998">
        <ele>750.58</ele>
      </trkpt>
      <trkpt lat="44.064395998" lon="7.147000005">
        <ele>751.33</ele>
      </trkpt>
      <trkpt lat="44.064432002" lon="7.147170994">
        <ele>751.53</ele>
      </trkpt>
      <trkpt lat="44.064473" lon="7.147254003">
        <ele>752.93</ele>
      </trkpt>
      <trkpt lat="44.064517002" lon="7.147315995">
        <ele>753.29</ele>
      </trkpt>
      <trkpt lat="44.064549002" lon="7.147357001">
        <ele>754.9</ele>
      </trkpt>
      <trkpt lat="44.064804002" lon="7.147636003">
        <ele>757.08</ele>
      </trkpt>
      <trkpt lat="44.064969004" lon="7.147797001">
        <ele>759.75</ele>
      </trkpt>
      <trkpt lat="44.065026001" lon="7.147830006">
        <ele>763.21</ele>
      </trkpt>
      <trkpt lat="44.065064001" lon="7.147819002">
        <ele>764.51</ele>
      </trkpt>
      <trkpt lat="44.065095001" lon="7.147792002">
        <ele>765.68</ele>
      </trkpt>
      <trkpt lat="44.065108996" lon="7.147758999">
        <ele>766.71</ele>
      </trkpt>
      <trkpt lat="44.065110998" lon="7.147704998">
        <ele>767.47</ele>
      </trkpt>
      <trkpt lat="44.065097998" lon="7.147654002">
        <ele>767.46</ele>
      </trkpt>
      <trkpt lat="44.065064001" lon="7.147596001">
        <ele>767.28</ele>
      </trkpt>
      <trkpt lat="44.064969001" lon="7.147468993">
        <ele>767.41</ele>
      </trkpt>
      <trkpt lat="44.064928998" lon="7.147413004">
        <ele>767.62</ele>
      </trkpt>
      <trkpt lat="44.064899" lon="7.147342009">
        <ele>768</ele>
      </trkpt>
      <trkpt lat="44.064889002" lon="7.147275996">
        <ele>768.7</ele>
      </trkpt>
      <trkpt lat="44.064883998" lon="7.147218997">
        <ele>769.37</ele>
      </trkpt>
      <trkpt lat="44.064895004" lon="7.147140003">
        <ele>770.44</ele>
      </trkpt>
      <trkpt lat="44.064942" lon="7.146894993">
        <ele>770.81</ele>
      </trkpt>
      <trkpt lat="44.065029006" lon="7.146550005">
        <ele>771.3</ele>
      </trkpt>
      <trkpt lat="44.065044006" lon="7.146461003">
        <ele>771.84</ele>
      </trkpt>
      <trkpt lat="44.065051" lon="7.146382992">
        <ele>772.67</ele>
      </trkpt>
      <trkpt lat="44.065046997" lon="7.146315004">
        <ele>772.7</ele>
      </trkpt>
      <trkpt lat="44.065035997" lon="7.146209995">
        <ele>773.68</ele>
      </trkpt>
      <trkpt lat="44.065006" lon="7.145850003">
        <ele>773.44</ele>
      </trkpt>
      <trkpt lat="44.064998" lon="7.145731001">
        <ele>773.59</ele>
      </trkpt>
      <trkpt lat="44.065004003" lon="7.145627994">
        <ele>773.34</ele>
      </trkpt>
      <trkpt lat="44.065023003" lon="7.145489999">
        <ele>773.99</ele>
      </trkpt>
      <trkpt lat="44.065067004" lon="7.145189997">
        <ele>774.74</ele>
      </trkpt>
      <trkpt lat="44.065088003" lon="7.145037998">
        <ele>776.72</ele>
      </trkpt>
      <trkpt lat="44.065087005" lon="7.144958004">
        <ele>776.78</ele>
      </trkpt>
      <trkpt lat="44.065076997" lon="7.144916002">
        <ele>777.25</ele>
      </trkpt>
      <trkpt lat="44.065054002" lon="7.144864004">
        <ele>776.04</ele>
      </trkpt>
      <trkpt lat="44.064975" lon="7.144769003">
        <ele>774.77</ele>
      </trkpt>
      <trkpt lat="44.064845002" lon="7.144566992">
        <ele>771.66</ele>
      </trkpt>
      <trkpt lat="44.064814999" lon="7.144487997">
        <ele>770.32</ele>
      </trkpt>
      <trkpt lat="44.064806003" lon="7.144424996">
        <ele>768.97</ele>
      </trkpt>
      <trkpt lat="44.064812001" lon="7.144372998">
        <ele>768.57</ele>
      </trkpt>
      <trkpt lat="44.064826999" lon="7.144343005">
        <ele>769.64</ele>
      </trkpt>
      <trkpt lat="44.064857994" lon="7.144333002">
        <ele>772.41</ele>
      </trkpt>
      <trkpt lat="44.064883002" lon="7.144333999">
        <ele>775.57</ele>
      </trkpt>
      <trkpt lat="44.064917998" lon="7.144353997">
        <ele>778.35</ele>
      </trkpt>
      <trkpt lat="44.065043002" lon="7.144511997">
        <ele>782.29</ele>
      </trkpt>
      <trkpt lat="44.065093998" lon="7.144554998">
        <ele>784.23</ele>
      </trkpt>
      <trkpt lat="44.065190997" lon="7.144602">
        <ele>785.94</ele>
      </trkpt>
      <trkpt lat="44.065246004" lon="7.144639994">
        <ele>786.59</ele>
      </trkpt>
      <trkpt lat="44.065283006" lon="7.144691">
        <ele>787.17</ele>
      </trkpt>
      <trkpt lat="44.065315" lon="7.144770003">
        <ele>787.55</ele>
      </trkpt>
      <trkpt lat="44.065330002" lon="7.144836005">
        <ele>787.38</ele>
      </trkpt>
      <trkpt lat="44.065336004" lon="7.144935">
        <ele>787.29</ele>
      </trkpt>
      <trkpt lat="44.065323001" lon="7.145061009">
        <ele>786.75</ele>
      </trkpt>
      <trkpt lat="44.065284004" lon="7.145423999">
        <ele>785.94</ele>
      </trkpt>
      <trkpt lat="44.065278003" lon="7.145526007">
        <ele>783.56</ele>
      </trkpt>
      <trkpt lat="44.065282001" lon="7.145596994">
        <ele>783.23</ele>
      </trkpt>
      <trkpt lat="44.065304996" lon="7.145668004">
        <ele>782.86</ele>
      </trkpt>
      <trkpt lat="44.065376999" lon="7.145794996">
        <ele>783.46</ele>
      </trkpt>
      <trkpt lat="44.065433003" lon="7.145864">
        <ele>784.67</ele>
      </trkpt>
      <trkpt lat="44.065482995" lon="7.145898992">
        <ele>786.56</ele>
      </trkpt>
      <trkpt lat="44.065507002" lon="7.145910004">
        <ele>787.48</ele>
      </trkpt>
      <trkpt lat="44.065545998" lon="7.145925996">
        <ele>788.91</ele>
      </trkpt>
      <trkpt lat="44.065610998" lon="7.145939995">
        <ele>790.43</ele>
      </trkpt>
      <trkpt lat="44.06567" lon="7.145946995">
        <ele>792.44</ele>
      </trkpt>
      <trkpt lat="44.065823997" lon="7.145962994">
        <ele>794.66</ele>
      </trkpt>
      <trkpt lat="44.065903998" lon="7.145975">
        <ele>795.74</ele>
      </trkpt>
      <trkpt lat="44.065963002" lon="7.145996">
        <ele>796.99</ele>
      </trkpt>
      <trkpt lat="44.066023" lon="7.146024997">
        <ele>797.61</ele>
      </trkpt>
      <trkpt lat="44.066110996" lon="7.146070997">
        <ele>796.75</ele>
      </trkpt>
      <trkpt lat="44.066222006" lon="7.146128999">
        <ele>796.27</ele>
      </trkpt>
      <trkpt lat="44.066311001" lon="7.146170998">
        <ele>795.69</ele>
      </trkpt>
      <trkpt lat="44.066474006" lon="7.146248002">
        <ele>794.88</ele>
      </trkpt>
      <trkpt lat="44.066532002" lon="7.146258005">
        <ele>794.78</ele>
      </trkpt>
      <trkpt lat="44.066595" lon="7.146262997">
        <ele>796.1</ele>
      </trkpt>
      <trkpt lat="44.066675994" lon="7.146255001">
        <ele>796.81</ele>
      </trkpt>
      <trkpt lat="44.066866" lon="7.146220002">
        <ele>798.85</ele>
      </trkpt>
      <trkpt lat="44.066912004" lon="7.146223005">
        <ele>800.84</ele>
      </trkpt>
      <trkpt lat="44.067013003" lon="7.146241004">
        <ele>802.62</ele>
      </trkpt>
      <trkpt lat="44.067062997" lon="7.146230999">
        <ele>804.01</ele>
      </trkpt>
      <trkpt lat="44.067105" lon="7.146189999">
        <ele>805.86</ele>
      </trkpt>
      <trkpt lat="44.067135003" lon="7.146135999">
        <ele>807.6</ele>
      </trkpt>
      <trkpt lat="44.06717" lon="7.146062001">
        <ele>809.52</ele>
      </trkpt>
      <trkpt lat="44.067208003" lon="7.146019997">
        <ele>811.64</ele>
      </trkpt>
      <trkpt lat="44.067255002" lon="7.145991998">
        <ele>814.13</ele>
      </trkpt>
      <trkpt lat="44.067298999" lon="7.145974005">
        <ele>814.02</ele>
      </trkpt>
      <trkpt lat="44.067358996" lon="7.145979003">
        <ele>814.19</ele>
      </trkpt>
      <trkpt lat="44.067380002" lon="7.145994997">
        <ele>814.26</ele>
      </trkpt>
      <trkpt lat="44.067461004" lon="7.146056">
        <ele>814.16</ele>
      </trkpt>
      <trkpt lat="44.067496994" lon="7.146083998">
        <ele>813.14</ele>
      </trkpt>
      <trkpt lat="44.067516002" lon="7.146122996">
        <ele>813.67</ele>
      </trkpt>
      <trkpt lat="44.067533" lon="7.146200997">
        <ele>813.09</ele>
      </trkpt>
      <trkpt lat="44.067536" lon="7.146280002">
        <ele>812.97</ele>
      </trkpt>
      <trkpt lat="44.067515998" lon="7.146389006">
        <ele>812.35</ele>
      </trkpt>
      <trkpt lat="44.067403002" lon="7.146684003">
        <ele>811.9</ele>
      </trkpt>
      <trkpt lat="44.067384998" lon="7.146755002">
        <ele>811.77</ele>
      </trkpt>
      <trkpt lat="44.067381997" lon="7.146823007">
        <ele>811.92</ele>
      </trkpt>
      <trkpt lat="44.067382003" lon="7.146829995">
        <ele>811</ele>
      </trkpt>
      <trkpt lat="44.067392998" lon="7.146883996">
        <ele>810.29</ele>
      </trkpt>
      <trkpt lat="44.067429997" lon="7.146936006">
        <ele>810.67</ele>
      </trkpt>
      <trkpt lat="44.067435998" lon="7.146942005">
        <ele>811.6</ele>
      </trkpt>
      <trkpt lat="44.067506999" lon="7.147000994">
        <ele>812.78</ele>
      </trkpt>
      <trkpt lat="44.067732005" lon="7.147153998">
        <ele>814.34</ele>
      </trkpt>
      <trkpt lat="44.067784996" lon="7.147194998">
        <ele>816.2</ele>
      </trkpt>
      <trkpt lat="44.067914998" lon="7.147300002">
        <ele>817.24</ele>
      </trkpt>
      <trkpt lat="44.067967001" lon="7.147349006">
        <ele>817.76</ele>
      </trkpt>
      <trkpt lat="44.068024996" lon="7.147417997">
        <ele>818.18</ele>
      </trkpt>
      <trkpt lat="44.068061" lon="7.147476997">
        <ele>818.43</ele>
      </trkpt>
      <trkpt lat="44.068098002" lon="7.147552008">
        <ele>818.67</ele>
      </trkpt>
      <trkpt lat="44.068118004" lon="7.147594004">
        <ele>818.61</ele>
      </trkpt>
      <trkpt lat="44.068208001" lon="7.147804992">
        <ele>818.52</ele>
      </trkpt>
      <trkpt lat="44.068261" lon="7.147913995">
        <ele>818.51</ele>
      </trkpt>
      <trkpt lat="44.068285998" lon="7.147945005">
        <ele>818.61</ele>
      </trkpt>
      <trkpt lat="44.068319001" lon="7.147965">
        <ele>818.6</ele>
      </trkpt>
      <trkpt lat="44.068347" lon="7.147967004">
        <ele>818.89</ele>
      </trkpt>
      <trkpt lat="44.068381998" lon="7.147956006">
        <ele>819.34</ele>
      </trkpt>
      <trkpt lat="44.068389997" lon="7.147949002">
        <ele>819.92</ele>
      </trkpt>
      <trkpt lat="44.068401003" lon="7.147923992">
        <ele>820.53</ele>
      </trkpt>
      <trkpt lat="44.068399997" lon="7.147878006">
        <ele>820.91</ele>
      </trkpt>
      <trkpt lat="44.068391001" lon="7.147839999">
        <ele>821.39</ele>
      </trkpt>
      <trkpt lat="44.068361997" lon="7.147767996">
        <ele>821.61</ele>
      </trkpt>
      <trkpt lat="44.068272002" lon="7.147575995">
        <ele>821.99</ele>
      </trkpt>
      <trkpt lat="44.068074998" lon="7.147242993">
        <ele>822.05</ele>
      </trkpt>
      <trkpt lat="44.068001003" lon="7.147072998">
        <ele>822.56</ele>
      </trkpt>
      <trkpt lat="44.067971998" lon="7.146937996">
        <ele>823.68</ele>
      </trkpt>
      <trkpt lat="44.067971005" lon="7.146821998">
        <ele>824.34</ele>
      </trkpt>
      <trkpt lat="44.067975994" lon="7.146595">
        <ele>825.32</ele>
      </trkpt>
      <trkpt lat="44.067971999" lon="7.146517996">
        <ele>827.36</ele>
      </trkpt>
      <trkpt lat="44.067947004" lon="7.146387999">
        <ele>827.92</ele>
      </trkpt>
      <trkpt lat="44.067925997" lon="7.146221006">
        <ele>828.57</ele>
      </trkpt>
      <trkpt lat="44.067927997" lon="7.146065002">
        <ele>830.19</ele>
      </trkpt>
      <trkpt lat="44.067944999" lon="7.145906004">
        <ele>831.25</ele>
      </trkpt>
      <trkpt lat="44.067978005" lon="7.145831998">
        <ele>831.5</ele>
      </trkpt>
      <trkpt lat="44.068006999" lon="7.145806999">
        <ele>832.73</ele>
      </trkpt>
      <trkpt lat="44.068031997" lon="7.145793996">
        <ele>832.91</ele>
      </trkpt>
      <trkpt lat="44.068069001" lon="7.145804993">
        <ele>832.39</ele>
      </trkpt>
      <trkpt lat="44.068090998" lon="7.145835996">
        <ele>831.13</ele>
      </trkpt>
      <trkpt lat="44.068101003" lon="7.145899">
        <ele>830.91</ele>
      </trkpt>
      <trkpt lat="44.068103994" lon="7.146022006">
        <ele>830.21</ele>
      </trkpt>
      <trkpt lat="44.068116002" lon="7.146265006">
        <ele>829.02</ele>
      </trkpt>
      <trkpt lat="44.068135003" lon="7.146376004">
        <ele>829.85</ele>
      </trkpt>
      <trkpt lat="44.068180997" lon="7.146511994">
        <ele>831.2</ele>
      </trkpt>
      <trkpt lat="44.068328999" lon="7.146820998">
        <ele>831.9</ele>
      </trkpt>
      <trkpt lat="44.068580998" lon="7.147334999">
        <ele>833.14</ele>
      </trkpt>
      <trkpt lat="44.068761002" lon="7.147698003">
        <ele>835.66</ele>
      </trkpt>
      <trkpt lat="44.068941996" lon="7.148061007">
        <ele>836.39</ele>
      </trkpt>
      <trkpt lat="44.069145995" lon="7.148450004">
        <ele>837.08</ele>
      </trkpt>
      <trkpt lat="44.069214999" lon="7.148574002">
        <ele>839.52</ele>
      </trkpt>
      <trkpt lat="44.069278004" lon="7.148647999">
        <ele>841.55</ele>
      </trkpt>
      <trkpt lat="44.069326996" lon="7.148701999">
        <ele>842.38</ele>
      </trkpt>
      <trkpt lat="44.069382001" lon="7.148774">
        <ele>842.77</ele>
      </trkpt>
      <trkpt lat="44.069421002" lon="7.148863997">
        <ele>844.74</ele>
      </trkpt>
      <trkpt lat="44.069434003" lon="7.148943997">
        <ele>843.79</ele>
      </trkpt>
      <trkpt lat="44.069443001" lon="7.149052994">
        <ele>842.76</ele>
      </trkpt>
      <trkpt lat="44.069467" lon="7.149183998">
        <ele>841.22</ele>
      </trkpt>
      <trkpt lat="44.069496005" lon="7.149279004">
        <ele>844.18</ele>
      </trkpt>
      <trkpt lat="44.069561" lon="7.149455">
        <ele>845</ele>
      </trkpt>
      <trkpt lat="44.069586996" lon="7.149558999">
        <ele>845.52</ele>
      </trkpt>
      <trkpt lat="44.069595004" lon="7.149647999">
        <ele>847.96</ele>
      </trkpt>
      <trkpt lat="44.069619999" lon="7.149786001">
        <ele>851.32</ele>
      </trkpt>
      <trkpt lat="44.069675" lon="7.149960994">
        <ele>850.91</ele>
      </trkpt>
      <trkpt lat="44.069793995" lon="7.150335001">
        <ele>851.04</ele>
      </trkpt>
      <trkpt lat="44.069869001" lon="7.150587995">
        <ele>852.3</ele>
      </trkpt>
      <trkpt lat="44.069896001" lon="7.150636992">
        <ele>852.35</ele>
      </trkpt>
      <trkpt lat="44.069929" lon="7.150649">
        <ele>852.85</ele>
      </trkpt>
      <trkpt lat="44.069956997" lon="7.150637993">
        <ele>853.4</ele>
      </trkpt>
      <trkpt lat="44.069982004" lon="7.150606004">
        <ele>854.27</ele>
      </trkpt>
      <trkpt lat="44.069988997" lon="7.150568">
        <ele>855.31</ele>
      </trkpt>
      <trkpt lat="44.069985005" lon="7.150534008">
        <ele>856.47</ele>
      </trkpt>
      <trkpt lat="44.069969" lon="7.150481">
        <ele>854.75</ele>
      </trkpt>
      <trkpt lat="44.069920001" lon="7.150387997">
        <ele>853.73</ele>
      </trkpt>
      <trkpt lat="44.069835996" lon="7.150194998">
        <ele>853.69</ele>
      </trkpt>
      <trkpt lat="44.069799003" lon="7.150067995">
        <ele>852.56</ele>
      </trkpt>
      <trkpt lat="44.069773005" lon="7.149907993">
        <ele>852.25</ele>
      </trkpt>
      <trkpt lat="44.069739002" lon="7.149680992">
        <ele>852.91</ele>
      </trkpt>
      <trkpt lat="44.069733003" lon="7.149549001">
        <ele>853.16</ele>
      </trkpt>
      <trkpt lat="44.069734002" lon="7.149434007">
        <ele>853.27</ele>
      </trkpt>
      <trkpt lat="44.069730001" lon="7.149371001">
        <ele>855.23</ele>
      </trkpt>
      <trkpt lat="44.069706999" lon="7.149241994">
        <ele>854.04</ele>
      </trkpt>
      <trkpt lat="44.069691004" lon="7.149124999">
        <ele>855.05</ele>
      </trkpt>
      <trkpt lat="44.069691997" lon="7.149041994">
        <ele>856.04</ele>
      </trkpt>
      <trkpt lat="44.069705" lon="7.148976003">
        <ele>857.06</ele>
      </trkpt>
      <trkpt lat="44.069721" lon="7.148911993">
        <ele>857.65</ele>
      </trkpt>
      <trkpt lat="44.069781004" lon="7.148778003">
        <ele>859.8</ele>
      </trkpt>
      <trkpt lat="44.069801" lon="7.148706996">
        <ele>861.74</ele>
      </trkpt>
      <trkpt lat="44.069811997" lon="7.148628996">
        <ele>863.3</ele>
      </trkpt>
      <trkpt lat="44.069802001" lon="7.148552002">
        <ele>863.83</ele>
      </trkpt>
      <trkpt lat="44.069762001" lon="7.148470994">
        <ele>863.65</ele>
      </trkpt>
      <trkpt lat="44.069712999" lon="7.148407994">
        <ele>863.64</ele>
      </trkpt>
      <trkpt lat="44.069575999" lon="7.148227997">
        <ele>863.05</ele>
      </trkpt>
      <trkpt lat="44.069437998" lon="7.148004002">
        <ele>862.98</ele>
      </trkpt>
      <trkpt lat="44.069327998" lon="7.147781">
        <ele>863.67</ele>
      </trkpt>
      <trkpt lat="44.069244" lon="7.147581996">
        <ele>863.98</ele>
      </trkpt>
      <trkpt lat="44.069048001" lon="7.147163997">
        <ele>865.24</ele>
      </trkpt>
      <trkpt lat="44.068986005" lon="7.146986999">
        <ele>867.26</ele>
      </trkpt>
      <trkpt lat="44.068928001" lon="7.146733003">
        <ele>868.5</ele>
      </trkpt>
      <trkpt lat="44.068860995" lon="7.146433002">
        <ele>869.47</ele>
      </trkpt>
      <trkpt lat="44.068794" lon="7.146098001">
        <ele>871.29</ele>
      </trkpt>
      <trkpt lat="44.068790001" lon="7.146028009">
        <ele>872.58</ele>
      </trkpt>
      <trkpt lat="44.068805" lon="7.145988001">
        <ele>873.44</ele>
      </trkpt>
      <trkpt lat="44.068828002" lon="7.145972003">
        <ele>874.34</ele>
      </trkpt>
      <trkpt lat="44.068855001" lon="7.145964008">
        <ele>874.5</ele>
      </trkpt>
      <trkpt lat="44.068883996" lon="7.145977997">
        <ele>873.68</ele>
      </trkpt>
      <trkpt lat="44.068910002" lon="7.146009993">
        <ele>873.75</ele>
      </trkpt>
      <trkpt lat="44.068923002" lon="7.146101004">
        <ele>873.11</ele>
      </trkpt>
      <trkpt lat="44.068932998" lon="7.146339999">
        <ele>873.62</ele>
      </trkpt>
      <trkpt lat="44.068950998" lon="7.146437">
        <ele>873.44</ele>
      </trkpt>
      <trkpt lat="44.069032" lon="7.146697997">
        <ele>874.35</ele>
      </trkpt>
      <trkpt lat="44.069107003" lon="7.146922006">
        <ele>873.83</ele>
      </trkpt>
      <trkpt lat="44.069162998" lon="7.147069004">
        <ele>875.11</ele>
      </trkpt>
      <trkpt lat="44.069256997" lon="7.147201998">
        <ele>875.5</ele>
      </trkpt>
      <trkpt lat="44.069423" lon="7.147416994">
        <ele>876.54</ele>
      </trkpt>
      <trkpt lat="44.069559002" lon="7.147616003">
        <ele>877.45</ele>
      </trkpt>
      <trkpt lat="44.069601006" lon="7.147661992">
        <ele>879.15</ele>
      </trkpt>
      <trkpt lat="44.069721005" lon="7.147795996">
        <ele>879.72</ele>
      </trkpt>
      <trkpt lat="44.069831997" lon="7.147882993">
        <ele>880.94</ele>
      </trkpt>
      <trkpt lat="44.069843003" lon="7.147891996">
        <ele>883.44</ele>
      </trkpt>
      <trkpt lat="44.070049001" lon="7.148015997">
        <ele>887.18</ele>
      </trkpt>
      <trkpt lat="44.070304006" lon="7.148176">
        <ele>890.15</ele>
      </trkpt>
      <trkpt lat="44.070337005" lon="7.148212995">
        <ele>892.71</ele>
      </trkpt>
      <trkpt lat="44.070359" lon="7.148259001">
        <ele>893.83</ele>
      </trkpt>
      <trkpt lat="44.070369998" lon="7.148306005">
        <ele>892.54</ele>
      </trkpt>
      <trkpt lat="44.070376994" lon="7.148391994">
        <ele>890.16</ele>
      </trkpt>
      <trkpt lat="44.070376003" lon="7.148600006">
        <ele>890.66</ele>
      </trkpt>
      <trkpt lat="44.070354002" lon="7.149006006">
        <ele>890.14</ele>
      </trkpt>
      <trkpt lat="44.070338002" lon="7.149180996">
        <ele>888.95</ele>
      </trkpt>
      <trkpt lat="44.070310995" lon="7.149328007">
        <ele>892.15</ele>
      </trkpt>
      <trkpt lat="44.070289998" lon="7.149462006">
        <ele>894.3</ele>
      </trkpt>
      <trkpt lat="44.070287002" lon="7.149541003">
        <ele>893.17</ele>
      </trkpt>
      <trkpt lat="44.070286003" lon="7.149597995">
        <ele>894.5</ele>
      </trkpt>
      <trkpt lat="44.070301005" lon="7.149676993">
        <ele>897.28</ele>
      </trkpt>
      <trkpt lat="44.070425997" lon="7.150050003">
        <ele>896.77</ele>
      </trkpt>
      <trkpt lat="44.070563002" lon="7.150346">
        <ele>896.75</ele>
      </trkpt>
      <trkpt lat="44.070606" lon="7.150414003">
        <ele>899.31</ele>
      </trkpt>
      <trkpt lat="44.070653003" lon="7.150460997">
        <ele>900.57</ele>
      </trkpt>
      <trkpt lat="44.070709" lon="7.150517999">
        <ele>901.39</ele>
      </trkpt>
      <trkpt lat="44.070742999" lon="7.150564007">
        <ele>902.27</ele>
      </trkpt>
      <trkpt lat="44.070768995" lon="7.150614994">
        <ele>902.94</ele>
      </trkpt>
      <trkpt lat="44.070789994" lon="7.150663003">
        <ele>901.98</ele>
      </trkpt>
      <trkpt lat="44.070805" lon="7.150716001">
        <ele>900.83</ele>
      </trkpt>
      <trkpt lat="44.070826001" lon="7.150830002">
        <ele>899.73</ele>
      </trkpt>
      <trkpt lat="44.070848006" lon="7.150908999">
        <ele>898.83</ele>
      </trkpt>
      <trkpt lat="44.070875004" lon="7.150972998">
        <ele>901.24</ele>
      </trkpt>
      <trkpt lat="44.070907999" lon="7.151030996">
        <ele>902.83</ele>
      </trkpt>
      <trkpt lat="44.070995001" lon="7.151154002">
        <ele>904.15</ele>
      </trkpt>
      <trkpt lat="44.071040999" lon="7.151232001">
        <ele>905.49</ele>
      </trkpt>
      <trkpt lat="44.071068" lon="7.151304001">
        <ele>906.03</ele>
      </trkpt>
      <trkpt lat="44.071072998" lon="7.151325004">
        <ele>902.39</ele>
      </trkpt>
      <trkpt lat="44.071098005" lon="7.151417997">
        <ele>899.72</ele>
      </trkpt>
      <trkpt lat="44.071114" lon="7.151538009">
        <ele>897.36</ele>
      </trkpt>
      <trkpt lat="44.071138995" lon="7.151661003">
        <ele>894.93</ele>
      </trkpt>
      <trkpt lat="44.071170002" lon="7.151739995">
        <ele>896.45</ele>
      </trkpt>
      <trkpt lat="44.071234002" lon="7.151873">
        <ele>898.27</ele>
      </trkpt>
      <trkpt lat="44.071317003" lon="7.152024005">
        <ele>898.56</ele>
      </trkpt>
      <trkpt lat="44.071351996" lon="7.152102001">
        <ele>897.2</ele>
      </trkpt>
      <trkpt lat="44.071377996" lon="7.152192992">
        <ele>898.8</ele>
      </trkpt>
      <trkpt lat="44.071410997" lon="7.152332998">
        <ele>897.12</ele>
      </trkpt>
      <trkpt lat="44.071439999" lon="7.152399994">
        <ele>896.73</ele>
      </trkpt>
      <trkpt lat="44.071473998" lon="7.152455005">
        <ele>898.51</ele>
      </trkpt>
      <trkpt lat="44.071554005" lon="7.152545001">
        <ele>902.78</ele>
      </trkpt>
      <trkpt lat="44.071720996" lon="7.152714004">
        <ele>907.8</ele>
      </trkpt>
      <trkpt lat="44.071815004" lon="7.152805999">
        <ele>912.28</ele>
      </trkpt>
      <trkpt lat="44.071860999" lon="7.15289">
        <ele>915.54</ele>
      </trkpt>
      <trkpt lat="44.071891003" lon="7.152955995">
        <ele>917.2</ele>
      </trkpt>
      <trkpt lat="44.071908001" lon="7.153031992">
        <ele>917.32</ele>
      </trkpt>
      <trkpt lat="44.071911004" lon="7.153092003">
        <ele>915.12</ele>
      </trkpt>
      <trkpt lat="44.071904998" lon="7.153188996">
        <ele>913.17</ele>
      </trkpt>
      <trkpt lat="44.071884999" lon="7.153411002">
        <ele>911.53</ele>
      </trkpt>
      <trkpt lat="44.071890996" lon="7.153461006">
        <ele>910.12</ele>
      </trkpt>
      <trkpt lat="44.071901997" lon="7.153515001">
        <ele>909.12</ele>
      </trkpt>
      <trkpt lat="44.071913997" lon="7.153560005">
        <ele>909.53</ele>
      </trkpt>
      <trkpt lat="44.071939005" lon="7.153631999">
        <ele>909.84</ele>
      </trkpt>
      <trkpt lat="44.071981995" lon="7.153721995">
        <ele>913.89</ele>
      </trkpt>
      <trkpt lat="44.072036005" lon="7.153794995">
        <ele>918</ele>
      </trkpt>
      <trkpt lat="44.072085" lon="7.153874004">
        <ele>922.04</ele>
      </trkpt>
      <trkpt lat="44.072116002" lon="7.153908008">
        <ele>922.54</ele>
      </trkpt>
      <trkpt lat="44.072135998" lon="7.153970998">
        <ele>929.91</ele>
      </trkpt>
      <trkpt lat="44.072149996" lon="7.154060002">
        <ele>933.51</ele>
      </trkpt>
      <trkpt lat="44.072153001" lon="7.154152003">
        <ele>936.24</ele>
      </trkpt>
      <trkpt lat="44.072153005" lon="7.154197007">
        <ele>937.34</ele>
      </trkpt>
      <trkpt lat="44.072121" lon="7.154329005">
        <ele>944</ele>
      </trkpt>
      <trkpt lat="44.072006003" lon="7.154632004">
        <ele>942.63</ele>
      </trkpt>
      <trkpt lat="44.071861002" lon="7.155005002">
        <ele>940.75</ele>
      </trkpt>
      <trkpt lat="44.071729002" lon="7.155327995">
        <ele>939.49</ele>
      </trkpt>
      <trkpt lat="44.071568005" lon="7.155670994">
        <ele>940.08</ele>
      </trkpt>
      <trkpt lat="44.071423995" lon="7.155948991">
        <ele>938.41</ele>
      </trkpt>
      <trkpt lat="44.071338005" lon="7.156107006">
        <ele>937.23</ele>
      </trkpt>
      <trkpt lat="44.071282998" lon="7.156280998">
        <ele>937.49</ele>
      </trkpt>
      <trkpt lat="44.071272" lon="7.156459006">
        <ele>937.66</ele>
      </trkpt>
      <trkpt lat="44.071292997" lon="7.156604999">
        <ele>938.02</ele>
      </trkpt>
      <trkpt lat="44.071332996" lon="7.156730005">
        <ele>939.87</ele>
      </trkpt>
      <trkpt lat="44.071417" lon="7.156853002">
        <ele>941.59</ele>
      </trkpt>
      <trkpt lat="44.071534001" lon="7.157022001">
        <ele>944.03</ele>
      </trkpt>
      <trkpt lat="44.071652003" lon="7.157218002">
        <ele>945.04</ele>
      </trkpt>
      <trkpt lat="44.071729006" lon="7.157427995">
        <ele>949.25</ele>
      </trkpt>
      <trkpt lat="44.071803998" lon="7.158008006">
        <ele>949.49</ele>
      </trkpt>
      <trkpt lat="44.071871002" lon="7.158380994">
        <ele>950.94</ele>
      </trkpt>
      <trkpt lat="44.071954" lon="7.158787005">
        <ele>953.76</ele>
      </trkpt>
      <trkpt lat="44.072037006" lon="7.159193006">
        <ele>956.62</ele>
      </trkpt>
      <trkpt lat="44.07212" lon="7.159522001">
        <ele>956.37</ele>
      </trkpt>
      <trkpt lat="44.072203003" lon="7.159849997">
        <ele>957.23</ele>
      </trkpt>
      <trkpt lat="44.072327" lon="7.160281002">
        <ele>958.47</ele>
      </trkpt>
      <trkpt lat="44.072450004" lon="7.160711998">
        <ele>959.31</ele>
      </trkpt>
      <trkpt lat="44.072561997" lon="7.161027006">
        <ele>961.81</ele>
      </trkpt>
      <trkpt lat="44.072664003" lon="7.161332995">
        <ele>963.9</ele>
      </trkpt>
      <trkpt lat="44.072765998" lon="7.161638998">
        <ele>964.95</ele>
      </trkpt>
      <trkpt lat="44.072864994" lon="7.161885002">
        <ele>966.54</ele>
      </trkpt>
      <trkpt lat="44.072878002" lon="7.161919994">
        <ele>965.39</ele>
      </trkpt>
      <trkpt lat="44.073019002" lon="7.162195001">
        <ele>965</ele>
      </trkpt>
      <trkpt lat="44.073110002" lon="7.162391004">
        <ele>965.7</ele>
      </trkpt>
      <trkpt lat="44.073206002" lon="7.162569997">
        <ele>966.9</ele>
      </trkpt>
      <trkpt lat="44.073272998" lon="7.162653996">
        <ele>967.75</ele>
      </trkpt>
      <trkpt lat="44.073332998" lon="7.162694003">
        <ele>970</ele>
      </trkpt>
      <trkpt lat="44.073408002" lon="7.162734997">
        <ele>972.22</ele>
      </trkpt>
      <trkpt lat="44.073756997" lon="7.162897005">
        <ele>973.93</ele>
      </trkpt>
      <trkpt lat="44.073852998" lon="7.162985003">
        <ele>976.33</ele>
      </trkpt>
      <trkpt lat="44.073982002" lon="7.163146001">
        <ele>977.51</ele>
      </trkpt>
      <trkpt lat="44.074110998" lon="7.163351004">
        <ele>979.09</ele>
      </trkpt>
      <trkpt lat="44.074190996" lon="7.163580999">
        <ele>979.74</ele>
      </trkpt>
      <trkpt lat="44.074218003" lon="7.163718992">
        <ele>981.16</ele>
      </trkpt>
      <trkpt lat="44.074252997" lon="7.163896">
        <ele>981.61</ele>
      </trkpt>
      <trkpt lat="44.074283996" lon="7.164127998">
        <ele>982.82</ele>
      </trkpt>
      <trkpt lat="44.074351002" lon="7.164449005">
        <ele>983.25</ele>
      </trkpt>
      <trkpt lat="44.074366001" lon="7.164488995">
        <ele>984.24</ele>
      </trkpt>
      <trkpt lat="44.074401002" lon="7.164558992">
        <ele>984.93</ele>
      </trkpt>
      <trkpt lat="44.074491005" lon="7.164657006">
        <ele>985.55</ele>
      </trkpt>
      <trkpt lat="44.074584997" lon="7.164721008">
        <ele>986.24</ele>
      </trkpt>
      <trkpt lat="44.074704999" lon="7.164812994">
        <ele>988.03</ele>
      </trkpt>
      <trkpt lat="44.074784001" lon="7.164891001">
        <ele>989.33</ele>
      </trkpt>
      <trkpt lat="44.074866998" lon="7.165017995">
        <ele>990.75</ele>
      </trkpt>
      <trkpt lat="44.074953998" lon="7.165215004">
        <ele>991.78</ele>
      </trkpt>
      <trkpt lat="44.075023" lon="7.165412009">
        <ele>992.5</ele>
      </trkpt>
      <trkpt lat="44.075085001" lon="7.165572008">
        <ele>992.5</ele>
      </trkpt>
      <trkpt lat="44.075131998" lon="7.165673001">
        <ele>994.12</ele>
      </trkpt>
      <trkpt lat="44.075142005" lon="7.165761009">
        <ele>994.04</ele>
      </trkpt>
      <trkpt lat="44.075141003" lon="7.16578">
        <ele>994.3</ele>
      </trkpt>
      <trkpt lat="44.075135004" lon="7.165827005">
        <ele>994.95</ele>
      </trkpt>
      <trkpt lat="44.075109001" lon="7.165926002">
        <ele>997.28</ele>
      </trkpt>
      <trkpt lat="44.075044999" lon="7.166060995">
        <ele>996.94</ele>
      </trkpt>
      <trkpt lat="44.074901003" lon="7.166265001">
        <ele>998.39</ele>
      </trkpt>
      <trkpt lat="44.074797002" lon="7.166385999">
        <ele>1000.49</ele>
      </trkpt>
      <trkpt lat="44.074706998" lon="7.166454003">
        <ele>1000.84</ele>
      </trkpt>
      <trkpt lat="44.074626002" lon="7.166493">
        <ele>1000.28</ele>
      </trkpt>
      <trkpt lat="44.07453" lon="7.166495993">
        <ele>1000.75</ele>
      </trkpt>
      <trkpt lat="44.074375003" lon="7.166502003">
        <ele>1001.42</ele>
      </trkpt>
      <trkpt lat="44.074181002" lon="7.166524008">
        <ele>1000.92</ele>
      </trkpt>
      <trkpt lat="44.074047" lon="7.166532994">
        <ele>1002.44</ele>
      </trkpt>
      <trkpt lat="44.073898004" lon="7.166522003">
        <ele>1003.38</ele>
      </trkpt>
      <trkpt lat="44.073627001" lon="7.166457995">
        <ele>1003.12</ele>
      </trkpt>
      <trkpt lat="44.073266999" lon="7.166361003">
        <ele>1002.25</ele>
      </trkpt>
      <trkpt lat="44.073148997" lon="7.166315005">
        <ele>1003.53</ele>
      </trkpt>
      <trkpt lat="44.073126001" lon="7.166312996">
        <ele>1003.63</ele>
      </trkpt>
      <trkpt lat="44.07295" lon="7.166299003">
        <ele>1001.15</ele>
      </trkpt>
      <trkpt lat="44.072733995" lon="7.166305007">
        <ele>1000.5</ele>
      </trkpt>
      <trkpt lat="44.072316997" lon="7.166293">
        <ele>999.91</ele>
      </trkpt>
      <trkpt lat="44.072055004" lon="7.166296998">
        <ele>998.36</ele>
      </trkpt>
      <trkpt lat="44.072002002" lon="7.166304991">
        <ele>997.93</ele>
      </trkpt>
      <trkpt lat="44.071875996" lon="7.166326001">
        <ele>998.59</ele>
      </trkpt>
      <trkpt lat="44.071823002" lon="7.166351997">
        <ele>1000.12</ele>
      </trkpt>
      <trkpt lat="44.071722" lon="7.166403003">
        <ele>1000.25</ele>
      </trkpt>
      <trkpt lat="44.071531999" lon="7.166501993">
        <ele>999.82</ele>
      </trkpt>
      <trkpt lat="44.071515998" lon="7.166507996">
        <ele>999.34</ele>
      </trkpt>
      <trkpt lat="44.071491997" lon="7.166521002">
        <ele>1000.37</ele>
      </trkpt>
      <trkpt lat="44.071429995" lon="7.166554">
        <ele>1001.31</ele>
      </trkpt>
      <trkpt lat="44.070719398" lon="7.166882829">
        <ele>1005.97</ele>
      </trkpt>
      <trkpt lat="44.070123744" lon="7.16770342">
        <ele>1012.66</ele>
      </trkpt>
      <trkpt lat="44.06940979" lon="7.168784609">
        <ele>1020.46</ele>
      </trkpt>
      <trkpt lat="44.069076982" lon="7.170764191">
        <ele>1026.68</ele>
      </trkpt>
      <trkpt lat="44.069079777" lon="7.171046205">
        <ele>1034</ele>
      </trkpt>
      <trkpt lat="44.069253475" lon="7.171109042">
        <ele>1038.32</ele>
      </trkpt>
      <trkpt lat="44.069710901" lon="7.170835725">
        <ele>1042.38</ele>
      </trkpt>
      <trkpt lat="44.069858546" lon="7.170812108">
        <ele>1044.76</ele>
      </trkpt>
      <trkpt lat="44.070145772" lon="7.170798726">
        <ele>1048.65</ele>
      </trkpt>
      <trkpt lat="44.070657991" lon="7.170923963">
        <ele>1052.6</ele>
      </trkpt>
      <trkpt lat="44.071989286" lon="7.170705322">
        <ele>1054.56</ele>
      </trkpt>
      <trkpt lat="44.072371257" lon="7.17027928">
        <ele>1059.15</ele>
      </trkpt>
      <trkpt lat="44.072830186" lon="7.169492499">
        <ele>1062.9</ele>
      </trkpt>
      <trkpt lat="44.073222705" lon="7.169026508">
        <ele>1070.22</ele>
      </trkpt>
      <trkpt lat="44.073298774" lon="7.16904461">
        <ele>1075.25</ele>
      </trkpt>
      <trkpt lat="44.073330155" lon="7.169169036">
        <ele>1078.54</ele>
      </trkpt>
      <trkpt lat="44.073242801" lon="7.169328599">
        <ele>1076.59</ele>
      </trkpt>
      <trkpt lat="44.073046917" lon="7.169433234">
        <ele>1075.14</ele>
      </trkpt>
      <trkpt lat="44.072883475" lon="7.169693685">
        <ele>1073.35</ele>
      </trkpt>
      <trkpt lat="44.072809738" lon="7.16991061">
        <ele>1074.76</ele>
      </trkpt>
      <trkpt lat="44.072715382" lon="7.170135416">
        <ele>1082.02</ele>
      </trkpt>
      <trkpt lat="44.072363714" lon="7.171424817">
        <ele>1088.89</ele>
      </trkpt>
      <trkpt lat="44.07180763" lon="7.172094852">
        <ele>1096.29</ele>
      </trkpt>
      <trkpt lat="44.070935006" lon="7.173760995">
        <ele>1099.63</ele>
      </trkpt>
      <trkpt lat="44.070846998" lon="7.173949">
        <ele>1100</ele>
      </trkpt>
      <trkpt lat="44.070828997" lon="7.173988994">
        <ele>1101.17</ele>
      </trkpt>
      <trkpt lat="44.070767998" lon="7.174135003">
        <ele>1100.57</ele>
      </trkpt>
      <trkpt lat="44.070740998" lon="7.174194">
        <ele>1102.25</ele>
      </trkpt>
      <trkpt lat="44.070680004" lon="7.174458004">
        <ele>1103.87</ele>
      </trkpt>
      <trkpt lat="44.070646003" lon="7.174563003">
        <ele>1105.71</ele>
      </trkpt>
      <trkpt lat="44.070585003" lon="7.174765001">
        <ele>1108.16</ele>
      </trkpt>
      <trkpt lat="44.070509997" lon="7.174932994">
        <ele>1113.59</ele>
      </trkpt>
      <trkpt lat="44.070448004" lon="7.174997998">
        <ele>1114.68</ele>
      </trkpt>
      <trkpt lat="44.070422001" lon="7.175020003">
        <ele>1116.03</ele>
      </trkpt>
      <trkpt lat="44.070330005" lon="7.175098005">
        <ele>1115.49</ele>
      </trkpt>
      <trkpt lat="44.070275002" lon="7.175143996">
        <ele>1115.13</ele>
      </trkpt>
      <trkpt lat="44.070116002" lon="7.175278007">
        <ele>1115.32</ele>
      </trkpt>
      <trkpt lat="44.069964999" lon="7.175402992">
        <ele>1114.89</ele>
      </trkpt>
      <trkpt lat="44.069873001" lon="7.175502994">
        <ele>1117.41</ele>
      </trkpt>
      <trkpt lat="44.069793998" lon="7.175586999">
        <ele>1119.81</ele>
      </trkpt>
      <trkpt lat="44.069595" lon="7.175810001">
        <ele>1119.18</ele>
      </trkpt>
      <trkpt lat="44.069561004" lon="7.175839994">
        <ele>1116.48</ele>
      </trkpt>
      <trkpt lat="44.069407" lon="7.175980994">
        <ele>1116.61</ele>
      </trkpt>
      <trkpt lat="44.069161999" lon="7.176192003">
        <ele>1115.88</ele>
      </trkpt>
      <trkpt lat="44.069149002" lon="7.176204999">
        <ele>1115.23</ele>
      </trkpt>
      <trkpt lat="44.069077999" lon="7.176273001">
        <ele>1114.58</ele>
      </trkpt>
      <trkpt lat="44.068979998" lon="7.176363997">
        <ele>1115.77</ele>
      </trkpt>
      <trkpt lat="44.068936996" lon="7.176411991">
        <ele>1115.82</ele>
      </trkpt>
      <trkpt lat="44.068862002" lon="7.176496">
        <ele>1115.69</ele>
      </trkpt>
      <trkpt lat="44.068727005" lon="7.176645993">
        <ele>1117.35</ele>
      </trkpt>
      <trkpt lat="44.068668998" lon="7.176696998">
        <ele>1119.1</ele>
      </trkpt>
      <trkpt lat="44.068651001" lon="7.176713002">
        <ele>1118.65</ele>
      </trkpt>
      <trkpt lat="44.068539998" lon="7.176811004">
        <ele>1118.98</ele>
      </trkpt>
      <trkpt lat="44.068325996" lon="7.176981006">
        <ele>1116.88</ele>
      </trkpt>
      <trkpt lat="44.068184998" lon="7.177155006">
        <ele>1117.04</ele>
      </trkpt>
      <trkpt lat="44.068084996" lon="7.177331003">
        <ele>1115.74</ele>
      </trkpt>
      <trkpt lat="44.068008005" lon="7.177540003">
        <ele>1115.09</ele>
      </trkpt>
      <trkpt lat="44.067954999" lon="7.177786003">
        <ele>1116.4</ele>
      </trkpt>
      <trkpt lat="44.067906002" lon="7.178049009">
        <ele>1117.1</ele>
      </trkpt>
      <trkpt lat="44.067872997" lon="7.178336002">
        <ele>1117.02</ele>
      </trkpt>
      <trkpt lat="44.067848" lon="7.178608008">
        <ele>1117.37</ele>
      </trkpt>
      <trkpt lat="44.067842999" lon="7.178784006">
        <ele>1120.2</ele>
      </trkpt>
      <trkpt lat="44.067850999" lon="7.178987998">
        <ele>1120.87</ele>
      </trkpt>
      <trkpt lat="44.067839998" lon="7.179233994">
        <ele>1123.8</ele>
      </trkpt>
      <trkpt lat="44.067815002" lon="7.179436999">
        <ele>1126.49</ele>
      </trkpt>
      <trkpt lat="44.067760005" lon="7.179773001">
        <ele>1127.52</ele>
      </trkpt>
      <trkpt lat="44.067702998" lon="7.180121005">
        <ele>1130.13</ele>
      </trkpt>
      <trkpt lat="44.067632" lon="7.180406992">
        <ele>1134.57</ele>
      </trkpt>
      <trkpt lat="44.067501001" lon="7.180864995">
        <ele>1135.45</ele>
      </trkpt>
      <trkpt lat="44.067361999" lon="7.181354996">
        <ele>1136.47</ele>
      </trkpt>
      <trkpt lat="44.067338002" lon="7.181432008">
        <ele>1139.73</ele>
      </trkpt>
      <trkpt lat="44.067258001" lon="7.181695004">
        <ele>1141.98</ele>
      </trkpt>
      <trkpt lat="44.067185999" lon="7.181956001">
        <ele>1141.03</ele>
      </trkpt>
      <trkpt lat="44.067124996" lon="7.182123992">
        <ele>1142.42</ele>
      </trkpt>
      <trkpt lat="44.067053" lon="7.182289999">
        <ele>1143.98</ele>
      </trkpt>
      <trkpt lat="44.066990002" lon="7.182401005">
        <ele>1144.73</ele>
      </trkpt>
      <trkpt lat="44.066862004" lon="7.182581994">
        <ele>1144.47</ele>
      </trkpt>
      <trkpt lat="44.066652998" lon="7.182862001">
        <ele>1146.96</ele>
      </trkpt>
      <trkpt lat="44.066392999" lon="7.183203005">
        <ele>1149.81</ele>
      </trkpt>
      <trkpt lat="44.066125997" lon="7.183543003">
        <ele>1150.37</ele>
      </trkpt>
      <trkpt lat="44.065896999" lon="7.183831006">
        <ele>1153.21</ele>
      </trkpt>
      <trkpt lat="44.065666999" lon="7.184118997">
        <ele>1156.48</ele>
      </trkpt>
      <trkpt lat="44.065559006" lon="7.184255">
        <ele>1159.87</ele>
      </trkpt>
      <trkpt lat="44.064873017" lon="7.185079263">
        <ele>1163.81</ele>
      </trkpt>
      <trkpt lat="44.064323513" lon="7.18604701">
        <ele>1168.37</ele>
      </trkpt>
      <trkpt lat="44.06394516" lon="7.187202671">
        <ele>1171.46</ele>
      </trkpt>
      <trkpt lat="44.063942692" lon="7.187326162">
        <ele>1174.97</ele>
      </trkpt>
      <trkpt lat="44.063950184" lon="7.187425339">
        <ele>1177.31</ele>
      </trkpt>
      <trkpt lat="44.064045995" lon="7.187576417">
        <ele>1178.35</ele>
      </trkpt>
      <trkpt lat="44.064201692" lon="7.187578486">
        <ele>1178.93</ele>
      </trkpt>
      <trkpt lat="44.064357208" lon="7.187408337">
        <ele>1180.81</ele>
      </trkpt>
      <trkpt lat="44.064582733" lon="7.187296568">
        <ele>1181.79</ele>
      </trkpt>
      <trkpt lat="44.065044995" lon="7.187316007">
        <ele>1182.42</ele>
      </trkpt>
      <trkpt lat="44.065185005" lon="7.187335001">
        <ele>1184.4</ele>
      </trkpt>
      <trkpt lat="44.065334998" lon="7.187399992">
        <ele>1186.51</ele>
      </trkpt>
      <trkpt lat="44.065419997" lon="7.187436998">
        <ele>1187.2</ele>
      </trkpt>
      <trkpt lat="44.065506006" lon="7.187457992">
        <ele>1186.78</ele>
      </trkpt>
      <trkpt lat="44.065555998" lon="7.187446998">
        <ele>1186.75</ele>
      </trkpt>
      <trkpt lat="44.065615002" lon="7.187420004">
        <ele>1187.71</ele>
      </trkpt>
      <trkpt lat="44.065680995" lon="7.187351001">
        <ele>1186.92</ele>
      </trkpt>
      <trkpt lat="44.065756997" lon="7.187242998">
        <ele>1188.86</ele>
      </trkpt>
      <trkpt lat="44.065918004" lon="7.186983003">
        <ele>1191.27</ele>
      </trkpt>
      <trkpt lat="44.066011997" lon="7.186833998">
        <ele>1190.94</ele>
      </trkpt>
      <trkpt lat="44.066119" lon="7.186707">
        <ele>1191.22</ele>
      </trkpt>
      <trkpt lat="44.066244001" lon="7.186576001">
        <ele>1193.29</ele>
      </trkpt>
      <trkpt lat="44.066371996" lon="7.186452997">
        <ele>1192.6</ele>
      </trkpt>
      <trkpt lat="44.066472002" lon="7.186371995">
        <ele>1194.41</ele>
      </trkpt>
      <trkpt lat="44.066513001" lon="7.186364">
        <ele>1198.84</ele>
      </trkpt>
      <trkpt lat="44.066555996" lon="7.186387002">
        <ele>1200.43</ele>
      </trkpt>
      <trkpt lat="44.066583003" lon="7.186434002">
        <ele>1202.33</ele>
      </trkpt>
      <trkpt lat="44.066584003" lon="7.186487001">
        <ele>1204.65</ele>
      </trkpt>
      <trkpt lat="44.066572003" lon="7.186558005">
        <ele>1201.36</ele>
      </trkpt>
      <trkpt lat="44.066533006" lon="7.186601997">
        <ele>1201.43</ele>
      </trkpt>
      <trkpt lat="44.066472003" lon="7.186635995">
        <ele>1201.51</ele>
      </trkpt>
      <trkpt lat="44.066397001" lon="7.186703999">
        <ele>1198.8</ele>
      </trkpt>
      <trkpt lat="44.066320003" lon="7.186801994">
        <ele>1197.8</ele>
      </trkpt>
      <trkpt lat="44.066237003" lon="7.187001009">
        <ele>1198.91</ele>
      </trkpt>
      <trkpt lat="44.066179997" lon="7.187203999">
        <ele>1198.59</ele>
      </trkpt>
      <trkpt lat="44.066121998" lon="7.187468003">
        <ele>1199.43</ele>
      </trkpt>
      <trkpt lat="44.066092998" lon="7.187734003">
        <ele>1202.36</ele>
      </trkpt>
      <trkpt lat="44.066077002" lon="7.188036999">
        <ele>1204.5</ele>
      </trkpt>
      <trkpt lat="44.066064994" lon="7.188297">
        <ele>1208.08</ele>
      </trkpt>
      <trkpt lat="44.066065004" lon="7.188506999">
        <ele>1209.48</ele>
      </trkpt>
      <trkpt lat="44.066101999" lon="7.188826997">
        <ele>1210.51</ele>
      </trkpt>
      <trkpt lat="44.066106001" lon="7.189065002">
        <ele>1212.95</ele>
      </trkpt>
      <trkpt lat="44.066093997" lon="7.189458991">
        <ele>1215.24</ele>
      </trkpt>
      <trkpt lat="44.066076001" lon="7.189908">
        <ele>1216.54</ele>
      </trkpt>
      <trkpt lat="44.066048" lon="7.190175999">
        <ele>1218.17</ele>
      </trkpt>
      <trkpt lat="44.066008" lon="7.190365001">
        <ele>1219.17</ele>
      </trkpt>
      <trkpt lat="44.065946003" lon="7.190551995">
        <ele>1220.82</ele>
      </trkpt>
      <trkpt lat="44.065842996" lon="7.190791004">
        <ele>1221.44</ele>
      </trkpt>
      <trkpt lat="44.065769" lon="7.190983">
        <ele>1223.46</ele>
      </trkpt>
      <trkpt lat="44.065736997" lon="7.191134003">
        <ele>1225.06</ele>
      </trkpt>
      <trkpt lat="44.065717006" lon="7.191318003">
        <ele>1226.24</ele>
      </trkpt>
      <trkpt lat="44.065700998" lon="7.191657994">
        <ele>1226.79</ele>
      </trkpt>
      <trkpt lat="44.065673995" lon="7.192099999">
        <ele>1227.4</ele>
      </trkpt>
      <trkpt lat="44.065653003" lon="7.192382999">
        <ele>1226.93</ele>
      </trkpt>
      <trkpt lat="44.065646997" lon="7.192443993">
        <ele>1227.76</ele>
      </trkpt>
      <trkpt lat="44.065644996" lon="7.192471995">
        <ele>1229.98</ele>
      </trkpt>
      <trkpt lat="44.065615003" lon="7.192761006">
        <ele>1231.11</ele>
      </trkpt>
      <trkpt lat="44.065573006" lon="7.193064994">
        <ele>1233.08</ele>
      </trkpt>
      <trkpt lat="44.065361024" lon="7.194129451">
        <ele>1237.48</ele>
      </trkpt>
      <trkpt lat="44.065387503" lon="7.194498781">
        <ele>1241.45</ele>
      </trkpt>
      <trkpt lat="44.065574545" lon="7.195547914">
        <ele>1245.56</ele>
      </trkpt>
      <trkpt lat="44.065622015" lon="7.196154669">
        <ele>1252.3</ele>
      </trkpt>
      <trkpt lat="44.065580693" lon="7.196761136">
        <ele>1258.68</ele>
      </trkpt>
      <trkpt lat="44.066093769" lon="7.198452215">
        <ele>1265.04</ele>
      </trkpt>
      <trkpt lat="44.066462376" lon="7.199514781">
        <ele>1271.76</ele>
      </trkpt>
      <trkpt lat="44.066722061" lon="7.201061952">
        <ele>1277.39</ele>
      </trkpt>
      <trkpt lat="44.066613218" lon="7.201387902">
        <ele>1281.51</ele>
      </trkpt>
      <trkpt lat="44.066454749" lon="7.201751933">
        <ele>1285.76</ele>
      </trkpt>
      <trkpt lat="44.066521802" lon="7.202984292">
        <ele>1287.92</ele>
      </trkpt>
      <trkpt lat="44.066503815" lon="7.20360919">
        <ele>1289.39</ele>
      </trkpt>
      <trkpt lat="44.066737722" lon="7.204102412">
        <ele>1292.16</ele>
      </trkpt>
      <trkpt lat="44.066983662" lon="7.204204087">
        <ele>1294.59</ele>
      </trkpt>
      <trkpt lat="44.06737708" lon="7.204149668">
        <ele>1299.01</ele>
      </trkpt>
      <trkpt lat="44.06768217" lon="7.204122119">
        <ele>1305.26</ele>
      </trkpt>
      <trkpt lat="44.069064165" lon="7.204975776">
        <ele>1312.1</ele>
      </trkpt>
      <trkpt lat="44.070138305" lon="7.206007116">
        <ele>1318.65</ele>
      </trkpt>
      <trkpt lat="44.070601766" lon="7.206166644">
        <ele>1328.16</ele>
      </trkpt>
      <trkpt lat="44.071387171" lon="7.206721578">
        <ele>1334.33</ele>
      </trkpt>
      <trkpt lat="44.071957171" lon="7.208024667">
        <ele>1340.43</ele>
      </trkpt>
      <trkpt lat="44.071948435" lon="7.209034435">
        <ele>1346.5</ele>
      </trkpt>
      <trkpt lat="44.07218641" lon="7.208951839">
        <ele>1351.53</ele>
      </trkpt>
      <trkpt lat="44.072115577" lon="7.208445564">
        <ele>1353.88</ele>
      </trkpt>
      <trkpt lat="44.072281353" lon="7.208048652">
        <ele>1356.9</ele>
      </trkpt>
      <trkpt lat="44.072437518" lon="7.206335809">
        <ele>1359.3</ele>
      </trkpt>
      <trkpt lat="44.07216183" lon="7.205363457">
        <ele>1364.4</ele>
      </trkpt>
      <trkpt lat="44.072143563" lon="7.204585506">
        <ele>1369.6</ele>
      </trkpt>
      <trkpt lat="44.07238676" lon="7.202799762">
        <ele>1374.13</ele>
      </trkpt>
      <trkpt lat="44.072520998" lon="7.202669994">
        <ele>1378.73</ele>
      </trkpt>
      <trkpt lat="44.072573002" lon="7.202682">
        <ele>1382.89</ele>
      </trkpt>
      <trkpt lat="44.072616002" lon="7.202716993">
        <ele>1383.67</ele>
      </trkpt>
      <trkpt lat="44.072661004" lon="7.202782001">
        <ele>1384.13</ele>
      </trkpt>
      <trkpt lat="44.072682001" lon="7.202855999">
        <ele>1384.1</ele>
      </trkpt>
      <trkpt lat="44.072679" lon="7.202912996">
        <ele>1384.31</ele>
      </trkpt>
      <trkpt lat="44.072633002" lon="7.203193993">
        <ele>1383.03</ele>
      </trkpt>
      <trkpt lat="44.072586001" lon="7.203563001">
        <ele>1382.79</ele>
      </trkpt>
      <trkpt lat="44.072572998" lon="7.203717996">
        <ele>1383.09</ele>
      </trkpt>
      <trkpt lat="44.072560001" lon="7.203980991">
        <ele>1382.57</ele>
      </trkpt>
      <trkpt lat="44.072550998" lon="7.204319003">
        <ele>1381.51</ele>
      </trkpt>
      <trkpt lat="44.072553998" lon="7.204559003">
        <ele>1382.41</ele>
      </trkpt>
      <trkpt lat="44.072559001" lon="7.204622993">
        <ele>1381.59</ele>
      </trkpt>
      <trkpt lat="44.072564994" lon="7.204688006">
        <ele>1381.48</ele>
      </trkpt>
      <trkpt lat="44.072604998" lon="7.204856996">
        <ele>1382.3</ele>
      </trkpt>
      <trkpt lat="44.072659" lon="7.205002993">
        <ele>1383.67</ele>
      </trkpt>
      <trkpt lat="44.072723002" lon="7.205139003">
        <ele>1383.77</ele>
      </trkpt>
      <trkpt lat="44.072793005" lon="7.205245992">
        <ele>1384.52</ele>
      </trkpt>
      <trkpt lat="44.072869996" lon="7.205339995">
        <ele>1385.56</ele>
      </trkpt>
      <trkpt lat="44.072956999" lon="7.205407999">
        <ele>1388.22</ele>
      </trkpt>
      <trkpt lat="44.073103999" lon="7.205465999">
        <ele>1390.51</ele>
      </trkpt>
      <trkpt lat="44.073227" lon="7.205503998">
        <ele>1392.34</ele>
      </trkpt>
      <trkpt lat="44.073326002" lon="7.205555999">
        <ele>1394.33</ele>
      </trkpt>
      <trkpt lat="44.073386001" lon="7.205613006">
        <ele>1394.76</ele>
      </trkpt>
      <trkpt lat="44.073404997" lon="7.205641001">
        <ele>1395.52</ele>
      </trkpt>
      <trkpt lat="44.073438001" lon="7.205690998">
        <ele>1398.52</ele>
      </trkpt>
      <trkpt lat="44.073476997" lon="7.205790995">
        <ele>1401.03</ele>
      </trkpt>
      <trkpt lat="44.073496999" lon="7.205974999">
        <ele>1404.54</ele>
      </trkpt>
      <trkpt lat="44.073544002" lon="7.206510998">
        <ele>1406.34</ele>
      </trkpt>
      <trkpt lat="44.073565001" lon="7.206877001">
        <ele>1407.29</ele>
      </trkpt>
      <trkpt lat="44.073580996" lon="7.207141995">
        <ele>1407.01</ele>
      </trkpt>
      <trkpt lat="44.073580001" lon="7.207534">
        <ele>1409.02</ele>
      </trkpt>
      <trkpt lat="44.073575003" lon="7.207964003">
        <ele>1409.78</ele>
      </trkpt>
      <trkpt lat="44.073580004" lon="7.208211994">
        <ele>1413.04</ele>
      </trkpt>
      <trkpt lat="44.073586003" lon="7.208280998">
        <ele>1415.05</ele>
      </trkpt>
      <trkpt lat="44.073600004" lon="7.208447994">
        <ele>1415.43</ele>
      </trkpt>
      <trkpt lat="44.073628999" lon="7.208600998">
        <ele>1414.4</ele>
      </trkpt>
      <trkpt lat="44.073685997" lon="7.208836999">
        <ele>1415.26</ele>
      </trkpt>
      <trkpt lat="44.073735996" lon="7.209014998">
        <ele>1416.79</ele>
      </trkpt>
      <trkpt lat="44.073787" lon="7.20912">
        <ele>1418.2</ele>
      </trkpt>
      <trkpt lat="44.073868002" lon="7.209287006">
        <ele>1419.82</ele>
      </trkpt>
      <trkpt lat="44.073940003" lon="7.209445994">
        <ele>1420.96</ele>
      </trkpt>
      <trkpt lat="44.073977997" lon="7.209570999">
        <ele>1422.25</ele>
      </trkpt>
      <trkpt lat="44.073985996" lon="7.209640001">
        <ele>1421.7</ele>
      </trkpt>
      <trkpt lat="44.073997002" lon="7.209729004">
        <ele>1423.05</ele>
      </trkpt>
      <trkpt lat="44.074000997" lon="7.209932992">
        <ele>1426.28</ele>
      </trkpt>
      <trkpt lat="44.073978003" lon="7.210163999">
        <ele>1430.94</ele>
      </trkpt>
      <trkpt lat="44.07394" lon="7.210526002">
        <ele>1433.1</ele>
      </trkpt>
      <trkpt lat="44.073892006" lon="7.210975002">
        <ele>1437.25</ele>
      </trkpt>
      <trkpt lat="44.073855002" lon="7.211217998">
        <ele>1439.24</ele>
      </trkpt>
      <trkpt lat="44.073823997" lon="7.211428995">
        <ele>1439.8</ele>
      </trkpt>
      <trkpt lat="44.073822006" lon="7.211643004">
        <ele>1441.71</ele>
      </trkpt>
      <trkpt lat="44.073832998" lon="7.212113999">
        <ele>1442.26</ele>
      </trkpt>
      <trkpt lat="44.073849998" lon="7.212636997">
        <ele>1443.18</ele>
      </trkpt>
      <trkpt lat="44.073847998" lon="7.212949994">
        <ele>1445.65</ele>
      </trkpt>
      <trkpt lat="44.073837997" lon="7.213168998">
        <ele>1447.22</ele>
      </trkpt>
      <trkpt lat="44.073822004" lon="7.213538005">
        <ele>1447.68</ele>
      </trkpt>
      <trkpt lat="44.073816999" lon="7.213718998">
        <ele>1449.49</ele>
      </trkpt>
      <trkpt lat="44.073815001" lon="7.213993003">
        <ele>1451.05</ele>
      </trkpt>
      <trkpt lat="44.073812001" lon="7.214161005">
        <ele>1451.25</ele>
      </trkpt>
      <trkpt lat="44.073800001" lon="7.214316001">
        <ele>1451.98</ele>
      </trkpt>
      <trkpt lat="44.073799006" lon="7.214475001">
        <ele>1450.88</ele>
      </trkpt>
      <trkpt lat="44.073815998" lon="7.21458">
        <ele>1452.13</ele>
      </trkpt>
      <trkpt lat="44.073840997" lon="7.214673003">
        <ele>1451.16</ele>
      </trkpt>
      <trkpt lat="44.073896995" lon="7.214834002">
        <ele>1450.37</ele>
      </trkpt>
      <trkpt lat="44.073940997" lon="7.214962006">
        <ele>1452.08</ele>
      </trkpt>
      <trkpt lat="44.073961998" lon="7.215075004">
        <ele>1453.58</ele>
      </trkpt>
      <trkpt lat="44.073973001" lon="7.215228993">
        <ele>1456.3</ele>
      </trkpt>
      <trkpt lat="44.073973998" lon="7.215350997">
        <ele>1459.07</ele>
      </trkpt>
      <trkpt lat="44.073961001" lon="7.215577006">
        <ele>1461.45</ele>
      </trkpt>
      <trkpt lat="44.073933002" lon="7.215698999">
        <ele>1466.68</ele>
      </trkpt>
      <trkpt lat="44.073853002" lon="7.215898999">
        <ele>1466.45</ele>
      </trkpt>
      <trkpt lat="44.073762996" lon="7.216113998">
        <ele>1466.75</ele>
      </trkpt>
      <trkpt lat="44.073663999" lon="7.216348994">
        <ele>1471.68</ele>
      </trkpt>
      <trkpt lat="44.073557006" lon="7.216649994">
        <ele>1476.09</ele>
      </trkpt>
      <trkpt lat="44.073478999" lon="7.216913999">
        <ele>1473.85</ele>
      </trkpt>
      <trkpt lat="44.073386005" lon="7.217216997">
        <ele>1476.28</ele>
      </trkpt>
      <trkpt lat="44.073275004" lon="7.217559003">
        <ele>1474.85</ele>
      </trkpt>
      <trkpt lat="44.073151999" lon="7.217859999">
        <ele>1473.7</ele>
      </trkpt>
      <trkpt lat="44.073102" lon="7.218024001">
        <ele>1472.71</ele>
      </trkpt>
      <trkpt lat="44.073055002" lon="7.218158997">
        <ele>1473.52</ele>
      </trkpt>
      <trkpt lat="44.072913999" lon="7.218559994">
        <ele>1480.41</ele>
      </trkpt>
      <trkpt lat="44.072813995" lon="7.218762992">
        <ele>1487.16</ele>
      </trkpt>
      <trkpt lat="44.072657002" lon="7.219001004">
        <ele>1484.54</ele>
      </trkpt>
      <trkpt lat="44.072453005" lon="7.219430002">
        <ele>1486.76</ele>
      </trkpt>
      <trkpt lat="44.072338995" lon="7.219711005">
        <ele>1493.41</ele>
      </trkpt>
      <trkpt lat="44.072178003" lon="7.220108998">
        <ele>1492</ele>
      </trkpt>
      <trkpt lat="44.072100002" lon="7.220291996">
        <ele>1492</ele>
      </trkpt>
      <trkpt lat="44.072043996" lon="7.220388002">
        <ele>1497.43</ele>
      </trkpt>
      <trkpt lat="44.071979" lon="7.220457">
        <ele>1502.64</ele>
      </trkpt>
      <trkpt lat="44.071943002" lon="7.220495996">
        <ele>1501.29</ele>
      </trkpt>
      <trkpt lat="44.071853004" lon="7.220579003">
        <ele>1503.79</ele>
      </trkpt>
      <trkpt lat="44.071771001" lon="7.220625999">
        <ele>1504.5</ele>
      </trkpt>
      <trkpt lat="44.071647004" lon="7.220656002">
        <ele>1504.96</ele>
      </trkpt>
      <trkpt lat="44.071519004" lon="7.220672006">
        <ele>1502.2</ele>
      </trkpt>
      <trkpt lat="44.071362994" lon="7.220683006">
        <ele>1502.86</ele>
      </trkpt>
      <trkpt lat="44.071261" lon="7.220715992">
        <ele>1503.27</ele>
      </trkpt>
      <trkpt lat="44.071175999" lon="7.220776003">
        <ele>1504.94</ele>
      </trkpt>
      <trkpt lat="44.071134001" lon="7.220828005">
        <ele>1504.98</ele>
      </trkpt>
      <trkpt lat="44.071100998" lon="7.220869997">
        <ele>1505.44</ele>
      </trkpt>
      <trkpt lat="44.071045" lon="7.220998005">
        <ele>1506.29</ele>
      </trkpt>
      <trkpt lat="44.070979997" lon="7.221290999">
        <ele>1508.05</ele>
      </trkpt>
      <trkpt lat="44.070909005" lon="7.22161">
        <ele>1506.99</ele>
      </trkpt>
      <trkpt lat="44.070882996" lon="7.221761997">
        <ele>1508.17</ele>
      </trkpt>
      <trkpt lat="44.070878998" lon="7.221859998">
        <ele>1509.53</ele>
      </trkpt>
      <trkpt lat="44.070898" lon="7.221962006">
        <ele>1510.44</ele>
      </trkpt>
      <trkpt lat="44.070923001" lon="7.222048008">
        <ele>1507.21</ele>
      </trkpt>
      <trkpt lat="44.070963995" lon="7.222196991">
        <ele>1506.58</ele>
      </trkpt>
      <trkpt lat="44.071012997" lon="7.222321991">
        <ele>1505.17</ele>
      </trkpt>
      <trkpt lat="44.071058001" lon="7.222452995">
        <ele>1503.15</ele>
      </trkpt>
      <trkpt lat="44.071068001" lon="7.222564999">
        <ele>1499.85</ele>
      </trkpt>
      <trkpt lat="44.071052003" lon="7.222681999">
        <ele>1498.7</ele>
      </trkpt>
      <trkpt lat="44.070985999" lon="7.223135996">
        <ele>1497.34</ele>
      </trkpt>
      <trkpt lat="44.070920002" lon="7.223589992">
        <ele>1495.68</ele>
      </trkpt>
      <trkpt lat="44.070887996" lon="7.223820001">
        <ele>1493.79</ele>
      </trkpt>
      <trkpt lat="44.070890003" lon="7.224058">
        <ele>1491.83</ele>
      </trkpt>
      <trkpt lat="44.070897999" lon="7.224135001">
        <ele>1490.75</ele>
      </trkpt>
      <trkpt lat="44.070907" lon="7.224189">
        <ele>1489.86</ele>
      </trkpt>
      <trkpt lat="44.070929001" lon="7.224221">
        <ele>1490.14</ele>
      </trkpt>
      <trkpt lat="44.070940006" lon="7.224273998">
        <ele>1490.42</ele>
      </trkpt>
      <trkpt lat="44.070933002" lon="7.224319995">
        <ele>1490.5</ele>
      </trkpt>
      <trkpt lat="44.070915003" lon="7.224366">
        <ele>1489.43</ele>
      </trkpt>
      <trkpt lat="44.070903997" lon="7.224465005">
        <ele>1488.66</ele>
      </trkpt>
      <trkpt lat="44.070914001" lon="7.225056997">
        <ele>1486.95</ele>
      </trkpt>
      <trkpt lat="44.070954003" lon="7.225354999">
        <ele>1485.37</ele>
      </trkpt>
      <trkpt lat="44.070990999" lon="7.225496999">
        <ele>1483.55</ele>
      </trkpt>
      <trkpt lat="44.071027001" lon="7.225636001">
        <ele>1482.68</ele>
      </trkpt>
      <trkpt lat="44.071182002" lon="7.226067">
        <ele>1482.04</ele>
      </trkpt>
      <trkpt lat="44.071233003" lon="7.226237008">
        <ele>1481.23</ele>
      </trkpt>
      <trkpt lat="44.071322997" lon="7.226553004">
        <ele>1480.65</ele>
      </trkpt>
      <trkpt lat="44.071432002" lon="7.226944998">
        <ele>1480.23</ele>
      </trkpt>
      <trkpt lat="44.071547006" lon="7.227331001">
        <ele>1479.64</ele>
      </trkpt>
      <trkpt lat="44.071649" lon="7.227682997">
        <ele>1478.58</ele>
      </trkpt>
      <trkpt lat="44.071751002" lon="7.228034996">
        <ele>1477.79</ele>
      </trkpt>
      <trkpt lat="44.071778002" lon="7.228127001">
        <ele>1476.26</ele>
      </trkpt>
      <trkpt lat="44.071855" lon="7.228391994">
        <ele>1474.97</ele>
      </trkpt>
      <trkpt lat="44.071911" lon="7.228613997">
        <ele>1473.45</ele>
      </trkpt>
      <trkpt lat="44.071939997" lon="7.228769997">
        <ele>1471.2</ele>
      </trkpt>
      <trkpt lat="44.071981997" lon="7.229089997">
        <ele>1469.35</ele>
      </trkpt>
      <trkpt lat="44.072049002" lon="7.229599005">
        <ele>1466.79</ele>
      </trkpt>
      <trkpt lat="44.072103" lon="7.230017998">
        <ele>1462.17</ele>
      </trkpt>
      <trkpt lat="44.072156002" lon="7.230437994">
        <ele>1457.81</ele>
      </trkpt>
      <trkpt lat="44.072227" lon="7.231048003">
        <ele>1454.15</ele>
      </trkpt>
      <trkpt lat="44.072257004" lon="7.231247999">
        <ele>1450.34</ele>
      </trkpt>
      <trkpt lat="44.072272999" lon="7.231321998">
        <ele>1446.97</ele>
      </trkpt>
      <trkpt lat="44.072311999" lon="7.231400997">
        <ele>1446.09</ele>
      </trkpt>
      <trkpt lat="44.072374001" lon="7.231487008">
        <ele>1445.67</ele>
      </trkpt>
      <trkpt lat="44.072516004" lon="7.231635005">
        <ele>1444.87</ele>
      </trkpt>
      <trkpt lat="44.072628999" lon="7.231743">
        <ele>1444.42</ele>
      </trkpt>
      <trkpt lat="44.072750995" lon="7.231889997">
        <ele>1443.9</ele>
      </trkpt>
      <trkpt lat="44.072837" lon="7.232034003">
        <ele>1442.55</ele>
      </trkpt>
      <trkpt lat="44.072982002" lon="7.232302993">
        <ele>1440.88</ele>
      </trkpt>
      <trkpt lat="44.073096001" lon="7.232518994">
        <ele>1439.56</ele>
      </trkpt>
      <trkpt lat="44.073146001" lon="7.232617004">
        <ele>1437.62</ele>
      </trkpt>
      <trkpt lat="44.073152001" lon="7.232642004">
        <ele>1437.07</ele>
      </trkpt>
      <trkpt lat="44.073157999" lon="7.232668004">
        <ele>1436.12</ele>
      </trkpt>
      <trkpt lat="44.073160995" lon="7.232752002">
        <ele>1434.61</ele>
      </trkpt>
      <trkpt lat="44.073153996" lon="7.232945997">
        <ele>1433.64</ele>
      </trkpt>
      <trkpt lat="44.073139" lon="7.233431003">
        <ele>1432.65</ele>
      </trkpt>
      <trkpt lat="44.073142998" lon="7.233552006">
        <ele>1430.94</ele>
      </trkpt>
      <trkpt lat="44.073155995" lon="7.233603006">
        <ele>1429.88</ele>
      </trkpt>
      <trkpt lat="44.073192997" lon="7.233725003">
        <ele>1429.78</ele>
      </trkpt>
      <trkpt lat="44.073336997" lon="7.234050995">
        <ele>1428.7</ele>
      </trkpt>
      <trkpt lat="44.073500001" lon="7.234422999">
        <ele>1427.4</ele>
      </trkpt>
      <trkpt lat="44.073664" lon="7.234796003">
        <ele>1426.61</ele>
      </trkpt>
      <trkpt lat="44.073827002" lon="7.235167998">
        <ele>1425.48</ele>
      </trkpt>
      <trkpt lat="44.073898001" lon="7.235337">
        <ele>1423.67</ele>
      </trkpt>
      <trkpt lat="44.073938999" lon="7.235474">
        <ele>1422.69</ele>
      </trkpt>
      <trkpt lat="44.073954002" lon="7.235573996">
        <ele>1420.14</ele>
      </trkpt>
      <trkpt lat="44.073967998" lon="7.235757993">
        <ele>1418.46</ele>
      </trkpt>
      <trkpt lat="44.073966001" lon="7.235986994">
        <ele>1416.31</ele>
      </trkpt>
      <trkpt lat="44.073956003" lon="7.236207998">
        <ele>1415.36</ele>
      </trkpt>
      <trkpt lat="44.073950995" lon="7.236331996">
        <ele>1413.18</ele>
      </trkpt>
      <trkpt lat="44.073952002" lon="7.236617005">
        <ele>1412.56</ele>
      </trkpt>
      <trkpt lat="44.073957999" lon="7.236697002">
        <ele>1409.78</ele>
      </trkpt>
      <trkpt lat="44.073958001" lon="7.236726995">
        <ele>1411.73</ele>
      </trkpt>
      <trkpt lat="44.073969002" lon="7.236813003">
        <ele>1415.97</ele>
      </trkpt>
      <trkpt lat="44.073994002" lon="7.236928997">
        <ele>1420.47</ele>
      </trkpt>
      <trkpt lat="44.074039994" lon="7.237102002">
        <ele>1423.86</ele>
      </trkpt>
      <trkpt lat="44.074054006" lon="7.237154004">
        <ele>1430.23</ele>
      </trkpt>
      <trkpt lat="44.074094625" lon="7.237266511">
        <ele>1431.81</ele>
      </trkpt>
      <trkpt lat="44.074131998" lon="7.23737">
        <ele>1429.95</ele>
      </trkpt>
      <trkpt lat="44.074200002" lon="7.237512002">
        <ele>1427.3</ele>
      </trkpt>
      <trkpt lat="44.074271001" lon="7.237615997">
        <ele>1427.47</ele>
      </trkpt>
      <trkpt lat="44.074344997" lon="7.237708">
        <ele>1428.65</ele>
      </trkpt>
      <trkpt lat="44.074415006" lon="7.237791005">
        <ele>1426.55</ele>
      </trkpt>
      <trkpt lat="44.074560003" lon="7.237959">
        <ele>1425.64</ele>
      </trkpt>
      <trkpt lat="44.074744002" lon="7.238156994">
        <ele>1420.36</ele>
      </trkpt>
      <trkpt lat="44.075001994" lon="7.238434005">
        <ele>1415.42</ele>
      </trkpt>
      <trkpt lat="44.075179001" lon="7.238604001">
        <ele>1411.39</ele>
      </trkpt>
      <trkpt lat="44.075240998" lon="7.238646003">
        <ele>1410.82</ele>
      </trkpt>
      <trkpt lat="44.075387005" lon="7.238722998">
        <ele>1405.66</ele>
      </trkpt>
      <trkpt lat="44.075592998" lon="7.238809002">
        <ele>1409</ele>
      </trkpt>
      <trkpt lat="44.075716001" lon="7.238873006">
        <ele>1408.58</ele>
      </trkpt>
      <trkpt lat="44.075809994" lon="7.238935998">
        <ele>1404.22</ele>
      </trkpt>
      <trkpt lat="44.075938998" lon="7.239021004">
        <ele>1401.4</ele>
      </trkpt>
      <trkpt lat="44.076030004" lon="7.239055005">
        <ele>1402.98</ele>
      </trkpt>
      <trkpt lat="44.076100998" lon="7.239062997">
        <ele>1400.69</ele>
      </trkpt>
      <trkpt lat="44.076160996" lon="7.239044002">
        <ele>1401.02</ele>
      </trkpt>
      <trkpt lat="44.076272997" lon="7.239003003">
        <ele>1402.67</ele>
      </trkpt>
      <trkpt lat="44.076367002" lon="7.238953998">
        <ele>1407.21</ele>
      </trkpt>
      <trkpt lat="44.076584997" lon="7.238829992">
        <ele>1402.63</ele>
      </trkpt>
      <trkpt lat="44.076797999" lon="7.238698999">
        <ele>1399.39</ele>
      </trkpt>
      <trkpt lat="44.076820005" lon="7.238676997">
        <ele>1395.61</ele>
      </trkpt>
      <trkpt lat="44.076835" lon="7.238657998">
        <ele>1397.18</ele>
      </trkpt>
      <trkpt lat="44.076885001" lon="7.238559002">
        <ele>1394.61</ele>
      </trkpt>
      <trkpt lat="44.076993002" lon="7.238311996">
        <ele>1401.32</ele>
      </trkpt>
      <trkpt lat="44.077062004" lon="7.238191998">
        <ele>1408.69</ele>
      </trkpt>
      <trkpt lat="44.077167998" lon="7.238081996">
        <ele>1416.49</ele>
      </trkpt>
      <trkpt lat="44.077221005" lon="7.238055002">
        <ele>1418.46</ele>
      </trkpt>
      <trkpt lat="44.077248003" lon="7.238046999">
        <ele>1422.13</ele>
      </trkpt>
      <trkpt lat="44.077288003" lon="7.238054006">
        <ele>1425.52</ele>
      </trkpt>
      <trkpt lat="44.077333996" lon="7.238067998">
        <ele>1419.35</ele>
      </trkpt>
      <trkpt lat="44.077348999" lon="7.238083007">
        <ele>1413.21</ele>
      </trkpt>
      <trkpt lat="44.077387003" lon="7.238121997">
        <ele>1404.85</ele>
      </trkpt>
      <trkpt lat="44.077509002" lon="7.238309005">
        <ele>1394.51</ele>
      </trkpt>
      <trkpt lat="44.077771" lon="7.238709007">
        <ele>1384.2</ele>
      </trkpt>
      <trkpt lat="44.077947998" lon="7.238972996">
        <ele>1381.2</ele>
      </trkpt>
      <trkpt lat="44.078193002" lon="7.239343993">
        <ele>1378.39</ele>
      </trkpt>
      <trkpt lat="44.078274006" lon="7.239463997">
        <ele>1375.48</ele>
      </trkpt>
      <trkpt lat="44.078356003" lon="7.239576998">
        <ele>1373.47</ele>
      </trkpt>
      <trkpt lat="44.078628004" lon="7.239878996">
        <ele>1371.34</ele>
      </trkpt>
      <trkpt lat="44.078806001" lon="7.240068999">
        <ele>1370.34</ele>
      </trkpt>
      <trkpt lat="44.078952999" lon="7.240212993">
        <ele>1369.11</ele>
      </trkpt>
      <trkpt lat="44.079103004" lon="7.240378005">
        <ele>1367.39</ele>
      </trkpt>
      <trkpt lat="44.079181001" lon="7.240492999">
        <ele>1364.71</ele>
      </trkpt>
      <trkpt lat="44.079421997" lon="7.240921003">
        <ele>1361.28</ele>
      </trkpt>
      <trkpt lat="44.079574001" lon="7.241186994">
        <ele>1358.57</ele>
      </trkpt>
      <trkpt lat="44.079681994" lon="7.241345001">
        <ele>1355.04</ele>
      </trkpt>
      <trkpt lat="44.079745002" lon="7.241410004">
        <ele>1353.66</ele>
      </trkpt>
      <trkpt lat="44.079844" lon="7.241468001">
        <ele>1354.41</ele>
      </trkpt>
      <trkpt lat="44.080078005" lon="7.241521002">
        <ele>1353.61</ele>
      </trkpt>
      <trkpt lat="44.080361995" lon="7.241637998">
        <ele>1349.87</ele>
      </trkpt>
      <trkpt lat="44.080525001" lon="7.241731005">
        <ele>1347.55</ele>
      </trkpt>
      <trkpt lat="44.080825998" lon="7.241891997">
        <ele>1343.97</ele>
      </trkpt>
      <trkpt lat="44.080939001" lon="7.241963995">
        <ele>1341.6</ele>
      </trkpt>
      <trkpt lat="44.081029996" lon="7.242021998">
        <ele>1340.92</ele>
      </trkpt>
      <trkpt lat="44.081217997" lon="7.242058003">
        <ele>1343.67</ele>
      </trkpt>
      <trkpt lat="44.081385999" lon="7.242057007">
        <ele>1344.19</ele>
      </trkpt>
      <trkpt lat="44.081462996" lon="7.242074992">
        <ele>1347.29</ele>
      </trkpt>
      <trkpt lat="44.081590001" lon="7.242119002">
        <ele>1346.67</ele>
      </trkpt>
      <trkpt lat="44.081741001" lon="7.242178994">
        <ele>1347.13</ele>
      </trkpt>
      <trkpt lat="44.081832996" lon="7.242207001">
        <ele>1347.8</ele>
      </trkpt>
      <trkpt lat="44.081918001" lon="7.242200001">
        <ele>1349.55</ele>
      </trkpt>
      <trkpt lat="44.082022002" lon="7.242164996">
        <ele>1346.93</ele>
      </trkpt>
      <trkpt lat="44.082257001" lon="7.242064003">
        <ele>1354.07</ele>
      </trkpt>
      <trkpt lat="44.082450001" lon="7.241925002">
        <ele>1354.81</ele>
      </trkpt>
      <trkpt lat="44.082612004" lon="7.241802994">
        <ele>1354.72</ele>
      </trkpt>
      <trkpt lat="44.082729003" lon="7.241754003">
        <ele>1355.06</ele>
      </trkpt>
      <trkpt lat="44.082745004" lon="7.241752996">
        <ele>1358.6</ele>
      </trkpt>
      <trkpt lat="44.082760002" lon="7.241763005">
        <ele>1354.3</ele>
      </trkpt>
      <trkpt lat="44.082771002" lon="7.241784995">
        <ele>1351.09</ele>
      </trkpt>
      <trkpt lat="44.082781996" lon="7.241826003">
        <ele>1347.59</ele>
      </trkpt>
      <trkpt lat="44.082787002" lon="7.241887996">
        <ele>1343.61</ele>
      </trkpt>
      <trkpt lat="44.082771" lon="7.241939007">
        <ele>1342.18</ele>
      </trkpt>
      <trkpt lat="44.082740998" lon="7.241970992">
        <ele>1339.07</ele>
      </trkpt>
      <trkpt lat="44.082638001" lon="7.242034994">
        <ele>1337.74</ele>
      </trkpt>
      <trkpt lat="44.082429002" lon="7.242167">
        <ele>1338.97</ele>
      </trkpt>
      <trkpt lat="44.082220996" lon="7.242298991">
        <ele>1337.62</ele>
      </trkpt>
      <trkpt lat="44.082039001" lon="7.242387995">
        <ele>1334.81</ele>
      </trkpt>
      <trkpt lat="44.081916997" lon="7.242420994">
        <ele>1332.94</ele>
      </trkpt>
      <trkpt lat="44.081742002" lon="7.242427994">
        <ele>1330.48</ele>
      </trkpt>
      <trkpt lat="44.081727999" lon="7.242430001">
        <ele>1322.26</ele>
      </trkpt>
      <trkpt lat="44.081333001" lon="7.242426002">
        <ele>1319.72</ele>
      </trkpt>
      <trkpt lat="44.080997998" lon="7.242400997">
        <ele>1318.07</ele>
      </trkpt>
      <trkpt lat="44.080865997" lon="7.242368005">
        <ele>1316.84</ele>
      </trkpt>
      <trkpt lat="44.080703001" lon="7.242298003">
        <ele>1319.02</ele>
      </trkpt>
      <trkpt lat="44.080521995" lon="7.242234999">
        <ele>1322.97</ele>
      </trkpt>
      <trkpt lat="44.080352002" lon="7.242209001">
        <ele>1323.87</ele>
      </trkpt>
      <trkpt lat="44.080182006" lon="7.242200995">
        <ele>1321.4</ele>
      </trkpt>
      <trkpt lat="44.080046994" lon="7.242218006">
        <ele>1317.94</ele>
      </trkpt>
      <trkpt lat="44.079911005" lon="7.242190007">
        <ele>1313.29</ele>
      </trkpt>
      <trkpt lat="44.079647001" lon="7.242061996">
        <ele>1309.46</ele>
      </trkpt>
      <trkpt lat="44.079338997" lon="7.241895995">
        <ele>1304.58</ele>
      </trkpt>
      <trkpt lat="44.079084997" lon="7.241714994">
        <ele>1302.62</ele>
      </trkpt>
      <trkpt lat="44.078830002" lon="7.241534996">
        <ele>1300.58</ele>
      </trkpt>
      <trkpt lat="44.078541998" lon="7.241299">
        <ele>1298.88</ele>
      </trkpt>
      <trkpt lat="44.078253994" lon="7.241063005">
        <ele>1297.08</ele>
      </trkpt>
      <trkpt lat="44.078033004" lon="7.240886999">
        <ele>1296.24</ele>
      </trkpt>
      <trkpt lat="44.077848998" lon="7.240786994">
        <ele>1295.17</ele>
      </trkpt>
      <trkpt lat="44.077661998" lon="7.240577004">
        <ele>1293.71</ele>
      </trkpt>
      <trkpt lat="44.077498998" lon="7.240340998">
        <ele>1292.26</ele>
      </trkpt>
      <trkpt lat="44.077423998" lon="7.240250999">
        <ele>1296</ele>
      </trkpt>
      <trkpt lat="44.077379001" lon="7.240222001">
        <ele>1299.53</ele>
      </trkpt>
      <trkpt lat="44.077349997" lon="7.240215">
        <ele>1301.03</ele>
      </trkpt>
      <trkpt lat="44.077320995" lon="7.240217001">
        <ele>1303.41</ele>
      </trkpt>
      <trkpt lat="44.077292004" lon="7.240222003">
        <ele>1306.19</ele>
      </trkpt>
      <trkpt lat="44.077254005" lon="7.240245001">
        <ele>1304.43</ele>
      </trkpt>
      <trkpt lat="44.077201998" lon="7.240301999">
        <ele>1303.94</ele>
      </trkpt>
      <trkpt lat="44.077155999" lon="7.240387002">
        <ele>1299.25</ele>
      </trkpt>
      <trkpt lat="44.076981002" lon="7.240775992">
        <ele>1300.05</ele>
      </trkpt>
      <trkpt lat="44.076884998" lon="7.241043993">
        <ele>1300.55</ele>
      </trkpt>
      <trkpt lat="44.076786" lon="7.241315996">
        <ele>1296.85</ele>
      </trkpt>
      <trkpt lat="44.076706004" lon="7.241439996">
        <ele>1293.89</ele>
      </trkpt>
      <trkpt lat="44.076644" lon="7.241514001">
        <ele>1293.81</ele>
      </trkpt>
      <trkpt lat="44.076515001" lon="7.241643997">
        <ele>1286.93</ele>
      </trkpt>
      <trkpt lat="44.076387994" lon="7.241714003">
        <ele>1281.49</ele>
      </trkpt>
      <trkpt lat="44.076259999" lon="7.241753004">
        <ele>1279.84</ele>
      </trkpt>
      <trkpt lat="44.076156997" lon="7.241788993">
        <ele>1276.38</ele>
      </trkpt>
      <trkpt lat="44.076129002" lon="7.241822">
        <ele>1273.17</ele>
      </trkpt>
      <trkpt lat="44.076117996" lon="7.241851998">
        <ele>1271.61</ele>
      </trkpt>
      <trkpt lat="44.076124999" lon="7.241921997">
        <ele>1269.49</ele>
      </trkpt>
      <trkpt lat="44.076148996" lon="7.241987">
        <ele>1268.23</ele>
      </trkpt>
      <trkpt lat="44.076185998" lon="7.242006001">
        <ele>1267.26</ele>
      </trkpt>
      <trkpt lat="44.07624" lon="7.242015005">
        <ele>1268.76</ele>
      </trkpt>
      <trkpt lat="44.076355002" lon="7.241991001">
        <ele>1269.56</ele>
      </trkpt>
      <trkpt lat="44.076478004" lon="7.241949003">
        <ele>1269.47</ele>
      </trkpt>
      <trkpt lat="44.076575997" lon="7.241882009">
        <ele>1274.98</ele>
      </trkpt>
      <trkpt lat="44.076816998" lon="7.241575001">
        <ele>1274.81</ele>
      </trkpt>
      <trkpt lat="44.077058003" lon="7.241269005">
        <ele>1278.67</ele>
      </trkpt>
      <trkpt lat="44.077122001" lon="7.241137997">
        <ele>1283.71</ele>
      </trkpt>
      <trkpt lat="44.077230002" lon="7.240943006">
        <ele>1290.11</ele>
      </trkpt>
      <trkpt lat="44.077287003" lon="7.240902997">
        <ele>1285.83</ele>
      </trkpt>
      <trkpt lat="44.077345002" lon="7.240900008">
        <ele>1287.58</ele>
      </trkpt>
      <trkpt lat="44.077422" lon="7.240921003">
        <ele>1284.78</ele>
      </trkpt>
      <trkpt lat="44.077445998" lon="7.240945998">
        <ele>1278.39</ele>
      </trkpt>
      <trkpt lat="44.077473002" lon="7.240995998">
        <ele>1272.56</ele>
      </trkpt>
      <trkpt lat="44.077526998" lon="7.241117001">
        <ele>1268.66</ele>
      </trkpt>
      <trkpt lat="44.077596004" lon="7.241317005">
        <ele>1264.53</ele>
      </trkpt>
      <trkpt lat="44.077770001" lon="7.241648007">
        <ele>1260.06</ele>
      </trkpt>
      <trkpt lat="44.077824996" lon="7.241733003">
        <ele>1257.3</ele>
      </trkpt>
      <trkpt lat="44.077872997" lon="7.241800998">
        <ele>1253.78</ele>
      </trkpt>
      <trkpt lat="44.078017004" lon="7.241999997">
        <ele>1252.99</ele>
      </trkpt>
      <trkpt lat="44.078113998" lon="7.242108994">
        <ele>1252.35</ele>
      </trkpt>
      <trkpt lat="44.078269999" lon="7.242249">
        <ele>1250.25</ele>
      </trkpt>
      <trkpt lat="44.078454002" lon="7.242413001">
        <ele>1247.79</ele>
      </trkpt>
      <trkpt lat="44.078588997" lon="7.242548003">
        <ele>1245.46</ele>
      </trkpt>
      <trkpt lat="44.078702003" lon="7.242725001">
        <ele>1242.76</ele>
      </trkpt>
      <trkpt lat="44.078781005" lon="7.242870993">
        <ele>1239.65</ele>
      </trkpt>
      <trkpt lat="44.078846003" lon="7.242988996">
        <ele>1236.54</ele>
      </trkpt>
      <trkpt lat="44.078922999" lon="7.243076999">
        <ele>1234.86</ele>
      </trkpt>
      <trkpt lat="44.079137002" lon="7.243202995">
        <ele>1234.66</ele>
      </trkpt>
      <trkpt lat="44.079349998" lon="7.243341008">
        <ele>1234.22</ele>
      </trkpt>
      <trkpt lat="44.079684002" lon="7.243523999">
        <ele>1234.87</ele>
      </trkpt>
      <trkpt lat="44.080016999" lon="7.243706003">
        <ele>1234.89</ele>
      </trkpt>
      <trkpt lat="44.080350002" lon="7.243888999">
        <ele>1235.49</ele>
      </trkpt>
      <trkpt lat="44.080656003" lon="7.244055001">
        <ele>1234.33</ele>
      </trkpt>
      <trkpt lat="44.080921002" lon="7.244201003">
        <ele>1229.72</ele>
      </trkpt>
      <trkpt lat="44.081186004" lon="7.244345994">
        <ele>1224.04</ele>
      </trkpt>
      <trkpt lat="44.081409" lon="7.244478998">
        <ele>1219.98</ele>
      </trkpt>
      <trkpt lat="44.081615" lon="7.244613998">
        <ele>1214.05</ele>
      </trkpt>
      <trkpt lat="44.081820998" lon="7.244749999">
        <ele>1209.4</ele>
      </trkpt>
      <trkpt lat="44.081967999" lon="7.244837996">
        <ele>1208.33</ele>
      </trkpt>
      <trkpt lat="44.082057997" lon="7.244870998">
        <ele>1204.61</ele>
      </trkpt>
      <trkpt lat="44.082263002" lon="7.244922">
        <ele>1204.15</ele>
      </trkpt>
      <trkpt lat="44.082368" lon="7.244928">
        <ele>1202.06</ele>
      </trkpt>
      <trkpt lat="44.082504002" lon="7.244938002">
        <ele>1206.93</ele>
      </trkpt>
      <trkpt lat="44.082691" lon="7.244876">
        <ele>1207.87</ele>
      </trkpt>
      <trkpt lat="44.082898998" lon="7.244718995">
        <ele>1212.17</ele>
      </trkpt>
      <trkpt lat="44.083030001" lon="7.244611999">
        <ele>1213.75</ele>
      </trkpt>
      <trkpt lat="44.083106996" lon="7.244598002">
        <ele>1219.45</ele>
      </trkpt>
      <trkpt lat="44.083125" lon="7.244596007">
        <ele>1214.2</ele>
      </trkpt>
      <trkpt lat="44.083191998" lon="7.244622003">
        <ele>1212.93</ele>
      </trkpt>
      <trkpt lat="44.083271004" lon="7.244703">
        <ele>1210.23</ele>
      </trkpt>
      <trkpt lat="44.083324004" lon="7.244827997">
        <ele>1206.03</ele>
      </trkpt>
      <trkpt lat="44.083343006" lon="7.245004999">
        <ele>1199.73</ele>
      </trkpt>
      <trkpt lat="44.083360001" lon="7.245257002">
        <ele>1195.35</ele>
      </trkpt>
      <trkpt lat="44.083391" lon="7.245489994">
        <ele>1188.49</ele>
      </trkpt>
      <trkpt lat="44.083435" lon="7.245616008">
        <ele>1183.83</ele>
      </trkpt>
      <trkpt lat="44.083480998" lon="7.245684001">
        <ele>1182.36</ele>
      </trkpt>
      <trkpt lat="44.083559004" lon="7.245725">
        <ele>1178.13</ele>
      </trkpt>
      <trkpt lat="44.083655004" lon="7.245732006">
        <ele>1178.85</ele>
      </trkpt>
      <trkpt lat="44.083787997" lon="7.245665997">
        <ele>1181.01</ele>
      </trkpt>
      <trkpt lat="44.084070002" lon="7.245486996">
        <ele>1186.9</ele>
      </trkpt>
      <trkpt lat="44.084466995" lon="7.245305999">
        <ele>1193.28</ele>
      </trkpt>
      <trkpt lat="44.084723994" lon="7.245219999">
        <ele>1196.12</ele>
      </trkpt>
      <trkpt lat="44.084804998" lon="7.245223008">
        <ele>1195.75</ele>
      </trkpt>
      <trkpt lat="44.084824997" lon="7.245230003">
        <ele>1196.65</ele>
      </trkpt>
      <trkpt lat="44.084865003" lon="7.245248008">
        <ele>1192.09</ele>
      </trkpt>
      <trkpt lat="44.084929002" lon="7.245296001">
        <ele>1184.84</ele>
      </trkpt>
      <trkpt lat="44.084988997" lon="7.245371006">
        <ele>1184.6</ele>
      </trkpt>
      <trkpt lat="44.085013002" lon="7.245459005">
        <ele>1185</ele>
      </trkpt>
      <trkpt lat="44.085033" lon="7.245594997">
        <ele>1185.08</ele>
      </trkpt>
      <trkpt lat="44.085036001" lon="7.245651004">
        <ele>1184.41</ele>
      </trkpt>
      <trkpt lat="44.085025002" lon="7.245731">
        <ele>1183</ele>
      </trkpt>
      <trkpt lat="44.084956002" lon="7.245892996">
        <ele>1180.43</ele>
      </trkpt>
      <trkpt lat="44.084880002" lon="7.246053994">
        <ele>1174.86</ele>
      </trkpt>
      <trkpt lat="44.084795994" lon="7.246242004">
        <ele>1168.9</ele>
      </trkpt>
      <trkpt lat="44.084765997" lon="7.246363996">
        <ele>1165.42</ele>
      </trkpt>
      <trkpt lat="44.084765998" lon="7.246474998">
        <ele>1162.72</ele>
      </trkpt>
      <trkpt lat="44.084776002" lon="7.246567004">
        <ele>1160.6</ele>
      </trkpt>
      <trkpt lat="44.084819002" lon="7.246673002">
        <ele>1160.71</ele>
      </trkpt>
      <trkpt lat="44.084865001" lon="7.246733996">
        <ele>1162.32</ele>
      </trkpt>
      <trkpt lat="44.084954005" lon="7.246794">
        <ele>1160.68</ele>
      </trkpt>
      <trkpt lat="44.085203997" lon="7.246876995">
        <ele>1159</ele>
      </trkpt>
      <trkpt lat="44.085558004" lon="7.246989005">
        <ele>1158.6</ele>
      </trkpt>
      <trkpt lat="44.085736999" lon="7.247078003">
        <ele>1155.92</ele>
      </trkpt>
      <trkpt lat="44.085976998" lon="7.247232006">
        <ele>1149.74</ele>
      </trkpt>
      <trkpt lat="44.086166" lon="7.247342998">
        <ele>1146.51</ele>
      </trkpt>
      <trkpt lat="44.086267003" lon="7.247373002">
        <ele>1147.59</ele>
      </trkpt>
      <trkpt lat="44.086324" lon="7.247370994">
        <ele>1146.12</ele>
      </trkpt>
      <trkpt lat="44.086524998" lon="7.247357997">
        <ele>1146.48</ele>
      </trkpt>
      <trkpt lat="44.086673001" lon="7.247359999">
        <ele>1150.23</ele>
      </trkpt>
      <trkpt lat="44.086717997" lon="7.247376003">
        <ele>1150.95</ele>
      </trkpt>
      <trkpt lat="44.086745996" lon="7.247387998">
        <ele>1148.92</ele>
      </trkpt>
      <trkpt lat="44.086811999" lon="7.247418001">
        <ele>1150.19</ele>
      </trkpt>
      <trkpt lat="44.086929003" lon="7.247522005">
        <ele>1148.55</ele>
      </trkpt>
      <trkpt lat="44.087012002" lon="7.247595994">
        <ele>1147.09</ele>
      </trkpt>
      <trkpt lat="44.087191003" lon="7.247735005">
        <ele>1148.18</ele>
      </trkpt>
      <trkpt lat="44.087485997" lon="7.247893999">
        <ele>1145.7</ele>
      </trkpt>
      <trkpt lat="44.087794003" lon="7.248044">
        <ele>1141.49</ele>
      </trkpt>
      <trkpt lat="44.088103" lon="7.248194001">
        <ele>1139.11</ele>
      </trkpt>
      <trkpt lat="44.088493" lon="7.248389999">
        <ele>1136.08</ele>
      </trkpt>
      <trkpt lat="44.088808998" lon="7.248586998">
        <ele>1133.58</ele>
      </trkpt>
      <trkpt lat="44.089036002" lon="7.248768995">
        <ele>1132.2</ele>
      </trkpt>
      <trkpt lat="44.089227" lon="7.248953005">
        <ele>1131.05</ele>
      </trkpt>
      <trkpt lat="44.089453001" lon="7.249214003">
        <ele>1130.45</ele>
      </trkpt>
      <trkpt lat="44.089787994" lon="7.249604003">
        <ele>1130.04</ele>
      </trkpt>
      <trkpt lat="44.089820998" lon="7.249640998">
        <ele>1127.7</ele>
      </trkpt>
      <trkpt lat="44.089859003" lon="7.249687996">
        <ele>1126.65</ele>
      </trkpt>
      <trkpt lat="44.09002" lon="7.249883">
        <ele>1125.88</ele>
      </trkpt>
      <trkpt lat="44.090115997" lon="7.250043996">
        <ele>1125</ele>
      </trkpt>
      <trkpt lat="44.090174999" lon="7.250215996">
        <ele>1123.53</ele>
      </trkpt>
      <trkpt lat="44.090235996" lon="7.250444996">
        <ele>1122.69</ele>
      </trkpt>
      <trkpt lat="44.090288003" lon="7.250646">
        <ele>1121.47</ele>
      </trkpt>
      <trkpt lat="44.090391006" lon="7.251151994">
        <ele>1121.11</ele>
      </trkpt>
      <trkpt lat="44.090414997" lon="7.251292001">
        <ele>1120.7</ele>
      </trkpt>
      <trkpt lat="44.090429998" lon="7.251403999">
        <ele>1120.77</ele>
      </trkpt>
      <trkpt lat="44.090433006" lon="7.251463002">
        <ele>1120.95</ele>
      </trkpt>
      <trkpt lat="44.090429996" lon="7.251504996">
        <ele>1121.29</ele>
      </trkpt>
      <trkpt lat="44.090423002" lon="7.251537001">
        <ele>1121.05</ele>
      </trkpt>
      <trkpt lat="44.090410999" lon="7.251565004">
        <ele>1120.8</ele>
      </trkpt>
      <trkpt lat="44.090391998" lon="7.251591008">
        <ele>1120.49</ele>
      </trkpt>
      <trkpt lat="44.090358001" lon="7.251610001">
        <ele>1120.21</ele>
      </trkpt>
      <trkpt lat="44.090334005" lon="7.251610996">
        <ele>1120.11</ele>
      </trkpt>
      <trkpt lat="44.090292002" lon="7.251611006">
        <ele>1120.07</ele>
      </trkpt>
      <trkpt lat="44.090248996" lon="7.251598999">
        <ele>1120.09</ele>
      </trkpt>
      <trkpt lat="44.090207998" lon="7.251574998">
        <ele>1118.96</ele>
      </trkpt>
      <trkpt lat="44.090177999" lon="7.251537001">
        <ele>1117.5</ele>
      </trkpt>
      <trkpt lat="44.090051997" lon="7.251266998">
        <ele>1115.81</ele>
      </trkpt>
      <trkpt lat="44.089933999" lon="7.250993004">
        <ele>1114.32</ele>
      </trkpt>
      <trkpt lat="44.089858997" lon="7.250835002">
        <ele>1112.48</ele>
      </trkpt>
      <trkpt lat="44.089765998" lon="7.250678995">
        <ele>1111.51</ele>
      </trkpt>
      <trkpt lat="44.089650996" lon="7.250517003">
        <ele>1110.62</ele>
      </trkpt>
      <trkpt lat="44.089548999" lon="7.250387999">
        <ele>1109.8</ele>
      </trkpt>
      <trkpt lat="44.089337997" lon="7.250185993">
        <ele>1108.56</ele>
      </trkpt>
      <trkpt lat="44.089210001" lon="7.250081008">
        <ele>1107.81</ele>
      </trkpt>
      <trkpt lat="44.089123997" lon="7.250038">
        <ele>1107</ele>
      </trkpt>
      <trkpt lat="44.089023996" lon="7.250008003">
        <ele>1106.04</ele>
      </trkpt>
      <trkpt lat="44.088918003" lon="7.249999993">
        <ele>1105.2</ele>
      </trkpt>
      <trkpt lat="44.088785998" lon="7.250013999">
        <ele>1104.31</ele>
      </trkpt>
      <trkpt lat="44.088599996" lon="7.250073002">
        <ele>1102.96</ele>
      </trkpt>
      <trkpt lat="44.088508003" lon="7.250089998">
        <ele>1101.81</ele>
      </trkpt>
      <trkpt lat="44.088400005" lon="7.250092993">
        <ele>1100.71</ele>
      </trkpt>
      <trkpt lat="44.088290996" lon="7.250063998">
        <ele>1099.56</ele>
      </trkpt>
      <trkpt lat="44.088120004" lon="7.249963004">
        <ele>1098.18</ele>
      </trkpt>
      <trkpt lat="44.088008003" lon="7.249921006">
        <ele>1096.66</ele>
      </trkpt>
      <trkpt lat="44.087837002" lon="7.249888004">
        <ele>1095.15</ele>
      </trkpt>
      <trkpt lat="44.087531005" lon="7.249829993">
        <ele>1093.53</ele>
      </trkpt>
      <trkpt lat="44.087304005" lon="7.249799996">
        <ele>1090.96</ele>
      </trkpt>
      <trkpt lat="44.087077004" lon="7.249769999">
        <ele>1088.56</ele>
      </trkpt>
      <trkpt lat="44.086685001" lon="7.249751005">
        <ele>1086.31</ele>
      </trkpt>
      <trkpt lat="44.086584001" lon="7.249726999">
        <ele>1083.63</ele>
      </trkpt>
      <trkpt lat="44.086482999" lon="7.249687">
        <ele>1081.07</ele>
      </trkpt>
      <trkpt lat="44.086260002" lon="7.249568994">
        <ele>1079.68</ele>
      </trkpt>
      <trkpt lat="44.085979004" lon="7.249398999">
        <ele>1079.4</ele>
      </trkpt>
      <trkpt lat="44.085738001" lon="7.249286002">
        <ele>1078.97</ele>
      </trkpt>
      <trkpt lat="44.085594996" lon="7.249237">
        <ele>1078.38</ele>
      </trkpt>
      <trkpt lat="44.085534005" lon="7.249236006">
        <ele>1078.91</ele>
      </trkpt>
      <trkpt lat="44.085432994" lon="7.249245002">
        <ele>1077.99</ele>
      </trkpt>
      <trkpt lat="44.085322005" lon="7.249279998">
        <ele>1076.25</ele>
      </trkpt>
      <trkpt lat="44.085168" lon="7.249319996">
        <ele>1074.29</ele>
      </trkpt>
      <trkpt lat="44.084911998" lon="7.249383007">
        <ele>1073.41</ele>
      </trkpt>
      <trkpt lat="44.084795995" lon="7.249415991">
        <ele>1071.41</ele>
      </trkpt>
      <trkpt lat="44.084523004" lon="7.249514007">
        <ele>1071.57</ele>
      </trkpt>
      <trkpt lat="44.084383002" lon="7.249591001">
        <ele>1071.17</ele>
      </trkpt>
      <trkpt lat="44.084251004" lon="7.249683997">
        <ele>1070.41</ele>
      </trkpt>
      <trkpt lat="44.084023002" lon="7.249845995">
        <ele>1069.83</ele>
      </trkpt>
      <trkpt lat="44.083796" lon="7.250008004">
        <ele>1068.87</ele>
      </trkpt>
      <trkpt lat="44.083722997" lon="7.250044999">
        <ele>1066.89</ele>
      </trkpt>
      <trkpt lat="44.083551003" lon="7.250136005">
        <ele>1065.2</ele>
      </trkpt>
      <trkpt lat="44.083376996" lon="7.250199">
        <ele>1063.12</ele>
      </trkpt>
      <trkpt lat="44.083308" lon="7.250204996">
        <ele>1060.52</ele>
      </trkpt>
      <trkpt lat="44.082983003" lon="7.250237999">
        <ele>1058.59</ele>
      </trkpt>
      <trkpt lat="44.082722002" lon="7.250209">
        <ele>1055.96</ele>
      </trkpt>
      <trkpt lat="44.082552" lon="7.250150991">
        <ele>1052.64</ele>
      </trkpt>
      <trkpt lat="44.082150998" lon="7.249991003">
        <ele>1049.93</ele>
      </trkpt>
      <trkpt lat="44.081800999" lon="7.249851997">
        <ele>1046.27</ele>
      </trkpt>
      <trkpt lat="44.081541" lon="7.249738">
        <ele>1042.55</ele>
      </trkpt>
      <trkpt lat="44.081196005" lon="7.249592006">
        <ele>1039.17</ele>
      </trkpt>
      <trkpt lat="44.081123005" lon="7.249559993">
        <ele>1037.26</ele>
      </trkpt>
      <trkpt lat="44.080774002" lon="7.249419003">
        <ele>1036.49</ele>
      </trkpt>
      <trkpt lat="44.080572004" lon="7.249366998">
        <ele>1035.63</ele>
      </trkpt>
      <trkpt lat="44.080414006" lon="7.249342">
        <ele>1035.7</ele>
      </trkpt>
      <trkpt lat="44.080241" lon="7.249343001">
        <ele>1034.45</ele>
      </trkpt>
      <trkpt lat="44.080121003" lon="7.249369994">
        <ele>1032.13</ele>
      </trkpt>
      <trkpt lat="44.079945001" lon="7.249431001">
        <ele>1029.13</ele>
      </trkpt>
      <trkpt lat="44.079673003" lon="7.249558003">
        <ele>1027.55</ele>
      </trkpt>
      <trkpt lat="44.079311995" lon="7.249725003">
        <ele>1024.78</ele>
      </trkpt>
      <trkpt lat="44.079228003" lon="7.249752998">
        <ele>1023.6</ele>
      </trkpt>
      <trkpt lat="44.079119006" lon="7.249759006">
        <ele>1022.67</ele>
      </trkpt>
      <trkpt lat="44.078854995" lon="7.249782">
        <ele>1022.04</ele>
      </trkpt>
      <trkpt lat="44.078509003" lon="7.249812995">
        <ele>1020.79</ele>
      </trkpt>
      <trkpt lat="44.078492" lon="7.249811">
        <ele>1020.27</ele>
      </trkpt>
      <trkpt lat="44.078245005" lon="7.249814997">
        <ele>1019.77</ele>
      </trkpt>
      <trkpt lat="44.078107999" lon="7.249815999">
        <ele>1017.6</ele>
      </trkpt>
      <trkpt lat="44.078014995" lon="7.249821001">
        <ele>1015.3</ele>
      </trkpt>
      <trkpt lat="44.077649996" lon="7.249834997">
        <ele>1013.24</ele>
      </trkpt>
      <trkpt lat="44.077286004" lon="7.249850006">
        <ele>1010.36</ele>
      </trkpt>
      <trkpt lat="44.077264994" lon="7.249849999">
        <ele>1007.47</ele>
      </trkpt>
      <trkpt lat="44.076855002" lon="7.249869996">
        <ele>1006.52</ele>
      </trkpt>
      <trkpt lat="44.076710001" lon="7.249868">
        <ele>1005.65</ele>
      </trkpt>
      <trkpt lat="44.076639995" lon="7.249867994">
        <ele>1004.62</ele>
      </trkpt>
      <trkpt lat="44.076580004" lon="7.249867">
        <ele>1003.64</ele>
      </trkpt>
      <trkpt lat="44.076418999" lon="7.249824999">
        <ele>1002.06</ele>
      </trkpt>
      <trkpt lat="44.076183" lon="7.249770993">
        <ele>999.93</ele>
      </trkpt>
      <trkpt lat="44.075947994" lon="7.249715999">
        <ele>997.81</ele>
      </trkpt>
      <trkpt lat="44.075675" lon="7.249630998">
        <ele>995.51</ele>
      </trkpt>
      <trkpt lat="44.075404003" lon="7.249567002">
        <ele>993.6</ele>
      </trkpt>
      <trkpt lat="44.075188003" lon="7.249532996">
        <ele>991.96</ele>
      </trkpt>
      <trkpt lat="44.075046995" lon="7.249544001">
        <ele>990.32</ele>
      </trkpt>
      <trkpt lat="44.074801" lon="7.249571004">
        <ele>990.22</ele>
      </trkpt>
      <trkpt lat="44.074625002" lon="7.249640005">
        <ele>989.73</ele>
      </trkpt>
      <trkpt lat="44.074458998" lon="7.249775003">
        <ele>988.2</ele>
      </trkpt>
      <trkpt lat="44.074296999" lon="7.249901997">
        <ele>988.66</ele>
      </trkpt>
      <trkpt lat="44.074132004" lon="7.250014002">
        <ele>987.08</ele>
      </trkpt>
      <trkpt lat="44.073963999" lon="7.250113004">
        <ele>984.49</ele>
      </trkpt>
      <trkpt lat="44.073761" lon="7.250248997">
        <ele>982.39</ele>
      </trkpt>
      <trkpt lat="44.073664997" lon="7.250352991">
        <ele>980.84</ele>
      </trkpt>
      <trkpt lat="44.073544002" lon="7.250552996">
        <ele>977.74</ele>
      </trkpt>
      <trkpt lat="44.073424005" lon="7.250779992">
        <ele>977.08</ele>
      </trkpt>
      <trkpt lat="44.073396" lon="7.250850998">
        <ele>975.92</ele>
      </trkpt>
      <trkpt lat="44.073346995" lon="7.250957003">
        <ele>974.32</ele>
      </trkpt>
      <trkpt lat="44.073341" lon="7.250992998">
        <ele>973.21</ele>
      </trkpt>
      <trkpt lat="44.073330006" lon="7.251091993">
        <ele>972.21</ele>
      </trkpt>
      <trkpt lat="44.073325003" lon="7.251147003">
        <ele>971.43</ele>
      </trkpt>
      <trkpt lat="44.073332997" lon="7.251231002">
        <ele>970.68</ele>
      </trkpt>
      <trkpt lat="44.073345999" lon="7.251309999">
        <ele>971.08</ele>
      </trkpt>
      <trkpt lat="44.073380998" lon="7.251428997">
        <ele>971.29</ele>
      </trkpt>
      <trkpt lat="44.073410003" lon="7.251522005">
        <ele>971.41</ele>
      </trkpt>
      <trkpt lat="44.073428004" lon="7.251602001">
        <ele>971.49</ele>
      </trkpt>
      <trkpt lat="44.073438" lon="7.251650006">
        <ele>971.52</ele>
      </trkpt>
      <trkpt lat="44.073439" lon="7.251702002">
        <ele>971.04</ele>
      </trkpt>
      <trkpt lat="44.073439004" lon="7.251751998">
        <ele>970.76</ele>
      </trkpt>
      <trkpt lat="44.073433997" lon="7.251820998">
        <ele>972.94</ele>
      </trkpt>
      <trkpt lat="44.073411997" lon="7.251907005">
        <ele>975.24</ele>
      </trkpt>
      <trkpt lat="44.073383995" lon="7.251960996">
        <ele>975.89</ele>
      </trkpt>
      <trkpt lat="44.073337995" lon="7.252030006">
        <ele>976.63</ele>
      </trkpt>
      <trkpt lat="44.073163995" lon="7.252135004">
        <ele>976.63</ele>
      </trkpt>
      <trkpt lat="44.073152997" lon="7.252142008">
        <ele>977.05</ele>
      </trkpt>
      <trkpt lat="44.072797" lon="7.252323999">
        <ele>975.19</ele>
      </trkpt>
      <trkpt lat="44.072721004" lon="7.252393003">
        <ele>975.55</ele>
      </trkpt>
      <trkpt lat="44.072491996" lon="7.252642008">
        <ele>973.25</ele>
      </trkpt>
      <trkpt lat="44.072261999" lon="7.252889999">
        <ele>974.22</ele>
      </trkpt>
      <trkpt lat="44.072023999" lon="7.253166006">
        <ele>972.32</ele>
      </trkpt>
      <trkpt lat="44.071964005" lon="7.253252995">
        <ele>972.31</ele>
      </trkpt>
      <trkpt lat="44.071717997" lon="7.253657993">
        <ele>971.52</ele>
      </trkpt>
      <trkpt lat="44.071623999" lon="7.253836">
        <ele>973.3</ele>
      </trkpt>
      <trkpt lat="44.071549995" lon="7.253977997">
        <ele>972.42</ele>
      </trkpt>
      <trkpt lat="44.071508999" lon="7.254078007">
        <ele>972.53</ele>
      </trkpt>
      <trkpt lat="44.071375996" lon="7.254343007">
        <ele>971.99</ele>
      </trkpt>
      <trkpt lat="44.071264004" lon="7.254572998">
        <ele>971.8</ele>
      </trkpt>
      <trkpt lat="44.071082002" lon="7.254965997">
        <ele>970.36</ele>
      </trkpt>
      <trkpt lat="44.070989002" lon="7.255144">
        <ele>970.46</ele>
      </trkpt>
      <trkpt lat="44.070930996" lon="7.255260001">
        <ele>969.75</ele>
      </trkpt>
      <trkpt lat="44.070792" lon="7.255470003">
        <ele>969.55</ele>
      </trkpt>
      <trkpt lat="44.070719997" lon="7.255589006">
        <ele>969.28</ele>
      </trkpt>
      <trkpt lat="44.070444999" lon="7.256051998">
        <ele>970.39</ele>
      </trkpt>
      <trkpt lat="44.070323001" lon="7.256283996">
        <ele>970.15</ele>
      </trkpt>
      <trkpt lat="44.070261001" lon="7.256337">
        <ele>969.86</ele>
      </trkpt>
      <trkpt lat="44.070236998" lon="7.256340005">
        <ele>970.12</ele>
      </trkpt>
      <trkpt lat="44.070223998" lon="7.256337994">
        <ele>970.46</ele>
      </trkpt>
      <trkpt lat="44.070186994" lon="7.256329999">
        <ele>970.03</ele>
      </trkpt>
      <trkpt lat="44.070145" lon="7.256305004">
        <ele>969.67</ele>
      </trkpt>
      <trkpt lat="44.07012" lon="7.256288007">
        <ele>969.32</ele>
      </trkpt>
      <trkpt lat="44.070079997" lon="7.256222006">
        <ele>968.81</ele>
      </trkpt>
      <trkpt lat="44.070066003" lon="7.256164003">
        <ele>968.52</ele>
      </trkpt>
      <trkpt lat="44.070156459" lon="7.255972526">
        <ele>967.76</ele>
      </trkpt>
      <trkpt lat="44.070726799" lon="7.25496929">
        <ele>966.48</ele>
      </trkpt>
      <trkpt lat="44.070737123" lon="7.254742508">
        <ele>965.38</ele>
      </trkpt>
      <trkpt lat="44.070622439" lon="7.254556478">
        <ele>963.64</ele>
      </trkpt>
      <trkpt lat="44.070457875" lon="7.254491977">
        <ele>961.82</ele>
      </trkpt>
      <trkpt lat="44.07023346" lon="7.254650551">
        <ele>958.52</ele>
      </trkpt>
      <trkpt lat="44.069916539" lon="7.25498174">
        <ele>954.43</ele>
      </trkpt>
      <trkpt lat="44.069560821" lon="7.255072035">
        <ele>950.91</ele>
      </trkpt>
      <trkpt lat="44.069002377" lon="7.255188913">
        <ele>951.36</ele>
      </trkpt>
      <trkpt lat="44.06893" lon="7.25521">
        <ele>951.93</ele>
      </trkpt>
      <trkpt lat="44.068567998" lon="7.255262004">
        <ele>953.5</ele>
      </trkpt>
      <trkpt lat="44.068502002" lon="7.255261992">
        <ele>953.94</ele>
      </trkpt>
      <trkpt lat="44.068418004" lon="7.255263008">
        <ele>954.46</ele>
      </trkpt>
      <trkpt lat="44.068288004" lon="7.255240994">
        <ele>952.29</ele>
      </trkpt>
      <trkpt lat="44.068219998" lon="7.255238006">
        <ele>947.85</ele>
      </trkpt>
      <trkpt lat="44.068148004" lon="7.255267998">
        <ele>945.26</ele>
      </trkpt>
      <trkpt lat="44.067869995" lon="7.255423999">
        <ele>945.21</ele>
      </trkpt>
      <trkpt lat="44.067799002" lon="7.255454002">
        <ele>944.71</ele>
      </trkpt>
      <trkpt lat="44.067747995" lon="7.255467">
        <ele>941.35</ele>
      </trkpt>
      <trkpt lat="44.067657998" lon="7.255469992">
        <ele>940.28</ele>
      </trkpt>
      <trkpt lat="44.067536004" lon="7.255482003">
        <ele>935.58</ele>
      </trkpt>
      <trkpt lat="44.067445" lon="7.255502997">
        <ele>930.39</ele>
      </trkpt>
      <trkpt lat="44.067315" lon="7.255559999">
        <ele>927.95</ele>
      </trkpt>
      <trkpt lat="44.067208998" lon="7.255634998">
        <ele>926.79</ele>
      </trkpt>
      <trkpt lat="44.067153999" lon="7.255698">
        <ele>924.79</ele>
      </trkpt>
      <trkpt lat="44.067108999" lon="7.255811002">
        <ele>925.8</ele>
      </trkpt>
      <trkpt lat="44.067102004" lon="7.255861994">
        <ele>927.66</ele>
      </trkpt>
      <trkpt lat="44.067094006" lon="7.255903998">
        <ele>925.64</ele>
      </trkpt>
      <trkpt lat="44.067104997" lon="7.256121008">
        <ele>923.9</ele>
      </trkpt>
      <trkpt lat="44.067139999" lon="7.256268998">
        <ele>923.56</ele>
      </trkpt>
      <trkpt lat="44.067179002" lon="7.256403999">
        <ele>919.52</ele>
      </trkpt>
      <trkpt lat="44.067187004" lon="7.256531005">
        <ele>924.24</ele>
      </trkpt>
    </trkseg>
  </trk>
</gpx>