<?xml version='1.0' encoding='utf-8'?>
<gpx xmlns="http://www.topografix.com/GPX/1/1" xmlns:xsi="http://www.w3.org/2001/XMLSchema-instance" creator="Loopi" version="1.1" xsi:schemaLocation="http://www.topografix.com/GPX/1/1 http://www.topografix.com/GPX/1/1/gpx.xsd http://www.garmin.com/xmlschemas/GpxExtensions/v3 http://www.garmin.com/xmlschemas/GpxExtensionsv3.xsd http://www.garmin.com/xmlschemas/TrackPointExtension/v1 http://www.garmin.com/xmlschemas/TrackPointExtensionv1.xsd"><metadata><name>route-des-grandes-alpes-a-velo-saint-martin-vesubie-nice</name><desc>GPX combiné automatiquement</desc></metadata><trk><name>route-des-grandes-alpes-a-velo-saint-martin-vesubie-nice</name><trkseg>
      <trkpt lat="44.067187004" lon="7.256531005">
        <ele>924.24</ele>
      </trkpt>
      <trkpt lat="44.067171994" lon="7.256652002">
        <ele>922.77</ele>
      </trkpt>
      <trkpt lat="44.067113005" lon="7.256811997">
        <ele>925.74</ele>
      </trkpt>
      <trkpt lat="44.066958004" lon="7.257143003">
        <ele>927.57</ele>
      </trkpt>
      <trkpt lat="44.066877003" lon="7.257319">
        <ele>930.15</ele>
      </trkpt>
      <trkpt lat="44.066848999" lon="7.257344006">
        <ele>934.32</ele>
      </trkpt>
      <trkpt lat="44.066792004" lon="7.257364003">
        <ele>936.07</ele>
      </trkpt>
      <trkpt lat="44.066709002" lon="7.257379004">
        <ele>936.68</ele>
      </trkpt>
      <trkpt lat="44.066540002" lon="7.257335003">
        <ele>936.22</ele>
      </trkpt>
      <trkpt lat="44.066294003" lon="7.257265001">
        <ele>935.74</ele>
      </trkpt>
      <trkpt lat="44.066150998" lon="7.257251997">
        <ele>934.12</ele>
      </trkpt>
      <trkpt lat="44.066042999" lon="7.257240001">
        <ele>933.92</ele>
      </trkpt>
      <trkpt lat="44.065761" lon="7.257207995">
        <ele>934.07</ele>
      </trkpt>
      <trkpt lat="44.065416998" lon="7.257194998">
        <ele>934.85</ele>
      </trkpt>
      <trkpt lat="44.065157998" lon="7.257205002">
        <ele>933</ele>
      </trkpt>
      <trkpt lat="44.064862001" lon="7.257251999">
        <ele>931.46</ele>
      </trkpt>
      <trkpt lat="44.064783998" lon="7.257283999">
        <ele>930.28</ele>
      </trkpt>
      <trkpt lat="44.064664997" lon="7.257318006">
        <ele>929.73</ele>
      </trkpt>
      <trkpt lat="44.064556004" lon="7.257353999">
        <ele>930.47</ele>
      </trkpt>
      <trkpt lat="44.064481002" lon="7.257382998">
        <ele>934.33</ele>
      </trkpt>
      <trkpt lat="44.064387005" lon="7.257426001">
        <ele>935.22</ele>
      </trkpt>
      <trkpt lat="44.064307997" lon="7.257469">
        <ele>937.93</ele>
      </trkpt>
      <trkpt lat="44.064201999" lon="7.257504004">
        <ele>938.12</ele>
      </trkpt>
      <trkpt lat="44.064034997" lon="7.257580992">
        <ele>934.55</ele>
      </trkpt>
      <trkpt lat="44.063866003" lon="7.257610006">
        <ele>932.39</ele>
      </trkpt>
      <trkpt lat="44.063437001" lon="7.257645995">
        <ele>930.08</ele>
      </trkpt>
      <trkpt lat="44.063008999" lon="7.257682008">
        <ele>925.49</ele>
      </trkpt>
      <trkpt lat="44.062580994" lon="7.257719008">
        <ele>923.54</ele>
      </trkpt>
      <trkpt lat="44.062564004" lon="7.257718999">
        <ele>921.98</ele>
      </trkpt>
      <trkpt lat="44.062432002" lon="7.257726006">
        <ele>921.43</ele>
      </trkpt>
      <trkpt lat="44.062311995" lon="7.257739997">
        <ele>923.73</ele>
      </trkpt>
      <trkpt lat="44.062204999" lon="7.257774">
        <ele>924.1</ele>
      </trkpt>
      <trkpt lat="44.062107" lon="7.257833">
        <ele>923.55</ele>
      </trkpt>
      <trkpt lat="44.062023002" lon="7.257905998">
        <ele>925.46</ele>
      </trkpt>
      <trkpt lat="44.061948994" lon="7.257994005">
        <ele>925.04</ele>
      </trkpt>
      <trkpt lat="44.061832004" lon="7.258131006">
        <ele>922.27</ele>
      </trkpt>
      <trkpt lat="44.061630999" lon="7.258341001">
        <ele>921.84</ele>
      </trkpt>
      <trkpt lat="44.061363997" lon="7.258589002">
        <ele>921.5</ele>
      </trkpt>
      <trkpt lat="44.061195005" lon="7.258765005">
        <ele>920.85</ele>
      </trkpt>
      <trkpt lat="44.061042" lon="7.258945003">
        <ele>918.74</ele>
      </trkpt>
      <trkpt lat="44.060929999" lon="7.259057999">
        <ele>917.78</ele>
      </trkpt>
      <trkpt lat="44.060793002" lon="7.259171998">
        <ele>916.46</ele>
      </trkpt>
      <trkpt lat="44.060428003" lon="7.259427003">
        <ele>915.71</ele>
      </trkpt>
      <trkpt lat="44.060398003" lon="7.259450005">
        <ele>913.61</ele>
      </trkpt>
      <trkpt lat="44.060192998" lon="7.259602007">
        <ele>911.93</ele>
      </trkpt>
      <trkpt lat="44.060072998" lon="7.259707002">
        <ele>913.46</ele>
      </trkpt>
      <trkpt lat="44.059991001" lon="7.259811004">
        <ele>914.92</ele>
      </trkpt>
      <trkpt lat="44.059957" lon="7.259865005">
        <ele>913.05</ele>
      </trkpt>
      <trkpt lat="44.059900002" lon="7.259955005">
        <ele>914.91</ele>
      </trkpt>
      <trkpt lat="44.059851003" lon="7.260033992">
        <ele>916.23</ele>
      </trkpt>
      <trkpt lat="44.059661004" lon="7.260376001">
        <ele>915.27</ele>
      </trkpt>
      <trkpt lat="44.059470005" lon="7.260718008">
        <ele>910.74</ele>
      </trkpt>
      <trkpt lat="44.059464006" lon="7.260728995">
        <ele>912.11</ele>
      </trkpt>
      <trkpt lat="44.059253995" lon="7.261081">
        <ele>912.16</ele>
      </trkpt>
      <trkpt lat="44.059083996" lon="7.261297997">
        <ele>910.6</ele>
      </trkpt>
      <trkpt lat="44.058872998" lon="7.261541995">
        <ele>909.68</ele>
      </trkpt>
      <trkpt lat="44.058662999" lon="7.261786003">
        <ele>912.93</ele>
      </trkpt>
      <trkpt lat="44.058441001" lon="7.262027999">
        <ele>914.72</ele>
      </trkpt>
      <trkpt lat="44.058250003" lon="7.262228006">
        <ele>911.98</ele>
      </trkpt>
      <trkpt lat="44.058040006" lon="7.262403004">
        <ele>912.8</ele>
      </trkpt>
      <trkpt lat="44.057841001" lon="7.262542002">
        <ele>909.89</ele>
      </trkpt>
      <trkpt lat="44.057682997" lon="7.262635002">
        <ele>907.37</ele>
      </trkpt>
      <trkpt lat="44.057565999" lon="7.262676993">
        <ele>900.3</ele>
      </trkpt>
      <trkpt lat="44.057423995" lon="7.262719997">
        <ele>900.69</ele>
      </trkpt>
      <trkpt lat="44.057311998" lon="7.262756">
        <ele>897.38</ele>
      </trkpt>
      <trkpt lat="44.057170002" lon="7.262848998">
        <ele>897.7</ele>
      </trkpt>
      <trkpt lat="44.056894999" lon="7.263052002">
        <ele>894.41</ele>
      </trkpt>
      <trkpt lat="44.056676999" lon="7.263232005">
        <ele>896.38</ele>
      </trkpt>
      <trkpt lat="44.056467998" lon="7.263481997">
        <ele>893</ele>
      </trkpt>
      <trkpt lat="44.056260006" lon="7.263732">
        <ele>892.17</ele>
      </trkpt>
      <trkpt lat="44.056047004" lon="7.263978001">
        <ele>889.73</ele>
      </trkpt>
      <trkpt lat="44.055834002" lon="7.264224001">
        <ele>890.63</ele>
      </trkpt>
      <trkpt lat="44.055690005" lon="7.264436002">
        <ele>887.78</ele>
      </trkpt>
      <trkpt lat="44.055510998" lon="7.264697995">
        <ele>888.58</ele>
      </trkpt>
      <trkpt lat="44.055376997" lon="7.264869999">
        <ele>889.49</ele>
      </trkpt>
      <trkpt lat="44.055360005" lon="7.264882998">
        <ele>892.17</ele>
      </trkpt>
      <trkpt lat="44.055324996" lon="7.264914006">
        <ele>895.27</ele>
      </trkpt>
      <trkpt lat="44.055258001" lon="7.264971999">
        <ele>896.05</ele>
      </trkpt>
      <trkpt lat="44.055145004" lon="7.265032006">
        <ele>895.3</ele>
      </trkpt>
      <trkpt lat="44.055050999" lon="7.26508">
        <ele>894.84</ele>
      </trkpt>
      <trkpt lat="44.054981002" lon="7.265141005">
        <ele>890.46</ele>
      </trkpt>
      <trkpt lat="44.054892001" lon="7.265215995">
        <ele>888.52</ele>
      </trkpt>
      <trkpt lat="44.054827001" lon="7.265281998">
        <ele>888.15</ele>
      </trkpt>
      <trkpt lat="44.054769994" lon="7.265323992">
        <ele>888.02</ele>
      </trkpt>
      <trkpt lat="44.054560995" lon="7.265405995">
        <ele>884.99</ele>
      </trkpt>
      <trkpt lat="44.054325999" lon="7.265497996">
        <ele>885.83</ele>
      </trkpt>
      <trkpt lat="44.054131005" lon="7.265602007">
        <ele>883.63</ele>
      </trkpt>
      <trkpt lat="44.053923996" lon="7.265748996">
        <ele>881.11</ele>
      </trkpt>
      <trkpt lat="44.053754005" lon="7.265917006">
        <ele>879.01</ele>
      </trkpt>
      <trkpt lat="44.053433002" lon="7.266300002">
        <ele>877.21</ele>
      </trkpt>
      <trkpt lat="44.053237995" lon="7.266585">
        <ele>875</ele>
      </trkpt>
      <trkpt lat="44.053150996" lon="7.266775003">
        <ele>872.59</ele>
      </trkpt>
      <trkpt lat="44.053054006" lon="7.267134">
        <ele>871.57</ele>
      </trkpt>
      <trkpt lat="44.053002994" lon="7.267504005">
        <ele>870.78</ele>
      </trkpt>
      <trkpt lat="44.052963001" lon="7.267753996">
        <ele>868.83</ele>
      </trkpt>
      <trkpt lat="44.052916999" lon="7.267950996">
        <ele>867.91</ele>
      </trkpt>
      <trkpt lat="44.052840004" lon="7.268209996">
        <ele>868</ele>
      </trkpt>
      <trkpt lat="44.052752996" lon="7.268487003">
        <ele>871.22</ele>
      </trkpt>
      <trkpt lat="44.052699998" lon="7.268765999">
        <ele>868.22</ele>
      </trkpt>
      <trkpt lat="44.052645997" lon="7.269099996">
        <ele>870.75</ele>
      </trkpt>
      <trkpt lat="44.052582" lon="7.269348996">
        <ele>870.13</ele>
      </trkpt>
      <trkpt lat="44.052482006" lon="7.269627">
        <ele>867.53</ele>
      </trkpt>
      <trkpt lat="44.052355999" lon="7.269989997">
        <ele>865.7</ele>
      </trkpt>
      <trkpt lat="44.052225003" lon="7.270284006">
        <ele>865.99</ele>
      </trkpt>
      <trkpt lat="44.052102001" lon="7.270449002">
        <ele>863.99</ele>
      </trkpt>
      <trkpt lat="44.051871001" lon="7.270691999">
        <ele>863.77</ele>
      </trkpt>
      <trkpt lat="44.051682995" lon="7.270898991">
        <ele>863.66</ele>
      </trkpt>
      <trkpt lat="44.051577002" lon="7.271036004">
        <ele>860.32</ele>
      </trkpt>
      <trkpt lat="44.051497995" lon="7.271191003">
        <ele>858.75</ele>
      </trkpt>
      <trkpt lat="44.051445998" lon="7.271290003">
        <ele>857.01</ele>
      </trkpt>
      <trkpt lat="44.051246" lon="7.271641998">
        <ele>855.14</ele>
      </trkpt>
      <trkpt lat="44.051059" lon="7.271936004">
        <ele>853.7</ele>
      </trkpt>
      <trkpt lat="44.050896" lon="7.272176998">
        <ele>853.73</ele>
      </trkpt>
      <trkpt lat="44.050695996" lon="7.272401002">
        <ele>854.82</ele>
      </trkpt>
      <trkpt lat="44.050436001" lon="7.272689997">
        <ele>854.18</ele>
      </trkpt>
      <trkpt lat="44.050229002" lon="7.272865995">
        <ele>852.66</ele>
      </trkpt>
      <trkpt lat="44.049922002" lon="7.273073998">
        <ele>851.87</ele>
      </trkpt>
      <trkpt lat="44.049549002" lon="7.273319006">
        <ele>847.28</ele>
      </trkpt>
      <trkpt lat="44.049352996" lon="7.273475006">
        <ele>844.77</ele>
      </trkpt>
      <trkpt lat="44.049244996" lon="7.273595">
        <ele>843.84</ele>
      </trkpt>
      <trkpt lat="44.049197999" lon="7.273667001">
        <ele>843.81</ele>
      </trkpt>
      <trkpt lat="44.049172004" lon="7.273714999">
        <ele>842.81</ele>
      </trkpt>
      <trkpt lat="44.049143999" lon="7.273768994">
        <ele>843.92</ele>
      </trkpt>
      <trkpt lat="44.049120004" lon="7.273832001">
        <ele>842.4</ele>
      </trkpt>
      <trkpt lat="44.049096994" lon="7.273932997">
        <ele>840.95</ele>
      </trkpt>
      <trkpt lat="44.049091002" lon="7.274019">
        <ele>839.6</ele>
      </trkpt>
      <trkpt lat="44.049092998" lon="7.274104004">
        <ele>838.47</ele>
      </trkpt>
      <trkpt lat="44.049111002" lon="7.274197997">
        <ele>837.69</ele>
      </trkpt>
      <trkpt lat="44.049147996" lon="7.274298002">
        <ele>839.46</ele>
      </trkpt>
      <trkpt lat="44.049243003" lon="7.274454003">
        <ele>840.86</ele>
      </trkpt>
      <trkpt lat="44.049349999" lon="7.274618004">
        <ele>841.83</ele>
      </trkpt>
      <trkpt lat="44.049395999" lon="7.274691005">
        <ele>842.46</ele>
      </trkpt>
      <trkpt lat="44.049428995" lon="7.274765992">
        <ele>842.73</ele>
      </trkpt>
      <trkpt lat="44.049444004" lon="7.274818995">
        <ele>845.68</ele>
      </trkpt>
      <trkpt lat="44.049442001" lon="7.274885003">
        <ele>849.32</ele>
      </trkpt>
      <trkpt lat="44.049427999" lon="7.274924991">
        <ele>853.91</ele>
      </trkpt>
      <trkpt lat="44.049404001" lon="7.274977">
        <ele>859.24</ele>
      </trkpt>
      <trkpt lat="44.049369998" lon="7.275026008">
        <ele>865.27</ele>
      </trkpt>
      <trkpt lat="44.049345998" lon="7.275045999">
        <ele>860.92</ele>
      </trkpt>
      <trkpt lat="44.049332006" lon="7.275058995">
        <ele>857.9</ele>
      </trkpt>
      <trkpt lat="44.049289003" lon="7.275082994">
        <ele>855.46</ele>
      </trkpt>
      <trkpt lat="44.049214996" lon="7.275100003">
        <ele>854.05</ele>
      </trkpt>
      <trkpt lat="44.049167" lon="7.275102995">
        <ele>853.63</ele>
      </trkpt>
      <trkpt lat="44.049098997" lon="7.275092999">
        <ele>854.99</ele>
      </trkpt>
      <trkpt lat="44.049040996" lon="7.275087004">
        <ele>856.51</ele>
      </trkpt>
      <trkpt lat="44.048933997" lon="7.275048997">
        <ele>852.9</ele>
      </trkpt>
      <trkpt lat="44.048847002" lon="7.274959006">
        <ele>848.33</ele>
      </trkpt>
      <trkpt lat="44.048691001" lon="7.274771004">
        <ele>843.06</ele>
      </trkpt>
      <trkpt lat="44.048590995" lon="7.274656005">
        <ele>840.48</ele>
      </trkpt>
      <trkpt lat="44.048502997" lon="7.274564003">
        <ele>834.61</ele>
      </trkpt>
      <trkpt lat="44.048422004" lon="7.274513005">
        <ele>833.76</ele>
      </trkpt>
      <trkpt lat="44.048337" lon="7.274485999">
        <ele>831.08</ele>
      </trkpt>
      <trkpt lat="44.048234999" lon="7.274464003">
        <ele>828.28</ele>
      </trkpt>
      <trkpt lat="44.048165005" lon="7.274450996">
        <ele>826.75</ele>
      </trkpt>
      <trkpt lat="44.048105995" lon="7.274420995">
        <ele>827.15</ele>
      </trkpt>
      <trkpt lat="44.048066001" lon="7.274388998">
        <ele>825.47</ele>
      </trkpt>
      <trkpt lat="44.048022001" lon="7.274352001">
        <ele>825.76</ele>
      </trkpt>
      <trkpt lat="44.047904004" lon="7.274243001">
        <ele>826.11</ele>
      </trkpt>
      <trkpt lat="44.047822005" lon="7.274187992">
        <ele>826.69</ele>
      </trkpt>
      <trkpt lat="44.047763004" lon="7.274151993">
        <ele>827.23</ele>
      </trkpt>
      <trkpt lat="44.047691003" lon="7.274132001">
        <ele>826.7</ele>
      </trkpt>
      <trkpt lat="44.047649998" lon="7.274136006">
        <ele>825.76</ele>
      </trkpt>
      <trkpt lat="44.047600001" lon="7.274153994">
        <ele>824.34</ele>
      </trkpt>
      <trkpt lat="44.047477001" lon="7.274286003">
        <ele>821.78</ele>
      </trkpt>
      <trkpt lat="44.047297997" lon="7.274529997">
        <ele>818.45</ele>
      </trkpt>
      <trkpt lat="44.047101997" lon="7.274891004">
        <ele>816.92</ele>
      </trkpt>
      <trkpt lat="44.046904999" lon="7.275260006">
        <ele>815.14</ele>
      </trkpt>
      <trkpt lat="44.046793998" lon="7.275482999">
        <ele>813.32</ele>
      </trkpt>
      <trkpt lat="44.046743001" lon="7.275575002">
        <ele>812.31</ele>
      </trkpt>
      <trkpt lat="44.046593001" lon="7.275734993">
        <ele>811.85</ele>
      </trkpt>
      <trkpt lat="44.046423004" lon="7.27587">
        <ele>810.47</ele>
      </trkpt>
      <trkpt lat="44.046400998" lon="7.275886004">
        <ele>809.24</ele>
      </trkpt>
      <trkpt lat="44.046246" lon="7.276012003">
        <ele>808.03</ele>
      </trkpt>
      <trkpt lat="44.046071002" lon="7.276158004">
        <ele>806.49</ele>
      </trkpt>
      <trkpt lat="44.045919" lon="7.276341997">
        <ele>804.66</ele>
      </trkpt>
      <trkpt lat="44.045787004" lon="7.276562006">
        <ele>804.13</ele>
      </trkpt>
      <trkpt lat="44.045677998" lon="7.276735995">
        <ele>804.14</ele>
      </trkpt>
      <trkpt lat="44.045656997" lon="7.276786001">
        <ele>802.78</ele>
      </trkpt>
      <trkpt lat="44.045528003" lon="7.277005997">
        <ele>802.32</ele>
      </trkpt>
      <trkpt lat="44.045336001" lon="7.277348004">
        <ele>801.68</ele>
      </trkpt>
      <trkpt lat="44.045143998" lon="7.277689996">
        <ele>800.74</ele>
      </trkpt>
      <trkpt lat="44.045057002" lon="7.277884005">
        <ele>798.53</ele>
      </trkpt>
      <trkpt lat="44.044975999" lon="7.278084">
        <ele>797.92</ele>
      </trkpt>
      <trkpt lat="44.044930997" lon="7.278306995">
        <ele>796.91</ele>
      </trkpt>
      <trkpt lat="44.044910001" lon="7.278557998">
        <ele>799.52</ele>
      </trkpt>
      <trkpt lat="44.044894" lon="7.278828996">
        <ele>798.13</ele>
      </trkpt>
      <trkpt lat="44.044875002" lon="7.279110003">
        <ele>797.16</ele>
      </trkpt>
      <trkpt lat="44.044857999" lon="7.279249005">
        <ele>795.94</ele>
      </trkpt>
      <trkpt lat="44.044845002" lon="7.279363003">
        <ele>800.55</ele>
      </trkpt>
      <trkpt lat="44.044817" lon="7.279456004">
        <ele>803.91</ele>
      </trkpt>
      <trkpt lat="44.044761002" lon="7.279557996">
        <ele>803.35</ele>
      </trkpt>
      <trkpt lat="44.044644" lon="7.279712994">
        <ele>811.39</ele>
      </trkpt>
      <trkpt lat="44.044514998" lon="7.279860003">
        <ele>819.2</ele>
      </trkpt>
      <trkpt lat="44.044375997" lon="7.279976006">
        <ele>813.38</ele>
      </trkpt>
      <trkpt lat="44.044305999" lon="7.280031996">
        <ele>805.17</ele>
      </trkpt>
      <trkpt lat="44.044238002" lon="7.280096009">
        <ele>804.49</ele>
      </trkpt>
      <trkpt lat="44.044184996" lon="7.280162998">
        <ele>801.55</ele>
      </trkpt>
      <trkpt lat="44.044122997" lon="7.280261001">
        <ele>797.44</ele>
      </trkpt>
      <trkpt lat="44.044082006" lon="7.280353998">
        <ele>792.72</ele>
      </trkpt>
      <trkpt lat="44.044047" lon="7.28047">
        <ele>792.52</ele>
      </trkpt>
      <trkpt lat="44.044001001" lon="7.280704998">
        <ele>792.81</ele>
      </trkpt>
      <trkpt lat="44.043981999" lon="7.280831001">
        <ele>786.69</ele>
      </trkpt>
      <trkpt lat="44.043966995" lon="7.280961004">
        <ele>783.83</ele>
      </trkpt>
      <trkpt lat="44.043954999" lon="7.281091995">
        <ele>788.58</ele>
      </trkpt>
      <trkpt lat="44.043932" lon="7.281364998">
        <ele>791.07</ele>
      </trkpt>
      <trkpt lat="44.043909999" lon="7.281493">
        <ele>793.23</ele>
      </trkpt>
      <trkpt lat="44.043884005" lon="7.281615003">
        <ele>795.14</ele>
      </trkpt>
      <trkpt lat="44.043853998" lon="7.281725994">
        <ele>795.75</ele>
      </trkpt>
      <trkpt lat="44.043826999" lon="7.281829003">
        <ele>796.11</ele>
      </trkpt>
      <trkpt lat="44.043784999" lon="7.282026">
        <ele>794.13</ele>
      </trkpt>
      <trkpt lat="44.043774997" lon="7.282155991">
        <ele>792.05</ele>
      </trkpt>
      <trkpt lat="44.043775999" lon="7.282260007">
        <ele>792.44</ele>
      </trkpt>
      <trkpt lat="44.043783999" lon="7.282395001">
        <ele>791.38</ele>
      </trkpt>
      <trkpt lat="44.043813996" lon="7.282539999">
        <ele>790.18</ele>
      </trkpt>
      <trkpt lat="44.043851006" lon="7.282676003">
        <ele>793.38</ele>
      </trkpt>
      <trkpt lat="44.043888002" lon="7.282804995">
        <ele>796.31</ele>
      </trkpt>
      <trkpt lat="44.043908006" lon="7.282917002">
        <ele>796.73</ele>
      </trkpt>
      <trkpt lat="44.043903996" lon="7.283021003">
        <ele>802.83</ele>
      </trkpt>
      <trkpt lat="44.043891997" lon="7.283094">
        <ele>803</ele>
      </trkpt>
      <trkpt lat="44.043798003" lon="7.283286008">
        <ele>798.53</ele>
      </trkpt>
      <trkpt lat="44.043738999" lon="7.283391005">
        <ele>793.91</ele>
      </trkpt>
      <trkpt lat="44.043692998" lon="7.283497006">
        <ele>793.53</ele>
      </trkpt>
      <trkpt lat="44.043645004" lon="7.283641005">
        <ele>787.67</ele>
      </trkpt>
      <trkpt lat="44.043611003" lon="7.283775">
        <ele>787.88</ele>
      </trkpt>
      <trkpt lat="44.043582999" lon="7.283904997">
        <ele>792.39</ele>
      </trkpt>
      <trkpt lat="44.043555998" lon="7.284030996">
        <ele>792.65</ele>
      </trkpt>
      <trkpt lat="44.043527" lon="7.284149997">
        <ele>791.06</ele>
      </trkpt>
      <trkpt lat="44.043440002" lon="7.284366996">
        <ele>789.55</ele>
      </trkpt>
      <trkpt lat="44.043345" lon="7.284580992">
        <ele>787.99</ele>
      </trkpt>
      <trkpt lat="44.043309998" lon="7.284676998">
        <ele>782.26</ele>
      </trkpt>
      <trkpt lat="44.043277996" lon="7.284788">
        <ele>783.55</ele>
      </trkpt>
      <trkpt lat="44.043274996" lon="7.284894">
        <ele>781.94</ele>
      </trkpt>
      <trkpt lat="44.043291001" lon="7.284989998">
        <ele>780.49</ele>
      </trkpt>
      <trkpt lat="44.043337003" lon="7.285183997">
        <ele>779.28</ele>
      </trkpt>
      <trkpt lat="44.043355997" lon="7.285277996">
        <ele>780.64</ele>
      </trkpt>
      <trkpt lat="44.043370998" lon="7.285369008">
        <ele>779.39</ele>
      </trkpt>
      <trkpt lat="44.043381997" lon="7.285544002">
        <ele>778.86</ele>
      </trkpt>
      <trkpt lat="44.043354004" lon="7.285707">
        <ele>783.04</ele>
      </trkpt>
      <trkpt lat="44.043330999" lon="7.285777006">
        <ele>787.03</ele>
      </trkpt>
      <trkpt lat="44.043307" lon="7.285839001">
        <ele>788.29</ele>
      </trkpt>
      <trkpt lat="44.043272" lon="7.285936993">
        <ele>786.18</ele>
      </trkpt>
      <trkpt lat="44.043227002" lon="7.286050002">
        <ele>784.07</ele>
      </trkpt>
      <trkpt lat="44.043184002" lon="7.286100994">
        <ele>781.45</ele>
      </trkpt>
      <trkpt lat="44.043134998" lon="7.286169003">
        <ele>778.91</ele>
      </trkpt>
      <trkpt lat="44.043097995" lon="7.286239003">
        <ele>776.78</ele>
      </trkpt>
      <trkpt lat="44.043051" lon="7.286339003">
        <ele>778.34</ele>
      </trkpt>
      <trkpt lat="44.043024004" lon="7.286396998">
        <ele>779.56</ele>
      </trkpt>
      <trkpt lat="44.043008003" lon="7.286478002">
        <ele>780.84</ele>
      </trkpt>
      <trkpt lat="44.043002998" lon="7.286561996">
        <ele>781.73</ele>
      </trkpt>
      <trkpt lat="44.043009003" lon="7.286653005">
        <ele>781.72</ele>
      </trkpt>
      <trkpt lat="44.043019001" lon="7.286764007">
        <ele>781.68</ele>
      </trkpt>
      <trkpt lat="44.043015998" lon="7.286904995">
        <ele>786.4</ele>
      </trkpt>
      <trkpt lat="44.043006003" lon="7.286982003">
        <ele>786.77</ele>
      </trkpt>
      <trkpt lat="44.042998999" lon="7.287051001">
        <ele>787.62</ele>
      </trkpt>
      <trkpt lat="44.042980998" lon="7.287120008">
        <ele>784.25</ele>
      </trkpt>
      <trkpt lat="44.042956996" lon="7.287183002">
        <ele>780.71</ele>
      </trkpt>
      <trkpt lat="44.042895001" lon="7.287292004">
        <ele>776.33</ele>
      </trkpt>
      <trkpt lat="44.042844997" lon="7.287402997">
        <ele>771.73</ele>
      </trkpt>
      <trkpt lat="44.042816999" lon="7.287495004">
        <ele>767.55</ele>
      </trkpt>
      <trkpt lat="44.042795001" lon="7.287596998">
        <ele>768.27</ele>
      </trkpt>
      <trkpt lat="44.042791005" lon="7.287615003">
        <ele>769.29</ele>
      </trkpt>
      <trkpt lat="44.042780998" lon="7.287686999">
        <ele>766.62</ele>
      </trkpt>
      <trkpt lat="44.042776003" lon="7.287758997">
        <ele>767.07</ele>
      </trkpt>
      <trkpt lat="44.042776003" lon="7.287819001">
        <ele>767.19</ele>
      </trkpt>
      <trkpt lat="44.042782994" lon="7.287902999">
        <ele>767.14</ele>
      </trkpt>
      <trkpt lat="44.042795998" lon="7.287981002">
        <ele>766.8</ele>
      </trkpt>
      <trkpt lat="44.042814004" lon="7.288095995">
        <ele>769.27</ele>
      </trkpt>
      <trkpt lat="44.042833" lon="7.288220009">
        <ele>769.24</ele>
      </trkpt>
      <trkpt lat="44.042844002" lon="7.288303997">
        <ele>769.54</ele>
      </trkpt>
      <trkpt lat="44.042844999" lon="7.288367999">
        <ele>770.49</ele>
      </trkpt>
      <trkpt lat="44.042835002" lon="7.288430999">
        <ele>772.31</ele>
      </trkpt>
      <trkpt lat="44.042819999" lon="7.288498007">
        <ele>771.9</ele>
      </trkpt>
      <trkpt lat="44.0428" lon="7.288548994">
        <ele>771.93</ele>
      </trkpt>
      <trkpt lat="44.042769001" lon="7.288614996">
        <ele>772.58</ele>
      </trkpt>
      <trkpt lat="44.042740002" lon="7.288655996">
        <ele>773.62</ele>
      </trkpt>
      <trkpt lat="44.042691001" lon="7.288694001">
        <ele>779.07</ele>
      </trkpt>
      <trkpt lat="44.042663995" lon="7.288708997">
        <ele>781.15</ele>
      </trkpt>
      <trkpt lat="44.042644999" lon="7.288718998">
        <ele>784.08</ele>
      </trkpt>
      <trkpt lat="44.042602999" lon="7.288740999">
        <ele>787.58</ele>
      </trkpt>
      <trkpt lat="44.042557999" lon="7.288757">
        <ele>790.86</ele>
      </trkpt>
      <trkpt lat="44.042514004" lon="7.288759995">
        <ele>790.5</ele>
      </trkpt>
      <trkpt lat="44.042511233" lon="7.288758936">
        <ele>789.77</ele>
      </trkpt>
      <trkpt lat="44.042474996" lon="7.288744996">
        <ele>785.34</ele>
      </trkpt>
      <trkpt lat="44.042418001" lon="7.288706">
        <ele>780.62</ele>
      </trkpt>
      <trkpt lat="44.042344" lon="7.288637995">
        <ele>775.88</ele>
      </trkpt>
      <trkpt lat="44.042273" lon="7.288589997">
        <ele>771.24</ele>
      </trkpt>
      <trkpt lat="44.042268998" lon="7.288587009">
        <ele>770.71</ele>
      </trkpt>
      <trkpt lat="44.042184005" lon="7.288546003">
        <ele>773.32</ele>
      </trkpt>
      <trkpt lat="44.042138998" lon="7.288526991">
        <ele>772.33</ele>
      </trkpt>
      <trkpt lat="44.042087003" lon="7.288522998">
        <ele>771.69</ele>
      </trkpt>
      <trkpt lat="44.042027" lon="7.288531996">
        <ele>770.43</ele>
      </trkpt>
      <trkpt lat="44.041954" lon="7.288548998">
        <ele>766.97</ele>
      </trkpt>
      <trkpt lat="44.041889997" lon="7.288579999">
        <ele>765.5</ele>
      </trkpt>
      <trkpt lat="44.041775998" lon="7.288641994">
        <ele>764.49</ele>
      </trkpt>
      <trkpt lat="44.041421998" lon="7.288855">
        <ele>760.57</ele>
      </trkpt>
      <trkpt lat="44.041177999" lon="7.288988002">
        <ele>757.67</ele>
      </trkpt>
      <trkpt lat="44.040933999" lon="7.289121004">
        <ele>756.69</ele>
      </trkpt>
      <trkpt lat="44.040692002" lon="7.289262002">
        <ele>753.26</ele>
      </trkpt>
      <trkpt lat="44.040582" lon="7.289347999">
        <ele>752.21</ele>
      </trkpt>
      <trkpt lat="44.040545002" lon="7.289372999">
        <ele>750.07</ele>
      </trkpt>
      <trkpt lat="44.040461999" lon="7.289454996">
        <ele>749.66</ele>
      </trkpt>
      <trkpt lat="44.040407001" lon="7.289519998">
        <ele>748.76</ele>
      </trkpt>
      <trkpt lat="44.040356" lon="7.289589">
        <ele>747.62</ele>
      </trkpt>
      <trkpt lat="44.040311005" lon="7.289663003">
        <ele>746.48</ele>
      </trkpt>
      <trkpt lat="44.040272" lon="7.289737995">
        <ele>748.99</ele>
      </trkpt>
      <trkpt lat="44.040231998" lon="7.289814998">
        <ele>748.42</ele>
      </trkpt>
      <trkpt lat="44.040191994" lon="7.289894999">
        <ele>748.44</ele>
      </trkpt>
      <trkpt lat="44.040154002" lon="7.289972004">
        <ele>748.63</ele>
      </trkpt>
      <trkpt lat="44.040116003" lon="7.290048008">
        <ele>748.89</ele>
      </trkpt>
      <trkpt lat="44.040078001" lon="7.290124999">
        <ele>749.14</ele>
      </trkpt>
      <trkpt lat="44.040039002" lon="7.290201003">
        <ele>749.55</ele>
      </trkpt>
      <trkpt lat="44.039998003" lon="7.290273994">
        <ele>756.06</ele>
      </trkpt>
      <trkpt lat="44.039951998" lon="7.290341997">
        <ele>756.45</ele>
      </trkpt>
      <trkpt lat="44.039902999" lon="7.290405001">
        <ele>757.81</ele>
      </trkpt>
      <trkpt lat="44.039849999" lon="7.290465005">
        <ele>760.41</ele>
      </trkpt>
      <trkpt lat="44.039794998" lon="7.290521996">
        <ele>763.98</ele>
      </trkpt>
      <trkpt lat="44.039726999" lon="7.290582006">
        <ele>755.73</ele>
      </trkpt>
      <trkpt lat="44.039673005" lon="7.290620005">
        <ele>758.17</ele>
      </trkpt>
      <trkpt lat="44.039546998" lon="7.290687998">
        <ele>760.32</ele>
      </trkpt>
      <trkpt lat="44.039243" lon="7.290852999">
        <ele>761.79</ele>
      </trkpt>
      <trkpt lat="44.039171997" lon="7.290894001">
        <ele>756.7</ele>
      </trkpt>
      <trkpt lat="44.039101" lon="7.290946999">
        <ele>757.52</ele>
      </trkpt>
      <trkpt lat="44.038999002" lon="7.291044002">
        <ele>754.08</ele>
      </trkpt>
      <trkpt lat="44.03891" lon="7.291130002">
        <ele>750.01</ele>
      </trkpt>
      <trkpt lat="44.038849998" lon="7.291178006">
        <ele>745.63</ele>
      </trkpt>
      <trkpt lat="44.038839" lon="7.291183999">
        <ele>741.58</ele>
      </trkpt>
      <trkpt lat="44.038798001" lon="7.291202998">
        <ele>745.17</ele>
      </trkpt>
      <trkpt lat="44.038747996" lon="7.291213996">
        <ele>750</ele>
      </trkpt>
      <trkpt lat="44.038660999" lon="7.291225003">
        <ele>756.26</ele>
      </trkpt>
      <trkpt lat="44.038602998" lon="7.291238997">
        <ele>753.57</ele>
      </trkpt>
      <trkpt lat="44.038542998" lon="7.291260998">
        <ele>757.39</ele>
      </trkpt>
      <trkpt lat="44.038450998" lon="7.291311999">
        <ele>753.84</ele>
      </trkpt>
      <trkpt lat="44.038346004" lon="7.291389995">
        <ele>749.54</ele>
      </trkpt>
      <trkpt lat="44.038246002" lon="7.291494006">
        <ele>744.56</ele>
      </trkpt>
      <trkpt lat="44.038083999" lon="7.291678992">
        <ele>748.79</ele>
      </trkpt>
      <trkpt lat="44.038001999" lon="7.291771003">
        <ele>747.57</ele>
      </trkpt>
      <trkpt lat="44.037948001" lon="7.291812998">
        <ele>746.13</ele>
      </trkpt>
      <trkpt lat="44.037884998" lon="7.291852002">
        <ele>745.14</ele>
      </trkpt>
      <trkpt lat="44.037825" lon="7.291879001">
        <ele>741.03</ele>
      </trkpt>
      <trkpt lat="44.037664003" lon="7.291938003">
        <ele>736.48</ele>
      </trkpt>
      <trkpt lat="44.037526001" lon="7.291988006">
        <ele>736.34</ele>
      </trkpt>
      <trkpt lat="44.037489996" lon="7.292000996">
        <ele>736.85</ele>
      </trkpt>
      <trkpt lat="44.037372002" lon="7.292048996">
        <ele>737.09</ele>
      </trkpt>
      <trkpt lat="44.037289004" lon="7.292092002">
        <ele>740.38</ele>
      </trkpt>
      <trkpt lat="44.037212998" lon="7.292149991">
        <ele>743.57</ele>
      </trkpt>
      <trkpt lat="44.037131" lon="7.292238002">
        <ele>746.56</ele>
      </trkpt>
      <trkpt lat="44.037127003" lon="7.292244998">
        <ele>748.43</ele>
      </trkpt>
      <trkpt lat="44.037114998" lon="7.292258998">
        <ele>743.58</ele>
      </trkpt>
      <trkpt lat="44.037102002" lon="7.292278009">
        <ele>738.39</ele>
      </trkpt>
      <trkpt lat="44.037039999" lon="7.292356995">
        <ele>738.44</ele>
      </trkpt>
      <trkpt lat="44.036978005" lon="7.292432995">
        <ele>734.27</ele>
      </trkpt>
      <trkpt lat="44.036884998" lon="7.292524998">
        <ele>729.85</ele>
      </trkpt>
      <trkpt lat="44.036628999" lon="7.292756">
        <ele>731.02</ele>
      </trkpt>
      <trkpt lat="44.036451001" lon="7.292913994">
        <ele>731.57</ele>
      </trkpt>
      <trkpt lat="44.036362999" lon="7.293004999">
        <ele>723.8</ele>
      </trkpt>
      <trkpt lat="44.036301004" lon="7.293084008">
        <ele>719.92</ele>
      </trkpt>
      <trkpt lat="44.036241001" lon="7.293174001">
        <ele>718.57</ele>
      </trkpt>
      <trkpt lat="44.036212003" lon="7.293228">
        <ele>715.18</ele>
      </trkpt>
      <trkpt lat="44.036147994" lon="7.293383997">
        <ele>711.91</ele>
      </trkpt>
      <trkpt lat="44.035952998" lon="7.293875001">
        <ele>716.96</ele>
      </trkpt>
      <trkpt lat="44.035940996" lon="7.293902007">
        <ele>721.94</ele>
      </trkpt>
      <trkpt lat="44.035819005" lon="7.294214003">
        <ele>724.44</ele>
      </trkpt>
      <trkpt lat="44.035773" lon="7.294332">
        <ele>729.06</ele>
      </trkpt>
      <trkpt lat="44.035731994" lon="7.29442">
        <ele>727.8</ele>
      </trkpt>
      <trkpt lat="44.035698002" lon="7.294485004">
        <ele>729.67</ele>
      </trkpt>
      <trkpt lat="44.035667" lon="7.294534002">
        <ele>735.96</ele>
      </trkpt>
      <trkpt lat="44.035586004" lon="7.294627006">
        <ele>732.03</ele>
      </trkpt>
      <trkpt lat="44.035424995" lon="7.294789998">
        <ele>730.08</ele>
      </trkpt>
      <trkpt lat="44.035323003" lon="7.294866998">
        <ele>735.11</ele>
      </trkpt>
      <trkpt lat="44.035223005" lon="7.294923995">
        <ele>731.88</ele>
      </trkpt>
      <trkpt lat="44.035151998" lon="7.294973997">
        <ele>724.2</ele>
      </trkpt>
      <trkpt lat="44.035094002" lon="7.295016998">
        <ele>726.27</ele>
      </trkpt>
      <trkpt lat="44.035054002" lon="7.295064005">
        <ele>724.95</ele>
      </trkpt>
      <trkpt lat="44.035020002" lon="7.295125995">
        <ele>731.53</ele>
      </trkpt>
      <trkpt lat="44.034967004" lon="7.295257006">
        <ele>737.47</ele>
      </trkpt>
      <trkpt lat="44.034910004" lon="7.295416">
        <ele>732.77</ele>
      </trkpt>
      <trkpt lat="44.034871997" lon="7.295521004">
        <ele>728.89</ele>
      </trkpt>
      <trkpt lat="44.034831998" lon="7.295617999">
        <ele>726.7</ele>
      </trkpt>
      <trkpt lat="44.034790997" lon="7.295690006">
        <ele>715.95</ele>
      </trkpt>
      <trkpt lat="44.034754997" lon="7.295745997">
        <ele>714.68</ele>
      </trkpt>
      <trkpt lat="44.034702001" lon="7.295814999">
        <ele>716.76</ele>
      </trkpt>
      <trkpt lat="44.034638004" lon="7.295887993">
        <ele>718.83</ele>
      </trkpt>
      <trkpt lat="44.034569004" lon="7.295950002">
        <ele>720.79</ele>
      </trkpt>
      <trkpt lat="44.034498994" lon="7.296011996">
        <ele>722.33</ele>
      </trkpt>
      <trkpt lat="44.034420998" lon="7.296079997">
        <ele>710.02</ele>
      </trkpt>
      <trkpt lat="44.034359999" lon="7.296137">
        <ele>710.9</ele>
      </trkpt>
      <trkpt lat="44.034294999" lon="7.296208006">
        <ele>712.21</ele>
      </trkpt>
      <trkpt lat="44.034229" lon="7.296298002">
        <ele>712.72</ele>
      </trkpt>
      <trkpt lat="44.034109001" lon="7.296479998">
        <ele>712.71</ele>
      </trkpt>
      <trkpt lat="44.033973001" lon="7.296682">
        <ele>716.88</ele>
      </trkpt>
      <trkpt lat="44.033869997" lon="7.296840003">
        <ele>714.69</ele>
      </trkpt>
      <trkpt lat="44.033812002" lon="7.296940997">
        <ele>711.27</ele>
      </trkpt>
      <trkpt lat="44.033765006" lon="7.297027003">
        <ele>708.38</ele>
      </trkpt>
      <trkpt lat="44.033734" lon="7.297099">
        <ele>705.88</ele>
      </trkpt>
      <trkpt lat="44.033718001" lon="7.297137997">
        <ele>703.63</ele>
      </trkpt>
      <trkpt lat="44.033701001" lon="7.297180004">
        <ele>700.91</ele>
      </trkpt>
      <trkpt lat="44.033675996" lon="7.297260999">
        <ele>701.69</ele>
      </trkpt>
      <trkpt lat="44.033634001" lon="7.297439">
        <ele>700.34</ele>
      </trkpt>
      <trkpt lat="44.033576998" lon="7.297692003">
        <ele>702.49</ele>
      </trkpt>
      <trkpt lat="44.033521998" lon="7.297899993">
        <ele>699.66</ele>
      </trkpt>
      <trkpt lat="44.033485999" lon="7.298079995">
        <ele>699.33</ele>
      </trkpt>
      <trkpt lat="44.033454001" lon="7.298282">
        <ele>696.55</ele>
      </trkpt>
      <trkpt lat="44.033416998" lon="7.298532002">
        <ele>696.18</ele>
      </trkpt>
      <trkpt lat="44.033374003" lon="7.298913997">
        <ele>693.31</ele>
      </trkpt>
      <trkpt lat="44.033319001" lon="7.299403005">
        <ele>696.61</ele>
      </trkpt>
      <trkpt lat="44.033278002" lon="7.299790997">
        <ele>697.42</ele>
      </trkpt>
      <trkpt lat="44.033234995" lon="7.300211008">
        <ele>701.94</ele>
      </trkpt>
      <trkpt lat="44.033220998" lon="7.300339997">
        <ele>699.96</ele>
      </trkpt>
      <trkpt lat="44.033210001" lon="7.300442001">
        <ele>696.13</ele>
      </trkpt>
      <trkpt lat="44.033184996" lon="7.300590998">
        <ele>695.17</ele>
      </trkpt>
      <trkpt lat="44.033160002" lon="7.300723003">
        <ele>694.85</ele>
      </trkpt>
      <trkpt lat="44.033129002" lon="7.300841999">
        <ele>689.93</ele>
      </trkpt>
      <trkpt lat="44.033105998" lon="7.300924992">
        <ele>690.54</ele>
      </trkpt>
      <trkpt lat="44.033089999" lon="7.300990999">
        <ele>691.64</ele>
      </trkpt>
      <trkpt lat="44.033050001" lon="7.301130004">
        <ele>690.7</ele>
      </trkpt>
      <trkpt lat="44.033029999" lon="7.301229003">
        <ele>690.06</ele>
      </trkpt>
      <trkpt lat="44.033019" lon="7.301293001">
        <ele>689.65</ele>
      </trkpt>
      <trkpt lat="44.033013004" lon="7.301364999">
        <ele>689.93</ele>
      </trkpt>
      <trkpt lat="44.033021003" lon="7.301426997">
        <ele>690.62</ele>
      </trkpt>
      <trkpt lat="44.033039997" lon="7.301478007">
        <ele>689.68</ele>
      </trkpt>
      <trkpt lat="44.033059997" lon="7.301524996">
        <ele>688.92</ele>
      </trkpt>
      <trkpt lat="44.033084001" lon="7.301554996">
        <ele>688.3</ele>
      </trkpt>
      <trkpt lat="44.033117996" lon="7.301588999">
        <ele>687.8</ele>
      </trkpt>
      <trkpt lat="44.033147" lon="7.301613992">
        <ele>688.61</ele>
      </trkpt>
      <trkpt lat="44.033180003" lon="7.301629006">
        <ele>689.85</ele>
      </trkpt>
      <trkpt lat="44.033232" lon="7.301643006">
        <ele>691.42</ele>
      </trkpt>
      <trkpt lat="44.033324" lon="7.301645999">
        <ele>691.79</ele>
      </trkpt>
      <trkpt lat="44.033406997" lon="7.301662005">
        <ele>692.32</ele>
      </trkpt>
      <trkpt lat="44.033482" lon="7.301689001">
        <ele>691.76</ele>
      </trkpt>
      <trkpt lat="44.033536001" lon="7.301715997">
        <ele>690.9</ele>
      </trkpt>
      <trkpt lat="44.033572001" lon="7.301746004">
        <ele>689.87</ele>
      </trkpt>
      <trkpt lat="44.033591996" lon="7.301775002">
        <ele>690.16</ele>
      </trkpt>
      <trkpt lat="44.033607996" lon="7.301824">
        <ele>690.08</ele>
      </trkpt>
      <trkpt lat="44.033624" lon="7.301891002">
        <ele>692.65</ele>
      </trkpt>
      <trkpt lat="44.033743999" lon="7.302457008">
        <ele>694.8</ele>
      </trkpt>
      <trkpt lat="44.033753994" lon="7.302534001">
        <ele>696.63</ele>
      </trkpt>
      <trkpt lat="44.033764996" lon="7.302598001">
        <ele>698.05</ele>
      </trkpt>
      <trkpt lat="44.033768002" lon="7.302654001">
        <ele>699.49</ele>
      </trkpt>
      <trkpt lat="44.033762997" lon="7.302734008">
        <ele>695.73</ele>
      </trkpt>
      <trkpt lat="44.033751" lon="7.302794008">
        <ele>692.24</ele>
      </trkpt>
      <trkpt lat="44.033732" lon="7.302857002">
        <ele>691.7</ele>
      </trkpt>
      <trkpt lat="44.03371" lon="7.302910998">
        <ele>691.88</ele>
      </trkpt>
      <trkpt lat="44.033678998" lon="7.302967">
        <ele>692.62</ele>
      </trkpt>
      <trkpt lat="44.033596003" lon="7.303106003">
        <ele>696.16</ele>
      </trkpt>
      <trkpt lat="44.033514998" lon="7.303221004">
        <ele>699.93</ele>
      </trkpt>
      <trkpt lat="44.033296001" lon="7.303515001">
        <ele>697.81</ele>
      </trkpt>
      <trkpt lat="44.033224003" lon="7.303607008">
        <ele>695.12</ele>
      </trkpt>
      <trkpt lat="44.033181998" lon="7.303667999">
        <ele>697.07</ele>
      </trkpt>
      <trkpt lat="44.033111002" lon="7.303757007">
        <ele>699.42</ele>
      </trkpt>
      <trkpt lat="44.033021002" lon="7.303857996">
        <ele>695.93</ele>
      </trkpt>
      <trkpt lat="44.032951001" lon="7.303924003">
        <ele>696.67</ele>
      </trkpt>
      <trkpt lat="44.032873998" lon="7.303986995">
        <ele>699.03</ele>
      </trkpt>
      <trkpt lat="44.032799994" lon="7.304048001">
        <ele>692.83</ele>
      </trkpt>
      <trkpt lat="44.032698004" lon="7.304116999">
        <ele>690.6</ele>
      </trkpt>
      <trkpt lat="44.032587001" lon="7.304183003">
        <ele>694.17</ele>
      </trkpt>
      <trkpt lat="44.032477" lon="7.304254005">
        <ele>693.55</ele>
      </trkpt>
      <trkpt lat="44.032391002" lon="7.304314004">
        <ele>691.17</ele>
      </trkpt>
      <trkpt lat="44.032317" lon="7.304377008">
        <ele>692.07</ele>
      </trkpt>
      <trkpt lat="44.032222998" lon="7.304466998">
        <ele>692.93</ele>
      </trkpt>
      <trkpt lat="44.032145001" lon="7.304555">
        <ele>688.66</ele>
      </trkpt>
      <trkpt lat="44.032084997" lon="7.304647998">
        <ele>687.47</ele>
      </trkpt>
      <trkpt lat="44.032015004" lon="7.304754994">
        <ele>686.32</ele>
      </trkpt>
      <trkpt lat="44.031948999" lon="7.304858007">
        <ele>685.16</ele>
      </trkpt>
      <trkpt lat="44.031908003" lon="7.304945996">
        <ele>684.79</ele>
      </trkpt>
      <trkpt lat="44.031887999" lon="7.305011997">
        <ele>688.92</ele>
      </trkpt>
      <trkpt lat="44.031858003" lon="7.305123006">
        <ele>687.53</ele>
      </trkpt>
      <trkpt lat="44.031836004" lon="7.305190005">
        <ele>686.25</ele>
      </trkpt>
      <trkpt lat="44.031804" lon="7.305256998">
        <ele>691.39</ele>
      </trkpt>
      <trkpt lat="44.031749994" lon="7.305334994">
        <ele>691.27</ele>
      </trkpt>
      <trkpt lat="44.031669002" lon="7.305458998">
        <ele>691.25</ele>
      </trkpt>
      <trkpt lat="44.031601004" lon="7.305573002">
        <ele>689.28</ele>
      </trkpt>
      <trkpt lat="44.031534002" lon="7.305709995">
        <ele>693.14</ele>
      </trkpt>
      <trkpt lat="44.031485996" lon="7.305785996">
        <ele>690.41</ele>
      </trkpt>
      <trkpt lat="44.031402004" lon="7.305911995">
        <ele>687.16</ele>
      </trkpt>
      <trkpt lat="44.031332997" lon="7.305974001">
        <ele>679.58</ele>
      </trkpt>
      <trkpt lat="44.031269999" lon="7.306020994">
        <ele>679.3</ele>
      </trkpt>
      <trkpt lat="44.031223997" lon="7.306058004">
        <ele>673</ele>
      </trkpt>
      <trkpt lat="44.031194" lon="7.306106994">
        <ele>666.52</ele>
      </trkpt>
      <trkpt lat="44.031175004" lon="7.306165">
        <ele>663.8</ele>
      </trkpt>
      <trkpt lat="44.031163996" lon="7.306257992">
        <ele>665.07</ele>
      </trkpt>
      <trkpt lat="44.031147998" lon="7.306374005">
        <ele>666.09</ele>
      </trkpt>
      <trkpt lat="44.031140005" lon="7.306478993">
        <ele>666.97</ele>
      </trkpt>
      <trkpt lat="44.031141002" lon="7.306553004">
        <ele>668.15</ele>
      </trkpt>
      <trkpt lat="44.031134998" lon="7.306629008">
        <ele>671.53</ele>
      </trkpt>
      <trkpt lat="44.031128004" lon="7.306683">
        <ele>675.36</ele>
      </trkpt>
      <trkpt lat="44.031112001" lon="7.306740994">
        <ele>679.22</ele>
      </trkpt>
      <trkpt lat="44.031090998" lon="7.306790003">
        <ele>678.14</ele>
      </trkpt>
      <trkpt lat="44.031045006" lon="7.306877998">
        <ele>683.21</ele>
      </trkpt>
      <trkpt lat="44.030894002" lon="7.307108002">
        <ele>682.34</ele>
      </trkpt>
      <trkpt lat="44.030721998" lon="7.307366998">
        <ele>681.68</ele>
      </trkpt>
      <trkpt lat="44.030580001" lon="7.307558003">
        <ele>683.12</ele>
      </trkpt>
      <trkpt lat="44.030443" lon="7.307734993">
        <ele>682.63</ele>
      </trkpt>
      <trkpt lat="44.030273" lon="7.307954997">
        <ele>677.49</ele>
      </trkpt>
      <trkpt lat="44.030108" lon="7.308154002">
        <ele>681.01</ele>
      </trkpt>
      <trkpt lat="44.029966998" lon="7.308322004">
        <ele>677.14</ele>
      </trkpt>
      <trkpt lat="44.029870998" lon="7.308437006">
        <ele>671.63</ele>
      </trkpt>
      <trkpt lat="44.029746997" lon="7.308564004">
        <ele>668.96</ele>
      </trkpt>
      <trkpt lat="44.029646994" lon="7.308655003">
        <ele>672.95</ele>
      </trkpt>
      <trkpt lat="44.029535999" lon="7.308750004">
        <ele>662.34</ele>
      </trkpt>
      <trkpt lat="44.029397003" lon="7.308851992">
        <ele>660.18</ele>
      </trkpt>
      <trkpt lat="44.029268003" lon="7.308951001">
        <ele>658.39</ele>
      </trkpt>
      <trkpt lat="44.029131998" lon="7.309036999">
        <ele>658.39</ele>
      </trkpt>
      <trkpt lat="44.029072999" lon="7.309079006">
        <ele>654.24</ele>
      </trkpt>
      <trkpt lat="44.028945" lon="7.309169994">
        <ele>655.85</ele>
      </trkpt>
      <trkpt lat="44.028787004" lon="7.309293004">
        <ele>657.42</ele>
      </trkpt>
      <trkpt lat="44.028675001" lon="7.309373996">
        <ele>658.85</ele>
      </trkpt>
      <trkpt lat="44.028567006" lon="7.309444998">
        <ele>660.46</ele>
      </trkpt>
      <trkpt lat="44.028547996" lon="7.309456001">
        <ele>659.69</ele>
      </trkpt>
      <trkpt lat="44.028448995" lon="7.309514005">
        <ele>660.97</ele>
      </trkpt>
      <trkpt lat="44.028298" lon="7.309583999">
        <ele>665.17</ele>
      </trkpt>
      <trkpt lat="44.028169002" lon="7.309634008">
        <ele>664.85</ele>
      </trkpt>
      <trkpt lat="44.028017006" lon="7.309683001">
        <ele>663.94</ele>
      </trkpt>
      <trkpt lat="44.027835003" lon="7.309740002">
        <ele>665.66</ele>
      </trkpt>
      <trkpt lat="44.027624002" lon="7.309795007">
        <ele>661.23</ele>
      </trkpt>
      <trkpt lat="44.027432998" lon="7.309842994">
        <ele>653.62</ele>
      </trkpt>
      <trkpt lat="44.027354996" lon="7.309858999">
        <ele>652.73</ele>
      </trkpt>
      <trkpt lat="44.027298002" lon="7.309872997">
        <ele>652.68</ele>
      </trkpt>
      <trkpt lat="44.027098997" lon="7.309887997">
        <ele>649.46</ele>
      </trkpt>
      <trkpt lat="44.026971997" lon="7.309880004">
        <ele>649.5</ele>
      </trkpt>
      <trkpt lat="44.026873999" lon="7.309872996">
        <ele>649.18</ele>
      </trkpt>
      <trkpt lat="44.026767004" lon="7.309836998">
        <ele>646.74</ele>
      </trkpt>
      <trkpt lat="44.026724002" lon="7.309809994">
        <ele>647.01</ele>
      </trkpt>
      <trkpt lat="44.026688996" lon="7.309793003">
        <ele>646.88</ele>
      </trkpt>
      <trkpt lat="44.026633001" lon="7.309769999">
        <ele>648.48</ele>
      </trkpt>
      <trkpt lat="44.026584995" lon="7.309753997">
        <ele>647.5</ele>
      </trkpt>
      <trkpt lat="44.026529999" lon="7.309742">
        <ele>646.69</ele>
      </trkpt>
      <trkpt lat="44.026479997" lon="7.309738001">
        <ele>645.99</ele>
      </trkpt>
      <trkpt lat="44.02643" lon="7.309751005">
        <ele>645.53</ele>
      </trkpt>
      <trkpt lat="44.026372996" lon="7.309784003">
        <ele>641.37</ele>
      </trkpt>
      <trkpt lat="44.026314004" lon="7.309832003">
        <ele>640.51</ele>
      </trkpt>
      <trkpt lat="44.026225002" lon="7.309915995">
        <ele>642.98</ele>
      </trkpt>
      <trkpt lat="44.026139998" lon="7.310008996">
        <ele>645.14</ele>
      </trkpt>
      <trkpt lat="44.026100995" lon="7.310047004">
        <ele>646.93</ele>
      </trkpt>
      <trkpt lat="44.026060998" lon="7.310074994">
        <ele>652.29</ele>
      </trkpt>
      <trkpt lat="44.026021002" lon="7.310092002">
        <ele>654.78</ele>
      </trkpt>
      <trkpt lat="44.025975998" lon="7.3101">
        <ele>654.23</ele>
      </trkpt>
      <trkpt lat="44.025916005" lon="7.310097006">
        <ele>654.13</ele>
      </trkpt>
      <trkpt lat="44.025834997" lon="7.310068998">
        <ele>652.06</ele>
      </trkpt>
      <trkpt lat="44.025762002" lon="7.310054001">
        <ele>647.16</ele>
      </trkpt>
      <trkpt lat="44.025661001" lon="7.310042006">
        <ele>645.37</ele>
      </trkpt>
      <trkpt lat="44.025564003" lon="7.310013999">
        <ele>639.75</ele>
      </trkpt>
      <trkpt lat="44.025456001" lon="7.309987994">
        <ele>634.17</ele>
      </trkpt>
      <trkpt lat="44.025370002" lon="7.309958996">
        <ele>631.19</ele>
      </trkpt>
      <trkpt lat="44.025321996" lon="7.309942994">
        <ele>631.82</ele>
      </trkpt>
      <trkpt lat="44.025257997" lon="7.309936">
        <ele>627.82</ele>
      </trkpt>
      <trkpt lat="44.025180005" lon="7.309930006">
        <ele>629.35</ele>
      </trkpt>
      <trkpt lat="44.025126001" lon="7.309936997">
        <ele>629.41</ele>
      </trkpt>
      <trkpt lat="44.024900996" lon="7.309974999">
        <ele>631.37</ele>
      </trkpt>
      <trkpt lat="44.024655999" lon="7.310021005">
        <ele>630.58</ele>
      </trkpt>
      <trkpt lat="44.024333" lon="7.310083003">
        <ele>633.72</ele>
      </trkpt>
      <trkpt lat="44.024248997" lon="7.310093006">
        <ele>634.99</ele>
      </trkpt>
      <trkpt lat="44.024174001" lon="7.310105003">
        <ele>637.49</ele>
      </trkpt>
      <trkpt lat="44.024100997" lon="7.310114003">
        <ele>635.41</ele>
      </trkpt>
      <trkpt lat="44.024045998" lon="7.310113998">
        <ele>635.3</ele>
      </trkpt>
      <trkpt lat="44.024007998" lon="7.310103001">
        <ele>634.9</ele>
      </trkpt>
      <trkpt lat="44.023963996" lon="7.310080994">
        <ele>632.43</ele>
      </trkpt>
      <trkpt lat="44.023909998" lon="7.310043002">
        <ele>630.03</ele>
      </trkpt>
      <trkpt lat="44.023836" lon="7.309964997">
        <ele>627.86</ele>
      </trkpt>
      <trkpt lat="44.023771994" lon="7.309893008">
        <ele>625.67</ele>
      </trkpt>
      <trkpt lat="44.023722001" lon="7.309856994">
        <ele>623.46</ele>
      </trkpt>
      <trkpt lat="44.023683001" lon="7.309835004">
        <ele>622.97</ele>
      </trkpt>
      <trkpt lat="44.023630001" lon="7.309814002">
        <ele>622.11</ele>
      </trkpt>
      <trkpt lat="44.023590998" lon="7.309811998">
        <ele>622.98</ele>
      </trkpt>
      <trkpt lat="44.023568999" lon="7.309811007">
        <ele>622.34</ele>
      </trkpt>
      <trkpt lat="44.023547994" lon="7.309812002">
        <ele>621.56</ele>
      </trkpt>
      <trkpt lat="44.023445996" lon="7.30981">
        <ele>620.73</ele>
      </trkpt>
      <trkpt lat="44.023401003" lon="7.309819997">
        <ele>619.89</ele>
      </trkpt>
      <trkpt lat="44.023353999" lon="7.309840997">
        <ele>619.03</ele>
      </trkpt>
      <trkpt lat="44.023312" lon="7.309863999">
        <ele>619.54</ele>
      </trkpt>
      <trkpt lat="44.023267996" lon="7.309899004">
        <ele>619.99</ele>
      </trkpt>
      <trkpt lat="44.023198005" lon="7.309969003">
        <ele>620.45</ele>
      </trkpt>
      <trkpt lat="44.023128004" lon="7.310049994">
        <ele>621.05</ele>
      </trkpt>
      <trkpt lat="44.023056001" lon="7.310133994">
        <ele>620.2</ele>
      </trkpt>
      <trkpt lat="44.022947996" lon="7.310237002">
        <ele>619.48</ele>
      </trkpt>
      <trkpt lat="44.022871998" lon="7.310295003">
        <ele>618.9</ele>
      </trkpt>
      <trkpt lat="44.022815005" lon="7.310338005">
        <ele>618.41</ele>
      </trkpt>
      <trkpt lat="44.022764003" lon="7.310371006">
        <ele>615.85</ele>
      </trkpt>
      <trkpt lat="44.022713998" lon="7.310392002">
        <ele>615.04</ele>
      </trkpt>
      <trkpt lat="44.022625994" lon="7.310415005">
        <ele>618.73</ele>
      </trkpt>
      <trkpt lat="44.022456006" lon="7.310458993">
        <ele>622.22</ele>
      </trkpt>
      <trkpt lat="44.022168999" lon="7.310531006">
        <ele>624.26</ele>
      </trkpt>
      <trkpt lat="44.021839004" lon="7.310599001">
        <ele>625.46</ele>
      </trkpt>
      <trkpt lat="44.021548995" lon="7.310658007">
        <ele>624.23</ele>
      </trkpt>
      <trkpt lat="44.021324" lon="7.310703998">
        <ele>617.41</ele>
      </trkpt>
      <trkpt lat="44.021075005" lon="7.310772992">
        <ele>611.93</ele>
      </trkpt>
      <trkpt lat="44.020844005" lon="7.310829994">
        <ele>607.97</ele>
      </trkpt>
      <trkpt lat="44.020644998" lon="7.310882999">
        <ele>606.98</ele>
      </trkpt>
      <trkpt lat="44.020548997" lon="7.310903996">
        <ele>606.94</ele>
      </trkpt>
      <trkpt lat="44.020454002" lon="7.310917999">
        <ele>607.91</ele>
      </trkpt>
      <trkpt lat="44.020363004" lon="7.310920001">
        <ele>608.08</ele>
      </trkpt>
      <trkpt lat="44.020331" lon="7.310921999">
        <ele>606.58</ele>
      </trkpt>
      <trkpt lat="44.020163002" lon="7.310928999">
        <ele>604.95</ele>
      </trkpt>
      <trkpt lat="44.020100999" lon="7.310933996">
        <ele>604.7</ele>
      </trkpt>
      <trkpt lat="44.020055" lon="7.310943003">
        <ele>603.6</ele>
      </trkpt>
      <trkpt lat="44.019979995" lon="7.310970998">
        <ele>602.39</ele>
      </trkpt>
      <trkpt lat="44.019833" lon="7.310996002">
        <ele>602.91</ele>
      </trkpt>
      <trkpt lat="44.019701002" lon="7.311010999">
        <ele>602.73</ele>
      </trkpt>
      <trkpt lat="44.019595" lon="7.311012002">
        <ele>602.67</ele>
      </trkpt>
      <trkpt lat="44.019498996" lon="7.311010003">
        <ele>603.58</ele>
      </trkpt>
      <trkpt lat="44.019384004" lon="7.310982995">
        <ele>603.11</ele>
      </trkpt>
      <trkpt lat="44.019323996" lon="7.310958003">
        <ele>602.31</ele>
      </trkpt>
      <trkpt lat="44.019274004" lon="7.310934994">
        <ele>602.03</ele>
      </trkpt>
      <trkpt lat="44.019265998" lon="7.310933001">
        <ele>601.34</ele>
      </trkpt>
      <trkpt lat="44.019263002" lon="7.310941992">
        <ele>600.44</ele>
      </trkpt>
      <trkpt lat="44.019257997" lon="7.310947996">
        <ele>600.48</ele>
      </trkpt>
      <trkpt lat="44.019252999" lon="7.310952002">
        <ele>600.49</ele>
      </trkpt>
      <trkpt lat="44.019244998" lon="7.310953994">
        <ele>600.57</ele>
      </trkpt>
      <trkpt lat="44.019239" lon="7.310955001">
        <ele>600.69</ele>
      </trkpt>
      <trkpt lat="44.019229002" lon="7.310953007">
        <ele>600.85</ele>
      </trkpt>
      <trkpt lat="44.019222" lon="7.310950004">
        <ele>601.05</ele>
      </trkpt>
      <trkpt lat="44.019214998" lon="7.310944003">
        <ele>601.24</ele>
      </trkpt>
      <trkpt lat="44.019210999" lon="7.310929998">
        <ele>601.4</ele>
      </trkpt>
      <trkpt lat="44.019180003" lon="7.310959002">
        <ele>599.81</ele>
      </trkpt>
      <trkpt lat="44.019146" lon="7.310994998">
        <ele>598.23</ele>
      </trkpt>
      <trkpt lat="44.018995997" lon="7.311154997">
        <ele>596.61</ele>
      </trkpt>
      <trkpt lat="44.018953002" lon="7.311198006">
        <ele>597.04</ele>
      </trkpt>
      <trkpt lat="44.018901001" lon="7.311251999">
        <ele>597.58</ele>
      </trkpt>
      <trkpt lat="44.018826003" lon="7.311347005">
        <ele>597.52</ele>
      </trkpt>
      <trkpt lat="44.018779001" lon="7.311402001">
        <ele>597.58</ele>
      </trkpt>
      <trkpt lat="44.018733005" lon="7.311450004">
        <ele>597.81</ele>
      </trkpt>
      <trkpt lat="44.018691999" lon="7.311498996">
        <ele>596.21</ele>
      </trkpt>
      <trkpt lat="44.018651999" lon="7.311549002">
        <ele>594.59</ele>
      </trkpt>
      <trkpt lat="44.018611996" lon="7.311591999">
        <ele>595.45</ele>
      </trkpt>
      <trkpt lat="44.018595997" lon="7.311608">
        <ele>596.4</ele>
      </trkpt>
      <trkpt lat="44.018569001" lon="7.311634995">
        <ele>599.3</ele>
      </trkpt>
      <trkpt lat="44.018529001" lon="7.311677006">
        <ele>600.12</ele>
      </trkpt>
      <trkpt lat="44.018486997" lon="7.311720002">
        <ele>600.79</ele>
      </trkpt>
      <trkpt lat="44.018446998" lon="7.311766997">
        <ele>601.25</ele>
      </trkpt>
      <trkpt lat="44.018406996" lon="7.311815003">
        <ele>601.42</ele>
      </trkpt>
      <trkpt lat="44.018368996" lon="7.311860001">
        <ele>599.42</ele>
      </trkpt>
      <trkpt lat="44.018328001" lon="7.311902998">
        <ele>599.27</ele>
      </trkpt>
      <trkpt lat="44.018290998" lon="7.311941002">
        <ele>599.13</ele>
      </trkpt>
      <trkpt lat="44.018256002" lon="7.311980007">
        <ele>596.37</ele>
      </trkpt>
      <trkpt lat="44.018222" lon="7.312020998">
        <ele>593.57</ele>
      </trkpt>
      <trkpt lat="44.018187001" lon="7.312065998">
        <ele>593.91</ele>
      </trkpt>
      <trkpt lat="44.018153004" lon="7.312115995">
        <ele>594.56</ele>
      </trkpt>
      <trkpt lat="44.018120001" lon="7.312168003">
        <ele>595.42</ele>
      </trkpt>
      <trkpt lat="44.018077" lon="7.312230995">
        <ele>599.26</ele>
      </trkpt>
      <trkpt lat="44.018050997" lon="7.312267995">
        <ele>603.46</ele>
      </trkpt>
      <trkpt lat="44.018014004" lon="7.312310995">
        <ele>604.86</ele>
      </trkpt>
      <trkpt lat="44.017977" lon="7.312351996">
        <ele>602.09</ele>
      </trkpt>
      <trkpt lat="44.017941003" lon="7.312391">
        <ele>599.49</ele>
      </trkpt>
      <trkpt lat="44.017904998" lon="7.312426992">
        <ele>596.92</ele>
      </trkpt>
      <trkpt lat="44.017868" lon="7.312460999">
        <ele>594.35</ele>
      </trkpt>
      <trkpt lat="44.017831" lon="7.312498003">
        <ele>595.06</ele>
      </trkpt>
      <trkpt lat="44.017790998" lon="7.312538001">
        <ele>599.83</ele>
      </trkpt>
      <trkpt lat="44.017751004" lon="7.312578001">
        <ele>604.41</ele>
      </trkpt>
      <trkpt lat="44.017711004" lon="7.312619998">
        <ele>606.04</ele>
      </trkpt>
      <trkpt lat="44.017672999" lon="7.312660998">
        <ele>608.77</ele>
      </trkpt>
      <trkpt lat="44.017578002" lon="7.312750001">
        <ele>610.06</ele>
      </trkpt>
      <trkpt lat="44.017365002" lon="7.312886008">
        <ele>609.88</ele>
      </trkpt>
      <trkpt lat="44.017161006" lon="7.312971999">
        <ele>606.3</ele>
      </trkpt>
      <trkpt lat="44.016881002" lon="7.313051992">
        <ele>607.36</ele>
      </trkpt>
      <trkpt lat="44.016777998" lon="7.313061999">
        <ele>604.61</ele>
      </trkpt>
      <trkpt lat="44.016649998" lon="7.313056997">
        <ele>600</ele>
      </trkpt>
      <trkpt lat="44.016504005" lon="7.313055004">
        <ele>596.09</ele>
      </trkpt>
      <trkpt lat="44.016195997" lon="7.313018004">
        <ele>597.07</ele>
      </trkpt>
      <trkpt lat="44.015916999" lon="7.312993006">
        <ele>597.45</ele>
      </trkpt>
      <trkpt lat="44.015823996" lon="7.312985997">
        <ele>595.67</ele>
      </trkpt>
      <trkpt lat="44.015745" lon="7.312983997">
        <ele>594.86</ele>
      </trkpt>
      <trkpt lat="44.015677002" lon="7.312991997">
        <ele>596.03</ele>
      </trkpt>
      <trkpt lat="44.015595997" lon="7.313011002">
        <ele>591.59</ele>
      </trkpt>
      <trkpt lat="44.015509002" lon="7.313042005">
        <ele>589.31</ele>
      </trkpt>
      <trkpt lat="44.015416004" lon="7.313089003">
        <ele>592.17</ele>
      </trkpt>
      <trkpt lat="44.015168996" lon="7.313225">
        <ele>593.06</ele>
      </trkpt>
      <trkpt lat="44.014806" lon="7.313438998">
        <ele>590.51</ele>
      </trkpt>
      <trkpt lat="44.014510994" lon="7.313607001">
        <ele>592.95</ele>
      </trkpt>
      <trkpt lat="44.014305002" lon="7.313693995">
        <ele>592.85</ele>
      </trkpt>
      <trkpt lat="44.014214998" lon="7.313727004">
        <ele>590.2</ele>
      </trkpt>
      <trkpt lat="44.014131004" lon="7.313737001">
        <ele>586.06</ele>
      </trkpt>
      <trkpt lat="44.013885001" lon="7.313758002">
        <ele>584.92</ele>
      </trkpt>
      <trkpt lat="44.013446001" lon="7.313777005">
        <ele>585.01</ele>
      </trkpt>
      <trkpt lat="44.013161004" lon="7.313772008">
        <ele>584.59</ele>
      </trkpt>
      <trkpt lat="44.012938997" lon="7.313715995">
        <ele>585.17</ele>
      </trkpt>
      <trkpt lat="44.012641997" lon="7.313639">
        <ele>586.36</ele>
      </trkpt>
      <trkpt lat="44.012449002" lon="7.313594002">
        <ele>587.05</ele>
      </trkpt>
      <trkpt lat="44.012355996" lon="7.313568996">
        <ele>586.03</ele>
      </trkpt>
      <trkpt lat="44.012278004" lon="7.313529004">
        <ele>582.34</ele>
      </trkpt>
      <trkpt lat="44.012174997" lon="7.313474002">
        <ele>579.71</ele>
      </trkpt>
      <trkpt lat="44.011922003" lon="7.313340996">
        <ele>579.57</ele>
      </trkpt>
      <trkpt lat="44.011910003" lon="7.313333992">
        <ele>576.46</ele>
      </trkpt>
      <trkpt lat="44.011808998" lon="7.313281004">
        <ele>573.87</ele>
      </trkpt>
      <trkpt lat="44.011799999" lon="7.313277">
        <ele>574.26</ele>
      </trkpt>
      <trkpt lat="44.011685994" lon="7.313217008">
        <ele>572.9</ele>
      </trkpt>
      <trkpt lat="44.011595998" lon="7.313189994">
        <ele>571.62</ele>
      </trkpt>
      <trkpt lat="44.011491995" lon="7.313165005">
        <ele>572.23</ele>
      </trkpt>
      <trkpt lat="44.011392006" lon="7.313145003">
        <ele>573.84</ele>
      </trkpt>
      <trkpt lat="44.011206001" lon="7.313096005">
        <ele>571.63</ele>
      </trkpt>
      <trkpt lat="44.010996002" lon="7.313018001">
        <ele>571.59</ele>
      </trkpt>
      <trkpt lat="44.010876999" lon="7.312956994">
        <ele>571.12</ele>
      </trkpt>
      <trkpt lat="44.010778005" lon="7.312901001">
        <ele>570.71</ele>
      </trkpt>
      <trkpt lat="44.010435003" lon="7.312736004">
        <ele>568.42</ele>
      </trkpt>
      <trkpt lat="44.010274998" lon="7.312682995">
        <ele>567.94</ele>
      </trkpt>
      <trkpt lat="44.010239002" lon="7.312673999">
        <ele>567.58</ele>
      </trkpt>
      <trkpt lat="44.010126" lon="7.312653">
        <ele>565.7</ele>
      </trkpt>
      <trkpt lat="44.009775996" lon="7.312590995">
        <ele>563.18</ele>
      </trkpt>
      <trkpt lat="44.009443006" lon="7.312535">
        <ele>560.79</ele>
      </trkpt>
      <trkpt lat="44.009019002" lon="7.312462008">
        <ele>560.52</ele>
      </trkpt>
      <trkpt lat="44.008681996" lon="7.312400003">
        <ele>560.05</ele>
      </trkpt>
      <trkpt lat="44.008344994" lon="7.312338998">
        <ele>561</ele>
      </trkpt>
      <trkpt lat="44.008097002" lon="7.312296">
        <ele>563.23</ele>
      </trkpt>
      <trkpt lat="44.007821999" lon="7.312255002">
        <ele>566.75</ele>
      </trkpt>
      <trkpt lat="44.007546002" lon="7.312204002">
        <ele>570.76</ele>
      </trkpt>
      <trkpt lat="44.007456996" lon="7.312200994">
        <ele>571.14</ele>
      </trkpt>
      <trkpt lat="44.007379" lon="7.312209998">
        <ele>571.01</ele>
      </trkpt>
      <trkpt lat="44.007241001" lon="7.312250997">
        <ele>571.79</ele>
      </trkpt>
      <trkpt lat="44.006996001" lon="7.312335005">
        <ele>573</ele>
      </trkpt>
      <trkpt lat="44.006719997" lon="7.312394997">
        <ele>574.47</ele>
      </trkpt>
      <trkpt lat="44.006619997" lon="7.312423001">
        <ele>575.35</ele>
      </trkpt>
      <trkpt lat="44.006535998" lon="7.312416002">
        <ele>579.61</ele>
      </trkpt>
      <trkpt lat="44.006452006" lon="7.312393993">
        <ele>579.74</ele>
      </trkpt>
      <trkpt lat="44.006033999" lon="7.312232997">
        <ele>578.83</ele>
      </trkpt>
      <trkpt lat="44.005741998" lon="7.312106996">
        <ele>576.77</ele>
      </trkpt>
      <trkpt lat="44.005448996" lon="7.311980995">
        <ele>576.15</ele>
      </trkpt>
      <trkpt lat="44.005205001" lon="7.311836005">
        <ele>572.23</ele>
      </trkpt>
      <trkpt lat="44.004960997" lon="7.311691003">
        <ele>571.6</ele>
      </trkpt>
      <trkpt lat="44.004693002" lon="7.311503001">
        <ele>567.81</ele>
      </trkpt>
      <trkpt lat="44.004424005" lon="7.311315001">
        <ele>564.06</ele>
      </trkpt>
      <trkpt lat="44.004155" lon="7.311127001">
        <ele>563.02</ele>
      </trkpt>
      <trkpt lat="44.004097002" lon="7.311096998">
        <ele>559.17</ele>
      </trkpt>
      <trkpt lat="44.00406" lon="7.311087004">
        <ele>556.73</ele>
      </trkpt>
      <trkpt lat="44.003997996" lon="7.311081997">
        <ele>554.81</ele>
      </trkpt>
      <trkpt lat="44.003860997" lon="7.311078005">
        <ele>552.58</ele>
      </trkpt>
      <trkpt lat="44.003582004" lon="7.311084004">
        <ele>547.92</ele>
      </trkpt>
      <trkpt lat="44.003521999" lon="7.311108993">
        <ele>546.12</ele>
      </trkpt>
      <trkpt lat="44.003471996" lon="7.311139997">
        <ele>542.89</ele>
      </trkpt>
      <trkpt lat="44.003420997" lon="7.311180003">
        <ele>542.45</ele>
      </trkpt>
      <trkpt lat="44.003341" lon="7.311266001">
        <ele>540.58</ele>
      </trkpt>
      <trkpt lat="44.003248002" lon="7.311361005">
        <ele>540.65</ele>
      </trkpt>
      <trkpt lat="44.003117998" lon="7.311479005">
        <ele>540</ele>
      </trkpt>
      <trkpt lat="44.003053" lon="7.311532998">
        <ele>539.5</ele>
      </trkpt>
      <trkpt lat="44.002826999" lon="7.311686995">
        <ele>538.13</ele>
      </trkpt>
      <trkpt lat="44.002645" lon="7.311808998">
        <ele>539</ele>
      </trkpt>
      <trkpt lat="44.002400995" lon="7.311971994">
        <ele>540.17</ele>
      </trkpt>
      <trkpt lat="44.002283002" lon="7.312054001">
        <ele>542</ele>
      </trkpt>
      <trkpt lat="44.002230996" lon="7.312072002">
        <ele>543.68</ele>
      </trkpt>
      <trkpt lat="44.002221998" lon="7.312072994">
        <ele>545.07</ele>
      </trkpt>
      <trkpt lat="44.002195998" lon="7.312077007">
        <ele>545.39</ele>
      </trkpt>
      <trkpt lat="44.002156002" lon="7.312065">
        <ele>545.85</ele>
      </trkpt>
      <trkpt lat="44.002098" lon="7.312031">
        <ele>546.25</ele>
      </trkpt>
      <trkpt lat="44.002081003" lon="7.312017002">
        <ele>546.53</ele>
      </trkpt>
      <trkpt lat="44.002048999" lon="7.311989991">
        <ele>546.7</ele>
      </trkpt>
      <trkpt lat="44.002022004" lon="7.311949999">
        <ele>546.52</ele>
      </trkpt>
      <trkpt lat="44.001991999" lon="7.311880997">
        <ele>546.12</ele>
      </trkpt>
      <trkpt lat="44.001875002" lon="7.311497993">
        <ele>544.54</ele>
      </trkpt>
      <trkpt lat="44.001803004" lon="7.311312006">
        <ele>543.17</ele>
      </trkpt>
      <trkpt lat="44.001761003" lon="7.311239998">
        <ele>542.12</ele>
      </trkpt>
      <trkpt lat="44.001729999" lon="7.311204998">
        <ele>542.14</ele>
      </trkpt>
      <trkpt lat="44.001680999" lon="7.311181995">
        <ele>540.96</ele>
      </trkpt>
      <trkpt lat="44.001558998" lon="7.311149008">
        <ele>539.88</ele>
      </trkpt>
      <trkpt lat="44.001394006" lon="7.311134007">
        <ele>539.06</ele>
      </trkpt>
      <trkpt lat="44.001247" lon="7.311136">
        <ele>538.28</ele>
      </trkpt>
      <trkpt lat="44.001143998" lon="7.311138004">
        <ele>537.11</ele>
      </trkpt>
      <trkpt lat="44.001065005" lon="7.311153999">
        <ele>535.92</ele>
      </trkpt>
      <trkpt lat="44.000983005" lon="7.311176997">
        <ele>536.34</ele>
      </trkpt>
      <trkpt lat="44.000877997" lon="7.311206994">
        <ele>536.76</ele>
      </trkpt>
      <trkpt lat="44.000744999" lon="7.311251004">
        <ele>536.92</ele>
      </trkpt>
      <trkpt lat="44.000503997" lon="7.311350006">
        <ele>535.32</ele>
      </trkpt>
      <trkpt lat="44.000462995" lon="7.311373997">
        <ele>534.89</ele>
      </trkpt>
      <trkpt lat="44.000407" lon="7.311423">
        <ele>534.13</ele>
      </trkpt>
      <trkpt lat="44.000325001" lon="7.311512002">
        <ele>533.06</ele>
      </trkpt>
      <trkpt lat="44.000202003" lon="7.311668996">
        <ele>531.75</ele>
      </trkpt>
      <trkpt lat="44.000087996" lon="7.311819005">
        <ele>531.85</ele>
      </trkpt>
      <trkpt lat="43.999952006" lon="7.312006006">
        <ele>531.81</ele>
      </trkpt>
      <trkpt lat="43.999940002" lon="7.312024001">
        <ele>531.56</ele>
      </trkpt>
      <trkpt lat="43.999886997" lon="7.312100001">
        <ele>531.21</ele>
      </trkpt>
      <trkpt lat="43.999829998" lon="7.312202993">
        <ele>531.02</ele>
      </trkpt>
      <trkpt lat="43.999784002" lon="7.312324998">
        <ele>531.54</ele>
      </trkpt>
      <trkpt lat="43.999733994" lon="7.312462994">
        <ele>531.96</ele>
      </trkpt>
      <trkpt lat="43.999679994" lon="7.312635001">
        <ele>532.05</ele>
      </trkpt>
      <trkpt lat="43.999625004" lon="7.312825">
        <ele>531.54</ele>
      </trkpt>
      <trkpt lat="43.999515" lon="7.313138005">
        <ele>530.82</ele>
      </trkpt>
      <trkpt lat="43.999379003" lon="7.313613997">
        <ele>529.01</ele>
      </trkpt>
      <trkpt lat="43.999342999" lon="7.313733998">
        <ele>527.79</ele>
      </trkpt>
      <trkpt lat="43.999214997" lon="7.314156003">
        <ele>528.96</ele>
      </trkpt>
      <trkpt lat="43.999130997" lon="7.314431006">
        <ele>528.12</ele>
      </trkpt>
      <trkpt lat="43.999061996" lon="7.314653003">
        <ele>528.27</ele>
      </trkpt>
      <trkpt lat="43.999026001" lon="7.314769995">
        <ele>529.96</ele>
      </trkpt>
      <trkpt lat="43.998892001" lon="7.315207998">
        <ele>528.87</ele>
      </trkpt>
      <trkpt lat="43.998753997" lon="7.315675001">
        <ele>527.64</ele>
      </trkpt>
      <trkpt lat="43.998700996" lon="7.315846003">
        <ele>528.86</ele>
      </trkpt>
      <trkpt lat="43.998651996" lon="7.315969999">
        <ele>528.96</ele>
      </trkpt>
      <trkpt lat="43.998604001" lon="7.316064003">
        <ele>527.84</ele>
      </trkpt>
      <trkpt lat="43.998498998" lon="7.316241002">
        <ele>529.21</ele>
      </trkpt>
      <trkpt lat="43.998484994" lon="7.316264002">
        <ele>528.92</ele>
      </trkpt>
      <trkpt lat="43.998432004" lon="7.316345003">
        <ele>528.65</ele>
      </trkpt>
      <trkpt lat="43.998257999" lon="7.316614999">
        <ele>529.06</ele>
      </trkpt>
      <trkpt lat="43.998050005" lon="7.316942001">
        <ele>529.63</ele>
      </trkpt>
      <trkpt lat="43.997962999" lon="7.317036005">
        <ele>527.79</ele>
      </trkpt>
      <trkpt lat="43.997938" lon="7.317055998">
        <ele>526</ele>
      </trkpt>
      <trkpt lat="43.997897001" lon="7.317088999">
        <ele>524.74</ele>
      </trkpt>
      <trkpt lat="43.997839996" lon="7.317119002">
        <ele>528.15</ele>
      </trkpt>
      <trkpt lat="43.997764998" lon="7.317134005">
        <ele>529.36</ele>
      </trkpt>
      <trkpt lat="43.997660998" lon="7.317156">
        <ele>534.04</ele>
      </trkpt>
      <trkpt lat="43.997468006" lon="7.317184008">
        <ele>535.28</ele>
      </trkpt>
      <trkpt lat="43.997376004" lon="7.317216002">
        <ele>538.31</ele>
      </trkpt>
      <trkpt lat="43.997296001" lon="7.317244997">
        <ele>533.04</ele>
      </trkpt>
      <trkpt lat="43.997126001" lon="7.317349001">
        <ele>531.24</ele>
      </trkpt>
      <trkpt lat="43.996958002" lon="7.317465992">
        <ele>528.69</ele>
      </trkpt>
      <trkpt lat="43.996743998" lon="7.317645994">
        <ele>527.06</ele>
      </trkpt>
      <trkpt lat="43.996632999" lon="7.317755007">
        <ele>525.65</ele>
      </trkpt>
      <trkpt lat="43.996502998" lon="7.317904006">
        <ele>527.98</ele>
      </trkpt>
      <trkpt lat="43.996377999" lon="7.318044994">
        <ele>526.9</ele>
      </trkpt>
      <trkpt lat="43.996269996" lon="7.318127001">
        <ele>525.49</ele>
      </trkpt>
      <trkpt lat="43.996183998" lon="7.318177003">
        <ele>526.36</ele>
      </trkpt>
      <trkpt lat="43.996157998" lon="7.318189003">
        <ele>524.96</ele>
      </trkpt>
      <trkpt lat="43.996141665" lon="7.318196329">
        <ele>522.24</ele>
      </trkpt>
      <trkpt lat="43.996080001" lon="7.318224004">
        <ele>520.89</ele>
      </trkpt>
      <trkpt lat="43.995871" lon="7.318294006">
        <ele>523.45</ele>
      </trkpt>
      <trkpt lat="43.995670003" lon="7.318364003">
        <ele>523.69</ele>
      </trkpt>
      <trkpt lat="43.995428002" lon="7.318444999">
        <ele>522.83</ele>
      </trkpt>
      <trkpt lat="43.995215997" lon="7.318538995">
        <ele>523.64</ele>
      </trkpt>
      <trkpt lat="43.995049995" lon="7.318592004">
        <ele>524.26</ele>
      </trkpt>
      <trkpt lat="43.994919997" lon="7.318614995">
        <ele>520.63</ele>
      </trkpt>
      <trkpt lat="43.994744002" lon="7.318645997">
        <ele>519.99</ele>
      </trkpt>
      <trkpt lat="43.994496003" lon="7.318665994">
        <ele>519.1</ele>
      </trkpt>
      <trkpt lat="43.994343003" lon="7.318668">
        <ele>517.75</ele>
      </trkpt>
      <trkpt lat="43.994297997" lon="7.318665998">
        <ele>517.52</ele>
      </trkpt>
      <trkpt lat="43.994217002" lon="7.318686998">
        <ele>517.75</ele>
      </trkpt>
      <trkpt lat="43.994132995" lon="7.318718995">
        <ele>517.51</ele>
      </trkpt>
      <trkpt lat="43.994067004" lon="7.318753993">
        <ele>517.27</ele>
      </trkpt>
      <trkpt lat="43.993917996" lon="7.318842">
        <ele>516.5</ele>
      </trkpt>
      <trkpt lat="43.993622" lon="7.319010001">
        <ele>516.32</ele>
      </trkpt>
      <trkpt lat="43.993222001" lon="7.319223997">
        <ele>514.84</ele>
      </trkpt>
      <trkpt lat="43.992975997" lon="7.319362001">
        <ele>513.47</ele>
      </trkpt>
      <trkpt lat="43.992806005" lon="7.319452995">
        <ele>513.82</ele>
      </trkpt>
      <trkpt lat="43.992668003" lon="7.319525003">
        <ele>514.51</ele>
      </trkpt>
      <trkpt lat="43.992426002" lon="7.31966">
        <ele>513.43</ele>
      </trkpt>
      <trkpt lat="43.992387998" lon="7.319682">
        <ele>512.71</ele>
      </trkpt>
      <trkpt lat="43.992236" lon="7.319769001">
        <ele>513.15</ele>
      </trkpt>
      <trkpt lat="43.992047998" lon="7.319872996">
        <ele>512.07</ele>
      </trkpt>
      <trkpt lat="43.991647003" lon="7.320111001">
        <ele>509.18</ele>
      </trkpt>
      <trkpt lat="43.991381998" lon="7.320256994">
        <ele>507.29</ele>
      </trkpt>
      <trkpt lat="43.991206998" lon="7.320374995">
        <ele>506.61</ele>
      </trkpt>
      <trkpt lat="43.991181" lon="7.320393997">
        <ele>504.25</ele>
      </trkpt>
      <trkpt lat="43.991038002" lon="7.320494998">
        <ele>502.36</ele>
      </trkpt>
      <trkpt lat="43.990830995" lon="7.320638996">
        <ele>502.08</ele>
      </trkpt>
      <trkpt lat="43.990645997" lon="7.320754999">
        <ele>501.73</ele>
      </trkpt>
      <trkpt lat="43.990472999" lon="7.320843997">
        <ele>502.65</ele>
      </trkpt>
      <trkpt lat="43.990352003" lon="7.320882995">
        <ele>502.82</ele>
      </trkpt>
      <trkpt lat="43.990224997" lon="7.320923996">
        <ele>504.53</ele>
      </trkpt>
      <trkpt lat="43.990084" lon="7.320944996">
        <ele>506.94</ele>
      </trkpt>
      <trkpt lat="43.989998" lon="7.320951006">
        <ele>509.67</ele>
      </trkpt>
      <trkpt lat="43.98995" lon="7.320996003">
        <ele>510.85</ele>
      </trkpt>
      <trkpt lat="43.989926001" lon="7.321043995">
        <ele>512.96</ele>
      </trkpt>
      <trkpt lat="43.989914002" lon="7.321090999">
        <ele>514.19</ele>
      </trkpt>
      <trkpt lat="43.989916998" lon="7.321152">
        <ele>514.15</ele>
      </trkpt>
      <trkpt lat="43.989912006" lon="7.321229">
        <ele>515.1</ele>
      </trkpt>
      <trkpt lat="43.989970995" lon="7.321271004">
        <ele>516.09</ele>
      </trkpt>
      <trkpt lat="43.990095" lon="7.321364008">
        <ele>517.02</ele>
      </trkpt>
      <trkpt lat="43.990203004" lon="7.321481005">
        <ele>517.9</ele>
      </trkpt>
      <trkpt lat="43.990260003" lon="7.321569">
        <ele>520.46</ele>
      </trkpt>
      <trkpt lat="43.990314999" lon="7.321722001">
        <ele>520.62</ele>
      </trkpt>
      <trkpt lat="43.990396997" lon="7.322058">
        <ele>520.85</ele>
      </trkpt>
      <trkpt lat="43.990475001" lon="7.322361001">
        <ele>522.4</ele>
      </trkpt>
      <trkpt lat="43.990486996" lon="7.322400001">
        <ele>523.12</ele>
      </trkpt>
      <trkpt lat="43.990536997" lon="7.322565995">
        <ele>523.1</ele>
      </trkpt>
      <trkpt lat="43.990617006" lon="7.322748998">
        <ele>523.31</ele>
      </trkpt>
      <trkpt lat="43.990706999" lon="7.32292">
        <ele>523.62</ele>
      </trkpt>
      <trkpt lat="43.990755997" lon="7.323042997">
        <ele>523.37</ele>
      </trkpt>
      <trkpt lat="43.990770996" lon="7.323112001">
        <ele>525.56</ele>
      </trkpt>
      <trkpt lat="43.990772999" lon="7.323214002">
        <ele>528.66</ele>
      </trkpt>
      <trkpt lat="43.990784001" lon="7.323478998">
        <ele>532.99</ele>
      </trkpt>
      <trkpt lat="43.990792994" lon="7.323636">
        <ele>537.27</ele>
      </trkpt>
      <trkpt lat="43.990794" lon="7.323683006">
        <ele>541.1</ele>
      </trkpt>
      <trkpt lat="43.990787006" lon="7.323713999">
        <ele>543.55</ele>
      </trkpt>
      <trkpt lat="43.990777999" lon="7.323729994">
        <ele>545.06</ele>
      </trkpt>
      <trkpt lat="43.990759994" lon="7.323734008">
        <ele>546.37</ele>
      </trkpt>
      <trkpt lat="43.990744998" lon="7.323736003">
        <ele>546.26</ele>
      </trkpt>
      <trkpt lat="43.990718999" lon="7.323714004">
        <ele>545.1</ele>
      </trkpt>
      <trkpt lat="43.990693003" lon="7.323653004">
        <ele>544.31</ele>
      </trkpt>
      <trkpt lat="43.990663006" lon="7.323473995">
        <ele>542.79</ele>
      </trkpt>
      <trkpt lat="43.990649" lon="7.323353006">
        <ele>540.84</ele>
      </trkpt>
      <trkpt lat="43.990626006" lon="7.323273993">
        <ele>539.84</ele>
      </trkpt>
      <trkpt lat="43.990600001" lon="7.323227999">
        <ele>539.61</ele>
      </trkpt>
      <trkpt lat="43.990560003" lon="7.323185998">
        <ele>538.58</ele>
      </trkpt>
      <trkpt lat="43.990484999" lon="7.323135997">
        <ele>539.75</ele>
      </trkpt>
      <trkpt lat="43.990436998" lon="7.323085999">
        <ele>541.63</ele>
      </trkpt>
      <trkpt lat="43.990396995" lon="7.323024997">
        <ele>543.79</ele>
      </trkpt>
      <trkpt lat="43.990311996" lon="7.322804998">
        <ele>544.54</ele>
      </trkpt>
      <trkpt lat="43.990240999" lon="7.322581007">
        <ele>544.52</ele>
      </trkpt>
      <trkpt lat="43.99018" lon="7.322389997">
        <ele>542.1</ele>
      </trkpt>
      <trkpt lat="43.990168003" lon="7.322299998">
        <ele>538.88</ele>
      </trkpt>
      <trkpt lat="43.990167" lon="7.322234004">
        <ele>535.46</ele>
      </trkpt>
      <trkpt lat="43.990155005" lon="7.322199998">
        <ele>535.44</ele>
      </trkpt>
      <trkpt lat="43.990139995" lon="7.322187997">
        <ele>536.58</ele>
      </trkpt>
      <trkpt lat="43.990115002" lon="7.322172005">
        <ele>538.86</ele>
      </trkpt>
      <trkpt lat="43.990085996" lon="7.322170004">
        <ele>541.88</ele>
      </trkpt>
      <trkpt lat="43.990057003" lon="7.322181998">
        <ele>545.55</ele>
      </trkpt>
      <trkpt lat="43.990040003" lon="7.322207999">
        <ele>547.64</ele>
      </trkpt>
      <trkpt lat="43.990037" lon="7.322264999">
        <ele>550.43</ele>
      </trkpt>
      <trkpt lat="43.990043001" lon="7.322309">
        <ele>553.07</ele>
      </trkpt>
      <trkpt lat="43.990084002" lon="7.322448005">
        <ele>553.92</ele>
      </trkpt>
      <trkpt lat="43.990097002" lon="7.322485995">
        <ele>553.88</ele>
      </trkpt>
      <trkpt lat="43.990175005" lon="7.322745">
        <ele>554.47</ele>
      </trkpt>
      <trkpt lat="43.990250002" lon="7.323054001">
        <ele>554.82</ele>
      </trkpt>
      <trkpt lat="43.990274005" lon="7.323158995">
        <ele>556.01</ele>
      </trkpt>
      <trkpt lat="43.990277003" lon="7.323231994">
        <ele>559.29</ele>
      </trkpt>
      <trkpt lat="43.990278" lon="7.323338">
        <ele>561.44</ele>
      </trkpt>
      <trkpt lat="43.990285002" lon="7.323410005">
        <ele>562.68</ele>
      </trkpt>
      <trkpt lat="43.990302004" lon="7.323470997">
        <ele>564.37</ele>
      </trkpt>
      <trkpt lat="43.990347001" lon="7.323570006">
        <ele>565.4</ele>
      </trkpt>
      <trkpt lat="43.990428001" lon="7.323730002">
        <ele>564.71</ele>
      </trkpt>
      <trkpt lat="43.990624996" lon="7.324104">
        <ele>565.61</ele>
      </trkpt>
      <trkpt lat="43.990746996" lon="7.324305001">
        <ele>566.94</ele>
      </trkpt>
      <trkpt lat="43.990766005" lon="7.324369005">
        <ele>567.84</ele>
      </trkpt>
      <trkpt lat="43.990777998" lon="7.324470004">
        <ele>568.58</ele>
      </trkpt>
      <trkpt lat="43.990786004" lon="7.324597006">
        <ele>570.41</ele>
      </trkpt>
      <trkpt lat="43.990807" lon="7.324682996">
        <ele>571.95</ele>
      </trkpt>
      <trkpt lat="43.990854998" lon="7.324764008">
        <ele>572.03</ele>
      </trkpt>
      <trkpt lat="43.990920998" lon="7.324826998">
        <ele>571.73</ele>
      </trkpt>
      <trkpt lat="43.990990996" lon="7.324895998">
        <ele>571.46</ele>
      </trkpt>
      <trkpt lat="43.991058005" lon="7.324997006">
        <ele>571.01</ele>
      </trkpt>
      <trkpt lat="43.991093001" lon="7.325072">
        <ele>571.46</ele>
      </trkpt>
      <trkpt lat="43.991137998" lon="7.325203996">
        <ele>573.31</ele>
      </trkpt>
      <trkpt lat="43.991179997" lon="7.325358001">
        <ele>573.55</ele>
      </trkpt>
      <trkpt lat="43.991242001" lon="7.325521003">
        <ele>573.77</ele>
      </trkpt>
      <trkpt lat="43.991337001" lon="7.325743005">
        <ele>574.46</ele>
      </trkpt>
      <trkpt lat="43.991346996" lon="7.325778996">
        <ele>574.79</ele>
      </trkpt>
      <trkpt lat="43.991351005" lon="7.325822997">
        <ele>574.83</ele>
      </trkpt>
      <trkpt lat="43.991334997" lon="7.325861008">
        <ele>576.16</ele>
      </trkpt>
      <trkpt lat="43.991320999" lon="7.325874003">
        <ele>577.16</ele>
      </trkpt>
      <trkpt lat="43.991285003" lon="7.325867998">
        <ele>580.07</ele>
      </trkpt>
      <trkpt lat="43.99127" lon="7.325859005">
        <ele>581.28</ele>
      </trkpt>
      <trkpt lat="43.991231001" lon="7.325777002">
        <ele>582.85</ele>
      </trkpt>
      <trkpt lat="43.991154001" lon="7.325611001">
        <ele>583.95</ele>
      </trkpt>
      <trkpt lat="43.991069995" lon="7.325425003">
        <ele>584.59</ele>
      </trkpt>
      <trkpt lat="43.991008995" lon="7.325289007">
        <ele>583.31</ele>
      </trkpt>
      <trkpt lat="43.990969999" lon="7.325229003">
        <ele>583.82</ele>
      </trkpt>
      <trkpt lat="43.990924998" lon="7.325184998">
        <ele>583.75</ele>
      </trkpt>
      <trkpt lat="43.990874001" lon="7.325149002">
        <ele>586.61</ele>
      </trkpt>
      <trkpt lat="43.990795" lon="7.325089993">
        <ele>589.7</ele>
      </trkpt>
      <trkpt lat="43.990661004" lon="7.325026995">
        <ele>592.16</ele>
      </trkpt>
      <trkpt lat="43.990598998" lon="7.324969002">
        <ele>593.78</ele>
      </trkpt>
      <trkpt lat="43.990559999" lon="7.324919997">
        <ele>595.15</ele>
      </trkpt>
      <trkpt lat="43.990536005" lon="7.324868999">
        <ele>593.06</ele>
      </trkpt>
      <trkpt lat="43.990521" lon="7.324825">
        <ele>592.53</ele>
      </trkpt>
      <trkpt lat="43.990498998" lon="7.324705001">
        <ele>591.64</ele>
      </trkpt>
      <trkpt lat="43.990470002" lon="7.324602998">
        <ele>591.58</ele>
      </trkpt>
      <trkpt lat="43.990417994" lon="7.324493005">
        <ele>591.42</ele>
      </trkpt>
      <trkpt lat="43.990299994" lon="7.324302996">
        <ele>592.76</ele>
      </trkpt>
      <trkpt lat="43.990219999" lon="7.324214">
        <ele>592.72</ele>
      </trkpt>
      <trkpt lat="43.990160998" lon="7.324183003">
        <ele>593.79</ele>
      </trkpt>
      <trkpt lat="43.990123998" lon="7.324177997">
        <ele>594.82</ele>
      </trkpt>
      <trkpt lat="43.990057001" lon="7.324178003">
        <ele>596.62</ele>
      </trkpt>
      <trkpt lat="43.989991" lon="7.324177">
        <ele>598.2</ele>
      </trkpt>
      <trkpt lat="43.989939005" lon="7.324171004">
        <ele>600.68</ele>
      </trkpt>
      <trkpt lat="43.989885003" lon="7.324153995">
        <ele>602.48</ele>
      </trkpt>
      <trkpt lat="43.989833001" lon="7.324108998">
        <ele>603.59</ele>
      </trkpt>
      <trkpt lat="43.989801005" lon="7.324060002">
        <ele>604.01</ele>
      </trkpt>
      <trkpt lat="43.989771004" lon="7.324005003">
        <ele>603.7</ele>
      </trkpt>
      <trkpt lat="43.989756002" lon="7.323936998">
        <ele>602.77</ele>
      </trkpt>
      <trkpt lat="43.989746995" lon="7.323860996">
        <ele>600.86</ele>
      </trkpt>
      <trkpt lat="43.989748998" lon="7.32374">
        <ele>598.75</ele>
      </trkpt>
      <trkpt lat="43.989757005" lon="7.323575004">
        <ele>596.61</ele>
      </trkpt>
      <trkpt lat="43.98975" lon="7.323508991">
        <ele>595.85</ele>
      </trkpt>
      <trkpt lat="43.989723004" lon="7.323427005">
        <ele>594.5</ele>
      </trkpt>
      <trkpt lat="43.989679996" lon="7.323344003">
        <ele>595.17</ele>
      </trkpt>
      <trkpt lat="43.989616002" lon="7.323254002">
        <ele>595.23</ele>
      </trkpt>
      <trkpt lat="43.989495994" lon="7.323109001">
        <ele>596.98</ele>
      </trkpt>
      <trkpt lat="43.989246002" lon="7.322843998">
        <ele>595.48</ele>
      </trkpt>
      <trkpt lat="43.989079001" lon="7.322657005">
        <ele>594.44</ele>
      </trkpt>
      <trkpt lat="43.988970997" lon="7.322537999">
        <ele>592.84</ele>
      </trkpt>
      <trkpt lat="43.988951999" lon="7.322516994">
        <ele>592.47</ele>
      </trkpt>
      <trkpt lat="43.988874001" lon="7.322443997">
        <ele>589.87</ele>
      </trkpt>
      <trkpt lat="43.988821995" lon="7.322404995">
        <ele>589.7</ele>
      </trkpt>
      <trkpt lat="43.988746002" lon="7.322366993">
        <ele>589.63</ele>
      </trkpt>
      <trkpt lat="43.988698996" lon="7.322356997">
        <ele>589.48</ele>
      </trkpt>
      <trkpt lat="43.988651995" lon="7.322361007">
        <ele>589.29</ele>
      </trkpt>
      <trkpt lat="43.988584001" lon="7.322381002">
        <ele>588.59</ele>
      </trkpt>
      <trkpt lat="43.988520998" lon="7.322416994">
        <ele>587.64</ele>
      </trkpt>
      <trkpt lat="43.988462998" lon="7.322485998">
        <ele>588.21</ele>
      </trkpt>
      <trkpt lat="43.988428" lon="7.322549994">
        <ele>588.22</ele>
      </trkpt>
      <trkpt lat="43.988392004" lon="7.322656997">
        <ele>587.68</ele>
      </trkpt>
      <trkpt lat="43.988349003" lon="7.322841006">
        <ele>591.47</ele>
      </trkpt>
      <trkpt lat="43.988312999" lon="7.322999005">
        <ele>595.15</ele>
      </trkpt>
      <trkpt lat="43.988277997" lon="7.323100003">
        <ele>595.06</ele>
      </trkpt>
      <trkpt lat="43.988196" lon="7.323239005">
        <ele>595.39</ele>
      </trkpt>
      <trkpt lat="43.988121" lon="7.323334007">
        <ele>596.36</ele>
      </trkpt>
      <trkpt lat="43.988105003" lon="7.323348997">
        <ele>595.1</ele>
      </trkpt>
      <trkpt lat="43.988037001" lon="7.323411998">
        <ele>594.79</ele>
      </trkpt>
      <trkpt lat="43.987871006" lon="7.323525996">
        <ele>597.53</ele>
      </trkpt>
      <trkpt lat="43.987611995" lon="7.323672994">
        <ele>600.25</ele>
      </trkpt>
      <trkpt lat="43.987264997" lon="7.323890997">
        <ele>602.71</ele>
      </trkpt>
      <trkpt lat="43.987208003" lon="7.323948003">
        <ele>604.45</ele>
      </trkpt>
      <trkpt lat="43.987184998" lon="7.323977004">
        <ele>605.3</ele>
      </trkpt>
      <trkpt lat="43.987162003" lon="7.324010999">
        <ele>604.96</ele>
      </trkpt>
      <trkpt lat="43.987147999" lon="7.324068996">
        <ele>604.37</ele>
      </trkpt>
      <trkpt lat="43.987142" lon="7.324159997">
        <ele>604.86</ele>
      </trkpt>
      <trkpt lat="43.987160003" lon="7.324246004">
        <ele>604.99</ele>
      </trkpt>
      <trkpt lat="43.987186998" lon="7.324319997">
        <ele>605.17</ele>
      </trkpt>
      <trkpt lat="43.987246999" lon="7.324396996">
        <ele>606.29</ele>
      </trkpt>
      <trkpt lat="43.987319997" lon="7.324433">
        <ele>607.44</ele>
      </trkpt>
      <trkpt lat="43.987389006" lon="7.324434993">
        <ele>607.6</ele>
      </trkpt>
      <trkpt lat="43.987514002" lon="7.324402002">
        <ele>608</ele>
      </trkpt>
      <trkpt lat="43.987652003" lon="7.324377001">
        <ele>608.4</ele>
      </trkpt>
      <trkpt lat="43.987783995" lon="7.324331007">
        <ele>608.02</ele>
      </trkpt>
      <trkpt lat="43.987865" lon="7.324286997">
        <ele>607.65</ele>
      </trkpt>
      <trkpt lat="43.987919998" lon="7.324243996">
        <ele>607.13</ele>
      </trkpt>
      <trkpt lat="43.987987998" lon="7.324174006">
        <ele>606.74</ele>
      </trkpt>
      <trkpt lat="43.988066999" lon="7.324066999">
        <ele>606.48</ele>
      </trkpt>
      <trkpt lat="43.988082997" lon="7.324043995">
        <ele>606.28</ele>
      </trkpt>
      <trkpt lat="43.988228003" lon="7.323814">
        <ele>606.1</ele>
      </trkpt>
      <trkpt lat="43.988296996" lon="7.323704997">
        <ele>605.62</ele>
      </trkpt>
      <trkpt lat="43.988353001" lon="7.323654993">
        <ele>608.1</ele>
      </trkpt>
      <trkpt lat="43.988432001" lon="7.323634999">
        <ele>610.05</ele>
      </trkpt>
      <trkpt lat="43.988497" lon="7.323634003">
        <ele>611.63</ele>
      </trkpt>
      <trkpt lat="43.988567996" lon="7.323644998">
        <ele>612.8</ele>
      </trkpt>
      <trkpt lat="43.988615003" lon="7.323657006">
        <ele>613.92</ele>
      </trkpt>
      <trkpt lat="43.988685006" lon="7.323688999">
        <ele>614.71</ele>
      </trkpt>
      <trkpt lat="43.988734" lon="7.323723005">
        <ele>615.85</ele>
      </trkpt>
      <trkpt lat="43.988780006" lon="7.323765997">
        <ele>618.54</ele>
      </trkpt>
      <trkpt lat="43.988803001" lon="7.323791001">
        <ele>621.63</ele>
      </trkpt>
      <trkpt lat="43.988832999" lon="7.323841992">
        <ele>624.77</ele>
      </trkpt>
      <trkpt lat="43.988863005" lon="7.323892995">
        <ele>626.64</ele>
      </trkpt>
      <trkpt lat="43.988942004" lon="7.324100999">
        <ele>628.88</ele>
      </trkpt>
      <trkpt lat="43.989151004" lon="7.324640992">
        <ele>629.07</ele>
      </trkpt>
      <trkpt lat="43.989268004" lon="7.324943006">
        <ele>628.32</ele>
      </trkpt>
      <trkpt lat="43.989315999" lon="7.325066">
        <ele>628.07</ele>
      </trkpt>
      <trkpt lat="43.989374003" lon="7.325157009">
        <ele>626.62</ele>
      </trkpt>
      <trkpt lat="43.989426006" lon="7.325227">
        <ele>624.86</ele>
      </trkpt>
      <trkpt lat="43.989491998" lon="7.325296992">
        <ele>623.6</ele>
      </trkpt>
      <trkpt lat="43.989588996" lon="7.325371999">
        <ele>624.36</ele>
      </trkpt>
      <trkpt lat="43.989655" lon="7.325436">
        <ele>624.82</ele>
      </trkpt>
      <trkpt lat="43.989729" lon="7.325543006">
        <ele>624.96</ele>
      </trkpt>
      <trkpt lat="43.989780002" lon="7.325620999">
        <ele>625.03</ele>
      </trkpt>
      <trkpt lat="43.989811003" lon="7.325704003">
        <ele>625.31</ele>
      </trkpt>
      <trkpt lat="43.989835999" lon="7.325785002">
        <ele>625.55</ele>
      </trkpt>
      <trkpt lat="43.989851001" lon="7.325868002">
        <ele>625.89</ele>
      </trkpt>
      <trkpt lat="43.989856995" lon="7.325952002">
        <ele>626.32</ele>
      </trkpt>
      <trkpt lat="43.989850999" lon="7.326039">
        <ele>627.1</ele>
      </trkpt>
      <trkpt lat="43.989810006" lon="7.326164001">
        <ele>628.54</ele>
      </trkpt>
      <trkpt lat="43.989727998" lon="7.326328008">
        <ele>628.4</ele>
      </trkpt>
      <trkpt lat="43.989563004" lon="7.326585997">
        <ele>628.07</ele>
      </trkpt>
      <trkpt lat="43.989353998" lon="7.326920003">
        <ele>628.13</ele>
      </trkpt>
      <trkpt lat="43.989226995" lon="7.327170002">
        <ele>627.92</ele>
      </trkpt>
      <trkpt lat="43.989215997" lon="7.327205995">
        <ele>626.94</ele>
      </trkpt>
      <trkpt lat="43.989204001" lon="7.327243997">
        <ele>626.44</ele>
      </trkpt>
      <trkpt lat="43.989190003" lon="7.327363007">
        <ele>625.98</ele>
      </trkpt>
      <trkpt lat="43.989180999" lon="7.327467003">
        <ele>625.16</ele>
      </trkpt>
      <trkpt lat="43.989171998" lon="7.32757">
        <ele>626.15</ele>
      </trkpt>
      <trkpt lat="43.989170004" lon="7.327590997">
        <ele>627.25</ele>
      </trkpt>
      <trkpt lat="43.989165999" lon="7.327644999">
        <ele>628.51</ele>
      </trkpt>
      <trkpt lat="43.989153997" lon="7.327730004">
        <ele>629.97</ele>
      </trkpt>
      <trkpt lat="43.989130997" lon="7.327808005">
        <ele>631.53</ele>
      </trkpt>
      <trkpt lat="43.989101999" lon="7.327882006">
        <ele>631.11</ele>
      </trkpt>
      <trkpt lat="43.98902" lon="7.328037994">
        <ele>630.81</ele>
      </trkpt>
      <trkpt lat="43.988915" lon="7.328210998">
        <ele>630.59</ele>
      </trkpt>
      <trkpt lat="43.988852006" lon="7.328279006">
        <ele>627.85</ele>
      </trkpt>
      <trkpt lat="43.988767998" lon="7.328350997">
        <ele>624.95</ele>
      </trkpt>
      <trkpt lat="43.988735004" lon="7.32838">
        <ele>624.66</ele>
      </trkpt>
      <trkpt lat="43.988714005" lon="7.328420001">
        <ele>624.25</ele>
      </trkpt>
      <trkpt lat="43.988703998" lon="7.328461">
        <ele>623.65</ele>
      </trkpt>
      <trkpt lat="43.988704996" lon="7.328491999">
        <ele>627.8</ele>
      </trkpt>
      <trkpt lat="43.988726" lon="7.328519001">
        <ele>632.03</ele>
      </trkpt>
      <trkpt lat="43.988758" lon="7.328530996">
        <ele>633.89</ele>
      </trkpt>
      <trkpt lat="43.988789002" lon="7.328522004">
        <ele>633.65</ele>
      </trkpt>
      <trkpt lat="43.988818996" lon="7.328500002">
        <ele>633.5</ele>
      </trkpt>
      <trkpt lat="43.988922" lon="7.328393999">
        <ele>632.78</ele>
      </trkpt>
      <trkpt lat="43.989010994" lon="7.328332">
        <ele>633.38</ele>
      </trkpt>
      <trkpt lat="43.989267996" lon="7.328239997">
        <ele>633.76</ele>
      </trkpt>
      <trkpt lat="43.989365997" lon="7.328204998">
        <ele>636.14</ele>
      </trkpt>
      <trkpt lat="43.989417006" lon="7.328217002">
        <ele>638.23</ele>
      </trkpt>
      <trkpt lat="43.989482994" lon="7.328246998">
        <ele>639.26</ele>
      </trkpt>
      <trkpt lat="43.989574996" lon="7.328286999">
        <ele>638.7</ele>
      </trkpt>
      <trkpt lat="43.989719" lon="7.328356008">
        <ele>640.38</ele>
      </trkpt>
      <trkpt lat="43.989798998" lon="7.328402999">
        <ele>642.44</ele>
      </trkpt>
      <trkpt lat="43.990005999" lon="7.328522003">
        <ele>644.17</ele>
      </trkpt>
      <trkpt lat="43.990239001" lon="7.32869">
        <ele>646.44</ele>
      </trkpt>
      <trkpt lat="43.990312001" lon="7.328748008">
        <ele>649.47</ele>
      </trkpt>
      <trkpt lat="43.990429002" lon="7.328837002">
        <ele>649.86</ele>
      </trkpt>
      <trkpt lat="43.990542" lon="7.328929">
        <ele>650.6</ele>
      </trkpt>
      <trkpt lat="43.990679004" lon="7.329083">
        <ele>652.18</ele>
      </trkpt>
      <trkpt lat="43.990738997" lon="7.329174003">
        <ele>653.47</ele>
      </trkpt>
      <trkpt lat="43.990760997" lon="7.329225002">
        <ele>654.57</ele>
      </trkpt>
      <trkpt lat="43.990759002" lon="7.329278996">
        <ele>656.33</ele>
      </trkpt>
      <trkpt lat="43.990745997" lon="7.329314001">
        <ele>657.84</ele>
      </trkpt>
      <trkpt lat="43.990743001" lon="7.329314997">
        <ele>659.48</ele>
      </trkpt>
      <trkpt lat="43.990727" lon="7.329323006">
        <ele>659.58</ele>
      </trkpt>
      <trkpt lat="43.990700001" lon="7.329314">
        <ele>658.42</ele>
      </trkpt>
      <trkpt lat="43.990679" lon="7.329298995">
        <ele>657.55</ele>
      </trkpt>
      <trkpt lat="43.990637" lon="7.329225002">
        <ele>656.88</ele>
      </trkpt>
      <trkpt lat="43.990557997" lon="7.329134002">
        <ele>655.47</ele>
      </trkpt>
      <trkpt lat="43.990477997" lon="7.329070005">
        <ele>655.4</ele>
      </trkpt>
      <trkpt lat="43.990388004" lon="7.329033002">
        <ele>656.19</ele>
      </trkpt>
      <trkpt lat="43.990278997" lon="7.328999996">
        <ele>657.23</ele>
      </trkpt>
      <trkpt lat="43.990131" lon="7.328951006">
        <ele>658.79</ele>
      </trkpt>
      <trkpt lat="43.99004" lon="7.328921005">
        <ele>660.88</ele>
      </trkpt>
      <trkpt lat="43.989892001" lon="7.328887996">
        <ele>661.75</ele>
      </trkpt>
      <trkpt lat="43.989881001" lon="7.328888995">
        <ele>663.3</ele>
      </trkpt>
      <trkpt lat="43.989802001" lon="7.328888009">
        <ele>665.29</ele>
      </trkpt>
      <trkpt lat="43.989729003" lon="7.328892997">
        <ele>664.66</ele>
      </trkpt>
      <trkpt lat="43.989593999" lon="7.328915994">
        <ele>664.27</ele>
      </trkpt>
      <trkpt lat="43.989453" lon="7.328942005">
        <ele>664.45</ele>
      </trkpt>
      <trkpt lat="43.989340998" lon="7.328965002">
        <ele>660.91</ele>
      </trkpt>
      <trkpt lat="43.989312998" lon="7.328989003">
        <ele>656.18</ele>
      </trkpt>
      <trkpt lat="43.989295996" lon="7.329005002">
        <ele>652.92</ele>
      </trkpt>
      <trkpt lat="43.989290005" lon="7.329041999">
        <ele>649.24</ele>
      </trkpt>
      <trkpt lat="43.989291005" lon="7.329085009">
        <ele>648.49</ele>
      </trkpt>
      <trkpt lat="43.989298003" lon="7.329101995">
        <ele>650.69</ele>
      </trkpt>
      <trkpt lat="43.989310995" lon="7.329110997">
        <ele>652.96</ele>
      </trkpt>
      <trkpt lat="43.989342996" lon="7.329125003">
        <ele>655.36</ele>
      </trkpt>
      <trkpt lat="43.989397999" lon="7.329114003">
        <ele>660.1</ele>
      </trkpt>
      <trkpt lat="43.989489996" lon="7.329077001">
        <ele>661.43</ele>
      </trkpt>
      <trkpt lat="43.989606001" lon="7.329055994">
        <ele>662.49</ele>
      </trkpt>
      <trkpt lat="43.989685004" lon="7.329066007">
        <ele>663.23</ele>
      </trkpt>
      <trkpt lat="43.989755996" lon="7.329093001">
        <ele>665.63</ele>
      </trkpt>
      <trkpt lat="43.989828002" lon="7.329134005">
        <ele>665.32</ele>
      </trkpt>
      <trkpt lat="43.989864001" lon="7.329157004">
        <ele>667.85</ele>
      </trkpt>
      <trkpt lat="43.989944006" lon="7.329221999">
        <ele>669.88</ele>
      </trkpt>
      <trkpt lat="43.990140001" lon="7.329368996">
        <ele>671.93</ele>
      </trkpt>
      <trkpt lat="43.990234994" lon="7.329451998">
        <ele>672.1</ele>
      </trkpt>
      <trkpt lat="43.990276" lon="7.329491009">
        <ele>672.37</ele>
      </trkpt>
      <trkpt lat="43.990308995" lon="7.329529997">
        <ele>671.69</ele>
      </trkpt>
      <trkpt lat="43.990349004" lon="7.329585997">
        <ele>672.14</ele>
      </trkpt>
      <trkpt lat="43.990428" lon="7.329701005">
        <ele>673.43</ele>
      </trkpt>
      <trkpt lat="43.990528002" lon="7.329867998">
        <ele>674.94</ele>
      </trkpt>
      <trkpt lat="43.990643996" lon="7.330094998">
        <ele>676.91</ele>
      </trkpt>
      <trkpt lat="43.990787999" lon="7.330347998">
        <ele>677.39</ele>
      </trkpt>
      <trkpt lat="43.990867997" lon="7.330502998">
        <ele>676.81</ele>
      </trkpt>
      <trkpt lat="43.990934995" lon="7.330610991">
        <ele>675.91</ele>
      </trkpt>
      <trkpt lat="43.991009996" lon="7.330714">
        <ele>675.19</ele>
      </trkpt>
      <trkpt lat="43.991025001" lon="7.330744992">
        <ele>674.47</ele>
      </trkpt>
      <trkpt lat="43.991029003" lon="7.330770003">
        <ele>674.01</ele>
      </trkpt>
      <trkpt lat="43.991027004" lon="7.330801999">
        <ele>674.5</ele>
      </trkpt>
      <trkpt lat="43.991013997" lon="7.330829999">
        <ele>676.22</ele>
      </trkpt>
      <trkpt lat="43.990998002" lon="7.330844002">
        <ele>677.84</ele>
      </trkpt>
      <trkpt lat="43.990966999" lon="7.330843005">
        <ele>679.23</ele>
      </trkpt>
      <trkpt lat="43.990946003" lon="7.330834005">
        <ele>680.28</ele>
      </trkpt>
      <trkpt lat="43.990913001" lon="7.330799997">
        <ele>681.02</ele>
      </trkpt>
      <trkpt lat="43.990862001" lon="7.33073">
        <ele>681.56</ele>
      </trkpt>
      <trkpt lat="43.990787997" lon="7.330648004">
        <ele>682.39</ele>
      </trkpt>
      <trkpt lat="43.990644994" lon="7.330516004">
        <ele>683.4</ele>
      </trkpt>
      <trkpt lat="43.990575" lon="7.330446998">
        <ele>685.18</ele>
      </trkpt>
      <trkpt lat="43.990392002" lon="7.330268">
        <ele>686.86</ele>
      </trkpt>
      <trkpt lat="43.990284005" lon="7.330159001">
        <ele>687.35</ele>
      </trkpt>
      <trkpt lat="43.990179999" lon="7.330050993">
        <ele>687.65</ele>
      </trkpt>
      <trkpt lat="43.990056998" lon="7.329925997">
        <ele>688.3</ele>
      </trkpt>
      <trkpt lat="43.990028005" lon="7.329899998">
        <ele>685.51</ele>
      </trkpt>
      <trkpt lat="43.989865453" lon="7.329737745">
        <ele>682.5</ele>
      </trkpt>
      <trkpt lat="43.989663192" lon="7.329686147">
        <ele>677.22</ele>
      </trkpt>
      <trkpt lat="43.989485293" lon="7.329844675">
        <ele>673.22</ele>
      </trkpt>
      <trkpt lat="43.989416701" lon="7.330090747">
        <ele>670.07</ele>
      </trkpt>
      <trkpt lat="43.989413891" lon="7.331233776">
        <ele>670.9</ele>
      </trkpt>
      <trkpt lat="43.989450839" lon="7.331456179">
        <ele>674.17</ele>
      </trkpt>
      <trkpt lat="43.989637864" lon="7.33164472">
        <ele>680.49</ele>
      </trkpt>
      <trkpt lat="43.989917593" lon="7.331844842">
        <ele>686.07</ele>
      </trkpt>
      <trkpt lat="43.990147857" lon="7.331767273">
        <ele>690.27</ele>
      </trkpt>
      <trkpt lat="43.99058241" lon="7.332019924">
        <ele>695.21</ele>
      </trkpt>
      <trkpt lat="43.990669369" lon="7.332135206">
        <ele>697.94</ele>
      </trkpt>
      <trkpt lat="43.990775594" lon="7.332217995">
        <ele>697.66</ele>
      </trkpt>
      <trkpt lat="43.990864037" lon="7.332213403">
        <ele>698.47</ele>
      </trkpt>
      <trkpt lat="43.990921104" lon="7.332093229">
        <ele>698.85</ele>
      </trkpt>
      <trkpt lat="43.990977995" lon="7.332133995">
        <ele>697.09</ele>
      </trkpt>
      <trkpt lat="43.991032004" lon="7.332169003">
        <ele>696.58</ele>
      </trkpt>
      <trkpt lat="43.991066004" lon="7.332201003">
        <ele>698.35</ele>
      </trkpt>
      <trkpt lat="43.991119002" lon="7.332274">
        <ele>698.42</ele>
      </trkpt>
      <trkpt lat="43.991154997" lon="7.332338001">
        <ele>699.07</ele>
      </trkpt>
      <trkpt lat="43.991196998" lon="7.332426005">
        <ele>700.1</ele>
      </trkpt>
      <trkpt lat="43.991216003" lon="7.332504993">
        <ele>700.76</ele>
      </trkpt>
      <trkpt lat="43.991219" lon="7.332553999">
        <ele>701.56</ele>
      </trkpt>
      <trkpt lat="43.991220001" lon="7.332658997">
        <ele>702.32</ele>
      </trkpt>
      <trkpt lat="43.991220998" lon="7.332729998">
        <ele>704.67</ele>
      </trkpt>
      <trkpt lat="43.991230998" lon="7.332763994">
        <ele>706.7</ele>
      </trkpt>
      <trkpt lat="43.991251002" lon="7.332818001">
        <ele>708.74</ele>
      </trkpt>
      <trkpt lat="43.991331006" lon="7.332978">
        <ele>710.78</ele>
      </trkpt>
      <trkpt lat="43.991420003" lon="7.333136">
        <ele>712.98</ele>
      </trkpt>
      <trkpt lat="43.991470999" lon="7.333254003">
        <ele>715.86</ele>
      </trkpt>
      <trkpt lat="43.991502004" lon="7.333337002">
        <ele>718.77</ele>
      </trkpt>
      <trkpt lat="43.991564002" lon="7.333505994">
        <ele>720.92</ele>
      </trkpt>
      <trkpt lat="43.991600001" lon="7.333600997">
        <ele>722.89</ele>
      </trkpt>
      <trkpt lat="43.991623" lon="7.333641999">
        <ele>724.34</ele>
      </trkpt>
      <trkpt lat="43.991629001" lon="7.333655003">
        <ele>722.57</ele>
      </trkpt>
      <trkpt lat="43.991662996" lon="7.333686005">
        <ele>720.45</ele>
      </trkpt>
      <trkpt lat="43.991732001" lon="7.333723992">
        <ele>719.8</ele>
      </trkpt>
      <trkpt lat="43.991777001" lon="7.333745007">
        <ele>718.15</ele>
      </trkpt>
      <trkpt lat="43.991866005" lon="7.333751006">
        <ele>716.25</ele>
      </trkpt>
      <trkpt lat="43.991923999" lon="7.333762998">
        <ele>714.81</ele>
      </trkpt>
      <trkpt lat="43.991962002" lon="7.333785004">
        <ele>713.7</ele>
      </trkpt>
      <trkpt lat="43.991989002" lon="7.333811005">
        <ele>714.53</ele>
      </trkpt>
      <trkpt lat="43.992006998" lon="7.333847007">
        <ele>716.56</ele>
      </trkpt>
      <trkpt lat="43.992018997" lon="7.333884002">
        <ele>719.44</ele>
      </trkpt>
      <trkpt lat="43.992022005" lon="7.333937005">
        <ele>723.04</ele>
      </trkpt>
      <trkpt lat="43.992016999" lon="7.333977999">
        <ele>727.39</ele>
      </trkpt>
      <trkpt lat="43.992" lon="7.334007992">
        <ele>729.39</ele>
      </trkpt>
      <trkpt lat="43.991961005" lon="7.334031006">
        <ele>731.63</ele>
      </trkpt>
      <trkpt lat="43.991888" lon="7.334059996">
        <ele>734.08</ele>
      </trkpt>
      <trkpt lat="43.991852004" lon="7.334059004">
        <ele>735.25</ele>
      </trkpt>
      <trkpt lat="43.991809001" lon="7.334039002">
        <ele>736.81</ele>
      </trkpt>
      <trkpt lat="43.991731001" lon="7.333981004">
        <ele>736.4</ele>
      </trkpt>
      <trkpt lat="43.991619004" lon="7.333900006">
        <ele>733.93</ele>
      </trkpt>
      <trkpt lat="43.991573998" lon="7.333858003">
        <ele>731.85</ele>
      </trkpt>
      <trkpt lat="43.991494999" lon="7.333782001">
        <ele>731.9</ele>
      </trkpt>
      <trkpt lat="43.99139" lon="7.333645006">
        <ele>727.76</ele>
      </trkpt>
      <trkpt lat="43.991285998" lon="7.333504004">
        <ele>725</ele>
      </trkpt>
      <trkpt lat="43.991228001" lon="7.333418003">
        <ele>724.12</ele>
      </trkpt>
      <trkpt lat="43.991148" lon="7.333344998">
        <ele>722.63</ele>
      </trkpt>
      <trkpt lat="43.991102" lon="7.333316004">
        <ele>720.26</ele>
      </trkpt>
      <trkpt lat="43.991059001" lon="7.333289998">
        <ele>719.45</ele>
      </trkpt>
      <trkpt lat="43.991007004" lon="7.333271996">
        <ele>718.43</ele>
      </trkpt>
      <trkpt lat="43.990953998" lon="7.333273993">
        <ele>717.19</ele>
      </trkpt>
      <trkpt lat="43.990895998" lon="7.333301004">
        <ele>715.64</ele>
      </trkpt>
      <trkpt lat="43.990849996" lon="7.333347991">
        <ele>717.05</ele>
      </trkpt>
      <trkpt lat="43.990799996" lon="7.333421005">
        <ele>720.05</ele>
      </trkpt>
      <trkpt lat="43.990755996" lon="7.333510006">
        <ele>718.67</ele>
      </trkpt>
      <trkpt lat="43.990707997" lon="7.333622997">
        <ele>716.74</ele>
      </trkpt>
      <trkpt lat="43.990675002" lon="7.333721999">
        <ele>718.13</ele>
      </trkpt>
      <trkpt lat="43.990647002" lon="7.333833004">
        <ele>715.02</ele>
      </trkpt>
      <trkpt lat="43.990629" lon="7.333976006">
        <ele>715.28</ele>
      </trkpt>
      <trkpt lat="43.990612998" lon="7.334154005">
        <ele>719.5</ele>
      </trkpt>
      <trkpt lat="43.990613" lon="7.334328003">
        <ele>724.05</ele>
      </trkpt>
      <trkpt lat="43.990609996" lon="7.334400997">
        <ele>725.26</ele>
      </trkpt>
      <trkpt lat="43.990596998" lon="7.334480995">
        <ele>727.78</ele>
      </trkpt>
      <trkpt lat="43.990575997" lon="7.334558">
        <ele>730.53</ele>
      </trkpt>
      <trkpt lat="43.990530999" lon="7.334680994">
        <ele>733.74</ele>
      </trkpt>
      <trkpt lat="43.990489997" lon="7.334793006">
        <ele>735.09</ele>
      </trkpt>
      <trkpt lat="43.990455997" lon="7.334843004">
        <ele>737.13</ele>
      </trkpt>
      <trkpt lat="43.990398996" lon="7.334882998">
        <ele>739.96</ele>
      </trkpt>
      <trkpt lat="43.990321006" lon="7.334906999">
        <ele>738.88</ele>
      </trkpt>
      <trkpt lat="43.990208004" lon="7.334927">
        <ele>738.55</ele>
      </trkpt>
      <trkpt lat="43.990073999" lon="7.334955003">
        <ele>740.78</ele>
      </trkpt>
      <trkpt lat="43.989938002" lon="7.334983003">
        <ele>742.09</ele>
      </trkpt>
      <trkpt lat="43.989863003" lon="7.334980004">
        <ele>743.26</ele>
      </trkpt>
      <trkpt lat="43.989796994" lon="7.334976003">
        <ele>744.74</ele>
      </trkpt>
      <trkpt lat="43.989663996" lon="7.334925006">
        <ele>745.72</ele>
      </trkpt>
      <trkpt lat="43.989539004" lon="7.334886004">
        <ele>746.93</ele>
      </trkpt>
      <trkpt lat="43.989478002" lon="7.334870999">
        <ele>747.78</ele>
      </trkpt>
      <trkpt lat="43.989361994" lon="7.334835003">
        <ele>748.57</ele>
      </trkpt>
      <trkpt lat="43.989277999" lon="7.334822005">
        <ele>750.22</ele>
      </trkpt>
      <trkpt lat="43.989200001" lon="7.334815994">
        <ele>750.89</ele>
      </trkpt>
      <trkpt lat="43.989107" lon="7.334821">
        <ele>752.25</ele>
      </trkpt>
      <trkpt lat="43.988950997" lon="7.334838002">
        <ele>753.31</ele>
      </trkpt>
      <trkpt lat="43.98878" lon="7.334868994">
        <ele>754.98</ele>
      </trkpt>
      <trkpt lat="43.988689998" lon="7.334882006">
        <ele>756.45</ele>
      </trkpt>
      <trkpt lat="43.988544999" lon="7.334922005">
        <ele>756.78</ele>
      </trkpt>
      <trkpt lat="43.988481995" lon="7.334926997">
        <ele>756.31</ele>
      </trkpt>
      <trkpt lat="43.988431995" lon="7.334935001">
        <ele>757.7</ele>
      </trkpt>
      <trkpt lat="43.988370998" lon="7.334926001">
        <ele>758.46</ele>
      </trkpt>
      <trkpt lat="43.988284001" lon="7.334915997">
        <ele>756.87</ele>
      </trkpt>
      <trkpt lat="43.988222998" lon="7.334905998">
        <ele>757.74</ele>
      </trkpt>
      <trkpt lat="43.988167997" lon="7.334903996">
        <ele>759.11</ele>
      </trkpt>
      <trkpt lat="43.988106999" lon="7.334920002">
        <ele>759.25</ele>
      </trkpt>
      <trkpt lat="43.988015005" lon="7.334948005">
        <ele>759.37</ele>
      </trkpt>
      <trkpt lat="43.987895" lon="7.334973003">
        <ele>762.93</ele>
      </trkpt>
      <trkpt lat="43.987854998" lon="7.334983004">
        <ele>764.8</ele>
      </trkpt>
      <trkpt lat="43.987739999" lon="7.335006996">
        <ele>767.48</ele>
      </trkpt>
      <trkpt lat="43.987636999" lon="7.335007995">
        <ele>772.41</ele>
      </trkpt>
      <trkpt lat="43.987506999" lon="7.334982994">
        <ele>775.1</ele>
      </trkpt>
      <trkpt lat="43.987379998" lon="7.334966">
        <ele>777.04</ele>
      </trkpt>
      <trkpt lat="43.987277006" lon="7.334945003">
        <ele>781.11</ele>
      </trkpt>
      <trkpt lat="43.987228006" lon="7.334940998">
        <ele>781.02</ele>
      </trkpt>
      <trkpt lat="43.987163" lon="7.334951006">
        <ele>780.78</ele>
      </trkpt>
      <trkpt lat="43.987062994" lon="7.334978999">
        <ele>785.79</ele>
      </trkpt>
      <trkpt lat="43.986989999" lon="7.335025001">
        <ele>786.33</ele>
      </trkpt>
      <trkpt lat="43.986836002" lon="7.335067996">
        <ele>789</ele>
      </trkpt>
      <trkpt lat="43.986747002" lon="7.335070997">
        <ele>794.91</ele>
      </trkpt>
      <trkpt lat="43.986623004" lon="7.335066003">
        <ele>795.22</ele>
      </trkpt>
      <trkpt lat="43.986583998" lon="7.335054994">
        <ele>793.7</ele>
      </trkpt>
      <trkpt lat="43.986520003" lon="7.33503">
        <ele>796.91</ele>
      </trkpt>
      <trkpt lat="43.986419002" lon="7.334972003">
        <ele>796.25</ele>
      </trkpt>
      <trkpt lat="43.986361" lon="7.33493">
        <ele>794.09</ele>
      </trkpt>
      <trkpt lat="43.986144003" lon="7.334743007">
        <ele>792.1</ele>
      </trkpt>
      <trkpt lat="43.986035" lon="7.334641995">
        <ele>790.42</ele>
      </trkpt>
      <trkpt lat="43.985933996" lon="7.334535001">
        <ele>788.58</ele>
      </trkpt>
      <trkpt lat="43.985831998" lon="7.334411004">
        <ele>788.37</ele>
      </trkpt>
      <trkpt lat="43.985789003" lon="7.334379008">
        <ele>782.54</ele>
      </trkpt>
      <trkpt lat="43.985742004" lon="7.334360001">
        <ele>780.4</ele>
      </trkpt>
      <trkpt lat="43.985689994" lon="7.334362997">
        <ele>775.42</ele>
      </trkpt>
      <trkpt lat="43.985641997" lon="7.334378007">
        <ele>768.54</ele>
      </trkpt>
      <trkpt lat="43.985587004" lon="7.334426003">
        <ele>758.89</ele>
      </trkpt>
      <trkpt lat="43.985555997" lon="7.334471006">
        <ele>753.66</ele>
      </trkpt>
      <trkpt lat="43.985523" lon="7.334548002">
        <ele>753.7</ele>
      </trkpt>
      <trkpt lat="43.985511999" lon="7.334618995">
        <ele>750.25</ele>
      </trkpt>
      <trkpt lat="43.985519003" lon="7.334818003">
        <ele>753.32</ele>
      </trkpt>
      <trkpt lat="43.985526998" lon="7.334987002">
        <ele>755.36</ele>
      </trkpt>
      <trkpt lat="43.985544001" lon="7.335140008">
        <ele>756.74</ele>
      </trkpt>
      <trkpt lat="43.985556998" lon="7.335271999">
        <ele>749.3</ele>
      </trkpt>
      <trkpt lat="43.985569001" lon="7.335382006">
        <ele>752.89</ele>
      </trkpt>
      <trkpt lat="43.985580001" lon="7.335545004">
        <ele>748.47</ele>
      </trkpt>
      <trkpt lat="43.985587001" lon="7.335622998">
        <ele>745.33</ele>
      </trkpt>
      <trkpt lat="43.985610998" lon="7.335770994">
        <ele>742.69</ele>
      </trkpt>
      <trkpt lat="43.985633004" lon="7.335858993">
        <ele>758.66</ele>
      </trkpt>
      <trkpt lat="43.985676003" lon="7.335961997">
        <ele>767.18</ele>
      </trkpt>
      <trkpt lat="43.985713" lon="7.336061998">
        <ele>777.23</ele>
      </trkpt>
      <trkpt lat="43.985731005" lon="7.336129994">
        <ele>787.75</ele>
      </trkpt>
      <trkpt lat="43.985743995" lon="7.336208993">
        <ele>804.67</ele>
      </trkpt>
      <trkpt lat="43.985751997" lon="7.336301007">
        <ele>806.06</ele>
      </trkpt>
      <trkpt lat="43.985757" lon="7.336405001">
        <ele>807.73</ele>
      </trkpt>
      <trkpt lat="43.985751" lon="7.336486">
        <ele>809.88</ele>
      </trkpt>
      <trkpt lat="43.985737001" lon="7.336558">
        <ele>807.52</ele>
      </trkpt>
      <trkpt lat="43.985709001" lon="7.336641006">
        <ele>800.31</ele>
      </trkpt>
      <trkpt lat="43.985677006" lon="7.336707005">
        <ele>793.43</ele>
      </trkpt>
      <trkpt lat="43.985643006" lon="7.336756997">
        <ele>792.8</ele>
      </trkpt>
      <trkpt lat="43.985607001" lon="7.336793004">
        <ele>792.64</ele>
      </trkpt>
      <trkpt lat="43.985567" lon="7.336825">
        <ele>798.35</ele>
      </trkpt>
      <trkpt lat="43.985532002" lon="7.336847002">
        <ele>798.09</ele>
      </trkpt>
      <trkpt lat="43.985446999" lon="7.336881001">
        <ele>798.1</ele>
      </trkpt>
      <trkpt lat="43.985379002" lon="7.336918005">
        <ele>792.17</ele>
      </trkpt>
      <trkpt lat="43.985314996" lon="7.336967996">
        <ele>785.94</ele>
      </trkpt>
      <trkpt lat="43.985259999" lon="7.337028997">
        <ele>779.06</ele>
      </trkpt>
      <trkpt lat="43.985216001" lon="7.337091996">
        <ele>778.16</ele>
      </trkpt>
      <trkpt lat="43.985186995" lon="7.337148997">
        <ele>780.49</ele>
      </trkpt>
      <trkpt lat="43.985172003" lon="7.337194006">
        <ele>782.45</ele>
      </trkpt>
      <trkpt lat="43.985167" lon="7.337229003">
        <ele>783.36</ele>
      </trkpt>
      <trkpt lat="43.985167998" lon="7.337279001">
        <ele>782.93</ele>
      </trkpt>
      <trkpt lat="43.985192998" lon="7.337416">
        <ele>783.19</ele>
      </trkpt>
      <trkpt lat="43.985232002" lon="7.337597996">
        <ele>779.24</ele>
      </trkpt>
      <trkpt lat="43.985277003" lon="7.337793993">
        <ele>775.25</ele>
      </trkpt>
      <trkpt lat="43.985309996" lon="7.337925997">
        <ele>773.34</ele>
      </trkpt>
      <trkpt lat="43.985337997" lon="7.338011008">
        <ele>775.53</ele>
      </trkpt>
      <trkpt lat="43.985383002" lon="7.338107001">
        <ele>776.67</ele>
      </trkpt>
      <trkpt lat="43.985431995" lon="7.338192">
        <ele>778.14</ele>
      </trkpt>
      <trkpt lat="43.985489996" lon="7.338280994">
        <ele>779.38</ele>
      </trkpt>
      <trkpt lat="43.985529997" lon="7.338354997">
        <ele>782.98</ele>
      </trkpt>
      <trkpt lat="43.985564006" lon="7.338441003">
        <ele>783.33</ele>
      </trkpt>
      <trkpt lat="43.985594002" lon="7.338552007">
        <ele>782.84</ele>
      </trkpt>
      <trkpt lat="43.985604002" lon="7.338624998">
        <ele>787.65</ele>
      </trkpt>
      <trkpt lat="43.985618002" lon="7.338767004">
        <ele>792.16</ele>
      </trkpt>
      <trkpt lat="43.985603997" lon="7.338897002">
        <ele>792.68</ele>
      </trkpt>
      <trkpt lat="43.985576001" lon="7.339013001">
        <ele>792.71</ele>
      </trkpt>
      <trkpt lat="43.985519003" lon="7.339118003">
        <ele>803.52</ele>
      </trkpt>
      <trkpt lat="43.985472998" lon="7.339245999">
        <ele>808.09</ele>
      </trkpt>
      <trkpt lat="43.985465996" lon="7.339371">
        <ele>812.04</ele>
      </trkpt>
      <trkpt lat="43.985476996" lon="7.339487998">
        <ele>815.57</ele>
      </trkpt>
      <trkpt lat="43.985497" lon="7.339592998">
        <ele>827.98</ele>
      </trkpt>
      <trkpt lat="43.985500002" lon="7.339700997">
        <ele>830.13</ele>
      </trkpt>
      <trkpt lat="43.985477006" lon="7.339821995">
        <ele>832.91</ele>
      </trkpt>
      <trkpt lat="43.985456" lon="7.339933995">
        <ele>835.9</ele>
      </trkpt>
      <trkpt lat="43.985459001" lon="7.340015005">
        <ele>849.29</ele>
      </trkpt>
      <trkpt lat="43.985486001" lon="7.340124009">
        <ele>854.97</ele>
      </trkpt>
      <trkpt lat="43.985493" lon="7.340221002">
        <ele>862.31</ele>
      </trkpt>
      <trkpt lat="43.985469997" lon="7.340312002">
        <ele>861.19</ele>
      </trkpt>
      <trkpt lat="43.985427994" lon="7.340376">
        <ele>862.99</ele>
      </trkpt>
      <trkpt lat="43.985375003" lon="7.340422994">
        <ele>857.47</ele>
      </trkpt>
      <trkpt lat="43.985329" lon="7.340437003">
        <ele>854</ele>
      </trkpt>
      <trkpt lat="43.985276994" lon="7.340416998">
        <ele>851.85</ele>
      </trkpt>
      <trkpt lat="43.985221999" lon="7.340373996">
        <ele>848.72</ele>
      </trkpt>
      <trkpt lat="43.985163996" lon="7.340340003">
        <ele>846.64</ele>
      </trkpt>
      <trkpt lat="43.985116002" lon="7.340336995">
        <ele>845.28</ele>
      </trkpt>
      <trkpt lat="43.985040995" lon="7.340362999">
        <ele>844</ele>
      </trkpt>
      <trkpt lat="43.984954996" lon="7.340441994">
        <ele>841.35</ele>
      </trkpt>
      <trkpt lat="43.984884006" lon="7.340528">
        <ele>848.92</ele>
      </trkpt>
      <trkpt lat="43.984809002" lon="7.340622002">
        <ele>853.95</ele>
      </trkpt>
      <trkpt lat="43.984751003" lon="7.340689998">
        <ele>856.38</ele>
      </trkpt>
      <trkpt lat="43.98474" lon="7.340704002">
        <ele>856.86</ele>
      </trkpt>
      <trkpt lat="43.984718996" lon="7.340729004">
        <ele>849.2</ele>
      </trkpt>
      <trkpt lat="43.984618995" lon="7.340809003">
        <ele>841.39</ele>
      </trkpt>
      <trkpt lat="43.984478001" lon="7.340898998">
        <ele>833.41</ele>
      </trkpt>
      <trkpt lat="43.984380003" lon="7.340953996">
        <ele>826.08</ele>
      </trkpt>
      <trkpt lat="43.984297996" lon="7.341015992">
        <ele>818.93</ele>
      </trkpt>
      <trkpt lat="43.984240998" lon="7.341085998">
        <ele>819.74</ele>
      </trkpt>
      <trkpt lat="43.984213002" lon="7.341134996">
        <ele>820.85</ele>
      </trkpt>
      <trkpt lat="43.984179002" lon="7.341193997">
        <ele>822.01</ele>
      </trkpt>
      <trkpt lat="43.984165002" lon="7.341246008">
        <ele>828.75</ele>
      </trkpt>
      <trkpt lat="43.984152003" lon="7.341342">
        <ele>835.45</ele>
      </trkpt>
      <trkpt lat="43.984136002" lon="7.341428001">
        <ele>842.4</ele>
      </trkpt>
      <trkpt lat="43.984103995" lon="7.341526001">
        <ele>846.29</ele>
      </trkpt>
      <trkpt lat="43.984041003" lon="7.341610992">
        <ele>851.48</ele>
      </trkpt>
      <trkpt lat="43.983975999" lon="7.341661999">
        <ele>852.25</ele>
      </trkpt>
      <trkpt lat="43.983895002" lon="7.341686996">
        <ele>851.66</ele>
      </trkpt>
      <trkpt lat="43.983766001" lon="7.341669997">
        <ele>851.36</ele>
      </trkpt>
      <trkpt lat="43.983641" lon="7.341624005">
        <ele>854.9</ele>
      </trkpt>
      <trkpt lat="43.983552002" lon="7.341579997">
        <ele>856.07</ele>
      </trkpt>
      <trkpt lat="43.983475999" lon="7.341533995">
        <ele>853.2</ele>
      </trkpt>
      <trkpt lat="43.983377003" lon="7.341443998">
        <ele>852.21</ele>
      </trkpt>
      <trkpt lat="43.983278004" lon="7.341335002">
        <ele>847.52</ele>
      </trkpt>
      <trkpt lat="43.983213001" lon="7.341244002">
        <ele>842.38</ele>
      </trkpt>
      <trkpt lat="43.983161002" lon="7.341133995">
        <ele>838.97</ele>
      </trkpt>
      <trkpt lat="43.983135997" lon="7.341082994">
        <ele>835.86</ele>
      </trkpt>
      <trkpt lat="43.983111997" lon="7.341020997">
        <ele>832.09</ele>
      </trkpt>
      <trkpt lat="43.983075998" lon="7.340966998">
        <ele>831.09</ele>
      </trkpt>
      <trkpt lat="43.983025997" lon="7.340940992">
        <ele>825.74</ele>
      </trkpt>
      <trkpt lat="43.982989006" lon="7.340936001">
        <ele>823.28</ele>
      </trkpt>
      <trkpt lat="43.982910996" lon="7.340970001">
        <ele>822.2</ele>
      </trkpt>
      <trkpt lat="43.982865998" lon="7.341031995">
        <ele>820.16</ele>
      </trkpt>
      <trkpt lat="43.982841003" lon="7.341090994">
        <ele>816.9</ele>
      </trkpt>
      <trkpt lat="43.982838999" lon="7.341179995">
        <ele>820.22</ele>
      </trkpt>
      <trkpt lat="43.982861002" lon="7.341301995">
        <ele>823.5</ele>
      </trkpt>
      <trkpt lat="43.982898" lon="7.341459005">
        <ele>825.37</ele>
      </trkpt>
      <trkpt lat="43.982930003" lon="7.341618992">
        <ele>833.32</ele>
      </trkpt>
      <trkpt lat="43.982952001" lon="7.341791">
        <ele>841.54</ele>
      </trkpt>
      <trkpt lat="43.982955005" lon="7.341910005">
        <ele>846.26</ele>
      </trkpt>
      <trkpt lat="43.982945001" lon="7.342010005">
        <ele>840.54</ele>
      </trkpt>
      <trkpt lat="43.982918997" lon="7.342119995">
        <ele>841.84</ele>
      </trkpt>
      <trkpt lat="43.982884001" lon="7.342223994">
        <ele>837.25</ele>
      </trkpt>
      <trkpt lat="43.982814995" lon="7.342353">
        <ele>832.99</ele>
      </trkpt>
      <trkpt lat="43.982774998" lon="7.342446994">
        <ele>829.04</ele>
      </trkpt>
      <trkpt lat="43.982772997" lon="7.342524997">
        <ele>832.52</ele>
      </trkpt>
      <trkpt lat="43.982777003" lon="7.342601998">
        <ele>831.21</ele>
      </trkpt>
      <trkpt lat="43.982789998" lon="7.342687998">
        <ele>830.94</ele>
      </trkpt>
      <trkpt lat="43.982819002" lon="7.342736995">
        <ele>829.75</ele>
      </trkpt>
      <trkpt lat="43.982859004" lon="7.342788005">
        <ele>830.4</ele>
      </trkpt>
      <trkpt lat="43.982942996" lon="7.342855001">
        <ele>831.81</ele>
      </trkpt>
      <trkpt lat="43.983211" lon="7.342996996">
        <ele>833.97</ele>
      </trkpt>
      <trkpt lat="43.983430998" lon="7.343112">
        <ele>835.72</ele>
      </trkpt>
      <trkpt lat="43.983520998" lon="7.343184999">
        <ele>840.51</ele>
      </trkpt>
      <trkpt lat="43.983649006" lon="7.343341">
        <ele>842.81</ele>
      </trkpt>
      <trkpt lat="43.983794004" lon="7.343618998">
        <ele>846.04</ele>
      </trkpt>
      <trkpt lat="43.983867002" lon="7.343775">
        <ele>846.95</ele>
      </trkpt>
      <trkpt lat="43.983901003" lon="7.343912999">
        <ele>846.86</ele>
      </trkpt>
      <trkpt lat="43.983902997" lon="7.344016999">
        <ele>843.17</ele>
      </trkpt>
      <trkpt lat="43.983925997" lon="7.344105">
        <ele>845.36</ele>
      </trkpt>
      <trkpt lat="43.983977999" lon="7.344266991">
        <ele>846.11</ele>
      </trkpt>
      <trkpt lat="43.984062004" lon="7.344522003">
        <ele>845.97</ele>
      </trkpt>
      <trkpt lat="43.984165998" lon="7.344801996">
        <ele>851.26</ele>
      </trkpt>
      <trkpt lat="43.984252005" lon="7.345071006">
        <ele>857.7</ele>
      </trkpt>
      <trkpt lat="43.984316997" lon="7.345265998">
        <ele>858.44</ele>
      </trkpt>
      <trkpt lat="43.984343998" lon="7.345380995">
        <ele>861.44</ele>
      </trkpt>
      <trkpt lat="43.984349994" lon="7.345498996">
        <ele>865.81</ele>
      </trkpt>
      <trkpt lat="43.984367001" lon="7.345622992">
        <ele>865.06</ele>
      </trkpt>
      <trkpt lat="43.984421999" lon="7.345712999">
        <ele>864.47</ele>
      </trkpt>
      <trkpt lat="43.984484996" lon="7.345789997">
        <ele>864.35</ele>
      </trkpt>
      <trkpt lat="43.984522999" lon="7.345866998">
        <ele>861.23</ele>
      </trkpt>
      <trkpt lat="43.984534003" lon="7.345930005">
        <ele>862.72</ele>
      </trkpt>
      <trkpt lat="43.984535002" lon="7.345950004">
        <ele>864.73</ele>
      </trkpt>
      <trkpt lat="43.984534003" lon="7.346009998">
        <ele>867.39</ele>
      </trkpt>
      <trkpt lat="43.984526002" lon="7.346047999">
        <ele>870.22</ele>
      </trkpt>
      <trkpt lat="43.984516996" lon="7.346070006">
        <ele>872.78</ele>
      </trkpt>
      <trkpt lat="43.984483001" lon="7.346143998">
        <ele>871.18</ele>
      </trkpt>
      <trkpt lat="43.984401005" lon="7.346253">
        <ele>869.58</ele>
      </trkpt>
      <trkpt lat="43.984359001" lon="7.346321">
        <ele>867.64</ele>
      </trkpt>
      <trkpt lat="43.984340001" lon="7.346361993">
        <ele>868.94</ele>
      </trkpt>
      <trkpt lat="43.984331003" lon="7.346418006">
        <ele>869.97</ele>
      </trkpt>
      <trkpt lat="43.984329995" lon="7.346483005">
        <ele>870.65</ele>
      </trkpt>
      <trkpt lat="43.984349997" lon="7.346576995">
        <ele>871.1</ele>
      </trkpt>
      <trkpt lat="43.984390994" lon="7.346670004">
        <ele>871.58</ele>
      </trkpt>
      <trkpt lat="43.984434002" lon="7.346734005">
        <ele>872.79</ele>
      </trkpt>
      <trkpt lat="43.984469002" lon="7.346786997">
        <ele>873.99</ele>
      </trkpt>
      <trkpt lat="43.984490003" lon="7.346856996">
        <ele>875.36</ele>
      </trkpt>
      <trkpt lat="43.984494003" lon="7.346942001">
        <ele>876.69</ele>
      </trkpt>
      <trkpt lat="43.984489999" lon="7.347010005">
        <ele>877.78</ele>
      </trkpt>
      <trkpt lat="43.984466998" lon="7.347099003">
        <ele>878.49</ele>
      </trkpt>
      <trkpt lat="43.984406999" lon="7.347233002">
        <ele>879.22</ele>
      </trkpt>
      <trkpt lat="43.984352004" lon="7.347369005">
        <ele>879.79</ele>
      </trkpt>
      <trkpt lat="43.984327998" lon="7.347447004">
        <ele>880.13</ele>
      </trkpt>
      <trkpt lat="43.984317994" lon="7.347523999">
        <ele>881.79</ele>
      </trkpt>
      <trkpt lat="43.984320998" lon="7.347610001">
        <ele>879.95</ele>
      </trkpt>
      <trkpt lat="43.984340999" lon="7.347716001">
        <ele>878.53</ele>
      </trkpt>
      <trkpt lat="43.984380997" lon="7.347835">
        <ele>877.37</ele>
      </trkpt>
      <trkpt lat="43.984423999" lon="7.347927002">
        <ele>877.84</ele>
      </trkpt>
      <trkpt lat="43.984489995" lon="7.348033006">
        <ele>880.16</ele>
      </trkpt>
      <trkpt lat="43.984544006" lon="7.348111992">
        <ele>882.12</ele>
      </trkpt>
      <trkpt lat="43.984583997" lon="7.348186999">
        <ele>883.12</ele>
      </trkpt>
      <trkpt lat="43.984628998" lon="7.348288991">
        <ele>888.44</ele>
      </trkpt>
      <trkpt lat="43.984698998" lon="7.348452001">
        <ele>891.78</ele>
      </trkpt>
      <trkpt lat="43.984759999" lon="7.348608994">
        <ele>892.02</ele>
      </trkpt>
      <trkpt lat="43.984790003" lon="7.348684001">
        <ele>892.63</ele>
      </trkpt>
      <trkpt lat="43.984799999" lon="7.348736995">
        <ele>894.39</ele>
      </trkpt>
      <trkpt lat="43.984800998" lon="7.348778005">
        <ele>892.1</ele>
      </trkpt>
      <trkpt lat="43.984799003" lon="7.348798001">
        <ele>890.78</ele>
      </trkpt>
      <trkpt lat="43.984796997" lon="7.348825998">
        <ele>897.34</ele>
      </trkpt>
      <trkpt lat="43.984779004" lon="7.348900998">
        <ele>904.12</ele>
      </trkpt>
      <trkpt lat="43.984762999" lon="7.348940996">
        <ele>910.89</ele>
      </trkpt>
      <trkpt lat="43.984752" lon="7.348967994">
        <ele>917.93</ele>
      </trkpt>
      <trkpt lat="43.984724996" lon="7.349016004">
        <ele>920.61</ele>
      </trkpt>
      <trkpt lat="43.984692001" lon="7.349039">
        <ele>916.18</ele>
      </trkpt>
      <trkpt lat="43.984550999" lon="7.349100001">
        <ele>911.77</ele>
      </trkpt>
      <trkpt lat="43.984389001" lon="7.349162007">
        <ele>907.19</ele>
      </trkpt>
      <trkpt lat="43.984354002" lon="7.349185999">
        <ele>897.67</ele>
      </trkpt>
      <trkpt lat="43.984324996" lon="7.349227002">
        <ele>892.21</ele>
      </trkpt>
      <trkpt lat="43.984297997" lon="7.349283">
        <ele>888.87</ele>
      </trkpt>
      <trkpt lat="43.984281003" lon="7.349344007">
        <ele>888.42</ele>
      </trkpt>
      <trkpt lat="43.984251997" lon="7.349583994">
        <ele>886.73</ele>
      </trkpt>
      <trkpt lat="43.984230999" lon="7.349781999">
        <ele>888.76</ele>
      </trkpt>
      <trkpt lat="43.984225005" lon="7.349956995">
        <ele>890.73</ele>
      </trkpt>
      <trkpt lat="43.984233998" lon="7.350086997">
        <ele>892.82</ele>
      </trkpt>
      <trkpt lat="43.984244" lon="7.350150003">
        <ele>892.34</ele>
      </trkpt>
      <trkpt lat="43.984277001" lon="7.350221007">
        <ele>893.23</ele>
      </trkpt>
      <trkpt lat="43.984334003" lon="7.350307002">
        <ele>895.22</ele>
      </trkpt>
      <trkpt lat="43.984401002" lon="7.350400002">
        <ele>898.38</ele>
      </trkpt>
      <trkpt lat="43.984474006" lon="7.350502">
        <ele>900.7</ele>
      </trkpt>
      <trkpt lat="43.984552998" lon="7.350634004">
        <ele>901.94</ele>
      </trkpt>
      <trkpt lat="43.984610995" lon="7.350767002">
        <ele>904.51</ele>
      </trkpt>
      <trkpt lat="43.984661997" lon="7.350895008">
        <ele>906.03</ele>
      </trkpt>
      <trkpt lat="43.984705995" lon="7.351052003">
        <ele>905.53</ele>
      </trkpt>
      <trkpt lat="43.984750006" lon="7.351215004">
        <ele>904.67</ele>
      </trkpt>
      <trkpt lat="43.984801998" lon="7.351415004">
        <ele>906.58</ele>
      </trkpt>
      <trkpt lat="43.984848005" lon="7.351572004">
        <ele>906.32</ele>
      </trkpt>
      <trkpt lat="43.984877001" lon="7.351670005">
        <ele>908.93</ele>
      </trkpt>
      <trkpt lat="43.984933996" lon="7.351822002">
        <ele>912.44</ele>
      </trkpt>
      <trkpt lat="43.985007997" lon="7.352014997">
        <ele>915.9</ele>
      </trkpt>
      <trkpt lat="43.985044996" lon="7.352093999">
        <ele>919.79</ele>
      </trkpt>
      <trkpt lat="43.985141998" lon="7.352227994">
        <ele>924.42</ele>
      </trkpt>
      <trkpt lat="43.985188997" lon="7.352293991">
        <ele>927.13</ele>
      </trkpt>
      <trkpt lat="43.985212" lon="7.352339005">
        <ele>930.22</ele>
      </trkpt>
      <trkpt lat="43.985222002" lon="7.352359006">
        <ele>932</ele>
      </trkpt>
      <trkpt lat="43.985227003" lon="7.352399998">
        <ele>931.34</ele>
      </trkpt>
      <trkpt lat="43.985229006" lon="7.352447002">
        <ele>930.92</ele>
      </trkpt>
      <trkpt lat="43.985223" lon="7.352524003">
        <ele>930.61</ele>
      </trkpt>
      <trkpt lat="43.985216006" lon="7.352549996">
        <ele>930.56</ele>
      </trkpt>
      <trkpt lat="43.985197002" lon="7.35262">
        <ele>930.83</ele>
      </trkpt>
      <trkpt lat="43.985164003" lon="7.352682006">
        <ele>931.7</ele>
      </trkpt>
      <trkpt lat="43.985130002" lon="7.352715997">
        <ele>933.21</ele>
      </trkpt>
      <trkpt lat="43.985078001" lon="7.352732995">
        <ele>935.5</ele>
      </trkpt>
      <trkpt lat="43.98501" lon="7.352740993">
        <ele>934.81</ele>
      </trkpt>
      <trkpt lat="43.984927001" lon="7.352744001">
        <ele>933.79</ele>
      </trkpt>
      <trkpt lat="43.984820003" lon="7.352757994">
        <ele>932.06</ele>
      </trkpt>
      <trkpt lat="43.984783004" lon="7.352774004">
        <ele>929.45</ele>
      </trkpt>
      <trkpt lat="43.984747" lon="7.352806007">
        <ele>925.68</ele>
      </trkpt>
      <trkpt lat="43.984722006" lon="7.352837003">
        <ele>924.42</ele>
      </trkpt>
      <trkpt lat="43.984696002" lon="7.352886997">
        <ele>922.81</ele>
      </trkpt>
      <trkpt lat="43.984681001" lon="7.352927995">
        <ele>921.1</ele>
      </trkpt>
      <trkpt lat="43.984673999" lon="7.352999002">
        <ele>919.37</ele>
      </trkpt>
      <trkpt lat="43.984672998" lon="7.353048997">
        <ele>919.65</ele>
      </trkpt>
      <trkpt lat="43.984675003" lon="7.353093005">
        <ele>919.87</ele>
      </trkpt>
      <trkpt lat="43.984679001" lon="7.353137002">
        <ele>920.15</ele>
      </trkpt>
      <trkpt lat="43.984691" lon="7.353183996">
        <ele>920.13</ele>
      </trkpt>
      <trkpt lat="43.984713001" lon="7.353238995">
        <ele>919.82</ele>
      </trkpt>
      <trkpt lat="43.984758003" lon="7.353325">
        <ele>917.66</ele>
      </trkpt>
      <trkpt lat="43.984793001" lon="7.353399006">
        <ele>915.32</ele>
      </trkpt>
      <trkpt lat="43.984806994" lon="7.353429">
        <ele>915.4</ele>
      </trkpt>
      <trkpt lat="43.984831996" lon="7.353503003">
        <ele>918.93</ele>
      </trkpt>
      <trkpt lat="43.984860997" lon="7.353604002">
        <ele>921</ele>
      </trkpt>
      <trkpt lat="43.984881001" lon="7.353703002">
        <ele>927.14</ele>
      </trkpt>
      <trkpt lat="43.984906002" lon="7.353876999">
        <ele>931.15</ele>
      </trkpt>
      <trkpt lat="43.984966001" lon="7.354447003">
        <ele>938.38</ele>
      </trkpt>
      <trkpt lat="43.984992998" lon="7.354686005">
        <ele>941.96</ele>
      </trkpt>
      <trkpt lat="43.984998004" lon="7.354794009">
        <ele>946.68</ele>
      </trkpt>
      <trkpt lat="43.984992998" lon="7.354865993">
        <ele>945.63</ele>
      </trkpt>
      <trkpt lat="43.984977004" lon="7.354949995">
        <ele>945.17</ele>
      </trkpt>
      <trkpt lat="43.984908" lon="7.355142995">
        <ele>937.75</ele>
      </trkpt>
      <trkpt lat="43.984848996" lon="7.355361003">
        <ele>937.17</ele>
      </trkpt>
      <trkpt lat="43.984793996" lon="7.355594995">
        <ele>937.12</ele>
      </trkpt>
      <trkpt lat="43.984781003" lon="7.355673996">
        <ele>938.56</ele>
      </trkpt>
      <trkpt lat="43.984778999" lon="7.355722004">
        <ele>941.67</ele>
      </trkpt>
      <trkpt lat="43.984779001" lon="7.355782999">
        <ele>946.08</ele>
      </trkpt>
      <trkpt lat="43.984786002" lon="7.355838">
        <ele>944.1</ele>
      </trkpt>
      <trkpt lat="43.984796997" lon="7.355888001">
        <ele>942.07</ele>
      </trkpt>
      <trkpt lat="43.984798003" lon="7.355936002">
        <ele>945.67</ele>
      </trkpt>
      <trkpt lat="43.984794005" lon="7.355993994">
        <ele>949.78</ele>
      </trkpt>
      <trkpt lat="43.984778003" lon="7.356086996">
        <ele>954.62</ele>
      </trkpt>
      <trkpt lat="43.984745005" lon="7.356167001">
        <ele>960.29</ele>
      </trkpt>
      <trkpt lat="43.984710999" lon="7.356216007">
        <ele>967.53</ele>
      </trkpt>
      <trkpt lat="43.984671002" lon="7.356249999">
        <ele>963.51</ele>
      </trkpt>
      <trkpt lat="43.984592006" lon="7.356280995">
        <ele>960.21</ele>
      </trkpt>
      <trkpt lat="43.984493003" lon="7.356316004">
        <ele>957.08</ele>
      </trkpt>
      <trkpt lat="43.984440006" lon="7.356352996">
        <ele>956.8</ele>
      </trkpt>
      <trkpt lat="43.984407994" lon="7.356385002">
        <ele>952.79</ele>
      </trkpt>
      <trkpt lat="43.984353998" lon="7.356468993">
        <ele>954.47</ele>
      </trkpt>
      <trkpt lat="43.984298002" lon="7.356564003">
        <ele>955.08</ele>
      </trkpt>
      <trkpt lat="43.984261001" lon="7.356616">
        <ele>955.17</ele>
      </trkpt>
      <trkpt lat="43.984191002" lon="7.356682001">
        <ele>951.78</ele>
      </trkpt>
      <trkpt lat="43.984159" lon="7.356716004">
        <ele>950.79</ele>
      </trkpt>
      <trkpt lat="43.984137997" lon="7.356759001">
        <ele>949.95</ele>
      </trkpt>
      <trkpt lat="43.984127006" lon="7.356799992">
        <ele>951.9</ele>
      </trkpt>
      <trkpt lat="43.984122" lon="7.356847995">
        <ele>953.86</ele>
      </trkpt>
      <trkpt lat="43.984124001" lon="7.356880992">
        <ele>955.9</ele>
      </trkpt>
      <trkpt lat="43.984130996" lon="7.356909003">
        <ele>957.95</ele>
      </trkpt>
      <trkpt lat="43.984141" lon="7.356928006">
        <ele>960.15</ele>
      </trkpt>
      <trkpt lat="43.984167006" lon="7.356948995">
        <ele>959.72</ele>
      </trkpt>
      <trkpt lat="43.984180996" lon="7.356951002">
        <ele>959.26</ele>
      </trkpt>
      <trkpt lat="43.984204997" lon="7.356949005">
        <ele>958.81</ele>
      </trkpt>
      <trkpt lat="43.984228998" lon="7.356944999">
        <ele>958.47</ele>
      </trkpt>
      <trkpt lat="43.984256002" lon="7.356923995">
        <ele>958.46</ele>
      </trkpt>
      <trkpt lat="43.984282996" lon="7.356896">
        <ele>959</ele>
      </trkpt>
      <trkpt lat="43.984320005" lon="7.356816004">
        <ele>960.27</ele>
      </trkpt>
      <trkpt lat="43.984355998" lon="7.356719002">
        <ele>961.96</ele>
      </trkpt>
      <trkpt lat="43.984411004" lon="7.356588001">
        <ele>963.89</ele>
      </trkpt>
      <trkpt lat="43.984456003" lon="7.356514008">
        <ele>959.26</ele>
      </trkpt>
      <trkpt lat="43.984492002" lon="7.356474006">
        <ele>960.47</ele>
      </trkpt>
      <trkpt lat="43.984532" lon="7.356446992">
        <ele>958.68</ele>
      </trkpt>
      <trkpt lat="43.984609998" lon="7.356420002">
        <ele>961.9</ele>
      </trkpt>
      <trkpt lat="43.984764" lon="7.356383008">
        <ele>964.25</ele>
      </trkpt>
      <trkpt lat="43.984915999" lon="7.356342003">
        <ele>972.55</ele>
      </trkpt>
      <trkpt lat="43.984957999" lon="7.356324006">
        <ele>974.25</ele>
      </trkpt>
      <trkpt lat="43.984988002" lon="7.356294006">
        <ele>978.18</ele>
      </trkpt>
      <trkpt lat="43.985020994" lon="7.356251002">
        <ele>976.74</ele>
      </trkpt>
      <trkpt lat="43.985046002" lon="7.356205002">
        <ele>976.15</ele>
      </trkpt>
      <trkpt lat="43.985073999" lon="7.356134002">
        <ele>970.95</ele>
      </trkpt>
      <trkpt lat="43.985085" lon="7.356081002">
        <ele>966.56</ele>
      </trkpt>
      <trkpt lat="43.985091" lon="7.356024998">
        <ele>962.92</ele>
      </trkpt>
      <trkpt lat="43.985092004" lon="7.355977">
        <ele>960.2</ele>
      </trkpt>
      <trkpt lat="43.985082" lon="7.355919996">
        <ele>958.51</ele>
      </trkpt>
      <trkpt lat="43.985059003" lon="7.355835996">
        <ele>962.36</ele>
      </trkpt>
      <trkpt lat="43.985030001" lon="7.355719004">
        <ele>960.3</ele>
      </trkpt>
      <trkpt lat="43.985021005" lon="7.355657995">
        <ele>958.45</ele>
      </trkpt>
      <trkpt lat="43.985020003" lon="7.355592005">
        <ele>956.32</ele>
      </trkpt>
      <trkpt lat="43.985027004" lon="7.355517002">
        <ele>953.33</ele>
      </trkpt>
      <trkpt lat="43.985041995" lon="7.355452997">
        <ele>950.24</ele>
      </trkpt>
      <trkpt lat="43.985058002" lon="7.355413">
        <ele>952.95</ele>
      </trkpt>
      <trkpt lat="43.985089004" lon="7.355355">
        <ele>960.93</ele>
      </trkpt>
      <trkpt lat="43.985126001" lon="7.355304">
        <ele>968.11</ele>
      </trkpt>
      <trkpt lat="43.985167006" lon="7.355275003">
        <ele>968.81</ele>
      </trkpt>
      <trkpt lat="43.985239001" lon="7.355236004">
        <ele>968.97</ele>
      </trkpt>
      <trkpt lat="43.985323005" lon="7.355179997">
        <ele>969.02</ele>
      </trkpt>
      <trkpt lat="43.985374002" lon="7.355140004">
        <ele>969.39</ele>
      </trkpt>
      <trkpt lat="43.985409001" lon="7.355080999">
        <ele>970.49</ele>
      </trkpt>
      <trkpt lat="43.985438997" lon="7.355008003">
        <ele>978.23</ele>
      </trkpt>
      <trkpt lat="43.985470002" lon="7.354915998">
        <ele>986.11</ele>
      </trkpt>
      <trkpt lat="43.985485002" lon="7.354846999">
        <ele>989.1</ele>
      </trkpt>
      <trkpt lat="43.985488004" lon="7.354834994">
        <ele>986.91</ele>
      </trkpt>
      <trkpt lat="43.985493" lon="7.354741999">
        <ele>986.56</ele>
      </trkpt>
      <trkpt lat="43.985488001" lon="7.354618003">
        <ele>982.71</ele>
      </trkpt>
      <trkpt lat="43.985474004" lon="7.354375998">
        <ele>979.83</ele>
      </trkpt>
      <trkpt lat="43.985476997" lon="7.354205001">
        <ele>979.71</ele>
      </trkpt>
      <trkpt lat="43.985484003" lon="7.3541">
        <ele>979.65</ele>
      </trkpt>
      <trkpt lat="43.985531001" lon="7.353845992">
        <ele>977.65</ele>
      </trkpt>
      <trkpt lat="43.985583999" lon="7.353680003">
        <ele>978.63</ele>
      </trkpt>
      <trkpt lat="43.985629006" lon="7.353601001">
        <ele>978.38</ele>
      </trkpt>
      <trkpt lat="43.985660001" lon="7.353584994">
        <ele>985.08</ele>
      </trkpt>
      <trkpt lat="43.985691996" lon="7.353585992">
        <ele>990.18</ele>
      </trkpt>
      <trkpt lat="43.985708" lon="7.353593994">
        <ele>994.48</ele>
      </trkpt>
      <trkpt lat="43.985719004" lon="7.353611001">
        <ele>998.52</ele>
      </trkpt>
      <trkpt lat="43.985731" lon="7.353627997">
        <ele>1002.36</ele>
      </trkpt>
      <trkpt lat="43.985735998" lon="7.353652997">
        <ele>1000.83</ele>
      </trkpt>
      <trkpt lat="43.985733002" lon="7.353698996">
        <ele>994.12</ele>
      </trkpt>
      <trkpt lat="43.985718002" lon="7.353749007">
        <ele>991.46</ele>
      </trkpt>
      <trkpt lat="43.985677001" lon="7.353831998">
        <ele>988.26</ele>
      </trkpt>
      <trkpt lat="43.985629002" lon="7.353951006">
        <ele>984.74</ele>
      </trkpt>
      <trkpt lat="43.985613002" lon="7.354032001">
        <ele>980.62</ele>
      </trkpt>
      <trkpt lat="43.985606997" lon="7.354099003">
        <ele>984.4</ele>
      </trkpt>
      <trkpt lat="43.985610998" lon="7.354186995">
        <ele>982.1</ele>
      </trkpt>
      <trkpt lat="43.985639998" lon="7.354370999">
        <ele>984.21</ele>
      </trkpt>
      <trkpt lat="43.985686003" lon="7.354588999">
        <ele>991.61</ele>
      </trkpt>
      <trkpt lat="43.985708005" lon="7.354710001">
        <ele>999</ele>
      </trkpt>
      <trkpt lat="43.985722" lon="7.354803001">
        <ele>1003.14</ele>
      </trkpt>
      <trkpt lat="43.985721002" lon="7.354897002">
        <ele>1003.23</ele>
      </trkpt>
      <trkpt lat="43.985712997" lon="7.354984999">
        <ele>1004.26</ele>
      </trkpt>
      <trkpt lat="43.985688" lon="7.355073008">
        <ele>999.42</ele>
      </trkpt>
      <trkpt lat="43.985628002" lon="7.355228">
        <ele>995.07</ele>
      </trkpt>
      <trkpt lat="43.985513002" lon="7.355472999">
        <ele>991.48</ele>
      </trkpt>
      <trkpt lat="43.985482001" lon="7.355559">
        <ele>996.61</ele>
      </trkpt>
      <trkpt lat="43.985477997" lon="7.355568993">
        <ele>997</ele>
      </trkpt>
      <trkpt lat="43.985473" lon="7.355629007">
        <ele>998.26</ele>
      </trkpt>
      <trkpt lat="43.985481006" lon="7.355671003">
        <ele>999.58</ele>
      </trkpt>
      <trkpt lat="43.985503002" lon="7.355734005">
        <ele>1000.61</ele>
      </trkpt>
      <trkpt lat="43.985543001" lon="7.355807996">
        <ele>998.88</ele>
      </trkpt>
      <trkpt lat="43.985591999" lon="7.355874">
        <ele>999.11</ele>
      </trkpt>
      <trkpt lat="43.985653998" lon="7.355950997">
        <ele>1003.13</ele>
      </trkpt>
      <trkpt lat="43.985701999" lon="7.356027998">
        <ele>1006.84</ele>
      </trkpt>
      <trkpt lat="43.985736997" lon="7.356104004">
        <ele>1010.44</ele>
      </trkpt>
      <trkpt lat="43.985759999" lon="7.356182001">
        <ele>1013.99</ele>
      </trkpt>
      <trkpt lat="43.985771999" lon="7.356233004">
        <ele>1015.31</ele>
      </trkpt>
      <trkpt lat="43.985775003" lon="7.356293992">
        <ele>1012.69</ele>
      </trkpt>
      <trkpt lat="43.985767996" lon="7.356367997">
        <ele>1014.24</ele>
      </trkpt>
      <trkpt lat="43.985756995" lon="7.356439998">
        <ele>1012.32</ele>
      </trkpt>
      <trkpt lat="43.985732995" lon="7.356516997">
        <ele>1010.7</ele>
      </trkpt>
      <trkpt lat="43.985684001" lon="7.356621995">
        <ele>1009.37</ele>
      </trkpt>
      <trkpt lat="43.985642" lon="7.356697005">
        <ele>1008.1</ele>
      </trkpt>
      <trkpt lat="43.985613999" lon="7.356768992">
        <ele>1005.28</ele>
      </trkpt>
      <trkpt lat="43.985588004" lon="7.356875">
        <ele>1005.83</ele>
      </trkpt>
      <trkpt lat="43.985580994" lon="7.356944997">
        <ele>1006.1</ele>
      </trkpt>
      <trkpt lat="43.985580998" lon="7.357024006">
        <ele>1006.3</ele>
      </trkpt>
      <trkpt lat="43.985591998" lon="7.357096005">
        <ele>1006.62</ele>
      </trkpt>
      <trkpt lat="43.985607998" lon="7.357149998">
        <ele>1006.52</ele>
      </trkpt>
      <trkpt lat="43.985640999" lon="7.357219997">
        <ele>1007.82</ele>
      </trkpt>
      <trkpt lat="43.985675998" lon="7.357298001">
        <ele>1009.37</ele>
      </trkpt>
      <trkpt lat="43.985707997" lon="7.357366001">
        <ele>1010.94</ele>
      </trkpt>
      <trkpt lat="43.985734005" lon="7.357438">
        <ele>1012.48</ele>
      </trkpt>
      <trkpt lat="43.985754999" lon="7.357520001">
        <ele>1012.21</ele>
      </trkpt>
      <trkpt lat="43.985774003" lon="7.357606008">
        <ele>1010.97</ele>
      </trkpt>
      <trkpt lat="43.985794004" lon="7.357678995">
        <ele>1010.98</ele>
      </trkpt>
      <trkpt lat="43.985812999" lon="7.357710996">
        <ele>1011.3</ele>
      </trkpt>
      <trkpt lat="43.985828996" lon="7.357735003">
        <ele>1012.03</ele>
      </trkpt>
      <trkpt lat="43.985849997" lon="7.357739993">
        <ele>1013.13</ele>
      </trkpt>
      <trkpt lat="43.985876001" lon="7.357739998">
        <ele>1014.43</ele>
      </trkpt>
      <trkpt lat="43.985900002" lon="7.357735992">
        <ele>1013.88</ele>
      </trkpt>
      <trkpt lat="43.985918006" lon="7.357723001">
        <ele>1013.58</ele>
      </trkpt>
      <trkpt lat="43.985931998" lon="7.357687007">
        <ele>1013.57</ele>
      </trkpt>
      <trkpt lat="43.985939003" lon="7.357649005">
        <ele>1013.71</ele>
      </trkpt>
      <trkpt lat="43.985934998" lon="7.357590999">
        <ele>1014.04</ele>
      </trkpt>
      <trkpt lat="43.985929005" lon="7.357553001">
        <ele>1015.64</ele>
      </trkpt>
      <trkpt lat="43.985901" lon="7.357487004">
        <ele>1016.05</ele>
      </trkpt>
      <trkpt lat="43.985838004" lon="7.357345999">
        <ele>1016.78</ele>
      </trkpt>
      <trkpt lat="43.985801006" lon="7.357230003">
        <ele>1017.94</ele>
      </trkpt>
      <trkpt lat="43.985791996" lon="7.357123002">
        <ele>1019.41</ele>
      </trkpt>
      <trkpt lat="43.985802002" lon="7.357023997">
        <ele>1018.13</ele>
      </trkpt>
      <trkpt lat="43.985822005" lon="7.356936007">
        <ele>1018.12</ele>
      </trkpt>
      <trkpt lat="43.985860999" lon="7.356825">
        <ele>1021.85</ele>
      </trkpt>
      <trkpt lat="43.985912996" lon="7.356743002">
        <ele>1025.4</ele>
      </trkpt>
      <trkpt lat="43.986000999" lon="7.356654994">
        <ele>1029.1</ele>
      </trkpt>
      <trkpt lat="43.986046997" lon="7.356586007">
        <ele>1031.37</ele>
      </trkpt>
      <trkpt lat="43.986087003" lon="7.356486001">
        <ele>1034.39</ele>
      </trkpt>
      <trkpt lat="43.986110001" lon="7.356388002">
        <ele>1034.09</ele>
      </trkpt>
      <trkpt lat="43.986122004" lon="7.356259">
        <ele>1034.23</ele>
      </trkpt>
      <trkpt lat="43.986119001" lon="7.356139001">
        <ele>1030.4</ele>
      </trkpt>
      <trkpt lat="43.986102003" lon="7.356042">
        <ele>1030.78</ele>
      </trkpt>
      <trkpt lat="43.986066001" lon="7.355954993">
        <ele>1028.13</ele>
      </trkpt>
      <trkpt lat="43.986026996" lon="7.355884997">
        <ele>1024.75</ele>
      </trkpt>
      <trkpt lat="43.985960002" lon="7.355799003">
        <ele>1020.67</ele>
      </trkpt>
      <trkpt lat="43.985891002" lon="7.355718999">
        <ele>1020.15</ele>
      </trkpt>
      <trkpt lat="43.98586" lon="7.355672997">
        <ele>1016</ele>
      </trkpt>
      <trkpt lat="43.985852999" lon="7.355624998">
        <ele>1013.96</ele>
      </trkpt>
      <trkpt lat="43.985860003" lon="7.355568009">
        <ele>1011.54</ele>
      </trkpt>
      <trkpt lat="43.985893002" lon="7.355528">
        <ele>1008.7</ele>
      </trkpt>
      <trkpt lat="43.985919995" lon="7.355519004">
        <ele>1009.89</ele>
      </trkpt>
      <trkpt lat="43.985959002" lon="7.355520002">
        <ele>1013.71</ele>
      </trkpt>
      <trkpt lat="43.985987006" lon="7.355536999">
        <ele>1019.08</ele>
      </trkpt>
      <trkpt lat="43.986015998" lon="7.35559">
        <ele>1023.67</ele>
      </trkpt>
      <trkpt lat="43.986068997" lon="7.355743996">
        <ele>1027.57</ele>
      </trkpt>
      <trkpt lat="43.986115004" lon="7.355852004">
        <ele>1028.97</ele>
      </trkpt>
      <trkpt lat="43.986179999" lon="7.355980003">
        <ele>1033.6</ele>
      </trkpt>
      <trkpt lat="43.986236002" lon="7.356126003">
        <ele>1035.42</ele>
      </trkpt>
      <trkpt lat="43.986268998" lon="7.356298994">
        <ele>1041.58</ele>
      </trkpt>
      <trkpt lat="43.986275002" lon="7.356430995">
        <ele>1043.48</ele>
      </trkpt>
      <trkpt lat="43.986265997" lon="7.356562998">
        <ele>1043.01</ele>
      </trkpt>
      <trkpt lat="43.986239998" lon="7.356642004">
        <ele>1038.99</ele>
      </trkpt>
      <trkpt lat="43.986194004" lon="7.356719007">
        <ele>1038.64</ele>
      </trkpt>
      <trkpt lat="43.986120003" lon="7.356836998">
        <ele>1034.23</ele>
      </trkpt>
      <trkpt lat="43.986091" lon="7.356906999">
        <ele>1034.44</ele>
      </trkpt>
      <trkpt lat="43.986077995" lon="7.356975002">
        <ele>1034.75</ele>
      </trkpt>
      <trkpt lat="43.986079001" lon="7.357044002">
        <ele>1035.24</ele>
      </trkpt>
      <trkpt lat="43.986087994" lon="7.357105998">
        <ele>1033.7</ele>
      </trkpt>
      <trkpt lat="43.986113002" lon="7.357199006">
        <ele>1032.46</ele>
      </trkpt>
      <trkpt lat="43.986273999" lon="7.357527002">
        <ele>1031.59</ele>
      </trkpt>
      <trkpt lat="43.98644" lon="7.357863997">
        <ele>1031.85</ele>
      </trkpt>
      <trkpt lat="43.986498995" lon="7.357938995">
        <ele>1032.98</ele>
      </trkpt>
      <trkpt lat="43.986551995" lon="7.357981002">
        <ele>1034.13</ele>
      </trkpt>
      <trkpt lat="43.986600998" lon="7.358007996">
        <ele>1036.37</ele>
      </trkpt>
      <trkpt lat="43.986710999" lon="7.358047998">
        <ele>1039.06</ele>
      </trkpt>
      <trkpt lat="43.986814999" lon="7.35809">
        <ele>1041.35</ele>
      </trkpt>
      <trkpt lat="43.986872002" lon="7.358132001">
        <ele>1043.97</ele>
      </trkpt>
      <trkpt lat="43.986937002" lon="7.358204001">
        <ele>1045.87</ele>
      </trkpt>
      <trkpt lat="43.987169001" lon="7.358558999">
        <ele>1046.93</ele>
      </trkpt>
      <trkpt lat="43.987215006" lon="7.358619997">
        <ele>1049.07</ele>
      </trkpt>
      <trkpt lat="43.987276998" lon="7.358670008">
        <ele>1050.8</ele>
      </trkpt>
      <trkpt lat="43.987457997" lon="7.358780999">
        <ele>1051.67</ele>
      </trkpt>
      <trkpt lat="43.987522" lon="7.358838006">
        <ele>1054.14</ele>
      </trkpt>
      <trkpt lat="43.987572004" lon="7.358921008">
        <ele>1056.07</ele>
      </trkpt>
      <trkpt lat="43.987599999" lon="7.358993998">
        <ele>1055.9</ele>
      </trkpt>
      <trkpt lat="43.987608999" lon="7.359074998">
        <ele>1054.64</ele>
      </trkpt>
      <trkpt lat="43.987601003" lon="7.359175995">
        <ele>1055.88</ele>
      </trkpt>
      <trkpt lat="43.987566994" lon="7.359359006">
        <ele>1055.01</ele>
      </trkpt>
      <trkpt lat="43.987544004" lon="7.359493998">
        <ele>1054.24</ele>
      </trkpt>
      <trkpt lat="43.987541" lon="7.359614003">
        <ele>1053.67</ele>
      </trkpt>
      <trkpt lat="43.987550996" lon="7.359696003">
        <ele>1056.08</ele>
      </trkpt>
      <trkpt lat="43.987574001" lon="7.359760996">
        <ele>1059.22</ele>
      </trkpt>
      <trkpt lat="43.987636995" lon="7.359901996">
        <ele>1062.19</ele>
      </trkpt>
      <trkpt lat="43.987656998" lon="7.359966996">
        <ele>1067.67</ele>
      </trkpt>
      <trkpt lat="43.987666997" lon="7.360062005">
        <ele>1075.61</ele>
      </trkpt>
      <trkpt lat="43.987660002" lon="7.360314999">
        <ele>1077.73</ele>
      </trkpt>
      <trkpt lat="43.987641003" lon="7.360657995">
        <ele>1077.44</ele>
      </trkpt>
      <trkpt lat="43.987630002" lon="7.360789997">
        <ele>1080.09</ele>
      </trkpt>
      <trkpt lat="43.987610998" lon="7.360923996">
        <ele>1082.21</ele>
      </trkpt>
      <trkpt lat="43.987566996" lon="7.361123994">
        <ele>1083.45</ele>
      </trkpt>
      <trkpt lat="43.987521998" lon="7.361238998">
        <ele>1089.59</ele>
      </trkpt>
      <trkpt lat="43.987475006" lon="7.361309992">
        <ele>1095.86</ele>
      </trkpt>
      <trkpt lat="43.987424001" lon="7.361348995">
        <ele>1102.43</ele>
      </trkpt>
      <trkpt lat="43.987371005" lon="7.361368993">
        <ele>1107.72</ele>
      </trkpt>
      <trkpt lat="43.987324999" lon="7.361369003">
        <ele>1111.92</ele>
      </trkpt>
      <trkpt lat="43.987272002" lon="7.361344995">
        <ele>1114.88</ele>
      </trkpt>
      <trkpt lat="43.987217002" lon="7.361298">
        <ele>1117.31</ele>
      </trkpt>
      <trkpt lat="43.987180003" lon="7.36123">
        <ele>1117.92</ele>
      </trkpt>
      <trkpt lat="43.987100994" lon="7.361004992">
        <ele>1116.1</ele>
      </trkpt>
      <trkpt lat="43.987073001" lon="7.360884999">
        <ele>1116.24</ele>
      </trkpt>
      <trkpt lat="43.987052996" lon="7.360710999">
        <ele>1115.59</ele>
      </trkpt>
      <trkpt lat="43.987031999" lon="7.360585999">
        <ele>1114.09</ele>
      </trkpt>
      <trkpt lat="43.986999995" lon="7.360479994">
        <ele>1111.56</ele>
      </trkpt>
      <trkpt lat="43.986965999" lon="7.360409003">
        <ele>1108.72</ele>
      </trkpt>
      <trkpt lat="43.986919999" lon="7.360356007">
        <ele>1108.23</ele>
      </trkpt>
      <trkpt lat="43.986771998" lon="7.360191997">
        <ele>1109.89</ele>
      </trkpt>
      <trkpt lat="43.986592004" lon="7.359996002">
        <ele>1107.19</ele>
      </trkpt>
      <trkpt lat="43.986548998" lon="7.359956993">
        <ele>1109.84</ele>
      </trkpt>
      <trkpt lat="43.986526996" lon="7.359952">
        <ele>1117.21</ele>
      </trkpt>
      <trkpt lat="43.986343999" lon="7.359952997">
        <ele>1116.85</ele>
      </trkpt>
      <trkpt lat="43.986260999" lon="7.359949003">
        <ele>1116.22</ele>
      </trkpt>
      <trkpt lat="43.986224997" lon="7.359937995">
        <ele>1121.59</ele>
      </trkpt>
      <trkpt lat="43.986186004" lon="7.359916996">
        <ele>1122.41</ele>
      </trkpt>
      <trkpt lat="43.986006004" lon="7.359788003">
        <ele>1121.83</ele>
      </trkpt>
      <trkpt lat="43.985834997" lon="7.359689998">
        <ele>1125.01</ele>
      </trkpt>
      <trkpt lat="43.985752002" lon="7.359659002">
        <ele>1126.01</ele>
      </trkpt>
      <trkpt lat="43.985497004" lon="7.359582994">
        <ele>1127.36</ele>
      </trkpt>
      <trkpt lat="43.985336004" lon="7.359529">
        <ele>1126.03</ele>
      </trkpt>
      <trkpt lat="43.985216999" lon="7.359495998">
        <ele>1124.65</ele>
      </trkpt>
      <trkpt lat="43.985115999" lon="7.359491999">
        <ele>1121.66</ele>
      </trkpt>
      <trkpt lat="43.985036001" lon="7.359502005">
        <ele>1120.57</ele>
      </trkpt>
      <trkpt lat="43.984846996" lon="7.359536998">
        <ele>1118.51</ele>
      </trkpt>
      <trkpt lat="43.984785002" lon="7.359539007">
        <ele>1119.36</ele>
      </trkpt>
      <trkpt lat="43.984740998" lon="7.359532006">
        <ele>1119.94</ele>
      </trkpt>
      <trkpt lat="43.984660003" lon="7.359505995">
        <ele>1119.04</ele>
      </trkpt>
      <trkpt lat="43.984589002" lon="7.359504006">
        <ele>1117.78</ele>
      </trkpt>
      <trkpt lat="43.984515997" lon="7.359512">
        <ele>1116.17</ele>
      </trkpt>
      <trkpt lat="43.984455005" lon="7.359544008">
        <ele>1113.73</ele>
      </trkpt>
      <trkpt lat="43.984413" lon="7.359582001">
        <ele>1110.46</ele>
      </trkpt>
      <trkpt lat="43.984352004" lon="7.359661995">
        <ele>1109.36</ele>
      </trkpt>
      <trkpt lat="43.984306002" lon="7.359757005">
        <ele>1107.52</ele>
      </trkpt>
      <trkpt lat="43.984267998" lon="7.359870005">
        <ele>1105.08</ele>
      </trkpt>
      <trkpt lat="43.984237998" lon="7.360004003">
        <ele>1104.91</ele>
      </trkpt>
      <trkpt lat="43.984219" lon="7.360132002">
        <ele>1104.3</ele>
      </trkpt>
      <trkpt lat="43.984210997" lon="7.360236999">
        <ele>1104.09</ele>
      </trkpt>
      <trkpt lat="43.984218996" lon="7.360404003">
        <ele>1105.36</ele>
      </trkpt>
      <trkpt lat="43.984220999" lon="7.360441008">
        <ele>1106.1</ele>
      </trkpt>
      <trkpt lat="43.984258997" lon="7.360771008">
        <ele>1108.79</ele>
      </trkpt>
      <trkpt lat="43.984290004" lon="7.361030005">
        <ele>1111.22</ele>
      </trkpt>
      <trkpt lat="43.984310005" lon="7.361239998">
        <ele>1114.72</ele>
      </trkpt>
      <trkpt lat="43.984326994" lon="7.361429">
        <ele>1117.05</ele>
      </trkpt>
      <trkpt lat="43.984343996" lon="7.361545">
        <ele>1120.06</ele>
      </trkpt>
      <trkpt lat="43.984367001" lon="7.361632998">
        <ele>1118.53</ele>
      </trkpt>
      <trkpt lat="43.984408006" lon="7.361755992">
        <ele>1119.07</ele>
      </trkpt>
      <trkpt lat="43.984452999" lon="7.361886994">
        <ele>1118.23</ele>
      </trkpt>
      <trkpt lat="43.984482" lon="7.361999994">
        <ele>1117.28</ele>
      </trkpt>
      <trkpt lat="43.984496002" lon="7.362091996">
        <ele>1117.53</ele>
      </trkpt>
      <trkpt lat="43.984503" lon="7.362183999">
        <ele>1119.25</ele>
      </trkpt>
      <trkpt lat="43.984503999" lon="7.362451997">
        <ele>1118.1</ele>
      </trkpt>
      <trkpt lat="43.984507996" lon="7.362753006">
        <ele>1119.44</ele>
      </trkpt>
      <trkpt lat="43.984513004" lon="7.363041996">
        <ele>1120.99</ele>
      </trkpt>
      <trkpt lat="43.984522999" lon="7.363227993">
        <ele>1121.12</ele>
      </trkpt>
      <trkpt lat="43.984533" lon="7.363301001">
        <ele>1123.69</ele>
      </trkpt>
      <trkpt lat="43.984564999" lon="7.363419">
        <ele>1127.5</ele>
      </trkpt>
      <trkpt lat="43.984614" lon="7.363613003">
        <ele>1128.92</ele>
      </trkpt>
      <trkpt lat="43.984649998" lon="7.363768997">
        <ele>1130.32</ele>
      </trkpt>
      <trkpt lat="43.984667002" lon="7.363872004">
        <ele>1134.7</ele>
      </trkpt>
      <trkpt lat="43.984664999" lon="7.363956002">
        <ele>1135.73</ele>
      </trkpt>
      <trkpt lat="43.984654996" lon="7.364055004">
        <ele>1137.44</ele>
      </trkpt>
      <trkpt lat="43.984632001" lon="7.364161999">
        <ele>1140.34</ele>
      </trkpt>
      <trkpt lat="43.984605995" lon="7.364248003">
        <ele>1143.77</ele>
      </trkpt>
      <trkpt lat="43.984557006" lon="7.364342994">
        <ele>1145.71</ele>
      </trkpt>
      <trkpt lat="43.984523997" lon="7.364421995">
        <ele>1148</ele>
      </trkpt>
      <trkpt lat="43.984507004" lon="7.364491999">
        <ele>1150.33</ele>
      </trkpt>
      <trkpt lat="43.984509" lon="7.364541998">
        <ele>1151.81</ele>
      </trkpt>
      <trkpt lat="43.984523995" lon="7.364579999">
        <ele>1153.58</ele>
      </trkpt>
      <trkpt lat="43.984549002" lon="7.364606995">
        <ele>1154.19</ele>
      </trkpt>
      <trkpt lat="43.984593998" lon="7.364615998">
        <ele>1154.16</ele>
      </trkpt>
      <trkpt lat="43.984627995" lon="7.364604996">
        <ele>1153.45</ele>
      </trkpt>
      <trkpt lat="43.984648001" lon="7.364576007">
        <ele>1150.33</ele>
      </trkpt>
      <trkpt lat="43.984675994" lon="7.364475">
        <ele>1146.67</ele>
      </trkpt>
      <trkpt lat="43.984697001" lon="7.364364994">
        <ele>1143.39</ele>
      </trkpt>
      <trkpt lat="43.984727998" lon="7.364247003">
        <ele>1138.78</ele>
      </trkpt>
      <trkpt lat="43.984784995" lon="7.364076999">
        <ele>1137.93</ele>
      </trkpt>
      <trkpt lat="43.984857" lon="7.363872005">
        <ele>1140.23</ele>
      </trkpt>
      <trkpt lat="43.984877001" lon="7.363769999">
        <ele>1143.28</ele>
      </trkpt>
      <trkpt lat="43.984882003" lon="7.363681998">
        <ele>1144.26</ele>
      </trkpt>
      <trkpt lat="43.984880006" lon="7.363592999">
        <ele>1145.78</ele>
      </trkpt>
      <trkpt lat="43.984863002" lon="7.363410996">
        <ele>1141.58</ele>
      </trkpt>
      <trkpt lat="43.984851995" lon="7.363193">
        <ele>1140.16</ele>
      </trkpt>
      <trkpt lat="43.984854997" lon="7.363121">
        <ele>1138.5</ele>
      </trkpt>
      <trkpt lat="43.984866997" lon="7.363045994">
        <ele>1140.32</ele>
      </trkpt>
      <trkpt lat="43.984880995" lon="7.362974">
        <ele>1142.64</ele>
      </trkpt>
      <trkpt lat="43.984929998" lon="7.362766006">
        <ele>1146.6</ele>
      </trkpt>
      <trkpt lat="43.985032003" lon="7.362382995">
        <ele>1149.3</ele>
      </trkpt>
      <trkpt lat="43.985133999" lon="7.361996997">
        <ele>1149.88</ele>
      </trkpt>
      <trkpt lat="43.985238997" lon="7.361641002">
        <ele>1150.06</ele>
      </trkpt>
      <trkpt lat="43.985326995" lon="7.361329007">
        <ele>1148.4</ele>
      </trkpt>
      <trkpt lat="43.985363002" lon="7.361161999">
        <ele>1148.43</ele>
      </trkpt>
      <trkpt lat="43.98538" lon="7.361033994">
        <ele>1146.84</ele>
      </trkpt>
      <trkpt lat="43.985389003" lon="7.360870997">
        <ele>1151.02</ele>
      </trkpt>
      <trkpt lat="43.985407999" lon="7.360746004">
        <ele>1154.18</ele>
      </trkpt>
      <trkpt lat="43.985432996" lon="7.360680007">
        <ele>1156.12</ele>
      </trkpt>
      <trkpt lat="43.985458999" lon="7.360650002">
        <ele>1157.16</ele>
      </trkpt>
      <trkpt lat="43.985489002" lon="7.360630003">
        <ele>1160.44</ele>
      </trkpt>
      <trkpt lat="43.985535001" lon="7.360633999">
        <ele>1159.3</ele>
      </trkpt>
      <trkpt lat="43.985569999" lon="7.360646004">
        <ele>1157.92</ele>
      </trkpt>
      <trkpt lat="43.985596995" lon="7.360659993">
        <ele>1160</ele>
      </trkpt>
      <trkpt lat="43.985612002" lon="7.360681004">
        <ele>1161.92</ele>
      </trkpt>
      <trkpt lat="43.985620994" lon="7.360703002">
        <ele>1160.71</ele>
      </trkpt>
      <trkpt lat="43.985624999" lon="7.360742008">
        <ele>1159.13</ele>
      </trkpt>
      <trkpt lat="43.985616002" lon="7.360810005">
        <ele>1160.84</ele>
      </trkpt>
      <trkpt lat="43.985551003" lon="7.360994993">
        <ele>1161.98</ele>
      </trkpt>
      <trkpt lat="43.985513001" lon="7.361149004">
        <ele>1162.41</ele>
      </trkpt>
      <trkpt lat="43.985490001" lon="7.361251008">
        <ele>1165.69</ele>
      </trkpt>
      <trkpt lat="43.985471003" lon="7.361374003">
        <ele>1167.99</ele>
      </trkpt>
      <trkpt lat="43.985451996" lon="7.361631997">
        <ele>1169.65</ele>
      </trkpt>
      <trkpt lat="43.985443997" lon="7.361830999">
        <ele>1172.07</ele>
      </trkpt>
      <trkpt lat="43.985442996" lon="7.362029002">
        <ele>1175.76</ele>
      </trkpt>
      <trkpt lat="43.985438999" lon="7.362493003">
        <ele>1175.52</ele>
      </trkpt>
      <trkpt lat="43.985435" lon="7.362877994">
        <ele>1179.5</ele>
      </trkpt>
      <trkpt lat="43.985438997" lon="7.363034996">
        <ele>1179.16</ele>
      </trkpt>
      <trkpt lat="43.985464003" lon="7.363227002">
        <ele>1178.12</ele>
      </trkpt>
      <trkpt lat="43.985509001" lon="7.363432998">
        <ele>1179.51</ele>
      </trkpt>
      <trkpt lat="43.985521004" lon="7.363507996">
        <ele>1180.76</ele>
      </trkpt>
      <trkpt lat="43.985522001" lon="7.363676004">
        <ele>1182.71</ele>
      </trkpt>
      <trkpt lat="43.985503002" lon="7.363846999">
        <ele>1179.13</ele>
      </trkpt>
      <trkpt lat="43.985453003" lon="7.364065004">
        <ele>1179.53</ele>
      </trkpt>
      <trkpt lat="43.985399996" lon="7.364309993">
        <ele>1176.14</ele>
      </trkpt>
      <trkpt lat="43.985359002" lon="7.364486006">
        <ele>1173.51</ele>
      </trkpt>
      <trkpt lat="43.985344006" lon="7.364594002">
        <ele>1166.97</ele>
      </trkpt>
      <trkpt lat="43.985341002" lon="7.364670996">
        <ele>1170.21</ele>
      </trkpt>
      <trkpt lat="43.985345996" lon="7.364738004">
        <ele>1172.43</ele>
      </trkpt>
      <trkpt lat="43.985391995" lon="7.364919997">
        <ele>1177.37</ele>
      </trkpt>
      <trkpt lat="43.985455001" lon="7.365136999">
        <ele>1182.13</ele>
      </trkpt>
      <trkpt lat="43.985505997" lon="7.365361995">
        <ele>1187.07</ele>
      </trkpt>
      <trkpt lat="43.985534997" lon="7.365494998">
        <ele>1192.25</ele>
      </trkpt>
      <trkpt lat="43.985545002" lon="7.365562004">
        <ele>1194.07</ele>
      </trkpt>
      <trkpt lat="43.985545996" lon="7.365679003">
        <ele>1195.73</ele>
      </trkpt>
      <trkpt lat="43.985538997" lon="7.365896995">
        <ele>1197.67</ele>
      </trkpt>
      <trkpt lat="43.985517003" lon="7.366233994">
        <ele>1203.16</ele>
      </trkpt>
      <trkpt lat="43.985489999" lon="7.366454996">
        <ele>1206.59</ele>
      </trkpt>
      <trkpt lat="43.985449998" lon="7.366694002">
        <ele>1211.97</ele>
      </trkpt>
      <trkpt lat="43.985418999" lon="7.366896996">
        <ele>1216.81</ele>
      </trkpt>
      <trkpt lat="43.985400998" lon="7.366965999">
        <ele>1223.7</ele>
      </trkpt>
      <trkpt lat="43.985378004" lon="7.367025994">
        <ele>1228.39</ele>
      </trkpt>
      <trkpt lat="43.985322997" lon="7.367084994">
        <ele>1233.3</ele>
      </trkpt>
      <trkpt lat="43.985276998" lon="7.367111003">
        <ele>1237.9</ele>
      </trkpt>
      <trkpt lat="43.985232001" lon="7.367125005">
        <ele>1241.9</ele>
      </trkpt>
      <trkpt lat="43.985191" lon="7.367129002">
        <ele>1245.55</ele>
      </trkpt>
      <trkpt lat="43.985149995" lon="7.367115996">
        <ele>1248.37</ele>
      </trkpt>
      <trkpt lat="43.985110001" lon="7.367086002">
        <ele>1250.1</ele>
      </trkpt>
      <trkpt lat="43.985066" lon="7.367037">
        <ele>1250.52</ele>
      </trkpt>
      <trkpt lat="43.985005998" lon="7.366917">
        <ele>1249.26</ele>
      </trkpt>
      <trkpt lat="43.984897998" lon="7.366691005">
        <ele>1247.25</ele>
      </trkpt>
      <trkpt lat="43.984770002" lon="7.366495997">
        <ele>1246.12</ele>
      </trkpt>
      <trkpt lat="43.984631998" lon="7.366327">
        <ele>1245.83</ele>
      </trkpt>
      <trkpt lat="43.984454994" lon="7.366115991">
        <ele>1243.34</ele>
      </trkpt>
      <trkpt lat="43.984322001" lon="7.365983995">
        <ele>1244.13</ele>
      </trkpt>
      <trkpt lat="43.984255003" lon="7.365917003">
        <ele>1246.88</ele>
      </trkpt>
      <trkpt lat="43.984169" lon="7.365855995">
        <ele>1247.62</ele>
      </trkpt>
      <trkpt lat="43.984079005" lon="7.365815005">
        <ele>1250.52</ele>
      </trkpt>
      <trkpt lat="43.983958995" lon="7.365772">
        <ele>1257.58</ele>
      </trkpt>
      <trkpt lat="43.983854995" lon="7.365747001">
        <ele>1263.28</ele>
      </trkpt>
      <trkpt lat="43.983801998" lon="7.365714002">
        <ele>1264.48</ele>
      </trkpt>
      <trkpt lat="43.983775003" lon="7.365692996">
        <ele>1266.27</ele>
      </trkpt>
      <trkpt lat="43.983737996" lon="7.365622999">
        <ele>1265.01</ele>
      </trkpt>
      <trkpt lat="43.983699005" lon="7.365527995">
        <ele>1262.42</ele>
      </trkpt>
      <trkpt lat="43.983655005" lon="7.365432009">
        <ele>1259.33</ele>
      </trkpt>
      <trkpt lat="43.983628006" lon="7.365386997">
        <ele>1258.98</ele>
      </trkpt>
      <trkpt lat="43.983596002" lon="7.365355994">
        <ele>1260.61</ele>
      </trkpt>
      <trkpt lat="43.983538997" lon="7.365329006">
        <ele>1263.41</ele>
      </trkpt>
      <trkpt lat="43.983421001" lon="7.365291999">
        <ele>1264.61</ele>
      </trkpt>
      <trkpt lat="43.983347002" lon="7.365259002">
        <ele>1261.75</ele>
      </trkpt>
      <trkpt lat="43.983271002" lon="7.365205004">
        <ele>1260.43</ele>
      </trkpt>
      <trkpt lat="43.983180995" lon="7.365126003">
        <ele>1259.87</ele>
      </trkpt>
      <trkpt lat="43.983098002" lon="7.365067001">
        <ele>1260.44</ele>
      </trkpt>
      <trkpt lat="43.983011" lon="7.365030997">
        <ele>1259.05</ele>
      </trkpt>
      <trkpt lat="43.982942001" lon="7.365016996">
        <ele>1263.77</ele>
      </trkpt>
      <trkpt lat="43.982856996" lon="7.365014002">
        <ele>1267.81</ele>
      </trkpt>
      <trkpt lat="43.982764997" lon="7.365001996">
        <ele>1265.84</ele>
      </trkpt>
      <trkpt lat="43.982705998" lon="7.364979998">
        <ele>1263.33</ele>
      </trkpt>
      <trkpt lat="43.982638004" lon="7.364928">
        <ele>1261.98</ele>
      </trkpt>
      <trkpt lat="43.982569004" lon="7.364842995">
        <ele>1258.81</ele>
      </trkpt>
      <trkpt lat="43.982497999" lon="7.364717005">
        <ele>1254.85</ele>
      </trkpt>
      <trkpt lat="43.982448001" lon="7.364615006">
        <ele>1252.91</ele>
      </trkpt>
      <trkpt lat="43.982380996" lon="7.364498997">
        <ele>1250.1</ele>
      </trkpt>
      <trkpt lat="43.982317" lon="7.364441003">
        <ele>1250.12</ele>
      </trkpt>
      <trkpt lat="43.982269997" lon="7.364414994">
        <ele>1250.11</ele>
      </trkpt>
      <trkpt lat="43.982233997" lon="7.364408004">
        <ele>1249.8</ele>
      </trkpt>
      <trkpt lat="43.982197001" lon="7.364409001">
        <ele>1251.33</ele>
      </trkpt>
      <trkpt lat="43.982154" lon="7.364436003">
        <ele>1252.45</ele>
      </trkpt>
      <trkpt lat="43.982124003" lon="7.364465998">
        <ele>1249.85</ele>
      </trkpt>
      <trkpt lat="43.982095003" lon="7.364510999">
        <ele>1246.86</ele>
      </trkpt>
      <trkpt lat="43.982067001" lon="7.364584001">
        <ele>1243.48</ele>
      </trkpt>
      <trkpt lat="43.982045998" lon="7.364669997">
        <ele>1244.16</ele>
      </trkpt>
      <trkpt lat="43.982023006" lon="7.364768998">
        <ele>1246.4</ele>
      </trkpt>
      <trkpt lat="43.981986003" lon="7.364831998">
        <ele>1247.51</ele>
      </trkpt>
      <trkpt lat="43.98186" lon="7.364971002">
        <ele>1254.91</ele>
      </trkpt>
      <trkpt lat="43.981711002" lon="7.365129002">
        <ele>1257.98</ele>
      </trkpt>
      <trkpt lat="43.981545005" lon="7.365302999">
        <ele>1257.53</ele>
      </trkpt>
      <trkpt lat="43.981358996" lon="7.365521">
        <ele>1255.9</ele>
      </trkpt>
      <trkpt lat="43.981157003" lon="7.365785995">
        <ele>1258.43</ele>
      </trkpt>
      <trkpt lat="43.980818005" lon="7.366147002">
        <ele>1249.94</ele>
      </trkpt>
      <trkpt lat="43.980729996" lon="7.366229994">
        <ele>1245.54</ele>
      </trkpt>
      <trkpt lat="43.980670995" lon="7.366286998">
        <ele>1240.11</ele>
      </trkpt>
      <trkpt lat="43.980647" lon="7.366330996">
        <ele>1233.79</ele>
      </trkpt>
      <trkpt lat="43.980641001" lon="7.366368995">
        <ele>1227.4</ele>
      </trkpt>
      <trkpt lat="43.980646" lon="7.366416001">
        <ele>1225.48</ele>
      </trkpt>
      <trkpt lat="43.980664001" lon="7.366455004">
        <ele>1233.58</ele>
      </trkpt>
      <trkpt lat="43.980690004" lon="7.366485008">
        <ele>1241.79</ele>
      </trkpt>
      <trkpt lat="43.980724001" lon="7.366501995">
        <ele>1245.31</ele>
      </trkpt>
      <trkpt lat="43.980760999" lon="7.366504993">
        <ele>1249.57</ele>
      </trkpt>
      <trkpt lat="43.980793" lon="7.366487998">
        <ele>1254.61</ele>
      </trkpt>
      <trkpt lat="43.980825999" lon="7.366441995">
        <ele>1250.94</ele>
      </trkpt>
      <trkpt lat="43.980851002" lon="7.36638">
        <ele>1248.01</ele>
      </trkpt>
      <trkpt lat="43.980891004" lon="7.366244009">
        <ele>1250.41</ele>
      </trkpt>
      <trkpt lat="43.980924995" lon="7.366161007">
        <ele>1251.94</ele>
      </trkpt>
      <trkpt lat="43.980965999" lon="7.36611">
        <ele>1252.05</ele>
      </trkpt>
      <trkpt lat="43.98104" lon="7.366055006">
        <ele>1257.17</ele>
      </trkpt>
      <trkpt lat="43.981156998" lon="7.365966995">
        <ele>1258.87</ele>
      </trkpt>
      <trkpt lat="43.981315002" lon="7.365838999">
        <ele>1264.07</ele>
      </trkpt>
      <trkpt lat="43.981567999" lon="7.365634997">
        <ele>1268.35</ele>
      </trkpt>
      <trkpt lat="43.981861003" lon="7.365430002">
        <ele>1278.37</ele>
      </trkpt>
      <trkpt lat="43.982037996" lon="7.365344003">
        <ele>1281.98</ele>
      </trkpt>
      <trkpt lat="43.982094996" lon="7.365326002">
        <ele>1288.28</ele>
      </trkpt>
      <trkpt lat="43.98214" lon="7.365303">
        <ele>1284.21</ele>
      </trkpt>
      <trkpt lat="43.982185003" lon="7.365239003">
        <ele>1281.05</ele>
      </trkpt>
      <trkpt lat="43.982239994" lon="7.365179004">
        <ele>1272.13</ele>
      </trkpt>
      <trkpt lat="43.982277" lon="7.365156999">
        <ele>1263.08</ele>
      </trkpt>
      <trkpt lat="43.982332002" lon="7.365152002">
        <ele>1260.54</ele>
      </trkpt>
      <trkpt lat="43.982361001" lon="7.365163">
        <ele>1264.44</ele>
      </trkpt>
      <trkpt lat="43.982381997" lon="7.36519">
        <ele>1273.05</ele>
      </trkpt>
      <trkpt lat="43.982392997" lon="7.365212002">
        <ele>1282.68</ele>
      </trkpt>
      <trkpt lat="43.982395999" lon="7.365255997">
        <ele>1293.15</ele>
      </trkpt>
      <trkpt lat="43.982390005" lon="7.365285997">
        <ele>1293.32</ele>
      </trkpt>
      <trkpt lat="43.982366997" lon="7.365321995">
        <ele>1294.76</ele>
      </trkpt>
      <trkpt lat="43.982340998" lon="7.365339001">
        <ele>1288.66</ele>
      </trkpt>
      <trkpt lat="43.982235003" lon="7.365390996">
        <ele>1283.26</ele>
      </trkpt>
      <trkpt lat="43.982027999" lon="7.365491997">
        <ele>1277.96</ele>
      </trkpt>
      <trkpt lat="43.98193" lon="7.365538999">
        <ele>1271.52</ele>
      </trkpt>
      <trkpt lat="43.981864999" lon="7.365585996">
        <ele>1269.88</ele>
      </trkpt>
      <trkpt lat="43.981805005" lon="7.365645997">
        <ele>1272.8</ele>
      </trkpt>
      <trkpt lat="43.981758004" lon="7.365706994">
        <ele>1269</ele>
      </trkpt>
      <trkpt lat="43.981644005" lon="7.365850997">
        <ele>1271.41</ele>
      </trkpt>
      <trkpt lat="43.981511995" lon="7.366023004">
        <ele>1278.33</ele>
      </trkpt>
      <trkpt lat="43.981403" lon="7.366169">
        <ele>1278.78</ele>
      </trkpt>
      <trkpt lat="43.981269996" lon="7.366369004">
        <ele>1277.56</ele>
      </trkpt>
      <trkpt lat="43.981196995" lon="7.366521003">
        <ele>1281.96</ele>
      </trkpt>
      <trkpt lat="43.981177001" lon="7.366595004">
        <ele>1279.35</ele>
      </trkpt>
      <trkpt lat="43.981169003" lon="7.366642001">
        <ele>1278.99</ele>
      </trkpt>
      <trkpt lat="43.981159999" lon="7.366696996">
        <ele>1283.39</ele>
      </trkpt>
      <trkpt lat="43.981120003" lon="7.367123002">
        <ele>1287.71</ele>
      </trkpt>
      <trkpt lat="43.981098002" lon="7.367432999">
        <ele>1292.23</ele>
      </trkpt>
      <trkpt lat="43.981075997" lon="7.367599006">
        <ele>1297.13</ele>
      </trkpt>
      <trkpt lat="43.981059998" lon="7.367677007">
        <ele>1305.79</ele>
      </trkpt>
      <trkpt lat="43.981042001" lon="7.367744994">
        <ele>1306.15</ele>
      </trkpt>
      <trkpt lat="43.981000996" lon="7.367825996">
        <ele>1307.44</ele>
      </trkpt>
      <trkpt lat="43.980955995" lon="7.367889004">
        <ele>1308.96</ele>
      </trkpt>
      <trkpt lat="43.980909999" lon="7.367927993">
        <ele>1310.91</ele>
      </trkpt>
      <trkpt lat="43.980899998" lon="7.367936002">
        <ele>1307.94</ele>
      </trkpt>
      <trkpt lat="43.980853004" lon="7.367963006">
        <ele>1309.6</ele>
      </trkpt>
      <trkpt lat="43.980809997" lon="7.367973002">
        <ele>1311.53</ele>
      </trkpt>
      <trkpt lat="43.980760003" lon="7.367964999">
        <ele>1310.07</ele>
      </trkpt>
      <trkpt lat="43.980699005" lon="7.367938002">
        <ele>1308.78</ele>
      </trkpt>
      <trkpt lat="43.980628997" lon="7.367908005">
        <ele>1307.57</ele>
      </trkpt>
      <trkpt lat="43.980574998" lon="7.367900993">
        <ele>1306.2</ele>
      </trkpt>
      <trkpt lat="43.980522006" lon="7.367908002">
        <ele>1304.38</ele>
      </trkpt>
      <trkpt lat="43.980480006" lon="7.367920996">
        <ele>1301.56</ele>
      </trkpt>
      <trkpt lat="43.980447997" lon="7.367941996">
        <ele>1298.24</ele>
      </trkpt>
      <trkpt lat="43.980414003" lon="7.367982005">
        <ele>1300.29</ele>
      </trkpt>
      <trkpt lat="43.980381" lon="7.368044996">
        <ele>1304.42</ele>
      </trkpt>
      <trkpt lat="43.980311998" lon="7.368213001">
        <ele>1312.21</ele>
      </trkpt>
      <trkpt lat="43.980230997" lon="7.368415998">
        <ele>1325.72</ele>
      </trkpt>
      <trkpt lat="43.980140004" lon="7.368620001">
        <ele>1340.27</ele>
      </trkpt>
      <trkpt lat="43.980094001" lon="7.368720003">
        <ele>1349.83</ele>
      </trkpt>
      <trkpt lat="43.980049003" lon="7.368778004">
        <ele>1357.48</ele>
      </trkpt>
      <trkpt lat="43.980006" lon="7.368812004">
        <ele>1361.74</ele>
      </trkpt>
      <trkpt lat="43.979975998" lon="7.368827003">
        <ele>1364.79</ele>
      </trkpt>
      <trkpt lat="43.979939" lon="7.368833003">
        <ele>1366.83</ele>
      </trkpt>
      <trkpt lat="43.979916004" lon="7.368829005">
        <ele>1368.15</ele>
      </trkpt>
      <trkpt lat="43.979902997" lon="7.368826996">
        <ele>1371.03</ele>
      </trkpt>
      <trkpt lat="43.979874002" lon="7.368814999">
        <ele>1373.46</ele>
      </trkpt>
      <trkpt lat="43.979837995" lon="7.368786997">
        <ele>1375.67</ele>
      </trkpt>
      <trkpt lat="43.979791999" lon="7.368741004">
        <ele>1378.07</ele>
      </trkpt>
      <trkpt lat="43.979729997" lon="7.368673998">
        <ele>1375.27</ele>
      </trkpt>
      <trkpt lat="43.979624997" lon="7.368546">
        <ele>1374.45</ele>
      </trkpt>
      <trkpt lat="43.979518995" lon="7.368432007">
        <ele>1375.09</ele>
      </trkpt>
      <trkpt lat="43.979397999" lon="7.368293996">
        <ele>1365.23</ele>
      </trkpt>
      <trkpt lat="43.979352002" lon="7.368214001">
        <ele>1355.44</ele>
      </trkpt>
      <trkpt lat="43.979302999" lon="7.368112006">
        <ele>1350.97</ele>
      </trkpt>
      <trkpt lat="43.979235996" lon="7.367969">
        <ele>1343.07</ele>
      </trkpt>
      <trkpt lat="43.979213003" lon="7.367939001">
        <ele>1334.48</ele>
      </trkpt>
      <trkpt lat="43.979167006" lon="7.367907002">
        <ele>1337.17</ele>
      </trkpt>
      <trkpt lat="43.979117998" lon="7.367889001">
        <ele>1340.08</ele>
      </trkpt>
      <trkpt lat="43.979072996" lon="7.367886">
        <ele>1340.75</ele>
      </trkpt>
      <trkpt lat="43.979039" lon="7.367891993">
        <ele>1341.98</ele>
      </trkpt>
      <trkpt lat="43.978982999" lon="7.367917007">
        <ele>1343.58</ele>
      </trkpt>
      <trkpt lat="43.978910001" lon="7.367969003">
        <ele>1345.35</ele>
      </trkpt>
      <trkpt lat="43.978840998" lon="7.368016">
        <ele>1342.9</ele>
      </trkpt>
      <trkpt lat="43.978781999" lon="7.368047001">
        <ele>1343.11</ele>
      </trkpt>
      <trkpt lat="43.978742004" lon="7.368051997">
        <ele>1342.8</ele>
      </trkpt>
      <trkpt lat="43.978693" lon="7.368049001">
        <ele>1342.37</ele>
      </trkpt>
      <trkpt lat="43.978647005" lon="7.368035001">
        <ele>1342.14</ele>
      </trkpt>
      <trkpt lat="43.978578001" lon="7.368010999">
        <ele>1341.95</ele>
      </trkpt>
      <trkpt lat="43.978503999" lon="7.367962997">
        <ele>1341.85</ele>
      </trkpt>
      <trkpt lat="43.978426006" lon="7.367902993">
        <ele>1342</ele>
      </trkpt>
      <trkpt lat="43.978376" lon="7.367875005">
        <ele>1341.73</ele>
      </trkpt>
      <trkpt lat="43.978311999" lon="7.367858002">
        <ele>1340.82</ele>
      </trkpt>
      <trkpt lat="43.978268001" lon="7.367860994">
        <ele>1343.8</ele>
      </trkpt>
      <trkpt lat="43.978228002" lon="7.367873992">
        <ele>1340.69</ele>
      </trkpt>
      <trkpt lat="43.9782" lon="7.367895998">
        <ele>1336.83</ele>
      </trkpt>
      <trkpt lat="43.978169001" lon="7.367926">
        <ele>1332.5</ele>
      </trkpt>
      <trkpt lat="43.978123002" lon="7.368007002">
        <ele>1336.94</ele>
      </trkpt>
      <trkpt lat="43.978084998" lon="7.368088005">
        <ele>1342.54</ele>
      </trkpt>
      <trkpt lat="43.978011002" lon="7.368224003">
        <ele>1345.31</ele>
      </trkpt>
      <trkpt lat="43.977951006" lon="7.368323004">
        <ele>1349.5</ele>
      </trkpt>
      <trkpt lat="43.977887996" lon="7.368393002">
        <ele>1355.05</ele>
      </trkpt>
      <trkpt lat="43.977829995" lon="7.368443001">
        <ele>1353.88</ele>
      </trkpt>
      <trkpt lat="43.977777004" lon="7.368474998">
        <ele>1343.79</ele>
      </trkpt>
      <trkpt lat="43.977687002" lon="7.368505005">
        <ele>1346.41</ele>
      </trkpt>
      <trkpt lat="43.977617006" lon="7.368525001">
        <ele>1349.26</ele>
      </trkpt>
      <trkpt lat="43.977424995" lon="7.368566993">
        <ele>1350.77</ele>
      </trkpt>
      <trkpt lat="43.977257996" lon="7.368600007">
        <ele>1345.11</ele>
      </trkpt>
      <trkpt lat="43.977135003" lon="7.368649003">
        <ele>1346.37</ele>
      </trkpt>
      <trkpt lat="43.977083" lon="7.368698">
        <ele>1342.59</ele>
      </trkpt>
      <trkpt lat="43.977020004" lon="7.368778009">
        <ele>1336.4</ele>
      </trkpt>
      <trkpt lat="43.976995001" lon="7.368841996">
        <ele>1329.47</ele>
      </trkpt>
      <trkpt lat="43.976971" lon="7.368919003">
        <ele>1330.99</ele>
      </trkpt>
      <trkpt lat="43.976944002" lon="7.369001997">
        <ele>1335.78</ele>
      </trkpt>
      <trkpt lat="43.976903004" lon="7.369186006">
        <ele>1333.69</ele>
      </trkpt>
      <trkpt lat="43.976834004" lon="7.369490003">
        <ele>1335.87</ele>
      </trkpt>
      <trkpt lat="43.976765004" lon="7.369793999">
        <ele>1342.59</ele>
      </trkpt>
      <trkpt lat="43.976698001" lon="7.370094004">
        <ele>1344.1</ele>
      </trkpt>
      <trkpt lat="43.976626998" lon="7.370382005">
        <ele>1340.93</ele>
      </trkpt>
      <trkpt lat="43.976558998" lon="7.370624004">
        <ele>1349.97</ele>
      </trkpt>
      <trkpt lat="43.976443003" lon="7.370947008">
        <ele>1355.06</ele>
      </trkpt>
      <trkpt lat="43.976369001" lon="7.371160997">
        <ele>1350.88</ele>
      </trkpt>
      <trkpt lat="43.976316002" lon="7.371286005">
        <ele>1353.87</ele>
      </trkpt>
      <trkpt lat="43.976203994" lon="7.371510007">
        <ele>1358.81</ele>
      </trkpt>
      <trkpt lat="43.976089" lon="7.371720999">
        <ele>1357.72</ele>
      </trkpt>
      <trkpt lat="43.975989006" lon="7.371927">
        <ele>1356.13</ele>
      </trkpt>
      <trkpt lat="43.975903002" lon="7.372100997">
        <ele>1358.5</ele>
      </trkpt>
      <trkpt lat="43.975873998" lon="7.372189001">
        <ele>1357.37</ele>
      </trkpt>
      <trkpt lat="43.975848001" lon="7.372345998">
        <ele>1357.29</ele>
      </trkpt>
      <trkpt lat="43.975831004" lon="7.372587999">
        <ele>1356.88</ele>
      </trkpt>
      <trkpt lat="43.975827001" lon="7.372885006">
        <ele>1356.51</ele>
      </trkpt>
      <trkpt lat="43.975834005" lon="7.373066005">
        <ele>1360.15</ele>
      </trkpt>
      <trkpt lat="43.975852999" lon="7.373153999">
        <ele>1361.02</ele>
      </trkpt>
      <trkpt lat="43.975889" lon="7.373233001">
        <ele>1361.79</ele>
      </trkpt>
      <trkpt lat="43.975937004" lon="7.373305997">
        <ele>1364.36</ele>
      </trkpt>
      <trkpt lat="43.976029" lon="7.37338">
        <ele>1367.87</ele>
      </trkpt>
      <trkpt lat="43.976109999" lon="7.373428994">
        <ele>1369.01</ele>
      </trkpt>
      <trkpt lat="43.976178998" lon="7.373454">
        <ele>1370.58</ele>
      </trkpt>
      <trkpt lat="43.976237995" lon="7.373460002">
        <ele>1372</ele>
      </trkpt>
      <trkpt lat="43.976317001" lon="7.373445997">
        <ele>1372.84</ele>
      </trkpt>
      <trkpt lat="43.976408995" lon="7.373423004">
        <ele>1375</ele>
      </trkpt>
      <trkpt lat="43.976570001" lon="7.373371995">
        <ele>1376.38</ele>
      </trkpt>
      <trkpt lat="43.976749001" lon="7.373326998">
        <ele>1378.22</ele>
      </trkpt>
      <trkpt lat="43.976888001" lon="7.373304006">
        <ele>1379.51</ele>
      </trkpt>
      <trkpt lat="43.976971002" lon="7.373276003">
        <ele>1383.21</ele>
      </trkpt>
      <trkpt lat="43.977034005" lon="7.373238002">
        <ele>1383.58</ele>
      </trkpt>
      <trkpt lat="43.977099002" lon="7.373185999">
        <ele>1384.69</ele>
      </trkpt>
      <trkpt lat="43.977158996" lon="7.373124999">
        <ele>1385.69</ele>
      </trkpt>
      <trkpt lat="43.977196999" lon="7.373077003">
        <ele>1387.23</ele>
      </trkpt>
      <trkpt lat="43.977229998" lon="7.373000001">
        <ele>1387.6</ele>
      </trkpt>
      <trkpt lat="43.977308998" lon="7.372779005">
        <ele>1390.51</ele>
      </trkpt>
      <trkpt lat="43.977381999" lon="7.372599999">
        <ele>1390.31</ele>
      </trkpt>
      <trkpt lat="43.977484999" lon="7.372366003">
        <ele>1390.93</ele>
      </trkpt>
      <trkpt lat="43.977563998" lon="7.372153992">
        <ele>1391.63</ele>
      </trkpt>
      <trkpt lat="43.97768" lon="7.371872999">
        <ele>1392.15</ele>
      </trkpt>
      <trkpt lat="43.977741998" lon="7.371692997">
        <ele>1389.64</ele>
      </trkpt>
      <trkpt lat="43.977777" lon="7.371537997">
        <ele>1390.6</ele>
      </trkpt>
      <trkpt lat="43.977794998" lon="7.371402">
        <ele>1390.82</ele>
      </trkpt>
      <trkpt lat="43.977797" lon="7.371294994">
        <ele>1390.72</ele>
      </trkpt>
      <trkpt lat="43.977788002" lon="7.371218">
        <ele>1388.82</ele>
      </trkpt>
      <trkpt lat="43.977750001" lon="7.371102009">
        <ele>1389.4</ele>
      </trkpt>
      <trkpt lat="43.977708003" lon="7.371004995">
        <ele>1389.68</ele>
      </trkpt>
      <trkpt lat="43.977657995" lon="7.370895996">
        <ele>1389.83</ele>
      </trkpt>
      <trkpt lat="43.977651998" lon="7.370842">
        <ele>1389.7</ele>
      </trkpt>
      <trkpt lat="43.977655996" lon="7.370793003">
        <ele>1390.91</ele>
      </trkpt>
      <trkpt lat="43.977671002" lon="7.370741005">
        <ele>1392.12</ele>
      </trkpt>
      <trkpt lat="43.977703999" lon="7.370698003">
        <ele>1393.15</ele>
      </trkpt>
      <trkpt lat="43.977747998" lon="7.370678998">
        <ele>1394.02</ele>
      </trkpt>
      <trkpt lat="43.977778003" lon="7.370667994">
        <ele>1394.68</ele>
      </trkpt>
      <trkpt lat="43.977800995" lon="7.370666002">
        <ele>1395.13</ele>
      </trkpt>
      <trkpt lat="43.977822" lon="7.370671995">
        <ele>1395.39</ele>
      </trkpt>
      <trkpt lat="43.977877" lon="7.370711002">
        <ele>1396.19</ele>
      </trkpt>
      <trkpt lat="43.977908004" lon="7.370754997">
        <ele>1396.36</ele>
      </trkpt>
      <trkpt lat="43.977954999" lon="7.370866998">
        <ele>1397.79</ele>
      </trkpt>
      <trkpt lat="43.978000004" lon="7.371014995">
        <ele>1398.31</ele>
      </trkpt>
      <trkpt lat="43.978027997" lon="7.371166005">
        <ele>1397.92</ele>
      </trkpt>
      <trkpt lat="43.978044004" lon="7.371312002">
        <ele>1399.32</ele>
      </trkpt>
      <trkpt lat="43.978058999" lon="7.371479004">
        <ele>1399.98</ele>
      </trkpt>
      <trkpt lat="43.978062002" lon="7.371690008">
        <ele>1402.87</ele>
      </trkpt>
      <trkpt lat="43.978064004" lon="7.371875997">
        <ele>1405.44</ele>
      </trkpt>
      <trkpt lat="43.978051" lon="7.372014001">
        <ele>1411.08</ele>
      </trkpt>
      <trkpt lat="43.978022002" lon="7.372204999">
        <ele>1413.51</ele>
      </trkpt>
      <trkpt lat="43.977977" lon="7.372446995">
        <ele>1416.34</ele>
      </trkpt>
      <trkpt lat="43.977953996" lon="7.372588">
        <ele>1414.93</ele>
      </trkpt>
      <trkpt lat="43.977925" lon="7.372733001">
        <ele>1413.89</ele>
      </trkpt>
      <trkpt lat="43.977880997" lon="7.372897995">
        <ele>1411.75</ele>
      </trkpt>
      <trkpt lat="43.977828996" lon="7.373090997">
        <ele>1410</ele>
      </trkpt>
      <trkpt lat="43.977770004" lon="7.373317">
        <ele>1408.74</ele>
      </trkpt>
      <trkpt lat="43.977751994" lon="7.373400996">
        <ele>1409.79</ele>
      </trkpt>
      <trkpt lat="43.977749004" lon="7.373474997">
        <ele>1411.13</ele>
      </trkpt>
      <trkpt lat="43.977747004" lon="7.373606006">
        <ele>1411</ele>
      </trkpt>
      <trkpt lat="43.977752" lon="7.373695999">
        <ele>1410.8</ele>
      </trkpt>
      <trkpt lat="43.977774998" lon="7.373774006">
        <ele>1410.48</ele>
      </trkpt>
      <trkpt lat="43.977812002" lon="7.373866007">
        <ele>1410.35</ele>
      </trkpt>
      <trkpt lat="43.977856001" lon="7.373950994">
        <ele>1413.28</ele>
      </trkpt>
      <trkpt lat="43.977912007" lon="7.374035992">
        <ele>1416.22</ele>
      </trkpt>
      <trkpt lat="43.977967005" lon="7.374084003">
        <ele>1419.35</ele>
      </trkpt>
      <trkpt lat="43.978030002" lon="7.374120008">
        <ele>1422.54</ele>
      </trkpt>
      <trkpt lat="43.978088005" lon="7.374147005">
        <ele>1425.92</ele>
      </trkpt>
      <trkpt lat="43.978177002" lon="7.374174997">
        <ele>1426.47</ele>
      </trkpt>
      <trkpt lat="43.97828" lon="7.374243008">
        <ele>1427.12</ele>
      </trkpt>
      <trkpt lat="43.978323996" lon="7.374288003">
        <ele>1427.85</ele>
      </trkpt>
      <trkpt lat="43.978362002" lon="7.374341">
        <ele>1430.85</ele>
      </trkpt>
      <trkpt lat="43.978393" lon="7.374383998">
        <ele>1431.6</ele>
      </trkpt>
      <trkpt lat="43.978418997" lon="7.374458005">
        <ele>1432.4</ele>
      </trkpt>
      <trkpt lat="43.978428999" lon="7.374528998">
        <ele>1433.39</ele>
      </trkpt>
      <trkpt lat="43.978436001" lon="7.374588003">
        <ele>1434.59</ele>
      </trkpt>
      <trkpt lat="43.978431998" lon="7.374629">
        <ele>1433.71</ele>
      </trkpt>
      <trkpt lat="43.978415994" lon="7.374673007">
        <ele>1436.77</ele>
      </trkpt>
      <trkpt lat="43.978336998" lon="7.374837997">
        <ele>1438.25</ele>
      </trkpt>
      <trkpt lat="43.978257005" lon="7.375028998">
        <ele>1438.79</ele>
      </trkpt>
      <trkpt lat="43.978143999" lon="7.375290996">
        <ele>1438.6</ele>
      </trkpt>
      <trkpt lat="43.978062003" lon="7.375504996">
        <ele>1443.17</ele>
      </trkpt>
      <trkpt lat="43.977991002" lon="7.375664994">
        <ele>1438.01</ele>
      </trkpt>
      <trkpt lat="43.977946001" lon="7.375808003">
        <ele>1437.07</ele>
      </trkpt>
      <trkpt lat="43.977869998" lon="7.376084999">
        <ele>1436.42</ele>
      </trkpt>
      <trkpt lat="43.977835" lon="7.376262004">
        <ele>1436.02</ele>
      </trkpt>
      <trkpt lat="43.977808002" lon="7.376390992">
        <ele>1432.73</ele>
      </trkpt>
      <trkpt lat="43.977803999" lon="7.376481006">
        <ele>1433.93</ele>
      </trkpt>
      <trkpt lat="43.977798998" lon="7.376664996">
        <ele>1434.78</ele>
      </trkpt>
      <trkpt lat="43.977785998" lon="7.376889999">
        <ele>1434.94</ele>
      </trkpt>
      <trkpt lat="43.977774" lon="7.377090003">
        <ele>1435.18</ele>
      </trkpt>
      <trkpt lat="43.977759998" lon="7.377274999">
        <ele>1437.02</ele>
      </trkpt>
      <trkpt lat="43.977756002" lon="7.377331997">
        <ele>1437.72</ele>
      </trkpt>
      <trkpt lat="43.977760995" lon="7.377450999">
        <ele>1438.9</ele>
      </trkpt>
      <trkpt lat="43.977802004" lon="7.377750004">
        <ele>1439.98</ele>
      </trkpt>
      <trkpt lat="43.977833998" lon="7.377899003">
        <ele>1444.03</ele>
      </trkpt>
      <trkpt lat="43.977904998" lon="7.378085003">
        <ele>1444.99</ele>
      </trkpt>
      <trkpt lat="43.977974006" lon="7.378215004">
        <ele>1448.8</ele>
      </trkpt>
      <trkpt lat="43.978049994" lon="7.378314999">
        <ele>1449.96</ele>
      </trkpt>
      <trkpt lat="43.978121998" lon="7.378405999">
        <ele>1453.38</ele>
      </trkpt>
      <trkpt lat="43.978224002" lon="7.378473992">
        <ele>1454.72</ele>
      </trkpt>
      <trkpt lat="43.978292003" lon="7.378495995">
        <ele>1456.53</ele>
      </trkpt>
      <trkpt lat="43.978331999" lon="7.378502003">
        <ele>1458.95</ele>
      </trkpt>
      <trkpt lat="43.978377996" lon="7.378493007">
        <ele>1459.8</ele>
      </trkpt>
      <trkpt lat="43.978431997" lon="7.378463992">
        <ele>1462.2</ele>
      </trkpt>
      <trkpt lat="43.978530996" lon="7.378393999">
        <ele>1462.17</ele>
      </trkpt>
      <trkpt lat="43.978677001" lon="7.378314999">
        <ele>1465.87</ele>
      </trkpt>
      <trkpt lat="43.978819996" lon="7.378245005">
        <ele>1469.13</ele>
      </trkpt>
      <trkpt lat="43.978951002" lon="7.378182002">
        <ele>1471.41</ele>
      </trkpt>
      <trkpt lat="43.979009997" lon="7.378154993">
        <ele>1472.18</ele>
      </trkpt>
      <trkpt lat="43.979051" lon="7.378145999">
        <ele>1475.39</ele>
      </trkpt>
      <trkpt lat="43.979139003" lon="7.378152002">
        <ele>1474.56</ele>
      </trkpt>
      <trkpt lat="43.979183999" lon="7.378161003">
        <ele>1470.8</ele>
      </trkpt>
      <trkpt lat="43.979207996" lon="7.378176004">
        <ele>1469.8</ele>
      </trkpt>
      <trkpt lat="43.979251999" lon="7.378219006">
        <ele>1468.26</ele>
      </trkpt>
      <trkpt lat="43.979295998" lon="7.378262993">
        <ele>1466.41</ele>
      </trkpt>
      <trkpt lat="43.979310001" lon="7.378281995">
        <ele>1464.33</ele>
      </trkpt>
      <trkpt lat="43.979348002" lon="7.378335994">
        <ele>1464.94</ele>
      </trkpt>
      <trkpt lat="43.979379996" lon="7.378384002">
        <ele>1465.47</ele>
      </trkpt>
      <trkpt lat="43.979419994" lon="7.378421004">
        <ele>1465.71</ele>
      </trkpt>
      <trkpt lat="43.979484994" lon="7.378464996">
        <ele>1466.48</ele>
      </trkpt>
      <trkpt lat="43.979568999" lon="7.378514993">
        <ele>1467.72</ele>
      </trkpt>
      <trkpt lat="43.979630996" lon="7.378536997">
        <ele>1469.27</ele>
      </trkpt>
      <trkpt lat="43.979693006" lon="7.378538006">
        <ele>1470.93</ele>
      </trkpt>
      <trkpt lat="43.979744002" lon="7.378550003">
        <ele>1472.72</ele>
      </trkpt>
      <trkpt lat="43.979776004" lon="7.378567005">
        <ele>1473.86</ele>
      </trkpt>
      <trkpt lat="43.979810995" lon="7.378593998">
        <ele>1475.26</ele>
      </trkpt>
      <trkpt lat="43.979849" lon="7.378630998">
        <ele>1476.25</ele>
      </trkpt>
      <trkpt lat="43.979874002" lon="7.378665">
        <ele>1477.03</ele>
      </trkpt>
      <trkpt lat="43.979890994" lon="7.378705002">
        <ele>1477.69</ele>
      </trkpt>
      <trkpt lat="43.979898998" lon="7.378743003">
        <ele>1478.21</ele>
      </trkpt>
      <trkpt lat="43.979904004" lon="7.378758005">
        <ele>1477.78</ele>
      </trkpt>
      <trkpt lat="43.979911002" lon="7.378833002">
        <ele>1477.18</ele>
      </trkpt>
      <trkpt lat="43.979908" lon="7.378916006">
        <ele>1477.49</ele>
      </trkpt>
      <trkpt lat="43.979905001" lon="7.379024999">
        <ele>1477.79</ele>
      </trkpt>
      <trkpt lat="43.979913998" lon="7.379123005">
        <ele>1478.16</ele>
      </trkpt>
      <trkpt lat="43.979920999" lon="7.379174997">
        <ele>1478.58</ele>
      </trkpt>
      <trkpt lat="43.979941002" lon="7.379255001">
        <ele>1479.07</ele>
      </trkpt>
      <trkpt lat="43.979970995" lon="7.379332003">
        <ele>1478.49</ele>
      </trkpt>
      <trkpt lat="43.980006003" lon="7.379394999">
        <ele>1478.61</ele>
      </trkpt>
      <trkpt lat="43.980056" lon="7.379448998">
        <ele>1480.11</ele>
      </trkpt>
      <trkpt lat="43.980130001" lon="7.379502996">
        <ele>1481.48</ele>
      </trkpt>
      <trkpt lat="43.980212005" lon="7.379537">
        <ele>1482.82</ele>
      </trkpt>
      <trkpt lat="43.980262004" lon="7.379547997">
        <ele>1484.25</ele>
      </trkpt>
      <trkpt lat="43.980302997" lon="7.379543996">
        <ele>1484.89</ele>
      </trkpt>
      <trkpt lat="43.980340999" lon="7.379525997">
        <ele>1484.16</ele>
      </trkpt>
      <trkpt lat="43.980373999" lon="7.379499">
        <ele>1483.82</ele>
      </trkpt>
      <trkpt lat="43.980398998" lon="7.379459992">
        <ele>1483.82</ele>
      </trkpt>
      <trkpt lat="43.980432998" lon="7.379432997">
        <ele>1484.14</ele>
      </trkpt>
      <trkpt lat="43.980454" lon="7.379424001">
        <ele>1484.78</ele>
      </trkpt>
      <trkpt lat="43.980479002" lon="7.379419994">
        <ele>1487.22</ele>
      </trkpt>
      <trkpt lat="43.980530998" lon="7.379449993">
        <ele>1489.22</ele>
      </trkpt>
      <trkpt lat="43.980591004" lon="7.379492006">
        <ele>1490.9</ele>
      </trkpt>
      <trkpt lat="43.980612" lon="7.379517999">
        <ele>1492.09</ele>
      </trkpt>
      <trkpt lat="43.980623002" lon="7.379530005">
        <ele>1492.78</ele>
      </trkpt>
      <trkpt lat="43.980639002" lon="7.379567997">
        <ele>1491.41</ele>
      </trkpt>
      <trkpt lat="43.980651996" lon="7.379609003">
        <ele>1490.06</ele>
      </trkpt>
      <trkpt lat="43.980656" lon="7.379671001">
        <ele>1488.75</ele>
      </trkpt>
      <trkpt lat="43.980650002" lon="7.379738996">
        <ele>1487.77</ele>
      </trkpt>
      <trkpt lat="43.980620999" lon="7.379794">
        <ele>1490.96</ele>
      </trkpt>
      <trkpt lat="43.980566004" lon="7.379846006">
        <ele>1494.4</ele>
      </trkpt>
      <trkpt lat="43.980516002" lon="7.379886999">
        <ele>1498.14</ele>
      </trkpt>
      <trkpt lat="43.980500998" lon="7.379903995">
        <ele>1498.67</ele>
      </trkpt>
      <trkpt lat="43.980450002" lon="7.379929995">
        <ele>1499.28</ele>
      </trkpt>
      <trkpt lat="43.980359996" lon="7.379968998">
        <ele>1496.05</ele>
      </trkpt>
      <trkpt lat="43.980295001" lon="7.380006005">
        <ele>1492.81</ele>
      </trkpt>
      <trkpt lat="43.980251001" lon="7.380043003">
        <ele>1489.47</ele>
      </trkpt>
      <trkpt lat="43.980220002" lon="7.380090001">
        <ele>1489.25</ele>
      </trkpt>
      <trkpt lat="43.980197998" lon="7.380134995">
        <ele>1488.72</ele>
      </trkpt>
      <trkpt lat="43.980183005" lon="7.380205006">
        <ele>1489.42</ele>
      </trkpt>
      <trkpt lat="43.980176999" lon="7.380265996">
        <ele>1489.93</ele>
      </trkpt>
      <trkpt lat="43.980181005" lon="7.380324998">
        <ele>1490.34</ele>
      </trkpt>
      <trkpt lat="43.980196004" lon="7.380391998">
        <ele>1490.76</ele>
      </trkpt>
      <trkpt lat="43.980216997" lon="7.380443007">
        <ele>1491.08</ele>
      </trkpt>
      <trkpt lat="43.980256001" lon="7.380505">
        <ele>1493.09</ele>
      </trkpt>
      <trkpt lat="43.980351998" lon="7.380604992">
        <ele>1494.89</ele>
      </trkpt>
      <trkpt lat="43.980496005" lon="7.380730997">
        <ele>1498.17</ele>
      </trkpt>
      <trkpt lat="43.980606998" lon="7.380818">
        <ele>1501.49</ele>
      </trkpt>
      <trkpt lat="43.980718002" lon="7.380878004">
        <ele>1504.93</ele>
      </trkpt>
      <trkpt lat="43.980823004" lon="7.380930994">
        <ele>1506.73</ele>
      </trkpt>
      <trkpt lat="43.980924996" lon="7.380975001">
        <ele>1508.92</ele>
      </trkpt>
      <trkpt lat="43.980989001" lon="7.381019995">
        <ele>1509.54</ele>
      </trkpt>
      <trkpt lat="43.981009" lon="7.381045001">
        <ele>1513.71</ele>
      </trkpt>
      <trkpt lat="43.981028998" lon="7.381105995">
        <ele>1517.86</ele>
      </trkpt>
      <trkpt lat="43.981038998" lon="7.381155997">
        <ele>1520.28</ele>
      </trkpt>
      <trkpt lat="43.981039003" lon="7.381186006">
        <ele>1522.31</ele>
      </trkpt>
      <trkpt lat="43.981039004" lon="7.381248009">
        <ele>1524.43</ele>
      </trkpt>
      <trkpt lat="43.981018003" lon="7.381336995">
        <ele>1520.11</ele>
      </trkpt>
      <trkpt lat="43.981001003" lon="7.381379003">
        <ele>1515.95</ele>
      </trkpt>
      <trkpt lat="43.980953003" lon="7.381424006">
        <ele>1512.16</ele>
      </trkpt>
      <trkpt lat="43.980902" lon="7.381464997">
        <ele>1508.77</ele>
      </trkpt>
      <trkpt lat="43.980801005" lon="7.381511004">
        <ele>1505.5</ele>
      </trkpt>
      <trkpt lat="43.980745001" lon="7.381538003">
        <ele>1505.39</ele>
      </trkpt>
      <trkpt lat="43.980693001" lon="7.381575995">
        <ele>1505.34</ele>
      </trkpt>
      <trkpt lat="43.980652999" lon="7.381638004">
        <ele>1505.3</ele>
      </trkpt>
      <trkpt lat="43.980630998" lon="7.381690998">
        <ele>1505.18</ele>
      </trkpt>
      <trkpt lat="43.980618006" lon="7.381753999">
        <ele>1504.94</ele>
      </trkpt>
      <trkpt lat="43.980614999" lon="7.381830999">
        <ele>1504.33</ele>
      </trkpt>
      <trkpt lat="43.980622004" lon="7.381895">
        <ele>1505.84</ele>
      </trkpt>
      <trkpt lat="43.980641004" lon="7.381964007">
        <ele>1509.71</ele>
      </trkpt>
      <trkpt lat="43.980683998" lon="7.382040002">
        <ele>1513.35</ele>
      </trkpt>
      <trkpt lat="43.980736002" lon="7.382140995">
        <ele>1516.84</ele>
      </trkpt>
      <trkpt lat="43.980766995" lon="7.382197992">
        <ele>1520.37</ele>
      </trkpt>
      <trkpt lat="43.980783996" lon="7.382262001">
        <ele>1521.58</ele>
      </trkpt>
      <trkpt lat="43.980787998" lon="7.382323999">
        <ele>1525.65</ele>
      </trkpt>
      <trkpt lat="43.980785997" lon="7.382375">
        <ele>1530.21</ele>
      </trkpt>
      <trkpt lat="43.980775997" lon="7.382405001">
        <ele>1535.68</ele>
      </trkpt>
      <trkpt lat="43.980768004" lon="7.382431">
        <ele>1535.9</ele>
      </trkpt>
      <trkpt lat="43.980732999" lon="7.382489997">
        <ele>1536.6</ele>
      </trkpt>
      <trkpt lat="43.980693003" lon="7.382537001">
        <ele>1532.65</ele>
      </trkpt>
      <trkpt lat="43.980677999" lon="7.382544996">
        <ele>1529.6</ele>
      </trkpt>
      <trkpt lat="43.980652006" lon="7.382559998">
        <ele>1528.4</ele>
      </trkpt>
      <trkpt lat="43.980601998" lon="7.382571005">
        <ele>1527.44</ele>
      </trkpt>
      <trkpt lat="43.980484003" lon="7.382579003">
        <ele>1527.01</ele>
      </trkpt>
      <trkpt lat="43.980399993" lon="7.382595008">
        <ele>1526.94</ele>
      </trkpt>
      <trkpt lat="43.980337999" lon="7.382618998">
        <ele>1526.42</ele>
      </trkpt>
      <trkpt lat="43.980258994" lon="7.382670003">
        <ele>1523.59</ele>
      </trkpt>
      <trkpt lat="43.980179003" lon="7.382742003">
        <ele>1526.04</ele>
      </trkpt>
      <trkpt lat="43.980095001" lon="7.382827">
        <ele>1527.62</ele>
      </trkpt>
      <trkpt lat="43.980000997" lon="7.382918006">
        <ele>1525.23</ele>
      </trkpt>
      <trkpt lat="43.979888002" lon="7.383033002">
        <ele>1522.26</ele>
      </trkpt>
      <trkpt lat="43.979777995" lon="7.383147005">
        <ele>1521.46</ele>
      </trkpt>
      <trkpt lat="43.979717998" lon="7.383214001">
        <ele>1520.34</ele>
      </trkpt>
      <trkpt lat="43.979695001" lon="7.383259004">
        <ele>1519.01</ele>
      </trkpt>
      <trkpt lat="43.979666998" lon="7.383327001">
        <ele>1520.25</ele>
      </trkpt>
      <trkpt lat="43.979654996" lon="7.383379004">
        <ele>1521.15</ele>
      </trkpt>
      <trkpt lat="43.979651996" lon="7.383485">
        <ele>1519.38</ele>
      </trkpt>
      <trkpt lat="43.979656006" lon="7.383555998">
        <ele>1519.5</ele>
      </trkpt>
      <trkpt lat="43.979672001" lon="7.383630003">
        <ele>1519.34</ele>
      </trkpt>
      <trkpt lat="43.979704998" lon="7.383708">
        <ele>1519.33</ele>
      </trkpt>
      <trkpt lat="43.97976" lon="7.383811995">
        <ele>1521.23</ele>
      </trkpt>
      <trkpt lat="43.979809998" lon="7.383893997">
        <ele>1523.39</ele>
      </trkpt>
      <trkpt lat="43.979865997" lon="7.383949998">
        <ele>1525.09</ele>
      </trkpt>
      <trkpt lat="43.979930003" lon="7.384002995">
        <ele>1527.09</ele>
      </trkpt>
      <trkpt lat="43.980017994" lon="7.384074003">
        <ele>1529.3</ele>
      </trkpt>
      <trkpt lat="43.980077001" lon="7.384132995">
        <ele>1532.63</ele>
      </trkpt>
      <trkpt lat="43.980113996" lon="7.384174002">
        <ele>1535.61</ele>
      </trkpt>
      <trkpt lat="43.980147001" lon="7.384230006">
        <ele>1536.95</ele>
      </trkpt>
      <trkpt lat="43.980164995" lon="7.384278002">
        <ele>1537.93</ele>
      </trkpt>
      <trkpt lat="43.980178999" lon="7.384334004">
        <ele>1538.5</ele>
      </trkpt>
      <trkpt lat="43.980181002" lon="7.384399992">
        <ele>1541.89</ele>
      </trkpt>
      <trkpt lat="43.980173999" lon="7.384465999">
        <ele>1545.49</ele>
      </trkpt>
      <trkpt lat="43.980161002" lon="7.384509999">
        <ele>1544.17</ele>
      </trkpt>
      <trkpt lat="43.980149997" lon="7.384543005">
        <ele>1543.59</ele>
      </trkpt>
      <trkpt lat="43.980116999" lon="7.384620005">
        <ele>1543.7</ele>
      </trkpt>
      <trkpt lat="43.980054001" lon="7.384713007">
        <ele>1543.52</ele>
      </trkpt>
      <trkpt lat="43.979989004" lon="7.384801">
        <ele>1538.29</ele>
      </trkpt>
      <trkpt lat="43.979905995" lon="7.384911998">
        <ele>1538.25</ele>
      </trkpt>
      <trkpt lat="43.979809" lon="7.385044">
        <ele>1537.84</ele>
      </trkpt>
      <trkpt lat="43.979749005" lon="7.385152">
        <ele>1537.03</ele>
      </trkpt>
      <trkpt lat="43.979712997" lon="7.385222002">
        <ele>1533.55</ele>
      </trkpt>
      <trkpt lat="43.979688004" lon="7.385292003">
        <ele>1534.83</ele>
      </trkpt>
      <trkpt lat="43.979665001" lon="7.385397995">
        <ele>1535.85</ele>
      </trkpt>
      <trkpt lat="43.979649998" lon="7.385484992">
        <ele>1536.57</ele>
      </trkpt>
      <trkpt lat="43.979642997" lon="7.385568">
        <ele>1539.03</ele>
      </trkpt>
      <trkpt lat="43.979644" lon="7.385650999">
        <ele>1538.51</ele>
      </trkpt>
      <trkpt lat="43.979651997" lon="7.385743">
        <ele>1537.99</ele>
      </trkpt>
      <trkpt lat="43.979668002" lon="7.385831998">
        <ele>1537.36</ele>
      </trkpt>
      <trkpt lat="43.979692002" lon="7.385931998">
        <ele>1536.81</ele>
      </trkpt>
      <trkpt lat="43.979732998" lon="7.386056998">
        <ele>1536.32</ele>
      </trkpt>
      <trkpt lat="43.979773999" lon="7.386141005">
        <ele>1537.61</ele>
      </trkpt>
      <trkpt lat="43.979818001" lon="7.386210003">
        <ele>1539.03</ele>
      </trkpt>
      <trkpt lat="43.979889001" lon="7.386296009">
        <ele>1540.56</ele>
      </trkpt>
      <trkpt lat="43.979978994" lon="7.386417006">
        <ele>1545.04</ele>
      </trkpt>
      <trkpt lat="43.980094004" lon="7.386547994">
        <ele>1547.69</ele>
      </trkpt>
      <trkpt lat="43.980189003" lon="7.386659005">
        <ele>1548.79</ele>
      </trkpt>
      <trkpt lat="43.980321002" lon="7.386829999">
        <ele>1550.03</ele>
      </trkpt>
      <trkpt lat="43.980357996" lon="7.386891006">
        <ele>1552.63</ele>
      </trkpt>
      <trkpt lat="43.980379997" lon="7.386941995">
        <ele>1552.61</ele>
      </trkpt>
      <trkpt lat="43.980396998" lon="7.387011998">
        <ele>1552.85</ele>
      </trkpt>
      <trkpt lat="43.980400005" lon="7.387059003">
        <ele>1553.25</ele>
      </trkpt>
      <trkpt lat="43.980402005" lon="7.387090002">
        <ele>1553.85</ele>
      </trkpt>
      <trkpt lat="43.980392999" lon="7.387167001">
        <ele>1556.81</ele>
      </trkpt>
      <trkpt lat="43.980369994" lon="7.387250999">
        <ele>1560.78</ele>
      </trkpt>
      <trkpt lat="43.980298997" lon="7.387408007">
        <ele>1565.13</ele>
      </trkpt>
      <trkpt lat="43.980206003" lon="7.387589996">
        <ele>1567.35</ele>
      </trkpt>
      <trkpt lat="43.980170995" lon="7.387650999">
        <ele>1570.46</ele>
      </trkpt>
      <trkpt lat="43.980110002" lon="7.387714007">
        <ele>1570.93</ele>
      </trkpt>
      <trkpt lat="43.980065006" lon="7.387738003">
        <ele>1571.26</ele>
      </trkpt>
      <trkpt lat="43.980034" lon="7.387742006">
        <ele>1569.98</ele>
      </trkpt>
      <trkpt lat="43.979985003" lon="7.387733001">
        <ele>1572.64</ele>
      </trkpt>
      <trkpt lat="43.979817997" lon="7.387677995">
        <ele>1575.45</ele>
      </trkpt>
      <trkpt lat="43.979723998" lon="7.387665998">
        <ele>1578.97</ele>
      </trkpt>
      <trkpt lat="43.979668996" lon="7.387666005">
        <ele>1578.53</ele>
      </trkpt>
      <trkpt lat="43.979602995" lon="7.387684001">
        <ele>1580.96</ele>
      </trkpt>
      <trkpt lat="43.979495998" lon="7.387718001">
        <ele>1583.06</ele>
      </trkpt>
      <trkpt lat="43.979405998" lon="7.387734997">
        <ele>1582.57</ele>
      </trkpt>
      <trkpt lat="43.979326997" lon="7.387731995">
        <ele>1582.01</ele>
      </trkpt>
      <trkpt lat="43.979186001" lon="7.387691001">
        <ele>1582.8</ele>
      </trkpt>
      <trkpt lat="43.979102002" lon="7.387655995">
        <ele>1583.19</ele>
      </trkpt>
      <trkpt lat="43.978989002" lon="7.387588997">
        <ele>1580.59</ele>
      </trkpt>
      <trkpt lat="43.978887995" lon="7.387498994">
        <ele>1577.74</ele>
      </trkpt>
      <trkpt lat="43.978801003" lon="7.387396004">
        <ele>1573.88</ele>
      </trkpt>
      <trkpt lat="43.978648003" lon="7.387291">
        <ele>1571.92</ele>
      </trkpt>
      <trkpt lat="43.978613996" lon="7.387283999">
        <ele>1568.74</ele>
      </trkpt>
      <trkpt lat="43.978579997" lon="7.387294999">
        <ele>1567.03</ele>
      </trkpt>
      <trkpt lat="43.978541997" lon="7.387334001">
        <ele>1570.51</ele>
      </trkpt>
      <trkpt lat="43.978505996" lon="7.387388996">
        <ele>1573.61</ele>
      </trkpt>
      <trkpt lat="43.978483" lon="7.387455005">
        <ele>1575.56</ele>
      </trkpt>
      <trkpt lat="43.978474999" lon="7.387507002">
        <ele>1578.66</ele>
      </trkpt>
      <trkpt lat="43.978473996" lon="7.387707005">
        <ele>1580.96</ele>
      </trkpt>
      <trkpt lat="43.978475999" lon="7.387870991">
        <ele>1579.5</ele>
      </trkpt>
      <trkpt lat="43.978478002" lon="7.388093994">
        <ele>1579.8</ele>
      </trkpt>
      <trkpt lat="43.978485998" lon="7.388188004">
        <ele>1580.95</ele>
      </trkpt>
      <trkpt lat="43.978500001" lon="7.388258997">
        <ele>1580.73</ele>
      </trkpt>
      <trkpt lat="43.978526996" lon="7.388324999">
        <ele>1581.19</ele>
      </trkpt>
      <trkpt lat="43.978563998" lon="7.388394993">
        <ele>1581.77</ele>
      </trkpt>
      <trkpt lat="43.978600006" lon="7.388450006">
        <ele>1580.58</ele>
      </trkpt>
      <trkpt lat="43.978642997" lon="7.388507992">
        <ele>1579.29</ele>
      </trkpt>
      <trkpt lat="43.978682999" lon="7.388552003">
        <ele>1580.69</ele>
      </trkpt>
      <trkpt lat="43.978743001" lon="7.388604996">
        <ele>1582.1</ele>
      </trkpt>
      <trkpt lat="43.978839001" lon="7.388685003">
        <ele>1583.66</ele>
      </trkpt>
      <trkpt lat="43.978897998" lon="7.388750002">
        <ele>1585.31</ele>
      </trkpt>
      <trkpt lat="43.978928" lon="7.388795004">
        <ele>1587.17</ele>
      </trkpt>
      <trkpt lat="43.978959001" lon="7.388862002">
        <ele>1586.55</ele>
      </trkpt>
      <trkpt lat="43.978977004" lon="7.388927">
        <ele>1586.12</ele>
      </trkpt>
      <trkpt lat="43.978981001" lon="7.388985002">
        <ele>1587.2</ele>
      </trkpt>
      <trkpt lat="43.978971996" lon="7.389053">
        <ele>1588.59</ele>
      </trkpt>
      <trkpt lat="43.978944003" lon="7.389135">
        <ele>1590.36</ele>
      </trkpt>
      <trkpt lat="43.978901" lon="7.389209003">
        <ele>1592.26</ele>
      </trkpt>
      <trkpt lat="43.978825" lon="7.389313006">
        <ele>1594.16</ele>
      </trkpt>
      <trkpt lat="43.978788996" lon="7.389375003">
        <ele>1594.61</ele>
      </trkpt>
      <trkpt lat="43.978770001" lon="7.389428">
        <ele>1596.05</ele>
      </trkpt>
      <trkpt lat="43.978758996" lon="7.389489003">
        <ele>1597.09</ele>
      </trkpt>
      <trkpt lat="43.978755" lon="7.389553005">
        <ele>1597.87</ele>
      </trkpt>
      <trkpt lat="43.978759002" lon="7.389623003">
        <ele>1598.52</ele>
      </trkpt>
      <trkpt lat="43.978772003" lon="7.389702994">
        <ele>1599.17</ele>
      </trkpt>
      <trkpt lat="43.978784001" lon="7.389763997">
        <ele>1598.49</ele>
      </trkpt>
      <trkpt lat="43.978790001" lon="7.389793007">
        <ele>1601.08</ele>
      </trkpt>
      <trkpt lat="43.978802995" lon="7.389854998">
        <ele>1603.74</ele>
      </trkpt>
      <trkpt lat="43.978806998" lon="7.389918006">
        <ele>1606.53</ele>
      </trkpt>
      <trkpt lat="43.978801005" lon="7.389978996">
        <ele>1609.29</ele>
      </trkpt>
      <trkpt lat="43.978795994" lon="7.390006995">
        <ele>1612.1</ele>
      </trkpt>
      <trkpt lat="43.978778999" lon="7.390103998">
        <ele>1611.64</ele>
      </trkpt>
      <trkpt lat="43.978752006" lon="7.390233995">
        <ele>1611.23</ele>
      </trkpt>
      <trkpt lat="43.978705001" lon="7.390347008">
        <ele>1610.92</ele>
      </trkpt>
      <trkpt lat="43.978651003" lon="7.390415993">
        <ele>1610.78</ele>
      </trkpt>
      <trkpt lat="43.978610998" lon="7.390436003">
        <ele>1610.97</ele>
      </trkpt>
      <trkpt lat="43.978572004" lon="7.390447002">
        <ele>1609.59</ele>
      </trkpt>
      <trkpt lat="43.978499005" lon="7.390442">
        <ele>1608.46</ele>
      </trkpt>
      <trkpt lat="43.978388997" lon="7.390430001">
        <ele>1607.34</ele>
      </trkpt>
      <trkpt lat="43.978321001" lon="7.390426994">
        <ele>1606.2</ele>
      </trkpt>
      <trkpt lat="43.978282995" lon="7.390438993">
        <ele>1603.43</ele>
      </trkpt>
      <trkpt lat="43.978217002" lon="7.390492">
        <ele>1602.62</ele>
      </trkpt>
      <trkpt lat="43.978159001" lon="7.390545997">
        <ele>1603.14</ele>
      </trkpt>
      <trkpt lat="43.978097001" lon="7.390612005">
        <ele>1603.14</ele>
      </trkpt>
      <trkpt lat="43.977980998" lon="7.390794006">
        <ele>1603.45</ele>
      </trkpt>
      <trkpt lat="43.977846998" lon="7.391023">
        <ele>1605.31</ele>
      </trkpt>
      <trkpt lat="43.977716005" lon="7.391268003">
        <ele>1606.8</ele>
      </trkpt>
      <trkpt lat="43.977625999" lon="7.391431997">
        <ele>1606.26</ele>
      </trkpt>
      <trkpt lat="43.977589002" lon="7.391504999">
        <ele>1606.19</ele>
      </trkpt>
      <trkpt lat="43.977573071" lon="7.391591633">
        <ele>1605.45</ele>
      </trkpt>
      <trkpt lat="43.977573002" lon="7.391592003">
        <ele>1604.89</ele>
      </trkpt>
      <trkpt lat="43.977480996" lon="7.391623005">
        <ele>1605.49</ele>
      </trkpt>
      <trkpt lat="43.977206004" lon="7.391718999">
        <ele>1606.63</ele>
      </trkpt>
      <trkpt lat="43.976983" lon="7.391795996">
        <ele>1607.76</ele>
      </trkpt>
      <trkpt lat="43.976958312" lon="7.391791059">
        <ele>1609.18</ele>
      </trkpt>
      <trkpt lat="43.976957999" lon="7.391790998">
        <ele>1610.7</ele>
      </trkpt>
      <trkpt lat="43.976957965" lon="7.39179117">
        <ele>1610.61</ele>
      </trkpt>
      <trkpt lat="43.976934" lon="7.391907004">
        <ele>1610.92</ele>
      </trkpt>
      <trkpt lat="43.976901996" lon="7.392069001">
        <ele>1611.96</ele>
      </trkpt>
      <trkpt lat="43.976881006" lon="7.392192004">
        <ele>1610.26</ele>
      </trkpt>
      <trkpt lat="43.976855" lon="7.392381">
        <ele>1608.45</ele>
      </trkpt>
      <trkpt lat="43.976842004" lon="7.392515004">
        <ele>1607.47</ele>
      </trkpt>
      <trkpt lat="43.976831002" lon="7.392603003">
        <ele>1610.2</ele>
      </trkpt>
      <trkpt lat="43.976808998" lon="7.392687995">
        <ele>1609.18</ele>
      </trkpt>
      <trkpt lat="43.976762997" lon="7.392805998">
        <ele>1611.54</ele>
      </trkpt>
      <trkpt lat="43.976670006" lon="7.392974">
        <ele>1614.27</ele>
      </trkpt>
      <trkpt lat="43.976622005" lon="7.393082999">
        <ele>1617.41</ele>
      </trkpt>
      <trkpt lat="43.976587001" lon="7.393192001">
        <ele>1616.68</ele>
      </trkpt>
      <trkpt lat="43.97652" lon="7.393435002">
        <ele>1616.41</ele>
      </trkpt>
      <trkpt lat="43.976462996" lon="7.393632003">
        <ele>1615.87</ele>
      </trkpt>
      <trkpt lat="43.976437005" lon="7.393762994">
        <ele>1615.33</ele>
      </trkpt>
      <trkpt lat="43.976428999" lon="7.393851998">
        <ele>1611.39</ele>
      </trkpt>
      <trkpt lat="43.976432999" lon="7.394005997">
        <ele>1607.46</ele>
      </trkpt>
      <trkpt lat="43.976428001" lon="7.394169002">
        <ele>1606.19</ele>
      </trkpt>
      <trkpt lat="43.976420995" lon="7.394255998">
        <ele>1604.58</ele>
      </trkpt>
      <trkpt lat="43.976408002" lon="7.394312999">
        <ele>1602.17</ele>
      </trkpt>
      <trkpt lat="43.976388999" lon="7.394371996">
        <ele>1602.12</ele>
      </trkpt>
      <trkpt lat="43.976362997" lon="7.394423002">
        <ele>1600.49</ele>
      </trkpt>
      <trkpt lat="43.976309004" lon="7.394490009">
        <ele>1600.6</ele>
      </trkpt>
      <trkpt lat="43.976175995" lon="7.394564001">
        <ele>1600.26</ele>
      </trkpt>
      <trkpt lat="43.975941999" lon="7.394660995">
        <ele>1599.73</ele>
      </trkpt>
      <trkpt lat="43.975825998" lon="7.394704994">
        <ele>1603.05</ele>
      </trkpt>
      <trkpt lat="43.975733996" lon="7.394737001">
        <ele>1607.8</ele>
      </trkpt>
      <trkpt lat="43.975688995" lon="7.394766008">
        <ele>1610.98</ele>
      </trkpt>
      <trkpt lat="43.975652003" lon="7.394807002">
        <ele>1611.42</ele>
      </trkpt>
      <trkpt lat="43.975628003" lon="7.394857999">
        <ele>1613.05</ele>
      </trkpt>
      <trkpt lat="43.975616002" lon="7.394932002">
        <ele>1612.36</ele>
      </trkpt>
      <trkpt lat="43.975611001" lon="7.395099996">
        <ele>1608.49</ele>
      </trkpt>
      <trkpt lat="43.975613998" lon="7.395297004">
        <ele>1604.69</ele>
      </trkpt>
      <trkpt lat="43.975618002" lon="7.395441004">
        <ele>1604.62</ele>
      </trkpt>
      <trkpt lat="43.975625" lon="7.395506999">
        <ele>1604.49</ele>
      </trkpt>
      <trkpt lat="43.975650998" lon="7.395598999">
        <ele>1597.64</ele>
      </trkpt>
      <trkpt lat="43.975690996" lon="7.395722998">
        <ele>1594.28</ele>
      </trkpt>
      <trkpt lat="43.975718005" lon="7.395821005">
        <ele>1588.75</ele>
      </trkpt>
      <trkpt lat="43.975734" lon="7.395920997">
        <ele>1583.12</ele>
      </trkpt>
      <trkpt lat="43.975750005" lon="7.396240008">
        <ele>1576.88</ele>
      </trkpt>
      <trkpt lat="43.975752995" lon="7.396387001">
        <ele>1576.34</ele>
      </trkpt>
      <trkpt lat="43.975749995" lon="7.396481008">
        <ele>1574</ele>
      </trkpt>
      <trkpt lat="43.975736002" lon="7.396555007">
        <ele>1574.81</ele>
      </trkpt>
      <trkpt lat="43.97571" lon="7.396648998">
        <ele>1575.12</ele>
      </trkpt>
      <trkpt lat="43.975680001" lon="7.396718004">
        <ele>1575.08</ele>
      </trkpt>
      <trkpt lat="43.975628003" lon="7.396784002">
        <ele>1574.72</ele>
      </trkpt>
      <trkpt lat="43.975560001" lon="7.396861995">
        <ele>1574.9</ele>
      </trkpt>
      <trkpt lat="43.975463001" lon="7.396954999">
        <ele>1577.13</ele>
      </trkpt>
      <trkpt lat="43.975262995" lon="7.397130994">
        <ele>1575.27</ele>
      </trkpt>
      <trkpt lat="43.975069999" lon="7.397313995">
        <ele>1573.56</ele>
      </trkpt>
      <trkpt lat="43.974942004" lon="7.397450999">
        <ele>1575.68</ele>
      </trkpt>
      <trkpt lat="43.974869994" lon="7.397542998">
        <ele>1579.12</ele>
      </trkpt>
      <trkpt lat="43.974826" lon="7.397624003">
        <ele>1575.34</ele>
      </trkpt>
      <trkpt lat="43.974792" lon="7.397726998">
        <ele>1576.85</ele>
      </trkpt>
      <trkpt lat="43.974753" lon="7.397871995">
        <ele>1578.91</ele>
      </trkpt>
      <trkpt lat="43.974715001" lon="7.398096004">
        <ele>1573.03</ele>
      </trkpt>
      <trkpt lat="43.974690997" lon="7.398229003">
        <ele>1566.72</ele>
      </trkpt>
      <trkpt lat="43.974665004" lon="7.398331006">
        <ele>1564.32</ele>
      </trkpt>
      <trkpt lat="43.974633001" lon="7.398409004">
        <ele>1565.49</ele>
      </trkpt>
      <trkpt lat="43.974592995" lon="7.398491002">
        <ele>1565.77</ele>
      </trkpt>
      <trkpt lat="43.974543005" lon="7.398550999">
        <ele>1567.84</ele>
      </trkpt>
      <trkpt lat="43.974481997" lon="7.398605002">
        <ele>1568.59</ele>
      </trkpt>
      <trkpt lat="43.974166" lon="7.398909004">
        <ele>1575.54</ele>
      </trkpt>
      <trkpt lat="43.974037" lon="7.399034006">
        <ele>1571.9</ele>
      </trkpt>
      <trkpt lat="43.974006" lon="7.399091998">
        <ele>1568.61</ele>
      </trkpt>
      <trkpt lat="43.973950004" lon="7.399224995">
        <ele>1567.77</ele>
      </trkpt>
      <trkpt lat="43.973909002" lon="7.399309998">
        <ele>1567.63</ele>
      </trkpt>
      <trkpt lat="43.973876" lon="7.399347004">
        <ele>1567.05</ele>
      </trkpt>
      <trkpt lat="43.973754004" lon="7.399443999">
        <ele>1567.48</ele>
      </trkpt>
      <trkpt lat="43.973705999" lon="7.399499005">
        <ele>1568.68</ele>
      </trkpt>
      <trkpt lat="43.973674999" lon="7.399571999">
        <ele>1570.73</ele>
      </trkpt>
      <trkpt lat="43.973657999" lon="7.399637998">
        <ele>1574.2</ele>
      </trkpt>
      <trkpt lat="43.973646997" lon="7.399698994">
        <ele>1573.84</ele>
      </trkpt>
      <trkpt lat="43.973647004" lon="7.399771999">
        <ele>1576.76</ele>
      </trkpt>
      <trkpt lat="43.973668001" lon="7.399929003">
        <ele>1578.53</ele>
      </trkpt>
      <trkpt lat="43.973676002" lon="7.400208994">
        <ele>1581.3</ele>
      </trkpt>
      <trkpt lat="43.973704999" lon="7.400566993">
        <ele>1580.57</ele>
      </trkpt>
      <trkpt lat="43.973706999" lon="7.400714005">
        <ele>1578.76</ele>
      </trkpt>
      <trkpt lat="43.973704996" lon="7.400855004">
        <ele>1579.62</ele>
      </trkpt>
      <trkpt lat="43.973709998" lon="7.400938005">
        <ele>1575.31</ele>
      </trkpt>
      <trkpt lat="43.973740998" lon="7.401043997">
        <ele>1570.18</ele>
      </trkpt>
      <trkpt lat="43.973803004" lon="7.401260998">
        <ele>1566.75</ele>
      </trkpt>
      <trkpt lat="43.973822997" lon="7.401350001">
        <ele>1565.38</ele>
      </trkpt>
      <trkpt lat="43.973933001" lon="7.401637001">
        <ele>1564.32</ele>
      </trkpt>
      <trkpt lat="43.973996998" lon="7.401909001">
        <ele>1560.9</ele>
      </trkpt>
      <trkpt lat="43.974027003" lon="7.402036997">
        <ele>1559.83</ele>
      </trkpt>
      <trkpt lat="43.974047" lon="7.402142002">
        <ele>1558.32</ele>
      </trkpt>
      <trkpt lat="43.974073998" lon="7.402427995">
        <ele>1555.29</ele>
      </trkpt>
      <trkpt lat="43.974090001" lon="7.402723997">
        <ele>1547.06</ele>
      </trkpt>
      <trkpt lat="43.974085002" lon="7.402860995">
        <ele>1546.92</ele>
      </trkpt>
      <trkpt lat="43.974130997" lon="7.402927008">
        <ele>1543.7</ele>
      </trkpt>
      <trkpt lat="43.974146003" lon="7.402955004">
        <ele>1541.9</ele>
      </trkpt>
      <trkpt lat="43.974175001" lon="7.402973995">
        <ele>1538.65</ele>
      </trkpt>
      <trkpt lat="43.974202003" lon="7.402979003">
        <ele>1539.07</ele>
      </trkpt>
      <trkpt lat="43.974220998" lon="7.402971996">
        <ele>1538.94</ele>
      </trkpt>
      <trkpt lat="43.974237998" lon="7.402955">
        <ele>1538.2</ele>
      </trkpt>
      <trkpt lat="43.974251001" lon="7.402921992">
        <ele>1541.11</ele>
      </trkpt>
      <trkpt lat="43.974256002" lon="7.402880004">
        <ele>1542.96</ele>
      </trkpt>
      <trkpt lat="43.974254002" lon="7.402828999">
        <ele>1543.97</ele>
      </trkpt>
      <trkpt lat="43.974221" lon="7.402730003">
        <ele>1543.92</ele>
      </trkpt>
      <trkpt lat="43.974196996" lon="7.402641001">
        <ele>1547.45</ele>
      </trkpt>
      <trkpt lat="43.974171003" lon="7.402513002">
        <ele>1546.46</ele>
      </trkpt>
      <trkpt lat="43.974160003" lon="7.402390993">
        <ele>1544.75</ele>
      </trkpt>
      <trkpt lat="43.974160003" lon="7.402325003">
        <ele>1545.16</ele>
      </trkpt>
      <trkpt lat="43.974179" lon="7.402169003">
        <ele>1545.42</ele>
      </trkpt>
      <trkpt lat="43.974167998" lon="7.401873">
        <ele>1545.1</ele>
      </trkpt>
      <trkpt lat="43.974133995" lon="7.401740002">
        <ele>1543.69</ele>
      </trkpt>
      <trkpt lat="43.974099002" lon="7.401617001">
        <ele>1542.12</ele>
      </trkpt>
      <trkpt lat="43.974082995" lon="7.401436004">
        <ele>1539.3</ele>
      </trkpt>
      <trkpt lat="43.974059005" lon="7.401248">
        <ele>1537.33</ele>
      </trkpt>
      <trkpt lat="43.974068002" lon="7.400917996">
        <ele>1534.62</ele>
      </trkpt>
      <trkpt lat="43.974069003" lon="7.400837006">
        <ele>1532.21</ele>
      </trkpt>
      <trkpt lat="43.974075003" lon="7.400709995">
        <ele>1530.4</ele>
      </trkpt>
      <trkpt lat="43.974095002" lon="7.400535999">
        <ele>1530.68</ele>
      </trkpt>
      <trkpt lat="43.974107996" lon="7.400389995">
        <ele>1529.6</ele>
      </trkpt>
      <trkpt lat="43.974111002" lon="7.400195003">
        <ele>1525.75</ele>
      </trkpt>
      <trkpt lat="43.974111999" lon="7.400037999">
        <ele>1528.63</ele>
      </trkpt>
      <trkpt lat="43.974122999" lon="7.399966992">
        <ele>1531.94</ele>
      </trkpt>
      <trkpt lat="43.974161002" lon="7.399858005">
        <ele>1533.32</ele>
      </trkpt>
      <trkpt lat="43.974238999" lon="7.399702006">
        <ele>1530.39</ele>
      </trkpt>
      <trkpt lat="43.974275001" lon="7.399671997">
        <ele>1528.79</ele>
      </trkpt>
      <trkpt lat="43.974308996" lon="7.399673">
        <ele>1522.43</ele>
      </trkpt>
      <trkpt lat="43.974339" lon="7.399695001">
        <ele>1517.4</ele>
      </trkpt>
      <trkpt lat="43.974348" lon="7.399738995">
        <ele>1512.46</ele>
      </trkpt>
      <trkpt lat="43.974348996" lon="7.399788998">
        <ele>1520.99</ele>
      </trkpt>
      <trkpt lat="43.974339002" lon="7.399826994">
        <ele>1522.69</ele>
      </trkpt>
      <trkpt lat="43.974279998" lon="7.399907998">
        <ele>1524.46</ele>
      </trkpt>
      <trkpt lat="43.974240999" lon="7.399971001">
        <ele>1526.63</ele>
      </trkpt>
      <trkpt lat="43.974227002" lon="7.400007003">
        <ele>1530.62</ele>
      </trkpt>
      <trkpt lat="43.974222994" lon="7.400068003">
        <ele>1525.56</ele>
      </trkpt>
      <trkpt lat="43.974227998" lon="7.400219005">
        <ele>1526.82</ele>
      </trkpt>
      <trkpt lat="43.974263999" lon="7.400493998">
        <ele>1525.37</ele>
      </trkpt>
      <trkpt lat="43.974303004" lon="7.400818999">
        <ele>1525.04</ele>
      </trkpt>
      <trkpt lat="43.974325002" lon="7.400969005">
        <ele>1521.49</ele>
      </trkpt>
      <trkpt lat="43.974361" lon="7.401157002">
        <ele>1520.54</ele>
      </trkpt>
      <trkpt lat="43.974398996" lon="7.401318005">
        <ele>1519.51</ele>
      </trkpt>
      <trkpt lat="43.974442999" lon="7.401444">
        <ele>1518.71</ele>
      </trkpt>
      <trkpt lat="43.974627999" lon="7.401996006">
        <ele>1517.41</ele>
      </trkpt>
      <trkpt lat="43.974697004" lon="7.402171002">
        <ele>1518.65</ele>
      </trkpt>
      <trkpt lat="43.974743002" lon="7.402308998">
        <ele>1516.84</ele>
      </trkpt>
      <trkpt lat="43.974790995" lon="7.402430996">
        <ele>1516.23</ele>
      </trkpt>
      <trkpt lat="43.974835998" lon="7.402573995">
        <ele>1513.99</ele>
      </trkpt>
      <trkpt lat="43.974858996" lon="7.402661997">
        <ele>1515.71</ele>
      </trkpt>
      <trkpt lat="43.974865002" lon="7.402746002">
        <ele>1512.99</ele>
      </trkpt>
      <trkpt lat="43.974855001" lon="7.402815002">
        <ele>1513.45</ele>
      </trkpt>
      <trkpt lat="43.974823996" lon="7.403003002">
        <ele>1513.55</ele>
      </trkpt>
      <trkpt lat="43.974810997" lon="7.403086">
        <ele>1518.02</ele>
      </trkpt>
      <trkpt lat="43.974807002" lon="7.403152006">
        <ele>1512.69</ele>
      </trkpt>
      <trkpt lat="43.974815996" lon="7.403213999">
        <ele>1507.61</ele>
      </trkpt>
      <trkpt lat="43.974835997" lon="7.403300996">
        <ele>1502.32</ele>
      </trkpt>
      <trkpt lat="43.974868996" lon="7.403394002">
        <ele>1496.69</ele>
      </trkpt>
      <trkpt lat="43.974903999" lon="7.403471998">
        <ele>1490.69</ele>
      </trkpt>
      <trkpt lat="43.974916999" lon="7.403517999">
        <ele>1489.51</ele>
      </trkpt>
      <trkpt lat="43.974925005" lon="7.403559995">
        <ele>1491.7</ele>
      </trkpt>
      <trkpt lat="43.974928002" lon="7.403618005">
        <ele>1489.13</ele>
      </trkpt>
      <trkpt lat="43.974921001" lon="7.403685003">
        <ele>1492.5</ele>
      </trkpt>
      <trkpt lat="43.974893998" lon="7.403803003">
        <ele>1492.26</ele>
      </trkpt>
      <trkpt lat="43.974855004" lon="7.403946999">
        <ele>1487.94</ele>
      </trkpt>
      <trkpt lat="43.974771002" lon="7.404275003">
        <ele>1483.84</ele>
      </trkpt>
      <trkpt lat="43.974698002" lon="7.404587007">
        <ele>1484.68</ele>
      </trkpt>
      <trkpt lat="43.974648" lon="7.404746002">
        <ele>1479.62</ele>
      </trkpt>
      <trkpt lat="43.974515995" lon="7.405118996">
        <ele>1473.49</ele>
      </trkpt>
      <trkpt lat="43.974441004" lon="7.405331002">
        <ele>1470.57</ele>
      </trkpt>
      <trkpt lat="43.974371" lon="7.405536005">
        <ele>1468.59</ele>
      </trkpt>
      <trkpt lat="43.974339998" lon="7.405599997">
        <ele>1464.71</ele>
      </trkpt>
      <trkpt lat="43.974288004" lon="7.405670005">
        <ele>1459.86</ele>
      </trkpt>
      <trkpt lat="43.974250001" lon="7.405725006">
        <ele>1457.53</ele>
      </trkpt>
      <trkpt lat="43.974239999" lon="7.405776992">
        <ele>1455.51</ele>
      </trkpt>
      <trkpt lat="43.974242999" lon="7.405832006">
        <ele>1452.03</ele>
      </trkpt>
      <trkpt lat="43.974250997" lon="7.405862993">
        <ele>1449.73</ele>
      </trkpt>
      <trkpt lat="43.974275" lon="7.405877992">
        <ele>1448.24</ele>
      </trkpt>
      <trkpt lat="43.974306999" lon="7.405877996">
        <ele>1448.87</ele>
      </trkpt>
      <trkpt lat="43.974336002" lon="7.405865997">
        <ele>1451.27</ele>
      </trkpt>
      <trkpt lat="43.974354998" lon="7.405839994">
        <ele>1454.17</ele>
      </trkpt>
      <trkpt lat="43.974376999" lon="7.405772997">
        <ele>1457.28</ele>
      </trkpt>
      <trkpt lat="43.974419005" lon="7.405602001">
        <ele>1464.13</ele>
      </trkpt>
      <trkpt lat="43.974449999" lon="7.405505993">
        <ele>1466.61</ele>
      </trkpt>
      <trkpt lat="43.974530001" lon="7.405310999">
        <ele>1467.23</ele>
      </trkpt>
      <trkpt lat="43.974611997" lon="7.405143008">
        <ele>1472.62</ele>
      </trkpt>
      <trkpt lat="43.974714003" lon="7.404995998">
        <ele>1477.42</ele>
      </trkpt>
      <trkpt lat="43.974788004" lon="7.40487">
        <ele>1471.24</ele>
      </trkpt>
      <trkpt lat="43.974849002" lon="7.404761994">
        <ele>1474.38</ele>
      </trkpt>
      <trkpt lat="43.974904002" lon="7.404640006">
        <ele>1477.02</ele>
      </trkpt>
      <trkpt lat="43.974938004" lon="7.404534006">
        <ele>1473.69</ele>
      </trkpt>
      <trkpt lat="43.975000995" lon="7.404370996">
        <ele>1475.02</ele>
      </trkpt>
      <trkpt lat="43.975059995" lon="7.404244998">
        <ele>1478</ele>
      </trkpt>
      <trkpt lat="43.975138004" lon="7.404090001">
        <ele>1475.86</ele>
      </trkpt>
      <trkpt lat="43.975214003" lon="7.403994">
        <ele>1474.47</ele>
      </trkpt>
      <trkpt lat="43.975312002" lon="7.403888004">
        <ele>1472.86</ele>
      </trkpt>
      <trkpt lat="43.9754" lon="7.403762">
        <ele>1465.04</ele>
      </trkpt>
      <trkpt lat="43.975467002" lon="7.403625997">
        <ele>1465.86</ele>
      </trkpt>
      <trkpt lat="43.975558997" lon="7.403389">
        <ele>1465.8</ele>
      </trkpt>
      <trkpt lat="43.975620006" lon="7.403224998">
        <ele>1465.1</ele>
      </trkpt>
      <trkpt lat="43.975645" lon="7.403130007">
        <ele>1464.23</ele>
      </trkpt>
      <trkpt lat="43.975650004" lon="7.403064003">
        <ele>1467.72</ele>
      </trkpt>
      <trkpt lat="43.975645999" lon="7.402963001">
        <ele>1465.14</ele>
      </trkpt>
      <trkpt lat="43.975619006" lon="7.402798999">
        <ele>1464.25</ele>
      </trkpt>
      <trkpt lat="43.975561002" lon="7.402517006">
        <ele>1462.79</ele>
      </trkpt>
      <trkpt lat="43.975517003" lon="7.402279994">
        <ele>1463.32</ele>
      </trkpt>
      <trkpt lat="43.975481997" lon="7.402139001">
        <ele>1462.3</ele>
      </trkpt>
      <trkpt lat="43.975429004" lon="7.401994997">
        <ele>1463.28</ele>
      </trkpt>
      <trkpt lat="43.975337999" lon="7.401764002">
        <ele>1462.83</ele>
      </trkpt>
      <trkpt lat="43.975327999" lon="7.401683994">
        <ele>1465.57</ele>
      </trkpt>
      <trkpt lat="43.975337" lon="7.401634001">
        <ele>1466.92</ele>
      </trkpt>
      <trkpt lat="43.975350998" lon="7.401616997">
        <ele>1466.9</ele>
      </trkpt>
      <trkpt lat="43.975372" lon="7.401599996">
        <ele>1465.49</ele>
      </trkpt>
      <trkpt lat="43.975402004" lon="7.401587998">
        <ele>1461.91</ele>
      </trkpt>
      <trkpt lat="43.975437" lon="7.401606005">
        <ele>1456.76</ele>
      </trkpt>
      <trkpt lat="43.975461997" lon="7.401648004">
        <ele>1454.21</ele>
      </trkpt>
      <trkpt lat="43.975478001" lon="7.401695997">
        <ele>1452.5</ele>
      </trkpt>
      <trkpt lat="43.975544999" lon="7.401932002">
        <ele>1453.31</ele>
      </trkpt>
      <trkpt lat="43.975561004" lon="7.401986">
        <ele>1454.47</ele>
      </trkpt>
      <trkpt lat="43.975589" lon="7.402032999">
        <ele>1455.22</ele>
      </trkpt>
      <trkpt lat="43.975782998" lon="7.402376004">
        <ele>1451.49</ele>
      </trkpt>
      <trkpt lat="43.975958997" lon="7.402692994">
        <ele>1447.97</ele>
      </trkpt>
      <trkpt lat="43.975980996" lon="7.402765991">
        <ele>1440.4</ele>
      </trkpt>
      <trkpt lat="43.975997" lon="7.402854003">
        <ele>1436.7</ele>
      </trkpt>
      <trkpt lat="43.976005996" lon="7.402961994">
        <ele>1433.88</ele>
      </trkpt>
      <trkpt lat="43.976005998" lon="7.403131001">
        <ele>1430.03</ele>
      </trkpt>
      <trkpt lat="43.976" lon="7.403239992">
        <ele>1431.61</ele>
      </trkpt>
      <trkpt lat="43.975980998" lon="7.403399004">
        <ele>1433.02</ele>
      </trkpt>
      <trkpt lat="43.975928996" lon="7.403629996">
        <ele>1433.2</ele>
      </trkpt>
      <trkpt lat="43.975858003" lon="7.403903006">
        <ele>1432.57</ele>
      </trkpt>
      <trkpt lat="43.975817004" lon="7.404013996">
        <ele>1429.36</ele>
      </trkpt>
      <trkpt lat="43.975778" lon="7.404105007">
        <ele>1425.79</ele>
      </trkpt>
      <trkpt lat="43.975728998" lon="7.404165002">
        <ele>1426.43</ele>
      </trkpt>
      <trkpt lat="43.975665999" lon="7.404231003">
        <ele>1427.27</ele>
      </trkpt>
      <trkpt lat="43.975602003" lon="7.404298001">
        <ele>1428.54</ele>
      </trkpt>
      <trkpt lat="43.975562998" lon="7.404362001">
        <ele>1436.84</ele>
      </trkpt>
      <trkpt lat="43.975538996" lon="7.404425001">
        <ele>1432.86</ele>
      </trkpt>
      <trkpt lat="43.975512001" lon="7.404540993">
        <ele>1428.71</ele>
      </trkpt>
      <trkpt lat="43.975459996" lon="7.404769997">
        <ele>1424.87</ele>
      </trkpt>
      <trkpt lat="43.975436003" lon="7.404837004">
        <ele>1421.83</ele>
      </trkpt>
      <trkpt lat="43.975375005" lon="7.404985003">
        <ele>1418.94</ele>
      </trkpt>
      <trkpt lat="43.975318003" lon="7.405105002">
        <ele>1418.44</ele>
      </trkpt>
      <trkpt lat="43.975241996" lon="7.405246997">
        <ele>1424.55</ele>
      </trkpt>
      <trkpt lat="43.975170005" lon="7.405410996">
        <ele>1430.74</ele>
      </trkpt>
      <trkpt lat="43.975114" lon="7.405563">
        <ele>1436.41</ele>
      </trkpt>
      <trkpt lat="43.975088999" lon="7.405655005">
        <ele>1435.1</ele>
      </trkpt>
      <trkpt lat="43.975074001" lon="7.405738996">
        <ele>1439.36</ele>
      </trkpt>
      <trkpt lat="43.975069997" lon="7.405830003">
        <ele>1437.79</ele>
      </trkpt>
      <trkpt lat="43.975069" lon="7.405961996">
        <ele>1435.93</ele>
      </trkpt>
      <trkpt lat="43.975066004" lon="7.406049">
        <ele>1434.01</ele>
      </trkpt>
      <trkpt lat="43.975053997" lon="7.406106">
        <ele>1432.54</ele>
      </trkpt>
      <trkpt lat="43.975038001" lon="7.406182999">
        <ele>1430.95</ele>
      </trkpt>
      <trkpt lat="43.975035998" lon="7.406292996">
        <ele>1429.49</ele>
      </trkpt>
      <trkpt lat="43.975044999" lon="7.406400998">
        <ele>1428.31</ele>
      </trkpt>
      <trkpt lat="43.975045001" lon="7.406493002">
        <ele>1421.07</ele>
      </trkpt>
      <trkpt lat="43.975029998" lon="7.406575994">
        <ele>1421.85</ele>
      </trkpt>
      <trkpt lat="43.974998998" lon="7.406710996">
        <ele>1421.18</ele>
      </trkpt>
      <trkpt lat="43.974912996" lon="7.406997004">
        <ele>1415.04</ele>
      </trkpt>
      <trkpt lat="43.974800997" lon="7.407346005">
        <ele>1407.94</ele>
      </trkpt>
      <trkpt lat="43.974709996" lon="7.407632998">
        <ele>1405.85</ele>
      </trkpt>
      <trkpt lat="43.974670996" lon="7.407756008">
        <ele>1396.49</ele>
      </trkpt>
      <trkpt lat="43.974618" lon="7.407866003">
        <ele>1390.82</ele>
      </trkpt>
      <trkpt lat="43.974585997" lon="7.407913005">
        <ele>1388.71</ele>
      </trkpt>
      <trkpt lat="43.974552002" lon="7.407936998">
        <ele>1385.81</ele>
      </trkpt>
      <trkpt lat="43.974491" lon="7.407951">
        <ele>1382.76</ele>
      </trkpt>
      <trkpt lat="43.974418998" lon="7.407952992">
        <ele>1383.76</ele>
      </trkpt>
      <trkpt lat="43.974384" lon="7.407943993">
        <ele>1382.04</ele>
      </trkpt>
      <trkpt lat="43.974346998" lon="7.407922994">
        <ele>1378.21</ele>
      </trkpt>
      <trkpt lat="43.974306997" lon="7.407872007">
        <ele>1376.44</ele>
      </trkpt>
      <trkpt lat="43.974274998" lon="7.407803003">
        <ele>1376.28</ele>
      </trkpt>
      <trkpt lat="43.974231999" lon="7.407680002">
        <ele>1377.17</ele>
      </trkpt>
      <trkpt lat="43.974191" lon="7.407557005">
        <ele>1375.43</ele>
      </trkpt>
      <trkpt lat="43.974158996" lon="7.407489">
        <ele>1376.98</ele>
      </trkpt>
      <trkpt lat="43.974074996" lon="7.407338001">
        <ele>1377.39</ele>
      </trkpt>
      <trkpt lat="43.974009" lon="7.407205009">
        <ele>1376.74</ele>
      </trkpt>
      <trkpt lat="43.973943001" lon="7.407077009">
        <ele>1375.51</ele>
      </trkpt>
      <trkpt lat="43.973850998" lon="7.406934004">
        <ele>1375.75</ele>
      </trkpt>
      <trkpt lat="43.973766003" lon="7.406811">
        <ele>1375.47</ele>
      </trkpt>
      <trkpt lat="43.973728003" lon="7.406762004">
        <ele>1374.79</ele>
      </trkpt>
      <trkpt lat="43.973687003" lon="7.406733994">
        <ele>1375.03</ele>
      </trkpt>
      <trkpt lat="43.973607003" lon="7.406683995">
        <ele>1374.41</ele>
      </trkpt>
      <trkpt lat="43.973420999" lon="7.406600995">
        <ele>1373.59</ele>
      </trkpt>
      <trkpt lat="43.973372002" lon="7.406568997">
        <ele>1372.01</ele>
      </trkpt>
      <trkpt lat="43.973337003" lon="7.406534999">
        <ele>1373.24</ele>
      </trkpt>
      <trkpt lat="43.973269002" lon="7.406453003">
        <ele>1372.49</ele>
      </trkpt>
      <trkpt lat="43.973185004" lon="7.406356002">
        <ele>1371.74</ele>
      </trkpt>
      <trkpt lat="43.973130005" lon="7.406307002">
        <ele>1370.12</ele>
      </trkpt>
      <trkpt lat="43.973086003" lon="7.406280995">
        <ele>1369.38</ele>
      </trkpt>
      <trkpt lat="43.973011999" lon="7.406260006">
        <ele>1362.87</ele>
      </trkpt>
      <trkpt lat="43.972799" lon="7.406227005">
        <ele>1363.89</ele>
      </trkpt>
      <trkpt lat="43.972646995" lon="7.406222">
        <ele>1364.94</ele>
      </trkpt>
      <trkpt lat="43.972592998" lon="7.406225001">
        <ele>1366.59</ele>
      </trkpt>
      <trkpt lat="43.972542003" lon="7.406244995">
        <ele>1372.33</ele>
      </trkpt>
      <trkpt lat="43.972481004" lon="7.406293997">
        <ele>1380.25</ele>
      </trkpt>
      <trkpt lat="43.972283" lon="7.406512005">
        <ele>1380.98</ele>
      </trkpt>
      <trkpt lat="43.972225006" lon="7.406595999">
        <ele>1378.1</ele>
      </trkpt>
      <trkpt lat="43.972197998" lon="7.406628008">
        <ele>1378.17</ele>
      </trkpt>
      <trkpt lat="43.972130998" lon="7.406684994">
        <ele>1374.17</ele>
      </trkpt>
      <trkpt lat="43.972017999" lon="7.406779997">
        <ele>1371.33</ele>
      </trkpt>
      <trkpt lat="43.9719" lon="7.406867997">
        <ele>1369.2</ele>
      </trkpt>
      <trkpt lat="43.971869005" lon="7.406903006">
        <ele>1371.54</ele>
      </trkpt>
      <trkpt lat="43.971856004" lon="7.406933003">
        <ele>1371.9</ele>
      </trkpt>
      <trkpt lat="43.971853996" lon="7.406961991">
        <ele>1372.49</ele>
      </trkpt>
      <trkpt lat="43.971857999" lon="7.406988998">
        <ele>1373.23</ele>
      </trkpt>
      <trkpt lat="43.971867997" lon="7.407013997">
        <ele>1374.02</ele>
      </trkpt>
      <trkpt lat="43.971880001" lon="7.407024998">
        <ele>1374.88</ele>
      </trkpt>
      <trkpt lat="43.971895" lon="7.407027007">
        <ele>1375.83</ele>
      </trkpt>
      <trkpt lat="43.971927998" lon="7.407019001">
        <ele>1373.47</ele>
      </trkpt>
      <trkpt lat="43.972028005" lon="7.406950003">
        <ele>1371.51</ele>
      </trkpt>
      <trkpt lat="43.972146005" lon="7.406847001">
        <ele>1369.78</ele>
      </trkpt>
      <trkpt lat="43.972272" lon="7.406741995">
        <ele>1368.5</ele>
      </trkpt>
      <trkpt lat="43.972333999" lon="7.406667997">
        <ele>1367.77</ele>
      </trkpt>
      <trkpt lat="43.972397998" lon="7.406591994">
        <ele>1371.01</ele>
      </trkpt>
      <trkpt lat="43.972457" lon="7.406542003">
        <ele>1374.38</ele>
      </trkpt>
      <trkpt lat="43.972515998" lon="7.406509996">
        <ele>1378.19</ele>
      </trkpt>
      <trkpt lat="43.972559" lon="7.406497995">
        <ele>1376.89</ele>
      </trkpt>
      <trkpt lat="43.972604998" lon="7.406502003">
        <ele>1370.83</ele>
      </trkpt>
      <trkpt lat="43.972718998" lon="7.406553994">
        <ele>1364.06</ele>
      </trkpt>
      <trkpt lat="43.972882997" lon="7.406644002">
        <ele>1356.83</ele>
      </trkpt>
      <trkpt lat="43.972978995" lon="7.406694002">
        <ele>1349.01</ele>
      </trkpt>
      <trkpt lat="43.973022001" lon="7.406718997">
        <ele>1345.8</ele>
      </trkpt>
      <trkpt lat="43.973062997" lon="7.406743998">
        <ele>1346.54</ele>
      </trkpt>
      <trkpt lat="43.973125001" lon="7.406818004">
        <ele>1346.74</ele>
      </trkpt>
      <trkpt lat="43.973262003" lon="7.406968994">
        <ele>1347.11</ele>
      </trkpt>
      <trkpt lat="43.973373004" lon="7.407079005">
        <ele>1346.89</ele>
      </trkpt>
      <trkpt lat="43.973463997" lon="7.407199003">
        <ele>1346.46</ele>
      </trkpt>
      <trkpt lat="43.973505" lon="7.407257992">
        <ele>1345.73</ele>
      </trkpt>
      <trkpt lat="43.973533998" lon="7.407322993">
        <ele>1345.4</ele>
      </trkpt>
      <trkpt lat="43.973555" lon="7.407406996">
        <ele>1344.52</ele>
      </trkpt>
      <trkpt lat="43.973572996" lon="7.407517002">
        <ele>1343.8</ele>
      </trkpt>
      <trkpt lat="43.973577" lon="7.407543997">
        <ele>1342.89</ele>
      </trkpt>
      <trkpt lat="43.973592" lon="7.407592001">
        <ele>1342.06</ele>
      </trkpt>
      <trkpt lat="43.973628999" lon="7.407668006">
        <ele>1341.11</ele>
      </trkpt>
      <trkpt lat="43.973693997" lon="7.407771003">
        <ele>1342.48</ele>
      </trkpt>
      <trkpt lat="43.973734004" lon="7.407835008">
        <ele>1343.58</ele>
      </trkpt>
      <trkpt lat="43.973756998" lon="7.407896">
        <ele>1344.41</ele>
      </trkpt>
      <trkpt lat="43.973772996" lon="7.407980003">
        <ele>1344.03</ele>
      </trkpt>
      <trkpt lat="43.973778998" lon="7.40806">
        <ele>1344.64</ele>
      </trkpt>
      <trkpt lat="43.973774005" lon="7.408258995">
        <ele>1342.45</ele>
      </trkpt>
      <trkpt lat="43.973771002" lon="7.408341003">
        <ele>1340.03</ele>
      </trkpt>
      <trkpt lat="43.973772002" lon="7.408430998">
        <ele>1337.11</ele>
      </trkpt>
      <trkpt lat="43.973781999" lon="7.408543994">
        <ele>1335.22</ele>
      </trkpt>
      <trkpt lat="43.973809006" lon="7.408711003">
        <ele>1332.01</ele>
      </trkpt>
      <trkpt lat="43.973824998" lon="7.408807001">
        <ele>1329.12</ele>
      </trkpt>
      <trkpt lat="43.973832998" lon="7.408877005">
        <ele>1326.86</ele>
      </trkpt>
      <trkpt lat="43.973838998" lon="7.408927995">
        <ele>1325.55</ele>
      </trkpt>
      <trkpt lat="43.973852994" lon="7.408964002">
        <ele>1324.74</ele>
      </trkpt>
      <trkpt lat="43.973861999" lon="7.408987003">
        <ele>1324.56</ele>
      </trkpt>
      <trkpt lat="43.973896999" lon="7.409031002">
        <ele>1325.12</ele>
      </trkpt>
      <trkpt lat="43.973929004" lon="7.409056994">
        <ele>1325.8</ele>
      </trkpt>
      <trkpt lat="43.973974004" lon="7.409075006">
        <ele>1327.67</ele>
      </trkpt>
      <trkpt lat="43.974029" lon="7.409091008">
        <ele>1331.3</ele>
      </trkpt>
      <trkpt lat="43.974120005" lon="7.409094993">
        <ele>1334.66</ele>
      </trkpt>
      <trkpt lat="43.974262001" lon="7.409078">
        <ele>1339.31</ele>
      </trkpt>
      <trkpt lat="43.974426" lon="7.409040005">
        <ele>1344.62</ele>
      </trkpt>
      <trkpt lat="43.974506" lon="7.409033004">
        <ele>1349.66</ele>
      </trkpt>
      <trkpt lat="43.974537996" lon="7.409033995">
        <ele>1347.64</ele>
      </trkpt>
      <trkpt lat="43.974578997" lon="7.409047005">
        <ele>1346.97</ele>
      </trkpt>
      <trkpt lat="43.974621998" lon="7.409071003">
        <ele>1342.3</ele>
      </trkpt>
      <trkpt lat="43.974676003" lon="7.409131001">
        <ele>1336.16</ele>
      </trkpt>
      <trkpt lat="43.974839004" lon="7.409338996">
        <ele>1327.74</ele>
      </trkpt>
      <trkpt lat="43.975002999" lon="7.409534">
        <ele>1324.97</ele>
      </trkpt>
      <trkpt lat="43.975060002" lon="7.409600997">
        <ele>1319.3</ele>
      </trkpt>
      <trkpt lat="43.975100996" lon="7.409624004">
        <ele>1316.47</ele>
      </trkpt>
      <trkpt lat="43.975151995" lon="7.409637001">
        <ele>1314.82</ele>
      </trkpt>
      <trkpt lat="43.975194002" lon="7.409627995">
        <ele>1315.21</ele>
      </trkpt>
      <trkpt lat="43.975224999" lon="7.409618">
        <ele>1317.61</ele>
      </trkpt>
      <trkpt lat="43.975267997" lon="7.409586005">
        <ele>1322.36</ele>
      </trkpt>
      <trkpt lat="43.975305998" lon="7.409527998">
        <ele>1327.16</ele>
      </trkpt>
      <trkpt lat="43.975359999" lon="7.409406996">
        <ele>1327.35</ele>
      </trkpt>
      <trkpt lat="43.975407002" lon="7.409295002">
        <ele>1332.43</ele>
      </trkpt>
      <trkpt lat="43.975469" lon="7.409184006">
        <ele>1335.33</ele>
      </trkpt>
      <trkpt lat="43.975519001" lon="7.409120998">
        <ele>1338.25</ele>
      </trkpt>
      <trkpt lat="43.975574003" lon="7.409070996">
        <ele>1335.19</ele>
      </trkpt>
      <trkpt lat="43.975675004" lon="7.409010001">
        <ele>1336.64</ele>
      </trkpt>
      <trkpt lat="43.975796005" lon="7.408936997">
        <ele>1332.64</ele>
      </trkpt>
      <trkpt lat="43.975856994" lon="7.408879994">
        <ele>1328.34</ele>
      </trkpt>
      <trkpt lat="43.975889002" lon="7.408834004">
        <ele>1327.44</ele>
      </trkpt>
      <trkpt lat="43.975919994" lon="7.408778998">
        <ele>1331.48</ele>
      </trkpt>
      <trkpt lat="43.975940994" lon="7.408720996">
        <ele>1334.65</ele>
      </trkpt>
      <trkpt lat="43.975955002" lon="7.408657997">
        <ele>1336.76</ele>
      </trkpt>
      <trkpt lat="43.975960004" lon="7.408585002">
        <ele>1337.98</ele>
      </trkpt>
      <trkpt lat="43.975962997" lon="7.408457006">
        <ele>1334.68</ele>
      </trkpt>
      <trkpt lat="43.975968004" lon="7.408340998">
        <ele>1331.52</ele>
      </trkpt>
      <trkpt lat="43.975974003" lon="7.408280999">
        <ele>1328.52</ele>
      </trkpt>
      <trkpt lat="43.975985996" lon="7.408214999">
        <ele>1326.16</ele>
      </trkpt>
      <trkpt lat="43.976006998" lon="7.408125006">
        <ele>1324.17</ele>
      </trkpt>
      <trkpt lat="43.976035001" lon="7.408044005">
        <ele>1326.2</ele>
      </trkpt>
      <trkpt lat="43.976104005" lon="7.407930003">
        <ele>1328.18</ele>
      </trkpt>
      <trkpt lat="43.976182996" lon="7.407834998">
        <ele>1330.03</ele>
      </trkpt>
      <trkpt lat="43.976213002" lon="7.407789002">
        <ele>1327.51</ele>
      </trkpt>
      <trkpt lat="43.976249998" lon="7.407716997">
        <ele>1324.97</ele>
      </trkpt>
      <trkpt lat="43.976267" lon="7.407664003">
        <ele>1321.37</ele>
      </trkpt>
      <trkpt lat="43.976275" lon="7.407600002">
        <ele>1316.1</ele>
      </trkpt>
      <trkpt lat="43.976274996" lon="7.407388992">
        <ele>1315.45</ele>
      </trkpt>
      <trkpt lat="43.976268996" lon="7.407176007">
        <ele>1318.91</ele>
      </trkpt>
      <trkpt lat="43.976270995" lon="7.407040007">
        <ele>1322.23</ele>
      </trkpt>
      <trkpt lat="43.976272001" lon="7.406977998">
        <ele>1321.51</ele>
      </trkpt>
      <trkpt lat="43.976283005" lon="7.406909">
        <ele>1327.23</ele>
      </trkpt>
      <trkpt lat="43.976323999" lon="7.406761999">
        <ele>1327.29</ele>
      </trkpt>
      <trkpt lat="43.976383001" lon="7.406584">
        <ele>1327.04</ele>
      </trkpt>
      <trkpt lat="43.976450998" lon="7.406405997">
        <ele>1326.13</ele>
      </trkpt>
      <trkpt lat="43.976495002" lon="7.406301006">
        <ele>1325.22</ele>
      </trkpt>
      <trkpt lat="43.976571004" lon="7.406148">
        <ele>1319.13</ele>
      </trkpt>
      <trkpt lat="43.976673997" lon="7.405954004">
        <ele>1315.04</ele>
      </trkpt>
      <trkpt lat="43.976756003" lon="7.405826001">
        <ele>1312.57</ele>
      </trkpt>
      <trkpt lat="43.976859996" lon="7.405693008">
        <ele>1311.55</ele>
      </trkpt>
      <trkpt lat="43.976978995" lon="7.405526999">
        <ele>1311.89</ele>
      </trkpt>
      <trkpt lat="43.977039998" lon="7.405440996">
        <ele>1313.02</ele>
      </trkpt>
      <trkpt lat="43.977093005" lon="7.405348994">
        <ele>1313.89</ele>
      </trkpt>
      <trkpt lat="43.977129003" lon="7.405313994">
        <ele>1314.25</ele>
      </trkpt>
      <trkpt lat="43.977166001" lon="7.405297995">
        <ele>1314.75</ele>
      </trkpt>
      <trkpt lat="43.977187003" lon="7.405297997">
        <ele>1315.71</ele>
      </trkpt>
      <trkpt lat="43.977206999" lon="7.405312">
        <ele>1316.87</ele>
      </trkpt>
      <trkpt lat="43.977222004" lon="7.405342007">
        <ele>1314.18</ele>
      </trkpt>
      <trkpt lat="43.977227" lon="7.405368994">
        <ele>1311.36</ele>
      </trkpt>
      <trkpt lat="43.977222006" lon="7.405405006">
        <ele>1307.87</ele>
      </trkpt>
      <trkpt lat="43.977203999" lon="7.405438002">
        <ele>1308.7</ele>
      </trkpt>
      <trkpt lat="43.977103997" lon="7.405544006">
        <ele>1303.19</ele>
      </trkpt>
      <trkpt lat="43.977004002" lon="7.405675999">
        <ele>1302.31</ele>
      </trkpt>
      <trkpt lat="43.976888003" lon="7.405876005">
        <ele>1302.34</ele>
      </trkpt>
      <trkpt lat="43.976682004" lon="7.406264994">
        <ele>1303.76</ele>
      </trkpt>
      <trkpt lat="43.976638005" lon="7.406372994">
        <ele>1301.55</ele>
      </trkpt>
      <trkpt lat="43.976598996" lon="7.406487995">
        <ele>1301.92</ele>
      </trkpt>
      <trkpt lat="43.976574995" lon="7.406604994">
        <ele>1302.32</ele>
      </trkpt>
      <trkpt lat="43.976564998" lon="7.406706">
        <ele>1302.56</ele>
      </trkpt>
      <trkpt lat="43.976555999" lon="7.406813998">
        <ele>1302.62</ele>
      </trkpt>
      <trkpt lat="43.976552999" lon="7.406902003">
        <ele>1298.51</ele>
      </trkpt>
      <trkpt lat="43.976566002" lon="7.406988999">
        <ele>1299.58</ele>
      </trkpt>
      <trkpt lat="43.976596998" lon="7.40712">
        <ele>1300.58</ele>
      </trkpt>
      <trkpt lat="43.976639998" lon="7.407308001">
        <ele>1297.54</ele>
      </trkpt>
      <trkpt lat="43.976659998" lon="7.407406997">
        <ele>1294.6</ele>
      </trkpt>
      <trkpt lat="43.976668" lon="7.407523002">
        <ele>1295.42</ele>
      </trkpt>
      <trkpt lat="43.976669001" lon="7.407630002">
        <ele>1295.28</ele>
      </trkpt>
      <trkpt lat="43.976663996" lon="7.407708003">
        <ele>1290.43</ele>
      </trkpt>
      <trkpt lat="43.976645001" lon="7.407799001">
        <ele>1290.04</ele>
      </trkpt>
      <trkpt lat="43.976603996" lon="7.407922997">
        <ele>1289.27</ele>
      </trkpt>
      <trkpt lat="43.976559004" lon="7.408056008">
        <ele>1288.4</ele>
      </trkpt>
      <trkpt lat="43.976544998" lon="7.408107998">
        <ele>1287.29</ele>
      </trkpt>
      <trkpt lat="43.976538996" lon="7.408157999">
        <ele>1286.64</ele>
      </trkpt>
      <trkpt lat="43.976541002" lon="7.408201006">
        <ele>1286.61</ele>
      </trkpt>
      <trkpt lat="43.976571999" lon="7.408368993">
        <ele>1287.37</ele>
      </trkpt>
      <trkpt lat="43.976619003" lon="7.408509998">
        <ele>1288.65</ele>
      </trkpt>
      <trkpt lat="43.976644998" lon="7.408616997">
        <ele>1283.72</ele>
      </trkpt>
      <trkpt lat="43.976654999" lon="7.408703999">
        <ele>1282.99</ele>
      </trkpt>
      <trkpt lat="43.976653001" lon="7.408787">
        <ele>1281.08</ele>
      </trkpt>
      <trkpt lat="43.976635997" lon="7.408881997">
        <ele>1278.18</ele>
      </trkpt>
      <trkpt lat="43.976619999" lon="7.408957">
        <ele>1281.6</ele>
      </trkpt>
      <trkpt lat="43.976583994" lon="7.409029007">
        <ele>1283.7</ele>
      </trkpt>
      <trkpt lat="43.976525995" lon="7.409103005">
        <ele>1284.91</ele>
      </trkpt>
      <trkpt lat="43.976452004" lon="7.409206996">
        <ele>1285.65</ele>
      </trkpt>
      <trkpt lat="43.976422002" lon="7.409237003">
        <ele>1285.27</ele>
      </trkpt>
      <trkpt lat="43.976300002" lon="7.409453998">
        <ele>1277.08</ele>
      </trkpt>
      <trkpt lat="43.976144997" lon="7.409669997">
        <ele>1275.89</ele>
      </trkpt>
      <trkpt lat="43.976059003" lon="7.409799994">
        <ele>1270.27</ele>
      </trkpt>
      <trkpt lat="43.975936005" lon="7.410015998">
        <ele>1271.86</ele>
      </trkpt>
      <trkpt lat="43.975754004" lon="7.410413003">
        <ele>1267.21</ele>
      </trkpt>
      <trkpt lat="43.975649996" lon="7.410648">
        <ele>1263.2</ele>
      </trkpt>
      <trkpt lat="43.975564998" lon="7.410835002">
        <ele>1259.12</ele>
      </trkpt>
      <trkpt lat="43.975490003" lon="7.411009996">
        <ele>1262.29</ele>
      </trkpt>
      <trkpt lat="43.975433003" lon="7.411130003">
        <ele>1253.72</ele>
      </trkpt>
      <trkpt lat="43.975381004" lon="7.411221001">
        <ele>1251.11</ele>
      </trkpt>
      <trkpt lat="43.975335997" lon="7.411289998">
        <ele>1247.07</ele>
      </trkpt>
      <trkpt lat="43.975290999" lon="7.411333995">
        <ele>1241.8</ele>
      </trkpt>
      <trkpt lat="43.975236001" lon="7.411360005">
        <ele>1235.44</ele>
      </trkpt>
      <trkpt lat="43.975175006" lon="7.411369997">
        <ele>1231.68</ele>
      </trkpt>
      <trkpt lat="43.975042997" lon="7.411366003">
        <ele>1229.6</ele>
      </trkpt>
      <trkpt lat="43.974958003" lon="7.411348">
        <ele>1226.17</ele>
      </trkpt>
      <trkpt lat="43.974808996" lon="7.411304008">
        <ele>1227.87</ele>
      </trkpt>
      <trkpt lat="43.974674999" lon="7.411240995">
        <ele>1227.16</ele>
      </trkpt>
      <trkpt lat="43.974577003" lon="7.411179997">
        <ele>1227.73</ele>
      </trkpt>
      <trkpt lat="43.974482003" lon="7.411109994">
        <ele>1227.47</ele>
      </trkpt>
      <trkpt lat="43.974407996" lon="7.411040008">
        <ele>1229.51</ele>
      </trkpt>
      <trkpt lat="43.974371" lon="7.411001008">
        <ele>1228.55</ele>
      </trkpt>
      <trkpt lat="43.974331001" lon="7.410972997">
        <ele>1227.06</ele>
      </trkpt>
      <trkpt lat="43.974211001" lon="7.410899999">
        <ele>1234.85</ele>
      </trkpt>
      <trkpt lat="43.974074997" lon="7.410833999">
        <ele>1241.9</ele>
      </trkpt>
      <trkpt lat="43.974017" lon="7.410801">
        <ele>1248.3</ele>
      </trkpt>
      <trkpt lat="43.973979005" lon="7.410788997">
        <ele>1247.89</ele>
      </trkpt>
      <trkpt lat="43.973942995" lon="7.410792998">
        <ele>1247.45</ele>
      </trkpt>
      <trkpt lat="43.973905994" lon="7.410820002">
        <ele>1240.11</ele>
      </trkpt>
      <trkpt lat="43.973788996" lon="7.410932002">
        <ele>1233.11</ele>
      </trkpt>
      <trkpt lat="43.973725002" lon="7.411004008">
        <ele>1226.53</ele>
      </trkpt>
      <trkpt lat="43.973673004" lon="7.411043006">
        <ele>1224.59</ele>
      </trkpt>
      <trkpt lat="43.973627995" lon="7.411053999">
        <ele>1225.87</ele>
      </trkpt>
      <trkpt lat="43.973504998" lon="7.411061001">
        <ele>1224.98</ele>
      </trkpt>
      <trkpt lat="43.973429002" lon="7.411058998">
        <ele>1224.55</ele>
      </trkpt>
      <trkpt lat="43.973402001" lon="7.411058005">
        <ele>1224.49</ele>
      </trkpt>
      <trkpt lat="43.973386005" lon="7.411051">
        <ele>1225.44</ele>
      </trkpt>
      <trkpt lat="43.973372003" lon="7.411033003">
        <ele>1223.97</ele>
      </trkpt>
      <trkpt lat="43.973337997" lon="7.410998992">
        <ele>1222.54</ele>
      </trkpt>
      <trkpt lat="43.973295001" lon="7.410951004">
        <ele>1220.78</ele>
      </trkpt>
      <trkpt lat="43.973273" lon="7.410933998">
        <ele>1221.73</ele>
      </trkpt>
      <trkpt lat="43.973231002" lon="7.410918002">
        <ele>1222.18</ele>
      </trkpt>
      <trkpt lat="43.973175999" lon="7.410913993">
        <ele>1221.53</ele>
      </trkpt>
      <trkpt lat="43.973092" lon="7.410942998">
        <ele>1221.74</ele>
      </trkpt>
      <trkpt lat="43.972946004" lon="7.411028">
        <ele>1221.8</ele>
      </trkpt>
      <trkpt lat="43.972799004" lon="7.411140995">
        <ele>1212.91</ele>
      </trkpt>
      <trkpt lat="43.972734002" lon="7.411195997">
        <ele>1209.22</ele>
      </trkpt>
      <trkpt lat="43.972654995" lon="7.411245995">
        <ele>1206.07</ele>
      </trkpt>
      <trkpt lat="43.972569995" lon="7.411273">
        <ele>1200.74</ele>
      </trkpt>
      <trkpt lat="43.972513996" lon="7.411274006">
        <ele>1195.12</ele>
      </trkpt>
      <trkpt lat="43.972428003" lon="7.411265999">
        <ele>1199.21</ele>
      </trkpt>
      <trkpt lat="43.972381002" lon="7.411250003">
        <ele>1198.72</ele>
      </trkpt>
      <trkpt lat="43.972357998" lon="7.411242006">
        <ele>1199.07</ele>
      </trkpt>
      <trkpt lat="43.972338006" lon="7.411247996">
        <ele>1200.78</ele>
      </trkpt>
      <trkpt lat="43.972327999" lon="7.411262998">
        <ele>1203.36</ele>
      </trkpt>
      <trkpt lat="43.972326997" lon="7.411302998">
        <ele>1200.06</ele>
      </trkpt>
      <trkpt lat="43.972338998" lon="7.411329002">
        <ele>1197.54</ele>
      </trkpt>
      <trkpt lat="43.972369997" lon="7.411358">
        <ele>1196.86</ele>
      </trkpt>
      <trkpt lat="43.972401998" lon="7.411363998">
        <ele>1197.91</ele>
      </trkpt>
      <trkpt lat="43.972501006" lon="7.411367995">
        <ele>1195.43</ele>
      </trkpt>
      <trkpt lat="43.972588" lon="7.411353002">
        <ele>1198.04</ele>
      </trkpt>
      <trkpt lat="43.972688999" lon="7.411322006">
        <ele>1203.96</ele>
      </trkpt>
      <trkpt lat="43.972802003" lon="7.411278997">
        <ele>1208.93</ele>
      </trkpt>
      <trkpt lat="43.972883998" lon="7.411227994">
        <ele>1213.5</ele>
      </trkpt>
      <trkpt lat="43.973066002" lon="7.411161994">
        <ele>1221.92</ele>
      </trkpt>
      <trkpt lat="43.973153001" lon="7.411152006">
        <ele>1224.66</ele>
      </trkpt>
      <trkpt lat="43.973175005" lon="7.411153997">
        <ele>1223.85</ele>
      </trkpt>
      <trkpt lat="43.973197005" lon="7.411163002">
        <ele>1222.74</ele>
      </trkpt>
      <trkpt lat="43.973225001" lon="7.411181995">
        <ele>1215.02</ele>
      </trkpt>
      <trkpt lat="43.973263002" lon="7.411230008">
        <ele>1207.99</ele>
      </trkpt>
      <trkpt lat="43.973310003" lon="7.411273002">
        <ele>1205.24</ele>
      </trkpt>
      <trkpt lat="43.973342998" lon="7.411297">
        <ele>1203.7</ele>
      </trkpt>
      <trkpt lat="43.973381999" lon="7.411312003">
        <ele>1197.64</ele>
      </trkpt>
      <trkpt lat="43.973435994" lon="7.411322001">
        <ele>1200.59</ele>
      </trkpt>
      <trkpt lat="43.973572001" lon="7.411335004">
        <ele>1197.82</ele>
      </trkpt>
      <trkpt lat="43.973678998" lon="7.411348994">
        <ele>1199.73</ele>
      </trkpt>
      <trkpt lat="43.973803999" lon="7.411359997">
        <ele>1201.27</ele>
      </trkpt>
      <trkpt lat="43.973979995" lon="7.411364003">
        <ele>1199.57</ele>
      </trkpt>
      <trkpt lat="43.974015002" lon="7.411372992">
        <ele>1195.4</ele>
      </trkpt>
      <trkpt lat="43.974041004" lon="7.411381995">
        <ele>1196.91</ele>
      </trkpt>
      <trkpt lat="43.974076005" lon="7.411406998">
        <ele>1196.28</ele>
      </trkpt>
      <trkpt lat="43.974109001" lon="7.411438998">
        <ele>1189.44</ele>
      </trkpt>
      <trkpt lat="43.974233004" lon="7.411569998">
        <ele>1190.59</ele>
      </trkpt>
      <trkpt lat="43.974411" lon="7.411724003">
        <ele>1191.32</ele>
      </trkpt>
      <trkpt lat="43.974558997" lon="7.411844992">
        <ele>1191.56</ele>
      </trkpt>
      <trkpt lat="43.974695999" lon="7.411955008">
        <ele>1185.79</ele>
      </trkpt>
      <trkpt lat="43.974827999" lon="7.412071003">
        <ele>1186.05</ele>
      </trkpt>
      <trkpt lat="43.974885005" lon="7.412112003">
        <ele>1186.94</ele>
      </trkpt>
      <trkpt lat="43.974961996" lon="7.412156997">
        <ele>1188.13</ele>
      </trkpt>
      <trkpt lat="43.975058003" lon="7.412192005">
        <ele>1187.31</ele>
      </trkpt>
      <trkpt lat="43.975123" lon="7.412205003">
        <ele>1189.93</ele>
      </trkpt>
      <trkpt lat="43.975213996" lon="7.412208993">
        <ele>1192.85</ele>
      </trkpt>
      <trkpt lat="43.975291997" lon="7.412210005">
        <ele>1192.57</ele>
      </trkpt>
      <trkpt lat="43.975381998" lon="7.412193997">
        <ele>1191.85</ele>
      </trkpt>
      <trkpt lat="43.975450004" lon="7.412174001">
        <ele>1193.36</ele>
      </trkpt>
      <trkpt lat="43.975503998" lon="7.412152994">
        <ele>1194.53</ele>
      </trkpt>
      <trkpt lat="43.975605001" lon="7.412092004">
        <ele>1195.14</ele>
      </trkpt>
      <trkpt lat="43.975728997" lon="7.412022997">
        <ele>1198.04</ele>
      </trkpt>
      <trkpt lat="43.975809001" lon="7.411980002">
        <ele>1200.74</ele>
      </trkpt>
      <trkpt lat="43.975837998" lon="7.411978004">
        <ele>1203.2</ele>
      </trkpt>
      <trkpt lat="43.975853004" lon="7.411987004">
        <ele>1205.13</ele>
      </trkpt>
      <trkpt lat="43.975872005" lon="7.412011992">
        <ele>1206.58</ele>
      </trkpt>
      <trkpt lat="43.975876001" lon="7.412031999">
        <ele>1204.01</ele>
      </trkpt>
      <trkpt lat="43.975876998" lon="7.412061995">
        <ele>1201.25</ele>
      </trkpt>
      <trkpt lat="43.975868998" lon="7.412089997">
        <ele>1198.15</ele>
      </trkpt>
      <trkpt lat="43.975859" lon="7.412105">
        <ele>1194.98</ele>
      </trkpt>
      <trkpt lat="43.975834" lon="7.412129001">
        <ele>1191.62</ele>
      </trkpt>
      <trkpt lat="43.975771997" lon="7.412146991">
        <ele>1192.75</ele>
      </trkpt>
      <trkpt lat="43.975716997" lon="7.412163002">
        <ele>1192.72</ele>
      </trkpt>
      <trkpt lat="43.975637002" lon="7.412185003">
        <ele>1193.59</ele>
      </trkpt>
      <trkpt lat="43.975502998" lon="7.412235997">
        <ele>1192.19</ele>
      </trkpt>
      <trkpt lat="43.975356" lon="7.412290004">
        <ele>1189.76</ele>
      </trkpt>
      <trkpt lat="43.975212" lon="7.412344992">
        <ele>1188.25</ele>
      </trkpt>
      <trkpt lat="43.975145999" lon="7.412363994">
        <ele>1186.84</ele>
      </trkpt>
      <trkpt lat="43.975056006" lon="7.412373999">
        <ele>1182.92</ele>
      </trkpt>
      <trkpt lat="43.974982002" lon="7.412371999">
        <ele>1182.1</ele>
      </trkpt>
      <trkpt lat="43.974864005" lon="7.412337995">
        <ele>1181.34</ele>
      </trkpt>
      <trkpt lat="43.974767002" lon="7.412305992">
        <ele>1178.71</ele>
      </trkpt>
      <trkpt lat="43.974668001" lon="7.412271001">
        <ele>1176.47</ele>
      </trkpt>
      <trkpt lat="43.974553998" lon="7.412214003">
        <ele>1175.94</ele>
      </trkpt>
      <trkpt lat="43.974408001" lon="7.412105999">
        <ele>1173.84</ele>
      </trkpt>
      <trkpt lat="43.974250002" lon="7.411973999">
        <ele>1172.41</ele>
      </trkpt>
      <trkpt lat="43.974147001" lon="7.411896998">
        <ele>1170.88</ele>
      </trkpt>
      <trkpt lat="43.974102998" lon="7.411859003">
        <ele>1170.97</ele>
      </trkpt>
      <trkpt lat="43.974062004" lon="7.411835995">
        <ele>1170.17</ele>
      </trkpt>
      <trkpt lat="43.974023002" lon="7.411819007">
        <ele>1169.16</ele>
      </trkpt>
      <trkpt lat="43.973923999" lon="7.41177">
        <ele>1169.4</ele>
      </trkpt>
      <trkpt lat="43.973821003" lon="7.411745997">
        <ele>1170.5</ele>
      </trkpt>
      <trkpt lat="43.973705002" lon="7.411736002">
        <ele>1169.43</ele>
      </trkpt>
      <trkpt lat="43.973425996" lon="7.411759004">
        <ele>1171.69</ele>
      </trkpt>
      <trkpt lat="43.973317996" lon="7.411778997">
        <ele>1173.21</ele>
      </trkpt>
      <trkpt lat="43.973188002" lon="7.411797001">
        <ele>1172.93</ele>
      </trkpt>
      <trkpt lat="43.973055002" lon="7.411820001">
        <ele>1174.05</ele>
      </trkpt>
      <trkpt lat="43.972984" lon="7.411847003">
        <ele>1174.32</ele>
      </trkpt>
      <trkpt lat="43.972823004" lon="7.411925998">
        <ele>1174.68</ele>
      </trkpt>
      <trkpt lat="43.972672999" lon="7.411995996">
        <ele>1170.53</ele>
      </trkpt>
      <trkpt lat="43.972516997" lon="7.412052">
        <ele>1168.02</ele>
      </trkpt>
      <trkpt lat="43.972376002" lon="7.412105995">
        <ele>1163.6</ele>
      </trkpt>
      <trkpt lat="43.972179994" lon="7.412175">
        <ele>1161.36</ele>
      </trkpt>
      <trkpt lat="43.971927996" lon="7.412266004">
        <ele>1155.98</ele>
      </trkpt>
      <trkpt lat="43.971780998" lon="7.412317998">
        <ele>1156.24</ele>
      </trkpt>
      <trkpt lat="43.971729999" lon="7.412326004">
        <ele>1155.39</ele>
      </trkpt>
      <trkpt lat="43.971676997" lon="7.412320002">
        <ele>1154.17</ele>
      </trkpt>
      <trkpt lat="43.971637997" lon="7.412306996">
        <ele>1152.5</ele>
      </trkpt>
      <trkpt lat="43.971602001" lon="7.412285">
        <ele>1150.98</ele>
      </trkpt>
      <trkpt lat="43.971567996" lon="7.412259001">
        <ele>1151.2</ele>
      </trkpt>
      <trkpt lat="43.971536" lon="7.412222999">
        <ele>1156.58</ele>
      </trkpt>
      <trkpt lat="43.971490999" lon="7.412118005">
        <ele>1161.68</ele>
      </trkpt>
      <trkpt lat="43.971459001" lon="7.412045008">
        <ele>1166.63</ele>
      </trkpt>
      <trkpt lat="43.971430003" lon="7.412011996">
        <ele>1171.53</ele>
      </trkpt>
      <trkpt lat="43.971401998" lon="7.411990994">
        <ele>1174.68</ele>
      </trkpt>
      <trkpt lat="43.971373004" lon="7.411981996">
        <ele>1172.64</ele>
      </trkpt>
      <trkpt lat="43.971330994" lon="7.411981001">
        <ele>1171.02</ele>
      </trkpt>
      <trkpt lat="43.971292998" lon="7.411988006">
        <ele>1176.11</ele>
      </trkpt>
      <trkpt lat="43.971270001" lon="7.411999005">
        <ele>1175.16</ele>
      </trkpt>
      <trkpt lat="43.971231003" lon="7.412027001">
        <ele>1175.18</ele>
      </trkpt>
      <trkpt lat="43.971201996" lon="7.412077">
        <ele>1176.09</ele>
      </trkpt>
      <trkpt lat="43.971160995" lon="7.412200993">
        <ele>1172.77</ele>
      </trkpt>
      <trkpt lat="43.971101004" lon="7.412425998">
        <ele>1163.02</ele>
      </trkpt>
      <trkpt lat="43.971064999" lon="7.412547009">
        <ele>1159.42</ele>
      </trkpt>
      <trkpt lat="43.971030995" lon="7.412630993">
        <ele>1157.97</ele>
      </trkpt>
      <trkpt lat="43.970993998" lon="7.412687999">
        <ele>1155.23</ele>
      </trkpt>
      <trkpt lat="43.970937997" lon="7.412756001">
        <ele>1155.74</ele>
      </trkpt>
      <trkpt lat="43.970869997" lon="7.412813999">
        <ele>1159.11</ele>
      </trkpt>
      <trkpt lat="43.970780001" lon="7.412853994">
        <ele>1154.48</ele>
      </trkpt>
      <trkpt lat="43.970672002" lon="7.412883995">
        <ele>1152.15</ele>
      </trkpt>
      <trkpt lat="43.970446999" lon="7.412948003">
        <ele>1149.58</ele>
      </trkpt>
      <trkpt lat="43.970359004" lon="7.412989999">
        <ele>1146.99</ele>
      </trkpt>
      <trkpt lat="43.970299999" lon="7.413045998">
        <ele>1140.78</ele>
      </trkpt>
      <trkpt lat="43.970217001" lon="7.413194993">
        <ele>1149.72</ele>
      </trkpt>
      <trkpt lat="43.970168001" lon="7.413253002">
        <ele>1145.3</ele>
      </trkpt>
      <trkpt lat="43.970089997" lon="7.413318998">
        <ele>1145.56</ele>
      </trkpt>
      <trkpt lat="43.969959998" lon="7.413393996">
        <ele>1146.65</ele>
      </trkpt>
      <trkpt lat="43.969836003" lon="7.413451999">
        <ele>1147.91</ele>
      </trkpt>
      <trkpt lat="43.969762994" lon="7.413503005">
        <ele>1142.15</ele>
      </trkpt>
      <trkpt lat="43.969639995" lon="7.413580991">
        <ele>1151.01</ele>
      </trkpt>
      <trkpt lat="43.969607998" lon="7.413626001">
        <ele>1148.45</ele>
      </trkpt>
      <trkpt lat="43.969538997" lon="7.413741993">
        <ele>1144.94</ele>
      </trkpt>
      <trkpt lat="43.969415997" lon="7.413917002">
        <ele>1141.94</ele>
      </trkpt>
      <trkpt lat="43.969309006" lon="7.414087997">
        <ele>1138.45</ele>
      </trkpt>
      <trkpt lat="43.969233001" lon="7.414206004">
        <ele>1128.29</ele>
      </trkpt>
      <trkpt lat="43.969172006" lon="7.414311007">
        <ele>1125.48</ele>
      </trkpt>
      <trkpt lat="43.969127002" lon="7.414389006">
        <ele>1123.59</ele>
      </trkpt>
      <trkpt lat="43.969090005" lon="7.414423007">
        <ele>1121.54</ele>
      </trkpt>
      <trkpt lat="43.969047" lon="7.414450002">
        <ele>1119.73</ele>
      </trkpt>
      <trkpt lat="43.968990998" lon="7.414462">
        <ele>1118.17</ele>
      </trkpt>
      <trkpt lat="43.968938001" lon="7.414459004">
        <ele>1116.85</ele>
      </trkpt>
      <trkpt lat="43.968894998" lon="7.414439996">
        <ele>1115.77</ele>
      </trkpt>
      <trkpt lat="43.968854003" lon="7.414404994">
        <ele>1115.14</ele>
      </trkpt>
      <trkpt lat="43.968796996" lon="7.414349993">
        <ele>1119.72</ele>
      </trkpt>
      <trkpt lat="43.968718001" lon="7.414241994">
        <ele>1123.23</ele>
      </trkpt>
      <trkpt lat="43.968648002" lon="7.414162997">
        <ele>1125.76</ele>
      </trkpt>
      <trkpt lat="43.968604" lon="7.414127001">
        <ele>1127.42</ele>
      </trkpt>
      <trkpt lat="43.968563002" lon="7.414107001">
        <ele>1128.32</ele>
      </trkpt>
      <trkpt lat="43.968525999" lon="7.414094998">
        <ele>1132.74</ele>
      </trkpt>
      <trkpt lat="43.968497002" lon="7.414098992">
        <ele>1128.77</ele>
      </trkpt>
      <trkpt lat="43.968451995" lon="7.414123998">
        <ele>1125.45</ele>
      </trkpt>
      <trkpt lat="43.968407996" lon="7.414168002">
        <ele>1122.46</ele>
      </trkpt>
      <trkpt lat="43.968361002" lon="7.414197995">
        <ele>1119.44</ele>
      </trkpt>
      <trkpt lat="43.968297997" lon="7.414214006">
        <ele>1111.64</ele>
      </trkpt>
      <trkpt lat="43.968222998" lon="7.414213">
        <ele>1112.92</ele>
      </trkpt>
      <trkpt lat="43.968190003" lon="7.414215997">
        <ele>1113.82</ele>
      </trkpt>
      <trkpt lat="43.968122998" lon="7.414239997">
        <ele>1121.81</ele>
      </trkpt>
      <trkpt lat="43.968013998" lon="7.414301004">
        <ele>1129.51</ele>
      </trkpt>
      <trkpt lat="43.967886004" lon="7.414381008">
        <ele>1131.72</ele>
      </trkpt>
      <trkpt lat="43.967755998" lon="7.414511001">
        <ele>1131.54</ele>
      </trkpt>
      <trkpt lat="43.967615003" lon="7.414628997">
        <ele>1135.89</ele>
      </trkpt>
      <trkpt lat="43.967495996" lon="7.414742007">
        <ele>1127.21</ele>
      </trkpt>
      <trkpt lat="43.967359995" lon="7.414905006">
        <ele>1118.7</ele>
      </trkpt>
      <trkpt lat="43.967277997" lon="7.415008003">
        <ele>1111.29</ele>
      </trkpt>
      <trkpt lat="43.967195001" lon="7.415096009">
        <ele>1107.26</ele>
      </trkpt>
      <trkpt lat="43.967116997" lon="7.415171996">
        <ele>1099.13</ele>
      </trkpt>
      <trkpt lat="43.967048" lon="7.415235003">
        <ele>1097.17</ele>
      </trkpt>
      <trkpt lat="43.967011" lon="7.415250993">
        <ele>1095.76</ele>
      </trkpt>
      <trkpt lat="43.966968001" lon="7.415262">
        <ele>1094.97</ele>
      </trkpt>
      <trkpt lat="43.966918001" lon="7.415258">
        <ele>1093.73</ele>
      </trkpt>
      <trkpt lat="43.966872" lon="7.415229999">
        <ele>1092.38</ele>
      </trkpt>
      <trkpt lat="43.966824001" lon="7.415159997">
        <ele>1093.54</ele>
      </trkpt>
      <trkpt lat="43.966776996" lon="7.415079003">
        <ele>1094.75</ele>
      </trkpt>
      <trkpt lat="43.966710998" lon="7.414922005">
        <ele>1095.71</ele>
      </trkpt>
      <trkpt lat="43.966681" lon="7.414853998">
        <ele>1096.08</ele>
      </trkpt>
      <trkpt lat="43.966643003" lon="7.414792996">
        <ele>1095.92</ele>
      </trkpt>
      <trkpt lat="43.966596999" lon="7.414748996">
        <ele>1095.25</ele>
      </trkpt>
      <trkpt lat="43.966532001" lon="7.414724004">
        <ele>1093.43</ele>
      </trkpt>
      <trkpt lat="43.966456001" lon="7.414716991">
        <ele>1091.03</ele>
      </trkpt>
      <trkpt lat="43.966384002" lon="7.414713996">
        <ele>1088.2</ele>
      </trkpt>
      <trkpt lat="43.966333997" lon="7.414713004">
        <ele>1088.62</ele>
      </trkpt>
      <trkpt lat="43.966271996" lon="7.414678996">
        <ele>1087.89</ele>
      </trkpt>
      <trkpt lat="43.966215999" lon="7.414625998">
        <ele>1088.42</ele>
      </trkpt>
      <trkpt lat="43.966158994" lon="7.414547999">
        <ele>1089.8</ele>
      </trkpt>
      <trkpt lat="43.966111005" lon="7.414489992">
        <ele>1091.91</ele>
      </trkpt>
      <trkpt lat="43.966073002" lon="7.414448996">
        <ele>1092.12</ele>
      </trkpt>
      <trkpt lat="43.966010998" lon="7.414400999">
        <ele>1091.31</ele>
      </trkpt>
      <trkpt lat="43.965958001" lon="7.414369">
        <ele>1090.07</ele>
      </trkpt>
      <trkpt lat="43.965905002" lon="7.414353998">
        <ele>1088.2</ele>
      </trkpt>
      <trkpt lat="43.965852" lon="7.414345998">
        <ele>1085.74</ele>
      </trkpt>
      <trkpt lat="43.965788002" lon="7.41435">
        <ele>1083.88</ele>
      </trkpt>
      <trkpt lat="43.965715005" lon="7.414356998">
        <ele>1082.28</ele>
      </trkpt>
      <trkpt lat="43.965668002" lon="7.414354006">
        <ele>1080.77</ele>
      </trkpt>
      <trkpt lat="43.965643" lon="7.414340999">
        <ele>1079.57</ele>
      </trkpt>
      <trkpt lat="43.965597002" lon="7.414304001">
        <ele>1078.49</ele>
      </trkpt>
      <trkpt lat="43.965553001" lon="7.414270004">
        <ele>1081.29</ele>
      </trkpt>
      <trkpt lat="43.965481997" lon="7.414225004">
        <ele>1081.08</ele>
      </trkpt>
      <trkpt lat="43.965358002" lon="7.414152998">
        <ele>1084.06</ele>
      </trkpt>
      <trkpt lat="43.965216998" lon="7.414080997">
        <ele>1086.16</ele>
      </trkpt>
      <trkpt lat="43.965135003" lon="7.414051008">
        <ele>1088.13</ele>
      </trkpt>
      <trkpt lat="43.965070001" lon="7.414025006">
        <ele>1082.92</ele>
      </trkpt>
      <trkpt lat="43.965028996" lon="7.414015003">
        <ele>1082.93</ele>
      </trkpt>
      <trkpt lat="43.964924" lon="7.413993003">
        <ele>1079.15</ele>
      </trkpt>
      <trkpt lat="43.964818996" lon="7.413979003">
        <ele>1076.05</ele>
      </trkpt>
      <trkpt lat="43.964765002" lon="7.413964998">
        <ele>1073.44</ele>
      </trkpt>
      <trkpt lat="43.964730003" lon="7.413946001">
        <ele>1072.9</ele>
      </trkpt>
      <trkpt lat="43.964702996" lon="7.413909003">
        <ele>1069.75</ele>
      </trkpt>
      <trkpt lat="43.964677001" lon="7.413848996">
        <ele>1071.2</ele>
      </trkpt>
      <trkpt lat="43.964628" lon="7.413772993">
        <ele>1073.21</ele>
      </trkpt>
      <trkpt lat="43.964608003" lon="7.413744999">
        <ele>1079.28</ele>
      </trkpt>
      <trkpt lat="43.964593997" lon="7.413728003">
        <ele>1085.27</ele>
      </trkpt>
      <trkpt lat="43.964564002" lon="7.413711003">
        <ele>1091.56</ele>
      </trkpt>
      <trkpt lat="43.964540997" lon="7.413705003">
        <ele>1093.45</ele>
      </trkpt>
      <trkpt lat="43.964514996" lon="7.413697997">
        <ele>1094.23</ele>
      </trkpt>
      <trkpt lat="43.964457994" lon="7.413704001">
        <ele>1090.01</ele>
      </trkpt>
      <trkpt lat="43.964379997" lon="7.413728995">
        <ele>1085.03</ele>
      </trkpt>
      <trkpt lat="43.964296999" lon="7.413765994">
        <ele>1079</ele>
      </trkpt>
      <trkpt lat="43.964244" lon="7.413781993">
        <ele>1076.28</ele>
      </trkpt>
      <trkpt lat="43.964176997" lon="7.413788995">
        <ele>1072.85</ele>
      </trkpt>
      <trkpt lat="43.963993998" lon="7.413789007">
        <ele>1068.17</ele>
      </trkpt>
      <trkpt lat="43.963916998" lon="7.413790006">
        <ele>1067.7</ele>
      </trkpt>
      <trkpt lat="43.963813001" lon="7.413813996">
        <ele>1067.44</ele>
      </trkpt>
      <trkpt lat="43.963666998" lon="7.413862998">
        <ele>1063.61</ele>
      </trkpt>
      <trkpt lat="43.963606005" lon="7.413887001">
        <ele>1064.33</ele>
      </trkpt>
      <trkpt lat="43.963548999" lon="7.413902003">
        <ele>1064.73</ele>
      </trkpt>
      <trkpt lat="43.963424006" lon="7.413911999">
        <ele>1064.99</ele>
      </trkpt>
      <trkpt lat="43.963267004" lon="7.413914">
        <ele>1064.58</ele>
      </trkpt>
      <trkpt lat="43.963170003" lon="7.413919002">
        <ele>1063.35</ele>
      </trkpt>
      <trkpt lat="43.963064005" lon="7.413918003">
        <ele>1061.25</ele>
      </trkpt>
      <trkpt lat="43.962954996" lon="7.413910993">
        <ele>1059.03</ele>
      </trkpt>
      <trkpt lat="43.962813003" lon="7.413889997">
        <ele>1055.95</ele>
      </trkpt>
      <trkpt lat="43.962651002" lon="7.413858005">
        <ele>1053.67</ele>
      </trkpt>
      <trkpt lat="43.962546001" lon="7.413826996">
        <ele>1052.16</ele>
      </trkpt>
      <trkpt lat="43.962483002" lon="7.413812993">
        <ele>1048.55</ele>
      </trkpt>
      <trkpt lat="43.962416996" lon="7.413802002">
        <ele>1047.56</ele>
      </trkpt>
      <trkpt lat="43.962399" lon="7.413798998">
        <ele>1044.28</ele>
      </trkpt>
      <trkpt lat="43.962379004" lon="7.413805997">
        <ele>1041.98</ele>
      </trkpt>
      <trkpt lat="43.962370001" lon="7.413824006">
        <ele>1040.94</ele>
      </trkpt>
      <trkpt lat="43.962366004" lon="7.413856005">
        <ele>1040.45</ele>
      </trkpt>
      <trkpt lat="43.962372998" lon="7.413884999">
        <ele>1040.96</ele>
      </trkpt>
      <trkpt lat="43.962389002" lon="7.413912994">
        <ele>1043.84</ele>
      </trkpt>
      <trkpt lat="43.962425001" lon="7.413932006">
        <ele>1045.87</ele>
      </trkpt>
      <trkpt lat="43.962549999" lon="7.413953994">
        <ele>1050.54</ele>
      </trkpt>
      <trkpt lat="43.962704998" lon="7.413975">
        <ele>1053.24</ele>
      </trkpt>
      <trkpt lat="43.962847996" lon="7.413995001">
        <ele>1057.47</ele>
      </trkpt>
      <trkpt lat="43.962984004" lon="7.414020001">
        <ele>1061.18</ele>
      </trkpt>
      <trkpt lat="43.963100003" lon="7.414052998">
        <ele>1063.59</ele>
      </trkpt>
      <trkpt lat="43.963187999" lon="7.414081005">
        <ele>1064.39</ele>
      </trkpt>
      <trkpt lat="43.963320999" lon="7.414113996">
        <ele>1060.66</ele>
      </trkpt>
      <trkpt lat="43.963383003" lon="7.414136995">
        <ele>1055.45</ele>
      </trkpt>
      <trkpt lat="43.963480005" lon="7.414165001">
        <ele>1049.29</ele>
      </trkpt>
      <trkpt lat="43.963537004" lon="7.414170004">
        <ele>1051.51</ele>
      </trkpt>
      <trkpt lat="43.963596995" lon="7.414164993">
        <ele>1049.11</ele>
      </trkpt>
      <trkpt lat="43.963701995" lon="7.414152999">
        <ele>1055.28</ele>
      </trkpt>
      <trkpt lat="43.963790003" lon="7.414139001">
        <ele>1056.57</ele>
      </trkpt>
      <trkpt lat="43.963899996" lon="7.414150006">
        <ele>1056.35</ele>
      </trkpt>
      <trkpt lat="43.963994" lon="7.414173001">
        <ele>1050.78</ele>
      </trkpt>
      <trkpt lat="43.964128002" lon="7.414221995">
        <ele>1048.07</ele>
      </trkpt>
      <trkpt lat="43.964210994" lon="7.414239993">
        <ele>1043.36</ele>
      </trkpt>
      <trkpt lat="43.964313002" lon="7.414293996">
        <ele>1043.99</ele>
      </trkpt>
      <trkpt lat="43.964366998" lon="7.414316001">
        <ele>1044.97</ele>
      </trkpt>
      <trkpt lat="43.964542998" lon="7.414421999">
        <ele>1045.43</ele>
      </trkpt>
      <trkpt lat="43.964649999" lon="7.414500999">
        <ele>1046.71</ele>
      </trkpt>
      <trkpt lat="43.964816996" lon="7.414621002">
        <ele>1048.1</ele>
      </trkpt>
      <trkpt lat="43.964999998" lon="7.414744005">
        <ele>1046.95</ele>
      </trkpt>
      <trkpt lat="43.965095002" lon="7.414798003">
        <ele>1046.53</ele>
      </trkpt>
      <trkpt lat="43.965144003" lon="7.414809999">
        <ele>1046.02</ele>
      </trkpt>
      <trkpt lat="43.965169001" lon="7.414827998">
        <ele>1045.45</ele>
      </trkpt>
      <trkpt lat="43.965181001" lon="7.414852003">
        <ele>1044.45</ele>
      </trkpt>
      <trkpt lat="43.965188997" lon="7.414886992">
        <ele>1044.77</ele>
      </trkpt>
      <trkpt lat="43.965186002" lon="7.414908">
        <ele>1044.74</ele>
      </trkpt>
      <trkpt lat="43.965171998" lon="7.414931999">
        <ele>1045.62</ele>
      </trkpt>
      <trkpt lat="43.965159997" lon="7.414941003">
        <ele>1046.16</ele>
      </trkpt>
      <trkpt lat="43.965137003" lon="7.414937">
        <ele>1046.14</ele>
      </trkpt>
      <trkpt lat="43.965021999" lon="7.414861996">
        <ele>1046.35</ele>
      </trkpt>
      <trkpt lat="43.964890998" lon="7.414773996">
        <ele>1046.58</ele>
      </trkpt>
      <trkpt lat="43.964703997" lon="7.414671">
        <ele>1045.64</ele>
      </trkpt>
      <trkpt lat="43.964603003" lon="7.414611995">
        <ele>1044.48</ele>
      </trkpt>
      <trkpt lat="43.964459999" lon="7.414548001">
        <ele>1044.8</ele>
      </trkpt>
      <trkpt lat="43.964402005" lon="7.414529007">
        <ele>1043.98</ele>
      </trkpt>
      <trkpt lat="43.964286996" lon="7.414513007">
        <ele>1042.26</ele>
      </trkpt>
      <trkpt lat="43.964169997" lon="7.414508996">
        <ele>1042.7</ele>
      </trkpt>
      <trkpt lat="43.964057999" lon="7.414503001">
        <ele>1042.26</ele>
      </trkpt>
      <trkpt lat="43.963961" lon="7.414491005">
        <ele>1042.27</ele>
      </trkpt>
      <trkpt lat="43.963836002" lon="7.414495996">
        <ele>1042.15</ele>
      </trkpt>
      <trkpt lat="43.963676002" lon="7.414523995">
        <ele>1044.58</ele>
      </trkpt>
      <trkpt lat="43.963574996" lon="7.414548003">
        <ele>1044.24</ele>
      </trkpt>
      <trkpt lat="43.963442002" lon="7.414551002">
        <ele>1044.26</ele>
      </trkpt>
      <trkpt lat="43.963382997" lon="7.414547004">
        <ele>1044.38</ele>
      </trkpt>
      <trkpt lat="43.963303999" lon="7.414535005">
        <ele>1043.58</ele>
      </trkpt>
      <trkpt lat="43.963192998" lon="7.414534005">
        <ele>1041.4</ele>
      </trkpt>
      <trkpt lat="43.963021" lon="7.414555994">
        <ele>1039.47</ele>
      </trkpt>
      <trkpt lat="43.962860996" lon="7.414556001">
        <ele>1037.39</ele>
      </trkpt>
      <trkpt lat="43.962813997" lon="7.414550001">
        <ele>1035</ele>
      </trkpt>
      <trkpt lat="43.962695995" lon="7.414494997">
        <ele>1033.85</ele>
      </trkpt>
      <trkpt lat="43.962601997" lon="7.414450002">
        <ele>1031.89</ele>
      </trkpt>
      <trkpt lat="43.962502001" lon="7.414401996">
        <ele>1029.77</ele>
      </trkpt>
      <trkpt lat="43.962434002" lon="7.414378995">
        <ele>1028.57</ele>
      </trkpt>
      <trkpt lat="43.962363999" lon="7.414364998">
        <ele>1025.64</ele>
      </trkpt>
      <trkpt lat="43.962201998" lon="7.414359997">
        <ele>1023.17</ele>
      </trkpt>
      <trkpt lat="43.962112003" lon="7.414352001">
        <ele>1021.18</ele>
      </trkpt>
      <trkpt lat="43.962071002" lon="7.414341">
        <ele>1019.21</ele>
      </trkpt>
      <trkpt lat="43.962029" lon="7.414323994">
        <ele>1017.57</ele>
      </trkpt>
      <trkpt lat="43.961845995" lon="7.414243002">
        <ele>1016.18</ele>
      </trkpt>
      <trkpt lat="43.961759003" lon="7.414212004">
        <ele>1014.99</ele>
      </trkpt>
      <trkpt lat="43.961682999" lon="7.414185001">
        <ele>1013.78</ele>
      </trkpt>
      <trkpt lat="43.961632002" lon="7.414173999">
        <ele>1013.12</ele>
      </trkpt>
      <trkpt lat="43.961585999" lon="7.414164994">
        <ele>1014.76</ele>
      </trkpt>
      <trkpt lat="43.961553" lon="7.414169002">
        <ele>1016.72</ele>
      </trkpt>
      <trkpt lat="43.961518005" lon="7.414175999">
        <ele>1018.95</ele>
      </trkpt>
      <trkpt lat="43.961481004" lon="7.414211006">
        <ele>1021.41</ele>
      </trkpt>
      <trkpt lat="43.961452004" lon="7.414254994">
        <ele>1023.97</ele>
      </trkpt>
      <trkpt lat="43.961410996" lon="7.414323995">
        <ele>1023.88</ele>
      </trkpt>
      <trkpt lat="43.961355" lon="7.414434001">
        <ele>1023.31</ele>
      </trkpt>
      <trkpt lat="43.961300005" lon="7.414520998">
        <ele>1022.64</ele>
      </trkpt>
      <trkpt lat="43.961231" lon="7.414588004">
        <ele>1021.76</ele>
      </trkpt>
      <trkpt lat="43.961196998" lon="7.414607008">
        <ele>1020.74</ele>
      </trkpt>
      <trkpt lat="43.961100001" lon="7.414613008">
        <ele>1020.28</ele>
      </trkpt>
      <trkpt lat="43.961016002" lon="7.414613001">
        <ele>1018.57</ele>
      </trkpt>
      <trkpt lat="43.960905" lon="7.414634998">
        <ele>1018.11</ele>
      </trkpt>
      <trkpt lat="43.960732995" lon="7.414706003">
        <ele>1017.5</ele>
      </trkpt>
      <trkpt lat="43.960633999" lon="7.414757008">
        <ele>1016.72</ele>
      </trkpt>
      <trkpt lat="43.960598002" lon="7.414780998">
        <ele>1015.63</ele>
      </trkpt>
      <trkpt lat="43.960555998" lon="7.414859005">
        <ele>1014.5</ele>
      </trkpt>
      <trkpt lat="43.960533001" lon="7.414971004">
        <ele>1012.17</ele>
      </trkpt>
      <trkpt lat="43.960520997" lon="7.415050999">
        <ele>1010.09</ele>
      </trkpt>
      <trkpt lat="43.960490997" lon="7.415139993">
        <ele>1008.2</ele>
      </trkpt>
      <trkpt lat="43.960468998" lon="7.415200994">
        <ele>1006.22</ele>
      </trkpt>
      <trkpt lat="43.960446002" lon="7.415254992">
        <ele>1006.29</ele>
      </trkpt>
      <trkpt lat="43.960422003" lon="7.415293002">
        <ele>1006.13</ele>
      </trkpt>
      <trkpt lat="43.960401999" lon="7.415310008">
        <ele>1005.83</ele>
      </trkpt>
      <trkpt lat="43.960371999" lon="7.415333002">
        <ele>1005.43</ele>
      </trkpt>
      <trkpt lat="43.960329005" lon="7.415347004">
        <ele>1004.91</ele>
      </trkpt>
      <trkpt lat="43.960260001" lon="7.415350004">
        <ele>1002.5</ele>
      </trkpt>
      <trkpt lat="43.960161997" lon="7.415339003">
        <ele>1000.68</ele>
      </trkpt>
      <trkpt lat="43.960108998" lon="7.415319997">
        <ele>999.37</ele>
      </trkpt>
      <trkpt lat="43.960064006" lon="7.415288009">
        <ele>998.43</ele>
      </trkpt>
      <trkpt lat="43.960025999" lon="7.415245993">
        <ele>997.89</ele>
      </trkpt>
      <trkpt lat="43.960009003" lon="7.415214004">
        <ele>999.11</ele>
      </trkpt>
      <trkpt lat="43.959998997" lon="7.415175006">
        <ele>1000.14</ele>
      </trkpt>
      <trkpt lat="43.959997004" lon="7.415127995">
        <ele>1001.05</ele>
      </trkpt>
      <trkpt lat="43.960001002" lon="7.415069006">
        <ele>999.33</ele>
      </trkpt>
      <trkpt lat="43.960011996" lon="7.415009998">
        <ele>997.71</ele>
      </trkpt>
      <trkpt lat="43.960042001" lon="7.414923999">
        <ele>1000.25</ele>
      </trkpt>
      <trkpt lat="43.960089998" lon="7.414819004">
        <ele>998.94</ele>
      </trkpt>
      <trkpt lat="43.960175006" lon="7.414642005">
        <ele>997.99</ele>
      </trkpt>
      <trkpt lat="43.960279998" lon="7.414473005">
        <ele>999.76</ele>
      </trkpt>
      <trkpt lat="43.960341003" lon="7.414365997">
        <ele>1001.61</ele>
      </trkpt>
      <trkpt lat="43.960376" lon="7.414308998">
        <ele>1003.59</ele>
      </trkpt>
      <trkpt lat="43.960402001" lon="7.414252001">
        <ele>1005.53</ele>
      </trkpt>
      <trkpt lat="43.960421003" lon="7.414195996">
        <ele>1007.68</ele>
      </trkpt>
      <trkpt lat="43.960431005" lon="7.414136998">
        <ele>1011.23</ele>
      </trkpt>
      <trkpt lat="43.960438" lon="7.414043999">
        <ele>1009.04</ele>
      </trkpt>
      <trkpt lat="43.960446" lon="7.413854992">
        <ele>1003.72</ele>
      </trkpt>
      <trkpt lat="43.960451996" lon="7.413712002">
        <ele>1003.73</ele>
      </trkpt>
      <trkpt lat="43.960459997" lon="7.413594997">
        <ele>999.53</ele>
      </trkpt>
      <trkpt lat="43.960459003" lon="7.413455009">
        <ele>994.66</ele>
      </trkpt>
      <trkpt lat="43.960451002" lon="7.413325996">
        <ele>995.74</ele>
      </trkpt>
      <trkpt lat="43.960435998" lon="7.413227999">
        <ele>995.64</ele>
      </trkpt>
      <trkpt lat="43.960426994" lon="7.413176002">
        <ele>993.87</ele>
      </trkpt>
      <trkpt lat="43.960414999" lon="7.413134005">
        <ele>995.31</ele>
      </trkpt>
      <trkpt lat="43.960400996" lon="7.413100002">
        <ele>995.3</ele>
      </trkpt>
      <trkpt lat="43.960371002" lon="7.413062002">
        <ele>994.2</ele>
      </trkpt>
      <trkpt lat="43.960304997" lon="7.412988993">
        <ele>993.81</ele>
      </trkpt>
      <trkpt lat="43.960218998" lon="7.412909994">
        <ele>995.91</ele>
      </trkpt>
      <trkpt lat="43.960141003" lon="7.412862">
        <ele>997.62</ele>
      </trkpt>
      <trkpt lat="43.960083" lon="7.412836993">
        <ele>998.93</ele>
      </trkpt>
      <trkpt lat="43.960035997" lon="7.412832005">
        <ele>1000.03</ele>
      </trkpt>
      <trkpt lat="43.959967997" lon="7.412832005">
        <ele>1001.71</ele>
      </trkpt>
      <trkpt lat="43.959906998" lon="7.412845">
        <ele>1000.17</ele>
      </trkpt>
      <trkpt lat="43.959817996" lon="7.412870002">
        <ele>997.87</ele>
      </trkpt>
      <trkpt lat="43.959742994" lon="7.412883997">
        <ele>994.96</ele>
      </trkpt>
      <trkpt lat="43.959609998" lon="7.412900001">
        <ele>991.33</ele>
      </trkpt>
      <trkpt lat="43.959472004" lon="7.412912998">
        <ele>987.77</ele>
      </trkpt>
      <trkpt lat="43.959333004" lon="7.412916995">
        <ele>985.07</ele>
      </trkpt>
      <trkpt lat="43.959220998" lon="7.412912999">
        <ele>983.73</ele>
      </trkpt>
      <trkpt lat="43.959146" lon="7.412888997">
        <ele>983.94</ele>
      </trkpt>
      <trkpt lat="43.959114997" lon="7.412861003">
        <ele>984.71</ele>
      </trkpt>
      <trkpt lat="43.959064" lon="7.412792004">
        <ele>984.23</ele>
      </trkpt>
      <trkpt lat="43.959026005" lon="7.412745">
        <ele>984</ele>
      </trkpt>
      <trkpt lat="43.958964001" lon="7.412638998">
        <ele>984.54</ele>
      </trkpt>
      <trkpt lat="43.958941995" lon="7.412559005">
        <ele>985.19</ele>
      </trkpt>
      <trkpt lat="43.958927001" lon="7.412441995">
        <ele>986.88</ele>
      </trkpt>
      <trkpt lat="43.958926997" lon="7.412333008">
        <ele>988.4</ele>
      </trkpt>
      <trkpt lat="43.958931002" lon="7.412294997">
        <ele>989.63</ele>
      </trkpt>
      <trkpt lat="43.958937003" lon="7.412247994">
        <ele>990.08</ele>
      </trkpt>
      <trkpt lat="43.958935001" lon="7.412216993">
        <ele>990.28</ele>
      </trkpt>
      <trkpt lat="43.958928002" lon="7.412188998">
        <ele>990.34</ele>
      </trkpt>
      <trkpt lat="43.958915002" lon="7.412170996">
        <ele>990.21</ele>
      </trkpt>
      <trkpt lat="43.958903002" lon="7.412158999">
        <ele>989.86</ele>
      </trkpt>
      <trkpt lat="43.958887997" lon="7.412143998">
        <ele>989.45</ele>
      </trkpt>
      <trkpt lat="43.958841996" lon="7.412119997">
        <ele>988.9</ele>
      </trkpt>
      <trkpt lat="43.958831999" lon="7.412118">
        <ele>989.55</ele>
      </trkpt>
      <trkpt lat="43.958787001" lon="7.412108002">
        <ele>989.95</ele>
      </trkpt>
      <trkpt lat="43.958734996" lon="7.412109004">
        <ele>990.36</ele>
      </trkpt>
      <trkpt lat="43.958708997" lon="7.412120005">
        <ele>990.16</ele>
      </trkpt>
      <trkpt lat="43.958692999" lon="7.412128001">
        <ele>988.66</ele>
      </trkpt>
      <trkpt lat="43.958638" lon="7.412202006">
        <ele>985.38</ele>
      </trkpt>
      <trkpt lat="43.958543997" lon="7.412356994">
        <ele>981.86</ele>
      </trkpt>
      <trkpt lat="43.958512002" lon="7.412407998">
        <ele>983.68</ele>
      </trkpt>
      <trkpt lat="43.958483999" lon="7.412425995">
        <ele>983.9</ele>
      </trkpt>
      <trkpt lat="43.958422" lon="7.412440997">
        <ele>984.44</ele>
      </trkpt>
      <trkpt lat="43.958303001" lon="7.412444996">
        <ele>993.1</ele>
      </trkpt>
      <trkpt lat="43.958238" lon="7.412458006">
        <ele>993.29</ele>
      </trkpt>
      <trkpt lat="43.958184006" lon="7.412475">
        <ele>987.59</ele>
      </trkpt>
      <trkpt lat="43.958111999" lon="7.412507008">
        <ele>986.38</ele>
      </trkpt>
      <trkpt lat="43.958024005" lon="7.412577995">
        <ele>985.55</ele>
      </trkpt>
      <trkpt lat="43.957910002" lon="7.412688995">
        <ele>976.64</ele>
      </trkpt>
      <trkpt lat="43.957834995" lon="7.412753999">
        <ele>976.29</ele>
      </trkpt>
      <trkpt lat="43.957772997" lon="7.412801993">
        <ele>976.26</ele>
      </trkpt>
      <trkpt lat="43.957719003" lon="7.412826998">
        <ele>973</ele>
      </trkpt>
      <trkpt lat="43.957664999" lon="7.412838001">
        <ele>970.38</ele>
      </trkpt>
      <trkpt lat="43.957624004" lon="7.412834003">
        <ele>968.3</ele>
      </trkpt>
      <trkpt lat="43.957577999" lon="7.412815005">
        <ele>966.73</ele>
      </trkpt>
      <trkpt lat="43.957535003" lon="7.412782002">
        <ele>965.79</ele>
      </trkpt>
      <trkpt lat="43.957495998" lon="7.412739002">
        <ele>966.19</ele>
      </trkpt>
      <trkpt lat="43.957441003" lon="7.412665003">
        <ele>965.64</ele>
      </trkpt>
      <trkpt lat="43.957379997" lon="7.412568003">
        <ele>968.97</ele>
      </trkpt>
      <trkpt lat="43.957336996" lon="7.412500998">
        <ele>971.34</ele>
      </trkpt>
      <trkpt lat="43.957301001" lon="7.412454001">
        <ele>972.48</ele>
      </trkpt>
      <trkpt lat="43.957261" lon="7.412410001">
        <ele>972.11</ele>
      </trkpt>
      <trkpt lat="43.957216998" lon="7.412372004">
        <ele>971.73</ele>
      </trkpt>
      <trkpt lat="43.957170002" lon="7.412350996">
        <ele>971.19</ele>
      </trkpt>
      <trkpt lat="43.957126" lon="7.412341998">
        <ele>969.65</ele>
      </trkpt>
      <trkpt lat="43.957047999" lon="7.412340999">
        <ele>967.45</ele>
      </trkpt>
      <trkpt lat="43.956974996" lon="7.412339002">
        <ele>963.94</ele>
      </trkpt>
      <trkpt lat="43.956909" lon="7.412326006">
        <ele>964.3</ele>
      </trkpt>
      <trkpt lat="43.956812999" lon="7.412298009">
        <ele>959.02</ele>
      </trkpt>
      <trkpt lat="43.956709996" lon="7.412275995">
        <ele>954.27</ele>
      </trkpt>
      <trkpt lat="43.956619" lon="7.412264008">
        <ele>953.37</ele>
      </trkpt>
      <trkpt lat="43.956551997" lon="7.412238006">
        <ele>954.34</ele>
      </trkpt>
      <trkpt lat="43.956499998" lon="7.412212992">
        <ele>951.88</ele>
      </trkpt>
      <trkpt lat="43.956446004" lon="7.412176007">
        <ele>952.09</ele>
      </trkpt>
      <trkpt lat="43.956378997" lon="7.412097">
        <ele>953.79</ele>
      </trkpt>
      <trkpt lat="43.956338999" lon="7.412017002">
        <ele>953.25</ele>
      </trkpt>
      <trkpt lat="43.956311" lon="7.411971998">
        <ele>953.17</ele>
      </trkpt>
      <trkpt lat="43.956271996" lon="7.411933005">
        <ele>953.42</ele>
      </trkpt>
      <trkpt lat="43.956232995" lon="7.411914001">
        <ele>952.56</ele>
      </trkpt>
      <trkpt lat="43.956188996" lon="7.411898004">
        <ele>951.2</ele>
      </trkpt>
      <trkpt lat="43.956144998" lon="7.411886001">
        <ele>949.73</ele>
      </trkpt>
      <trkpt lat="43.956093996" lon="7.411865993">
        <ele>948.28</ele>
      </trkpt>
      <trkpt lat="43.956062" lon="7.411834006">
        <ele>947.09</ele>
      </trkpt>
      <trkpt lat="43.956024005" lon="7.411787005">
        <ele>946.7</ele>
      </trkpt>
      <trkpt lat="43.955980999" lon="7.411721">
        <ele>951.75</ele>
      </trkpt>
      <trkpt lat="43.955928997" lon="7.411656993">
        <ele>956.31</ele>
      </trkpt>
      <trkpt lat="43.955877003" lon="7.411583005">
        <ele>960.23</ele>
      </trkpt>
      <trkpt lat="43.955851995" lon="7.411558996">
        <ele>963.28</ele>
      </trkpt>
      <trkpt lat="43.955818003" lon="7.411546994">
        <ele>964.9</ele>
      </trkpt>
      <trkpt lat="43.955771997" lon="7.411548997">
        <ele>969.65</ele>
      </trkpt>
      <trkpt lat="43.955723" lon="7.411561001">
        <ele>973.38</ele>
      </trkpt>
      <trkpt lat="43.955685002" lon="7.411586994">
        <ele>969.48</ele>
      </trkpt>
      <trkpt lat="43.955620001" lon="7.411651999">
        <ele>965.87</ele>
      </trkpt>
      <trkpt lat="43.955574001" lon="7.411694006">
        <ele>963.1</ele>
      </trkpt>
      <trkpt lat="43.955510995" lon="7.411746001">
        <ele>952.17</ele>
      </trkpt>
      <trkpt lat="43.955494002" lon="7.411767008">
        <ele>943.05</ele>
      </trkpt>
      <trkpt lat="43.955489" lon="7.411793996">
        <ele>942.58</ele>
      </trkpt>
      <trkpt lat="43.955495999" lon="7.411823998">
        <ele>943.07</ele>
      </trkpt>
      <trkpt lat="43.955514002" lon="7.411841999">
        <ele>944.39</ele>
      </trkpt>
      <trkpt lat="43.955538002" lon="7.411842997">
        <ele>943.29</ele>
      </trkpt>
      <trkpt lat="43.955600995" lon="7.411796004">
        <ele>942.76</ele>
      </trkpt>
      <trkpt lat="43.955703001" lon="7.411717993">
        <ele>942.4</ele>
      </trkpt>
      <trkpt lat="43.955771998" lon="7.411700002">
        <ele>942.07</ele>
      </trkpt>
      <trkpt lat="43.955812001" lon="7.411700005">
        <ele>941.43</ele>
      </trkpt>
      <trkpt lat="43.955841005" lon="7.411715002">
        <ele>943.81</ele>
      </trkpt>
      <trkpt lat="43.955871" lon="7.411752998">
        <ele>943.95</ele>
      </trkpt>
      <trkpt lat="43.955918" lon="7.411826999">
        <ele>943.99</ele>
      </trkpt>
      <trkpt lat="43.955973004" lon="7.411894994">
        <ele>944.19</ele>
      </trkpt>
      <trkpt lat="43.956034" lon="7.411952996">
        <ele>944.4</ele>
      </trkpt>
      <trkpt lat="43.956098003" lon="7.411987">
        <ele>944.08</ele>
      </trkpt>
      <trkpt lat="43.956159002" lon="7.412032001">
        <ele>944.58</ele>
      </trkpt>
      <trkpt lat="43.956181996" lon="7.412063005">
        <ele>944.64</ele>
      </trkpt>
      <trkpt lat="43.956183001" lon="7.412090995">
        <ele>944.09</ele>
      </trkpt>
      <trkpt lat="43.956177002" lon="7.412116996">
        <ele>943.02</ele>
      </trkpt>
      <trkpt lat="43.956164002" lon="7.412131998">
        <ele>941.48</ele>
      </trkpt>
      <trkpt lat="43.956147999" lon="7.412136998">
        <ele>940.44</ele>
      </trkpt>
      <trkpt lat="43.956096" lon="7.412117999">
        <ele>941.64</ele>
      </trkpt>
      <trkpt lat="43.955994998" lon="7.412040003">
        <ele>942.21</ele>
      </trkpt>
      <trkpt lat="43.955908003" lon="7.411937002">
        <ele>942.48</ele>
      </trkpt>
      <trkpt lat="43.955845998" lon="7.411881005">
        <ele>942.76</ele>
      </trkpt>
      <trkpt lat="43.955808003" lon="7.411864999">
        <ele>942.77</ele>
      </trkpt>
      <trkpt lat="43.955772997" lon="7.411862002">
        <ele>943.43</ele>
      </trkpt>
      <trkpt lat="43.955730994" lon="7.411870005">
        <ele>944.33</ele>
      </trkpt>
      <trkpt lat="43.955644999" lon="7.411931">
        <ele>945.24</ele>
      </trkpt>
      <trkpt lat="43.955591004" lon="7.411968994">
        <ele>945.88</ele>
      </trkpt>
      <trkpt lat="43.955547998" lon="7.411987999">
        <ele>949.13</ele>
      </trkpt>
      <trkpt lat="43.955485001" lon="7.411988">
        <ele>948.44</ele>
      </trkpt>
      <trkpt lat="43.955370997" lon="7.411971001">
        <ele>950.16</ele>
      </trkpt>
      <trkpt lat="43.955248998" lon="7.411954006">
        <ele>951.33</ele>
      </trkpt>
      <trkpt lat="43.955091996" lon="7.411954003">
        <ele>957.5</ele>
      </trkpt>
      <trkpt lat="43.955000003" lon="7.411956001">
        <ele>959.38</ele>
      </trkpt>
      <trkpt lat="43.954848002" lon="7.411973006">
        <ele>968.2</ele>
      </trkpt>
      <trkpt lat="43.954686995" lon="7.412009002">
        <ele>964.35</ele>
      </trkpt>
      <trkpt lat="43.954440995" lon="7.412055998">
        <ele>961.02</ele>
      </trkpt>
      <trkpt lat="43.954359002" lon="7.412085996">
        <ele>952.94</ele>
      </trkpt>
      <trkpt lat="43.954331002" lon="7.412092999">
        <ele>955.9</ele>
      </trkpt>
      <trkpt lat="43.954305999" lon="7.412105">
        <ele>951.97</ele>
      </trkpt>
      <trkpt lat="43.954267997" lon="7.412132003">
        <ele>957.85</ele>
      </trkpt>
      <trkpt lat="43.954219" lon="7.412171007">
        <ele>963.33</ele>
      </trkpt>
      <trkpt lat="43.954168005" lon="7.412236008">
        <ele>967.73</ele>
      </trkpt>
      <trkpt lat="43.954113" lon="7.412332004">
        <ele>962.37</ele>
      </trkpt>
      <trkpt lat="43.953993998" lon="7.412583004">
        <ele>950.16</ele>
      </trkpt>
      <trkpt lat="43.953888998" lon="7.412798004">
        <ele>938.11</ele>
      </trkpt>
      <trkpt lat="43.953825996" lon="7.412916999">
        <ele>932.24</ele>
      </trkpt>
      <trkpt lat="43.953759002" lon="7.413046004">
        <ele>926.62</ele>
      </trkpt>
      <trkpt lat="43.953683001" lon="7.413159001">
        <ele>921.04</ele>
      </trkpt>
      <trkpt lat="43.953622001" lon="7.413228005">
        <ele>922.32</ele>
      </trkpt>
      <trkpt lat="43.953580998" lon="7.413261001">
        <ele>923.58</ele>
      </trkpt>
      <trkpt lat="43.953525001" lon="7.413292997">
        <ele>922.41</ele>
      </trkpt>
      <trkpt lat="43.953482998" lon="7.413300999">
        <ele>920.84</ele>
      </trkpt>
      <trkpt lat="43.953389002" lon="7.413298997">
        <ele>922.02</ele>
      </trkpt>
      <trkpt lat="43.953312" lon="7.413286009">
        <ele>920.24</ele>
      </trkpt>
      <trkpt lat="43.953169996" lon="7.413245004">
        <ele>920.65</ele>
      </trkpt>
      <trkpt lat="43.953003998" lon="7.413199994">
        <ele>914.99</ele>
      </trkpt>
      <trkpt lat="43.952835997" lon="7.413152996">
        <ele>914.35</ele>
      </trkpt>
      <trkpt lat="43.952705001" lon="7.413122002">
        <ele>910.24</ele>
      </trkpt>
      <trkpt lat="43.952638003" lon="7.413103002">
        <ele>908.45</ele>
      </trkpt>
      <trkpt lat="43.952558998" lon="7.413071992">
        <ele>903.89</ele>
      </trkpt>
      <trkpt lat="43.952471004" lon="7.413025001">
        <ele>905.55</ele>
      </trkpt>
      <trkpt lat="43.952402001" lon="7.412977997">
        <ele>905.28</ele>
      </trkpt>
      <trkpt lat="43.952330996" lon="7.412920994">
        <ele>906.15</ele>
      </trkpt>
      <trkpt lat="43.952274998" lon="7.412853998">
        <ele>908.54</ele>
      </trkpt>
      <trkpt lat="43.952212999" lon="7.41278">
        <ele>912.13</ele>
      </trkpt>
      <trkpt lat="43.952174" lon="7.412739999">
        <ele>912.33</ele>
      </trkpt>
      <trkpt lat="43.95214" lon="7.412705001">
        <ele>913.33</ele>
      </trkpt>
      <trkpt lat="43.952095999" lon="7.412677002">
        <ele>914.35</ele>
      </trkpt>
      <trkpt lat="43.952063003" lon="7.412666">
        <ele>915.15</ele>
      </trkpt>
      <trkpt lat="43.952021" lon="7.412672005">
        <ele>915.56</ele>
      </trkpt>
      <trkpt lat="43.951962996" lon="7.412695">
        <ele>920.19</ele>
      </trkpt>
      <trkpt lat="43.951887005" lon="7.412724999">
        <ele>922.04</ele>
      </trkpt>
      <trkpt lat="43.951801002" lon="7.412766999">
        <ele>923.93</ele>
      </trkpt>
      <trkpt lat="43.951715004" lon="7.412809998">
        <ele>918.15</ele>
      </trkpt>
      <trkpt lat="43.951640006" lon="7.412875008">
        <ele>919.81</ele>
      </trkpt>
      <trkpt lat="43.951546999" lon="7.412972997">
        <ele>916.77</ele>
      </trkpt>
      <trkpt lat="43.951468002" lon="7.413033007">
        <ele>914.16</ele>
      </trkpt>
      <trkpt lat="43.951412994" lon="7.413086003">
        <ele>911.96</ele>
      </trkpt>
      <trkpt lat="43.951392998" lon="7.413126002">
        <ele>917.6</ele>
      </trkpt>
      <trkpt lat="43.951371002" lon="7.413197">
        <ele>910.18</ele>
      </trkpt>
      <trkpt lat="43.951328999" lon="7.413271003">
        <ele>908.98</ele>
      </trkpt>
      <trkpt lat="43.951273003" lon="7.413345993">
        <ele>908.06</ele>
      </trkpt>
      <trkpt lat="43.951207999" lon="7.413400997">
        <ele>907.46</ele>
      </trkpt>
      <trkpt lat="43.951118002" lon="7.413469997">
        <ele>907.59</ele>
      </trkpt>
      <trkpt lat="43.951025997" lon="7.413553003">
        <ele>914.59</ele>
      </trkpt>
      <trkpt lat="43.951002" lon="7.413601001">
        <ele>917.11</ele>
      </trkpt>
      <trkpt lat="43.950980003" lon="7.413667994">
        <ele>920.29</ele>
      </trkpt>
      <trkpt lat="43.950965998" lon="7.413755992">
        <ele>921.15</ele>
      </trkpt>
      <trkpt lat="43.950965999" lon="7.413863005">
        <ele>920.16</ele>
      </trkpt>
      <trkpt lat="43.950976997" lon="7.414007001">
        <ele>919.93</ele>
      </trkpt>
      <trkpt lat="43.951007005" lon="7.414177997">
        <ele>920.17</ele>
      </trkpt>
      <trkpt lat="43.951026001" lon="7.414319007">
        <ele>917.83</ele>
      </trkpt>
      <trkpt lat="43.951098002" lon="7.414482003">
        <ele>915.78</ele>
      </trkpt>
      <trkpt lat="43.951181" lon="7.414618003">
        <ele>915.64</ele>
      </trkpt>
      <trkpt lat="43.951250997" lon="7.414725996">
        <ele>914.68</ele>
      </trkpt>
      <trkpt lat="43.951325003" lon="7.414817993">
        <ele>910.1</ele>
      </trkpt>
      <trkpt lat="43.951361996" lon="7.414893998">
        <ele>909.43</ele>
      </trkpt>
      <trkpt lat="43.951419002" lon="7.415061997">
        <ele>912.5</ele>
      </trkpt>
      <trkpt lat="43.951472006" lon="7.415237996">
        <ele>910.57</ele>
      </trkpt>
      <trkpt lat="43.951509005" lon="7.415396997">
        <ele>908.63</ele>
      </trkpt>
      <trkpt lat="43.951522004" lon="7.415482996">
        <ele>909.38</ele>
      </trkpt>
      <trkpt lat="43.951522003" lon="7.415548998">
        <ele>908.22</ele>
      </trkpt>
      <trkpt lat="43.951513003" lon="7.415628002">
        <ele>904.51</ele>
      </trkpt>
      <trkpt lat="43.951493003" lon="7.415712005">
        <ele>898.77</ele>
      </trkpt>
      <trkpt lat="43.951458" lon="7.415766">
        <ele>892.15</ele>
      </trkpt>
      <trkpt lat="43.951375002" lon="7.415848004">
        <ele>886.08</ele>
      </trkpt>
      <trkpt lat="43.951292998" lon="7.415908999">
        <ele>878.75</ele>
      </trkpt>
      <trkpt lat="43.951175006" lon="7.415969001">
        <ele>872.96</ele>
      </trkpt>
      <trkpt lat="43.951065998" lon="7.416013006">
        <ele>872.68</ele>
      </trkpt>
      <trkpt lat="43.950962996" lon="7.416031999">
        <ele>871.91</ele>
      </trkpt>
      <trkpt lat="43.950860001" lon="7.416039002">
        <ele>869.48</ele>
      </trkpt>
      <trkpt lat="43.950778003" lon="7.416035006">
        <ele>868.81</ele>
      </trkpt>
      <trkpt lat="43.950712994" lon="7.416023006">
        <ele>866.56</ele>
      </trkpt>
      <trkpt lat="43.950602998" lon="7.415972">
        <ele>865.82</ele>
      </trkpt>
      <trkpt lat="43.950402999" lon="7.415867993">
        <ele>866.81</ele>
      </trkpt>
      <trkpt lat="43.950236998" lon="7.415764002">
        <ele>866.41</ele>
      </trkpt>
      <trkpt lat="43.950085002" lon="7.415671003">
        <ele>866.8</ele>
      </trkpt>
      <trkpt lat="43.949933994" lon="7.415587001">
        <ele>865.67</ele>
      </trkpt>
      <trkpt lat="43.949854002" lon="7.415550997">
        <ele>867.69</ele>
      </trkpt>
      <trkpt lat="43.949665001" lon="7.415472998">
        <ele>866.59</ele>
      </trkpt>
      <trkpt lat="43.949486998" lon="7.415398995">
        <ele>870.5</ele>
      </trkpt>
      <trkpt lat="43.949355002" lon="7.415374009">
        <ele>870.79</ele>
      </trkpt>
      <trkpt lat="43.949290996" lon="7.415369998">
        <ele>871.79</ele>
      </trkpt>
      <trkpt lat="43.949130995" lon="7.415390002">
        <ele>868.49</ele>
      </trkpt>
      <trkpt lat="43.948915" lon="7.415437008">
        <ele>867.29</ele>
      </trkpt>
      <trkpt lat="43.948610997" lon="7.415491992">
        <ele>862.76</ele>
      </trkpt>
      <trkpt lat="43.948527" lon="7.415509999">
        <ele>860.76</ele>
      </trkpt>
      <trkpt lat="43.948350997" lon="7.415547003">
        <ele>858.48</ele>
      </trkpt>
      <trkpt lat="43.948109002" lon="7.415588999">
        <ele>860.89</ele>
      </trkpt>
      <trkpt lat="43.947983998" lon="7.415615993">
        <ele>862.93</ele>
      </trkpt>
      <trkpt lat="43.947897997" lon="7.415649003">
        <ele>865.04</ele>
      </trkpt>
      <trkpt lat="43.947831004" lon="7.415695001">
        <ele>866.88</ele>
      </trkpt>
      <trkpt lat="43.947762998" lon="7.415755992">
        <ele>865.93</ele>
      </trkpt>
      <trkpt lat="43.947708997" lon="7.415833999">
        <ele>866.43</ele>
      </trkpt>
      <trkpt lat="43.947658994" lon="7.415962008">
        <ele>863.85</ele>
      </trkpt>
      <trkpt lat="43.947577996" lon="7.416232997">
        <ele>861.55</ele>
      </trkpt>
      <trkpt lat="43.947499994" lon="7.416460002">
        <ele>858.89</ele>
      </trkpt>
      <trkpt lat="43.947463004" lon="7.416568009">
        <ele>860.63</ele>
      </trkpt>
      <trkpt lat="43.947424006" lon="7.416648999">
        <ele>855.88</ele>
      </trkpt>
      <trkpt lat="43.947387998" lon="7.416706005">
        <ele>853.71</ele>
      </trkpt>
      <trkpt lat="43.947330996" lon="7.416754997">
        <ele>850.43</ele>
      </trkpt>
      <trkpt lat="43.947085" lon="7.416904992">
        <ele>847.19</ele>
      </trkpt>
      <trkpt lat="43.946994003" lon="7.416959008">
        <ele>843.76</ele>
      </trkpt>
      <trkpt lat="43.946954001" lon="7.416966999">
        <ele>840.68</ele>
      </trkpt>
      <trkpt lat="43.946892004" lon="7.416956992">
        <ele>838.38</ele>
      </trkpt>
      <trkpt lat="43.946742998" lon="7.416922002">
        <ele>836.74</ele>
      </trkpt>
      <trkpt lat="43.946619005" lon="7.416909996">
        <ele>835.82</ele>
      </trkpt>
      <trkpt lat="43.946445002" lon="7.416895999">
        <ele>834.75</ele>
      </trkpt>
      <trkpt lat="43.946231997" lon="7.416880003">
        <ele>834.06</ele>
      </trkpt>
      <trkpt lat="43.946130001" lon="7.416864999">
        <ele>836.3</ele>
      </trkpt>
      <trkpt lat="43.946028996" lon="7.416854003">
        <ele>839.01</ele>
      </trkpt>
      <trkpt lat="43.945838002" lon="7.416832002">
        <ele>841.25</ele>
      </trkpt>
      <trkpt lat="43.945815004" lon="7.416839003">
        <ele>843.97</ele>
      </trkpt>
      <trkpt lat="43.945800002" lon="7.416850004">
        <ele>847.19</ele>
      </trkpt>
      <trkpt lat="43.945784" lon="7.416867003">
        <ele>847.9</ele>
      </trkpt>
      <trkpt lat="43.945775002" lon="7.416883996">
        <ele>849.22</ele>
      </trkpt>
      <trkpt lat="43.945764003" lon="7.416906997">
        <ele>851.55</ele>
      </trkpt>
      <trkpt lat="43.945743002" lon="7.416961995">
        <ele>847.97</ele>
      </trkpt>
      <trkpt lat="43.945718003" lon="7.417053001">
        <ele>844.79</ele>
      </trkpt>
      <trkpt lat="43.945705" lon="7.417134007">
        <ele>842.16</ele>
      </trkpt>
      <trkpt lat="43.945702001" lon="7.417206993">
        <ele>840.26</ele>
      </trkpt>
      <trkpt lat="43.945717004" lon="7.417294">
        <ele>837.88</ele>
      </trkpt>
      <trkpt lat="43.945756996" lon="7.417409005">
        <ele>841.76</ele>
      </trkpt>
      <trkpt lat="43.945771004" lon="7.417459993">
        <ele>840.5</ele>
      </trkpt>
      <trkpt lat="43.945778004" lon="7.417505996">
        <ele>838.72</ele>
      </trkpt>
      <trkpt lat="43.945779996" lon="7.417552996">
        <ele>835.81</ele>
      </trkpt>
      <trkpt lat="43.945779" lon="7.417601">
        <ele>832.75</ele>
      </trkpt>
      <trkpt lat="43.945772996" lon="7.417637999">
        <ele>829.58</ele>
      </trkpt>
      <trkpt lat="43.945739001" lon="7.417737002">
        <ele>835.67</ele>
      </trkpt>
      <trkpt lat="43.945696002" lon="7.417839997">
        <ele>836.95</ele>
      </trkpt>
      <trkpt lat="43.945672994" lon="7.417888004">
        <ele>838.02</ele>
      </trkpt>
      <trkpt lat="43.945646999" lon="7.417935005">
        <ele>838.55</ele>
      </trkpt>
      <trkpt lat="43.945622003" lon="7.417973999">
        <ele>838.52</ele>
      </trkpt>
      <trkpt lat="43.945593996" lon="7.418009005">
        <ele>833.5</ele>
      </trkpt>
      <trkpt lat="43.945561005" lon="7.418039994">
        <ele>832.64</ele>
      </trkpt>
      <trkpt lat="43.945521004" lon="7.418065999">
        <ele>831.36</ele>
      </trkpt>
      <trkpt lat="43.945480999" lon="7.418084992">
        <ele>834.04</ele>
      </trkpt>
      <trkpt lat="43.945435999" lon="7.418108001">
        <ele>835.72</ele>
      </trkpt>
      <trkpt lat="43.945397995" lon="7.418128995">
        <ele>835.75</ele>
      </trkpt>
      <trkpt lat="43.945317003" lon="7.418187003">
        <ele>836.99</ele>
      </trkpt>
      <trkpt lat="43.945180005" lon="7.418260005">
        <ele>838.02</ele>
      </trkpt>
      <trkpt lat="43.945037004" lon="7.418322998">
        <ele>834.61</ele>
      </trkpt>
      <trkpt lat="43.944967997" lon="7.418344994">
        <ele>832.17</ele>
      </trkpt>
      <trkpt lat="43.944922" lon="7.418347005">
        <ele>832.22</ele>
      </trkpt>
      <trkpt lat="43.944878003" lon="7.418337007">
        <ele>831.22</ele>
      </trkpt>
      <trkpt lat="43.944820001" lon="7.418306">
        <ele>830.69</ele>
      </trkpt>
      <trkpt lat="43.944743998" lon="7.418259002">
        <ele>830.59</ele>
      </trkpt>
      <trkpt lat="43.944686999" lon="7.418211007">
        <ele>830.4</ele>
      </trkpt>
      <trkpt lat="43.944650999" lon="7.418166">
        <ele>829.9</ele>
      </trkpt>
      <trkpt lat="43.944587997" lon="7.418056997">
        <ele>829.69</ele>
      </trkpt>
      <trkpt lat="43.944546001" lon="7.417998002">
        <ele>828.38</ele>
      </trkpt>
      <trkpt lat="43.944499999" lon="7.417952008">
        <ele>827.17</ele>
      </trkpt>
      <trkpt lat="43.944406997" lon="7.417869997">
        <ele>825.23</ele>
      </trkpt>
      <trkpt lat="43.944311998" lon="7.417789004">
        <ele>823.2</ele>
      </trkpt>
      <trkpt lat="43.944254995" lon="7.417733999">
        <ele>821.19</ele>
      </trkpt>
      <trkpt lat="43.944214997" lon="7.417696005">
        <ele>820.61</ele>
      </trkpt>
      <trkpt lat="43.944185004" lon="7.417652001">
        <ele>820.31</ele>
      </trkpt>
      <trkpt lat="43.944154996" lon="7.417588996">
        <ele>821.12</ele>
      </trkpt>
      <trkpt lat="43.944128998" lon="7.417479008">
        <ele>821.76</ele>
      </trkpt>
      <trkpt lat="43.944096999" lon="7.417375005">
        <ele>822.2</ele>
      </trkpt>
      <trkpt lat="43.944083998" lon="7.417347001">
        <ele>822.27</ele>
      </trkpt>
      <trkpt lat="43.944069997" lon="7.417321003">
        <ele>823.83</ele>
      </trkpt>
      <trkpt lat="43.944045" lon="7.417290996">
        <ele>825.01</ele>
      </trkpt>
      <trkpt lat="43.944020003" lon="7.417276996">
        <ele>825.53</ele>
      </trkpt>
      <trkpt lat="43.943998004" lon="7.417268005">
        <ele>825.45</ele>
      </trkpt>
      <trkpt lat="43.943944997" lon="7.417253006">
        <ele>824.65</ele>
      </trkpt>
      <trkpt lat="43.943895006" lon="7.417239002">
        <ele>821.3</ele>
      </trkpt>
      <trkpt lat="43.943823" lon="7.417199002">
        <ele>819.5</ele>
      </trkpt>
      <trkpt lat="43.943765002" lon="7.417160999">
        <ele>817.95</ele>
      </trkpt>
      <trkpt lat="43.943689" lon="7.417123996">
        <ele>816.53</ele>
      </trkpt>
      <trkpt lat="43.943641004" lon="7.417107003">
        <ele>815.34</ele>
      </trkpt>
      <trkpt lat="43.943589999" lon="7.417091997">
        <ele>814.9</ele>
      </trkpt>
      <trkpt lat="43.943543004" lon="7.417074994">
        <ele>812.52</ele>
      </trkpt>
      <trkpt lat="43.943511003" lon="7.417053003">
        <ele>810.75</ele>
      </trkpt>
      <trkpt lat="43.943471001" lon="7.417015995">
        <ele>809.79</ele>
      </trkpt>
      <trkpt lat="43.94343" lon="7.416958003">
        <ele>810.01</ele>
      </trkpt>
      <trkpt lat="43.943393" lon="7.416869993">
        <ele>811.45</ele>
      </trkpt>
      <trkpt lat="43.943359999" lon="7.416730997">
        <ele>812.82</ele>
      </trkpt>
      <trkpt lat="43.943300998" lon="7.416333001">
        <ele>813.85</ele>
      </trkpt>
      <trkpt lat="43.94321" lon="7.415796999">
        <ele>814</ele>
      </trkpt>
      <trkpt lat="43.943173003" lon="7.415560003">
        <ele>814.26</ele>
      </trkpt>
      <trkpt lat="43.943138001" lon="7.415347001">
        <ele>813.8</ele>
      </trkpt>
      <trkpt lat="43.943104999" lon="7.415205998">
        <ele>813.53</ele>
      </trkpt>
      <trkpt lat="43.943061999" lon="7.415092001">
        <ele>813.41</ele>
      </trkpt>
      <trkpt lat="43.942976998" lon="7.414932001">
        <ele>813.77</ele>
      </trkpt>
      <trkpt lat="43.942885997" lon="7.414794003">
        <ele>813.25</ele>
      </trkpt>
      <trkpt lat="43.942767" lon="7.414653999">
        <ele>811.87</ele>
      </trkpt>
      <trkpt lat="43.942695995" lon="7.414552006">
        <ele>811.35</ele>
      </trkpt>
      <trkpt lat="43.942615999" lon="7.414409997">
        <ele>810.97</ele>
      </trkpt>
      <trkpt lat="43.942535002" lon="7.414270006">
        <ele>810.62</ele>
      </trkpt>
      <trkpt lat="43.94247" lon="7.414131005">
        <ele>810.49</ele>
      </trkpt>
      <trkpt lat="43.942448003" lon="7.414100996">
        <ele>810.59</ele>
      </trkpt>
      <trkpt lat="43.942432998" lon="7.414090004">
        <ele>810.21</ele>
      </trkpt>
      <trkpt lat="43.942410003" lon="7.414080002">
        <ele>809.54</ele>
      </trkpt>
      <trkpt lat="43.942391998" lon="7.414076998">
        <ele>809.47</ele>
      </trkpt>
      <trkpt lat="43.942373998" lon="7.414081006">
        <ele>808.95</ele>
      </trkpt>
      <trkpt lat="43.942356004" lon="7.414092">
        <ele>808.3</ele>
      </trkpt>
      <trkpt lat="43.942225" lon="7.413991001">
        <ele>807.17</ele>
      </trkpt>
      <trkpt lat="43.942139998" lon="7.413867991">
        <ele>806.76</ele>
      </trkpt>
      <trkpt lat="43.942004997" lon="7.413675007">
        <ele>806.36</ele>
      </trkpt>
      <trkpt lat="43.941895001" lon="7.413514997">
        <ele>804.8</ele>
      </trkpt>
      <trkpt lat="43.941811999" lon="7.413354994">
        <ele>803.69</ele>
      </trkpt>
      <trkpt lat="43.941772999" lon="7.413301003">
        <ele>803.25</ele>
      </trkpt>
      <trkpt lat="43.94174" lon="7.413239006">
        <ele>802.25</ele>
      </trkpt>
      <trkpt lat="43.941717002" lon="7.413209008">
        <ele>800.86</ele>
      </trkpt>
      <trkpt lat="43.941674002" lon="7.413166995">
        <ele>800.97</ele>
      </trkpt>
      <trkpt lat="43.941655999" lon="7.413116002">
        <ele>800.75</ele>
      </trkpt>
      <trkpt lat="43.941651002" lon="7.413158004">
        <ele>800.3</ele>
      </trkpt>
      <trkpt lat="43.941632995" lon="7.413178003">
        <ele>799.82</ele>
      </trkpt>
      <trkpt lat="43.941597996" lon="7.413185997">
        <ele>798.91</ele>
      </trkpt>
      <trkpt lat="43.941580995" lon="7.413174002">
        <ele>798.19</ele>
      </trkpt>
      <trkpt lat="43.941530001" lon="7.413187007">
        <ele>797.49</ele>
      </trkpt>
      <trkpt lat="43.941521004" lon="7.413168995">
        <ele>797.03</ele>
      </trkpt>
      <trkpt lat="43.941467999" lon="7.413176006">
        <ele>796.22</ele>
      </trkpt>
      <trkpt lat="43.941452" lon="7.413136994">
        <ele>795.76</ele>
      </trkpt>
      <trkpt lat="43.941334004" lon="7.413192002">
        <ele>794.9</ele>
      </trkpt>
      <trkpt lat="43.941322998" lon="7.413122003">
        <ele>793.84</ele>
      </trkpt>
      <trkpt lat="43.941213004" lon="7.413155002">
        <ele>792.8</ele>
      </trkpt>
      <trkpt lat="43.941002001" lon="7.413205003">
        <ele>791.94</ele>
      </trkpt>
      <trkpt lat="43.940978004" lon="7.413152">
        <ele>791.04</ele>
      </trkpt>
      <trkpt lat="43.940946999" lon="7.413073006">
        <ele>790.57</ele>
      </trkpt>
      <trkpt lat="43.940930001" lon="7.413049997">
        <ele>790.44</ele>
      </trkpt>
      <trkpt lat="43.940906999" lon="7.413025001">
        <ele>790.24</ele>
      </trkpt>
      <trkpt lat="43.940894001" lon="7.413016997">
        <ele>790.23</ele>
      </trkpt>
      <trkpt lat="43.940873998" lon="7.413007003">
        <ele>790.18</ele>
      </trkpt>
      <trkpt lat="43.940854001" lon="7.413006003">
        <ele>790.1</ele>
      </trkpt>
      <trkpt lat="43.940838998" lon="7.413008996">
        <ele>789.99</ele>
      </trkpt>
      <trkpt lat="43.940822005" lon="7.413023997">
        <ele>789.88</ele>
      </trkpt>
      <trkpt lat="43.940818002" lon="7.413053002">
        <ele>789.73</ele>
      </trkpt>
      <trkpt lat="43.940823999" lon="7.413077005">
        <ele>789.56</ele>
      </trkpt>
      <trkpt lat="43.940845001" lon="7.413142999">
        <ele>789.39</ele>
      </trkpt>
      <trkpt lat="43.940865998" lon="7.413208008">
        <ele>789.23</ele>
      </trkpt>
      <trkpt lat="43.940875999" lon="7.413240005">
        <ele>789.05</ele>
      </trkpt>
      <trkpt lat="43.940880001" lon="7.413271002">
        <ele>788.9</ele>
      </trkpt>
      <trkpt lat="43.940875002" lon="7.413301003">
        <ele>788.73</ele>
      </trkpt>
      <trkpt lat="43.940874001" lon="7.413331999">
        <ele>788.53</ele>
      </trkpt>
      <trkpt lat="43.940862004" lon="7.413369005">
        <ele>788.29</ele>
      </trkpt>
      <trkpt lat="43.940844995" lon="7.413402005">
        <ele>787.7</ele>
      </trkpt>
      <trkpt lat="43.94083" lon="7.413422001">
        <ele>786.84</ele>
      </trkpt>
      <trkpt lat="43.940694999" lon="7.413505005">
        <ele>785.21</ele>
      </trkpt>
      <trkpt lat="43.940537999" lon="7.413603995">
        <ele>783.36</ele>
      </trkpt>
      <trkpt lat="43.940332" lon="7.413739992">
        <ele>781.38</ele>
      </trkpt>
      <trkpt lat="43.940257997" lon="7.413775003">
        <ele>779.68</ele>
      </trkpt>
      <trkpt lat="43.940227001" lon="7.413785002">
        <ele>778.1</ele>
      </trkpt>
      <trkpt lat="43.940196003" lon="7.413780992">
        <ele>776.22</ele>
      </trkpt>
      <trkpt lat="43.940156003" lon="7.413774003">
        <ele>774.82</ele>
      </trkpt>
      <trkpt lat="43.940107" lon="7.413738">
        <ele>773.08</ele>
      </trkpt>
      <trkpt lat="43.939952001" lon="7.413562996">
        <ele>771.68</ele>
      </trkpt>
      <trkpt lat="43.939818004" lon="7.413396007">
        <ele>770.44</ele>
      </trkpt>
      <trkpt lat="43.939763004" lon="7.413302994">
        <ele>770.45</ele>
      </trkpt>
      <trkpt lat="43.939742003" lon="7.413243002">
        <ele>770.58</ele>
      </trkpt>
      <trkpt lat="43.939727999" lon="7.413170004">
        <ele>771.45</ele>
      </trkpt>
      <trkpt lat="43.939722003" lon="7.413053006">
        <ele>772.67</ele>
      </trkpt>
      <trkpt lat="43.939717998" lon="7.412966998">
        <ele>773.85</ele>
      </trkpt>
      <trkpt lat="43.939708002" lon="7.412899001">
        <ele>774.87</ele>
      </trkpt>
      <trkpt lat="43.939701995" lon="7.412871005">
        <ele>775.55</ele>
      </trkpt>
      <trkpt lat="43.939689998" lon="7.412835997">
        <ele>776.01</ele>
      </trkpt>
      <trkpt lat="43.939673003" lon="7.412803995">
        <ele>777.62</ele>
      </trkpt>
      <trkpt lat="43.939597998" lon="7.412661995">
        <ele>779.07</ele>
      </trkpt>
      <trkpt lat="43.939563996" lon="7.412612997">
        <ele>780.31</ele>
      </trkpt>
      <trkpt lat="43.939548005" lon="7.412603002">
        <ele>781.47</ele>
      </trkpt>
      <trkpt lat="43.939518997" lon="7.412592997">
        <ele>782.5</ele>
      </trkpt>
      <trkpt lat="43.939491998" lon="7.412600001">
        <ele>781.8</ele>
      </trkpt>
      <trkpt lat="43.939452994" lon="7.412620994">
        <ele>781.23</ele>
      </trkpt>
      <trkpt lat="43.939434005" lon="7.412641004">
        <ele>780.79</ele>
      </trkpt>
      <trkpt lat="43.939386002" lon="7.412697999">
        <ele>778.96</ele>
      </trkpt>
      <trkpt lat="43.939313005" lon="7.412802008">
        <ele>775.91</ele>
      </trkpt>
      <trkpt lat="43.939169002" lon="7.412958997">
        <ele>772.42</ele>
      </trkpt>
      <trkpt lat="43.939083999" lon="7.413030004">
        <ele>773.56</ele>
      </trkpt>
      <trkpt lat="43.939058002" lon="7.413053002">
        <ele>772</ele>
      </trkpt>
      <trkpt lat="43.93898" lon="7.413104006">
        <ele>774.27</ele>
      </trkpt>
      <trkpt lat="43.938856" lon="7.413140996">
        <ele>775.89</ele>
      </trkpt>
      <trkpt lat="43.938718004" lon="7.413165001">
        <ele>775.85</ele>
      </trkpt>
      <trkpt lat="43.938623001" lon="7.413164993">
        <ele>773.25</ele>
      </trkpt>
      <trkpt lat="43.938521004" lon="7.413152006">
        <ele>772.17</ele>
      </trkpt>
      <trkpt lat="43.938432001" lon="7.413134001">
        <ele>767.3</ele>
      </trkpt>
      <trkpt lat="43.938332998" lon="7.413092008">
        <ele>766.03</ele>
      </trkpt>
      <trkpt lat="43.938236996" lon="7.413042002">
        <ele>766.5</ele>
      </trkpt>
      <trkpt lat="43.938187002" lon="7.413005998">
        <ele>764.6</ele>
      </trkpt>
      <trkpt lat="43.938134001" lon="7.412969001">
        <ele>763.66</ele>
      </trkpt>
      <trkpt lat="43.937972" lon="7.412816004">
        <ele>766.55</ele>
      </trkpt>
      <trkpt lat="43.937790999" lon="7.412636003">
        <ele>765.59</ele>
      </trkpt>
      <trkpt lat="43.937591" lon="7.412443007">
        <ele>766.21</ele>
      </trkpt>
      <trkpt lat="43.937428006" lon="7.412308996">
        <ele>765.95</ele>
      </trkpt>
      <trkpt lat="43.937301001" lon="7.412226992">
        <ele>766.17</ele>
      </trkpt>
      <trkpt lat="43.937209997" lon="7.412177999">
        <ele>763.46</ele>
      </trkpt>
      <trkpt lat="43.937039" lon="7.412119995">
        <ele>763.62</ele>
      </trkpt>
      <trkpt lat="43.936988005" lon="7.412091999">
        <ele>762.51</ele>
      </trkpt>
      <trkpt lat="43.936947998" lon="7.412057993">
        <ele>762.54</ele>
      </trkpt>
      <trkpt lat="43.936900997" lon="7.412003001">
        <ele>762.67</ele>
      </trkpt>
      <trkpt lat="43.936802997" lon="7.411884002">
        <ele>763.73</ele>
      </trkpt>
      <trkpt lat="43.936600004" lon="7.411592003">
        <ele>764.11</ele>
      </trkpt>
      <trkpt lat="43.936433999" lon="7.411346001">
        <ele>764.71</ele>
      </trkpt>
      <trkpt lat="43.936412997" lon="7.411315001">
        <ele>765.17</ele>
      </trkpt>
      <trkpt lat="43.936296999" lon="7.411147998">
        <ele>765.36</ele>
      </trkpt>
      <trkpt lat="43.936184999" lon="7.410996">
        <ele>766.25</ele>
      </trkpt>
      <trkpt lat="43.936087996" lon="7.410890003">
        <ele>766.66</ele>
      </trkpt>
      <trkpt lat="43.935957997" lon="7.410771002">
        <ele>766.33</ele>
      </trkpt>
      <trkpt lat="43.935673" lon="7.410544001">
        <ele>765.99</ele>
      </trkpt>
      <trkpt lat="43.935601" lon="7.410488">
        <ele>766.48</ele>
      </trkpt>
      <trkpt lat="43.935573" lon="7.410466001">
        <ele>766.53</ele>
      </trkpt>
      <trkpt lat="43.935468998" lon="7.41039">
        <ele>766.63</ele>
      </trkpt>
      <trkpt lat="43.935392998" lon="7.410347998">
        <ele>767.2</ele>
      </trkpt>
      <trkpt lat="43.935308003" lon="7.410311997">
        <ele>766.83</ele>
      </trkpt>
      <trkpt lat="43.935115998" lon="7.410251003">
        <ele>766.14</ele>
      </trkpt>
      <trkpt lat="43.934928" lon="7.410184994">
        <ele>764.37</ele>
      </trkpt>
      <trkpt lat="43.934850004" lon="7.410152005">
        <ele>762.51</ele>
      </trkpt>
      <trkpt lat="43.934763997" lon="7.410104003">
        <ele>762.04</ele>
      </trkpt>
      <trkpt lat="43.934650999" lon="7.410024002">
        <ele>763.18</ele>
      </trkpt>
      <trkpt lat="43.934449997" lon="7.409865998">
        <ele>763.15</ele>
      </trkpt>
      <trkpt lat="43.934227004" lon="7.409692997">
        <ele>763.16</ele>
      </trkpt>
      <trkpt lat="43.934166994" lon="7.409655002">
        <ele>763.31</ele>
      </trkpt>
      <trkpt lat="43.934133002" lon="7.409645001">
        <ele>764.95</ele>
      </trkpt>
      <trkpt lat="43.934093002" lon="7.409633999">
        <ele>763.37</ele>
      </trkpt>
      <trkpt lat="43.934022997" lon="7.409631003">
        <ele>762.62</ele>
      </trkpt>
      <trkpt lat="43.933838003" lon="7.409636999">
        <ele>763.79</ele>
      </trkpt>
      <trkpt lat="43.933628002" lon="7.409624994">
        <ele>765.92</ele>
      </trkpt>
      <trkpt lat="43.933254003" lon="7.409559992">
        <ele>764.7</ele>
      </trkpt>
      <trkpt lat="43.933031999" lon="7.409539002">
        <ele>766.64</ele>
      </trkpt>
      <trkpt lat="43.932713997" lon="7.409531005">
        <ele>770.09</ele>
      </trkpt>
      <trkpt lat="43.932440001" lon="7.409525002">
        <ele>769.58</ele>
      </trkpt>
      <trkpt lat="43.932326995" lon="7.409535992">
        <ele>767.38</ele>
      </trkpt>
      <trkpt lat="43.932028999" lon="7.409582999">
        <ele>765.07</ele>
      </trkpt>
      <trkpt lat="43.931669997" lon="7.409616007">
        <ele>761.22</ele>
      </trkpt>
      <trkpt lat="43.931386996" lon="7.409636995">
        <ele>754.7</ele>
      </trkpt>
      <trkpt lat="43.931314994" lon="7.409631002">
        <ele>753.74</ele>
      </trkpt>
      <trkpt lat="43.931250004" lon="7.409617007">
        <ele>753.47</ele>
      </trkpt>
      <trkpt lat="43.931224999" lon="7.409607003">
        <ele>754.58</ele>
      </trkpt>
      <trkpt lat="43.931187001" lon="7.409575003">
        <ele>756.75</ele>
      </trkpt>
      <trkpt lat="43.931142999" lon="7.409532998">
        <ele>759.81</ele>
      </trkpt>
      <trkpt lat="43.931060998" lon="7.409423996">
        <ele>761.33</ele>
      </trkpt>
      <trkpt lat="43.930999003" lon="7.409345003">
        <ele>763.15</ele>
      </trkpt>
      <trkpt lat="43.930960999" lon="7.409302003">
        <ele>763.9</ele>
      </trkpt>
      <trkpt lat="43.930944994" lon="7.409289004">
        <ele>764.43</ele>
      </trkpt>
      <trkpt lat="43.930904001" lon="7.409267998">
        <ele>764.82</ele>
      </trkpt>
      <trkpt lat="43.930861" lon="7.409258997">
        <ele>763.25</ele>
      </trkpt>
      <trkpt lat="43.930823994" lon="7.409255998">
        <ele>765.58</ele>
      </trkpt>
      <trkpt lat="43.930764001" lon="7.409262008">
        <ele>768.18</ele>
      </trkpt>
      <trkpt lat="43.930681994" lon="7.409282992">
        <ele>770.91</ele>
      </trkpt>
      <trkpt lat="43.930660999" lon="7.409291994">
        <ele>773.66</ele>
      </trkpt>
      <trkpt lat="43.930623995" lon="7.409307005">
        <ele>776.4</ele>
      </trkpt>
      <trkpt lat="43.930574998" lon="7.409338">
        <ele>774.42</ele>
      </trkpt>
      <trkpt lat="43.930499998" lon="7.409405996">
        <ele>771.98</ele>
      </trkpt>
      <trkpt lat="43.930352002" lon="7.409593005">
        <ele>774.71</ele>
      </trkpt>
      <trkpt lat="43.930285005" lon="7.409650994">
        <ele>770.31</ele>
      </trkpt>
      <trkpt lat="43.930083999" lon="7.409829997">
        <ele>770.81</ele>
      </trkpt>
      <trkpt lat="43.929897002" lon="7.409997997">
        <ele>772.34</ele>
      </trkpt>
      <trkpt lat="43.929748997" lon="7.410155991">
        <ele>774.75</ele>
      </trkpt>
      <trkpt lat="43.929541006" lon="7.410437992">
        <ele>771.87</ele>
      </trkpt>
      <trkpt lat="43.929415997" lon="7.410624005">
        <ele>777.37</ele>
      </trkpt>
      <trkpt lat="43.929292005" lon="7.410826995">
        <ele>773.28</ele>
      </trkpt>
      <trkpt lat="43.929191001" lon="7.411025003">
        <ele>775.16</ele>
      </trkpt>
      <trkpt lat="43.929098997" lon="7.411287999">
        <ele>776.48</ele>
      </trkpt>
      <trkpt lat="43.929027006" lon="7.411482002">
        <ele>777.74</ele>
      </trkpt>
      <trkpt lat="43.928986001" lon="7.411558998">
        <ele>773.34</ele>
      </trkpt>
      <trkpt lat="43.928941" lon="7.411615992">
        <ele>773.76</ele>
      </trkpt>
      <trkpt lat="43.928890002" lon="7.411659001">
        <ele>768.11</ele>
      </trkpt>
      <trkpt lat="43.928825998" lon="7.411699994">
        <ele>765.17</ele>
      </trkpt>
      <trkpt lat="43.928816003" lon="7.411705993">
        <ele>765.3</ele>
      </trkpt>
      <trkpt lat="43.928601997" lon="7.411802002">
        <ele>769.98</ele>
      </trkpt>
      <trkpt lat="43.928388996" lon="7.411897002">
        <ele>770.34</ele>
      </trkpt>
      <trkpt lat="43.928320997" lon="7.411959">
        <ele>775.94</ele>
      </trkpt>
      <trkpt lat="43.928219005" lon="7.412102001">
        <ele>779.74</ele>
      </trkpt>
      <trkpt lat="43.928136998" lon="7.412258995">
        <ele>777.68</ele>
      </trkpt>
      <trkpt lat="43.928055996" lon="7.412447994">
        <ele>776.52</ele>
      </trkpt>
      <trkpt lat="43.928002003" lon="7.412610997">
        <ele>780.77</ele>
      </trkpt>
      <trkpt lat="43.927977006" lon="7.412726993">
        <ele>777.47</ele>
      </trkpt>
      <trkpt lat="43.927960999" lon="7.412843997">
        <ele>774.84</ele>
      </trkpt>
      <trkpt lat="43.927946004" lon="7.412979002">
        <ele>774.04</ele>
      </trkpt>
      <trkpt lat="43.927943005" lon="7.413178003">
        <ele>773.49</ele>
      </trkpt>
      <trkpt lat="43.927947003" lon="7.413469001">
        <ele>768.28</ele>
      </trkpt>
      <trkpt lat="43.927956999" lon="7.413654005">
        <ele>765.35</ele>
      </trkpt>
      <trkpt lat="43.927954001" lon="7.413756003">
        <ele>760.87</ele>
      </trkpt>
      <trkpt lat="43.927950004" lon="7.413830997">
        <ele>760.83</ele>
      </trkpt>
      <trkpt lat="43.927930002" lon="7.413900998">
        <ele>758.94</ele>
      </trkpt>
      <trkpt lat="43.927898997" lon="7.413957999">
        <ele>760.11</ele>
      </trkpt>
      <trkpt lat="43.927859001" lon="7.414007994">
        <ele>760.42</ele>
      </trkpt>
      <trkpt lat="43.927811999" lon="7.414045998">
        <ele>760.22</ele>
      </trkpt>
      <trkpt lat="43.927745002" lon="7.414058009">
        <ele>756.39</ele>
      </trkpt>
      <trkpt lat="43.927685003" lon="7.414057005">
        <ele>753.14</ele>
      </trkpt>
      <trkpt lat="43.927643002" lon="7.414038001">
        <ele>750.88</ele>
      </trkpt>
      <trkpt lat="43.927594996" lon="7.414000998">
        <ele>749.88</ele>
      </trkpt>
      <trkpt lat="43.927557995" lon="7.413955992">
        <ele>750.24</ele>
      </trkpt>
      <trkpt lat="43.927527002" lon="7.413893005">
        <ele>752.46</ele>
      </trkpt>
      <trkpt lat="43.927507996" lon="7.413810008">
        <ele>754.18</ele>
      </trkpt>
      <trkpt lat="43.927441005" lon="7.413415997">
        <ele>755.11</ele>
      </trkpt>
      <trkpt lat="43.927399997" lon="7.413164004">
        <ele>754.89</ele>
      </trkpt>
      <trkpt lat="43.927328997" lon="7.412948002">
        <ele>755.18</ele>
      </trkpt>
      <trkpt lat="43.927264995" lon="7.412766003">
        <ele>754.04</ele>
      </trkpt>
      <trkpt lat="43.927165004" lon="7.412571005">
        <ele>752.95</ele>
      </trkpt>
      <trkpt lat="43.927039999" lon="7.412367999">
        <ele>753.5</ele>
      </trkpt>
      <trkpt lat="43.926914996" lon="7.412177003">
        <ele>754.65</ele>
      </trkpt>
      <trkpt lat="43.926822002" lon="7.412036998">
        <ele>754.45</ele>
      </trkpt>
      <trkpt lat="43.926747003" lon="7.411962003">
        <ele>753.25</ele>
      </trkpt>
      <trkpt lat="43.926674002" lon="7.411896005">
        <ele>755.76</ele>
      </trkpt>
      <trkpt lat="43.926401999" lon="7.411698001">
        <ele>754.94</ele>
      </trkpt>
      <trkpt lat="43.926206001" lon="7.411559007">
        <ele>756.85</ele>
      </trkpt>
      <trkpt lat="43.926058" lon="7.411441001">
        <ele>758.24</ele>
      </trkpt>
      <trkpt lat="43.925939999" lon="7.411346992">
        <ele>760.42</ele>
      </trkpt>
      <trkpt lat="43.925897001" lon="7.411320992">
        <ele>759.1</ele>
      </trkpt>
      <trkpt lat="43.925881" lon="7.411315003">
        <ele>759.78</ele>
      </trkpt>
      <trkpt lat="43.925849998" lon="7.411314001">
        <ele>757.55</ele>
      </trkpt>
      <trkpt lat="43.925833003" lon="7.411314993">
        <ele>755.06</ele>
      </trkpt>
      <trkpt lat="43.925808996" lon="7.411320007">
        <ele>756.36</ele>
      </trkpt>
      <trkpt lat="43.925742998" lon="7.411348996">
        <ele>756.76</ele>
      </trkpt>
      <trkpt lat="43.925584999" lon="7.411479003">
        <ele>762.71</ele>
      </trkpt>
      <trkpt lat="43.925501002" lon="7.411543003">
        <ele>760.79</ele>
      </trkpt>
      <trkpt lat="43.925367003" lon="7.411619993">
        <ele>765.04</ele>
      </trkpt>
      <trkpt lat="43.925190004" lon="7.411718997">
        <ele>761.41</ele>
      </trkpt>
      <trkpt lat="43.924858003" lon="7.411958999">
        <ele>758</ele>
      </trkpt>
      <trkpt lat="43.924720998" lon="7.412074003">
        <ele>748.74</ele>
      </trkpt>
      <trkpt lat="43.924653001" lon="7.412113">
        <ele>747.38</ele>
      </trkpt>
      <trkpt lat="43.924619999" lon="7.412125998">
        <ele>744.4</ele>
      </trkpt>
      <trkpt lat="43.924599003" lon="7.412126992">
        <ele>745.23</ele>
      </trkpt>
      <trkpt lat="43.924567003" lon="7.412120998">
        <ele>746.67</ele>
      </trkpt>
      <trkpt lat="43.924528999" lon="7.412103005">
        <ele>748.94</ele>
      </trkpt>
      <trkpt lat="43.924489996" lon="7.412089">
        <ele>751.4</ele>
      </trkpt>
      <trkpt lat="43.924451003" lon="7.412051999">
        <ele>749.81</ele>
      </trkpt>
      <trkpt lat="43.924379999" lon="7.411989002">
        <ele>748.94</ele>
      </trkpt>
      <trkpt lat="43.924205998" lon="7.411767">
        <ele>751.44</ele>
      </trkpt>
      <trkpt lat="43.924087" lon="7.411628994">
        <ele>751.32</ele>
      </trkpt>
      <trkpt lat="43.923958002" lon="7.411531006">
        <ele>749.16</ele>
      </trkpt>
      <trkpt lat="43.92386" lon="7.411485001">
        <ele>750.91</ele>
      </trkpt>
      <trkpt lat="43.923769003" lon="7.411453006">
        <ele>753.99</ele>
      </trkpt>
      <trkpt lat="43.923648998" lon="7.411426">
        <ele>748.9</ele>
      </trkpt>
      <trkpt lat="43.923448997" lon="7.411403005">
        <ele>749.22</ele>
      </trkpt>
      <trkpt lat="43.923197998" lon="7.411379993">
        <ele>751.16</ele>
      </trkpt>
      <trkpt lat="43.923052995" lon="7.411373999">
        <ele>748.36</ele>
      </trkpt>
      <trkpt lat="43.923020998" lon="7.411376">
        <ele>747.08</ele>
      </trkpt>
      <trkpt lat="43.922943995" lon="7.411382001">
        <ele>750.33</ele>
      </trkpt>
      <trkpt lat="43.922823005" lon="7.411400997">
        <ele>749.96</ele>
      </trkpt>
      <trkpt lat="43.922752001" lon="7.411403996">
        <ele>749.56</ele>
      </trkpt>
      <trkpt lat="43.922706999" lon="7.411396997">
        <ele>752.72</ele>
      </trkpt>
      <trkpt lat="43.922664998" lon="7.411377997">
        <ele>752.89</ele>
      </trkpt>
      <trkpt lat="43.922634997" lon="7.411349999">
        <ele>754.06</ele>
      </trkpt>
      <trkpt lat="43.922630999" lon="7.411345001">
        <ele>755.99</ele>
      </trkpt>
      <trkpt lat="43.922617002" lon="7.41132">
        <ele>754.89</ele>
      </trkpt>
      <trkpt lat="43.922589002" lon="7.411258998">
        <ele>752.42</ele>
      </trkpt>
      <trkpt lat="43.922581003" lon="7.411197998">
        <ele>750.93</ele>
      </trkpt>
      <trkpt lat="43.922584999" lon="7.411095999">
        <ele>751.27</ele>
      </trkpt>
      <trkpt lat="43.922608996" lon="7.410961006">
        <ele>747.82</ele>
      </trkpt>
      <trkpt lat="43.922699001" lon="7.410615006">
        <ele>746.15</ele>
      </trkpt>
      <trkpt lat="43.922790001" lon="7.410270005">
        <ele>744.49</ele>
      </trkpt>
      <trkpt lat="43.922905995" lon="7.409842">
        <ele>742.44</ele>
      </trkpt>
      <trkpt lat="43.922913004" lon="7.409764003">
        <ele>738.86</ele>
      </trkpt>
      <trkpt lat="43.922909999" lon="7.409709">
        <ele>739.67</ele>
      </trkpt>
      <trkpt lat="43.922902994" lon="7.409674003">
        <ele>740.4</ele>
      </trkpt>
      <trkpt lat="43.922873998" lon="7.409616005">
        <ele>738.5</ele>
      </trkpt>
      <trkpt lat="43.922726001" lon="7.409392998">
        <ele>734.48</ele>
      </trkpt>
      <trkpt lat="43.922630003" lon="7.409223994">
        <ele>733.07</ele>
      </trkpt>
      <trkpt lat="43.922572001" lon="7.409058005">
        <ele>728.2</ele>
      </trkpt>
      <trkpt lat="43.922486002" lon="7.408772005">
        <ele>726.27</ele>
      </trkpt>
      <trkpt lat="43.922466002" lon="7.408641004">
        <ele>726.91</ele>
      </trkpt>
      <trkpt lat="43.922466003" lon="7.408568003">
        <ele>729.93</ele>
      </trkpt>
      <trkpt lat="43.922473002" lon="7.408510993">
        <ele>730.56</ele>
      </trkpt>
      <trkpt lat="43.922503998" lon="7.408446998">
        <ele>734.64</ele>
      </trkpt>
      <trkpt lat="43.922532996" lon="7.408401004">
        <ele>732.44</ele>
      </trkpt>
      <trkpt lat="43.922563998" lon="7.408346">
        <ele>730.37</ele>
      </trkpt>
      <trkpt lat="43.922609" lon="7.408246998">
        <ele>728.11</ele>
      </trkpt>
      <trkpt lat="43.922628003" lon="7.408155002">
        <ele>734.03</ele>
      </trkpt>
      <trkpt lat="43.922635996" lon="7.408086995">
        <ele>730.06</ele>
      </trkpt>
      <trkpt lat="43.922639" lon="7.407972001">
        <ele>732.4</ele>
      </trkpt>
      <trkpt lat="43.922631001" lon="7.407816999">
        <ele>734.14</ele>
      </trkpt>
      <trkpt lat="43.922595994" lon="7.407643997">
        <ele>735.35</ele>
      </trkpt>
      <trkpt lat="43.922562" lon="7.407591002">
        <ele>727.85</ele>
      </trkpt>
      <trkpt lat="43.922540999" lon="7.407567991">
        <ele>729.6</ele>
      </trkpt>
      <trkpt lat="43.922518994" lon="7.407551999">
        <ele>730.82</ele>
      </trkpt>
      <trkpt lat="43.922487998" lon="7.407532993">
        <ele>727.55</ele>
      </trkpt>
      <trkpt lat="43.922370001" lon="7.407476995">
        <ele>724.11</ele>
      </trkpt>
      <trkpt lat="43.922220996" lon="7.407342008">
        <ele>720.46</ele>
      </trkpt>
      <trkpt lat="43.922190996" lon="7.407324001">
        <ele>716.51</ele>
      </trkpt>
      <trkpt lat="43.922165004" lon="7.407315009">
        <ele>711.86</ele>
      </trkpt>
      <trkpt lat="43.922147" lon="7.407317994">
        <ele>711.1</ele>
      </trkpt>
      <trkpt lat="43.922135001" lon="7.407329">
        <ele>709.99</ele>
      </trkpt>
      <trkpt lat="43.922122002" lon="7.407350006">
        <ele>708.84</ele>
      </trkpt>
      <trkpt lat="43.922117002" lon="7.407386992">
        <ele>707.52</ele>
      </trkpt>
      <trkpt lat="43.922121002" lon="7.407403999">
        <ele>711.12</ele>
      </trkpt>
      <trkpt lat="43.922147998" lon="7.407456005">
        <ele>714.72</ele>
      </trkpt>
      <trkpt lat="43.922384999" lon="7.407580997">
        <ele>718.55</ele>
      </trkpt>
      <trkpt lat="43.922445996" lon="7.407622001">
        <ele>722.35</ele>
      </trkpt>
      <trkpt lat="43.922461002" lon="7.407638999">
        <ele>726.35</ele>
      </trkpt>
      <trkpt lat="43.922475996" lon="7.407663003">
        <ele>725.44</ele>
      </trkpt>
      <trkpt lat="43.922483002" lon="7.407681004">
        <ele>724.63</ele>
      </trkpt>
      <trkpt lat="43.922483998" lon="7.407700996">
        <ele>723.75</ele>
      </trkpt>
      <trkpt lat="43.922479999" lon="7.407723009">
        <ele>722.92</ele>
      </trkpt>
      <trkpt lat="43.922467004" lon="7.407741009">
        <ele>722.24</ele>
      </trkpt>
      <trkpt lat="43.922441006" lon="7.407743999">
        <ele>721.85</ele>
      </trkpt>
      <trkpt lat="43.922414004" lon="7.407732996">
        <ele>719.67</ele>
      </trkpt>
      <trkpt lat="43.922386" lon="7.407709993">
        <ele>717.7</ele>
      </trkpt>
      <trkpt lat="43.922326994" lon="7.407642007">
        <ele>715.66</ele>
      </trkpt>
      <trkpt lat="43.922286" lon="7.407612999">
        <ele>713.52</ele>
      </trkpt>
      <trkpt lat="43.922195997" lon="7.407571998">
        <ele>711.27</ele>
      </trkpt>
      <trkpt lat="43.922108003" lon="7.407525004">
        <ele>704.55</ele>
      </trkpt>
      <trkpt lat="43.922090001" lon="7.407511005">
        <ele>698.39</ele>
      </trkpt>
      <trkpt lat="43.922054998" lon="7.407470003">
        <ele>693.32</ele>
      </trkpt>
      <trkpt lat="43.922031997" lon="7.407424005">
        <ele>688.88</ele>
      </trkpt>
      <trkpt lat="43.922025996" lon="7.407358995">
        <ele>685.52</ele>
      </trkpt>
      <trkpt lat="43.922028004" lon="7.407322001">
        <ele>689.25</ele>
      </trkpt>
      <trkpt lat="43.922026003" lon="7.407245005">
        <ele>693.03</ele>
      </trkpt>
      <trkpt lat="43.922023999" lon="7.407202002">
        <ele>696.6</ele>
      </trkpt>
      <trkpt lat="43.922023" lon="7.407157992">
        <ele>700.34</ele>
      </trkpt>
      <trkpt lat="43.922022004" lon="7.407109007">
        <ele>700.04</ele>
      </trkpt>
      <trkpt lat="43.922033002" lon="7.407062994">
        <ele>699.92</ele>
      </trkpt>
      <trkpt lat="43.922045006" lon="7.407030003">
        <ele>703.82</ele>
      </trkpt>
      <trkpt lat="43.922079996" lon="7.406978">
        <ele>707.6</ele>
      </trkpt>
      <trkpt lat="43.922120003" lon="7.406899999">
        <ele>711.17</ele>
      </trkpt>
      <trkpt lat="43.922135999" lon="7.406861006">
        <ele>718.23</ele>
      </trkpt>
      <trkpt lat="43.922147003" lon="7.406826004">
        <ele>724.96</ele>
      </trkpt>
      <trkpt lat="43.922149997" lon="7.406785994">
        <ele>727.79</ele>
      </trkpt>
      <trkpt lat="43.922151001" lon="7.406753998">
        <ele>730.63</ele>
      </trkpt>
      <trkpt lat="43.922145998" lon="7.406697994">
        <ele>728.48</ele>
      </trkpt>
      <trkpt lat="43.922145003" lon="7.406654995">
        <ele>726.09</ele>
      </trkpt>
      <trkpt lat="43.922141001" lon="7.406629994">
        <ele>723.55</ele>
      </trkpt>
      <trkpt lat="43.922131999" lon="7.406597998">
        <ele>720.5</ele>
      </trkpt>
      <trkpt lat="43.922122999" lon="7.406569992">
        <ele>717.13</ele>
      </trkpt>
      <trkpt lat="43.922112998" lon="7.406546">
        <ele>718.94</ele>
      </trkpt>
      <trkpt lat="43.922096003" lon="7.406518">
        <ele>720.05</ele>
      </trkpt>
      <trkpt lat="43.922073002" lon="7.406503004">
        <ele>720.41</ele>
      </trkpt>
      <trkpt lat="43.922050004" lon="7.406483007">
        <ele>719.58</ele>
      </trkpt>
      <trkpt lat="43.922022001" lon="7.406467999">
        <ele>717.37</ele>
      </trkpt>
      <trkpt lat="43.921965994" lon="7.406461002">
        <ele>716.98</ele>
      </trkpt>
      <trkpt lat="43.921896002" lon="7.406447">
        <ele>715.98</ele>
      </trkpt>
      <trkpt lat="43.921799995" lon="7.406404003">
        <ele>714.7</ele>
      </trkpt>
      <trkpt lat="43.921748997" lon="7.406380995">
        <ele>713.23</ele>
      </trkpt>
      <trkpt lat="43.921711998" lon="7.406363994">
        <ele>712.68</ele>
      </trkpt>
      <trkpt lat="43.921656" lon="7.406355002">
        <ele>708.97</ele>
      </trkpt>
      <trkpt lat="43.921646004" lon="7.406356998">
        <ele>704.66</ele>
      </trkpt>
      <trkpt lat="43.921614003" lon="7.406361995">
        <ele>704.36</ele>
      </trkpt>
      <trkpt lat="43.921534994" lon="7.406383996">
        <ele>703.9</ele>
      </trkpt>
      <trkpt lat="43.921443998" lon="7.406412005">
        <ele>704.93</ele>
      </trkpt>
      <trkpt lat="43.921371003" lon="7.406419008">
        <ele>701.87</ele>
      </trkpt>
      <trkpt lat="43.920963997" lon="7.406389997">
        <ele>701.91</ele>
      </trkpt>
      <trkpt lat="43.920721002" lon="7.406368998">
        <ele>699.71</ele>
      </trkpt>
      <trkpt lat="43.920575996" lon="7.406334997">
        <ele>695.96</ele>
      </trkpt>
      <trkpt lat="43.920401001" lon="7.406278003">
        <ele>691.82</ele>
      </trkpt>
      <trkpt lat="43.920266996" lon="7.406221995">
        <ele>692.39</ele>
      </trkpt>
      <trkpt lat="43.920129996" lon="7.406153996">
        <ele>691.36</ele>
      </trkpt>
      <trkpt lat="43.920057001" lon="7.406109001">
        <ele>689.27</ele>
      </trkpt>
      <trkpt lat="43.920026997" lon="7.406098003">
        <ele>689.88</ele>
      </trkpt>
      <trkpt lat="43.920022995" lon="7.406098006">
        <ele>689.38</ele>
      </trkpt>
      <trkpt lat="43.919999001" lon="7.406096002">
        <ele>688.63</ele>
      </trkpt>
      <trkpt lat="43.919977" lon="7.406102008">
        <ele>687.56</ele>
      </trkpt>
      <trkpt lat="43.919960995" lon="7.406117992">
        <ele>686.13</ele>
      </trkpt>
      <trkpt lat="43.919956" lon="7.406160003">
        <ele>684.66</ele>
      </trkpt>
      <trkpt lat="43.919967001" lon="7.406207004">
        <ele>683.93</ele>
      </trkpt>
      <trkpt lat="43.919991004" lon="7.406229995">
        <ele>683.71</ele>
      </trkpt>
      <trkpt lat="43.920021999" lon="7.406244998">
        <ele>685.33</ele>
      </trkpt>
      <trkpt lat="43.920038004" lon="7.406254003">
        <ele>687.28</ele>
      </trkpt>
      <trkpt lat="43.920119996" lon="7.406277997">
        <ele>690.85</ele>
      </trkpt>
      <trkpt lat="43.920337997" lon="7.406350996">
        <ele>694.09</ele>
      </trkpt>
      <trkpt lat="43.920637997" lon="7.406466994">
        <ele>694.89</ele>
      </trkpt>
      <trkpt lat="43.920875999" lon="7.406566992">
        <ele>695.36</ele>
      </trkpt>
      <trkpt lat="43.920988004" lon="7.406607995">
        <ele>697.34</ele>
      </trkpt>
      <trkpt lat="43.921047999" lon="7.406613992">
        <ele>699.48</ele>
      </trkpt>
      <trkpt lat="43.921128996" lon="7.406621997">
        <ele>699.01</ele>
      </trkpt>
      <trkpt lat="43.921217001" lon="7.406628999">
        <ele>698.24</ele>
      </trkpt>
      <trkpt lat="43.921309994" lon="7.406635001">
        <ele>696.53</ele>
      </trkpt>
      <trkpt lat="43.921342999" lon="7.406643999">
        <ele>693.46</ele>
      </trkpt>
      <trkpt lat="43.921356999" lon="7.406656005">
        <ele>688.78</ele>
      </trkpt>
      <trkpt lat="43.921369997" lon="7.406682997">
        <ele>686.41</ele>
      </trkpt>
      <trkpt lat="43.921373" lon="7.406711998">
        <ele>686.27</ele>
      </trkpt>
      <trkpt lat="43.921365" lon="7.406738003">
        <ele>685.71</ele>
      </trkpt>
      <trkpt lat="43.921345999" lon="7.406759006">
        <ele>686.61</ele>
      </trkpt>
      <trkpt lat="43.921318995" lon="7.406760996">
        <ele>686.22</ele>
      </trkpt>
      <trkpt lat="43.921247001" lon="7.406744994">
        <ele>685.03</ele>
      </trkpt>
      <trkpt lat="43.921129004" lon="7.406718005">
        <ele>684.94</ele>
      </trkpt>
      <trkpt lat="43.921048999" lon="7.406711996">
        <ele>684.07</ele>
      </trkpt>
      <trkpt lat="43.920944999" lon="7.406700005">
        <ele>682.31</ele>
      </trkpt>
      <trkpt lat="43.920862995" lon="7.406679002">
        <ele>680.91</ele>
      </trkpt>
      <trkpt lat="43.920721001" lon="7.406632002">
        <ele>680.62</ele>
      </trkpt>
      <trkpt lat="43.920454002" lon="7.406534003">
        <ele>677.84</ele>
      </trkpt>
      <trkpt lat="43.920221001" lon="7.406451003">
        <ele>677.89</ele>
      </trkpt>
      <trkpt lat="43.920144" lon="7.406431996">
        <ele>677.07</ele>
      </trkpt>
      <trkpt lat="43.920033002" lon="7.406425002">
        <ele>676.65</ele>
      </trkpt>
      <trkpt lat="43.920021004" lon="7.406423002">
        <ele>675.34</ele>
      </trkpt>
      <trkpt lat="43.919984003" lon="7.406417">
        <ele>675.19</ele>
      </trkpt>
      <trkpt lat="43.919938" lon="7.406404005">
        <ele>674.04</ele>
      </trkpt>
      <trkpt lat="43.919905001" lon="7.406377002">
        <ele>672.33</ele>
      </trkpt>
      <trkpt lat="43.919856001" lon="7.406290004">
        <ele>673.42</ele>
      </trkpt>
      <trkpt lat="43.919779001" lon="7.406033">
        <ele>673.16</ele>
      </trkpt>
      <trkpt lat="43.919694999" lon="7.405817005">
        <ele>673.69</ele>
      </trkpt>
      <trkpt lat="43.919544998" lon="7.405537004">
        <ele>672.84</ele>
      </trkpt>
      <trkpt lat="43.919507995" lon="7.405433003">
        <ele>674.19</ele>
      </trkpt>
      <trkpt lat="43.919515003" lon="7.405310993">
        <ele>673.87</ele>
      </trkpt>
      <trkpt lat="43.91956" lon="7.405110004">
        <ele>675.21</ele>
      </trkpt>
      <trkpt lat="43.919563002" lon="7.405022">
        <ele>677.08</ele>
      </trkpt>
      <trkpt lat="43.919546999" lon="7.404930994">
        <ele>680.3</ele>
      </trkpt>
      <trkpt lat="43.919429002" lon="7.404646997">
        <ele>682.81</ele>
      </trkpt>
      <trkpt lat="43.919329006" lon="7.404286993">
        <ele>684.32</ele>
      </trkpt>
      <trkpt lat="43.919286993" lon="7.404218008">
        <ele>685.99</ele>
      </trkpt>
      <trkpt lat="43.919251003" lon="7.404199005">
        <ele>686.77</ele>
      </trkpt>
      <trkpt lat="43.919200005" lon="7.404198993">
        <ele>687.6</ele>
      </trkpt>
      <trkpt lat="43.919142004" lon="7.404221996">
        <ele>696.18</ele>
      </trkpt>
      <trkpt lat="43.919084997" lon="7.404311003">
        <ele>701.06</ele>
      </trkpt>
      <trkpt lat="43.919016996" lon="7.404540003">
        <ele>699.75</ele>
      </trkpt>
      <trkpt lat="43.918954999" lon="7.404852003">
        <ele>699.01</ele>
      </trkpt>
      <trkpt lat="43.918914006" lon="7.404990004">
        <ele>697.97</ele>
      </trkpt>
      <trkpt lat="43.918852002" lon="7.405104996">
        <ele>694.56</ele>
      </trkpt>
      <trkpt lat="43.918788995" lon="7.405208002">
        <ele>689.85</ele>
      </trkpt>
      <trkpt lat="43.918692002" lon="7.405335005">
        <ele>692.58</ele>
      </trkpt>
      <trkpt lat="43.918619005" lon="7.405468001">
        <ele>696.66</ele>
      </trkpt>
      <trkpt lat="43.918598999" lon="7.405586">
        <ele>695.65</ele>
      </trkpt>
      <trkpt lat="43.918600999" lon="7.405773995">
        <ele>690.43</ele>
      </trkpt>
      <trkpt lat="43.918567997" lon="7.405876999">
        <ele>691.85</ele>
      </trkpt>
      <trkpt lat="43.918490006" lon="7.406037003">
        <ele>687.98</ele>
      </trkpt>
      <trkpt lat="43.918482001" lon="7.406131003">
        <ele>683.79</ele>
      </trkpt>
      <trkpt lat="43.918507996" lon="7.406322997">
        <ele>685.68</ele>
      </trkpt>
      <trkpt lat="43.918509994" lon="7.406461001">
        <ele>689.51</ele>
      </trkpt>
      <trkpt lat="43.918497003" lon="7.406595004">
        <ele>694.6</ele>
      </trkpt>
      <trkpt lat="43.918421997" lon="7.406871005">
        <ele>702.46</ele>
      </trkpt>
      <trkpt lat="43.918406003" lon="7.407030001">
        <ele>702.51</ele>
      </trkpt>
      <trkpt lat="43.918436999" lon="7.407407005">
        <ele>701.53</ele>
      </trkpt>
      <trkpt lat="43.918412997" lon="7.407595995">
        <ele>697.19</ele>
      </trkpt>
      <trkpt lat="43.918373995" lon="7.407700005">
        <ele>685.45</ele>
      </trkpt>
      <trkpt lat="43.918339003" lon="7.407825">
        <ele>675.33</ele>
      </trkpt>
      <trkpt lat="43.918322002" lon="7.407920997">
        <ele>671.06</ele>
      </trkpt>
      <trkpt lat="43.918307" lon="7.408149998">
        <ele>665.61</ele>
      </trkpt>
      <trkpt lat="43.918278998" lon="7.408273999">
        <ele>658.64</ele>
      </trkpt>
      <trkpt lat="43.918240997" lon="7.408305003">
        <ele>657.36</ele>
      </trkpt>
      <trkpt lat="43.918184997" lon="7.408310998">
        <ele>657.57</ele>
      </trkpt>
      <trkpt lat="43.917981" lon="7.408208003">
        <ele>661.55</ele>
      </trkpt>
      <trkpt lat="43.917779" lon="7.408029001">
        <ele>673.81</ele>
      </trkpt>
      <trkpt lat="43.917582994" lon="7.407957998">
        <ele>685.66</ele>
      </trkpt>
      <trkpt lat="43.917289002" lon="7.407670998">
        <ele>695.46</ele>
      </trkpt>
      <trkpt lat="43.917196001" lon="7.407647998">
        <ele>707.85</ele>
      </trkpt>
      <trkpt lat="43.917098002" lon="7.407675997">
        <ele>715.64</ele>
      </trkpt>
      <trkpt lat="43.917004999" lon="7.407778">
        <ele>709.89</ele>
      </trkpt>
      <trkpt lat="43.916905999" lon="7.407885001">
        <ele>703.41</ele>
      </trkpt>
      <trkpt lat="43.916644002" lon="7.408014003">
        <ele>707.06</ele>
      </trkpt>
      <trkpt lat="43.916557005" lon="7.408078002">
        <ele>705.82</ele>
      </trkpt>
      <trkpt lat="43.916463999" lon="7.408160003">
        <ele>698.13</ele>
      </trkpt>
      <trkpt lat="43.916400004" lon="7.408243">
        <ele>701.39</ele>
      </trkpt>
      <trkpt lat="43.916377997" lon="7.408356001">
        <ele>700.61</ele>
      </trkpt>
      <trkpt lat="43.916475002" lon="7.408700003">
        <ele>691.92</ele>
      </trkpt>
      <trkpt lat="43.916479002" lon="7.408853993">
        <ele>677.62</ele>
      </trkpt>
      <trkpt lat="43.916403998" lon="7.409130006">
        <ele>671.11</ele>
      </trkpt>
      <trkpt lat="43.916387" lon="7.409320005">
        <ele>659.4</ele>
      </trkpt>
      <trkpt lat="43.916358995" lon="7.409435996">
        <ele>655.83</ele>
      </trkpt>
      <trkpt lat="43.916312003" lon="7.409491003">
        <ele>646.84</ele>
      </trkpt>
      <trkpt lat="43.916208001" lon="7.409524994">
        <ele>641.89</ele>
      </trkpt>
      <trkpt lat="43.915891002" lon="7.409567001">
        <ele>635.99</ele>
      </trkpt>
      <trkpt lat="43.915625001" lon="7.409635995">
        <ele>629.63</ele>
      </trkpt>
      <trkpt lat="43.91559" lon="7.409628001">
        <ele>621.38</ele>
      </trkpt>
      <trkpt lat="43.915553997" lon="7.409607998">
        <ele>621.25</ele>
      </trkpt>
      <trkpt lat="43.915503999" lon="7.409521001">
        <ele>623.15</ele>
      </trkpt>
      <trkpt lat="43.915476998" lon="7.409218003">
        <ele>626.46</ele>
      </trkpt>
      <trkpt lat="43.915490006" lon="7.408962999">
        <ele>630.44</ele>
      </trkpt>
      <trkpt lat="43.915470996" lon="7.408903">
        <ele>629.39</ele>
      </trkpt>
      <trkpt lat="43.915438" lon="7.408888005">
        <ele>623.57</ele>
      </trkpt>
      <trkpt lat="43.915404004" lon="7.408906">
        <ele>620.56</ele>
      </trkpt>
      <trkpt lat="43.915396996" lon="7.408967004">
        <ele>615.91</ele>
      </trkpt>
      <trkpt lat="43.915428997" lon="7.409450999">
        <ele>602.69</ele>
      </trkpt>
      <trkpt lat="43.915421004" lon="7.409527002">
        <ele>594.51</ele>
      </trkpt>
      <trkpt lat="43.915389998" lon="7.409564006">
        <ele>588.46</ele>
      </trkpt>
      <trkpt lat="43.915345998" lon="7.409552997">
        <ele>581.32</ele>
      </trkpt>
      <trkpt lat="43.915331001" lon="7.409507">
        <ele>576.68</ele>
      </trkpt>
      <trkpt lat="43.915327999" lon="7.409443002">
        <ele>587.38</ele>
      </trkpt>
      <trkpt lat="43.91533" lon="7.409091">
        <ele>597.67</ele>
      </trkpt>
      <trkpt lat="43.915296004" lon="7.408734009">
        <ele>605.34</ele>
      </trkpt>
      <trkpt lat="43.915260997" lon="7.408377001">
        <ele>609.22</ele>
      </trkpt>
      <trkpt lat="43.915214" lon="7.408092995">
        <ele>607.4</ele>
      </trkpt>
      <trkpt lat="43.915139994" lon="7.407820006">
        <ele>604.49</ele>
      </trkpt>
      <trkpt lat="43.915131997" lon="7.407695998">
        <ele>601.45</ele>
      </trkpt>
      <trkpt lat="43.91515" lon="7.407394">
        <ele>600.85</ele>
      </trkpt>
      <trkpt lat="43.915115001" lon="7.407188004">
        <ele>602.84</ele>
      </trkpt>
      <trkpt lat="43.915065998" lon="7.406996001">
        <ele>608.71</ele>
      </trkpt>
      <trkpt lat="43.914996994" lon="7.406884996">
        <ele>607.48</ele>
      </trkpt>
      <trkpt lat="43.914912" lon="7.406803004">
        <ele>607.97</ele>
      </trkpt>
      <trkpt lat="43.914701994" lon="7.406641003">
        <ele>611.88</ele>
      </trkpt>
      <trkpt lat="43.914639998" lon="7.406559991">
        <ele>614.48</ele>
      </trkpt>
      <trkpt lat="43.914517998" lon="7.406421002">
        <ele>615.84</ele>
      </trkpt>
      <trkpt lat="43.914483003" lon="7.406392999">
        <ele>617.24</ele>
      </trkpt>
      <trkpt lat="43.914422002" lon="7.406405006">
        <ele>623.47</ele>
      </trkpt>
      <trkpt lat="43.914365999" lon="7.406442996">
        <ele>615.62</ele>
      </trkpt>
      <trkpt lat="43.914257999" lon="7.406568002">
        <ele>609.83</ele>
      </trkpt>
      <trkpt lat="43.914137" lon="7.406662003">
        <ele>606.28</ele>
      </trkpt>
      <trkpt lat="43.913871998" lon="7.406709003">
        <ele>605.57</ele>
      </trkpt>
      <trkpt lat="43.913587" lon="7.406730007">
        <ele>598.13</ele>
      </trkpt>
      <trkpt lat="43.913302998" lon="7.406751998">
        <ele>604.48</ele>
      </trkpt>
      <trkpt lat="43.913221003" lon="7.406783004">
        <ele>609.47</ele>
      </trkpt>
      <trkpt lat="43.913127998" lon="7.406837996">
        <ele>613.47</ele>
      </trkpt>
      <trkpt lat="43.913070006" lon="7.406918997">
        <ele>608.03</ele>
      </trkpt>
      <trkpt lat="43.913027998" lon="7.40697">
        <ele>611.73</ele>
      </trkpt>
      <trkpt lat="43.912945002" lon="7.407071998">
        <ele>607.24</ele>
      </trkpt>
      <trkpt lat="43.912609001" lon="7.407307999">
        <ele>600.15</ele>
      </trkpt>
      <trkpt lat="43.912461001" lon="7.407394997">
        <ele>598.41</ele>
      </trkpt>
      <trkpt lat="43.912364002" lon="7.407421002">
        <ele>601.55</ele>
      </trkpt>
      <trkpt lat="43.912214004" lon="7.407422001">
        <ele>594.82</ele>
      </trkpt>
      <trkpt lat="43.912114994" lon="7.407438001">
        <ele>591.29</ele>
      </trkpt>
      <trkpt lat="43.912041996" lon="7.407474999">
        <ele>589.33</ele>
      </trkpt>
      <trkpt lat="43.911939" lon="7.407540999">
        <ele>585.36</ele>
      </trkpt>
      <trkpt lat="43.911813996" lon="7.407587992">
        <ele>582.56</ele>
      </trkpt>
      <trkpt lat="43.911711994" lon="7.407587003">
        <ele>584.4</ele>
      </trkpt>
      <trkpt lat="43.911565" lon="7.407514997">
        <ele>586.92</ele>
      </trkpt>
      <trkpt lat="43.911497994" lon="7.407489994">
        <ele>590.77</ele>
      </trkpt>
      <trkpt lat="43.911460997" lon="7.407511996">
        <ele>591.88</ele>
      </trkpt>
      <trkpt lat="43.911452001" lon="7.407564003">
        <ele>591.78</ele>
      </trkpt>
      <trkpt lat="43.911475002" lon="7.407607997">
        <ele>591.31</ele>
      </trkpt>
      <trkpt lat="43.911528001" lon="7.407633002">
        <ele>588.61</ele>
      </trkpt>
      <trkpt lat="43.911761999" lon="7.407683007">
        <ele>587.02</ele>
      </trkpt>
      <trkpt lat="43.911897001" lon="7.407695997">
        <ele>583.44</ele>
      </trkpt>
      <trkpt lat="43.911990001" lon="7.407664996">
        <ele>582.69</ele>
      </trkpt>
      <trkpt lat="43.912150004" lon="7.407634997">
        <ele>579.6</ele>
      </trkpt>
      <trkpt lat="43.912378" lon="7.407582997">
        <ele>579.27</ele>
      </trkpt>
      <trkpt lat="43.912443998" lon="7.407591004">
        <ele>577.89</ele>
      </trkpt>
      <trkpt lat="43.912468001" lon="7.407617995">
        <ele>578.13</ele>
      </trkpt>
      <trkpt lat="43.912471994" lon="7.407671991">
        <ele>578.44</ele>
      </trkpt>
      <trkpt lat="43.912457998" lon="7.407709">
        <ele>579.05</ele>
      </trkpt>
      <trkpt lat="43.912414002" lon="7.407734002">
        <ele>578.56</ele>
      </trkpt>
      <trkpt lat="43.912234997" lon="7.407721001">
        <ele>580.19</ele>
      </trkpt>
      <trkpt lat="43.912135002" lon="7.407725004">
        <ele>583.6</ele>
      </trkpt>
      <trkpt lat="43.911992" lon="7.407758998">
        <ele>586.26</ele>
      </trkpt>
      <trkpt lat="43.911779997" lon="7.407837006">
        <ele>587.31</ele>
      </trkpt>
      <trkpt lat="43.911673998" lon="7.407862003">
        <ele>591.56</ele>
      </trkpt>
      <trkpt lat="43.911596995" lon="7.407856001">
        <ele>591.99</ele>
      </trkpt>
      <trkpt lat="43.911507" lon="7.407826004">
        <ele>593.87</ele>
      </trkpt>
      <trkpt lat="43.911344" lon="7.407713998">
        <ele>594.8</ele>
      </trkpt>
      <trkpt lat="43.910954003" lon="7.407436005">
        <ele>594.54</ele>
      </trkpt>
      <trkpt lat="43.910775996" lon="7.407377999">
        <ele>590.25</ele>
      </trkpt>
      <trkpt lat="43.910372997" lon="7.407317005">
        <ele>586.79</ele>
      </trkpt>
      <trkpt lat="43.910236003" lon="7.407295994">
        <ele>581.81</ele>
      </trkpt>
      <trkpt lat="43.910153997" lon="7.407238003">
        <ele>581.71</ele>
      </trkpt>
      <trkpt lat="43.910058007" lon="7.407116992">
        <ele>582.45</ele>
      </trkpt>
      <trkpt lat="43.909969001" lon="7.407049995">
        <ele>588.33</ele>
      </trkpt>
      <trkpt lat="43.909885002" lon="7.407008993">
        <ele>594.71</ele>
      </trkpt>
      <trkpt lat="43.909848002" lon="7.407017005">
        <ele>595.35</ele>
      </trkpt>
      <trkpt lat="43.909823002" lon="7.407037004">
        <ele>593.48</ele>
      </trkpt>
      <trkpt lat="43.909816999" lon="7.407086996">
        <ele>590.39</ele>
      </trkpt>
      <trkpt lat="43.909838003" lon="7.407125997">
        <ele>584.74</ele>
      </trkpt>
      <trkpt lat="43.909968001" lon="7.407184991">
        <ele>577.73</ele>
      </trkpt>
      <trkpt lat="43.910024001" lon="7.407236995">
        <ele>576.62</ele>
      </trkpt>
      <trkpt lat="43.910148997" lon="7.407387004">
        <ele>576.59</ele>
      </trkpt>
      <trkpt lat="43.910460005" lon="7.407456">
        <ele>578.76</ele>
      </trkpt>
      <trkpt lat="43.910663002" lon="7.407511">
        <ele>580.36</ele>
      </trkpt>
      <trkpt lat="43.91077" lon="7.407556997">
        <ele>585.43</ele>
      </trkpt>
      <trkpt lat="43.911023005" lon="7.407810998">
        <ele>586.73</ele>
      </trkpt>
      <trkpt lat="43.911197004" lon="7.407882996">
        <ele>586.58</ele>
      </trkpt>
      <trkpt lat="43.911234996" lon="7.407938996">
        <ele>586.03</ele>
      </trkpt>
      <trkpt lat="43.911241996" lon="7.407999994">
        <ele>584.76</ele>
      </trkpt>
      <trkpt lat="43.911203996" lon="7.408034997">
        <ele>581</ele>
      </trkpt>
      <trkpt lat="43.911169005" lon="7.408033003">
        <ele>581.66</ele>
      </trkpt>
      <trkpt lat="43.91111" lon="7.407986001">
        <ele>581.45</ele>
      </trkpt>
      <trkpt lat="43.910942004" lon="7.407831006">
        <ele>581.26</ele>
      </trkpt>
      <trkpt lat="43.910823" lon="7.407724995">
        <ele>581.45</ele>
      </trkpt>
      <trkpt lat="43.910757998" lon="7.407686994">
        <ele>580.3</ele>
      </trkpt>
      <trkpt lat="43.910667996" lon="7.407675">
        <ele>576.47</ele>
      </trkpt>
      <trkpt lat="43.910461002" lon="7.407647992">
        <ele>572.55</ele>
      </trkpt>
      <trkpt lat="43.910325996" lon="7.407583996">
        <ele>571.49</ele>
      </trkpt>
      <trkpt lat="43.910052999" lon="7.407492005">
        <ele>568.19</ele>
      </trkpt>
      <trkpt lat="43.909741998" lon="7.407437997">
        <ele>568.47</ele>
      </trkpt>
      <trkpt lat="43.909619999" lon="7.407398995">
        <ele>569.15</ele>
      </trkpt>
      <trkpt lat="43.909429" lon="7.407297996">
        <ele>572.32</ele>
      </trkpt>
      <trkpt lat="43.909168999" lon="7.407146009">
        <ele>572.75</ele>
      </trkpt>
      <trkpt lat="43.908908002" lon="7.406992999">
        <ele>575.06</ele>
      </trkpt>
      <trkpt lat="43.908827002" lon="7.406935997">
        <ele>576.32</ele>
      </trkpt>
      <trkpt lat="43.908767997" lon="7.406920005">
        <ele>575.34</ele>
      </trkpt>
      <trkpt lat="43.908724003" lon="7.406947">
        <ele>572.39</ele>
      </trkpt>
      <trkpt lat="43.908633995" lon="7.407083992">
        <ele>570.36</ele>
      </trkpt>
      <trkpt lat="43.908586999" lon="7.407137997">
        <ele>571.82</ele>
      </trkpt>
      <trkpt lat="43.908353001" lon="7.407281003">
        <ele>573.3</ele>
      </trkpt>
      <trkpt lat="43.908165002" lon="7.407380001">
        <ele>577.37</ele>
      </trkpt>
      <trkpt lat="43.908081996" lon="7.407401001">
        <ele>579.82</ele>
      </trkpt>
      <trkpt lat="43.908004997" lon="7.407419">
        <ele>583.06</ele>
      </trkpt>
      <trkpt lat="43.907959998" lon="7.407481997">
        <ele>583.88</ele>
      </trkpt>
      <trkpt lat="43.907962002" lon="7.407607996">
        <ele>585.98</ele>
      </trkpt>
      <trkpt lat="43.90798352" lon="7.407682903">
        <ele>586.85</ele>
      </trkpt>
      <trkpt lat="43.908039002" lon="7.407875995">
        <ele>591.29</ele>
      </trkpt>
      <trkpt lat="43.908013001" lon="7.407981004">
        <ele>597.72</ele>
      </trkpt>
      <trkpt lat="43.907935" lon="7.408074001">
        <ele>605.13</ele>
      </trkpt>
      <trkpt lat="43.907792004" lon="7.408112992">
        <ele>616.03</ele>
      </trkpt>
      <trkpt lat="43.907660006" lon="7.408256995">
        <ele>630.6</ele>
      </trkpt>
      <trkpt lat="43.907401995" lon="7.408605004">
        <ele>646.01</ele>
      </trkpt>
      <trkpt lat="43.907332004" lon="7.408800001">
        <ele>658.94</ele>
      </trkpt>
      <trkpt lat="43.907263996" lon="7.408969993">
        <ele>670.41</ele>
      </trkpt>
      <trkpt lat="43.907220004" lon="7.409045994">
        <ele>682.94</ele>
      </trkpt>
      <trkpt lat="43.907131001" lon="7.409113005">
        <ele>689.85</ele>
      </trkpt>
      <trkpt lat="43.906912002" lon="7.409123002">
        <ele>693.13</ele>
      </trkpt>
      <trkpt lat="43.906724998" lon="7.409175006">
        <ele>696.15</ele>
      </trkpt>
      <trkpt lat="43.906600002" lon="7.409222004">
        <ele>699.48</ele>
      </trkpt>
      <trkpt lat="43.906588" lon="7.409278997">
        <ele>698.4</ele>
      </trkpt>
      <trkpt lat="43.906578999" lon="7.409330001">
        <ele>701.23</ele>
      </trkpt>
      <trkpt lat="43.906634002" lon="7.409414005">
        <ele>692.1</ele>
      </trkpt>
      <trkpt lat="43.906676994" lon="7.409457996">
        <ele>683.05</ele>
      </trkpt>
      <trkpt lat="43.906826001" lon="7.409683999">
        <ele>682.05</ele>
      </trkpt>
      <trkpt lat="43.906826002" lon="7.409758002">
        <ele>667.96</ele>
      </trkpt>
      <trkpt lat="43.906732998" lon="7.409866006">
        <ele>652.58</ele>
      </trkpt>
      <trkpt lat="43.906597004" lon="7.410000006">
        <ele>651.86</ele>
      </trkpt>
      <trkpt lat="43.906535003" lon="7.410119008">
        <ele>651.85</ele>
      </trkpt>
      <trkpt lat="43.906549" lon="7.410234998">
        <ele>633.95</ele>
      </trkpt>
      <trkpt lat="43.906570996" lon="7.410325002">
        <ele>629.28</ele>
      </trkpt>
      <trkpt lat="43.9066" lon="7.410480002">
        <ele>625.45</ele>
      </trkpt>
      <trkpt lat="43.906619" lon="7.410645">
        <ele>620.94</ele>
      </trkpt>
      <trkpt lat="43.906624998" lon="7.410711999">
        <ele>610.46</ele>
      </trkpt>
      <trkpt lat="43.906622" lon="7.410803998">
        <ele>605.35</ele>
      </trkpt>
      <trkpt lat="43.906626996" lon="7.411128998">
        <ele>599.4</ele>
      </trkpt>
      <trkpt lat="43.906636999" lon="7.411292004">
        <ele>592.97</ele>
      </trkpt>
      <trkpt lat="43.906660003" lon="7.411443997">
        <ele>586.13</ele>
      </trkpt>
      <trkpt lat="43.906651002" lon="7.411505">
        <ele>580.17</ele>
      </trkpt>
      <trkpt lat="43.906638005" lon="7.411578995">
        <ele>584.67</ele>
      </trkpt>
      <trkpt lat="43.906595004" lon="7.411711995">
        <ele>588.86</ele>
      </trkpt>
      <trkpt lat="43.906522999" lon="7.411918998">
        <ele>588.29</ele>
      </trkpt>
      <trkpt lat="43.906511997" lon="7.411992001">
        <ele>582.89</ele>
      </trkpt>
      <trkpt lat="43.906457005" lon="7.412286004">
        <ele>582.24</ele>
      </trkpt>
      <trkpt lat="43.906452001" lon="7.412571994">
        <ele>575.51</ele>
      </trkpt>
      <trkpt lat="43.906462998" lon="7.412774996">
        <ele>562.72</ele>
      </trkpt>
      <trkpt lat="43.906464996" lon="7.412864002">
        <ele>553.03</ele>
      </trkpt>
      <trkpt lat="43.906421997" lon="7.412946996">
        <ele>546.56</ele>
      </trkpt>
      <trkpt lat="43.906339997" lon="7.413105999">
        <ele>538.39</ele>
      </trkpt>
      <trkpt lat="43.906204002" lon="7.413354">
        <ele>524.66</ele>
      </trkpt>
      <trkpt lat="43.906069002" lon="7.413603">
        <ele>519.77</ele>
      </trkpt>
      <trkpt lat="43.905982002" lon="7.413754994">
        <ele>512.73</ele>
      </trkpt>
      <trkpt lat="43.905911999" lon="7.413848002">
        <ele>506.17</ele>
      </trkpt>
      <trkpt lat="43.905718001" lon="7.414014005">
        <ele>501.17</ele>
      </trkpt>
      <trkpt lat="43.905522998" lon="7.414178994">
        <ele>500.35</ele>
      </trkpt>
      <trkpt lat="43.905382999" lon="7.414267006">
        <ele>495.18</ele>
      </trkpt>
      <trkpt lat="43.905061005" lon="7.414433994">
        <ele>493.42</ele>
      </trkpt>
      <trkpt lat="43.904918003" lon="7.414451">
        <ele>492.11</ele>
      </trkpt>
      <trkpt lat="43.904898002" lon="7.414450998">
        <ele>489.9</ele>
      </trkpt>
      <trkpt lat="43.904790002" lon="7.414451003">
        <ele>488.6</ele>
      </trkpt>
      <trkpt lat="43.904715999" lon="7.414421003">
        <ele>487.55</ele>
      </trkpt>
      <trkpt lat="43.904654" lon="7.414379004">
        <ele>487.91</ele>
      </trkpt>
      <trkpt lat="43.904453998" lon="7.414226006">
        <ele>486.88</ele>
      </trkpt>
      <trkpt lat="43.904253" lon="7.414071996">
        <ele>486.02</ele>
      </trkpt>
      <trkpt lat="43.904050001" lon="7.413967001">
        <ele>484.86</ele>
      </trkpt>
      <trkpt lat="43.903838003" lon="7.413911998">
        <ele>483.15</ele>
      </trkpt>
      <trkpt lat="43.903439003" lon="7.413860998">
        <ele>480.28</ele>
      </trkpt>
      <trkpt lat="43.903041003" lon="7.413810001">
        <ele>478.16</ele>
      </trkpt>
      <trkpt lat="43.902841002" lon="7.413806004">
        <ele>476.32</ele>
      </trkpt>
      <trkpt lat="43.902665996" lon="7.413834994">
        <ele>475.97</ele>
      </trkpt>
      <trkpt lat="43.902465995" lon="7.413871998">
        <ele>474.33</ele>
      </trkpt>
      <trkpt lat="43.902285999" lon="7.413908007">
        <ele>475.04</ele>
      </trkpt>
      <trkpt lat="43.902097001" lon="7.413958004">
        <ele>474.3</ele>
      </trkpt>
      <trkpt lat="43.901931998" lon="7.414071003">
        <ele>473.32</ele>
      </trkpt>
      <trkpt lat="43.901644997" lon="7.414265996">
        <ele>470.69</ele>
      </trkpt>
      <trkpt lat="43.901329002" lon="7.414401002">
        <ele>470.76</ele>
      </trkpt>
      <trkpt lat="43.901027996" lon="7.414521996">
        <ele>466.44</ele>
      </trkpt>
      <trkpt lat="43.900785" lon="7.414553001">
        <ele>463.75</ele>
      </trkpt>
      <trkpt lat="43.900505" lon="7.414592996">
        <ele>461.78</ele>
      </trkpt>
      <trkpt lat="43.900142997" lon="7.414596004">
        <ele>459.31</ele>
      </trkpt>
      <trkpt lat="43.899781999" lon="7.414599999">
        <ele>455.68</ele>
      </trkpt>
      <trkpt lat="43.899419997" lon="7.414602994">
        <ele>455.48</ele>
      </trkpt>
      <trkpt lat="43.899331999" lon="7.414608997">
        <ele>456.54</ele>
      </trkpt>
      <trkpt lat="43.899206002" lon="7.414633002">
        <ele>454.87</ele>
      </trkpt>
      <trkpt lat="43.898913002" lon="7.414736996">
        <ele>456.62</ele>
      </trkpt>
      <trkpt lat="43.898768004" lon="7.414812007">
        <ele>456.75</ele>
      </trkpt>
      <trkpt lat="43.898642004" lon="7.414900007">
        <ele>458.17</ele>
      </trkpt>
      <trkpt lat="43.898495997" lon="7.414920005">
        <ele>457.57</ele>
      </trkpt>
      <trkpt lat="43.898391998" lon="7.414904003">
        <ele>461.78</ele>
      </trkpt>
      <trkpt lat="43.898310999" lon="7.414847997">
        <ele>460.88</ele>
      </trkpt>
      <trkpt lat="43.898175999" lon="7.414743">
        <ele>465.48</ele>
      </trkpt>
      <trkpt lat="43.898027002" lon="7.414742001">
        <ele>466.44</ele>
      </trkpt>
      <trkpt lat="43.897912998" lon="7.414773003">
        <ele>468.25</ele>
      </trkpt>
      <trkpt lat="43.897837001" lon="7.414814999">
        <ele>466.8</ele>
      </trkpt>
      <trkpt lat="43.897761996" lon="7.414878997">
        <ele>467.02</ele>
      </trkpt>
      <trkpt lat="43.897701006" lon="7.414969995">
        <ele>461.98</ele>
      </trkpt>
      <trkpt lat="43.897536004" lon="7.415268">
        <ele>457.8</ele>
      </trkpt>
      <trkpt lat="43.897463996" lon="7.415424994">
        <ele>454.75</ele>
      </trkpt>
      <trkpt lat="43.897449004" lon="7.415505005">
        <ele>450.39</ele>
      </trkpt>
      <trkpt lat="43.897459004" lon="7.415766995">
        <ele>447.15</ele>
      </trkpt>
      <trkpt lat="43.897447997" lon="7.415866997">
        <ele>446.06</ele>
      </trkpt>
      <trkpt lat="43.897422" lon="7.415948998">
        <ele>446.02</ele>
      </trkpt>
      <trkpt lat="43.897381004" lon="7.416039">
        <ele>445.44</ele>
      </trkpt>
      <trkpt lat="43.897331" lon="7.416128005">
        <ele>446.34</ele>
      </trkpt>
      <trkpt lat="43.897297996" lon="7.416168005">
        <ele>444.18</ele>
      </trkpt>
      <trkpt lat="43.897225997" lon="7.416232994">
        <ele>441.81</ele>
      </trkpt>
      <trkpt lat="43.896864002" lon="7.416459997">
        <ele>440.28</ele>
      </trkpt>
      <trkpt lat="43.896849" lon="7.416467">
        <ele>438.71</ele>
      </trkpt>
      <trkpt lat="43.896683" lon="7.416547994">
        <ele>435.25</ele>
      </trkpt>
      <trkpt lat="43.896389005" lon="7.416621994">
        <ele>434.61</ele>
      </trkpt>
      <trkpt lat="43.896095996" lon="7.416696992">
        <ele>434.73</ele>
      </trkpt>
      <trkpt lat="43.896071998" lon="7.416703996">
        <ele>432.5</ele>
      </trkpt>
      <trkpt lat="43.895907006" lon="7.416751001">
        <ele>431.81</ele>
      </trkpt>
      <trkpt lat="43.895795" lon="7.416817003">
        <ele>433.01</ele>
      </trkpt>
      <trkpt lat="43.895686995" lon="7.416865005">
        <ele>434.06</ele>
      </trkpt>
      <trkpt lat="43.895578005" lon="7.416940003">
        <ele>433.75</ele>
      </trkpt>
      <trkpt lat="43.895390001" lon="7.417123008">
        <ele>433.7</ele>
      </trkpt>
      <trkpt lat="43.895217" lon="7.417365993">
        <ele>433.59</ele>
      </trkpt>
      <trkpt lat="43.895030002" lon="7.417640998">
        <ele>431.61</ele>
      </trkpt>
      <trkpt lat="43.894842998" lon="7.417916998">
        <ele>429.76</ele>
      </trkpt>
      <trkpt lat="43.894688999" lon="7.418161002">
        <ele>429.97</ele>
      </trkpt>
      <trkpt lat="43.89444" lon="7.418523996">
        <ele>429.78</ele>
      </trkpt>
      <trkpt lat="43.894252994" lon="7.418717004">
        <ele>426.87</ele>
      </trkpt>
      <trkpt lat="43.894006" lon="7.418927">
        <ele>425.02</ele>
      </trkpt>
      <trkpt lat="43.893855996" lon="7.419065">
        <ele>422.91</ele>
      </trkpt>
      <trkpt lat="43.893620995" lon="7.419326004">
        <ele>418.53</ele>
      </trkpt>
      <trkpt lat="43.893503003" lon="7.419478996">
        <ele>413.46</ele>
      </trkpt>
      <trkpt lat="43.893362998" lon="7.419606002">
        <ele>410.67</ele>
      </trkpt>
      <trkpt lat="43.893239001" lon="7.419648008">
        <ele>407.31</ele>
      </trkpt>
      <trkpt lat="43.893176001" lon="7.419643002">
        <ele>404.79</ele>
      </trkpt>
      <trkpt lat="43.893108001" lon="7.419562999">
        <ele>403.78</ele>
      </trkpt>
      <trkpt lat="43.893081002" lon="7.419490997">
        <ele>404.67</ele>
      </trkpt>
      <trkpt lat="43.893071998" lon="7.419386">
        <ele>403.83</ele>
      </trkpt>
      <trkpt lat="43.893078" lon="7.419258995">
        <ele>404.34</ele>
      </trkpt>
      <trkpt lat="43.893103999" lon="7.418898007">
        <ele>404.96</ele>
      </trkpt>
      <trkpt lat="43.893116002" lon="7.418478001">
        <ele>405.39</ele>
      </trkpt>
      <trkpt lat="43.893064001" lon="7.418092001">
        <ele>404.53</ele>
      </trkpt>
      <trkpt lat="43.893025001" lon="7.417949994">
        <ele>404.65</ele>
      </trkpt>
      <trkpt lat="43.892947001" lon="7.417854">
        <ele>404.78</ele>
      </trkpt>
      <trkpt lat="43.892859997" lon="7.417825001">
        <ele>404.02</ele>
      </trkpt>
      <trkpt lat="43.892781004" lon="7.417834999">
        <ele>402.66</ele>
      </trkpt>
      <trkpt lat="43.892614999" lon="7.417989994">
        <ele>401.99</ele>
      </trkpt>
      <trkpt lat="43.892460001" lon="7.418185003">
        <ele>401.33</ele>
      </trkpt>
      <trkpt lat="43.892407999" lon="7.418280998">
        <ele>401.9</ele>
      </trkpt>
      <trkpt lat="43.892350997" lon="7.418356002">
        <ele>404.25</ele>
      </trkpt>
      <trkpt lat="43.892281001" lon="7.418486998">
        <ele>405.54</ele>
      </trkpt>
      <trkpt lat="43.892202002" lon="7.41865">
        <ele>406.99</ele>
      </trkpt>
      <trkpt lat="43.892117002" lon="7.418838998">
        <ele>412.59</ele>
      </trkpt>
      <trkpt lat="43.892106997" lon="7.418861007">
        <ele>418</ele>
      </trkpt>
      <trkpt lat="43.892079001" lon="7.418941997">
        <ele>423.07</ele>
      </trkpt>
      <trkpt lat="43.892055998" lon="7.419014998">
        <ele>426.47</ele>
      </trkpt>
      <trkpt lat="43.892048994" lon="7.419107996">
        <ele>432.1</ele>
      </trkpt>
      <trkpt lat="43.892036002" lon="7.419211997">
        <ele>434.34</ele>
      </trkpt>
      <trkpt lat="43.892036999" lon="7.419455007">
        <ele>428.06</ele>
      </trkpt>
      <trkpt lat="43.892061" lon="7.419964006">
        <ele>420.42</ele>
      </trkpt>
      <trkpt lat="43.892084999" lon="7.420473007">
        <ele>422.75</ele>
      </trkpt>
      <trkpt lat="43.892089006" lon="7.420914998">
        <ele>419.18</ele>
      </trkpt>
      <trkpt lat="43.892040001" lon="7.421260997">
        <ele>415.11</ele>
      </trkpt>
      <trkpt lat="43.891970002" lon="7.421448001">
        <ele>419.05</ele>
      </trkpt>
      <trkpt lat="43.891909999" lon="7.421578993">
        <ele>423.44</ele>
      </trkpt>
      <trkpt lat="43.891766005" lon="7.421849002">
        <ele>419.63</ele>
      </trkpt>
      <trkpt lat="43.891617999" lon="7.422058998">
        <ele>417.07</ele>
      </trkpt>
      <trkpt lat="43.891440001" lon="7.422273995">
        <ele>417.46</ele>
      </trkpt>
      <trkpt lat="43.891260997" lon="7.422489998">
        <ele>412.49</ele>
      </trkpt>
      <trkpt lat="43.890928999" lon="7.422835999">
        <ele>409.32</ele>
      </trkpt>
      <trkpt lat="43.890754001" lon="7.423034997">
        <ele>406.71</ele>
      </trkpt>
      <trkpt lat="43.890557996" lon="7.423294994">
        <ele>406.55</ele>
      </trkpt>
      <trkpt lat="43.890463999" lon="7.423329994">
        <ele>402.75</ele>
      </trkpt>
      <trkpt lat="43.890402996" lon="7.423313997">
        <ele>404.09</ele>
      </trkpt>
      <trkpt lat="43.890196005" lon="7.423164999">
        <ele>405.63</ele>
      </trkpt>
      <trkpt lat="43.889989001" lon="7.423014992">
        <ele>407.65</ele>
      </trkpt>
      <trkpt lat="43.889836996" lon="7.422874996">
        <ele>409.32</ele>
      </trkpt>
      <trkpt lat="43.889778994" lon="7.422847005">
        <ele>411.51</ele>
      </trkpt>
      <trkpt lat="43.889718" lon="7.422841005">
        <ele>413.98</ele>
      </trkpt>
      <trkpt lat="43.889611002" lon="7.422919005">
        <ele>414.57</ele>
      </trkpt>
      <trkpt lat="43.889542" lon="7.423038002">
        <ele>415.8</ele>
      </trkpt>
      <trkpt lat="43.889506998" lon="7.423128999">
        <ele>415.46</ele>
      </trkpt>
      <trkpt lat="43.889474996" lon="7.423277997">
        <ele>415.06</ele>
      </trkpt>
      <trkpt lat="43.889476998" lon="7.423366006">
        <ele>414.77</ele>
      </trkpt>
      <trkpt lat="43.889486999" lon="7.423434993">
        <ele>413.69</ele>
      </trkpt>
      <trkpt lat="43.889525996" lon="7.423654006">
        <ele>412.16</ele>
      </trkpt>
      <trkpt lat="43.889528002" lon="7.423840998">
        <ele>412.38</ele>
      </trkpt>
      <trkpt lat="43.889524996" lon="7.423851995">
        <ele>412.53</ele>
      </trkpt>
      <trkpt lat="43.889503999" lon="7.423928997">
        <ele>412.23</ele>
      </trkpt>
      <trkpt lat="43.889465994" lon="7.423995994">
        <ele>412.62</ele>
      </trkpt>
      <trkpt lat="43.889406996" lon="7.424066996">
        <ele>413.17</ele>
      </trkpt>
      <trkpt lat="43.889249995" lon="7.424211994">
        <ele>413.66</ele>
      </trkpt>
      <trkpt lat="43.889131003" lon="7.424340995">
        <ele>414.66</ele>
      </trkpt>
      <trkpt lat="43.889046001" lon="7.424454">
        <ele>415.63</ele>
      </trkpt>
      <trkpt lat="43.889005999" lon="7.424516005">
        <ele>416.45</ele>
      </trkpt>
      <trkpt lat="43.888921998" lon="7.424608996">
        <ele>415.84</ele>
      </trkpt>
      <trkpt lat="43.88874" lon="7.424858002">
        <ele>415.48</ele>
      </trkpt>
      <trkpt lat="43.888555996" lon="7.425195999">
        <ele>414.52</ele>
      </trkpt>
      <trkpt lat="43.888371995" lon="7.425532997">
        <ele>413.33</ele>
      </trkpt>
      <trkpt lat="43.888329004" lon="7.425611993">
        <ele>412.41</ele>
      </trkpt>
      <trkpt lat="43.888087002" lon="7.426088">
        <ele>412.78</ele>
      </trkpt>
      <trkpt lat="43.887845002" lon="7.426562994">
        <ele>412.32</ele>
      </trkpt>
      <trkpt lat="43.887603" lon="7.427037997">
        <ele>411.89</ele>
      </trkpt>
      <trkpt lat="43.887561999" lon="7.427140999">
        <ele>411.04</ele>
      </trkpt>
      <trkpt lat="43.887521998" lon="7.427236002">
        <ele>410.54</ele>
      </trkpt>
      <trkpt lat="43.887364002" lon="7.427623001">
        <ele>409.34</ele>
      </trkpt>
      <trkpt lat="43.887269002" lon="7.427805001">
        <ele>408.68</ele>
      </trkpt>
      <trkpt lat="43.887141996" lon="7.427964999">
        <ele>408.51</ele>
      </trkpt>
      <trkpt lat="43.886912002" lon="7.428122997">
        <ele>408.38</ele>
      </trkpt>
      <trkpt lat="43.886777995" lon="7.428215002">
        <ele>407.77</ele>
      </trkpt>
      <trkpt lat="43.886497996" lon="7.428424002">
        <ele>408.16</ele>
      </trkpt>
      <trkpt lat="43.886197003" lon="7.428559997">
        <ele>408.53</ele>
      </trkpt>
      <trkpt lat="43.885897001" lon="7.428696005">
        <ele>408.41</ele>
      </trkpt>
      <trkpt lat="43.885819002" lon="7.428731001">
        <ele>408.23</ele>
      </trkpt>
      <trkpt lat="43.885722" lon="7.428792003">
        <ele>407.7</ele>
      </trkpt>
      <trkpt lat="43.885552998" lon="7.428972001">
        <ele>406.02</ele>
      </trkpt>
      <trkpt lat="43.885500001" lon="7.429022996">
        <ele>404.81</ele>
      </trkpt>
      <trkpt lat="43.885307998" lon="7.429240003">
        <ele>403.34</ele>
      </trkpt>
      <trkpt lat="43.885115004" lon="7.429456995">
        <ele>402.23</ele>
      </trkpt>
      <trkpt lat="43.885043002" lon="7.429494998">
        <ele>401.02</ele>
      </trkpt>
      <trkpt lat="43.884970001" lon="7.429512996">
        <ele>400.95</ele>
      </trkpt>
      <trkpt lat="43.884881001" lon="7.429525003">
        <ele>400.29</ele>
      </trkpt>
      <trkpt lat="43.884797997" lon="7.429513001">
        <ele>399.76</ele>
      </trkpt>
      <trkpt lat="43.884724999" lon="7.429474993">
        <ele>399.59</ele>
      </trkpt>
      <trkpt lat="43.884654999" lon="7.429423996">
        <ele>400.3</ele>
      </trkpt>
      <trkpt lat="43.884491003" lon="7.429250999">
        <ele>400.26</ele>
      </trkpt>
      <trkpt lat="43.884425002" lon="7.429167001">
        <ele>401.24</ele>
      </trkpt>
      <trkpt lat="43.884333002" lon="7.429146998">
        <ele>402.18</ele>
      </trkpt>
      <trkpt lat="43.884279002" lon="7.429153">
        <ele>402.89</ele>
      </trkpt>
      <trkpt lat="43.884213" lon="7.429173996">
        <ele>402.69</ele>
      </trkpt>
      <trkpt lat="43.884162996" lon="7.429205008">
        <ele>402.77</ele>
      </trkpt>
      <trkpt lat="43.883996004" lon="7.429456004">
        <ele>401.63</ele>
      </trkpt>
      <trkpt lat="43.883914002" lon="7.429564003">
        <ele>400.66</ele>
      </trkpt>
      <trkpt lat="43.883804004" lon="7.429691997">
        <ele>399.66</ele>
      </trkpt>
      <trkpt lat="43.883574001" lon="7.429872996">
        <ele>399.14</ele>
      </trkpt>
      <trkpt lat="43.883496997" lon="7.429903007">
        <ele>400.42</ele>
      </trkpt>
      <trkpt lat="43.883278998" lon="7.429972006">
        <ele>399.93</ele>
      </trkpt>
      <trkpt lat="43.883032998" lon="7.430044001">
        <ele>399.28</ele>
      </trkpt>
      <trkpt lat="43.882793002" lon="7.430104">
        <ele>400.18</ele>
      </trkpt>
      <trkpt lat="43.882698996" lon="7.430174001">
        <ele>399.68</ele>
      </trkpt>
      <trkpt lat="43.882556001" lon="7.430337002">
        <ele>397.55</ele>
      </trkpt>
      <trkpt lat="43.882455003" lon="7.430577997">
        <ele>398.24</ele>
      </trkpt>
      <trkpt lat="43.882409996" lon="7.430681">
        <ele>398.89</ele>
      </trkpt>
      <trkpt lat="43.882360998" lon="7.430757997">
        <ele>397.41</ele>
      </trkpt>
      <trkpt lat="43.882264003" lon="7.430849">
        <ele>397.32</ele>
      </trkpt>
      <trkpt lat="43.882125001" lon="7.430911006">
        <ele>396.99</ele>
      </trkpt>
      <trkpt lat="43.882046998" lon="7.430927006">
        <ele>395.79</ele>
      </trkpt>
      <trkpt lat="43.881763997" lon="7.430938">
        <ele>394.76</ele>
      </trkpt>
      <trkpt lat="43.881694998" lon="7.430952007">
        <ele>394.94</ele>
      </trkpt>
      <trkpt lat="43.881659001" lon="7.430969001">
        <ele>396.1</ele>
      </trkpt>
      <trkpt lat="43.881469" lon="7.431061003">
        <ele>395.81</ele>
      </trkpt>
      <trkpt lat="43.881111" lon="7.431296">
        <ele>396.38</ele>
      </trkpt>
      <trkpt lat="43.880752994" lon="7.431532004">
        <ele>396.26</ele>
      </trkpt>
      <trkpt lat="43.880493006" lon="7.431704002">
        <ele>395.54</ele>
      </trkpt>
      <trkpt lat="43.880233999" lon="7.431876">
        <ele>394.22</ele>
      </trkpt>
      <trkpt lat="43.880159999" lon="7.431925007">
        <ele>394.84</ele>
      </trkpt>
      <trkpt lat="43.880064001" lon="7.431989003">
        <ele>394.9</ele>
      </trkpt>
      <trkpt lat="43.879996004" lon="7.432036009">
        <ele>396.1</ele>
      </trkpt>
      <trkpt lat="43.879949005" lon="7.432070004">
        <ele>397.62</ele>
      </trkpt>
      <trkpt lat="43.879869997" lon="7.432129998">
        <ele>398.95</ele>
      </trkpt>
      <trkpt lat="43.879846002" lon="7.432151998">
        <ele>400.63</ele>
      </trkpt>
      <trkpt lat="43.879813997" lon="7.432182995">
        <ele>402.91</ele>
      </trkpt>
      <trkpt lat="43.879787" lon="7.432261995">
        <ele>405.25</ele>
      </trkpt>
      <trkpt lat="43.879774" lon="7.432397997">
        <ele>406.06</ele>
      </trkpt>
      <trkpt lat="43.879789003" lon="7.432503002">
        <ele>405.88</ele>
      </trkpt>
      <trkpt lat="43.879888005" lon="7.432840992">
        <ele>404.13</ele>
      </trkpt>
      <trkpt lat="43.880005995" lon="7.433239999">
        <ele>401.78</ele>
      </trkpt>
      <trkpt lat="43.880051001" lon="7.433419998">
        <ele>399.18</ele>
      </trkpt>
      <trkpt lat="43.880081004" lon="7.433542008">
        <ele>398.11</ele>
      </trkpt>
      <trkpt lat="43.880097001" lon="7.433661995">
        <ele>396.88</ele>
      </trkpt>
      <trkpt lat="43.880086" lon="7.433802003">
        <ele>396.58</ele>
      </trkpt>
      <trkpt lat="43.880022003" lon="7.433960995">
        <ele>395.63</ele>
      </trkpt>
      <trkpt lat="43.879931997" lon="7.434115001">
        <ele>394.41</ele>
      </trkpt>
      <trkpt lat="43.879641003" lon="7.434491008">
        <ele>392.88</ele>
      </trkpt>
      <trkpt lat="43.879348999" lon="7.434867008">
        <ele>392.67</ele>
      </trkpt>
      <trkpt lat="43.879143999" lon="7.435135998">
        <ele>391.88</ele>
      </trkpt>
      <trkpt lat="43.878939998" lon="7.435405001">
        <ele>391.97</ele>
      </trkpt>
      <trkpt lat="43.878768005" lon="7.435623007">
        <ele>392.13</ele>
      </trkpt>
      <trkpt lat="43.878595998" lon="7.435842008">
        <ele>391.73</ele>
      </trkpt>
      <trkpt lat="43.878438002" lon="7.436061998">
        <ele>390.78</ele>
      </trkpt>
      <trkpt lat="43.878223005" lon="7.436309005">
        <ele>390.43</ele>
      </trkpt>
      <trkpt lat="43.878129" lon="7.436380001">
        <ele>391.39</ele>
      </trkpt>
      <trkpt lat="43.877937" lon="7.436443002">
        <ele>392.46</ele>
      </trkpt>
      <trkpt lat="43.877893999" lon="7.436501004">
        <ele>394.35</ele>
      </trkpt>
      <trkpt lat="43.877892001" lon="7.436552997">
        <ele>395.1</ele>
      </trkpt>
      <trkpt lat="43.877909999" lon="7.436605997">
        <ele>396.31</ele>
      </trkpt>
      <trkpt lat="43.877948002" lon="7.436652004">
        <ele>393.41</ele>
      </trkpt>
      <trkpt lat="43.878063004" lon="7.436735999">
        <ele>390.68</ele>
      </trkpt>
      <trkpt lat="43.878205995" lon="7.436839005">
        <ele>388.07</ele>
      </trkpt>
      <trkpt lat="43.878272003" lon="7.436964997">
        <ele>386.4</ele>
      </trkpt>
      <trkpt lat="43.878318001" lon="7.437156996">
        <ele>382.2</ele>
      </trkpt>
      <trkpt lat="43.878462001" lon="7.437565003">
        <ele>380.69</ele>
      </trkpt>
      <trkpt lat="43.878508001" lon="7.437634001">
        <ele>379.35</ele>
      </trkpt>
      <trkpt lat="43.87858" lon="7.437747002">
        <ele>377.22</ele>
      </trkpt>
      <trkpt lat="43.878697997" lon="7.437900006">
        <ele>375.11</ele>
      </trkpt>
      <trkpt lat="43.878787006" lon="7.438064998">
        <ele>374.73</ele>
      </trkpt>
      <trkpt lat="43.878819999" lon="7.438262007">
        <ele>374.12</ele>
      </trkpt>
      <trkpt lat="43.878826" lon="7.438474001">
        <ele>373.11</ele>
      </trkpt>
      <trkpt lat="43.878819001" lon="7.438571999">
        <ele>373.04</ele>
      </trkpt>
      <trkpt lat="43.878798994" lon="7.438644997">
        <ele>373.61</ele>
      </trkpt>
      <trkpt lat="43.878748002" lon="7.438726999">
        <ele>374.08</ele>
      </trkpt>
      <trkpt lat="43.878668004" lon="7.438807006">
        <ele>374.62</ele>
      </trkpt>
      <trkpt lat="43.878595994" lon="7.438877005">
        <ele>375.71</ele>
      </trkpt>
      <trkpt lat="43.878575004" lon="7.438925005">
        <ele>376.54</ele>
      </trkpt>
      <trkpt lat="43.878547997" lon="7.439098006">
        <ele>375.39</ele>
      </trkpt>
      <trkpt lat="43.878547004" lon="7.439141006">
        <ele>375.22</ele>
      </trkpt>
      <trkpt lat="43.878539995" lon="7.439329994">
        <ele>375.86</ele>
      </trkpt>
      <trkpt lat="43.878516004" lon="7.439548002">
        <ele>376.36</ele>
      </trkpt>
      <trkpt lat="43.878452004" lon="7.439873999">
        <ele>375.85</ele>
      </trkpt>
      <trkpt lat="43.878420003" lon="7.439982998">
        <ele>377.39</ele>
      </trkpt>
      <trkpt lat="43.878396003" lon="7.440222002">
        <ele>378.29</ele>
      </trkpt>
      <trkpt lat="43.878409005" lon="7.440367998">
        <ele>378.09</ele>
      </trkpt>
      <trkpt lat="43.878430002" lon="7.440509993">
        <ele>377.68</ele>
      </trkpt>
      <trkpt lat="43.878515994" lon="7.440824">
        <ele>377.2</ele>
      </trkpt>
      <trkpt lat="43.878550003" lon="7.440901002">
        <ele>376.48</ele>
      </trkpt>
      <trkpt lat="43.878665998" lon="7.441011002">
        <ele>376.02</ele>
      </trkpt>
      <trkpt lat="43.878700005" lon="7.441101998">
        <ele>376.05</ele>
      </trkpt>
      <trkpt lat="43.878711001" lon="7.441132998">
        <ele>375.08</ele>
      </trkpt>
      <trkpt lat="43.878736996" lon="7.441237003">
        <ele>375.58</ele>
      </trkpt>
      <trkpt lat="43.878657003" lon="7.441444994">
        <ele>373.33</ele>
      </trkpt>
      <trkpt lat="43.878563997" lon="7.441681007">
        <ele>372.44</ele>
      </trkpt>
      <trkpt lat="43.878544002" lon="7.441804996">
        <ele>368.45</ele>
      </trkpt>
      <trkpt lat="43.878517999" lon="7.442114996">
        <ele>367.95</ele>
      </trkpt>
      <trkpt lat="43.878479002" lon="7.442295001">
        <ele>366.76</ele>
      </trkpt>
      <trkpt lat="43.878429002" lon="7.442481998">
        <ele>366.52</ele>
      </trkpt>
      <trkpt lat="43.878387" lon="7.442578005">
        <ele>364.83</ele>
      </trkpt>
      <trkpt lat="43.878348001" lon="7.442664003">
        <ele>365.89</ele>
      </trkpt>
      <trkpt lat="43.878285997" lon="7.442766003">
        <ele>365.52</ele>
      </trkpt>
      <trkpt lat="43.878247001" lon="7.442811004">
        <ele>365.34</ele>
      </trkpt>
      <trkpt lat="43.878137999" lon="7.442920995">
        <ele>366.79</ele>
      </trkpt>
      <trkpt lat="43.878119002" lon="7.442947005">
        <ele>367.46</ele>
      </trkpt>
      <trkpt lat="43.878083002" lon="7.442999005">
        <ele>368.42</ele>
      </trkpt>
      <trkpt lat="43.878057" lon="7.443037005">
        <ele>368.17</ele>
      </trkpt>
      <trkpt lat="43.878011002" lon="7.443121995">
        <ele>368.04</ele>
      </trkpt>
      <trkpt lat="43.878044003" lon="7.443156004">
        <ele>367.89</ele>
      </trkpt>
      <trkpt lat="43.878041" lon="7.443214">
        <ele>368.79</ele>
      </trkpt>
      <trkpt lat="43.878084002" lon="7.443656">
        <ele>368.36</ele>
      </trkpt>
      <trkpt lat="43.878084001" lon="7.443756">
        <ele>368.48</ele>
      </trkpt>
      <trkpt lat="43.878035" lon="7.443942998">
        <ele>366.8</ele>
      </trkpt>
      <trkpt lat="43.878032995" lon="7.444240996">
        <ele>365.1</ele>
      </trkpt>
      <trkpt lat="43.877950998" lon="7.444638007">
        <ele>363.22</ele>
      </trkpt>
      <trkpt lat="43.877896" lon="7.444783005">
        <ele>362.51</ele>
      </trkpt>
      <trkpt lat="43.877792999" lon="7.444892999">
        <ele>361.53</ele>
      </trkpt>
      <trkpt lat="43.877731" lon="7.444958997">
        <ele>362.43</ele>
      </trkpt>
      <trkpt lat="43.877669002" lon="7.445061007">
        <ele>363.33</ele>
      </trkpt>
      <trkpt lat="43.877605003" lon="7.445231993">
        <ele>363.37</ele>
      </trkpt>
      <trkpt lat="43.877542002" lon="7.445433998">
        <ele>363.33</ele>
      </trkpt>
      <trkpt lat="43.877497" lon="7.445680008">
        <ele>362.99</ele>
      </trkpt>
      <trkpt lat="43.877481999" lon="7.445759">
        <ele>362.29</ele>
      </trkpt>
      <trkpt lat="43.877465001" lon="7.445861998">
        <ele>361.59</ele>
      </trkpt>
      <trkpt lat="43.877377999" lon="7.446023004">
        <ele>361.68</ele>
      </trkpt>
      <trkpt lat="43.877327999" lon="7.446096004">
        <ele>361.68</ele>
      </trkpt>
      <trkpt lat="43.877299011" lon="7.446141343">
        <ele>361.86</ele>
      </trkpt>
    </trkseg>
  <trkseg>
      <trkpt lat="43.877299011" lon="7.446141343">
        <ele>361.86</ele>
      </trkpt>
      <trkpt lat="43.877419742" lon="7.446472804">
        <ele>359.16</ele>
      </trkpt>
      <trkpt lat="43.877428207" lon="7.446765495">
        <ele>358.61</ele>
      </trkpt>
      <trkpt lat="43.87744424" lon="7.447017837">
        <ele>356.6</ele>
      </trkpt>
      <trkpt lat="43.877533656" lon="7.447052099">
        <ele>355.39</ele>
      </trkpt>
      <trkpt lat="43.87766782" lon="7.447344581">
        <ele>354.93</ele>
      </trkpt>
      <trkpt lat="43.877734154" lon="7.447460742">
        <ele>353.36</ele>
      </trkpt>
      <trkpt lat="43.877832921" lon="7.447459343">
        <ele>351.31</ele>
      </trkpt>
      <trkpt lat="43.87774767" lon="7.449097545">
        <ele>350.89</ele>
      </trkpt>
      <trkpt lat="43.877598147" lon="7.449729995">
        <ele>351.9</ele>
      </trkpt>
      <trkpt lat="43.877527347" lon="7.450819823">
        <ele>354.21</ele>
      </trkpt>
      <trkpt lat="43.876839062" lon="7.451366566">
        <ele>356.96</ele>
      </trkpt>
      <trkpt lat="43.876661912" lon="7.452095098">
        <ele>361.38</ele>
      </trkpt>
      <trkpt lat="43.875989638" lon="7.452442926">
        <ele>368.51</ele>
      </trkpt>
      <trkpt lat="43.875426788" lon="7.454880741">
        <ele>372.79</ele>
      </trkpt>
      <trkpt lat="43.87520854" lon="7.454681757">
        <ele>379.22</ele>
      </trkpt>
      <trkpt lat="43.875290318" lon="7.453581915">
        <ele>385.24</ele>
      </trkpt>
      <trkpt lat="43.875018221" lon="7.450962518">
        <ele>388.75</ele>
      </trkpt>
      <trkpt lat="43.875052027" lon="7.450521212">
        <ele>391.78</ele>
      </trkpt>
      <trkpt lat="43.874912918" lon="7.450575861">
        <ele>396.48</ele>
      </trkpt>
      <trkpt lat="43.874832734" lon="7.451508434">
        <ele>398.3</ele>
      </trkpt>
      <trkpt lat="43.87476397" lon="7.452805782">
        <ele>399.68</ele>
      </trkpt>
      <trkpt lat="43.874631208" lon="7.452962809">
        <ele>404.97</ele>
      </trkpt>
      <trkpt lat="43.874651436" lon="7.452338504">
        <ele>407</ele>
      </trkpt>
      <trkpt lat="43.874550295" lon="7.451519604">
        <ele>409.15</ele>
      </trkpt>
      <trkpt lat="43.874531806" lon="7.450553867">
        <ele>411.69</ele>
      </trkpt>
      <trkpt lat="43.874301252" lon="7.450204751">
        <ele>417.23</ele>
      </trkpt>
      <trkpt lat="43.87377519" lon="7.44987262">
        <ele>419.15</ele>
      </trkpt>
      <trkpt lat="43.873281044" lon="7.449790419">
        <ele>422.63</ele>
      </trkpt>
      <trkpt lat="43.873364013" lon="7.449047303">
        <ele>426.39</ele>
      </trkpt>
      <trkpt lat="43.873089212" lon="7.448814829">
        <ele>428.15</ele>
      </trkpt>
      <trkpt lat="43.872868808" lon="7.44866847">
        <ele>428.23</ele>
      </trkpt>
      <trkpt lat="43.87278661" lon="7.447908846">
        <ele>430.5</ele>
      </trkpt>
      <trkpt lat="43.872540226" lon="7.447689511">
        <ele>432.61</ele>
      </trkpt>
      <trkpt lat="43.872269369" lon="7.447682954">
        <ele>432.21</ele>
      </trkpt>
      <trkpt lat="43.872025344" lon="7.447663934">
        <ele>432.63</ele>
      </trkpt>
      <trkpt lat="43.871405039" lon="7.447189864">
        <ele>436.51</ele>
      </trkpt>
      <trkpt lat="43.871091756" lon="7.447190919">
        <ele>442.17</ele>
      </trkpt>
      <trkpt lat="43.870332419" lon="7.447866732">
        <ele>448.84</ele>
      </trkpt>
      <trkpt lat="43.870095082" lon="7.447877341">
        <ele>453.76</ele>
      </trkpt>
      <trkpt lat="43.869979786" lon="7.447606379">
        <ele>460.78</ele>
      </trkpt>
      <trkpt lat="43.869926109" lon="7.446921788">
        <ele>466.15</ele>
      </trkpt>
      <trkpt lat="43.869756004" lon="7.446639281">
        <ele>463.84</ele>
      </trkpt>
      <trkpt lat="43.869392648" lon="7.446512728">
        <ele>460.31</ele>
      </trkpt>
      <trkpt lat="43.868983765" lon="7.44621162">
        <ele>463.77</ele>
      </trkpt>
      <trkpt lat="43.868688149" lon="7.446166757">
        <ele>465.6</ele>
      </trkpt>
      <trkpt lat="43.868439018" lon="7.446402037">
        <ele>464.09</ele>
      </trkpt>
      <trkpt lat="43.868292709" lon="7.446310592">
        <ele>466.58</ele>
      </trkpt>
      <trkpt lat="43.868000056" lon="7.445934863">
        <ele>469.64</ele>
      </trkpt>
      <trkpt lat="43.867637033" lon="7.445735576">
        <ele>468.8</ele>
      </trkpt>
      <trkpt lat="43.867247915" lon="7.445788945">
        <ele>466.63</ele>
      </trkpt>
      <trkpt lat="43.866893351" lon="7.44583409">
        <ele>470.93</ele>
      </trkpt>
      <trkpt lat="43.866523965" lon="7.44604908">
        <ele>474.17</ele>
      </trkpt>
      <trkpt lat="43.86625949" lon="7.446596051">
        <ele>475.62</ele>
      </trkpt>
      <trkpt lat="43.866043004" lon="7.446353609">
        <ele>479.64</ele>
      </trkpt>
      <trkpt lat="43.865785049" lon="7.446224363">
        <ele>481.9</ele>
      </trkpt>
      <trkpt lat="43.865231209" lon="7.446508655">
        <ele>480.91</ele>
      </trkpt>
      <trkpt lat="43.864496949" lon="7.446698843">
        <ele>483.36</ele>
      </trkpt>
      <trkpt lat="43.863731911" lon="7.447288643">
        <ele>489.09</ele>
      </trkpt>
      <trkpt lat="43.862873302" lon="7.448204021">
        <ele>493.93</ele>
      </trkpt>
      <trkpt lat="43.862575394" lon="7.44905394">
        <ele>501.25</ele>
      </trkpt>
      <trkpt lat="43.862324091" lon="7.449019797">
        <ele>507.34</ele>
      </trkpt>
      <trkpt lat="43.862159598" lon="7.448148394">
        <ele>512.11</ele>
      </trkpt>
      <trkpt lat="43.861847342" lon="7.447898499">
        <ele>515.41</ele>
      </trkpt>
      <trkpt lat="43.861569913" lon="7.447795023">
        <ele>517.5</ele>
      </trkpt>
      <trkpt lat="43.861276868" lon="7.448203287">
        <ele>519.73</ele>
      </trkpt>
      <trkpt lat="43.861020203" lon="7.448236034">
        <ele>519.26</ele>
      </trkpt>
      <trkpt lat="43.860800762" lon="7.448066136">
        <ele>518.81</ele>
      </trkpt>
      <trkpt lat="43.860154747" lon="7.44841596">
        <ele>515.72</ele>
      </trkpt>
      <trkpt lat="43.859921588" lon="7.449227231">
        <ele>516.09</ele>
      </trkpt>
      <trkpt lat="43.859840691" lon="7.449919402">
        <ele>517.88</ele>
      </trkpt>
      <trkpt lat="43.859986201" lon="7.450352746">
        <ele>515.36</ele>
      </trkpt>
      <trkpt lat="43.859723697" lon="7.450979823">
        <ele>518.69</ele>
      </trkpt>
      <trkpt lat="43.859568393" lon="7.452204595">
        <ele>527.32</ele>
      </trkpt>
      <trkpt lat="43.859559717" lon="7.453448079">
        <ele>535.23</ele>
      </trkpt>
      <trkpt lat="43.858877333" lon="7.453656759">
        <ele>540.84</ele>
      </trkpt>
      <trkpt lat="43.858567113" lon="7.453937221">
        <ele>550.04</ele>
      </trkpt>
      <trkpt lat="43.858344579" lon="7.453939863">
        <ele>556.18</ele>
      </trkpt>
      <trkpt lat="43.85810545" lon="7.453849356">
        <ele>558.91</ele>
      </trkpt>
      <trkpt lat="43.857681806" lon="7.453974541">
        <ele>558.49</ele>
      </trkpt>
      <trkpt lat="43.857423594" lon="7.454141736">
        <ele>558.03</ele>
      </trkpt>
      <trkpt lat="43.857213016" lon="7.454141673">
        <ele>563.23</ele>
      </trkpt>
      <trkpt lat="43.85704459" lon="7.454108521">
        <ele>563.64</ele>
      </trkpt>
      <trkpt lat="43.856435165" lon="7.454432009">
        <ele>566.28</ele>
      </trkpt>
      <trkpt lat="43.856219561" lon="7.454426096">
        <ele>568.96</ele>
      </trkpt>
      <trkpt lat="43.856004612" lon="7.454533002">
        <ele>573.99</ele>
      </trkpt>
      <trkpt lat="43.855921572" lon="7.454890288">
        <ele>574.74</ele>
      </trkpt>
      <trkpt lat="43.85525908" lon="7.454998637">
        <ele>577.22</ele>
      </trkpt>
      <trkpt lat="43.855183118" lon="7.454796276">
        <ele>578.02</ele>
      </trkpt>
      <trkpt lat="43.855375558" lon="7.454338403">
        <ele>578.25</ele>
      </trkpt>
      <trkpt lat="43.854888365" lon="7.453892972">
        <ele>578.57</ele>
      </trkpt>
      <trkpt lat="43.854718659" lon="7.453923381">
        <ele>581.53</ele>
      </trkpt>
      <trkpt lat="43.854342252" lon="7.454374168">
        <ele>581.36</ele>
      </trkpt>
      <trkpt lat="43.854308727" lon="7.45480806">
        <ele>581.9</ele>
      </trkpt>
      <trkpt lat="43.853939551" lon="7.455339429">
        <ele>585.98</ele>
      </trkpt>
      <trkpt lat="43.85372001" lon="7.456202576">
        <ele>590.17</ele>
      </trkpt>
      <trkpt lat="43.853249935" lon="7.456755153">
        <ele>591.05</ele>
      </trkpt>
      <trkpt lat="43.853019923" lon="7.456715369">
        <ele>596.61</ele>
      </trkpt>
      <trkpt lat="43.852906399" lon="7.456015384">
        <ele>601.61</ele>
      </trkpt>
      <trkpt lat="43.852696191" lon="7.456006249">
        <ele>604.56</ele>
      </trkpt>
      <trkpt lat="43.852150394" lon="7.456865725">
        <ele>606.81</ele>
      </trkpt>
      <trkpt lat="43.851583311" lon="7.456443158">
        <ele>613.79</ele>
      </trkpt>
      <trkpt lat="43.850153606" lon="7.457160848">
        <ele>618.16</ele>
      </trkpt>
      <trkpt lat="43.849659389" lon="7.458046128">
        <ele>618.5</ele>
      </trkpt>
      <trkpt lat="43.849148965" lon="7.457911697">
        <ele>624.07</ele>
      </trkpt>
      <trkpt lat="43.848726203" lon="7.458336972">
        <ele>631.24</ele>
      </trkpt>
      <trkpt lat="43.848512017" lon="7.459840597">
        <ele>638.02</ele>
      </trkpt>
      <trkpt lat="43.848520062" lon="7.460415905">
        <ele>645.22</ele>
      </trkpt>
      <trkpt lat="43.848341147" lon="7.460478307">
        <ele>656.62</ele>
      </trkpt>
      <trkpt lat="43.84791906" lon="7.459536033">
        <ele>661.49</ele>
      </trkpt>
      <trkpt lat="43.847651073" lon="7.459395071">
        <ele>665.87</ele>
      </trkpt>
      <trkpt lat="43.847379582" lon="7.459468429">
        <ele>669.67</ele>
      </trkpt>
      <trkpt lat="43.846864394" lon="7.460093773">
        <ele>673.64</ele>
      </trkpt>
      <trkpt lat="43.846742705" lon="7.460044258">
        <ele>674.33</ele>
      </trkpt>
      <trkpt lat="43.846692138" lon="7.459607493">
        <ele>675.95</ele>
      </trkpt>
      <trkpt lat="43.846520773" lon="7.458262934">
        <ele>674.93</ele>
      </trkpt>
      <trkpt lat="43.845285068" lon="7.457970033">
        <ele>675.09</ele>
      </trkpt>
      <trkpt lat="43.844929318" lon="7.458044088">
        <ele>678.73</ele>
      </trkpt>
      <trkpt lat="43.844512157" lon="7.458589788">
        <ele>678.56</ele>
      </trkpt>
      <trkpt lat="43.844134275" lon="7.45862574">
        <ele>684.63</ele>
      </trkpt>
      <trkpt lat="43.843718998" lon="7.458353272">
        <ele>690.17</ele>
      </trkpt>
      <trkpt lat="43.843479644" lon="7.458541882">
        <ele>694.56</ele>
      </trkpt>
      <trkpt lat="43.843111548" lon="7.459175044">
        <ele>690.03</ele>
      </trkpt>
      <trkpt lat="43.842939069" lon="7.459208851">
        <ele>694.38</ele>
      </trkpt>
      <trkpt lat="43.842566562" lon="7.458856078">
        <ele>697.45</ele>
      </trkpt>
      <trkpt lat="43.84235339" lon="7.458919438">
        <ele>695.15</ele>
      </trkpt>
      <trkpt lat="43.841867756" lon="7.45940157">
        <ele>695.32</ele>
      </trkpt>
      <trkpt lat="43.841169383" lon="7.459743425">
        <ele>701.81</ele>
      </trkpt>
      <trkpt lat="43.840567194" lon="7.459921861">
        <ele>704.76</ele>
      </trkpt>
      <trkpt lat="43.839991485" lon="7.459967805">
        <ele>700.01</ele>
      </trkpt>
      <trkpt lat="43.839406522" lon="7.460111214">
        <ele>701.68</ele>
      </trkpt>
      <trkpt lat="43.839606679" lon="7.461523323">
        <ele>699.5</ele>
      </trkpt>
      <trkpt lat="43.839733918" lon="7.461758739">
        <ele>693.98</ele>
      </trkpt>
      <trkpt lat="43.841333672" lon="7.461774659">
        <ele>688</ele>
      </trkpt>
      <trkpt lat="43.842410946" lon="7.462207987">
        <ele>687.02</ele>
      </trkpt>
      <trkpt lat="43.842639077" lon="7.462422207">
        <ele>682.66</ele>
      </trkpt>
      <trkpt lat="43.843258411" lon="7.462725199">
        <ele>680.61</ele>
      </trkpt>
      <trkpt lat="43.8430201" lon="7.463659431">
        <ele>677.93</ele>
      </trkpt>
      <trkpt lat="43.843242834" lon="7.464069629">
        <ele>678.2</ele>
      </trkpt>
      <trkpt lat="43.843147882" lon="7.464331334">
        <ele>676.7</ele>
      </trkpt>
      <trkpt lat="43.842739056" lon="7.464415744">
        <ele>674.7</ele>
      </trkpt>
      <trkpt lat="43.842611627" lon="7.464827653">
        <ele>669.58</ele>
      </trkpt>
      <trkpt lat="43.842267952" lon="7.464735313">
        <ele>664.82</ele>
      </trkpt>
      <trkpt lat="43.841598822" lon="7.464748446">
        <ele>665.35</ele>
      </trkpt>
      <trkpt lat="43.840909689" lon="7.465378261">
        <ele>663.99</ele>
      </trkpt>
      <trkpt lat="43.84099106" lon="7.466861146">
        <ele>664.32</ele>
      </trkpt>
      <trkpt lat="43.840834419" lon="7.466957992">
        <ele>659.56</ele>
      </trkpt>
      <trkpt lat="43.840416097" lon="7.466503404">
        <ele>655.38</ele>
      </trkpt>
      <trkpt lat="43.839479343" lon="7.465917351">
        <ele>647.94</ele>
      </trkpt>
      <trkpt lat="43.838931969" lon="7.466014784">
        <ele>637.66</ele>
      </trkpt>
      <trkpt lat="43.838521085" lon="7.46621914">
        <ele>629.48</ele>
      </trkpt>
      <trkpt lat="43.838190035" lon="7.466563966">
        <ele>623.43</ele>
      </trkpt>
      <trkpt lat="43.838013566" lon="7.46680583">
        <ele>624.78</ele>
      </trkpt>
      <trkpt lat="43.83790741" lon="7.466743195">
        <ele>622.93</ele>
      </trkpt>
      <trkpt lat="43.838217274" lon="7.466294447">
        <ele>618.59</ele>
      </trkpt>
      <trkpt lat="43.838777738" lon="7.465826945">
        <ele>616.73</ele>
      </trkpt>
      <trkpt lat="43.838470752" lon="7.46586685">
        <ele>618.21</ele>
      </trkpt>
      <trkpt lat="43.838022798" lon="7.466298409">
        <ele>615.69</ele>
      </trkpt>
      <trkpt lat="43.837669949" lon="7.466667092">
        <ele>609.56</ele>
      </trkpt>
      <trkpt lat="43.838031153" lon="7.466094527">
        <ele>610</ele>
      </trkpt>
      <trkpt lat="43.838572735" lon="7.465523279">
        <ele>606.77</ele>
      </trkpt>
      <trkpt lat="43.839658153" lon="7.465115997">
        <ele>602.87</ele>
      </trkpt>
      <trkpt lat="43.839583234" lon="7.464911988">
        <ele>591.63</ele>
      </trkpt>
      <trkpt lat="43.838370777" lon="7.465258203">
        <ele>590.3</ele>
      </trkpt>
      <trkpt lat="43.837281696" lon="7.466432186">
        <ele>582.98</ele>
      </trkpt>
      <trkpt lat="43.83710687" lon="7.467198289">
        <ele>575.88</ele>
      </trkpt>
      <trkpt lat="43.836770736" lon="7.467159207">
        <ele>567.39</ele>
      </trkpt>
      <trkpt lat="43.836092982" lon="7.467214836">
        <ele>563.9</ele>
      </trkpt>
      <trkpt lat="43.834668925" lon="7.469449055">
        <ele>554.72</ele>
      </trkpt>
      <trkpt lat="43.834644114" lon="7.469715551">
        <ele>551.53</ele>
      </trkpt>
      <trkpt lat="43.834906705" lon="7.470081243">
        <ele>551.8</ele>
      </trkpt>
      <trkpt lat="43.835137686" lon="7.470879082">
        <ele>551.45</ele>
      </trkpt>
      <trkpt lat="43.834929542" lon="7.470990612">
        <ele>551.65</ele>
      </trkpt>
      <trkpt lat="43.834474905" lon="7.470795228">
        <ele>548.73</ele>
      </trkpt>
      <trkpt lat="43.833979602" lon="7.471139924">
        <ele>546.36</ele>
      </trkpt>
      <trkpt lat="43.833400995" lon="7.471224997">
        <ele>538.97</ele>
      </trkpt>
      <trkpt lat="43.833341996" lon="7.471217002">
        <ele>536.13</ele>
      </trkpt>
      <trkpt lat="43.833170002" lon="7.471254996">
        <ele>530.61</ele>
      </trkpt>
      <trkpt lat="43.832968002" lon="7.471348999">
        <ele>530</ele>
      </trkpt>
      <trkpt lat="43.832871997" lon="7.471410997">
        <ele>528.1</ele>
      </trkpt>
      <trkpt lat="43.832761999" lon="7.471537007">
        <ele>526.76</ele>
      </trkpt>
      <trkpt lat="43.832693999" lon="7.471639">
        <ele>523.34</ele>
      </trkpt>
      <trkpt lat="43.832627996" lon="7.471727004">
        <ele>523.69</ele>
      </trkpt>
      <trkpt lat="43.832592" lon="7.471739002">
        <ele>520.95</ele>
      </trkpt>
      <trkpt lat="43.832563996" lon="7.471726002">
        <ele>519.17</ele>
      </trkpt>
      <trkpt lat="43.832548005" lon="7.471692002">
        <ele>520.53</ele>
      </trkpt>
      <trkpt lat="43.832551001" lon="7.471628001">
        <ele>521.37</ele>
      </trkpt>
      <trkpt lat="43.832618004" lon="7.471511001">
        <ele>525.57</ele>
      </trkpt>
      <trkpt lat="43.832798001" lon="7.471306999">
        <ele>524.82</ele>
      </trkpt>
      <trkpt lat="43.832977001" lon="7.471102008">
        <ele>523.23</ele>
      </trkpt>
      <trkpt lat="43.833076001" lon="7.471034006">
        <ele>524.8</ele>
      </trkpt>
      <trkpt lat="43.833140995" lon="7.471009">
        <ele>525.2</ele>
      </trkpt>
      <trkpt lat="43.833503004" lon="7.470920004">
        <ele>524.96</ele>
      </trkpt>
      <trkpt lat="43.833672998" lon="7.470844">
        <ele>527.42</ele>
      </trkpt>
      <trkpt lat="43.833764002" lon="7.470776005">
        <ele>530.4</ele>
      </trkpt>
      <trkpt lat="43.834061001" lon="7.470552008">
        <ele>529.53</ele>
      </trkpt>
      <trkpt lat="43.834087" lon="7.470515008">
        <ele>530.77</ele>
      </trkpt>
      <trkpt lat="43.834099004" lon="7.470471993">
        <ele>529.39</ele>
      </trkpt>
      <trkpt lat="43.834087999" lon="7.470401004">
        <ele>527.72</ele>
      </trkpt>
      <trkpt lat="43.834056994" lon="7.470389998">
        <ele>523.75</ele>
      </trkpt>
      <trkpt lat="43.834003003" lon="7.470410001">
        <ele>523.44</ele>
      </trkpt>
      <trkpt lat="43.833718995" lon="7.470610001">
        <ele>521.63</ele>
      </trkpt>
      <trkpt lat="43.833611001" lon="7.470684995">
        <ele>518.27</ele>
      </trkpt>
      <trkpt lat="43.833413999" lon="7.470732998">
        <ele>519.19</ele>
      </trkpt>
      <trkpt lat="43.833174995" lon="7.470757006">
        <ele>520.09</ele>
      </trkpt>
      <trkpt lat="43.832935001" lon="7.470780998">
        <ele>515.27</ele>
      </trkpt>
      <trkpt lat="43.832778002" lon="7.470824997">
        <ele>516.08</ele>
      </trkpt>
      <trkpt lat="43.832503002" lon="7.470976999">
        <ele>514.08</ele>
      </trkpt>
      <trkpt lat="43.832392002" lon="7.471051009">
        <ele>509.97</ele>
      </trkpt>
      <trkpt lat="43.832305002" lon="7.471132999">
        <ele>507.93</ele>
      </trkpt>
      <trkpt lat="43.832231996" lon="7.471240999">
        <ele>509.67</ele>
      </trkpt>
      <trkpt lat="43.832184999" lon="7.471309997">
        <ele>503.52</ele>
      </trkpt>
      <trkpt lat="43.832097999" lon="7.471474998">
        <ele>500.53</ele>
      </trkpt>
      <trkpt lat="43.832052004" lon="7.471604998">
        <ele>498.83</ele>
      </trkpt>
      <trkpt lat="43.832025996" lon="7.471736002">
        <ele>496.95</ele>
      </trkpt>
      <trkpt lat="43.832038998" lon="7.471925008">
        <ele>493.02</ele>
      </trkpt>
      <trkpt lat="43.832054994" lon="7.471986998">
        <ele>492.93</ele>
      </trkpt>
      <trkpt lat="43.832075002" lon="7.472028994">
        <ele>493.9</ele>
      </trkpt>
      <trkpt lat="43.832112002" lon="7.472104993">
        <ele>495.03</ele>
      </trkpt>
      <trkpt lat="43.832196999" lon="7.472214995">
        <ele>495.89</ele>
      </trkpt>
      <trkpt lat="43.832234004" lon="7.472289999">
        <ele>496.31</ele>
      </trkpt>
      <trkpt lat="43.832257999" lon="7.472398">
        <ele>495.32</ele>
      </trkpt>
      <trkpt lat="43.832262" lon="7.472503003">
        <ele>496.3</ele>
      </trkpt>
      <trkpt lat="43.832246" lon="7.472699999">
        <ele>501.65</ele>
      </trkpt>
      <trkpt lat="43.832163002" lon="7.473018001">
        <ele>502.68</ele>
      </trkpt>
      <trkpt lat="43.832089994" lon="7.473162008">
        <ele>505.58</ele>
      </trkpt>
      <trkpt lat="43.831938997" lon="7.473406001">
        <ele>510.61</ele>
      </trkpt>
      <trkpt lat="43.831798004" lon="7.473562">
        <ele>511.46</ele>
      </trkpt>
      <trkpt lat="43.831662004" lon="7.473644006">
        <ele>502.69</ele>
      </trkpt>
      <trkpt lat="43.831323998" lon="7.473818995">
        <ele>504.92</ele>
      </trkpt>
      <trkpt lat="43.831155006" lon="7.473905002">
        <ele>505.97</ele>
      </trkpt>
      <trkpt lat="43.831069001" lon="7.473982009">
        <ele>504.25</ele>
      </trkpt>
      <trkpt lat="43.831016994" lon="7.474053997">
        <ele>497.25</ele>
      </trkpt>
      <trkpt lat="43.830831006" lon="7.474421992">
        <ele>498.51</ele>
      </trkpt>
      <trkpt lat="43.830644002" lon="7.474788997">
        <ele>491.67</ele>
      </trkpt>
      <trkpt lat="43.830472" lon="7.475121005">
        <ele>487.34</ele>
      </trkpt>
      <trkpt lat="43.830300002" lon="7.475452002">
        <ele>483.13</ele>
      </trkpt>
      <trkpt lat="43.830232998" lon="7.475666994">
        <ele>484.22</ele>
      </trkpt>
      <trkpt lat="43.830190004" lon="7.475832009">
        <ele>477.03</ele>
      </trkpt>
      <trkpt lat="43.830164004" lon="7.476050002">
        <ele>472.33</ele>
      </trkpt>
      <trkpt lat="43.830137002" lon="7.476434993">
        <ele>466.7</ele>
      </trkpt>
      <trkpt lat="43.830109999" lon="7.476819997">
        <ele>460.5</ele>
      </trkpt>
      <trkpt lat="43.830090001" lon="7.477044997">
        <ele>459.47</ele>
      </trkpt>
      <trkpt lat="43.830102997" lon="7.477233002">
        <ele>462.65</ele>
      </trkpt>
      <trkpt lat="43.830124" lon="7.477323996">
        <ele>465.24</ele>
      </trkpt>
      <trkpt lat="43.830149998" lon="7.477410999">
        <ele>466.21</ele>
      </trkpt>
      <trkpt lat="43.830199995" lon="7.477505997">
        <ele>469.27</ele>
      </trkpt>
      <trkpt lat="43.830263003" lon="7.477584">
        <ele>469.29</ele>
      </trkpt>
      <trkpt lat="43.830339002" lon="7.477681">
        <ele>469.38</ele>
      </trkpt>
      <trkpt lat="43.830359994" lon="7.477707996">
        <ele>471.04</ele>
      </trkpt>
      <trkpt lat="43.830401994" lon="7.477796005">
        <ele>472.57</ele>
      </trkpt>
      <trkpt lat="43.830419995" lon="7.477862">
        <ele>473.39</ele>
      </trkpt>
      <trkpt lat="43.830428002" lon="7.477890007">
        <ele>473.76</ele>
      </trkpt>
      <trkpt lat="43.830422996" lon="7.478089003">
        <ele>477.14</ele>
      </trkpt>
      <trkpt lat="43.830371001" lon="7.478300998">
        <ele>479.36</ele>
      </trkpt>
      <trkpt lat="43.830238002" lon="7.478659001">
        <ele>479.2</ele>
      </trkpt>
      <trkpt lat="43.830175001" lon="7.478735003">
        <ele>480.63</ele>
      </trkpt>
      <trkpt lat="43.830054996" lon="7.478776004">
        <ele>479.46</ele>
      </trkpt>
      <trkpt lat="43.829920999" lon="7.478789001">
        <ele>475.12</ele>
      </trkpt>
      <trkpt lat="43.829791994" lon="7.478811005">
        <ele>470.36</ele>
      </trkpt>
      <trkpt lat="43.829729998" lon="7.478831007">
        <ele>467.83</ele>
      </trkpt>
      <trkpt lat="43.829678001" lon="7.478868003">
        <ele>464.06</ele>
      </trkpt>
      <trkpt lat="43.829623005" lon="7.478918996">
        <ele>462.65</ele>
      </trkpt>
      <trkpt lat="43.829576999" lon="7.478986991">
        <ele>462.09</ele>
      </trkpt>
      <trkpt lat="43.829542996" lon="7.479076995">
        <ele>460.7</ele>
      </trkpt>
      <trkpt lat="43.829434001" lon="7.479510993">
        <ele>458.5</ele>
      </trkpt>
      <trkpt lat="43.829428002" lon="7.479633">
        <ele>458.5</ele>
      </trkpt>
      <trkpt lat="43.829412" lon="7.479769001">
        <ele>458.55</ele>
      </trkpt>
      <trkpt lat="43.829395999" lon="7.480016996">
        <ele>459.91</ele>
      </trkpt>
      <trkpt lat="43.829385004" lon="7.480142993">
        <ele>461.82</ele>
      </trkpt>
      <trkpt lat="43.829371002" lon="7.480295001">
        <ele>461.62</ele>
      </trkpt>
      <trkpt lat="43.829336999" lon="7.480398998">
        <ele>459.52</ele>
      </trkpt>
      <trkpt lat="43.829280005" lon="7.480514999">
        <ele>458.04</ele>
      </trkpt>
      <trkpt lat="43.829196999" lon="7.480612996">
        <ele>455.53</ele>
      </trkpt>
      <trkpt lat="43.829027" lon="7.480787998">
        <ele>454.53</ele>
      </trkpt>
      <trkpt lat="43.828781997" lon="7.481039996">
        <ele>456.91</ele>
      </trkpt>
      <trkpt lat="43.828537006" lon="7.481293001">
        <ele>455.85</ele>
      </trkpt>
      <trkpt lat="43.828481002" lon="7.481321998">
        <ele>455.19</ele>
      </trkpt>
      <trkpt lat="43.828445995" lon="7.481319998">
        <ele>453.63</ele>
      </trkpt>
      <trkpt lat="43.828408994" lon="7.481290002">
        <ele>451.27</ele>
      </trkpt>
      <trkpt lat="43.828393994" lon="7.481253005">
        <ele>448.93</ele>
      </trkpt>
      <trkpt lat="43.828393998" lon="7.481197003">
        <ele>450.31</ele>
      </trkpt>
      <trkpt lat="43.828408996" lon="7.481143995">
        <ele>451.22</ele>
      </trkpt>
      <trkpt lat="43.828438003" lon="7.481093992">
        <ele>450.11</ele>
      </trkpt>
      <trkpt lat="43.828492002" lon="7.481046">
        <ele>452.34</ele>
      </trkpt>
      <trkpt lat="43.828737003" lon="7.480870997">
        <ele>454.16</ele>
      </trkpt>
      <trkpt lat="43.828841999" lon="7.480746998">
        <ele>452.13</ele>
      </trkpt>
      <trkpt lat="43.828884994" lon="7.480680998">
        <ele>450.34</ele>
      </trkpt>
      <trkpt lat="43.828920996" lon="7.480597005">
        <ele>450.52</ele>
      </trkpt>
      <trkpt lat="43.828939002" lon="7.480555002">
        <ele>447.79</ele>
      </trkpt>
      <trkpt lat="43.828956994" lon="7.480480005">
        <ele>445.66</ele>
      </trkpt>
      <trkpt lat="43.829011001" lon="7.480258002">
        <ele>445.99</ele>
      </trkpt>
      <trkpt lat="43.829041002" lon="7.480113003">
        <ele>447.04</ele>
      </trkpt>
      <trkpt lat="43.829113999" lon="7.479568997">
        <ele>445.01</ele>
      </trkpt>
      <trkpt lat="43.829143002" lon="7.479458993">
        <ele>442.75</ele>
      </trkpt>
      <trkpt lat="43.829207999" lon="7.479203998">
        <ele>440.91</ele>
      </trkpt>
      <trkpt lat="43.829220001" lon="7.479136996">
        <ele>436.82</ele>
      </trkpt>
      <trkpt lat="43.829225" lon="7.479036003">
        <ele>433.13</ele>
      </trkpt>
      <trkpt lat="43.829211996" lon="7.478924994">
        <ele>434.28</ele>
      </trkpt>
      <trkpt lat="43.829185998" lon="7.478797004">
        <ele>432.04</ele>
      </trkpt>
      <trkpt lat="43.829124999" lon="7.478591005">
        <ele>429.84</ele>
      </trkpt>
      <trkpt lat="43.829107005" lon="7.478471998">
        <ele>432.01</ele>
      </trkpt>
      <trkpt lat="43.829099003" lon="7.478369997">
        <ele>433.38</ele>
      </trkpt>
      <trkpt lat="43.829113002" lon="7.478275001">
        <ele>433.24</ele>
      </trkpt>
      <trkpt lat="43.829126995" lon="7.478225997">
        <ele>432.34</ele>
      </trkpt>
      <trkpt lat="43.829165004" lon="7.478169003">
        <ele>430.48</ele>
      </trkpt>
      <trkpt lat="43.829224997" lon="7.478121005">
        <ele>431.5</ele>
      </trkpt>
      <trkpt lat="43.829289998" lon="7.478095001">
        <ele>431.91</ele>
      </trkpt>
      <trkpt lat="43.829370997" lon="7.478070998">
        <ele>431.75</ele>
      </trkpt>
      <trkpt lat="43.829414998" lon="7.478052">
        <ele>435.11</ele>
      </trkpt>
      <trkpt lat="43.829465002" lon="7.477997005">
        <ele>438.37</ele>
      </trkpt>
      <trkpt lat="43.829521006" lon="7.477899998">
        <ele>433.63</ele>
      </trkpt>
      <trkpt lat="43.82956" lon="7.477821006">
        <ele>429.56</ele>
      </trkpt>
      <trkpt lat="43.829576997" lon="7.477715997">
        <ele>426.42</ele>
      </trkpt>
      <trkpt lat="43.829577004" lon="7.477601999">
        <ele>423.8</ele>
      </trkpt>
      <trkpt lat="43.829559994" lon="7.477444994">
        <ele>417.52</ele>
      </trkpt>
      <trkpt lat="43.829550996" lon="7.477365002">
        <ele>417.4</ele>
      </trkpt>
      <trkpt lat="43.829547001" lon="7.477276003">
        <ele>417.83</ele>
      </trkpt>
      <trkpt lat="43.829553" lon="7.477052996">
        <ele>413.49</ele>
      </trkpt>
      <trkpt lat="43.829557003" lon="7.476932998">
        <ele>410.6</ele>
      </trkpt>
      <trkpt lat="43.829548" lon="7.476845001">
        <ele>414.04</ele>
      </trkpt>
      <trkpt lat="43.829522999" lon="7.476702995">
        <ele>412.4</ele>
      </trkpt>
      <trkpt lat="43.829472994" lon="7.476493004">
        <ele>411.29</ele>
      </trkpt>
      <trkpt lat="43.829455005" lon="7.476361994">
        <ele>415.3</ele>
      </trkpt>
      <trkpt lat="43.829448995" lon="7.476236008">
        <ele>417.77</ele>
      </trkpt>
      <trkpt lat="43.829442001" lon="7.475758998">
        <ele>418.14</ele>
      </trkpt>
      <trkpt lat="43.829404001" lon="7.475328003">
        <ele>421.4</ele>
      </trkpt>
      <trkpt lat="43.829407005" lon="7.475271999">
        <ele>423.36</ele>
      </trkpt>
      <trkpt lat="43.829428997" lon="7.474850002">
        <ele>421.91</ele>
      </trkpt>
      <trkpt lat="43.829436994" lon="7.474810002">
        <ele>419.96</ele>
      </trkpt>
      <trkpt lat="43.829476001" lon="7.474613002">
        <ele>420.78</ele>
      </trkpt>
      <trkpt lat="43.829568996" lon="7.474293994">
        <ele>419.3</ele>
      </trkpt>
      <trkpt lat="43.829686005" lon="7.473996004">
        <ele>417.79</ele>
      </trkpt>
      <trkpt lat="43.829770999" lon="7.473740999">
        <ele>418.84</ele>
      </trkpt>
      <trkpt lat="43.829777999" lon="7.473674998">
        <ele>420.23</ele>
      </trkpt>
      <trkpt lat="43.829762" lon="7.473603">
        <ele>418.4</ele>
      </trkpt>
      <trkpt lat="43.829746998" lon="7.473574993">
        <ele>418.65</ele>
      </trkpt>
      <trkpt lat="43.829708999" lon="7.473525998">
        <ele>418.13</ele>
      </trkpt>
      <trkpt lat="43.829667002" lon="7.473496001">
        <ele>423.47</ele>
      </trkpt>
      <trkpt lat="43.829622999" lon="7.473493998">
        <ele>428.07</ele>
      </trkpt>
      <trkpt lat="43.829566001" lon="7.473498996">
        <ele>426.78</ele>
      </trkpt>
      <trkpt lat="43.829525" lon="7.473530994">
        <ele>426.19</ele>
      </trkpt>
      <trkpt lat="43.829458006" lon="7.473688998">
        <ele>429.16</ele>
      </trkpt>
      <trkpt lat="43.829418001" lon="7.473793998">
        <ele>422.39</ele>
      </trkpt>
      <trkpt lat="43.829254998" lon="7.474286">
        <ele>416.22</ele>
      </trkpt>
      <trkpt lat="43.829200997" lon="7.474503999">
        <ele>416.84</ele>
      </trkpt>
      <trkpt lat="43.829199003" lon="7.474508002">
        <ele>415.96</ele>
      </trkpt>
      <trkpt lat="43.829148003" lon="7.474723995">
        <ele>413.87</ele>
      </trkpt>
      <trkpt lat="43.829049" lon="7.475093999">
        <ele>412.78</ele>
      </trkpt>
      <trkpt lat="43.828950004" lon="7.475464003">
        <ele>411.84</ele>
      </trkpt>
      <trkpt lat="43.828897003" lon="7.475730001">
        <ele>411.02</ele>
      </trkpt>
      <trkpt lat="43.828893003" lon="7.475752995">
        <ele>408.5</ele>
      </trkpt>
      <trkpt lat="43.828858002" lon="7.475929004">
        <ele>404.22</ele>
      </trkpt>
      <trkpt lat="43.828819003" lon="7.476246">
        <ele>407.81</ele>
      </trkpt>
      <trkpt lat="43.828779002" lon="7.476346005">
        <ele>409.77</ele>
      </trkpt>
      <trkpt lat="43.828733998" lon="7.476406996">
        <ele>409.57</ele>
      </trkpt>
      <trkpt lat="43.828386004" lon="7.476710001">
        <ele>414.37</ele>
      </trkpt>
      <trkpt lat="43.828269999" lon="7.476867991">
        <ele>412.52</ele>
      </trkpt>
      <trkpt lat="43.828085002" lon="7.477267998">
        <ele>412.35</ele>
      </trkpt>
      <trkpt lat="43.827996994" lon="7.477411">
        <ele>407.85</ele>
      </trkpt>
      <trkpt lat="43.827827996" lon="7.477689">
        <ele>404.72</ele>
      </trkpt>
      <trkpt lat="43.827757994" lon="7.477921997">
        <ele>393.51</ele>
      </trkpt>
      <trkpt lat="43.827723002" lon="7.478076002">
        <ele>393.65</ele>
      </trkpt>
      <trkpt lat="43.827670995" lon="7.478166994">
        <ele>383.67</ele>
      </trkpt>
      <trkpt lat="43.827616997" lon="7.478221998">
        <ele>380.52</ele>
      </trkpt>
      <trkpt lat="43.827462998" lon="7.478262001">
        <ele>377.4</ele>
      </trkpt>
      <trkpt lat="43.827212996" lon="7.478253999">
        <ele>380.09</ele>
      </trkpt>
      <trkpt lat="43.826986995" lon="7.478290994">
        <ele>377.77</ele>
      </trkpt>
      <trkpt lat="43.826957999" lon="7.478288994">
        <ele>377.9</ele>
      </trkpt>
      <trkpt lat="43.826934002" lon="7.478286004">
        <ele>376.63</ele>
      </trkpt>
      <trkpt lat="43.826868001" lon="7.478253002">
        <ele>377.38</ele>
      </trkpt>
      <trkpt lat="43.826826998" lon="7.478196002">
        <ele>379.16</ele>
      </trkpt>
      <trkpt lat="43.826793999" lon="7.478113995">
        <ele>380.73</ele>
      </trkpt>
      <trkpt lat="43.826627999" lon="7.477652999">
        <ele>386.2</ele>
      </trkpt>
      <trkpt lat="43.826571002" lon="7.477544995">
        <ele>391.64</ele>
      </trkpt>
      <trkpt lat="43.826524999" lon="7.477491003">
        <ele>394.54</ele>
      </trkpt>
      <trkpt lat="43.826484999" lon="7.477470996">
        <ele>396.48</ele>
      </trkpt>
      <trkpt lat="43.826460826" lon="7.477464831">
        <ele>398.77</ele>
      </trkpt>
      <trkpt lat="43.826433994" lon="7.477457996">
        <ele>397.61</ele>
      </trkpt>
      <trkpt lat="43.826411994" lon="7.477463006">
        <ele>396.86</ele>
      </trkpt>
      <trkpt lat="43.826376004" lon="7.477470008">
        <ele>396.34</ele>
      </trkpt>
      <trkpt lat="43.826329004" lon="7.477503">
        <ele>396.37</ele>
      </trkpt>
      <trkpt lat="43.826325" lon="7.477506994">
        <ele>395.78</ele>
      </trkpt>
      <trkpt lat="43.826295996" lon="7.477562002">
        <ele>399.26</ele>
      </trkpt>
      <trkpt lat="43.826277996" lon="7.477972997">
        <ele>401.63</ele>
      </trkpt>
      <trkpt lat="43.826249995" lon="7.478414992">
        <ele>401.62</ele>
      </trkpt>
      <trkpt lat="43.826222998" lon="7.478855995">
        <ele>402.21</ele>
      </trkpt>
      <trkpt lat="43.826218998" lon="7.479073008">
        <ele>403.08</ele>
      </trkpt>
      <trkpt lat="43.826216998" lon="7.479178004">
        <ele>401.48</ele>
      </trkpt>
      <trkpt lat="43.826227996" lon="7.479655004">
        <ele>396.71</ele>
      </trkpt>
      <trkpt lat="43.826204996" lon="7.479804006">
        <ele>394.91</ele>
      </trkpt>
      <trkpt lat="43.826162994" lon="7.479980004">
        <ele>386.11</ele>
      </trkpt>
      <trkpt lat="43.826078003" lon="7.480228">
        <ele>382.29</ele>
      </trkpt>
      <trkpt lat="43.825991006" lon="7.480417996">
        <ele>375.77</ele>
      </trkpt>
      <trkpt lat="43.825847005" lon="7.480533998">
        <ele>371.11</ele>
      </trkpt>
      <trkpt lat="43.825735997" lon="7.480609998">
        <ele>363.11</ele>
      </trkpt>
      <trkpt lat="43.825607997" lon="7.480688">
        <ele>360.91</ele>
      </trkpt>
      <trkpt lat="43.825433999" lon="7.480851995">
        <ele>357.96</ele>
      </trkpt>
      <trkpt lat="43.825198998" lon="7.481084991">
        <ele>355.91</ele>
      </trkpt>
      <trkpt lat="43.824990001" lon="7.481292998">
        <ele>353.29</ele>
      </trkpt>
      <trkpt lat="43.824809997" lon="7.481473001">
        <ele>352.19</ele>
      </trkpt>
      <trkpt lat="43.824731998" lon="7.481521995">
        <ele>350.43</ele>
      </trkpt>
      <trkpt lat="43.824675004" lon="7.481526">
        <ele>348.68</ele>
      </trkpt>
      <trkpt lat="43.824631001" lon="7.481524004">
        <ele>348.35</ele>
      </trkpt>
      <trkpt lat="43.824570998" lon="7.481493997">
        <ele>350.75</ele>
      </trkpt>
      <trkpt lat="43.824440995" lon="7.481408998">
        <ele>354.18</ele>
      </trkpt>
      <trkpt lat="43.824384998" lon="7.481371002">
        <ele>360.85</ele>
      </trkpt>
      <trkpt lat="43.824345999" lon="7.481359999">
        <ele>363.25</ele>
      </trkpt>
      <trkpt lat="43.824216998" lon="7.481375995">
        <ele>358.44</ele>
      </trkpt>
      <trkpt lat="43.824158001" lon="7.481413993">
        <ele>357.75</ele>
      </trkpt>
      <trkpt lat="43.824077997" lon="7.481516997">
        <ele>355.15</ele>
      </trkpt>
      <trkpt lat="43.823966002" lon="7.481630998">
        <ele>353.6</ele>
      </trkpt>
      <trkpt lat="43.823824005" lon="7.481667996">
        <ele>351.49</ele>
      </trkpt>
      <trkpt lat="43.823681003" lon="7.481658006">
        <ele>354.78</ele>
      </trkpt>
      <trkpt lat="43.823602997" lon="7.481671007">
        <ele>361.02</ele>
      </trkpt>
      <trkpt lat="43.823538002" lon="7.481701001">
        <ele>362.14</ele>
      </trkpt>
      <trkpt lat="43.823465001" lon="7.481771998">
        <ele>362.09</ele>
      </trkpt>
      <trkpt lat="43.823380002" lon="7.481916003">
        <ele>362.5</ele>
      </trkpt>
      <trkpt lat="43.823253995" lon="7.482264991">
        <ele>363.18</ele>
      </trkpt>
      <trkpt lat="43.823112" lon="7.482560001">
        <ele>356.45</ele>
      </trkpt>
      <trkpt lat="43.823073004" lon="7.482634997">
        <ele>349.9</ele>
      </trkpt>
      <trkpt lat="43.823034998" lon="7.482697996">
        <ele>344.01</ele>
      </trkpt>
      <trkpt lat="43.822943998" lon="7.482783002">
        <ele>336.76</ele>
      </trkpt>
      <trkpt lat="43.822799998" lon="7.482829003">
        <ele>332.28</ele>
      </trkpt>
      <trkpt lat="43.822662" lon="7.482832998">
        <ele>328.74</ele>
      </trkpt>
      <trkpt lat="43.822585001" lon="7.482820007">
        <ele>336.97</ele>
      </trkpt>
      <trkpt lat="43.822374001" lon="7.482695">
        <ele>340.8</ele>
      </trkpt>
      <trkpt lat="43.822299002" lon="7.482667999">
        <ele>345.18</ele>
      </trkpt>
      <trkpt lat="43.822222994" lon="7.482664">
        <ele>345.51</ele>
      </trkpt>
      <trkpt lat="43.822152998" lon="7.482682993">
        <ele>346.59</ele>
      </trkpt>
      <trkpt lat="43.822030999" lon="7.482763001">
        <ele>342.15</ele>
      </trkpt>
      <trkpt lat="43.821782002" lon="7.482992997">
        <ele>340.16</ele>
      </trkpt>
      <trkpt lat="43.821664996" lon="7.483071006">
        <ele>341.25</ele>
      </trkpt>
      <trkpt lat="43.821419" lon="7.483096001">
        <ele>343.1</ele>
      </trkpt>
      <trkpt lat="43.821173999" lon="7.483120004">
        <ele>343.23</ele>
      </trkpt>
      <trkpt lat="43.821051999" lon="7.483140006">
        <ele>343.29</ele>
      </trkpt>
      <trkpt lat="43.820972" lon="7.483170998">
        <ele>341.07</ele>
      </trkpt>
      <trkpt lat="43.820922997" lon="7.483227005">
        <ele>335.58</ele>
      </trkpt>
      <trkpt lat="43.820779996" lon="7.483556006">
        <ele>330.47</ele>
      </trkpt>
      <trkpt lat="43.820693998" lon="7.483687001">
        <ele>325.19</ele>
      </trkpt>
      <trkpt lat="43.820640999" lon="7.483738001">
        <ele>319.96</ele>
      </trkpt>
      <trkpt lat="43.820573005" lon="7.483762005">
        <ele>317.45</ele>
      </trkpt>
      <trkpt lat="43.820499997" lon="7.483760007">
        <ele>315.66</ele>
      </trkpt>
      <trkpt lat="43.820366" lon="7.483736005">
        <ele>314.11</ele>
      </trkpt>
      <trkpt lat="43.820250996" lon="7.483730997">
        <ele>313.07</ele>
      </trkpt>
      <trkpt lat="43.820195004" lon="7.483714999">
        <ele>314.13</ele>
      </trkpt>
      <trkpt lat="43.820162997" lon="7.483685">
        <ele>310.92</ele>
      </trkpt>
      <trkpt lat="43.820132002" lon="7.483628004">
        <ele>309.02</ele>
      </trkpt>
      <trkpt lat="43.820111999" lon="7.483571995">
        <ele>310.87</ele>
      </trkpt>
      <trkpt lat="43.820112997" lon="7.483507004">
        <ele>312.85</ele>
      </trkpt>
      <trkpt lat="43.820173" lon="7.483272002">
        <ele>314.68</ele>
      </trkpt>
      <trkpt lat="43.820246004" lon="7.483037996">
        <ele>319.8</ele>
      </trkpt>
      <trkpt lat="43.820296996" lon="7.482833992">
        <ele>321.92</ele>
      </trkpt>
      <trkpt lat="43.820299004" lon="7.482776002">
        <ele>320.86</ele>
      </trkpt>
      <trkpt lat="43.820295" lon="7.482711004">
        <ele>320.33</ele>
      </trkpt>
      <trkpt lat="43.820290003" lon="7.482677996">
        <ele>318.88</ele>
      </trkpt>
      <trkpt lat="43.820263999" lon="7.482609006">
        <ele>317.28</ele>
      </trkpt>
      <trkpt lat="43.820238994" lon="7.482581001">
        <ele>318.29</ele>
      </trkpt>
      <trkpt lat="43.820211998" lon="7.482559997">
        <ele>319.22</ele>
      </trkpt>
      <trkpt lat="43.820185999" lon="7.482559002">
        <ele>317.83</ele>
      </trkpt>
      <trkpt lat="43.820154006" lon="7.482566998">
        <ele>316.15</ele>
      </trkpt>
      <trkpt lat="43.820118003" lon="7.482579994">
        <ele>314.14</ele>
      </trkpt>
      <trkpt lat="43.820087998" lon="7.482601005">
        <ele>311.91</ele>
      </trkpt>
      <trkpt lat="43.820060002" lon="7.482632992">
        <ele>309.43</ele>
      </trkpt>
      <trkpt lat="43.820041" lon="7.482665">
        <ele>310.27</ele>
      </trkpt>
      <trkpt lat="43.820033997" lon="7.482718005">
        <ele>310.75</ele>
      </trkpt>
      <trkpt lat="43.820031005" lon="7.482786997">
        <ele>310.73</ele>
      </trkpt>
      <trkpt lat="43.820041006" lon="7.482862001">
        <ele>310.28</ele>
      </trkpt>
      <trkpt lat="43.820060998" lon="7.482968002">
        <ele>309.59</ele>
      </trkpt>
      <trkpt lat="43.820066001" lon="7.483067001">
        <ele>309.7</ele>
      </trkpt>
      <trkpt lat="43.820068001" lon="7.483138003">
        <ele>309.02</ele>
      </trkpt>
      <trkpt lat="43.820048997" lon="7.483219992">
        <ele>309.78</ele>
      </trkpt>
      <trkpt lat="43.819972997" lon="7.48346">
        <ele>310.98</ele>
      </trkpt>
      <trkpt lat="43.819943001" lon="7.483647001">
        <ele>312.64</ele>
      </trkpt>
      <trkpt lat="43.819891997" lon="7.483823005">
        <ele>306.4</ele>
      </trkpt>
      <trkpt lat="43.819882999" lon="7.483962993">
        <ele>302.44</ele>
      </trkpt>
      <trkpt lat="43.819885002" lon="7.484042">
        <ele>298.81</ele>
      </trkpt>
      <trkpt lat="43.819922997" lon="7.484074997">
        <ele>296.68</ele>
      </trkpt>
      <trkpt lat="43.819975002" lon="7.484086002">
        <ele>288.46</ele>
      </trkpt>
      <trkpt lat="43.820045004" lon="7.484066003">
        <ele>294.42</ele>
      </trkpt>
      <trkpt lat="43.820161005" lon="7.484010004">
        <ele>299.72</ele>
      </trkpt>
      <trkpt lat="43.820246002" lon="7.483971003">
        <ele>298.03</ele>
      </trkpt>
      <trkpt lat="43.820325997" lon="7.483978006">
        <ele>298.05</ele>
      </trkpt>
      <trkpt lat="43.820571997" lon="7.484038999">
        <ele>296.23</ele>
      </trkpt>
      <trkpt lat="43.820670995" lon="7.484055996">
        <ele>287.51</ele>
      </trkpt>
      <trkpt lat="43.820718" lon="7.484049005">
        <ele>286.95</ele>
      </trkpt>
      <trkpt lat="43.820766999" lon="7.484023996">
        <ele>292.85</ele>
      </trkpt>
      <trkpt lat="43.820824002" lon="7.483960003">
        <ele>291.08</ele>
      </trkpt>
      <trkpt lat="43.820943998" lon="7.483795999">
        <ele>297.44</ele>
      </trkpt>
      <trkpt lat="43.821047002" lon="7.483654998">
        <ele>309.49</ele>
      </trkpt>
      <trkpt lat="43.821108004" lon="7.483589998">
        <ele>308</ele>
      </trkpt>
      <trkpt lat="43.821150001" lon="7.483577">
        <ele>309.43</ele>
      </trkpt>
      <trkpt lat="43.821279996" lon="7.483564001">
        <ele>310.72</ele>
      </trkpt>
      <trkpt lat="43.821440005" lon="7.483552997">
        <ele>315.71</ele>
      </trkpt>
      <trkpt lat="43.821583003" lon="7.483539001">
        <ele>315.26</ele>
      </trkpt>
      <trkpt lat="43.821719001" lon="7.483535001">
        <ele>309.53</ele>
      </trkpt>
      <trkpt lat="43.821779998" lon="7.483552002">
        <ele>301.06</ele>
      </trkpt>
      <trkpt lat="43.821875998" lon="7.483602003">
        <ele>298.54</ele>
      </trkpt>
      <trkpt lat="43.821934002" lon="7.483614001">
        <ele>292.93</ele>
      </trkpt>
      <trkpt lat="43.822023003" lon="7.483618997">
        <ele>287.9</ele>
      </trkpt>
      <trkpt lat="43.822083003" lon="7.483607">
        <ele>295.14</ele>
      </trkpt>
      <trkpt lat="43.822182" lon="7.483565997">
        <ele>296.6</ele>
      </trkpt>
      <trkpt lat="43.822266996" lon="7.483553996">
        <ele>293.66</ele>
      </trkpt>
      <trkpt lat="43.822369002" lon="7.483560996">
        <ele>289.4</ele>
      </trkpt>
      <trkpt lat="43.822704003" lon="7.483625005">
        <ele>284.09</ele>
      </trkpt>
      <trkpt lat="43.822934006" lon="7.483661003">
        <ele>277.26</ele>
      </trkpt>
      <trkpt lat="43.823050997" lon="7.483682998">
        <ele>275.94</ele>
      </trkpt>
      <trkpt lat="43.823092999" lon="7.483685001">
        <ele>278.36</ele>
      </trkpt>
      <trkpt lat="43.823140001" lon="7.483674997">
        <ele>277.81</ele>
      </trkpt>
      <trkpt lat="43.823192005" lon="7.483643997">
        <ele>282.19</ele>
      </trkpt>
      <trkpt lat="43.823245" lon="7.483604">
        <ele>281.52</ele>
      </trkpt>
      <trkpt lat="43.823353003" lon="7.483438997">
        <ele>285.79</ele>
      </trkpt>
      <trkpt lat="43.823503997" lon="7.483187994">
        <ele>285.63</ele>
      </trkpt>
      <trkpt lat="43.823696999" lon="7.482895008">
        <ele>289.24</ele>
      </trkpt>
      <trkpt lat="43.823751005" lon="7.482831996">
        <ele>286.8</ele>
      </trkpt>
      <trkpt lat="43.823811998" lon="7.482763008">
        <ele>289.09</ele>
      </trkpt>
      <trkpt lat="43.823865" lon="7.482774999">
        <ele>285.93</ele>
      </trkpt>
      <trkpt lat="43.823893996" lon="7.482814001">
        <ele>286.17</ele>
      </trkpt>
      <trkpt lat="43.823878999" lon="7.482871997">
        <ele>285.05</ele>
      </trkpt>
      <trkpt lat="43.823811998" lon="7.483002001">
        <ele>283.42</ele>
      </trkpt>
      <trkpt lat="43.823621" lon="7.483227008">
        <ele>281.05</ele>
      </trkpt>
      <trkpt lat="43.823504999" lon="7.483406996">
        <ele>278.23</ele>
      </trkpt>
      <trkpt lat="43.823359003" lon="7.483801995">
        <ele>275.48</ele>
      </trkpt>
      <trkpt lat="43.823283995" lon="7.483917998">
        <ele>273.28</ele>
      </trkpt>
      <trkpt lat="43.823234004" lon="7.483975">
        <ele>271.05</ele>
      </trkpt>
      <trkpt lat="43.823174996" lon="7.484014998">
        <ele>268.94</ele>
      </trkpt>
      <trkpt lat="43.823103998" lon="7.484042999">
        <ele>266.33</ele>
      </trkpt>
      <trkpt lat="43.823012995" lon="7.484055997">
        <ele>264.81</ele>
      </trkpt>
      <trkpt lat="43.822688003" lon="7.484087995">
        <ele>264.42</ele>
      </trkpt>
      <trkpt lat="43.822254005" lon="7.484116002">
        <ele>265.35</ele>
      </trkpt>
      <trkpt lat="43.822023" lon="7.484158006">
        <ele>263.69</ele>
      </trkpt>
      <trkpt lat="43.821792001" lon="7.484199001">
        <ele>264.01</ele>
      </trkpt>
      <trkpt lat="43.821617996" lon="7.484213">
        <ele>269.68</ele>
      </trkpt>
      <trkpt lat="43.821354002" lon="7.484270999">
        <ele>266.17</ele>
      </trkpt>
      <trkpt lat="43.821190998" lon="7.484360008">
        <ele>261.79</ele>
      </trkpt>
      <trkpt lat="43.821121" lon="7.484427001">
        <ele>262.22</ele>
      </trkpt>
      <trkpt lat="43.821067003" lon="7.484510999">
        <ele>260.7</ele>
      </trkpt>
      <trkpt lat="43.82092" lon="7.484753003">
        <ele>252.58</ele>
      </trkpt>
      <trkpt lat="43.820836001" lon="7.484809995">
        <ele>252.46</ele>
      </trkpt>
      <trkpt lat="43.820791002" lon="7.484830002">
        <ele>255.91</ele>
      </trkpt>
      <trkpt lat="43.820746996" lon="7.484834003">
        <ele>255.92</ele>
      </trkpt>
      <trkpt lat="43.820677997" lon="7.484828996">
        <ele>255.54</ele>
      </trkpt>
      <trkpt lat="43.820564999" lon="7.484799992">
        <ele>260.72</ele>
      </trkpt>
      <trkpt lat="43.820472001" lon="7.484801005">
        <ele>259.45</ele>
      </trkpt>
      <trkpt lat="43.82039" lon="7.484810998">
        <ele>253.88</ele>
      </trkpt>
      <trkpt lat="43.820267002" lon="7.484841001">
        <ele>253.41</ele>
      </trkpt>
      <trkpt lat="43.820192002" lon="7.484868997">
        <ele>252.55</ele>
      </trkpt>
      <trkpt lat="43.820049004" lon="7.484964005">
        <ele>245.75</ele>
      </trkpt>
      <trkpt lat="43.819936999" lon="7.485072003">
        <ele>245.79</ele>
      </trkpt>
      <trkpt lat="43.819735" lon="7.485356998">
        <ele>244.91</ele>
      </trkpt>
      <trkpt lat="43.819455996" lon="7.485777994">
        <ele>240.05</ele>
      </trkpt>
      <trkpt lat="43.819202001" lon="7.486148006">
        <ele>241.17</ele>
      </trkpt>
      <trkpt lat="43.819070995" lon="7.486278994">
        <ele>242.7</ele>
      </trkpt>
      <trkpt lat="43.818957004" lon="7.486367997">
        <ele>239.56</ele>
      </trkpt>
      <trkpt lat="43.818902004" lon="7.486412001">
        <ele>240.01</ele>
      </trkpt>
      <trkpt lat="43.818511003" lon="7.486607997">
        <ele>238.83</ele>
      </trkpt>
      <trkpt lat="43.818349003" lon="7.486688994">
        <ele>237.27</ele>
      </trkpt>
      <trkpt lat="43.817995002" lon="7.486848008">
        <ele>233.78</ele>
      </trkpt>
      <trkpt lat="43.817914005" lon="7.486866006">
        <ele>230.27</ele>
      </trkpt>
      <trkpt lat="43.817825998" lon="7.486887001">
        <ele>226.26</ele>
      </trkpt>
      <trkpt lat="43.817644006" lon="7.486888998">
        <ele>222.26</ele>
      </trkpt>
      <trkpt lat="43.817513998" lon="7.486827">
        <ele>215.4</ele>
      </trkpt>
      <trkpt lat="43.817367002" lon="7.486726">
        <ele>210.43</ele>
      </trkpt>
      <trkpt lat="43.817231001" lon="7.486570993">
        <ele>210.51</ele>
      </trkpt>
      <trkpt lat="43.816978998" lon="7.486179996">
        <ele>208.52</ele>
      </trkpt>
      <trkpt lat="43.816955999" lon="7.486095">
        <ele>209.2</ele>
      </trkpt>
      <trkpt lat="43.816937" lon="7.486027993">
        <ele>208.59</ele>
      </trkpt>
      <trkpt lat="43.816955004" lon="7.485933993">
        <ele>212.32</ele>
      </trkpt>
      <trkpt lat="43.817060003" lon="7.485661001">
        <ele>215.62</ele>
      </trkpt>
      <trkpt lat="43.817197002" lon="7.485386003">
        <ele>219.46</ele>
      </trkpt>
      <trkpt lat="43.817249994" lon="7.485235995">
        <ele>222.83</ele>
      </trkpt>
      <trkpt lat="43.817250994" lon="7.485192007">
        <ele>226.19</ele>
      </trkpt>
      <trkpt lat="43.817254002" lon="7.485107995">
        <ele>225.54</ele>
      </trkpt>
      <trkpt lat="43.817228995" lon="7.485062998">
        <ele>225.06</ele>
      </trkpt>
      <trkpt lat="43.817191997" lon="7.485028997">
        <ele>224.35</ele>
      </trkpt>
      <trkpt lat="43.817186001" lon="7.485025999">
        <ele>226.65</ele>
      </trkpt>
      <trkpt lat="43.817142999" lon="7.485008009">
        <ele>227.88</ele>
      </trkpt>
      <trkpt lat="43.817077998" lon="7.485009004">
        <ele>231.45</ele>
      </trkpt>
      <trkpt lat="43.817009002" lon="7.485051">
        <ele>228.6</ele>
      </trkpt>
      <trkpt lat="43.816772002" lon="7.485227001">
        <ele>225.42</ele>
      </trkpt>
      <trkpt lat="43.816507" lon="7.485420009">
        <ele>217.98</ele>
      </trkpt>
      <trkpt lat="43.816431996" lon="7.485463001">
        <ele>212.29</ele>
      </trkpt>
      <trkpt lat="43.816258003" lon="7.485523999">
        <ele>204.18</ele>
      </trkpt>
      <trkpt lat="43.816184996" lon="7.485542999">
        <ele>202.31</ele>
      </trkpt>
      <trkpt lat="43.81612" lon="7.485542999">
        <ele>201.46</ele>
      </trkpt>
      <trkpt lat="43.815861997" lon="7.485523994">
        <ele>201.26</ele>
      </trkpt>
      <trkpt lat="43.815667998" lon="7.485498003">
        <ele>199.43</ele>
      </trkpt>
      <trkpt lat="43.815347998" lon="7.485462006">
        <ele>195.96</ele>
      </trkpt>
      <trkpt lat="43.815014" lon="7.485433">
        <ele>193</ele>
      </trkpt>
      <trkpt lat="43.814631001" lon="7.485410005">
        <ele>188.76</ele>
      </trkpt>
      <trkpt lat="43.814438001" lon="7.485380995">
        <ele>184.54</ele>
      </trkpt>
      <trkpt lat="43.81436" lon="7.485355999">
        <ele>186.27</ele>
      </trkpt>
      <trkpt lat="43.814085996" lon="7.485253001">
        <ele>187.98</ele>
      </trkpt>
      <trkpt lat="43.813914996" lon="7.485218997">
        <ele>189.02</ele>
      </trkpt>
      <trkpt lat="43.813788998" lon="7.485224003">
        <ele>190.77</ele>
      </trkpt>
      <trkpt lat="43.813605995" lon="7.485237004">
        <ele>191.14</ele>
      </trkpt>
      <trkpt lat="43.813553003" lon="7.485226992">
        <ele>187.15</ele>
      </trkpt>
      <trkpt lat="43.813445003" lon="7.485168996">
        <ele>186.17</ele>
      </trkpt>
      <trkpt lat="43.813396003" lon="7.485108003">
        <ele>186.22</ele>
      </trkpt>
      <trkpt lat="43.813331997" lon="7.484926998">
        <ele>185.81</ele>
      </trkpt>
      <trkpt lat="43.813291998" lon="7.484465003">
        <ele>187.86</ele>
      </trkpt>
      <trkpt lat="43.813292999" lon="7.484286999">
        <ele>191.26</ele>
      </trkpt>
      <trkpt lat="43.813321003" lon="7.484161999">
        <ele>193.22</ele>
      </trkpt>
      <trkpt lat="43.813390003" lon="7.483852999">
        <ele>193.84</ele>
      </trkpt>
      <trkpt lat="43.813390002" lon="7.483786008">
        <ele>194.98</ele>
      </trkpt>
      <trkpt lat="43.813342" lon="7.483690006">
        <ele>195.43</ele>
      </trkpt>
      <trkpt lat="43.813341002" lon="7.483686007">
        <ele>194.04</ele>
      </trkpt>
      <trkpt lat="43.813280002" lon="7.483667999">
        <ele>196.48</ele>
      </trkpt>
      <trkpt lat="43.813257003" lon="7.483661999">
        <ele>199.66</ele>
      </trkpt>
      <trkpt lat="43.813179001" lon="7.483676003">
        <ele>203.89</ele>
      </trkpt>
      <trkpt lat="43.813113998" lon="7.483771001">
        <ele>203.63</ele>
      </trkpt>
      <trkpt lat="43.812867" lon="7.484237">
        <ele>203.76</ele>
      </trkpt>
      <trkpt lat="43.812654001" lon="7.484678007">
        <ele>197.48</ele>
      </trkpt>
      <trkpt lat="43.812590004" lon="7.484835005">
        <ele>191.2</ele>
      </trkpt>
      <trkpt lat="43.812419996" lon="7.485393996">
        <ele>186.83</ele>
      </trkpt>
      <trkpt lat="43.812374001" lon="7.485480003">
        <ele>186.09</ele>
      </trkpt>
      <trkpt lat="43.812309998" lon="7.485543">
        <ele>184.45</ele>
      </trkpt>
      <trkpt lat="43.812167001" lon="7.485636002">
        <ele>185.09</ele>
      </trkpt>
      <trkpt lat="43.8121" lon="7.485657999">
        <ele>186.96</ele>
      </trkpt>
      <trkpt lat="43.811819997" lon="7.485658003">
        <ele>183.73</ele>
      </trkpt>
      <trkpt lat="43.811725001" lon="7.485643">
        <ele>181.08</ele>
      </trkpt>
      <trkpt lat="43.811309998" lon="7.485516001">
        <ele>178.65</ele>
      </trkpt>
      <trkpt lat="43.811068006" lon="7.485441996">
        <ele>176.46</ele>
      </trkpt>
      <trkpt lat="43.810825996" lon="7.485368002">
        <ele>172.79</ele>
      </trkpt>
      <trkpt lat="43.810568001" lon="7.485302001">
        <ele>172.59</ele>
      </trkpt>
      <trkpt lat="43.810430997" lon="7.485250991">
        <ele>172.41</ele>
      </trkpt>
      <trkpt lat="43.810350998" lon="7.485185003">
        <ele>172.5</ele>
      </trkpt>
      <trkpt lat="43.81029" lon="7.485104999">
        <ele>173.11</ele>
      </trkpt>
      <trkpt lat="43.810245004" lon="7.484982004">
        <ele>176.76</ele>
      </trkpt>
      <trkpt lat="43.810241998" lon="7.484953004">
        <ele>179.37</ele>
      </trkpt>
      <trkpt lat="43.810214003" lon="7.484518001">
        <ele>181.37</ele>
      </trkpt>
      <trkpt lat="43.810195001" lon="7.484454999">
        <ele>188.05</ele>
      </trkpt>
      <trkpt lat="43.810144997" lon="7.484363001">
        <ele>193.08</ele>
      </trkpt>
      <trkpt lat="43.810099003" lon="7.484345002">
        <ele>194.46</ele>
      </trkpt>
      <trkpt lat="43.809997" lon="7.484350001">
        <ele>194.75</ele>
      </trkpt>
      <trkpt lat="43.809932004" lon="7.484387005">
        <ele>191.3</ele>
      </trkpt>
      <trkpt lat="43.809758999" lon="7.484617996">
        <ele>187.01</ele>
      </trkpt>
      <trkpt lat="43.809586994" lon="7.484849001">
        <ele>182.55</ele>
      </trkpt>
      <trkpt lat="43.809519998" lon="7.484914001">
        <ele>180.24</ele>
      </trkpt>
      <trkpt lat="43.80932" lon="7.484970002">
        <ele>178.86</ele>
      </trkpt>
      <trkpt lat="43.809099" lon="7.485051001">
        <ele>182.16</ele>
      </trkpt>
      <trkpt lat="43.808940004" lon="7.485109">
        <ele>181.01</ele>
      </trkpt>
      <trkpt lat="43.808920999" lon="7.485109997">
        <ele>180.87</ele>
      </trkpt>
      <trkpt lat="43.808813997" lon="7.485115996">
        <ele>179.78</ele>
      </trkpt>
      <trkpt lat="43.808707998" lon="7.485037003">
        <ele>176.93</ele>
      </trkpt>
      <trkpt lat="43.808665003" lon="7.484958004">
        <ele>175.67</ele>
      </trkpt>
      <trkpt lat="43.808614995" lon="7.484800006">
        <ele>176.76</ele>
      </trkpt>
      <trkpt lat="43.808595001" lon="7.484621003">
        <ele>177.07</ele>
      </trkpt>
      <trkpt lat="43.808636999" lon="7.484421004">
        <ele>179.87</ele>
      </trkpt>
      <trkpt lat="43.808703002" lon="7.484277005">
        <ele>184.99</ele>
      </trkpt>
      <trkpt lat="43.808777003" lon="7.484173001">
        <ele>186.35</ele>
      </trkpt>
      <trkpt lat="43.808829002" lon="7.484039005">
        <ele>186.51</ele>
      </trkpt>
      <trkpt lat="43.808838005" lon="7.483952998">
        <ele>189</ele>
      </trkpt>
      <trkpt lat="43.808832003" lon="7.483883998">
        <ele>189.23</ele>
      </trkpt>
      <trkpt lat="43.808800998" lon="7.483748004">
        <ele>186.5</ele>
      </trkpt>
      <trkpt lat="43.808762004" lon="7.483662001">
        <ele>186.18</ele>
      </trkpt>
      <trkpt lat="43.808675003" lon="7.483600994">
        <ele>185.52</ele>
      </trkpt>
      <trkpt lat="43.808592996" lon="7.483584003">
        <ele>184</ele>
      </trkpt>
      <trkpt lat="43.808523002" lon="7.483592001">
        <ele>182.11</ele>
      </trkpt>
      <trkpt lat="43.808391002" lon="7.483686997">
        <ele>182.7</ele>
      </trkpt>
      <trkpt lat="43.808222001" lon="7.483842003">
        <ele>183.27</ele>
      </trkpt>
      <trkpt lat="43.808118002" lon="7.484024003">
        <ele>180.48</ele>
      </trkpt>
      <trkpt lat="43.808099996" lon="7.484079991">
        <ele>181.02</ele>
      </trkpt>
      <trkpt lat="43.807988005" lon="7.484425004">
        <ele>175.47</ele>
      </trkpt>
      <trkpt lat="43.807794997" lon="7.484805997">
        <ele>170.52</ele>
      </trkpt>
      <trkpt lat="43.807733996" lon="7.484869001">
        <ele>164.55</ele>
      </trkpt>
      <trkpt lat="43.807395001" lon="7.485103004">
        <ele>165.33</ele>
      </trkpt>
      <trkpt lat="43.807192002" lon="7.485297999">
        <ele>162.35</ele>
      </trkpt>
      <trkpt lat="43.806988006" lon="7.485493996">
        <ele>165</ele>
      </trkpt>
      <trkpt lat="43.806915999" lon="7.485594007">
        <ele>165.92</ele>
      </trkpt>
      <trkpt lat="43.806873997" lon="7.485650001">
        <ele>166.49</ele>
      </trkpt>
      <trkpt lat="43.806787999" lon="7.485717002">
        <ele>163.22</ele>
      </trkpt>
      <trkpt lat="43.806694003" lon="7.485760002">
        <ele>159.85</ele>
      </trkpt>
      <trkpt lat="43.806406004" lon="7.485794002">
        <ele>155.75</ele>
      </trkpt>
      <trkpt lat="43.806145004" lon="7.485740998">
        <ele>151.84</ele>
      </trkpt>
      <trkpt lat="43.805872999" lon="7.485711002">
        <ele>147.96</ele>
      </trkpt>
      <trkpt lat="43.805821003" lon="7.485707006">
        <ele>144.44</ele>
      </trkpt>
      <trkpt lat="43.805731998" lon="7.485695997">
        <ele>139.34</ele>
      </trkpt>
      <trkpt lat="43.805543001" lon="7.485694996">
        <ele>138.31</ele>
      </trkpt>
      <trkpt lat="43.805190996" lon="7.485709993">
        <ele>138.46</ele>
      </trkpt>
      <trkpt lat="43.805102002" lon="7.485718002">
        <ele>133.83</ele>
      </trkpt>
      <trkpt lat="43.804848999" lon="7.485742005">
        <ele>134.36</ele>
      </trkpt>
      <trkpt lat="43.804596001" lon="7.485765001">
        <ele>134.15</ele>
      </trkpt>
      <trkpt lat="43.804262003" lon="7.485798001">
        <ele>129.63</ele>
      </trkpt>
      <trkpt lat="43.804137005" lon="7.485804999">
        <ele>128.78</ele>
      </trkpt>
      <trkpt lat="43.804082996" lon="7.485798008">
        <ele>132.77</ele>
      </trkpt>
      <trkpt lat="43.804026001" lon="7.485769003">
        <ele>132.67</ele>
      </trkpt>
      <trkpt lat="43.803959997" lon="7.485702005">
        <ele>136.36</ele>
      </trkpt>
      <trkpt lat="43.803761998" lon="7.485452999">
        <ele>140.82</ele>
      </trkpt>
      <trkpt lat="43.803713004" lon="7.485412003">
        <ele>140.57</ele>
      </trkpt>
      <trkpt lat="43.803647004" lon="7.485376007">
        <ele>144.48</ele>
      </trkpt>
      <trkpt lat="43.803531001" lon="7.485376009">
        <ele>147.09</ele>
      </trkpt>
      <trkpt lat="43.803471" lon="7.485404003">
        <ele>148.67</ele>
      </trkpt>
      <trkpt lat="43.803403996" lon="7.485481004">
        <ele>143.48</ele>
      </trkpt>
      <trkpt lat="43.803315002" lon="7.485647003">
        <ele>145.51</ele>
      </trkpt>
      <trkpt lat="43.803243002" lon="7.485828001">
        <ele>143.66</ele>
      </trkpt>
      <trkpt lat="43.803190999" lon="7.485901002">
        <ele>137.03</ele>
      </trkpt>
      <trkpt lat="43.803148996" lon="7.485938">
        <ele>128.25</ele>
      </trkpt>
      <trkpt lat="43.802926" lon="7.486016005">
        <ele>128.6</ele>
      </trkpt>
      <trkpt lat="43.802647001" lon="7.486165002">
        <ele>121.42</ele>
      </trkpt>
      <trkpt lat="43.802500994" lon="7.486162995">
        <ele>115.01</ele>
      </trkpt>
      <trkpt lat="43.802394998" lon="7.486161006">
        <ele>113.58</ele>
      </trkpt>
      <trkpt lat="43.802163005" lon="7.486128999">
        <ele>116.07</ele>
      </trkpt>
      <trkpt lat="43.802098" lon="7.486086995">
        <ele>114.39</ele>
      </trkpt>
      <trkpt lat="43.802039" lon="7.486026996">
        <ele>114.33</ele>
      </trkpt>
      <trkpt lat="43.801816998" lon="7.485809999">
        <ele>116.07</ele>
      </trkpt>
      <trkpt lat="43.801685002" lon="7.485709">
        <ele>117.44</ele>
      </trkpt>
      <trkpt lat="43.801606998" lon="7.485647994">
        <ele>121.35</ele>
      </trkpt>
      <trkpt lat="43.801535006" lon="7.485601">
        <ele>126.02</ele>
      </trkpt>
      <trkpt lat="43.801445999" lon="7.485593999">
        <ele>129.19</ele>
      </trkpt>
      <trkpt lat="43.801294995" lon="7.485662995">
        <ele>129.56</ele>
      </trkpt>
      <trkpt lat="43.801180003" lon="7.485884005">
        <ele>127.11</ele>
      </trkpt>
      <trkpt lat="43.801119997" lon="7.485962">
        <ele>127.77</ele>
      </trkpt>
      <trkpt lat="43.800992003" lon="7.486047001">
        <ele>121.27</ele>
      </trkpt>
      <trkpt lat="43.800917002" lon="7.486083996">
        <ele>117.17</ele>
      </trkpt>
      <trkpt lat="43.800824005" lon="7.486128997">
        <ele>115.56</ele>
      </trkpt>
      <trkpt lat="43.800630002" lon="7.486198996">
        <ele>116.76</ele>
      </trkpt>
      <trkpt lat="43.800379998" lon="7.486269001">
        <ele>109.68</ele>
      </trkpt>
      <trkpt lat="43.800318995" lon="7.486305999">
        <ele>110.46</ele>
      </trkpt>
      <trkpt lat="43.800121" lon="7.486530005">
        <ele>108.04</ele>
      </trkpt>
      <trkpt lat="43.800070998" lon="7.486587006">
        <ele>106.61</ele>
      </trkpt>
      <trkpt lat="43.799972" lon="7.486607007">
        <ele>105.1</ele>
      </trkpt>
      <trkpt lat="43.799859995" lon="7.486572999">
        <ele>104.84</ele>
      </trkpt>
      <trkpt lat="43.799813003" lon="7.486532001">
        <ele>105.43</ele>
      </trkpt>
      <trkpt lat="43.799661998" lon="7.486318993">
        <ele>108.52</ele>
      </trkpt>
      <trkpt lat="43.799611997" lon="7.486267007">
        <ele>109.37</ele>
      </trkpt>
      <trkpt lat="43.799516994" lon="7.486250002">
        <ele>110.87</ele>
      </trkpt>
      <trkpt lat="43.799402003" lon="7.486318002">
        <ele>112.67</ele>
      </trkpt>
      <trkpt lat="43.799361" lon="7.486369001">
        <ele>113.88</ele>
      </trkpt>
      <trkpt lat="43.799327" lon="7.486484999">
        <ele>110.96</ele>
      </trkpt>
      <trkpt lat="43.799271997" lon="7.486843005">
        <ele>107.85</ele>
      </trkpt>
      <trkpt lat="43.799239004" lon="7.486955995">
        <ele>104.38</ele>
      </trkpt>
      <trkpt lat="43.799222997" lon="7.487002997">
        <ele>100.09</ele>
      </trkpt>
      <trkpt lat="43.799187997" lon="7.487053994">
        <ele>96.11</ele>
      </trkpt>
      <trkpt lat="43.799139005" lon="7.487095008">
        <ele>95.04</ele>
      </trkpt>
      <trkpt lat="43.799084" lon="7.487117007">
        <ele>95.33</ele>
      </trkpt>
      <trkpt lat="43.799028" lon="7.487131001">
        <ele>95.7</ele>
      </trkpt>
      <trkpt lat="43.798973001" lon="7.487138006">
        <ele>96.21</ele>
      </trkpt>
      <trkpt lat="43.798922005" lon="7.487142998">
        <ele>96.88</ele>
      </trkpt>
      <trkpt lat="43.798876006" lon="7.487148992">
        <ele>97.77</ele>
      </trkpt>
      <trkpt lat="43.798816002" lon="7.487172004">
        <ele>97.34</ele>
      </trkpt>
      <trkpt lat="43.798797999" lon="7.487177995">
        <ele>96.77</ele>
      </trkpt>
      <trkpt lat="43.798767005" lon="7.487187992">
        <ele>96.3</ele>
      </trkpt>
      <trkpt lat="43.798743" lon="7.487190002">
        <ele>95.94</ele>
      </trkpt>
      <trkpt lat="43.798724003" lon="7.487185996">
        <ele>95.64</ele>
      </trkpt>
      <trkpt lat="43.798704995" lon="7.487176999">
        <ele>95.33</ele>
      </trkpt>
      <trkpt lat="43.798684001" lon="7.487158003">
        <ele>95.21</ele>
      </trkpt>
      <trkpt lat="43.798621996" lon="7.487155">
        <ele>95.08</ele>
      </trkpt>
      <trkpt lat="43.798576996" lon="7.487149002">
        <ele>94.66</ele>
      </trkpt>
      <trkpt lat="43.798526997" lon="7.487131996">
        <ele>94.18</ele>
      </trkpt>
      <trkpt lat="43.798465001" lon="7.487091998">
        <ele>93.72</ele>
      </trkpt>
      <trkpt lat="43.798423996" lon="7.487056">
        <ele>93.72</ele>
      </trkpt>
      <trkpt lat="43.798376995" lon="7.486993996">
        <ele>93.63</ele>
      </trkpt>
      <trkpt lat="43.798325996" lon="7.486876999">
        <ele>93.74</ele>
      </trkpt>
      <trkpt lat="43.798259" lon="7.486735003">
        <ele>93.8</ele>
      </trkpt>
      <trkpt lat="43.798227004" lon="7.486663003">
        <ele>95.38</ele>
      </trkpt>
      <trkpt lat="43.798204004" lon="7.486638001">
        <ele>96.47</ele>
      </trkpt>
      <trkpt lat="43.798158" lon="7.486616992">
        <ele>97.76</ele>
      </trkpt>
      <trkpt lat="43.798106996" lon="7.486620005">
        <ele>99.42</ele>
      </trkpt>
      <trkpt lat="43.798065999" lon="7.486640006">
        <ele>101.58</ele>
      </trkpt>
      <trkpt lat="43.798037997" lon="7.486678001">
        <ele>102.76</ele>
      </trkpt>
      <trkpt lat="43.798019999" lon="7.486732">
        <ele>104.53</ele>
      </trkpt>
      <trkpt lat="43.798010999" lon="7.486788996">
        <ele>103.43</ele>
      </trkpt>
      <trkpt lat="43.797994997" lon="7.486850992">
        <ele>103.35</ele>
      </trkpt>
      <trkpt lat="43.797994" lon="7.486935992">
        <ele>104.33</ele>
      </trkpt>
      <trkpt lat="43.798023998" lon="7.487101998">
        <ele>102.83</ele>
      </trkpt>
      <trkpt lat="43.798063003" lon="7.487291994">
        <ele>101.32</ele>
      </trkpt>
      <trkpt lat="43.798104996" lon="7.487485996">
        <ele>102.98</ele>
      </trkpt>
      <trkpt lat="43.798119004" lon="7.487561001">
        <ele>104.03</ele>
      </trkpt>
      <trkpt lat="43.798128998" lon="7.487619003">
        <ele>100.87</ele>
      </trkpt>
      <trkpt lat="43.798143001" lon="7.487709003">
        <ele>99.8</ele>
      </trkpt>
      <trkpt lat="43.798151998" lon="7.487817001">
        <ele>98.23</ele>
      </trkpt>
      <trkpt lat="43.798147" lon="7.487927995">
        <ele>96.04</ele>
      </trkpt>
      <trkpt lat="43.798134" lon="7.488034999">
        <ele>90.93</ele>
      </trkpt>
      <trkpt lat="43.798100003" lon="7.488171004">
        <ele>88.33</ele>
      </trkpt>
      <trkpt lat="43.798068002" lon="7.488238002">
        <ele>85.61</ele>
      </trkpt>
      <trkpt lat="43.798030999" lon="7.488305005">
        <ele>82.7</ele>
      </trkpt>
      <trkpt lat="43.798021004" lon="7.488324006">
        <ele>81.79</ele>
      </trkpt>
      <trkpt lat="43.797982004" lon="7.488377997">
        <ele>82.83</ele>
      </trkpt>
      <trkpt lat="43.797904995" lon="7.488452995">
        <ele>83.66</ele>
      </trkpt>
      <trkpt lat="43.797848996" lon="7.488497998">
        <ele>83.89</ele>
      </trkpt>
      <trkpt lat="43.797789004" lon="7.488523996">
        <ele>83.77</ele>
      </trkpt>
      <trkpt lat="43.797707996" lon="7.488532004">
        <ele>83.72</ele>
      </trkpt>
      <trkpt lat="43.797641002" lon="7.488527998">
        <ele>82.47</ele>
      </trkpt>
      <trkpt lat="43.797535998" lon="7.488505003">
        <ele>84.32</ele>
      </trkpt>
      <trkpt lat="43.797424996" lon="7.488473995">
        <ele>85.83</ele>
      </trkpt>
      <trkpt lat="43.797352995" lon="7.488457002">
        <ele>86.33</ele>
      </trkpt>
      <trkpt lat="43.797295996" lon="7.488455001">
        <ele>87.07</ele>
      </trkpt>
      <trkpt lat="43.797206004" lon="7.488445007">
        <ele>89.23</ele>
      </trkpt>
      <trkpt lat="43.797065998" lon="7.488474997">
        <ele>87.99</ele>
      </trkpt>
      <trkpt lat="43.797061999" lon="7.488476002">
        <ele>87.59</ele>
      </trkpt>
      <trkpt lat="43.797023998" lon="7.488485">
        <ele>88.19</ele>
      </trkpt>
      <trkpt lat="43.797014998" lon="7.488484007">
        <ele>86.25</ele>
      </trkpt>
      <trkpt lat="43.796985998" lon="7.488490003">
        <ele>84.08</ele>
      </trkpt>
      <trkpt lat="43.796962002" lon="7.488500998">
        <ele>80.11</ele>
      </trkpt>
      <trkpt lat="43.796945994" lon="7.488508003">
        <ele>76.48</ele>
      </trkpt>
      <trkpt lat="43.796810996" lon="7.488570006">
        <ele>73.91</ele>
      </trkpt>
      <trkpt lat="43.796673995" lon="7.488717999">
        <ele>71.48</ele>
      </trkpt>
      <trkpt lat="43.796533999" lon="7.488923992">
        <ele>68.16</ele>
      </trkpt>
      <trkpt lat="43.796451997" lon="7.489050994">
        <ele>69.5</ele>
      </trkpt>
      <trkpt lat="43.796278996" lon="7.489251007">
        <ele>69.63</ele>
      </trkpt>
      <trkpt lat="43.796204995" lon="7.489293001">
        <ele>68.51</ele>
      </trkpt>
      <trkpt lat="43.796097003" lon="7.489324994">
        <ele>69.51</ele>
      </trkpt>
      <trkpt lat="43.796024002" lon="7.489326998">
        <ele>73.31</ele>
      </trkpt>
      <trkpt lat="43.795847999" lon="7.489332008">
        <ele>71.55</ele>
      </trkpt>
      <trkpt lat="43.795636002" lon="7.489364004">
        <ele>70.65</ele>
      </trkpt>
      <trkpt lat="43.795407995" lon="7.489505999">
        <ele>70.3</ele>
      </trkpt>
      <trkpt lat="43.795348003" lon="7.489518008">
        <ele>67.94</ele>
      </trkpt>
      <trkpt lat="43.795286997" lon="7.489544995">
        <ele>63.77</ele>
      </trkpt>
      <trkpt lat="43.795220998" lon="7.489588997">
        <ele>64.43</ele>
      </trkpt>
      <trkpt lat="43.795153002" lon="7.489628998">
        <ele>65.1</ele>
      </trkpt>
      <trkpt lat="43.795086003" lon="7.489680002">
        <ele>65.74</ele>
      </trkpt>
      <trkpt lat="43.795024995" lon="7.489734998">
        <ele>66.39</ele>
      </trkpt>
      <trkpt lat="43.794962995" lon="7.489791994">
        <ele>66.06</ele>
      </trkpt>
      <trkpt lat="43.794910001" lon="7.489851999">
        <ele>65.38</ele>
      </trkpt>
      <trkpt lat="43.794880004" lon="7.489899005">
        <ele>64.87</ele>
      </trkpt>
      <trkpt lat="43.794829002" lon="7.489979997">
        <ele>64.68</ele>
      </trkpt>
      <trkpt lat="43.794800999" lon="7.490044006">
        <ele>64.76</ele>
      </trkpt>
      <trkpt lat="43.794771005" lon="7.490167003">
        <ele>66.08</ele>
      </trkpt>
      <trkpt lat="43.794766997" lon="7.490210003">
        <ele>64.62</ele>
      </trkpt>
      <trkpt lat="43.794758002" lon="7.490268998">
        <ele>63.17</ele>
      </trkpt>
      <trkpt lat="43.794754001" lon="7.490320995">
        <ele>61.63</ele>
      </trkpt>
      <trkpt lat="43.794732002" lon="7.490371005">
        <ele>60.06</ele>
      </trkpt>
      <trkpt lat="43.794720003" lon="7.490434008">
        <ele>58.38</ele>
      </trkpt>
      <trkpt lat="43.794725002" lon="7.490459001">
        <ele>58.55</ele>
      </trkpt>
      <trkpt lat="43.794671001" lon="7.490581006">
        <ele>58.57</ele>
      </trkpt>
      <trkpt lat="43.794592998" lon="7.490695998">
        <ele>58.49</ele>
      </trkpt>
      <trkpt lat="43.794468998" lon="7.490859996">
        <ele>58.36</ele>
      </trkpt>
      <trkpt lat="43.79440265" lon="7.490925984">
        <ele>58.55</ele>
      </trkpt>
      <trkpt lat="43.794343001" lon="7.490904338">
        <ele>58.21</ele>
      </trkpt>
      <trkpt lat="43.794091115" lon="7.490991132">
        <ele>57.56</ele>
      </trkpt>
      <trkpt lat="43.793768444" lon="7.491113545">
        <ele>56.79</ele>
      </trkpt>
      <trkpt lat="43.793700184" lon="7.491151785">
        <ele>55.87</ele>
      </trkpt>
      <trkpt lat="43.793599854" lon="7.491286828">
        <ele>54.62</ele>
      </trkpt>
      <trkpt lat="43.793307815" lon="7.491389843">
        <ele>54.02</ele>
      </trkpt>
      <trkpt lat="43.793236542" lon="7.491330945">
        <ele>53.76</ele>
      </trkpt>
      <trkpt lat="43.792898727" lon="7.491437629">
        <ele>53.32</ele>
      </trkpt>
      <trkpt lat="43.792224347" lon="7.491663202">
        <ele>52.63</ele>
      </trkpt>
      <trkpt lat="43.791715725" lon="7.491826706">
        <ele>51.88</ele>
      </trkpt>
      <trkpt lat="43.79134338" lon="7.491962161">
        <ele>50.49</ele>
      </trkpt>
      <trkpt lat="43.791282017" lon="7.492003363">
        <ele>49.2</ele>
      </trkpt>
      <trkpt lat="43.791248767" lon="7.492064943">
        <ele>48.27</ele>
      </trkpt>
      <trkpt lat="43.791233997" lon="7.492107">
        <ele>47.78</ele>
      </trkpt>
      <trkpt lat="43.791204006" lon="7.492092001">
        <ele>47.38</ele>
      </trkpt>
      <trkpt lat="43.791172005" lon="7.492091003">
        <ele>47.42</ele>
      </trkpt>
      <trkpt lat="43.791137996" lon="7.4921">
        <ele>47.47</ele>
      </trkpt>
      <trkpt lat="43.791104002" lon="7.492113005">
        <ele>47.52</ele>
      </trkpt>
      <trkpt lat="43.791068995" lon="7.492124997">
        <ele>47.58</ele>
      </trkpt>
      <trkpt lat="43.791031995" lon="7.492137007">
        <ele>47.64</ele>
      </trkpt>
      <trkpt lat="43.790998003" lon="7.492147996">
        <ele>47.53</ele>
      </trkpt>
      <trkpt lat="43.790980002" lon="7.492156995">
        <ele>47.45</ele>
      </trkpt>
      <trkpt lat="43.790966" lon="7.492162999">
        <ele>47.45</ele>
      </trkpt>
      <trkpt lat="43.790917673" lon="7.492083123">
        <ele>47.27</ele>
      </trkpt>
      <trkpt lat="43.790812865" lon="7.492007662">
        <ele>46.92</ele>
      </trkpt>
      <trkpt lat="43.790674719" lon="7.491985295">
        <ele>47.38</ele>
      </trkpt>
      <trkpt lat="43.790294651" lon="7.492032971">
        <ele>47.5</ele>
      </trkpt>
      <trkpt lat="43.790133662" lon="7.492052373">
        <ele>46.75</ele>
      </trkpt>
      <trkpt lat="43.789689492" lon="7.492099816">
        <ele>45.8</ele>
      </trkpt>
      <trkpt lat="43.789154743" lon="7.492152248">
        <ele>44.98</ele>
      </trkpt>
      <trkpt lat="43.788481663" lon="7.492197438">
        <ele>44.3</ele>
      </trkpt>
      <trkpt lat="43.7880676" lon="7.492408328">
        <ele>42.92</ele>
      </trkpt>
      <trkpt lat="43.787351374" lon="7.492882498">
        <ele>41.21</ele>
      </trkpt>
      <trkpt lat="43.786666487" lon="7.493405142">
        <ele>40.18</ele>
      </trkpt>
      <trkpt lat="43.785982749" lon="7.493942398">
        <ele>38.52</ele>
      </trkpt>
      <trkpt lat="43.785632798" lon="7.494130454">
        <ele>36.64</ele>
      </trkpt>
      <trkpt lat="43.785293731" lon="7.494224897">
        <ele>35.22</ele>
      </trkpt>
      <trkpt lat="43.7849781" lon="7.494304227">
        <ele>34.75</ele>
      </trkpt>
      <trkpt lat="43.784759269" lon="7.494376637">
        <ele>33.66</ele>
      </trkpt>
      <trkpt lat="43.784470871" lon="7.494433886">
        <ele>33.85</ele>
      </trkpt>
      <trkpt lat="43.784271371" lon="7.494420618">
        <ele>32.88</ele>
      </trkpt>
      <trkpt lat="43.784066001" lon="7.494440002">
        <ele>32.86</ele>
      </trkpt>
      <trkpt lat="43.783982002" lon="7.494408004">
        <ele>31.93</ele>
      </trkpt>
      <trkpt lat="43.783823003" lon="7.494375992">
        <ele>31.37</ele>
      </trkpt>
      <trkpt lat="43.783441995" lon="7.494314999">
        <ele>30.49</ele>
      </trkpt>
      <trkpt lat="43.783020999" lon="7.494254993">
        <ele>30.18</ele>
      </trkpt>
      <trkpt lat="43.782786998" lon="7.494244005">
        <ele>29.46</ele>
      </trkpt>
      <trkpt lat="43.782781001" lon="7.494229003">
        <ele>29.81</ele>
      </trkpt>
      <trkpt lat="43.782756001" lon="7.494213003">
        <ele>30.12</ele>
      </trkpt>
      <trkpt lat="43.782729002" lon="7.494206999">
        <ele>30.2</ele>
      </trkpt>
      <trkpt lat="43.782696005" lon="7.494205001">
        <ele>30.37</ele>
      </trkpt>
      <trkpt lat="43.782663004" lon="7.494216003">
        <ele>30.09</ele>
      </trkpt>
      <trkpt lat="43.782642004" lon="7.494240004">
        <ele>29.71</ele>
      </trkpt>
      <trkpt lat="43.782624003" lon="7.494272999">
        <ele>29.5</ele>
      </trkpt>
      <trkpt lat="43.782615995" lon="7.494310002">
        <ele>29.7</ele>
      </trkpt>
      <trkpt lat="43.782556995" lon="7.494289003">
        <ele>29.37</ele>
      </trkpt>
      <trkpt lat="43.782389" lon="7.49424">
        <ele>29.3</ele>
      </trkpt>
      <trkpt lat="43.782151004" lon="7.494194996">
        <ele>29.44</ele>
      </trkpt>
      <trkpt lat="43.781911999" lon="7.494150001">
        <ele>29.42</ele>
      </trkpt>
      <trkpt lat="43.781846002" lon="7.494144997">
        <ele>28.75</ele>
      </trkpt>
      <trkpt lat="43.781822001" lon="7.494142998">
        <ele>28.62</ele>
      </trkpt>
      <trkpt lat="43.781591999" lon="7.494106996">
        <ele>28.71</ele>
      </trkpt>
      <trkpt lat="43.781361" lon="7.494069996">
        <ele>29.04</ele>
      </trkpt>
      <trkpt lat="43.781239995" lon="7.494053004">
        <ele>29.2</ele>
      </trkpt>
      <trkpt lat="43.781165996" lon="7.494041001">
        <ele>29.32</ele>
      </trkpt>
      <trkpt lat="43.781024998" lon="7.494019004">
        <ele>28.48</ele>
      </trkpt>
      <trkpt lat="43.780634997" lon="7.493917998">
        <ele>27.37</ele>
      </trkpt>
      <trkpt lat="43.780194002" lon="7.493800992">
        <ele>26.19</ele>
      </trkpt>
      <trkpt lat="43.779972003" lon="7.493745992">
        <ele>24.83</ele>
      </trkpt>
      <trkpt lat="43.779750005" lon="7.493690992">
        <ele>23.75</ele>
      </trkpt>
      <trkpt lat="43.779330996" lon="7.493582">
        <ele>23.79</ele>
      </trkpt>
      <trkpt lat="43.779070003" lon="7.493542993">
        <ele>24.34</ele>
      </trkpt>
      <trkpt lat="43.778925003" lon="7.493547006">
        <ele>24.28</ele>
      </trkpt>
      <trkpt lat="43.778781994" lon="7.493553003">
        <ele>24.16</ele>
      </trkpt>
      <trkpt lat="43.778393" lon="7.493631999">
        <ele>24.29</ele>
      </trkpt>
      <trkpt lat="43.778252998" lon="7.493660997">
        <ele>23.9</ele>
      </trkpt>
      <trkpt lat="43.777939001" lon="7.493737007">
        <ele>23.27</ele>
      </trkpt>
      <trkpt lat="43.777548004" lon="7.493832003">
        <ele>22.47</ele>
      </trkpt>
      <trkpt lat="43.777541" lon="7.493834002">
        <ele>20.96</ele>
      </trkpt>
      <trkpt lat="43.777230001" lon="7.493909002">
        <ele>19.07</ele>
      </trkpt>
      <trkpt lat="43.776919005" lon="7.493984997">
        <ele>17.49</ele>
      </trkpt>
      <trkpt lat="43.776874999" lon="7.493996003">
        <ele>16.2</ele>
      </trkpt>
      <trkpt lat="43.776767" lon="7.494036">
        <ele>15.65</ele>
      </trkpt>
      <trkpt lat="43.776690001" lon="7.494064999">
        <ele>16.33</ele>
      </trkpt>
      <trkpt lat="43.776628997" lon="7.494104997">
        <ele>17.06</ele>
      </trkpt>
      <trkpt lat="43.776583999" lon="7.494154002">
        <ele>17.72</ele>
      </trkpt>
      <trkpt lat="43.776586001" lon="7.494158998">
        <ele>18.09</ele>
      </trkpt>
      <trkpt lat="43.776588002" lon="7.494209">
        <ele>17.17</ele>
      </trkpt>
      <trkpt lat="43.776568003" lon="7.494292997">
        <ele>16.19</ele>
      </trkpt>
      <trkpt lat="43.776498997" lon="7.494330997">
        <ele>15.32</ele>
      </trkpt>
      <trkpt lat="43.776442997" lon="7.494313992">
        <ele>14.56</ele>
      </trkpt>
      <trkpt lat="43.776375006" lon="7.494318">
        <ele>13.55</ele>
      </trkpt>
      <trkpt lat="43.776274" lon="7.494360001">
        <ele>13.93</ele>
      </trkpt>
      <trkpt lat="43.776168002" lon="7.494454998">
        <ele>14.21</ele>
      </trkpt>
      <trkpt lat="43.775947996" lon="7.494733999">
        <ele>14.23</ele>
      </trkpt>
      <trkpt lat="43.775669003" lon="7.495097994">
        <ele>14.59</ele>
      </trkpt>
      <trkpt lat="43.775344996" lon="7.495345002">
        <ele>13.86</ele>
      </trkpt>
      <trkpt lat="43.774312137" lon="7.496732434">
        <ele>12.75</ele>
      </trkpt>
      <trkpt lat="43.77290701" lon="7.498462355">
        <ele>11.25</ele>
      </trkpt>
      <trkpt lat="43.772670699" lon="7.498065977">
        <ele>9.9</ele>
      </trkpt>
      <trkpt lat="43.770754703" lon="7.49432158">
        <ele>8.28</ele>
      </trkpt>
      <trkpt lat="43.770655006" lon="7.494094006">
        <ele>9.02</ele>
      </trkpt>
      <trkpt lat="43.770512997" lon="7.493840001">
        <ele>9.75</ele>
      </trkpt>
      <trkpt lat="43.770370998" lon="7.493585998">
        <ele>9.68</ele>
      </trkpt>
      <trkpt lat="43.770364998" lon="7.493537006">
        <ele>10.46</ele>
      </trkpt>
      <trkpt lat="43.770115999" lon="7.493086992">
        <ele>9.95</ele>
      </trkpt>
      <trkpt lat="43.770000996" lon="7.492890998">
        <ele>8.02</ele>
      </trkpt>
      <trkpt lat="43.769727002" lon="7.492474996">
        <ele>6.28</ele>
      </trkpt>
      <trkpt lat="43.769513005" lon="7.492165006">
        <ele>5.56</ele>
      </trkpt>
      <trkpt lat="43.769299003" lon="7.491856001">
        <ele>4.22</ele>
      </trkpt>
      <trkpt lat="43.769084996" lon="7.491546002">
        <ele>3.81</ele>
      </trkpt>
      <trkpt lat="43.769021002" lon="7.491456">
        <ele>3.78</ele>
      </trkpt>
      <trkpt lat="43.768900004" lon="7.491322004">
        <ele>3.49</ele>
      </trkpt>
      <trkpt lat="43.768818004" lon="7.491190003">
        <ele>3.81</ele>
      </trkpt>
      <trkpt lat="43.768766005" lon="7.491251003">
        <ele>4.09</ele>
      </trkpt>
      <trkpt lat="43.768636002" lon="7.491040992">
        <ele>4.39</ele>
      </trkpt>
      <trkpt lat="43.768406006" lon="7.490701001">
        <ele>4.51</ele>
      </trkpt>
      <trkpt lat="43.768176" lon="7.490361">
        <ele>4.72</ele>
      </trkpt>
      <trkpt lat="43.767987003" lon="7.490105999">
        <ele>4.31</ele>
      </trkpt>
      <trkpt lat="43.767750997" lon="7.489819">
        <ele>3.71</ele>
      </trkpt>
      <trkpt lat="43.767515" lon="7.489532004">
        <ele>3.59</ele>
      </trkpt>
      <trkpt lat="43.767418998" lon="7.489462998">
        <ele>4.19</ele>
      </trkpt>
      <trkpt lat="43.767158998" lon="7.489214007">
        <ele>4.62</ele>
      </trkpt>
      <trkpt lat="43.766948999" lon="7.488985">
        <ele>5.16</ele>
      </trkpt>
      <trkpt lat="43.766739003" lon="7.488757003">
        <ele>5.71</ele>
      </trkpt>
      <trkpt lat="43.766551997" lon="7.488533002">
        <ele>6.48</ele>
      </trkpt>
      <trkpt lat="43.766364995" lon="7.488308008">
        <ele>6.65</ele>
      </trkpt>
      <trkpt lat="43.766162999" lon="7.488017999">
        <ele>7.13</ele>
      </trkpt>
      <trkpt lat="43.766068001" lon="7.487882004">
        <ele>7.3</ele>
      </trkpt>
      <trkpt lat="43.766010005" lon="7.487796001">
        <ele>7.86</ele>
      </trkpt>
      <trkpt lat="43.765951995" lon="7.487704002">
        <ele>8.32</ele>
      </trkpt>
      <trkpt lat="43.765876851" lon="7.487250276">
        <ele>8.89</ele>
      </trkpt>
      <trkpt lat="43.765841974" lon="7.486734211">
        <ele>9.08</ele>
      </trkpt>
      <trkpt lat="43.765841247" lon="7.486070704">
        <ele>9.66</ele>
      </trkpt>
      <trkpt lat="43.765666201" lon="7.485378991">
        <ele>9.66</ele>
      </trkpt>
      <trkpt lat="43.765365763" lon="7.484919578">
        <ele>9.95</ele>
      </trkpt>
      <trkpt lat="43.765505108" lon="7.484518884">
        <ele>10.38</ele>
      </trkpt>
      <trkpt lat="43.765996265" lon="7.484097358">
        <ele>11.4</ele>
      </trkpt>
      <trkpt lat="43.766009508" lon="7.483861105">
        <ele>12.28</ele>
      </trkpt>
      <trkpt lat="43.765820809" lon="7.483415304">
        <ele>13.65</ele>
      </trkpt>
      <trkpt lat="43.765536666" lon="7.48256008">
        <ele>14.05</ele>
      </trkpt>
      <trkpt lat="43.764902968" lon="7.4820116">
        <ele>15.03</ele>
      </trkpt>
      <trkpt lat="43.764623003" lon="7.481915006">
        <ele>16.32</ele>
      </trkpt>
      <trkpt lat="43.764442003" lon="7.481592997">
        <ele>17.57</ele>
      </trkpt>
      <trkpt lat="43.764281" lon="7.481279995">
        <ele>18.83</ele>
      </trkpt>
      <trkpt lat="43.764169" lon="7.481086993">
        <ele>20.75</ele>
      </trkpt>
      <trkpt lat="43.763992004" lon="7.480771">
        <ele>22.6</ele>
      </trkpt>
      <trkpt lat="43.763872" lon="7.480554999">
        <ele>23.79</ele>
      </trkpt>
      <trkpt lat="43.763735997" lon="7.48042">
        <ele>24.99</ele>
      </trkpt>
      <trkpt lat="43.763710997" lon="7.480417991">
        <ele>25.82</ele>
      </trkpt>
      <trkpt lat="43.763675997" lon="7.480397004">
        <ele>26.21</ele>
      </trkpt>
      <trkpt lat="43.763652001" lon="7.480365997">
        <ele>26.61</ele>
      </trkpt>
      <trkpt lat="43.763644004" lon="7.480325997">
        <ele>27.56</ele>
      </trkpt>
      <trkpt lat="43.763571997" lon="7.480103998">
        <ele>28.26</ele>
      </trkpt>
      <trkpt lat="43.763446002" lon="7.479910003">
        <ele>29.55</ele>
      </trkpt>
      <trkpt lat="43.763261998" lon="7.479635006">
        <ele>30.91</ele>
      </trkpt>
      <trkpt lat="43.763078998" lon="7.479360997">
        <ele>31.49</ele>
      </trkpt>
      <trkpt lat="43.762843997" lon="7.479056003">
        <ele>31.06</ele>
      </trkpt>
      <trkpt lat="43.762787005" lon="7.478983997">
        <ele>31.25</ele>
      </trkpt>
      <trkpt lat="43.762689" lon="7.478855998">
        <ele>30.08</ele>
      </trkpt>
      <trkpt lat="43.762647003" lon="7.478810997">
        <ele>28.78</ele>
      </trkpt>
      <trkpt lat="43.762478999" lon="7.478636003">
        <ele>29.4</ele>
      </trkpt>
      <trkpt lat="43.762367995" lon="7.478558">
        <ele>29.53</ele>
      </trkpt>
      <trkpt lat="43.762279998" lon="7.478530002">
        <ele>29.94</ele>
      </trkpt>
      <trkpt lat="43.762162" lon="7.478527996">
        <ele>29.68</ele>
      </trkpt>
      <trkpt lat="43.761936004" lon="7.478552997">
        <ele>29.46</ele>
      </trkpt>
      <trkpt lat="43.761700002" lon="7.478618998">
        <ele>27.57</ele>
      </trkpt>
      <trkpt lat="43.761624995" lon="7.478626005">
        <ele>26.45</ele>
      </trkpt>
      <trkpt lat="43.761510002" lon="7.478633996">
        <ele>26.61</ele>
      </trkpt>
      <trkpt lat="43.761404" lon="7.478609003">
        <ele>27.86</ele>
      </trkpt>
      <trkpt lat="43.761148001" lon="7.478479998">
        <ele>29.47</ele>
      </trkpt>
      <trkpt lat="43.760878" lon="7.478288004">
        <ele>30.36</ele>
      </trkpt>
      <trkpt lat="43.760580003" lon="7.478039997">
        <ele>31.54</ele>
      </trkpt>
      <trkpt lat="43.760246003" lon="7.477759004">
        <ele>31.38</ele>
      </trkpt>
      <trkpt lat="43.759912002" lon="7.477478001">
        <ele>31.55</ele>
      </trkpt>
      <trkpt lat="43.759630001" lon="7.477200005">
        <ele>31.89</ele>
      </trkpt>
      <trkpt lat="43.759528004" lon="7.477067999">
        <ele>31.92</ele>
      </trkpt>
      <trkpt lat="43.759495997" lon="7.476955003">
        <ele>32.61</ele>
      </trkpt>
      <trkpt lat="43.759481002" lon="7.476848003">
        <ele>33.63</ele>
      </trkpt>
      <trkpt lat="43.759487001" lon="7.476746005">
        <ele>35.57</ele>
      </trkpt>
      <trkpt lat="43.759514994" lon="7.476646997">
        <ele>38.39</ele>
      </trkpt>
      <trkpt lat="43.759563005" lon="7.476555003">
        <ele>41.57</ele>
      </trkpt>
      <trkpt lat="43.759627" lon="7.476473003">
        <ele>44.1</ele>
      </trkpt>
      <trkpt lat="43.759703998" lon="7.476396995">
        <ele>49</ele>
      </trkpt>
      <trkpt lat="43.759788002" lon="7.476328997">
        <ele>52.78</ele>
      </trkpt>
      <trkpt lat="43.759877003" lon="7.476264001">
        <ele>54.88</ele>
      </trkpt>
      <trkpt lat="43.759968996" lon="7.476199003">
        <ele>60</ele>
      </trkpt>
      <trkpt lat="43.760062999" lon="7.476134001">
        <ele>61.48</ele>
      </trkpt>
      <trkpt lat="43.760155999" lon="7.476065998">
        <ele>59.25</ele>
      </trkpt>
      <trkpt lat="43.760245997" lon="7.475990994">
        <ele>56.88</ele>
      </trkpt>
      <trkpt lat="43.760328" lon="7.475906995">
        <ele>59.6</ele>
      </trkpt>
      <trkpt lat="43.760396001" lon="7.475816999">
        <ele>55.1</ele>
      </trkpt>
      <trkpt lat="43.760457002" lon="7.475720997">
        <ele>54.66</ele>
      </trkpt>
      <trkpt lat="43.760514003" lon="7.475621">
        <ele>55.29</ele>
      </trkpt>
      <trkpt lat="43.760571996" lon="7.475519003">
        <ele>56.89</ele>
      </trkpt>
      <trkpt lat="43.760628999" lon="7.475416992">
        <ele>54.01</ele>
      </trkpt>
      <trkpt lat="43.760688001" lon="7.475307998">
        <ele>56.02</ele>
      </trkpt>
      <trkpt lat="43.760748003" lon="7.475192006">
        <ele>57.5</ele>
      </trkpt>
      <trkpt lat="43.760808003" lon="7.475071003">
        <ele>62.1</ele>
      </trkpt>
      <trkpt lat="43.761020996" lon="7.474748005">
        <ele>62.89</ele>
      </trkpt>
      <trkpt lat="43.761256998" lon="7.474441008">
        <ele>64.02</ele>
      </trkpt>
      <trkpt lat="43.761336998" lon="7.474327002">
        <ele>63.46</ele>
      </trkpt>
      <trkpt lat="43.761398999" lon="7.474131003">
        <ele>64.14</ele>
      </trkpt>
      <trkpt lat="43.761468997" lon="7.473767">
        <ele>61.54</ele>
      </trkpt>
      <trkpt lat="43.761523995" lon="7.473567007">
        <ele>62.1</ele>
      </trkpt>
      <trkpt lat="43.761672001" lon="7.473365003">
        <ele>64.43</ele>
      </trkpt>
      <trkpt lat="43.761792001" lon="7.473273998">
        <ele>67.97</ele>
      </trkpt>
      <trkpt lat="43.761991999" lon="7.473161992">
        <ele>70.3</ele>
      </trkpt>
      <trkpt lat="43.762163004" lon="7.473012001">
        <ele>72.26</ele>
      </trkpt>
      <trkpt lat="43.762200001" lon="7.472956994">
        <ele>74.7</ele>
      </trkpt>
      <trkpt lat="43.762271003" lon="7.472852005">
        <ele>75.92</ele>
      </trkpt>
      <trkpt lat="43.762363002" lon="7.472621003">
        <ele>76.66</ele>
      </trkpt>
      <trkpt lat="43.762427999" lon="7.472363004">
        <ele>77.4</ele>
      </trkpt>
      <trkpt lat="43.762486003" lon="7.472057996">
        <ele>78.94</ele>
      </trkpt>
      <trkpt lat="43.762538002" lon="7.471780001">
        <ele>80.04</ele>
      </trkpt>
      <trkpt lat="43.762576996" lon="7.471518001">
        <ele>80.03</ele>
      </trkpt>
      <trkpt lat="43.762567997" lon="7.471363003">
        <ele>80.83</ele>
      </trkpt>
      <trkpt lat="43.762568" lon="7.471271001">
        <ele>81.67</ele>
      </trkpt>
      <trkpt lat="43.762568996" lon="7.471201996">
        <ele>81.79</ele>
      </trkpt>
      <trkpt lat="43.762563" lon="7.471146995">
        <ele>82.39</ele>
      </trkpt>
      <trkpt lat="43.762556" lon="7.471088993">
        <ele>82.84</ele>
      </trkpt>
      <trkpt lat="43.762532005" lon="7.471007003">
        <ele>83.15</ele>
      </trkpt>
      <trkpt lat="43.762500997" lon="7.470934004">
        <ele>83.31</ele>
      </trkpt>
      <trkpt lat="43.762466004" lon="7.470873999">
        <ele>83.32</ele>
      </trkpt>
      <trkpt lat="43.762421996" lon="7.470816">
        <ele>83.62</ele>
      </trkpt>
      <trkpt lat="43.762375996" lon="7.470776002">
        <ele>83.86</ele>
      </trkpt>
      <trkpt lat="43.762329998" lon="7.470742994">
        <ele>84.04</ele>
      </trkpt>
      <trkpt lat="43.762273003" lon="7.470726001">
        <ele>84.18</ele>
      </trkpt>
      <trkpt lat="43.762221002" lon="7.470717992">
        <ele>84.3</ele>
      </trkpt>
      <trkpt lat="43.762155001" lon="7.470723003">
        <ele>84.74</ele>
      </trkpt>
      <trkpt lat="43.762105002" lon="7.470730994">
        <ele>85.14</ele>
      </trkpt>
      <trkpt lat="43.762011004" lon="7.470758004">
        <ele>85.49</ele>
      </trkpt>
      <trkpt lat="43.761906" lon="7.470797994">
        <ele>87.45</ele>
      </trkpt>
      <trkpt lat="43.76181" lon="7.470843003">
        <ele>89.3</ele>
      </trkpt>
      <trkpt lat="43.761713998" lon="7.470894006">
        <ele>90.76</ele>
      </trkpt>
      <trkpt lat="43.761617002" lon="7.470951">
        <ele>92.26</ele>
      </trkpt>
      <trkpt lat="43.761519999" lon="7.470994997">
        <ele>91.97</ele>
      </trkpt>
      <trkpt lat="43.761423999" lon="7.471032992">
        <ele>89.86</ele>
      </trkpt>
      <trkpt lat="43.761369998" lon="7.471039003">
        <ele>90.68</ele>
      </trkpt>
      <trkpt lat="43.761323995" lon="7.471041002">
        <ele>90.59</ele>
      </trkpt>
      <trkpt lat="43.761209999" lon="7.471029997">
        <ele>90.37</ele>
      </trkpt>
      <trkpt lat="43.761117997" lon="7.470996997">
        <ele>92.72</ele>
      </trkpt>
      <trkpt lat="43.761009999" lon="7.470952997">
        <ele>95.11</ele>
      </trkpt>
      <trkpt lat="43.760908002" lon="7.470910996">
        <ele>94.52</ele>
      </trkpt>
      <trkpt lat="43.760804002" lon="7.470874995">
        <ele>94.87</ele>
      </trkpt>
      <trkpt lat="43.760715002" lon="7.470849008">
        <ele>95.24</ele>
      </trkpt>
      <trkpt lat="43.760595003" lon="7.470839997">
        <ele>94.88</ele>
      </trkpt>
      <trkpt lat="43.760522" lon="7.470834001">
        <ele>95.74</ele>
      </trkpt>
      <trkpt lat="43.760482997" lon="7.470833003">
        <ele>96.5</ele>
      </trkpt>
      <trkpt lat="43.760374996" lon="7.470828996">
        <ele>96.16</ele>
      </trkpt>
      <trkpt lat="43.760271004" lon="7.470827007">
        <ele>96.82</ele>
      </trkpt>
      <trkpt lat="43.760159003" lon="7.470811993">
        <ele>97.25</ele>
      </trkpt>
      <trkpt lat="43.760027" lon="7.470771999">
        <ele>97.44</ele>
      </trkpt>
      <trkpt lat="43.759923" lon="7.470761006">
        <ele>97.75</ele>
      </trkpt>
      <trkpt lat="43.759837001" lon="7.470745999">
        <ele>98.19</ele>
      </trkpt>
      <trkpt lat="43.759754005" lon="7.470718007">
        <ele>98.22</ele>
      </trkpt>
      <trkpt lat="43.759655997" lon="7.470684005">
        <ele>98.81</ele>
      </trkpt>
      <trkpt lat="43.759525005" lon="7.470618996">
        <ele>98.4</ele>
      </trkpt>
      <trkpt lat="43.759429998" lon="7.470566998">
        <ele>97.85</ele>
      </trkpt>
      <trkpt lat="43.759350002" lon="7.470516">
        <ele>98.69</ele>
      </trkpt>
      <trkpt lat="43.759075998" lon="7.470314995">
        <ele>99.15</ele>
      </trkpt>
      <trkpt lat="43.758905995" lon="7.470156993">
        <ele>99.43</ele>
      </trkpt>
      <trkpt lat="43.758838999" lon="7.470073002">
        <ele>99.84</ele>
      </trkpt>
      <trkpt lat="43.758796" lon="7.470017002">
        <ele>100.8</ele>
      </trkpt>
      <trkpt lat="43.758747" lon="7.469947998">
        <ele>100.64</ele>
      </trkpt>
      <trkpt lat="43.758665999" lon="7.469827994">
        <ele>100.66</ele>
      </trkpt>
      <trkpt lat="43.75864" lon="7.469768001">
        <ele>100.8</ele>
      </trkpt>
      <trkpt lat="43.758622005" lon="7.469715001">
        <ele>101.31</ele>
      </trkpt>
      <trkpt lat="43.758603002" lon="7.469660006">
        <ele>101.78</ele>
      </trkpt>
      <trkpt lat="43.758588006" lon="7.469605997">
        <ele>102.38</ele>
      </trkpt>
      <trkpt lat="43.758571999" lon="7.469551995">
        <ele>102.9</ele>
      </trkpt>
      <trkpt lat="43.758570004" lon="7.469530998">
        <ele>103.32</ele>
      </trkpt>
      <trkpt lat="43.758566" lon="7.469510005">
        <ele>103.59</ele>
      </trkpt>
      <trkpt lat="43.758557002" lon="7.469489007">
        <ele>103.7</ele>
      </trkpt>
      <trkpt lat="43.758549996" lon="7.469477007">
        <ele>103.62</ele>
      </trkpt>
      <trkpt lat="43.758540001" lon="7.469467993">
        <ele>103.96</ele>
      </trkpt>
      <trkpt lat="43.758515998" lon="7.469452003">
        <ele>102.83</ele>
      </trkpt>
      <trkpt lat="43.758484999" lon="7.469282003">
        <ele>102.27</ele>
      </trkpt>
      <trkpt lat="43.758463" lon="7.469181001">
        <ele>102.35</ele>
      </trkpt>
      <trkpt lat="43.758452003" lon="7.469068001">
        <ele>103.33</ele>
      </trkpt>
      <trkpt lat="43.758458999" lon="7.468948996">
        <ele>104.44</ele>
      </trkpt>
      <trkpt lat="43.758489998" lon="7.468825998">
        <ele>107.51</ele>
      </trkpt>
      <trkpt lat="43.758533" lon="7.468709">
        <ele>107.31</ele>
      </trkpt>
      <trkpt lat="43.758588005" lon="7.468588036">
        <ele>112.78</ele>
      </trkpt>
      <trkpt lat="43.758700993" lon="7.468376979">
        <ele>115.81</ele>
      </trkpt>
      <trkpt lat="43.759122016" lon="7.467717994">
        <ele>117.26</ele>
      </trkpt>
      <trkpt lat="43.759617973" lon="7.467163028">
        <ele>120.44</ele>
      </trkpt>
      <trkpt lat="43.760109991" lon="7.466574032">
        <ele>127.47</ele>
      </trkpt>
      <trkpt lat="43.760484997" lon="7.466269014">
        <ele>128.4</ele>
      </trkpt>
      <trkpt lat="43.760996964" lon="7.465816978">
        <ele>129.45</ele>
      </trkpt>
      <trkpt lat="43.761071982" lon="7.465723017">
        <ele>133.3</ele>
      </trkpt>
      <trkpt lat="43.76148697" lon="7.465354968">
        <ele>135.67</ele>
      </trkpt>
      <trkpt lat="43.761752006" lon="7.464790028">
        <ele>136.44</ele>
      </trkpt>
      <trkpt lat="43.761922996" lon="7.464457015">
        <ele>135.58</ele>
      </trkpt>
      <trkpt lat="43.76227797" lon="7.46412199">
        <ele>135.62</ele>
      </trkpt>
      <trkpt lat="43.762634033" lon="7.463702979">
        <ele>138.98</ele>
      </trkpt>
      <trkpt lat="43.763170978" lon="7.462983979">
        <ele>137.93</ele>
      </trkpt>
      <trkpt lat="43.763670037" lon="7.462376039">
        <ele>140.03</ele>
      </trkpt>
      <trkpt lat="43.763742037" lon="7.462199014">
        <ele>143.44</ele>
      </trkpt>
      <trkpt lat="43.763710018" lon="7.46187103">
        <ele>151.87</ele>
      </trkpt>
      <trkpt lat="43.763652015" lon="7.461534999">
        <ele>151.44</ele>
      </trkpt>
      <trkpt lat="43.763835998" lon="7.461023033">
        <ele>157.55</ele>
      </trkpt>
      <trkpt lat="43.763862988" lon="7.460935023">
        <ele>157.76</ele>
      </trkpt>
      <trkpt lat="43.763759974" lon="7.460590024">
        <ele>158.12</ele>
      </trkpt>
      <trkpt lat="43.763627959" lon="7.460412998">
        <ele>153.19</ele>
      </trkpt>
      <trkpt lat="43.763571968" lon="7.460319959">
        <ele>154.66</ele>
      </trkpt>
      <trkpt lat="43.763465015" lon="7.460013013">
        <ele>155.72</ele>
      </trkpt>
      <trkpt lat="43.763490999" lon="7.459687041">
        <ele>160.36</ele>
      </trkpt>
      <trkpt lat="43.763759974" lon="7.459183037">
        <ele>165.93</ele>
      </trkpt>
      <trkpt lat="43.763901964" lon="7.459008023">
        <ele>170</ele>
      </trkpt>
      <trkpt lat="43.764133975" lon="7.458627988">
        <ele>171.54</ele>
      </trkpt>
      <trkpt lat="43.76420497" lon="7.458425984">
        <ele>176.48</ele>
      </trkpt>
      <trkpt lat="43.76424998" lon="7.458359012">
        <ele>176.81</ele>
      </trkpt>
      <trkpt lat="43.764638985" lon="7.458215011">
        <ele>177.01</ele>
      </trkpt>
      <trkpt lat="43.764776029" lon="7.458070004">
        <ele>178.93</ele>
      </trkpt>
      <trkpt lat="43.764810981" lon="7.457915023">
        <ele>180.17</ele>
      </trkpt>
      <trkpt lat="43.764652982" lon="7.457648981">
        <ele>174.49</ele>
      </trkpt>
      <trkpt lat="43.764435975" lon="7.457431974">
        <ele>174.95</ele>
      </trkpt>
      <trkpt lat="43.764039008" lon="7.457098961">
        <ele>174.66</ele>
      </trkpt>
      <trkpt lat="43.763973964" lon="7.456922019">
        <ele>178.36</ele>
      </trkpt>
      <trkpt lat="43.76401403" lon="7.456751028">
        <ele>180.27</ele>
      </trkpt>
      <trkpt lat="43.764320975" lon="7.45649999">
        <ele>187.93</ele>
      </trkpt>
      <trkpt lat="43.764812993" lon="7.456278959">
        <ele>193.72</ele>
      </trkpt>
      <trkpt lat="43.764909972" lon="7.456221962">
        <ele>199.28</ele>
      </trkpt>
      <trkpt lat="43.765493017" lon="7.455810998">
        <ele>202.84</ele>
      </trkpt>
      <trkpt lat="43.765573986" lon="7.455706978">
        <ele>211.11</ele>
      </trkpt>
      <trkpt lat="43.766157031" lon="7.45523097">
        <ele>214.77</ele>
      </trkpt>
      <trkpt lat="43.766528014" lon="7.454910027">
        <ele>213.22</ele>
      </trkpt>
      <trkpt lat="43.766598003" lon="7.454811037">
        <ele>211.65</ele>
      </trkpt>
      <trkpt lat="43.766752984" lon="7.454464026">
        <ele>212.83</ele>
      </trkpt>
      <trkpt lat="43.767067976" lon="7.454130007">
        <ele>209.01</ele>
      </trkpt>
      <trkpt lat="43.767401995" lon="7.453761036">
        <ele>211.96</ele>
      </trkpt>
      <trkpt lat="43.767608022" lon="7.453675959">
        <ele>220.36</ele>
      </trkpt>
      <trkpt lat="43.767976994" lon="7.453474039">
        <ele>222.51</ele>
      </trkpt>
      <trkpt lat="43.768283017" lon="7.453098027">
        <ele>222.3</ele>
      </trkpt>
      <trkpt lat="43.768401034" lon="7.452882025">
        <ele>227.22</ele>
      </trkpt>
      <trkpt lat="43.768539" lon="7.452514982">
        <ele>224.22</ele>
      </trkpt>
      <trkpt lat="43.76885701" lon="7.452010978">
        <ele>221.21</ele>
      </trkpt>
      <trkpt lat="43.769060019" lon="7.451799">
        <ele>225.84</ele>
      </trkpt>
      <trkpt lat="43.769103019" lon="7.451734962">
        <ele>226.65</ele>
      </trkpt>
      <trkpt lat="43.769123973" lon="7.451551985">
        <ele>225.74</ele>
      </trkpt>
      <trkpt lat="43.769055996" lon="7.451358028">
        <ele>225.9</ele>
      </trkpt>
      <trkpt lat="43.768895986" lon="7.451076983">
        <ele>226.57</ele>
      </trkpt>
      <trkpt lat="43.768590968" lon="7.451003976">
        <ele>228.77</ele>
      </trkpt>
      <trkpt lat="43.768339008" lon="7.451115958">
        <ele>231.46</ele>
      </trkpt>
      <trkpt lat="43.767866017" lon="7.451196006">
        <ele>232.6</ele>
      </trkpt>
      <trkpt lat="43.767506015" lon="7.45120598">
        <ele>231.39</ele>
      </trkpt>
      <trkpt lat="43.76720896" lon="7.451140014">
        <ele>231.3</ele>
      </trkpt>
      <trkpt lat="43.76710997" lon="7.451131968">
        <ele>231.23</ele>
      </trkpt>
      <trkpt lat="43.766676039" lon="7.450973969">
        <ele>236.3</ele>
      </trkpt>
      <trkpt lat="43.766298015" lon="7.450893">
        <ele>240.4</ele>
      </trkpt>
      <trkpt lat="43.766186032" lon="7.450910015">
        <ele>243.5</ele>
      </trkpt>
      <trkpt lat="43.765368965" lon="7.451112019">
        <ele>247.06</ele>
      </trkpt>
      <trkpt lat="43.764925981" lon="7.451009005">
        <ele>248.19</ele>
      </trkpt>
      <trkpt lat="43.764361963" lon="7.450724021">
        <ele>247.62</ele>
      </trkpt>
      <trkpt lat="43.764257021" lon="7.450684039">
        <ele>248.83</ele>
      </trkpt>
      <trkpt lat="43.763921997" lon="7.450301992">
        <ele>253.39</ele>
      </trkpt>
      <trkpt lat="43.763541039" lon="7.449950036">
        <ele>254.16</ele>
      </trkpt>
      <trkpt lat="43.763443977" lon="7.449863032">
        <ele>257.19</ele>
      </trkpt>
      <trkpt lat="43.762952965" lon="7.449468998">
        <ele>260</ele>
      </trkpt>
      <trkpt lat="43.76241996" lon="7.448800961">
        <ele>263.04</ele>
      </trkpt>
      <trkpt lat="43.762332033" lon="7.448694007">
        <ele>264.59</ele>
      </trkpt>
      <trkpt lat="43.761913022" lon="7.448397037">
        <ele>267.19</ele>
      </trkpt>
      <trkpt lat="43.76158596" lon="7.448234009">
        <ele>267.01</ele>
      </trkpt>
      <trkpt lat="43.761394015" lon="7.44805296">
        <ele>267.61</ele>
      </trkpt>
      <trkpt lat="43.76099403" lon="7.447790019">
        <ele>266.73</ele>
      </trkpt>
      <trkpt lat="43.760619024" lon="7.447602013">
        <ele>266.7</ele>
      </trkpt>
      <trkpt lat="43.760350971" lon="7.447388023">
        <ele>269.35</ele>
      </trkpt>
      <trkpt lat="43.760210993" lon="7.447216026">
        <ele>273.06</ele>
      </trkpt>
      <trkpt lat="43.76002701" lon="7.446585959">
        <ele>274.64</ele>
      </trkpt>
      <trkpt lat="43.759997003" lon="7.446446987">
        <ele>276.65</ele>
      </trkpt>
      <trkpt lat="43.759790976" lon="7.44616502">
        <ele>279.44</ele>
      </trkpt>
      <trkpt lat="43.759374982" lon="7.445782972">
        <ele>280.24</ele>
      </trkpt>
      <trkpt lat="43.759134002" lon="7.445366979">
        <ele>281.15</ele>
      </trkpt>
      <trkpt lat="43.75909402" lon="7.445248961">
        <ele>281.98</ele>
      </trkpt>
      <trkpt lat="43.75890702" lon="7.444578996">
        <ele>284.64</ele>
      </trkpt>
      <trkpt lat="43.758875001" lon="7.444483023">
        <ele>286.12</ele>
      </trkpt>
      <trkpt lat="43.758618012" lon="7.444225028">
        <ele>289.47</ele>
      </trkpt>
      <trkpt lat="43.758475017" lon="7.44413903">
        <ele>291.91</ele>
      </trkpt>
      <trkpt lat="43.758181985" lon="7.444053032">
        <ele>295.03</ele>
      </trkpt>
      <trkpt lat="43.757818965" lon="7.444054959">
        <ele>297.21</ele>
      </trkpt>
      <trkpt lat="43.757389979" lon="7.444223017">
        <ele>300.19</ele>
      </trkpt>
      <trkpt lat="43.757224018" lon="7.444240032">
        <ele>301.39</ele>
      </trkpt>
      <trkpt lat="43.757117987" lon="7.444149004">
        <ele>301.83</ele>
      </trkpt>
      <trkpt lat="43.757049004" lon="7.443999974">
        <ele>300.63</ele>
      </trkpt>
      <trkpt lat="43.756989995" lon="7.44373804">
        <ele>299.34</ele>
      </trkpt>
      <trkpt lat="43.756926041" lon="7.443376025">
        <ele>299.1</ele>
      </trkpt>
      <trkpt lat="43.756849011" lon="7.442974029">
        <ele>297.67</ele>
      </trkpt>
      <trkpt lat="43.756850017" lon="7.44212796">
        <ele>298.37</ele>
      </trkpt>
      <trkpt lat="43.756739963" lon="7.441555979">
        <ele>297.67</ele>
      </trkpt>
      <trkpt lat="43.756550029" lon="7.441006964">
        <ele>300.84</ele>
      </trkpt>
      <trkpt lat="43.756512981" lon="7.440786017">
        <ele>302.28</ele>
      </trkpt>
      <trkpt lat="43.756572995" lon="7.440330042">
        <ele>304.71</ele>
      </trkpt>
      <trkpt lat="43.756609038" lon="7.439991999">
        <ele>305.52</ele>
      </trkpt>
      <trkpt lat="43.756509041" lon="7.439346006">
        <ele>311.35</ele>
      </trkpt>
      <trkpt lat="43.756492026" lon="7.439062027">
        <ele>315.76</ele>
      </trkpt>
      <trkpt lat="43.756580036" lon="7.438905034">
        <ele>320.04</ele>
      </trkpt>
      <trkpt lat="43.756824033" lon="7.438860023">
        <ele>321.54</ele>
      </trkpt>
      <trkpt lat="43.757100971" lon="7.438802021">
        <ele>330.87</ele>
      </trkpt>
      <trkpt lat="43.757295012" lon="7.438717028">
        <ele>335.7</ele>
      </trkpt>
      <trkpt lat="43.757651998" lon="7.438452998">
        <ele>337.74</ele>
      </trkpt>
      <trkpt lat="43.757949974" lon="7.438129038">
        <ele>340.1</ele>
      </trkpt>
      <trkpt lat="43.758382984" lon="7.438059971">
        <ele>343.39</ele>
      </trkpt>
      <trkpt lat="43.758465964" lon="7.43803801">
        <ele>339.34</ele>
      </trkpt>
      <trkpt lat="43.758595968" lon="7.437893003">
        <ele>336.32</ele>
      </trkpt>
      <trkpt lat="43.758652965" lon="7.437598966">
        <ele>330.82</ele>
      </trkpt>
      <trkpt lat="43.758514998" lon="7.43719303">
        <ele>324.95</ele>
      </trkpt>
      <trkpt lat="43.758235965" lon="7.436860017">
        <ele>321.03</ele>
      </trkpt>
      <trkpt lat="43.758120965" lon="7.436661031">
        <ele>318.58</ele>
      </trkpt>
      <trkpt lat="43.758036979" lon="7.436282001">
        <ele>320.27</ele>
      </trkpt>
      <trkpt lat="43.758082995" lon="7.435727036">
        <ele>326.58</ele>
      </trkpt>
      <trkpt lat="43.758194977" lon="7.435354041">
        <ele>328.88</ele>
      </trkpt>
      <trkpt lat="43.758245017" lon="7.435126975">
        <ele>331.18</ele>
      </trkpt>
      <trkpt lat="43.758159019" lon="7.434761021">
        <ele>333.35</ele>
      </trkpt>
      <trkpt lat="43.757989034" lon="7.434409987">
        <ele>334.21</ele>
      </trkpt>
      <trkpt lat="43.757837992" lon="7.433778998">
        <ele>332.18</ele>
      </trkpt>
      <trkpt lat="43.757608999" lon="7.433377001">
        <ele>334.48</ele>
      </trkpt>
      <trkpt lat="43.75712201" lon="7.432969976">
        <ele>335.8</ele>
      </trkpt>
      <trkpt lat="43.756842976" lon="7.432667976">
        <ele>335.88</ele>
      </trkpt>
      <trkpt lat="43.756747004" lon="7.43235399">
        <ele>339.93</ele>
      </trkpt>
      <trkpt lat="43.756802995" lon="7.431883011">
        <ele>345.1</ele>
      </trkpt>
      <trkpt lat="43.756841971" lon="7.431768011">
        <ele>351.93</ele>
      </trkpt>
      <trkpt lat="43.757137014" lon="7.430937029">
        <ele>355.04</ele>
      </trkpt>
      <trkpt lat="43.757374976" lon="7.430123985">
        <ele>360.41</ele>
      </trkpt>
      <trkpt lat="43.757490981" lon="7.429597015">
        <ele>360.08</ele>
      </trkpt>
      <trkpt lat="43.757493999" lon="7.428940041">
        <ele>360.22</ele>
      </trkpt>
      <trkpt lat="43.757493999" lon="7.428843984">
        <ele>359.07</ele>
      </trkpt>
      <trkpt lat="43.75745804" lon="7.428718004">
        <ele>363.71</ele>
      </trkpt>
      <trkpt lat="43.757412741" lon="7.428713512">
        <ele>360.62</ele>
      </trkpt>
      <trkpt lat="43.757256037" lon="7.428697972">
        <ele>358.11</ele>
      </trkpt>
      <trkpt lat="43.756901985" lon="7.428802997">
        <ele>355.98</ele>
      </trkpt>
      <trkpt lat="43.756433018" lon="7.42880702">
        <ele>355.17</ele>
      </trkpt>
      <trkpt lat="43.75597897" lon="7.428549025">
        <ele>351.45</ele>
      </trkpt>
      <trkpt lat="43.755613016" lon="7.428413993">
        <ele>354.53</ele>
      </trkpt>
      <trkpt lat="43.755441019" lon="7.428425979">
        <ele>356.79</ele>
      </trkpt>
      <trkpt lat="43.755361978" lon="7.428411981">
        <ele>358.92</ele>
      </trkpt>
      <trkpt lat="43.755156035" lon="7.428039992">
        <ele>359.41</ele>
      </trkpt>
      <trkpt lat="43.754980015" lon="7.427559039">
        <ele>361.2</ele>
      </trkpt>
      <trkpt lat="43.754806006" lon="7.426934">
        <ele>361.37</ele>
      </trkpt>
      <trkpt lat="43.754438041" lon="7.426160015">
        <ele>360.88</ele>
      </trkpt>
      <trkpt lat="43.75434299" lon="7.425805042">
        <ele>360.89</ele>
      </trkpt>
      <trkpt lat="43.754482968" lon="7.425339008">
        <ele>361.68</ele>
      </trkpt>
      <trkpt lat="43.754840959" lon="7.424775995">
        <ele>370.73</ele>
      </trkpt>
      <trkpt lat="43.755103983" lon="7.424464021">
        <ele>378.98</ele>
      </trkpt>
      <trkpt lat="43.755416963" lon="7.424279032">
        <ele>385.92</ele>
      </trkpt>
      <trkpt lat="43.755501034" lon="7.424243996">
        <ele>390.02</ele>
      </trkpt>
      <trkpt lat="43.756086007" lon="7.423997987">
        <ele>391.77</ele>
      </trkpt>
      <trkpt lat="43.756207041" lon="7.42387997">
        <ele>387.43</ele>
      </trkpt>
      <trkpt lat="43.756227996" lon="7.423710991">
        <ele>383.39</ele>
      </trkpt>
      <trkpt lat="43.756067986" lon="7.423375966">
        <ele>380.7</ele>
      </trkpt>
      <trkpt lat="43.755736984" lon="7.422936">
        <ele>381.93</ele>
      </trkpt>
      <trkpt lat="43.755382011" lon="7.422557976">
        <ele>384.74</ele>
      </trkpt>
      <trkpt lat="43.755302969" lon="7.42249704">
        <ele>385.54</ele>
      </trkpt>
      <trkpt lat="43.754656976" lon="7.422061013">
        <ele>386.61</ele>
      </trkpt>
      <trkpt lat="43.754253974" lon="7.421790026">
        <ele>389.61</ele>
      </trkpt>
      <trkpt lat="43.75376598" lon="7.42144201">
        <ele>389.92</ele>
      </trkpt>
      <trkpt lat="43.753446965" lon="7.420960972">
        <ele>391.87</ele>
      </trkpt>
      <trkpt lat="43.752995012" lon="7.420527963">
        <ele>393.77</ele>
      </trkpt>
      <trkpt lat="43.752755038" lon="7.42038304">
        <ele>396.19</ele>
      </trkpt>
      <trkpt lat="43.752612965" lon="7.420263011">
        <ele>395.86</ele>
      </trkpt>
      <trkpt lat="43.752420014" lon="7.419880964">
        <ele>397.85</ele>
      </trkpt>
      <trkpt lat="43.752352959" lon="7.419526996">
        <ele>399.4</ele>
      </trkpt>
      <trkpt lat="43.752492014" lon="7.419034978">
        <ele>401.42</ele>
      </trkpt>
      <trkpt lat="43.752603997" lon="7.41883398">
        <ele>402.66</ele>
      </trkpt>
      <trkpt lat="43.752648002" lon="7.418720992">
        <ele>404.5</ele>
      </trkpt>
      <trkpt lat="43.752752021" lon="7.418240961">
        <ele>404.54</ele>
      </trkpt>
      <trkpt lat="43.752716511" lon="7.417896651">
        <ele>403.96</ele>
      </trkpt>
      <trkpt lat="43.752713967" lon="7.417871989">
        <ele>403.8</ele>
      </trkpt>
      <trkpt lat="43.752617567" lon="7.417707871">
        <ele>404.25</ele>
      </trkpt>
      <trkpt lat="43.752479022" lon="7.417472005">
        <ele>405.15</ele>
      </trkpt>
      <trkpt lat="43.752025981" lon="7.417003959">
        <ele>405.53</ele>
      </trkpt>
      <trkpt lat="43.751985788" lon="7.416951485">
        <ele>406.48</ele>
      </trkpt>
      <trkpt lat="43.75182071" lon="7.416735966">
        <ele>407.17</ele>
      </trkpt>
      <trkpt lat="43.75170202" lon="7.416581009">
        <ele>408.11</ele>
      </trkpt>
      <trkpt lat="43.751653415" lon="7.416387549">
        <ele>409.07</ele>
      </trkpt>
      <trkpt lat="43.751591966" lon="7.41614297">
        <ele>411.4</ele>
      </trkpt>
      <trkpt lat="43.751375042" lon="7.41526396">
        <ele>414.33</ele>
      </trkpt>
      <trkpt lat="43.751039011" lon="7.41401799">
        <ele>416.83</ele>
      </trkpt>
      <trkpt lat="43.750767019" lon="7.413018029">
        <ele>419.64</ele>
      </trkpt>
      <trkpt lat="43.750612959" lon="7.41245904">
        <ele>423.37</ele>
      </trkpt>
      <trkpt lat="43.750353958" lon="7.411759989">
        <ele>426.3</ele>
      </trkpt>
      <trkpt lat="43.750124965" lon="7.411290016">
        <ele>428.69</ele>
      </trkpt>
      <trkpt lat="43.749884991" lon="7.410834963">
        <ele>431.18</ele>
      </trkpt>
      <trkpt lat="43.749704026" lon="7.410066007">
        <ele>434.16</ele>
      </trkpt>
      <trkpt lat="43.749609981" lon="7.409136035">
        <ele>435.98</ele>
      </trkpt>
      <trkpt lat="43.749595983" lon="7.408202961">
        <ele>437.82</ele>
      </trkpt>
      <trkpt lat="43.749706037" lon="7.407420008">
        <ele>439.27</ele>
      </trkpt>
      <trkpt lat="43.749739984" lon="7.407320011">
        <ele>442.93</ele>
      </trkpt>
      <trkpt lat="43.750072997" lon="7.40699999">
        <ele>443.31</ele>
      </trkpt>
      <trkpt lat="43.750139968" lon="7.406936036">
        <ele>445.86</ele>
      </trkpt>
      <trkpt lat="43.750311965" lon="7.406554995">
        <ele>447.61</ele>
      </trkpt>
      <trkpt lat="43.75049796" lon="7.406055015">
        <ele>450</ele>
      </trkpt>
      <trkpt lat="43.750580018" lon="7.405642038">
        <ele>447.61</ele>
      </trkpt>
      <trkpt lat="43.750614971" lon="7.405441962">
        <ele>448.01</ele>
      </trkpt>
      <trkpt lat="43.750641961" lon="7.405349007">
        <ele>450.09</ele>
      </trkpt>
      <trkpt lat="43.750876989" lon="7.404943993">
        <ele>452.47</ele>
      </trkpt>
      <trkpt lat="43.750987966" lon="7.404798986">
        <ele>452.15</ele>
      </trkpt>
      <trkpt lat="43.751077987" lon="7.404659009">
        <ele>454.53</ele>
      </trkpt>
      <trkpt lat="43.751077987" lon="7.404448958">
        <ele>456.64</ele>
      </trkpt>
      <trkpt lat="43.750956031" lon="7.40403397">
        <ele>455.54</ele>
      </trkpt>
      <trkpt lat="43.750705998" lon="7.403507">
        <ele>454.15</ele>
      </trkpt>
      <trkpt lat="43.750499971" lon="7.403238025">
        <ele>454.83</ele>
      </trkpt>
      <trkpt lat="43.750181962" lon="7.403034009">
        <ele>456.68</ele>
      </trkpt>
      <trkpt lat="43.749928996" lon="7.403000984">
        <ele>458.13</ele>
      </trkpt>
      <trkpt lat="43.749378975" lon="7.402848015">
        <ele>460.93</ele>
      </trkpt>
      <trkpt lat="43.748667017" lon="7.402568981">
        <ele>463.97</ele>
      </trkpt>
      <trkpt lat="43.748139963" lon="7.402296988">
        <ele>466.77</ele>
      </trkpt>
      <trkpt lat="43.747650962" lon="7.401862973">
        <ele>468.14</ele>
      </trkpt>
      <trkpt lat="43.747299006" lon="7.401622999">
        <ele>470.22</ele>
      </trkpt>
      <trkpt lat="43.747118963" lon="7.401526021">
        <ele>471.21</ele>
      </trkpt>
      <trkpt lat="43.746778993" lon="7.401229972">
        <ele>472.95</ele>
      </trkpt>
      <trkpt lat="43.746422008" lon="7.400921015">
        <ele>475.9</ele>
      </trkpt>
      <trkpt lat="43.746230984" lon="7.400825964">
        <ele>478.74</ele>
      </trkpt>
      <trkpt lat="43.745905012" lon="7.400676012">
        <ele>480.72</ele>
      </trkpt>
      <trkpt lat="43.745877016" lon="7.400654973">
        <ele>482.2</ele>
      </trkpt>
      <trkpt lat="43.745699991" lon="7.400522958">
        <ele>483.19</ele>
      </trkpt>
      <trkpt lat="43.745533023" lon="7.400243003">
        <ele>482.82</ele>
      </trkpt>
      <trkpt lat="43.745484995" lon="7.400088022">
        <ele>481.45</ele>
      </trkpt>
      <trkpt lat="43.745427998" lon="7.39972299">
        <ele>479.19</ele>
      </trkpt>
      <trkpt lat="43.745394973" lon="7.399402969">
        <ele>478.21</ele>
      </trkpt>
      <trkpt lat="43.745384999" lon="7.399044978">
        <ele>475.99</ele>
      </trkpt>
      <trkpt lat="43.745418023" lon="7.398629989">
        <ele>474.31</ele>
      </trkpt>
      <trkpt lat="43.74556697" lon="7.398233023">
        <ele>474.79</ele>
      </trkpt>
      <trkpt lat="43.745698985" lon="7.397854999">
        <ele>473.81</ele>
      </trkpt>
      <trkpt lat="43.745735027" lon="7.397482004">
        <ele>469.82</ele>
      </trkpt>
      <trkpt lat="43.745712982" lon="7.396990992">
        <ele>467.52</ele>
      </trkpt>
      <trkpt lat="43.745675012" lon="7.396444995">
        <ele>465.61</ele>
      </trkpt>
      <trkpt lat="43.745594965" lon="7.396007963">
        <ele>462.19</ele>
      </trkpt>
      <trkpt lat="43.745421963" lon="7.39551804">
        <ele>460.65</ele>
      </trkpt>
      <trkpt lat="43.745215014" lon="7.395086959">
        <ele>460.62</ele>
      </trkpt>
      <trkpt lat="43.744973028" lon="7.394764004">
        <ele>460.21</ele>
      </trkpt>
      <trkpt lat="43.744816035" lon="7.394597959">
        <ele>459.96</ele>
      </trkpt>
      <trkpt lat="43.744730037" lon="7.394472985">
        <ele>460.2</ele>
      </trkpt>
      <trkpt lat="43.744313037" lon="7.394033018">
        <ele>461.06</ele>
      </trkpt>
      <trkpt lat="43.743911041" lon="7.39359498">
        <ele>462.24</ele>
      </trkpt>
      <trkpt lat="43.743692022" lon="7.393300021">
        <ele>463.45</ele>
      </trkpt>
      <trkpt lat="43.743571993" lon="7.393087959">
        <ele>464.03</ele>
      </trkpt>
      <trkpt lat="43.743523965" lon="7.392999027">
        <ele>464.11</ele>
      </trkpt>
      <trkpt lat="43.743480965" lon="7.392925015">
        <ele>464.34</ele>
      </trkpt>
      <trkpt lat="43.743237974" lon="7.392533999">
        <ele>464.46</ele>
      </trkpt>
      <trkpt lat="43.743009986" lon="7.392146001">
        <ele>464.59</ele>
      </trkpt>
      <trkpt lat="43.742841007" lon="7.391851963">
        <ele>464.65</ele>
      </trkpt>
      <trkpt lat="43.742790967" lon="7.391750962">
        <ele>465.11</ele>
      </trkpt>
      <trkpt lat="43.742783004" lon="7.391735036">
        <ele>465.37</ele>
      </trkpt>
      <trkpt lat="43.742750986" lon="7.391670998">
        <ele>465.77</ele>
      </trkpt>
      <trkpt lat="43.742720978" lon="7.39161199">
        <ele>466.11</ele>
      </trkpt>
      <trkpt lat="43.742692983" lon="7.391553987">
        <ele>466.89</ele>
      </trkpt>
      <trkpt lat="43.742510006" lon="7.391324993">
        <ele>470.28</ele>
      </trkpt>
      <trkpt lat="43.742357036" lon="7.391201025">
        <ele>473.21</ele>
      </trkpt>
      <trkpt lat="43.742220998" lon="7.391118966">
        <ele>474.95</ele>
      </trkpt>
      <trkpt lat="43.742200965" lon="7.391111003">
        <ele>476.23</ele>
      </trkpt>
      <trkpt lat="43.742150003" lon="7.39109097">
        <ele>478.7</ele>
      </trkpt>
      <trkpt lat="43.741888991" lon="7.390989969">
        <ele>478.77</ele>
      </trkpt>
      <trkpt lat="43.741738033" lon="7.390936995">
        <ele>477.57</ele>
      </trkpt>
      <trkpt lat="43.74114099" lon="7.390743038">
        <ele>478.71</ele>
      </trkpt>
      <trkpt lat="43.740589041" lon="7.390528042">
        <ele>478.99</ele>
      </trkpt>
      <trkpt lat="43.740057042" lon="7.390216989">
        <ele>477.56</ele>
      </trkpt>
      <trkpt lat="43.739314992" lon="7.389755985">
        <ele>476.25</ele>
      </trkpt>
      <trkpt lat="43.73882398" lon="7.389363041">
        <ele>476.37</ele>
      </trkpt>
      <trkpt lat="43.73872499" lon="7.389243012">
        <ele>475.25</ele>
      </trkpt>
      <trkpt lat="43.738609571" lon="7.388939141">
        <ele>475.93</ele>
      </trkpt>
      <trkpt lat="43.738603996" lon="7.388924461">
        <ele>476.4</ele>
      </trkpt>
      <trkpt lat="43.738570008" lon="7.388834981">
        <ele>474.86</ele>
      </trkpt>
      <trkpt lat="43.738528015" lon="7.388540022">
        <ele>475.4</ele>
      </trkpt>
      <trkpt lat="43.73841201" lon="7.387694037">
        <ele>476.71</ele>
      </trkpt>
      <trkpt lat="43.738311008" lon="7.38680698">
        <ele>477.9</ele>
      </trkpt>
      <trkpt lat="43.73821998" lon="7.386430968">
        <ele>477.83</ele>
      </trkpt>
      <trkpt lat="43.738195002" lon="7.386363996">
        <ele>479.53</ele>
      </trkpt>
      <trkpt lat="43.737990987" lon="7.386012962">
        <ele>479.06</ele>
      </trkpt>
      <trkpt lat="43.737658979" lon="7.385552041">
        <ele>478.15</ele>
      </trkpt>
      <trkpt lat="43.737230999" lon="7.384974025">
        <ele>476.26</ele>
      </trkpt>
      <trkpt lat="43.736793967" lon="7.38429199">
        <ele>476.78</ele>
      </trkpt>
      <trkpt lat="43.73643497" lon="7.383601991">
        <ele>477.64</ele>
      </trkpt>
      <trkpt lat="43.736258028" lon="7.383178035">
        <ele>476.79</ele>
      </trkpt>
      <trkpt lat="43.736070022" lon="7.382153012">
        <ele>477.99</ele>
      </trkpt>
      <trkpt lat="43.735953011" lon="7.381418003">
        <ele>481.25</ele>
      </trkpt>
      <trkpt lat="43.735872041" lon="7.380850967">
        <ele>481.75</ele>
      </trkpt>
      <trkpt lat="43.735699961" lon="7.38034403">
        <ele>481.91</ele>
      </trkpt>
      <trkpt lat="43.735652016" lon="7.380273035">
        <ele>484.49</ele>
      </trkpt>
      <trkpt lat="43.735241974" lon="7.379614972">
        <ele>484.31</ele>
      </trkpt>
      <trkpt lat="43.734888006" lon="7.379033016">
        <ele>482.58</ele>
      </trkpt>
      <trkpt lat="43.734733025" lon="7.378504034">
        <ele>484.59</ele>
      </trkpt>
      <trkpt lat="43.734520962" lon="7.377697024">
        <ele>484.01</ele>
      </trkpt>
      <trkpt lat="43.734376039" lon="7.377163013">
        <ele>483.57</ele>
      </trkpt>
      <trkpt lat="43.734298004" lon="7.376865959">
        <ele>484.89</ele>
      </trkpt>
      <trkpt lat="43.734280989" lon="7.376799993">
        <ele>484.68</ele>
      </trkpt>
      <trkpt lat="43.734270008" lon="7.37663202">
        <ele>483.67</ele>
      </trkpt>
      <trkpt lat="43.734298004" lon="7.376025002">
        <ele>487.46</ele>
      </trkpt>
      <trkpt lat="43.734298004" lon="7.375140963">
        <ele>489.44</ele>
      </trkpt>
      <trkpt lat="43.734219968" lon="7.37450704">
        <ele>489.82</ele>
      </trkpt>
      <trkpt lat="43.73394303" lon="7.373523004">
        <ele>492.55</ele>
      </trkpt>
      <trkpt lat="43.73369501" lon="7.372738039">
        <ele>495.31</ele>
      </trkpt>
      <trkpt lat="43.733671037" lon="7.372631002">
        <ele>496.66</ele>
      </trkpt>
      <trkpt lat="43.733547991" lon="7.371858023">
        <ele>498.95</ele>
      </trkpt>
      <trkpt lat="43.733312963" lon="7.370934002">
        <ele>501.12</ele>
      </trkpt>
      <trkpt lat="43.733121017" lon="7.370144008">
        <ele>505.86</ele>
      </trkpt>
      <trkpt lat="43.733118" lon="7.369834967">
        <ele>510.27</ele>
      </trkpt>
      <trkpt lat="43.733206009" lon="7.369327024">
        <ele>513.94</ele>
      </trkpt>
      <trkpt lat="43.733294019" lon="7.369141029">
        <ele>519.96</ele>
      </trkpt>
      <trkpt lat="43.733495018" lon="7.368835006">
        <ele>527.7</ele>
      </trkpt>
      <trkpt lat="43.733835993" lon="7.368669966">
        <ele>531.04</ele>
      </trkpt>
      <trkpt lat="43.734065993" lon="7.368652029">
        <ele>531.46</ele>
      </trkpt>
      <trkpt lat="43.734606039" lon="7.368554967">
        <ele>532.65</ele>
      </trkpt>
      <trkpt lat="43.734750962" lon="7.368461005">
        <ele>527.59</ele>
      </trkpt>
      <trkpt lat="43.73520501" lon="7.368030008">
        <ele>521.29</ele>
      </trkpt>
      <trkpt lat="43.735374995" lon="7.367691966">
        <ele>518.85</ele>
      </trkpt>
      <trkpt lat="43.735409025" lon="7.36760404">
        <ele>521.56</ele>
      </trkpt>
      <trkpt lat="43.735609017" lon="7.367100036">
        <ele>522.14</ele>
      </trkpt>
      <trkpt lat="43.735736003" lon="7.366514979">
        <ele>524.27</ele>
      </trkpt>
      <trkpt lat="43.735713959" lon="7.366097979">
        <ele>526.49</ele>
      </trkpt>
      <trkpt lat="43.735512961" lon="7.365457015">
        <ele>527.42</ele>
      </trkpt>
      <trkpt lat="43.735523019" lon="7.365130959">
        <ele>528.3</ele>
      </trkpt>
      <trkpt lat="43.73558999" lon="7.364903977">
        <ele>528.54</ele>
      </trkpt>
      <trkpt lat="43.735760981" lon="7.364443978">
        <ele>529.18</ele>
      </trkpt>
      <trkpt lat="43.735991986" lon="7.363932012">
        <ele>532.33</ele>
      </trkpt>
      <trkpt lat="43.73615602" lon="7.363448963">
        <ele>530.57</ele>
      </trkpt>
      <trkpt lat="43.736292981" lon="7.36285896">
        <ele>526.42</ele>
      </trkpt>
      <trkpt lat="43.736289041" lon="7.362275999">
        <ele>524.69</ele>
      </trkpt>
      <trkpt lat="43.736280994" lon="7.362196036">
        <ele>525.56</ele>
      </trkpt>
      <trkpt lat="43.736229027" lon="7.361562029">
        <ele>523.94</ele>
      </trkpt>
      <trkpt lat="43.736174963" lon="7.360918969">
        <ele>527.01</ele>
      </trkpt>
      <trkpt lat="43.736189967" lon="7.360754013">
        <ele>527.99</ele>
      </trkpt>
      <trkpt lat="43.736357018" lon="7.360338019">
        <ele>531.21</ele>
      </trkpt>
      <trkpt lat="43.736504959" lon="7.360212961">
        <ele>533.8</ele>
      </trkpt>
      <trkpt lat="43.736878037" lon="7.359929988">
        <ele>536.13</ele>
      </trkpt>
      <trkpt lat="43.736947021" lon="7.359849019">
        <ele>535.15</ele>
      </trkpt>
      <trkpt lat="43.737110971" lon="7.359546013">
        <ele>534.52</ele>
      </trkpt>
      <trkpt lat="43.737220019" lon="7.359176036">
        <ele>532.05</ele>
      </trkpt>
      <trkpt lat="43.737301994" lon="7.358729029">
        <ele>529.62</ele>
      </trkpt>
      <trkpt lat="43.737301994" lon="7.358558038">
        <ele>525.65</ele>
      </trkpt>
      <trkpt lat="43.737267042" lon="7.358141039">
        <ele>523.62</ele>
      </trkpt>
      <trkpt lat="43.73715397" lon="7.357579032">
        <ele>523.11</ele>
      </trkpt>
      <trkpt lat="43.736973004" lon="7.357034041">
        <ele>521.74</ele>
      </trkpt>
      <trkpt lat="43.736730013" lon="7.356510004">
        <ele>520.26</ele>
      </trkpt>
      <trkpt lat="43.736605039" lon="7.356303977">
        <ele>520.97</ele>
      </trkpt>
      <trkpt lat="43.736383002" lon="7.356058974">
        <ele>522.84</ele>
      </trkpt>
      <trkpt lat="43.736272026" lon="7.355807014">
        <ele>523.62</ele>
      </trkpt>
      <trkpt lat="43.736272026" lon="7.355627976">
        <ele>522.95</ele>
      </trkpt>
      <trkpt lat="43.736283006" lon="7.355450029">
        <ele>523.17</ele>
      </trkpt>
      <trkpt lat="43.736293986" lon="7.355191028">
        <ele>521.04</ele>
      </trkpt>
      <trkpt lat="43.736316031" lon="7.354674032">
        <ele>518.82</ele>
      </trkpt>
      <trkpt lat="43.736336986" lon="7.354349988">
        <ele>517.3</ele>
      </trkpt>
      <trkpt lat="43.736344026" lon="7.354228031">
        <ele>516.76</ele>
      </trkpt>
      <trkpt lat="43.736430025" lon="7.353710029">
        <ele>518.15</ele>
      </trkpt>
      <trkpt lat="43.736504959" lon="7.353251958">
        <ele>521.37</ele>
      </trkpt>
      <trkpt lat="43.736575032" lon="7.352838982">
        <ele>521.3</ele>
      </trkpt>
      <trkpt lat="43.736582994" lon="7.352794977">
        <ele>521.54</ele>
      </trkpt>
      <trkpt lat="43.736619959" lon="7.352595991">
        <ele>522.91</ele>
      </trkpt>
      <trkpt lat="43.736631023" lon="7.352541005">
        <ele>519.51</ele>
      </trkpt>
      <trkpt lat="43.736659018" lon="7.352390969">
        <ele>516.4</ele>
      </trkpt>
      <trkpt lat="43.736716015" lon="7.352088969">
        <ele>517.91</ele>
      </trkpt>
      <trkpt lat="43.736739988" lon="7.351960978">
        <ele>516.18</ele>
      </trkpt>
      <trkpt lat="43.736830009" lon="7.351509025">
        <ele>513.98</ele>
      </trkpt>
      <trkpt lat="43.736916007" lon="7.351004016">
        <ele>515.14</ele>
      </trkpt>
      <trkpt lat="43.736916007" lon="7.350930003">
        <ele>515.34</ele>
      </trkpt>
      <trkpt lat="43.736895975" lon="7.350718025">
        <ele>512.24</ele>
      </trkpt>
      <trkpt lat="43.736656001" lon="7.350490959">
        <ele>512.84</ele>
      </trkpt>
      <trkpt lat="43.736532032" lon="7.350458018">
        <ele>511.71</ele>
      </trkpt>
      <trkpt lat="43.736192985" lon="7.350369003">
        <ele>508.33</ele>
      </trkpt>
      <trkpt lat="43.73584698" lon="7.350274036">
        <ele>506.06</ele>
      </trkpt>
      <trkpt lat="43.735685963" lon="7.350142021">
        <ele>505.42</ele>
      </trkpt>
      <trkpt lat="43.735604994" lon="7.349997014">
        <ele>504.22</ele>
      </trkpt>
      <trkpt lat="43.735526958" lon="7.349858964">
        <ele>504.3</ele>
      </trkpt>
      <trkpt lat="43.735397039" lon="7.349589989">
        <ele>504.8</ele>
      </trkpt>
      <trkpt lat="43.735078024" lon="7.349179024">
        <ele>504.81</ele>
      </trkpt>
      <trkpt lat="43.734832015" lon="7.348992024">
        <ele>505.21</ele>
      </trkpt>
      <trkpt lat="43.734717015" lon="7.348808963">
        <ele>504.47</ele>
      </trkpt>
      <trkpt lat="43.73459598" lon="7.348405961">
        <ele>504.07</ele>
      </trkpt>
      <trkpt lat="43.73445902" lon="7.347986028">
        <ele>504.66</ele>
      </trkpt>
      <trkpt lat="43.734276965" lon="7.347425027">
        <ele>505.57</ele>
      </trkpt>
      <trkpt lat="43.734180992" lon="7.347131995">
        <ele>505.66</ele>
      </trkpt>
      <trkpt lat="43.734002961" lon="7.346566971">
        <ele>506.68</ele>
      </trkpt>
      <trkpt lat="43.733927021" lon="7.346289027">
        <ele>507.31</ele>
      </trkpt>
      <trkpt lat="43.733758964" lon="7.345877979">
        <ele>507.14</ele>
      </trkpt>
      <trkpt lat="43.733587973" lon="7.345753005">
        <ele>505.5</ele>
      </trkpt>
      <trkpt lat="43.733351016" lon="7.345772032">
        <ele>504.93</ele>
      </trkpt>
      <trkpt lat="43.733137026" lon="7.345916033">
        <ele>504.44</ele>
      </trkpt>
      <trkpt lat="43.732697982" lon="7.346217027">
        <ele>504.02</ele>
      </trkpt>
      <trkpt lat="43.732515005" lon="7.346236976">
        <ele>506.35</ele>
      </trkpt>
      <trkpt lat="43.732401012" lon="7.346123988">
        <ele>509.51</ele>
      </trkpt>
      <trkpt lat="43.732336974" lon="7.345958026">
        <ele>511.1</ele>
      </trkpt>
      <trkpt lat="43.732325993" lon="7.345911004">
        <ele>511.89</ele>
      </trkpt>
      <trkpt lat="43.732304033" lon="7.345823999">
        <ele>511.78</ele>
      </trkpt>
      <trkpt lat="43.732231027" lon="7.345424015">
        <ele>508.46</ele>
      </trkpt>
      <trkpt lat="43.732173024" lon="7.344983965">
        <ele>504.61</ele>
      </trkpt>
      <trkpt lat="43.732151985" lon="7.344426988">
        <ele>502.04</ele>
      </trkpt>
      <trkpt lat="43.732192973" lon="7.344059022">
        <ele>500.01</ele>
      </trkpt>
      <trkpt lat="43.732259022" lon="7.343430966">
        <ele>498.73</ele>
      </trkpt>
      <trkpt lat="43.732200013" lon="7.343171965">
        <ele>498.13</ele>
      </trkpt>
      <trkpt lat="43.731808998" lon="7.342567965">
        <ele>498.44</ele>
      </trkpt>
      <trkpt lat="43.731471039" lon="7.342061028">
        <ele>497.72</ele>
      </trkpt>
      <trkpt lat="43.73112998" lon="7.341641011">
        <ele>497.99</ele>
      </trkpt>
      <trkpt lat="43.731053034" lon="7.341614021">
        <ele>498.38</ele>
      </trkpt>
      <trkpt lat="43.730785986" lon="7.341676969">
        <ele>499.24</ele>
      </trkpt>
      <trkpt lat="43.730591023" lon="7.341927001">
        <ele>502.43</ele>
      </trkpt>
      <trkpt lat="43.730382985" lon="7.342301002">
        <ele>500.89</ele>
      </trkpt>
      <trkpt lat="43.730117027" lon="7.342607025">
        <ele>497.97</ele>
      </trkpt>
      <trkpt lat="43.729998004" lon="7.342709033">
        <ele>499.49</ele>
      </trkpt>
      <trkpt lat="43.729610005" lon="7.342901984">
        <ele>496.73</ele>
      </trkpt>
      <trkpt lat="43.729262995" lon="7.342939032">
        <ele>493.7</ele>
      </trkpt>
      <trkpt lat="43.728841972" lon="7.343084039">
        <ele>496.37</ele>
      </trkpt>
      <trkpt lat="43.728638962" lon="7.343219994">
        <ele>497.03</ele>
      </trkpt>
      <trkpt lat="43.728193967" lon="7.343515959">
        <ele>496.52</ele>
      </trkpt>
      <trkpt lat="43.727741009" lon="7.343657026">
        <ele>497.78</ele>
      </trkpt>
      <trkpt lat="43.727344042" lon="7.343667001">
        <ele>499.17</ele>
      </trkpt>
      <trkpt lat="43.726929976" lon="7.343651997">
        <ele>497.44</ele>
      </trkpt>
      <trkpt lat="43.726522028" lon="7.343651997">
        <ele>498.01</ele>
      </trkpt>
      <trkpt lat="43.726275014" lon="7.343620984">
        <ele>494.24</ele>
      </trkpt>
      <trkpt lat="43.726250036" lon="7.343581002">
        <ele>494.93</ele>
      </trkpt>
      <trkpt lat="43.726136042" lon="7.343359971">
        <ele>493.37</ele>
      </trkpt>
      <trkpt lat="43.726079967" lon="7.342810035">
        <ele>494.5</ele>
      </trkpt>
      <trkpt lat="43.726124978" lon="7.342442991">
        <ele>494.56</ele>
      </trkpt>
      <trkpt lat="43.726139981" lon="7.342379959">
        <ele>498.49</ele>
      </trkpt>
      <trkpt lat="43.726349026" lon="7.341757016">
        <ele>495.97</ele>
      </trkpt>
      <trkpt lat="43.726540972" lon="7.341187969">
        <ele>496.17</ele>
      </trkpt>
      <trkpt lat="43.726750016" lon="7.340567037">
        <ele>496.44</ele>
      </trkpt>
      <trkpt lat="43.726973981" lon="7.339895982">
        <ele>497.81</ele>
      </trkpt>
      <trkpt lat="43.727002982" lon="7.339784">
        <ele>496.14</ele>
      </trkpt>
      <trkpt lat="43.726920001" lon="7.339436989">
        <ele>499.11</ele>
      </trkpt>
      <trkpt lat="43.726768037" lon="7.339340011">
        <ele>499.1</ele>
      </trkpt>
      <trkpt lat="43.726633005" lon="7.339296006">
        <ele>498.42</ele>
      </trkpt>
      <trkpt lat="43.726595035" lon="7.339296006">
        <ele>497.67</ele>
      </trkpt>
      <trkpt lat="43.726452962" lon="7.339159967">
        <ele>498.18</ele>
      </trkpt>
      <trkpt lat="43.726345003" lon="7.338874983">
        <ele>497.79</ele>
      </trkpt>
      <trkpt lat="43.726307033" lon="7.338574994">
        <ele>496.82</ele>
      </trkpt>
      <trkpt lat="43.726279959" lon="7.33837802">
        <ele>494.84</ele>
      </trkpt>
      <trkpt lat="43.726248024" lon="7.338141985">
        <ele>493.28</ele>
      </trkpt>
      <trkpt lat="43.726231009" lon="7.338012988">
        <ele>491.51</ele>
      </trkpt>
      <trkpt lat="43.72622598" lon="7.337989016">
        <ele>490.6</ele>
      </trkpt>
      <trkpt lat="43.726195972" lon="7.337839985">
        <ele>490.48</ele>
      </trkpt>
      <trkpt lat="43.726191027" lon="7.337812996">
        <ele>490.68</ele>
      </trkpt>
      <trkpt lat="43.726187004" lon="7.337792041">
        <ele>492.45</ele>
      </trkpt>
      <trkpt lat="43.726146016" lon="7.337606968">
        <ele>492.37</ele>
      </trkpt>
      <trkpt lat="43.726041997" lon="7.337247971">
        <ele>492.57</ele>
      </trkpt>
      <trkpt lat="43.725925991" lon="7.336847987">
        <ele>493.06</ele>
      </trkpt>
      <trkpt lat="43.725729017" lon="7.336406009">
        <ele>494.23</ele>
      </trkpt>
      <trkpt lat="43.725512009" lon="7.33595104">
        <ele>495.59</ele>
      </trkpt>
      <trkpt lat="43.725432968" lon="7.335876022">
        <ele>494.53</ele>
      </trkpt>
      <trkpt lat="43.725258037" lon="7.335916003">
        <ele>496.93</ele>
      </trkpt>
      <trkpt lat="43.725211015" lon="7.335991021">
        <ele>498.88</ele>
      </trkpt>
      <trkpt lat="43.725100961" lon="7.336201994">
        <ele>497.62</ele>
      </trkpt>
      <trkpt lat="43.725029966" lon="7.336340966">
        <ele>494.53</ele>
      </trkpt>
      <trkpt lat="43.72499099" lon="7.336415984">
        <ele>495.13</ele>
      </trkpt>
      <trkpt lat="43.724983027" lon="7.336429982">
        <ele>490.78</ele>
      </trkpt>
      <trkpt lat="43.724923013" lon="7.336546993">
        <ele>486.17</ele>
      </trkpt>
      <trkpt lat="43.724716986" lon="7.336880006">
        <ele>485.84</ele>
      </trkpt>
      <trkpt lat="43.724686978" lon="7.336913031">
        <ele>485.08</ele>
      </trkpt>
      <trkpt lat="43.724475" lon="7.337000035">
        <ele>485.15</ele>
      </trkpt>
      <trkpt lat="43.724194961" lon="7.336873971">
        <ele>486.04</ele>
      </trkpt>
      <trkpt lat="43.72397502" lon="7.336697029">
        <ele>487.1</ele>
      </trkpt>
      <trkpt lat="43.723705038" lon="7.336479016">
        <ele>487.02</ele>
      </trkpt>
      <trkpt lat="43.723510997" lon="7.336323028">
        <ele>487.16</ele>
      </trkpt>
      <trkpt lat="43.723314023" lon="7.336143991">
        <ele>485.86</ele>
      </trkpt>
      <trkpt lat="43.723203968" lon="7.335923966">
        <ele>483.98</ele>
      </trkpt>
      <trkpt lat="43.723130962" lon="7.335691033">
        <ele>482.91</ele>
      </trkpt>
      <trkpt lat="43.723071031" lon="7.335495986">
        <ele>481.2</ele>
      </trkpt>
      <trkpt lat="43.723024009" lon="7.335343016">
        <ele>479.05</ele>
      </trkpt>
      <trkpt lat="43.722957959" lon="7.33512802">
        <ele>477.11</ele>
      </trkpt>
      <trkpt lat="43.722875984" lon="7.334862985">
        <ele>477.14</ele>
      </trkpt>
      <trkpt lat="43.722797027" lon="7.334609013">
        <ele>476.03</ele>
      </trkpt>
      <trkpt lat="43.722703988" lon="7.334318999">
        <ele>475.24</ele>
      </trkpt>
      <trkpt lat="43.722557975" lon="7.334124036">
        <ele>473.54</ele>
      </trkpt>
      <trkpt lat="43.722388996" lon="7.334131999">
        <ele>473.2</ele>
      </trkpt>
      <trkpt lat="43.722222028" lon="7.334308019">
        <ele>469.54</ele>
      </trkpt>
      <trkpt lat="43.722037962" lon="7.334481021">
        <ele>466.98</ele>
      </trkpt>
      <trkpt lat="43.721829001" lon="7.334589986">
        <ele>464.33</ele>
      </trkpt>
      <trkpt lat="43.721759893" lon="7.334581679">
        <ele>462.61</ele>
      </trkpt>
      <trkpt lat="43.721663039" lon="7.334570037">
        <ele>458.72</ele>
      </trkpt>
      <trkpt lat="43.721534964" lon="7.334445985">
        <ele>457.9</ele>
      </trkpt>
      <trkpt lat="43.721407978" lon="7.334242975">
        <ele>454.68</ele>
      </trkpt>
      <trkpt lat="43.721310999" lon="7.33407299">
        <ele>453.29</ele>
      </trkpt>
      <trkpt lat="43.721166998" lon="7.333820025">
        <ele>450.95</ele>
      </trkpt>
      <trkpt lat="43.721056022" lon="7.333518025">
        <ele>450.76</ele>
      </trkpt>
      <trkpt lat="43.720936999" lon="7.333266987">
        <ele>448.49</ele>
      </trkpt>
      <trkpt lat="43.720831973" lon="7.333071018">
        <ele>447.69</ele>
      </trkpt>
      <trkpt lat="43.720646985" lon="7.332817968">
        <ele>445.03</ele>
      </trkpt>
      <trkpt lat="43.720437018" lon="7.332538012">
        <ele>443.58</ele>
      </trkpt>
      <trkpt lat="43.720307015" lon="7.332332991">
        <ele>440.93</ele>
      </trkpt>
      <trkpt lat="43.72011398" lon="7.332002996">
        <ele>439.36</ele>
      </trkpt>
      <trkpt lat="43.719981965" lon="7.331729997">
        <ele>437.39</ele>
      </trkpt>
      <trkpt lat="43.719854979" lon="7.331420034">
        <ele>435.18</ele>
      </trkpt>
      <trkpt lat="43.719826983" lon="7.331110993">
        <ele>430.88</ele>
      </trkpt>
      <trkpt lat="43.719830001" lon="7.330764988">
        <ele>432.5</ele>
      </trkpt>
      <trkpt lat="43.719857996" lon="7.330495007">
        <ele>431.57</ele>
      </trkpt>
      <trkpt lat="43.719909964" lon="7.330244975">
        <ele>432.37</ele>
      </trkpt>
      <trkpt lat="43.719999986" lon="7.32996502">
        <ele>435.15</ele>
      </trkpt>
      <trkpt lat="43.720062012" lon="7.329786988">
        <ele>441.16</ele>
      </trkpt>
      <trkpt lat="43.720147004" lon="7.329522036">
        <ele>436.59</ele>
      </trkpt>
      <trkpt lat="43.720147004" lon="7.329339981">
        <ele>433.71</ele>
      </trkpt>
      <trkpt lat="43.72007098" lon="7.329167984">
        <ele>428.66</ele>
      </trkpt>
      <trkpt lat="43.719805023" lon="7.328934968">
        <ele>422.23</ele>
      </trkpt>
      <trkpt lat="43.719583992" lon="7.328776969">
        <ele>415.8</ele>
      </trkpt>
      <trkpt lat="43.719363967" lon="7.328619976">
        <ele>415.44</ele>
      </trkpt>
      <trkpt lat="43.719233964" lon="7.328414032">
        <ele>416.47</ele>
      </trkpt>
      <trkpt lat="43.719140003" lon="7.328083031">
        <ele>416.85</ele>
      </trkpt>
      <trkpt lat="43.71905501" lon="7.327711964">
        <ele>418.32</ele>
      </trkpt>
      <trkpt lat="43.718984015" lon="7.327396972">
        <ele>418.27</ele>
      </trkpt>
      <trkpt lat="43.718897011" lon="7.327212989">
        <ele>416.8</ele>
      </trkpt>
      <trkpt lat="43.718836997" lon="7.327139983">
        <ele>415.35</ele>
      </trkpt>
      <trkpt lat="43.718797015" lon="7.327098995">
        <ele>415.77</ele>
      </trkpt>
      <trkpt lat="43.718649996" lon="7.327008974">
        <ele>415.18</ele>
      </trkpt>
      <trkpt lat="43.718444975" lon="7.326903027">
        <ele>414.63</ele>
      </trkpt>
      <trkpt lat="43.718216987" lon="7.32673103">
        <ele>414.65</ele>
      </trkpt>
      <trkpt lat="43.718080027" lon="7.326575965">
        <ele>412.94</ele>
      </trkpt>
      <trkpt lat="43.717986988" lon="7.32641696">
        <ele>411.59</ele>
      </trkpt>
      <trkpt lat="43.717895038" lon="7.326249992">
        <ele>409.9</ele>
      </trkpt>
      <trkpt lat="43.71778599" lon="7.32602804">
        <ele>408.84</ele>
      </trkpt>
      <trkpt lat="43.717612987" lon="7.325676">
        <ele>407.22</ele>
      </trkpt>
      <trkpt lat="43.717464963" lon="7.325375006">
        <ele>406.49</ele>
      </trkpt>
      <trkpt lat="43.717355998" lon="7.325153975">
        <ele>405.18</ele>
      </trkpt>
      <trkpt lat="43.71721602" lon="7.32489204">
        <ele>404.25</ele>
      </trkpt>
      <trkpt lat="43.717096997" lon="7.324558022">
        <ele>402.95</ele>
      </trkpt>
      <trkpt lat="43.717057016" lon="7.324320981">
        <ele>401.33</ele>
      </trkpt>
      <trkpt lat="43.717008987" lon="7.32402904">
        <ele>399.73</ele>
      </trkpt>
      <trkpt lat="43.716963977" lon="7.323764004">
        <ele>399.09</ele>
      </trkpt>
      <trkpt lat="43.716900023" lon="7.323406013">
        <ele>396.69</ele>
      </trkpt>
      <trkpt lat="43.716850989" lon="7.32313402">
        <ele>393.97</ele>
      </trkpt>
      <trkpt lat="43.716796003" lon="7.322831014">
        <ele>392.85</ele>
      </trkpt>
      <trkpt lat="43.716749987" lon="7.322573019">
        <ele>391.73</ele>
      </trkpt>
      <trkpt lat="43.716698019" lon="7.32228904">
        <ele>389.44</ele>
      </trkpt>
      <trkpt lat="43.716642028" lon="7.32197497">
        <ele>390.28</ele>
      </trkpt>
      <trkpt lat="43.716584025" lon="7.321685962">
        <ele>390.97</ele>
      </trkpt>
      <trkpt lat="43.716530968" lon="7.321393015">
        <ele>391.31</ele>
      </trkpt>
      <trkpt lat="43.71658897" lon="7.321127979">
        <ele>389.64</ele>
      </trkpt>
      <trkpt lat="43.71663901" lon="7.320925975">
        <ele>384.75</ele>
      </trkpt>
      <trkpt lat="43.716687039" lon="7.320736963">
        <ele>380.65</ele>
      </trkpt>
      <trkpt lat="43.716745041" lon="7.320445022">
        <ele>374.61</ele>
      </trkpt>
      <trkpt lat="43.716775971" lon="7.320175041">
        <ele>370.81</ele>
      </trkpt>
      <trkpt lat="43.71678804" lon="7.319956021">
        <ele>368.14</ele>
      </trkpt>
      <trkpt lat="43.716807989" lon="7.319599958">
        <ele>367.25</ele>
      </trkpt>
      <trkpt lat="43.716788962" lon="7.319249008">
        <ele>365.98</ele>
      </trkpt>
      <trkpt lat="43.716788962" lon="7.319042981">
        <ele>364.49</ele>
      </trkpt>
      <trkpt lat="43.716793992" lon="7.318868972">
        <ele>366.91</ele>
      </trkpt>
      <trkpt lat="43.716801032" lon="7.318693036">
        <ele>367.96</ele>
      </trkpt>
      <trkpt lat="43.716814024" lon="7.318428">
        <ele>367.85</ele>
      </trkpt>
      <trkpt lat="43.716836991" lon="7.318205042">
        <ele>368.37</ele>
      </trkpt>
      <trkpt lat="43.716859035" lon="7.317983005">
        <ele>368.74</ele>
      </trkpt>
      <trkpt lat="43.716886025" lon="7.31772501">
        <ele>363.36</ele>
      </trkpt>
      <trkpt lat="43.716915026" lon="7.317444971">
        <ele>357.45</ele>
      </trkpt>
      <trkpt lat="43.716929024" lon="7.317308011">
        <ele>356.45</ele>
      </trkpt>
      <trkpt lat="43.716948973" lon="7.317115981">
        <ele>351.65</ele>
      </trkpt>
      <trkpt lat="43.716965988" lon="7.316876007">
        <ele>351.61</ele>
      </trkpt>
      <trkpt lat="43.716979986" lon="7.316565039">
        <ele>347.96</ele>
      </trkpt>
      <trkpt lat="43.716981998" lon="7.316379966">
        <ele>349.51</ele>
      </trkpt>
      <trkpt lat="43.716966994" lon="7.316187015">
        <ele>347.28</ele>
      </trkpt>
      <trkpt lat="43.716940004" lon="7.315948969">
        <ele>345.36</ele>
      </trkpt>
      <trkpt lat="43.71691402" lon="7.315689968">
        <ele>343.37</ele>
      </trkpt>
      <trkpt lat="43.716897005" lon="7.315390985">
        <ele>342.11</ele>
      </trkpt>
      <trkpt lat="43.716878984" lon="7.315201974">
        <ele>340.79</ele>
      </trkpt>
      <trkpt lat="43.716860963" lon="7.315020002">
        <ele>338.51</ele>
      </trkpt>
      <trkpt lat="43.716832967" lon="7.314740969">
        <ele>336.12</ele>
      </trkpt>
      <trkpt lat="43.716796003" lon="7.314373003">
        <ele>333.41</ele>
      </trkpt>
      <trkpt lat="43.716776976" lon="7.314178962">
        <ele>331.62</ele>
      </trkpt>
      <trkpt lat="43.716758033" lon="7.313992968">
        <ele>328.91</ele>
      </trkpt>
      <trkpt lat="43.71673096" lon="7.313718041">
        <ele>328.1</ele>
      </trkpt>
      <trkpt lat="43.716706987" lon="7.313477984">
        <ele>328.69</ele>
      </trkpt>
      <trkpt lat="43.716697611" lon="7.313325332">
        <ele>328.36</ele>
      </trkpt>
      <trkpt lat="43.716697571" lon="7.313324673">
        <ele>329.13</ele>
      </trkpt>
      <trkpt lat="43.716689972" lon="7.313200962">
        <ele>328.71</ele>
      </trkpt>
      <trkpt lat="43.716744035" lon="7.312806007">
        <ele>329.17</ele>
      </trkpt>
      <trkpt lat="43.716686784" lon="7.312729122">
        <ele>329.22</ele>
      </trkpt>
      <trkpt lat="43.716679998" lon="7.312720008">
        <ele>329.25</ele>
      </trkpt>
      <trkpt lat="43.716574013" lon="7.313254145">
        <ele>327.72</ele>
      </trkpt>
      <trkpt lat="43.716493913" lon="7.313630757">
        <ele>324.78</ele>
      </trkpt>
      <trkpt lat="43.716469465" lon="7.313926447">
        <ele>322.24</ele>
      </trkpt>
      <trkpt lat="43.716424968" lon="7.31476066">
        <ele>320.21</ele>
      </trkpt>
      <trkpt lat="43.716258149" lon="7.315604392">
        <ele>314.98</ele>
      </trkpt>
      <trkpt lat="43.716263375" lon="7.316047456">
        <ele>309.63</ele>
      </trkpt>
      <trkpt lat="43.715877686" lon="7.317189133">
        <ele>304.86</ele>
      </trkpt>
      <trkpt lat="43.715555827" lon="7.318490425">
        <ele>299.7</ele>
      </trkpt>
      <trkpt lat="43.71546757" lon="7.319122362">
        <ele>294.44</ele>
      </trkpt>
      <trkpt lat="43.71546715" lon="7.319122505">
        <ele>290.13</ele>
      </trkpt>
      <trkpt lat="43.715466986" lon="7.319122554">
        <ele>284.33</ele>
      </trkpt>
      <trkpt lat="43.715071984" lon="7.320688988">
        <ele>282.86</ele>
      </trkpt>
      <trkpt lat="43.714843149" lon="7.32118943">
        <ele>278.58</ele>
      </trkpt>
      <trkpt lat="43.714769587" lon="7.321539454">
        <ele>281.29</ele>
      </trkpt>
      <trkpt lat="43.714577193" lon="7.321656753">
        <ele>283.95</ele>
      </trkpt>
      <trkpt lat="43.71434453" lon="7.321838134">
        <ele>284.95</ele>
      </trkpt>
      <trkpt lat="43.713975352" lon="7.322187593">
        <ele>282.2</ele>
      </trkpt>
      <trkpt lat="43.713881206" lon="7.322155991">
        <ele>280.75</ele>
      </trkpt>
      <trkpt lat="43.713967439" lon="7.321981089">
        <ele>278.4</ele>
      </trkpt>
      <trkpt lat="43.714256287" lon="7.321707652">
        <ele>274.32</ele>
      </trkpt>
      <trkpt lat="43.714611683" lon="7.321382091">
        <ele>271.92</ele>
      </trkpt>
      <trkpt lat="43.714652505" lon="7.321265439">
        <ele>268.2</ele>
      </trkpt>
      <trkpt lat="43.71469841" lon="7.32034186">
        <ele>266.19</ele>
      </trkpt>
      <trkpt lat="43.714794868" lon="7.31900665">
        <ele>260.38</ele>
      </trkpt>
      <trkpt lat="43.714716142" lon="7.318735837">
        <ele>256.81</ele>
      </trkpt>
      <trkpt lat="43.714567116" lon="7.318644765">
        <ele>255.28</ele>
      </trkpt>
      <trkpt lat="43.714397031" lon="7.318686353">
        <ele>253.56</ele>
      </trkpt>
      <trkpt lat="43.714210781" lon="7.319002472">
        <ele>250.09</ele>
      </trkpt>
      <trkpt lat="43.713951922" lon="7.319291339">
        <ele>242.2</ele>
      </trkpt>
      <trkpt lat="43.713582678" lon="7.319510188">
        <ele>233.46</ele>
      </trkpt>
      <trkpt lat="43.712995642" lon="7.319447731">
        <ele>226.67</ele>
      </trkpt>
      <trkpt lat="43.712640947" lon="7.319366532">
        <ele>225.21</ele>
      </trkpt>
      <trkpt lat="43.712227414" lon="7.319375225">
        <ele>223.03</ele>
      </trkpt>
      <trkpt lat="43.712014908" lon="7.319159634">
        <ele>223.44</ele>
      </trkpt>
      <trkpt lat="43.711825844" lon="7.319148991">
        <ele>226.29</ele>
      </trkpt>
      <trkpt lat="43.711684713" lon="7.319223587">
        <ele>227.93</ele>
      </trkpt>
      <trkpt lat="43.711683835" lon="7.319222316">
        <ele>224.37</ele>
      </trkpt>
      <trkpt lat="43.711683472" lon="7.319221692">
        <ele>221.43</ele>
      </trkpt>
      <trkpt lat="43.711412492" lon="7.319219378">
        <ele>218.25</ele>
      </trkpt>
      <trkpt lat="43.710751866" lon="7.318690602">
        <ele>214.94</ele>
      </trkpt>
      <trkpt lat="43.710532129" lon="7.318325721">
        <ele>210.13</ele>
      </trkpt>
      <trkpt lat="43.710458516" lon="7.318323794">
        <ele>206.85</ele>
      </trkpt>
      <trkpt lat="43.710434116" lon="7.318474332">
        <ele>202.97</ele>
      </trkpt>
      <trkpt lat="43.710706981" lon="7.318959322">
        <ele>200.23</ele>
      </trkpt>
      <trkpt lat="43.711407652" lon="7.319672531">
        <ele>197.76</ele>
      </trkpt>
      <trkpt lat="43.71177676" lon="7.319722165">
        <ele>197.65</ele>
      </trkpt>
      <trkpt lat="43.712009643" lon="7.319888501">
        <ele>194.13</ele>
      </trkpt>
      <trkpt lat="43.712310961" lon="7.319922135">
        <ele>190.59</ele>
      </trkpt>
      <trkpt lat="43.712380156" lon="7.320101513">
        <ele>189.78</ele>
      </trkpt>
      <trkpt lat="43.712090234" lon="7.320112277">
        <ele>188.82</ele>
      </trkpt>
      <trkpt lat="43.711722957" lon="7.319950306">
        <ele>186.22</ele>
      </trkpt>
      <trkpt lat="43.711721711" lon="7.319948795">
        <ele>186.81</ele>
      </trkpt>
      <trkpt lat="43.711246127" lon="7.319896166">
        <ele>188.85</ele>
      </trkpt>
      <trkpt lat="43.710661891" lon="7.319630745">
        <ele>186.79</ele>
      </trkpt>
      <trkpt lat="43.710239829" lon="7.319257845">
        <ele>184.81</ele>
      </trkpt>
      <trkpt lat="43.710239801" lon="7.319257867">
        <ele>183.86</ele>
      </trkpt>
      <trkpt lat="43.709982354" lon="7.318915513">
        <ele>184.02</ele>
      </trkpt>
      <trkpt lat="43.709867536" lon="7.318493249">
        <ele>183.8</ele>
      </trkpt>
      <trkpt lat="43.709891997" lon="7.318058442">
        <ele>179.03</ele>
      </trkpt>
      <trkpt lat="43.709928704" lon="7.317416707">
        <ele>175.13</ele>
      </trkpt>
      <trkpt lat="43.709860135" lon="7.315630166">
        <ele>172.2</ele>
      </trkpt>
      <trkpt lat="43.710279418" lon="7.314547972">
        <ele>168.15</ele>
      </trkpt>
      <trkpt lat="43.710337637" lon="7.313942847">
        <ele>163.59</ele>
      </trkpt>
      <trkpt lat="43.710224161" lon="7.313254031">
        <ele>165.6</ele>
      </trkpt>
      <trkpt lat="43.710018309" lon="7.312405879">
        <ele>167.01</ele>
      </trkpt>
      <trkpt lat="43.710071243" lon="7.31153551">
        <ele>166.48</ele>
      </trkpt>
      <trkpt lat="43.709945103" lon="7.311232135">
        <ele>166.73</ele>
      </trkpt>
      <trkpt lat="43.70966393" lon="7.311022294">
        <ele>168.23</ele>
      </trkpt>
      <trkpt lat="43.709456283" lon="7.310683758">
        <ele>167.85</ele>
      </trkpt>
      <trkpt lat="43.709443092" lon="7.310352617">
        <ele>166.98</ele>
      </trkpt>
      <trkpt lat="43.709845507" lon="7.3096283">
        <ele>166.83</ele>
      </trkpt>
      <trkpt lat="43.709869676" lon="7.309151222">
        <ele>166.36</ele>
      </trkpt>
      <trkpt lat="43.709869591" lon="7.309150644">
        <ele>166.85</ele>
      </trkpt>
      <trkpt lat="43.709869601" lon="7.309150607">
        <ele>166.2</ele>
      </trkpt>
      <trkpt lat="43.709679432" lon="7.308904702">
        <ele>165.34</ele>
      </trkpt>
      <trkpt lat="43.70910905" lon="7.30868761">
        <ele>164.06</ele>
      </trkpt>
      <trkpt lat="43.708556779" lon="7.307880531">
        <ele>161.58</ele>
      </trkpt>
      <trkpt lat="43.708304605" lon="7.307669267">
        <ele>158.6</ele>
      </trkpt>
      <trkpt lat="43.706701645" lon="7.306950647">
        <ele>156.61</ele>
      </trkpt>
      <trkpt lat="43.70670154" lon="7.306950341">
        <ele>154.98</ele>
      </trkpt>
      <trkpt lat="43.706701419" lon="7.306949996">
        <ele>152.39</ele>
      </trkpt>
      <trkpt lat="43.706388276" lon="7.306683366">
        <ele>151.62</ele>
      </trkpt>
      <trkpt lat="43.706176325" lon="7.306253847">
        <ele>150.66</ele>
      </trkpt>
      <trkpt lat="43.706086889" lon="7.30572109">
        <ele>150.22</ele>
      </trkpt>
      <trkpt lat="43.706193242" lon="7.305228458">
        <ele>149</ele>
      </trkpt>
      <trkpt lat="43.706375159" lon="7.304821321">
        <ele>148.9</ele>
      </trkpt>
      <trkpt lat="43.707318353" lon="7.303930894">
        <ele>149.29</ele>
      </trkpt>
      <trkpt lat="43.707592436" lon="7.303588722">
        <ele>148.6</ele>
      </trkpt>
      <trkpt lat="43.707639097" lon="7.303207677">
        <ele>149.04</ele>
      </trkpt>
      <trkpt lat="43.707558996" lon="7.302904169">
        <ele>149.73</ele>
      </trkpt>
      <trkpt lat="43.706093023" lon="7.301110657">
        <ele>151.36</ele>
      </trkpt>
      <trkpt lat="43.705642036" lon="7.300735754">
        <ele>148.39</ele>
      </trkpt>
      <trkpt lat="43.704765342" lon="7.299879034">
        <ele>139.36</ele>
      </trkpt>
      <trkpt lat="43.700460726" lon="7.296261944">
        <ele>126.26</ele>
      </trkpt>
      <trkpt lat="43.697827687" lon="7.295230033">
        <ele>113.26</ele>
      </trkpt>
      <trkpt lat="43.697309371" lon="7.294893706">
        <ele>100.55</ele>
      </trkpt>
      <trkpt lat="43.697213632" lon="7.29438597">
        <ele>90.85</ele>
      </trkpt>
      <trkpt lat="43.697362539" lon="7.293947371">
        <ele>86.21</ele>
      </trkpt>
      <trkpt lat="43.697972611" lon="7.293826288">
        <ele>81.58</ele>
      </trkpt>
      <trkpt lat="43.699491238" lon="7.29388944">
        <ele>76.33</ele>
      </trkpt>
      <trkpt lat="43.701817002" lon="7.294646005">
        <ele>69.6</ele>
      </trkpt>
      <trkpt lat="43.701975001" lon="7.294687996">
        <ele>63.95</ele>
      </trkpt>
      <trkpt lat="43.702046995" lon="7.294687995">
        <ele>60.2</ele>
      </trkpt>
      <trkpt lat="43.702156" lon="7.294645993">
        <ele>58.42</ele>
      </trkpt>
      <trkpt lat="43.702211001" lon="7.294623998">
        <ele>56.85</ele>
      </trkpt>
      <trkpt lat="43.702273001" lon="7.294569003">
        <ele>55.38</ele>
      </trkpt>
      <trkpt lat="43.702366999" lon="7.294438998">
        <ele>53.23</ele>
      </trkpt>
      <trkpt lat="43.702430003" lon="7.29426">
        <ele>51.37</ele>
      </trkpt>
      <trkpt lat="43.702437998" lon="7.294209995">
        <ele>50.27</ele>
      </trkpt>
      <trkpt lat="43.702446999" lon="7.294152997">
        <ele>49.89</ele>
      </trkpt>
      <trkpt lat="43.702449999" lon="7.294059005">
        <ele>49.83</ele>
      </trkpt>
      <trkpt lat="43.702431006" lon="7.293888002">
        <ele>50.03</ele>
      </trkpt>
      <trkpt lat="43.702404" lon="7.293801001">
        <ele>49.05</ele>
      </trkpt>
      <trkpt lat="43.702313994" lon="7.293633005">
        <ele>47.72</ele>
      </trkpt>
      <trkpt lat="43.702019002" lon="7.293249996">
        <ele>46.68</ele>
      </trkpt>
      <trkpt lat="43.701723003" lon="7.292865995">
        <ele>45.85</ele>
      </trkpt>
      <trkpt lat="43.701427999" lon="7.292483005">
        <ele>44.67</ele>
      </trkpt>
      <trkpt lat="43.701318" lon="7.292315999">
        <ele>44.65</ele>
      </trkpt>
      <trkpt lat="43.701271999" lon="7.292217999">
        <ele>45.89</ele>
      </trkpt>
      <trkpt lat="43.701257997" lon="7.292169997">
        <ele>46.32</ele>
      </trkpt>
      <trkpt lat="43.701223" lon="7.292048004">
        <ele>46</ele>
      </trkpt>
      <trkpt lat="43.701195002" lon="7.291831999">
        <ele>46.06</ele>
      </trkpt>
      <trkpt lat="43.701192002" lon="7.291502998">
        <ele>44.88</ele>
      </trkpt>
      <trkpt lat="43.701187996" lon="7.291175002">
        <ele>42.83</ele>
      </trkpt>
      <trkpt lat="43.701171" lon="7.29093">
        <ele>39.99</ele>
      </trkpt>
      <trkpt lat="43.701145" lon="7.290766998">
        <ele>37.16</ele>
      </trkpt>
      <trkpt lat="43.701079998" lon="7.290439994">
        <ele>33.96</ele>
      </trkpt>
      <trkpt lat="43.701014005" lon="7.290113004">
        <ele>32.17</ele>
      </trkpt>
      <trkpt lat="43.700961" lon="7.289954003">
        <ele>30.03</ele>
      </trkpt>
      <trkpt lat="43.700890997" lon="7.289817005">
        <ele>28.9</ele>
      </trkpt>
      <trkpt lat="43.700884001" lon="7.289801998">
        <ele>28.49</ele>
      </trkpt>
      <trkpt lat="43.700638001" lon="7.289442998">
        <ele>28.32</ele>
      </trkpt>
      <trkpt lat="43.700556001" lon="7.289325001">
        <ele>26.16</ele>
      </trkpt>
      <trkpt lat="43.700500996" lon="7.289244999">
        <ele>24.76</ele>
      </trkpt>
      <trkpt lat="43.700381001" lon="7.289071999">
        <ele>23.91</ele>
      </trkpt>
      <trkpt lat="43.700298996" lon="7.288913001">
        <ele>21.92</ele>
      </trkpt>
      <trkpt lat="43.700286002" lon="7.288867995">
        <ele>20</ele>
      </trkpt>
      <trkpt lat="43.700219" lon="7.288640006">
        <ele>20.47</ele>
      </trkpt>
      <trkpt lat="43.700213001" lon="7.288589003">
        <ele>19.95</ele>
      </trkpt>
      <trkpt lat="43.700191999" lon="7.288425994">
        <ele>19.72</ele>
      </trkpt>
      <trkpt lat="43.700197005" lon="7.288167008">
        <ele>19.69</ele>
      </trkpt>
      <trkpt lat="43.700252997" lon="7.287855003">
        <ele>18.97</ele>
      </trkpt>
      <trkpt lat="43.700344999" lon="7.287675991">
        <ele>17.88</ele>
      </trkpt>
      <trkpt lat="43.700541773" lon="7.287408131">
        <ele>16.31</ele>
      </trkpt>
      <trkpt lat="43.700748636" lon="7.28676707">
        <ele>14.25</ele>
      </trkpt>
      <trkpt lat="43.700484485" lon="7.286701632">
        <ele>14.41</ele>
      </trkpt>
      <trkpt lat="43.70046448" lon="7.28669863">
        <ele>14.87</ele>
      </trkpt>
      <trkpt lat="43.700007857" lon="7.286599137">
        <ele>13.9</ele>
      </trkpt>
      <trkpt lat="43.699282709" lon="7.286468652">
        <ele>13.33</ele>
      </trkpt>
      <trkpt lat="43.69836781" lon="7.286378368">
        <ele>13.29</ele>
      </trkpt>
      <trkpt lat="43.698512181" lon="7.286120764">
        <ele>10.95</ele>
      </trkpt>
      <trkpt lat="43.698626003" lon="7.285406997">
        <ele>8.24</ele>
      </trkpt>
      <trkpt lat="43.698643" lon="7.285170999">
        <ele>6.66</ele>
      </trkpt>
      <trkpt lat="43.698672001" lon="7.284916002">
        <ele>5.84</ele>
      </trkpt>
      <trkpt lat="43.698712994" lon="7.284506">
        <ele>5</ele>
      </trkpt>
      <trkpt lat="43.698729002" lon="7.284319995">
        <ele>4.81</ele>
      </trkpt>
      <trkpt lat="43.698681996" lon="7.284138005">
        <ele>5.23</ele>
      </trkpt>
      <trkpt lat="43.698648" lon="7.284031997">
        <ele>5.89</ele>
      </trkpt>
      <trkpt lat="43.698566997" lon="7.283926992">
        <ele>5.85</ele>
      </trkpt>
      <trkpt lat="43.69847337" lon="7.283818267">
        <ele>5.01</ele>
      </trkpt>
      <trkpt lat="43.698389998" lon="7.283850002">
        <ele>4.6</ele>
      </trkpt>
      <trkpt lat="43.698259999" lon="7.283750002">
        <ele>3.98</ele>
      </trkpt>
      <trkpt lat="43.696720001" lon="7.283510001">
        <ele>3.17</ele>
      </trkpt>
      <trkpt lat="43.696220001" lon="7.283460002">
        <ele>2.69</ele>
      </trkpt>
      <trkpt lat="43.695470002" lon="7.283320003">
        <ele>2.72</ele>
      </trkpt>
      <trkpt lat="43.695179997" lon="7.283230003">
        <ele>2.46</ele>
      </trkpt>
      <trkpt lat="43.694280002" lon="7.282890002">
        <ele>3.42</ele>
      </trkpt>
      <trkpt lat="43.694240001" lon="7.282879997">
        <ele>4.2</ele>
      </trkpt>
      <trkpt lat="43.6942" lon="7.282859999">
        <ele>5.05</ele>
      </trkpt>
      <trkpt lat="43.694060002" lon="7.28283">
        <ele>5.9</ele>
      </trkpt>
      <trkpt lat="43.693820002" lon="7.282689998">
        <ele>6.95</ele>
      </trkpt>
      <trkpt lat="43.693660002" lon="7.282549999">
        <ele>6.35</ele>
      </trkpt>
      <trkpt lat="43.69351" lon="7.282360003">
        <ele>5.51</ele>
      </trkpt>
      <trkpt lat="43.69343" lon="7.28223">
        <ele>4.38</ele>
      </trkpt>
      <trkpt lat="43.693320001" lon="7.282020003">
        <ele>3.32</ele>
      </trkpt>
      <trkpt lat="43.69316" lon="7.281499997">
        <ele>2.31</ele>
      </trkpt>
      <trkpt lat="43.693179997" lon="7.281350001">
        <ele>1.86</ele>
      </trkpt>
      <trkpt lat="43.693149997" lon="7.28126">
        <ele>2.35</ele>
      </trkpt>
      <trkpt lat="43.693119998" lon="7.281059998">
        <ele>2.3</ele>
      </trkpt>
      <trkpt lat="43.693120001" lon="7.280969998">
        <ele>7.78</ele>
      </trkpt>
      <trkpt lat="43.693159998" lon="7.280709999">
        <ele>13.86</ele>
      </trkpt>
      <trkpt lat="43.693540002" lon="7.27963">
        <ele>15.28</ele>
      </trkpt>
      <trkpt lat="43.693569999" lon="7.279519999">
        <ele>17.48</ele>
      </trkpt>
      <trkpt lat="43.693570001" lon="7.279489999">
        <ele>20.99</ele>
      </trkpt>
      <trkpt lat="43.693599998" lon="7.279339997">
        <ele>19.06</ele>
      </trkpt>
      <trkpt lat="43.693630002" lon="7.279250003">
        <ele>18.11</ele>
      </trkpt>
      <trkpt lat="43.693665" lon="7.279195">
        <ele>19.84</ele>
      </trkpt>
    </trkseg>
  </trk></gpx>