<?xml version='1.0' encoding='UTF-8'?>
<gpx version="1.1" creator="https://www.komoot.de" xmlns="http://www.topografix.com/GPX/1/1" xmlns:xsi="http://www.w3.org/2001/XMLSchema-instance" xsi:schemaLocation="http://www.topografix.com/GPX/1/1 http://www.topografix.com/GPX/1/1/gpx.xsd">
  <metadata>
    <name>RGA_07_Briançon > Barcelonnette</name>
    <author>
      <link href="https://www.komoot.de">
        <text>komoot</text>
        <type>text/html</type>
      </link>
    </author>
  </metadata>
  <wpt lat="44.394023" lon="6.666855">
    <name>L'Éterlou</name>
    <sym>Fishing Hot Spot Facility</sym>
  </wpt>
  <trk>
    <name>RGA_07_Briançon > Barcelonnette</name>
    <type>racebike</type>
    <trkseg>
      <trkpt lat="44.901274" lon="6.630240">
        <ele>1258.520715</ele>
        <time>2026-07-27T05:48:06.006Z</time>
      </trkpt>
      <trkpt lat="44.901525" lon="6.630140">
        <ele>1259.936035</ele>
        <time>2026-07-27T05:48:21.872Z</time>
      </trkpt>
      <trkpt lat="44.901601" lon="6.630093">
        <ele>1260.708993</ele>
        <time>2026-07-27T05:48:26.713Z</time>
      </trkpt>
      <trkpt lat="44.901835" lon="6.629968">
        <ele>1262.090295</ele>
        <time>2026-07-27T05:48:38.549Z</time>
      </trkpt>
      <trkpt lat="44.901889" lon="6.629960">
        <ele>1261.945786</ele>
        <time>2026-07-27T05:48:39.661Z</time>
      </trkpt>
      <trkpt lat="44.902248" lon="6.630005">
        <ele>1260.110877</ele>
        <time>2026-07-27T05:48:44.337Z</time>
      </trkpt>
      <trkpt lat="44.902314" lon="6.630043">
        <ele>1259.936599</ele>
        <time>2026-07-27T05:48:45.257Z</time>
      </trkpt>
      <trkpt lat="44.902411" lon="6.630031">
        <ele>1259.716728</ele>
        <time>2026-07-27T05:48:46.682Z</time>
      </trkpt>
      <trkpt lat="44.902526" lon="6.629964">
        <ele>1259.843958</ele>
        <time>2026-07-27T05:48:50.545Z</time>
      </trkpt>
      <trkpt lat="44.902691" lon="6.629787">
        <ele>1260.762269</ele>
        <time>2026-07-27T05:48:58.841Z</time>
      </trkpt>
      <trkpt lat="44.902851" lon="6.629341">
        <ele>1262.681365</ele>
        <time>2026-07-27T05:49:14.812Z</time>
      </trkpt>
      <trkpt lat="44.903004" lon="6.628644">
        <ele>1263.529969</ele>
        <time>2026-07-27T05:49:27.996Z</time>
      </trkpt>
      <trkpt lat="44.903064" lon="6.628452">
        <ele>1263.391568</ele>
        <time>2026-07-27T05:49:31.040Z</time>
      </trkpt>
      <trkpt lat="44.903171" lon="6.628264">
        <ele>1262.239616</ele>
        <time>2026-07-27T05:49:33.410Z</time>
      </trkpt>
      <trkpt lat="44.903247" lon="6.628190">
        <ele>1261.348421</ele>
        <time>2026-07-27T05:49:34.508Z</time>
      </trkpt>
      <trkpt lat="44.903488" lon="6.628061">
        <ele>1256.707360</ele>
        <time>2026-07-27T05:49:37.447Z</time>
      </trkpt>
      <trkpt lat="44.903678" lon="6.628050">
        <ele>1254.326838</ele>
        <time>2026-07-27T05:49:39.719Z</time>
      </trkpt>
      <trkpt lat="44.903778" lon="6.628050">
        <ele>1253.498740</ele>
        <time>2026-07-27T05:49:40.967Z</time>
      </trkpt>
      <trkpt lat="44.903882" lon="6.628250">
        <ele>1252.397156</ele>
        <time>2026-07-27T05:49:43.258Z</time>
      </trkpt>
      <trkpt lat="44.903802" lon="6.628331">
        <ele>1252.213854</ele>
        <time>2026-07-27T05:49:44.308Z</time>
      </trkpt>
      <trkpt lat="44.903736" lon="6.628410">
        <ele>1252.052742</ele>
        <time>2026-07-27T05:49:45.843Z</time>
      </trkpt>
      <trkpt lat="44.903674" lon="6.628493">
        <ele>1252.037426</ele>
        <time>2026-07-27T05:49:47.489Z</time>
      </trkpt>
      <trkpt lat="44.903524" lon="6.628781">
        <ele>1252.176132</ele>
        <time>2026-07-27T05:49:50.990Z</time>
      </trkpt>
      <trkpt lat="44.903467" lon="6.628947">
        <ele>1252.369580</ele>
        <time>2026-07-27T05:49:53.799Z</time>
      </trkpt>
      <trkpt lat="44.903400" lon="6.629267">
        <ele>1253.123615</ele>
        <time>2026-07-27T05:50:01.809Z</time>
      </trkpt>
      <trkpt lat="44.903380" lon="6.629515">
        <ele>1252.728509</ele>
        <time>2026-07-27T05:50:03.732Z</time>
      </trkpt>
      <trkpt lat="44.903395" lon="6.629744">
        <ele>1251.254114</ele>
        <time>2026-07-27T05:50:05.153Z</time>
      </trkpt>
      <trkpt lat="44.903398" lon="6.629782">
        <ele>1250.973514</ele>
        <time>2026-07-27T05:50:05.377Z</time>
      </trkpt>
      <trkpt lat="44.903395" lon="6.630044">
        <ele>1248.977427</ele>
        <time>2026-07-27T05:50:06.929Z</time>
      </trkpt>
      <trkpt lat="44.903355" lon="6.630128">
        <ele>1248.192520</ele>
        <time>2026-07-27T05:50:07.558Z</time>
      </trkpt>
      <trkpt lat="44.903353" lon="6.630229">
        <ele>1247.611371</ele>
        <time>2026-07-27T05:50:08.225Z</time>
      </trkpt>
      <trkpt lat="44.903162" lon="6.630570">
        <ele>1245.712576</ele>
        <time>2026-07-27T05:50:11.047Z</time>
      </trkpt>
      <trkpt lat="44.902863" lon="6.630953">
        <ele>1243.135566</ele>
        <time>2026-07-27T05:50:14.749Z</time>
      </trkpt>
      <trkpt lat="44.902875" lon="6.631082">
        <ele>1242.408690</ele>
        <time>2026-07-27T05:50:15.548Z</time>
      </trkpt>
      <trkpt lat="44.902768" lon="6.631255">
        <ele>1241.114626</ele>
        <time>2026-07-27T05:50:16.984Z</time>
      </trkpt>
      <trkpt lat="44.902547" lon="6.631467">
        <ele>1238.962061</ele>
        <time>2026-07-27T05:50:19.355Z</time>
      </trkpt>
      <trkpt lat="44.902406" lon="6.631543">
        <ele>1237.727016</ele>
        <time>2026-07-27T05:50:20.671Z</time>
      </trkpt>
      <trkpt lat="44.902284" lon="6.631567">
        <ele>1236.710587</ele>
        <time>2026-07-27T05:50:21.758Z</time>
      </trkpt>
      <trkpt lat="44.901969" lon="6.631575">
        <ele>1234.206561</ele>
        <time>2026-07-27T05:50:24.542Z</time>
      </trkpt>
      <trkpt lat="44.901834" lon="6.631615">
        <ele>1233.125772</ele>
        <time>2026-07-27T05:50:25.763Z</time>
      </trkpt>
      <trkpt lat="44.901660" lon="6.631734">
        <ele>1231.683717</ele>
        <time>2026-07-27T05:50:28.216Z</time>
      </trkpt>
      <trkpt lat="44.901262" lon="6.632050">
        <ele>1228.274209</ele>
        <time>2026-07-27T05:50:33.998Z</time>
      </trkpt>
      <trkpt lat="44.900789" lon="6.632405">
        <ele>1225.139485</ele>
        <time>2026-07-27T05:50:41.025Z</time>
      </trkpt>
      <trkpt lat="44.900598" lon="6.632542">
        <ele>1224.442523</ele>
        <time>2026-07-27T05:50:44.262Z</time>
      </trkpt>
      <trkpt lat="44.900340" lon="6.632729">
        <ele>1223.901288</ele>
        <time>2026-07-27T05:50:47.546Z</time>
      </trkpt>
      <trkpt lat="44.899715" lon="6.633181">
        <ele>1222.646644</ele>
        <time>2026-07-27T05:50:55.427Z</time>
      </trkpt>
      <trkpt lat="44.899413" lon="6.633394">
        <ele>1221.801942</ele>
        <time>2026-07-27T05:51:00.546Z</time>
      </trkpt>
      <trkpt lat="44.899172" lon="6.633562">
        <ele>1221.080874</ele>
        <time>2026-07-27T05:51:04.556Z</time>
      </trkpt>
      <trkpt lat="44.899021" lon="6.633690">
        <ele>1220.558488</ele>
        <time>2026-07-27T05:51:07.141Z</time>
      </trkpt>
      <trkpt lat="44.898941" lon="6.633766">
        <ele>1220.162309</ele>
        <time>2026-07-27T05:51:08.088Z</time>
      </trkpt>
      <trkpt lat="44.898822" lon="6.633872">
        <ele>1219.650039</ele>
        <time>2026-07-27T05:51:09.434Z</time>
      </trkpt>
      <trkpt lat="44.898763" lon="6.633814">
        <ele>1219.597027</ele>
        <time>2026-07-27T05:51:10.540Z</time>
      </trkpt>
      <trkpt lat="44.898729" lon="6.633810">
        <ele>1219.571870</ele>
        <time>2026-07-27T05:51:11.158Z</time>
      </trkpt>
      <trkpt lat="44.898670" lon="6.633845">
        <ele>1219.524681</ele>
        <time>2026-07-27T05:51:12.687Z</time>
      </trkpt>
      <trkpt lat="44.898635" lon="6.633941">
        <ele>1219.548304</ele>
        <time>2026-07-27T05:51:14.870Z</time>
      </trkpt>
      <trkpt lat="44.898524" lon="6.633924">
        <ele>1219.682868</ele>
        <time>2026-07-27T05:51:17.426Z</time>
      </trkpt>
      <trkpt lat="44.898412" lon="6.633926">
        <ele>1219.694284</ele>
        <time>2026-07-27T05:51:19.116Z</time>
      </trkpt>
      <trkpt lat="44.897558" lon="6.634216">
        <ele>1218.022545</ele>
        <time>2026-07-27T05:51:28.706Z</time>
      </trkpt>
      <trkpt lat="44.897212" lon="6.634327">
        <ele>1217.290025</ele>
        <time>2026-07-27T05:51:32.842Z</time>
      </trkpt>
      <trkpt lat="44.897168" lon="6.634345">
        <ele>1217.160928</ele>
        <time>2026-07-27T05:51:33.273Z</time>
      </trkpt>
      <trkpt lat="44.897101" lon="6.634394">
        <ele>1216.849628</ele>
        <time>2026-07-27T05:51:33.976Z</time>
      </trkpt>
      <trkpt lat="44.897018" lon="6.634390">
        <ele>1216.435473</ele>
        <time>2026-07-27T05:51:34.743Z</time>
      </trkpt>
      <trkpt lat="44.896765" lon="6.634473">
        <ele>1215.075561</ele>
        <time>2026-07-27T05:51:37.220Z</time>
      </trkpt>
      <trkpt lat="44.896674" lon="6.634496">
        <ele>1214.624960</ele>
        <time>2026-07-27T05:51:38.051Z</time>
      </trkpt>
      <trkpt lat="44.896610" lon="6.634457">
        <ele>1214.355165</ele>
        <time>2026-07-27T05:51:38.685Z</time>
      </trkpt>
      <trkpt lat="44.896558" lon="6.634478">
        <ele>1214.145834</ele>
        <time>2026-07-27T05:51:39.203Z</time>
      </trkpt>
      <trkpt lat="44.896524" lon="6.634537">
        <ele>1213.937310</ele>
        <time>2026-07-27T05:51:39.850Z</time>
      </trkpt>
      <trkpt lat="44.896529" lon="6.634648">
        <ele>1213.982097</ele>
        <time>2026-07-27T05:51:41.506Z</time>
      </trkpt>
      <trkpt lat="44.896488" lon="6.634751">
        <ele>1214.125037</ele>
        <time>2026-07-27T05:51:43.687Z</time>
      </trkpt>
      <trkpt lat="44.896180" lon="6.635993">
        <ele>1215.937333</ele>
        <time>2026-07-27T05:52:04.819Z</time>
      </trkpt>
      <trkpt lat="44.896119" lon="6.636203">
        <ele>1215.818893</ele>
        <time>2026-07-27T05:52:07.883Z</time>
      </trkpt>
      <trkpt lat="44.896087" lon="6.636306">
        <ele>1215.683721</ele>
        <time>2026-07-27T05:52:08.699Z</time>
      </trkpt>
      <trkpt lat="44.895912" lon="6.636418">
        <ele>1214.553543</ele>
        <time>2026-07-27T05:52:10.431Z</time>
      </trkpt>
      <trkpt lat="44.895775" lon="6.636496">
        <ele>1213.719024</ele>
        <time>2026-07-27T05:52:11.749Z</time>
      </trkpt>
      <trkpt lat="44.895498" lon="6.636656">
        <ele>1212.703355</ele>
        <time>2026-07-27T05:52:14.785Z</time>
      </trkpt>
      <trkpt lat="44.895437" lon="6.636689">
        <ele>1212.568440</ele>
        <time>2026-07-27T05:52:15.708Z</time>
      </trkpt>
      <trkpt lat="44.895287" lon="6.636777">
        <ele>1212.842186</ele>
        <time>2026-07-27T05:52:19.441Z</time>
      </trkpt>
      <trkpt lat="44.895276" lon="6.636783">
        <ele>1212.862059</ele>
        <time>2026-07-27T05:52:19.762Z</time>
      </trkpt>
      <trkpt lat="44.895152" lon="6.636835">
        <ele>1212.880422</ele>
        <time>2026-07-27T05:52:22.577Z</time>
      </trkpt>
      <trkpt lat="44.895102" lon="6.636830">
        <ele>1212.837876</ele>
        <time>2026-07-27T05:52:23.113Z</time>
      </trkpt>
      <trkpt lat="44.895097" lon="6.636757">
        <ele>1212.793777</ele>
        <time>2026-07-27T05:52:23.625Z</time>
      </trkpt>
      <trkpt lat="44.895037" lon="6.636690">
        <ele>1212.901601</ele>
        <time>2026-07-27T05:52:24.422Z</time>
      </trkpt>
      <trkpt lat="44.894971" lon="6.636718">
        <ele>1213.209070</ele>
        <time>2026-07-27T05:52:26.153Z</time>
      </trkpt>
      <trkpt lat="44.894945" lon="6.636808">
        <ele>1213.516261</ele>
        <time>2026-07-27T05:52:29.233Z</time>
      </trkpt>
      <trkpt lat="44.894978" lon="6.636894">
        <ele>1213.869130</ele>
        <time>2026-07-27T05:52:32.705Z</time>
      </trkpt>
      <trkpt lat="44.894925" lon="6.636965">
        <ele>1214.411709</ele>
        <time>2026-07-27T05:52:36.182Z</time>
      </trkpt>
      <trkpt lat="44.894890" lon="6.637013">
        <ele>1214.774072</ele>
        <time>2026-07-27T05:52:38.390Z</time>
      </trkpt>
      <trkpt lat="44.894702" lon="6.637187">
        <ele>1216.255266</ele>
        <time>2026-07-27T05:52:47.951Z</time>
      </trkpt>
      <trkpt lat="44.894266" lon="6.637517">
        <ele>1218.646783</ele>
        <time>2026-07-27T05:53:04.006Z</time>
      </trkpt>
      <trkpt lat="44.894094" lon="6.637597">
        <ele>1219.568565</ele>
        <time>2026-07-27T05:53:10.745Z</time>
      </trkpt>
      <trkpt lat="44.893655" lon="6.637753">
        <ele>1221.951916</ele>
        <time>2026-07-27T05:53:26.517Z</time>
      </trkpt>
      <trkpt lat="44.893143" lon="6.637884">
        <ele>1225.722046</ele>
        <time>2026-07-27T05:53:50.328Z</time>
      </trkpt>
      <trkpt lat="44.892655" lon="6.637867">
        <ele>1228.515814</ele>
        <time>2026-07-27T05:54:07.913Z</time>
      </trkpt>
      <trkpt lat="44.892204" lon="6.637891">
        <ele>1232.213099</ele>
        <time>2026-07-27T05:54:29.924Z</time>
      </trkpt>
      <trkpt lat="44.891799" lon="6.637988">
        <ele>1235.659740</ele>
        <time>2026-07-27T05:54:50.500Z</time>
      </trkpt>
      <trkpt lat="44.891556" lon="6.638050">
        <ele>1236.844368</ele>
        <time>2026-07-27T05:54:58.592Z</time>
      </trkpt>
      <trkpt lat="44.891390" lon="6.638123">
        <ele>1237.295317</ele>
        <time>2026-07-27T05:55:02.916Z</time>
      </trkpt>
      <trkpt lat="44.891117" lon="6.638325">
        <ele>1238.148960</ele>
        <time>2026-07-27T05:55:08.438Z</time>
      </trkpt>
      <trkpt lat="44.891077" lon="6.638357">
        <ele>1238.666627</ele>
        <time>2026-07-27T05:55:10.747Z</time>
      </trkpt>
      <trkpt lat="44.890790" lon="6.638599">
        <ele>1243.465163</ele>
        <time>2026-07-27T05:55:37.476Z</time>
      </trkpt>
      <trkpt lat="44.890636" lon="6.638728">
        <ele>1246.523286</ele>
        <time>2026-07-27T05:55:53.041Z</time>
      </trkpt>
      <trkpt lat="44.890553" lon="6.638798">
        <ele>1248.118828</ele>
        <time>2026-07-27T05:56:01.202Z</time>
      </trkpt>
      <trkpt lat="44.890454" lon="6.638853">
        <ele>1249.657857</ele>
        <time>2026-07-27T05:56:09.267Z</time>
      </trkpt>
      <trkpt lat="44.890343" lon="6.638903">
        <ele>1251.232313</ele>
        <time>2026-07-27T05:56:17.133Z</time>
      </trkpt>
      <trkpt lat="44.890132" lon="6.638965">
        <ele>1253.169095</ele>
        <time>2026-07-27T05:56:28.933Z</time>
      </trkpt>
      <trkpt lat="44.889801" lon="6.638989">
        <ele>1252.946346</ele>
        <time>2026-07-27T05:56:33.359Z</time>
      </trkpt>
      <trkpt lat="44.889531" lon="6.639054">
        <ele>1251.783894</ele>
        <time>2026-07-27T05:56:35.777Z</time>
      </trkpt>
      <trkpt lat="44.889286" lon="6.639198">
        <ele>1252.592080</ele>
        <time>2026-07-27T05:56:45.916Z</time>
      </trkpt>
      <trkpt lat="44.889227" lon="6.639212">
        <ele>1252.746453</ele>
        <time>2026-07-27T05:56:47.863Z</time>
      </trkpt>
      <trkpt lat="44.888883" lon="6.639277">
        <ele>1253.198828</ele>
        <time>2026-07-27T05:56:53.907Z</time>
      </trkpt>
      <trkpt lat="44.888782" lon="6.639345">
        <ele>1253.707937</ele>
        <time>2026-07-27T05:56:55.661Z</time>
      </trkpt>
      <trkpt lat="44.888719" lon="6.639478">
        <ele>1254.680401</ele>
        <time>2026-07-27T05:57:00.730Z</time>
      </trkpt>
      <trkpt lat="44.888739" lon="6.639737">
        <ele>1257.300081</ele>
        <time>2026-07-27T05:57:17.716Z</time>
      </trkpt>
      <trkpt lat="44.888849" lon="6.639924">
        <ele>1259.550238</ele>
        <time>2026-07-27T05:57:30.727Z</time>
      </trkpt>
      <trkpt lat="44.889215" lon="6.640276">
        <ele>1262.025240</ele>
        <time>2026-07-27T05:57:45.189Z</time>
      </trkpt>
      <trkpt lat="44.889338" lon="6.640359">
        <ele>1262.503770</ele>
        <time>2026-07-27T05:57:48.920Z</time>
      </trkpt>
      <trkpt lat="44.889455" lon="6.640396">
        <ele>1263.002543</ele>
        <time>2026-07-27T05:57:52.103Z</time>
      </trkpt>
      <trkpt lat="44.889567" lon="6.640344">
        <ele>1263.509557</ele>
        <time>2026-07-27T05:57:55.472Z</time>
      </trkpt>
      <trkpt lat="44.889612" lon="6.640289">
        <ele>1264.178629</ele>
        <time>2026-07-27T05:57:58.397Z</time>
      </trkpt>
      <trkpt lat="44.889772" lon="6.640075">
        <ele>1266.721688</ele>
        <time>2026-07-27T05:58:15.160Z</time>
      </trkpt>
      <trkpt lat="44.889913" lon="6.639922">
        <ele>1268.225253</ele>
        <time>2026-07-27T05:58:22.931Z</time>
      </trkpt>
      <trkpt lat="44.890172" lon="6.639824">
        <ele>1268.987107</ele>
        <time>2026-07-27T05:58:27.971Z</time>
      </trkpt>
      <trkpt lat="44.890364" lon="6.639841">
        <ele>1270.240207</ele>
        <time>2026-07-27T05:58:36.563Z</time>
      </trkpt>
      <trkpt lat="44.890730" lon="6.640016">
        <ele>1274.239726</ele>
        <time>2026-07-27T05:59:00.326Z</time>
      </trkpt>
      <trkpt lat="44.891129" lon="6.640273">
        <ele>1276.739046</ele>
        <time>2026-07-27T05:59:13.572Z</time>
      </trkpt>
      <trkpt lat="44.891205" lon="6.640331">
        <ele>1277.496156</ele>
        <time>2026-07-27T05:59:19.034Z</time>
      </trkpt>
      <trkpt lat="44.891329" lon="6.640430">
        <ele>1279.606420</ele>
        <time>2026-07-27T05:59:30.570Z</time>
      </trkpt>
      <trkpt lat="44.891581" lon="6.640640">
        <ele>1283.901396</ele>
        <time>2026-07-27T05:59:52.559Z</time>
      </trkpt>
      <trkpt lat="44.891680" lon="6.640692">
        <ele>1285.068010</ele>
        <time>2026-07-27T05:59:59.649Z</time>
      </trkpt>
      <trkpt lat="44.891959" lon="6.640707">
        <ele>1287.451889</ele>
        <time>2026-07-27T06:00:13.517Z</time>
      </trkpt>
      <trkpt lat="44.892142" lon="6.640682">
        <ele>1287.654598</ele>
        <time>2026-07-27T06:00:17.739Z</time>
      </trkpt>
      <trkpt lat="44.892354" lon="6.640618">
        <ele>1286.737261</ele>
        <time>2026-07-27T06:00:19.726Z</time>
      </trkpt>
      <trkpt lat="44.892812" lon="6.640224">
        <ele>1283.334198</ele>
        <time>2026-07-27T06:00:24.532Z</time>
      </trkpt>
      <trkpt lat="44.892977" lon="6.640221">
        <ele>1284.301195</ele>
        <time>2026-07-27T06:00:28.601Z</time>
      </trkpt>
      <trkpt lat="44.893028" lon="6.640254">
        <ele>1284.712376</ele>
        <time>2026-07-27T06:00:32.131Z</time>
      </trkpt>
      <trkpt lat="44.893096" lon="6.640395">
        <ele>1287.489035</ele>
        <time>2026-07-27T06:00:44.958Z</time>
      </trkpt>
      <trkpt lat="44.893101" lon="6.640460">
        <ele>1288.720705</ele>
        <time>2026-07-27T06:00:50.018Z</time>
      </trkpt>
      <trkpt lat="44.893068" lon="6.640669">
        <ele>1292.587388</ele>
        <time>2026-07-27T06:01:06.297Z</time>
      </trkpt>
      <trkpt lat="44.893041" lon="6.640917">
        <ele>1296.576781</ele>
        <time>2026-07-27T06:01:24.972Z</time>
      </trkpt>
      <trkpt lat="44.893061" lon="6.641069">
        <ele>1297.784080</ele>
        <time>2026-07-27T06:01:32.502Z</time>
      </trkpt>
      <trkpt lat="44.893150" lon="6.641403">
        <ele>1299.733828</ele>
        <time>2026-07-27T06:01:40.467Z</time>
      </trkpt>
      <trkpt lat="44.893251" lon="6.641892">
        <ele>1302.747835</ele>
        <time>2026-07-27T06:01:58.924Z</time>
      </trkpt>
      <trkpt lat="44.893243" lon="6.642074">
        <ele>1303.840673</ele>
        <time>2026-07-27T06:02:05.560Z</time>
      </trkpt>
      <trkpt lat="44.893189" lon="6.642260">
        <ele>1304.903472</ele>
        <time>2026-07-27T06:02:11.429Z</time>
      </trkpt>
      <trkpt lat="44.893052" lon="6.642549">
        <ele>1306.897540</ele>
        <time>2026-07-27T06:02:22.339Z</time>
      </trkpt>
      <trkpt lat="44.893007" lon="6.642701">
        <ele>1308.058218</ele>
        <time>2026-07-27T06:02:28.958Z</time>
      </trkpt>
      <trkpt lat="44.892972" lon="6.642997">
        <ele>1310.750058</ele>
        <time>2026-07-27T06:02:44.748Z</time>
      </trkpt>
      <trkpt lat="44.892961" lon="6.643349">
        <ele>1312.888696</ele>
        <time>2026-07-27T06:02:55.999Z</time>
      </trkpt>
      <trkpt lat="44.892994" lon="6.644093">
        <ele>1316.606392</ele>
        <time>2026-07-27T06:03:19.438Z</time>
      </trkpt>
      <trkpt lat="44.892963" lon="6.644378">
        <ele>1317.440400</ele>
        <time>2026-07-27T06:03:25.639Z</time>
      </trkpt>
      <trkpt lat="44.892713" lon="6.644935">
        <ele>1318.511546</ele>
        <time>2026-07-27T06:03:36.208Z</time>
      </trkpt>
      <trkpt lat="44.892682" lon="6.645036">
        <ele>1318.669212</ele>
        <time>2026-07-27T06:03:37.887Z</time>
      </trkpt>
      <trkpt lat="44.892648" lon="6.645326">
        <ele>1319.661399</ele>
        <time>2026-07-27T06:03:43.670Z</time>
      </trkpt>
      <trkpt lat="44.892607" lon="6.645538">
        <ele>1321.192918</ele>
        <time>2026-07-27T06:03:53.140Z</time>
      </trkpt>
      <trkpt lat="44.892457" lon="6.645861">
        <ele>1324.374133</ele>
        <time>2026-07-27T06:04:11.174Z</time>
      </trkpt>
      <trkpt lat="44.892328" lon="6.645975">
        <ele>1326.031273</ele>
        <time>2026-07-27T06:04:19.520Z</time>
      </trkpt>
      <trkpt lat="44.892144" lon="6.646034">
        <ele>1327.983367</ele>
        <time>2026-07-27T06:04:30.332Z</time>
      </trkpt>
      <trkpt lat="44.892032" lon="6.646142">
        <ele>1329.384139</ele>
        <time>2026-07-27T06:04:37.723Z</time>
      </trkpt>
      <trkpt lat="44.891909" lon="6.646497">
        <ele>1332.323473</ele>
        <time>2026-07-27T06:04:53.133Z</time>
      </trkpt>
      <trkpt lat="44.891770" lon="6.646683">
        <ele>1334.681337</ele>
        <time>2026-07-27T06:05:07.025Z</time>
      </trkpt>
      <trkpt lat="44.891350" lon="6.646931">
        <ele>1338.006430</ele>
        <time>2026-07-27T06:05:26.999Z</time>
      </trkpt>
      <trkpt lat="44.891069" lon="6.646966">
        <ele>1338.451923</ele>
        <time>2026-07-27T06:05:32.413Z</time>
      </trkpt>
      <trkpt lat="44.890726" lon="6.646963">
        <ele>1338.672046</ele>
        <time>2026-07-27T06:05:37.379Z</time>
      </trkpt>
      <trkpt lat="44.890653" lon="6.646979">
        <ele>1338.825192</ele>
        <time>2026-07-27T06:05:39.228Z</time>
      </trkpt>
      <trkpt lat="44.890600" lon="6.647012">
        <ele>1339.164718</ele>
        <time>2026-07-27T06:05:41.240Z</time>
      </trkpt>
      <trkpt lat="44.890424" lon="6.647280">
        <ele>1340.736161</ele>
        <time>2026-07-27T06:05:52.315Z</time>
      </trkpt>
      <trkpt lat="44.890331" lon="6.647449">
        <ele>1341.790345</ele>
        <time>2026-07-27T06:05:57.741Z</time>
      </trkpt>
      <trkpt lat="44.890145" lon="6.647665">
        <ele>1343.905389</ele>
        <time>2026-07-27T06:06:11.281Z</time>
      </trkpt>
      <trkpt lat="44.890109" lon="6.647690">
        <ele>1344.232793</ele>
        <time>2026-07-27T06:06:13.401Z</time>
      </trkpt>
      <trkpt lat="44.889837" lon="6.647746">
        <ele>1346.138984</ele>
        <time>2026-07-27T06:06:25.050Z</time>
      </trkpt>
      <trkpt lat="44.889636" lon="6.647694">
        <ele>1346.641767</ele>
        <time>2026-07-27T06:06:31.181Z</time>
      </trkpt>
      <trkpt lat="44.889486" lon="6.647605">
        <ele>1346.557107</ele>
        <time>2026-07-27T06:06:32.757Z</time>
      </trkpt>
      <trkpt lat="44.889389" lon="6.647580">
        <ele>1346.386678</ele>
        <time>2026-07-27T06:06:33.788Z</time>
      </trkpt>
      <trkpt lat="44.889157" lon="6.647584">
        <ele>1347.004283</ele>
        <time>2026-07-27T06:06:39.253Z</time>
      </trkpt>
      <trkpt lat="44.888694" lon="6.647728">
        <ele>1351.047042</ele>
        <time>2026-07-27T06:07:05.969Z</time>
      </trkpt>
      <trkpt lat="44.887924" lon="6.647767">
        <ele>1351.252086</ele>
        <time>2026-07-27T06:07:15.872Z</time>
      </trkpt>
      <trkpt lat="44.887371" lon="6.647874">
        <ele>1353.180634</ele>
        <time>2026-07-27T06:07:32.619Z</time>
      </trkpt>
      <trkpt lat="44.887229" lon="6.647921">
        <ele>1353.805477</ele>
        <time>2026-07-27T06:07:37.806Z</time>
      </trkpt>
      <trkpt lat="44.886766" lon="6.648164">
        <ele>1355.258261</ele>
        <time>2026-07-27T06:07:53.029Z</time>
      </trkpt>
      <trkpt lat="44.886660" lon="6.648236">
        <ele>1355.353459</ele>
        <time>2026-07-27T06:07:54.064Z</time>
      </trkpt>
      <trkpt lat="44.886604" lon="6.648309">
        <ele>1355.828249</ele>
        <time>2026-07-27T06:07:54.805Z</time>
      </trkpt>
      <trkpt lat="44.886568" lon="6.648369">
        <ele>1356.175204</ele>
        <time>2026-07-27T06:07:57.302Z</time>
      </trkpt>
      <trkpt lat="44.886516" lon="6.648599">
        <ele>1358.758060</ele>
        <time>2026-07-27T06:08:15.398Z</time>
      </trkpt>
      <trkpt lat="44.886574" lon="6.649068">
        <ele>1365.117655</ele>
        <time>2026-07-27T06:08:47.471Z</time>
      </trkpt>
      <trkpt lat="44.886545" lon="6.649377">
        <ele>1367.118160</ele>
        <time>2026-07-27T06:08:57.012Z</time>
      </trkpt>
      <trkpt lat="44.886410" lon="6.649595">
        <ele>1368.595108</ele>
        <time>2026-07-27T06:09:06.819Z</time>
      </trkpt>
      <trkpt lat="44.886107" lon="6.649877">
        <ele>1370.497775</ele>
        <time>2026-07-27T06:09:16.907Z</time>
      </trkpt>
      <trkpt lat="44.885964" lon="6.650151">
        <ele>1373.016544</ele>
        <time>2026-07-27T06:09:33.643Z</time>
      </trkpt>
      <trkpt lat="44.885919" lon="6.650314">
        <ele>1374.353099</ele>
        <time>2026-07-27T06:09:41.407Z</time>
      </trkpt>
      <trkpt lat="44.885791" lon="6.650780">
        <ele>1375.284242</ele>
        <time>2026-07-27T06:09:50.197Z</time>
      </trkpt>
      <trkpt lat="44.885718" lon="6.650918">
        <ele>1375.299709</ele>
        <time>2026-07-27T06:09:51.414Z</time>
      </trkpt>
      <trkpt lat="44.885534" lon="6.651101">
        <ele>1375.490836</ele>
        <time>2026-07-27T06:09:55.157Z</time>
      </trkpt>
      <trkpt lat="44.885409" lon="6.651284">
        <ele>1376.449787</ele>
        <time>2026-07-27T06:10:02.504Z</time>
      </trkpt>
      <trkpt lat="44.885262" lon="6.651672">
        <ele>1379.401794</ele>
        <time>2026-07-27T06:10:17.447Z</time>
      </trkpt>
      <trkpt lat="44.885165" lon="6.652405">
        <ele>1386.166059</ele>
        <time>2026-07-27T06:10:54.774Z</time>
      </trkpt>
      <trkpt lat="44.885170" lon="6.652623">
        <ele>1387.766648</ele>
        <time>2026-07-27T06:11:03.976Z</time>
      </trkpt>
      <trkpt lat="44.885253" lon="6.653050">
        <ele>1389.852042</ele>
        <time>2026-07-27T06:11:17.687Z</time>
      </trkpt>
      <trkpt lat="44.885248" lon="6.653252">
        <ele>1389.800748</ele>
        <time>2026-07-27T06:11:19.275Z</time>
      </trkpt>
      <trkpt lat="44.885185" lon="6.653431">
        <ele>1389.477812</ele>
        <time>2026-07-27T06:11:20.651Z</time>
      </trkpt>
      <trkpt lat="44.885025" lon="6.653730">
        <ele>1389.273117</ele>
        <time>2026-07-27T06:11:23.528Z</time>
      </trkpt>
      <trkpt lat="44.884721" lon="6.654149">
        <ele>1391.638741</ele>
        <time>2026-07-27T06:11:42.435Z</time>
      </trkpt>
      <trkpt lat="44.884633" lon="6.654357">
        <ele>1392.067458</ele>
        <time>2026-07-27T06:11:45.635Z</time>
      </trkpt>
      <trkpt lat="44.884498" lon="6.654872">
        <ele>1392.479308</ele>
        <time>2026-07-27T06:11:52.712Z</time>
      </trkpt>
      <trkpt lat="44.884073" lon="6.657382">
        <ele>1396.941104</ele>
        <time>2026-07-27T06:12:36.568Z</time>
      </trkpt>
      <trkpt lat="44.884068" lon="6.657761">
        <ele>1399.367948</ele>
        <time>2026-07-27T06:12:51.458Z</time>
      </trkpt>
      <trkpt lat="44.884101" lon="6.658190">
        <ele>1403.094498</ele>
        <time>2026-07-27T06:13:11.018Z</time>
      </trkpt>
      <trkpt lat="44.884285" lon="6.659031">
        <ele>1410.722889</ele>
        <time>2026-07-27T06:13:51.544Z</time>
      </trkpt>
      <trkpt lat="44.884289" lon="6.659219">
        <ele>1412.145383</ele>
        <time>2026-07-27T06:13:59.159Z</time>
      </trkpt>
      <trkpt lat="44.884269" lon="6.659304">
        <ele>1412.816461</ele>
        <time>2026-07-27T06:14:02.769Z</time>
      </trkpt>
      <trkpt lat="44.884174" lon="6.659414">
        <ele>1413.375146</ele>
        <time>2026-07-27T06:14:08.594Z</time>
      </trkpt>
      <trkpt lat="44.883982" lon="6.659463">
        <ele>1412.910828</ele>
        <time>2026-07-27T06:14:11.105Z</time>
      </trkpt>
      <trkpt lat="44.883763" lon="6.659457">
        <ele>1409.274971</ele>
        <time>2026-07-27T06:14:12.915Z</time>
      </trkpt>
      <trkpt lat="44.883573" lon="6.659426">
        <ele>1404.635113</ele>
        <time>2026-07-27T06:14:14.512Z</time>
      </trkpt>
      <trkpt lat="44.883485" lon="6.659443">
        <ele>1403.007701</ele>
        <time>2026-07-27T06:14:15.238Z</time>
      </trkpt>
      <trkpt lat="44.883377" lon="6.659545">
        <ele>1401.645155</ele>
        <time>2026-07-27T06:14:16.629Z</time>
      </trkpt>
      <trkpt lat="44.883162" lon="6.659860">
        <ele>1402.472397</ele>
        <time>2026-07-27T06:14:26.637Z</time>
      </trkpt>
      <trkpt lat="44.882925" lon="6.660061">
        <ele>1402.997690</ele>
        <time>2026-07-27T06:14:31.235Z</time>
      </trkpt>
      <trkpt lat="44.882799" lon="6.660276">
        <ele>1403.890513</ele>
        <time>2026-07-27T06:14:38.282Z</time>
      </trkpt>
      <trkpt lat="44.882736" lon="6.660565">
        <ele>1405.331029</ele>
        <time>2026-07-27T06:14:46.789Z</time>
      </trkpt>
      <trkpt lat="44.882745" lon="6.661036">
        <ele>1408.213566</ele>
        <time>2026-07-27T06:15:03.757Z</time>
      </trkpt>
      <trkpt lat="44.882693" lon="6.661484">
        <ele>1410.837897</ele>
        <time>2026-07-27T06:15:20.940Z</time>
      </trkpt>
      <trkpt lat="44.882601" lon="6.661759">
        <ele>1411.219896</ele>
        <time>2026-07-27T06:15:26.538Z</time>
      </trkpt>
      <trkpt lat="44.882275" lon="6.662374">
        <ele>1407.382753</ele>
        <time>2026-07-27T06:15:31.370Z</time>
      </trkpt>
      <trkpt lat="44.882208" lon="6.662633">
        <ele>1405.169892</ele>
        <time>2026-07-27T06:15:32.973Z</time>
      </trkpt>
      <trkpt lat="44.882208" lon="6.662759">
        <ele>1405.311185</ele>
        <time>2026-07-27T06:15:34.923Z</time>
      </trkpt>
      <trkpt lat="44.882230" lon="6.662915">
        <ele>1406.698159</ele>
        <time>2026-07-27T06:15:44.456Z</time>
      </trkpt>
      <trkpt lat="44.882351" lon="6.663336">
        <ele>1411.416683</ele>
        <time>2026-07-27T06:16:11.677Z</time>
      </trkpt>
      <trkpt lat="44.882350" lon="6.663543">
        <ele>1412.522554</ele>
        <time>2026-07-27T06:16:16.992Z</time>
      </trkpt>
      <trkpt lat="44.882237" lon="6.663948">
        <ele>1413.768699</ele>
        <time>2026-07-27T06:16:26.359Z</time>
      </trkpt>
      <trkpt lat="44.882012" lon="6.664385">
        <ele>1415.125652</ele>
        <time>2026-07-27T06:16:33.357Z</time>
      </trkpt>
      <trkpt lat="44.881954" lon="6.664702">
        <ele>1420.029016</ele>
        <time>2026-07-27T06:16:58.049Z</time>
      </trkpt>
      <trkpt lat="44.881898" lon="6.664975">
        <ele>1424.111838</ele>
        <time>2026-07-27T06:17:19.424Z</time>
      </trkpt>
      <trkpt lat="44.881838" lon="6.665107">
        <ele>1424.927633</ele>
        <time>2026-07-27T06:17:23.623Z</time>
      </trkpt>
      <trkpt lat="44.881664" lon="6.665367">
        <ele>1424.271712</ele>
        <time>2026-07-27T06:17:26.010Z</time>
      </trkpt>
      <trkpt lat="44.881620" lon="6.665480">
        <ele>1423.776242</ele>
        <time>2026-07-27T06:17:26.856Z</time>
      </trkpt>
      <trkpt lat="44.881413" lon="6.666339">
        <ele>1420.163375</ele>
        <time>2026-07-27T06:17:32.764Z</time>
      </trkpt>
      <trkpt lat="44.881372" lon="6.666648">
        <ele>1419.624386</ele>
        <time>2026-07-27T06:17:35.104Z</time>
      </trkpt>
      <trkpt lat="44.881402" lon="6.667175">
        <ele>1420.232816</ele>
        <time>2026-07-27T06:17:42.840Z</time>
      </trkpt>
      <trkpt lat="44.881656" lon="6.667958">
        <ele>1423.135753</ele>
        <time>2026-07-27T06:18:04.500Z</time>
      </trkpt>
      <trkpt lat="44.881695" lon="6.668506">
        <ele>1425.487370</ele>
        <time>2026-07-27T06:18:19.800Z</time>
      </trkpt>
      <trkpt lat="44.881891" lon="6.668900">
        <ele>1427.436796</ele>
        <time>2026-07-27T06:18:32.911Z</time>
      </trkpt>
      <trkpt lat="44.881943" lon="6.669026">
        <ele>1427.956328</ele>
        <time>2026-07-27T06:18:36.599Z</time>
      </trkpt>
      <trkpt lat="44.881989" lon="6.669317">
        <ele>1428.627916</ele>
        <time>2026-07-27T06:18:43.330Z</time>
      </trkpt>
      <trkpt lat="44.881976" lon="6.669390">
        <ele>1428.766530</ele>
        <time>2026-07-27T06:18:44.329Z</time>
      </trkpt>
      <trkpt lat="44.881915" lon="6.669493">
        <ele>1428.236334</ele>
        <time>2026-07-27T06:18:45.257Z</time>
      </trkpt>
      <trkpt lat="44.881811" lon="6.669544">
        <ele>1427.508944</ele>
        <time>2026-07-27T06:18:46.212Z</time>
      </trkpt>
      <trkpt lat="44.881559" lon="6.669592">
        <ele>1425.165548</ele>
        <time>2026-07-27T06:18:48.414Z</time>
      </trkpt>
      <trkpt lat="44.881114" lon="6.669803">
        <ele>1420.085335</ele>
        <time>2026-07-27T06:18:52.429Z</time>
      </trkpt>
      <trkpt lat="44.880836" lon="6.669852">
        <ele>1416.342784</ele>
        <time>2026-07-27T06:18:54.771Z</time>
      </trkpt>
      <trkpt lat="44.880546" lon="6.669839">
        <ele>1412.510655</ele>
        <time>2026-07-27T06:18:57.206Z</time>
      </trkpt>
      <trkpt lat="44.880423" lon="6.669902">
        <ele>1410.860251</ele>
        <time>2026-07-27T06:18:58.300Z</time>
      </trkpt>
      <trkpt lat="44.880374" lon="6.669980">
        <ele>1409.984894</ele>
        <time>2026-07-27T06:18:58.923Z</time>
      </trkpt>
      <trkpt lat="44.880353" lon="6.670096">
        <ele>1408.979495</ele>
        <time>2026-07-27T06:18:59.643Z</time>
      </trkpt>
      <trkpt lat="44.880356" lon="6.670384">
        <ele>1407.059380</ele>
        <time>2026-07-27T06:19:01.412Z</time>
      </trkpt>
      <trkpt lat="44.880296" lon="6.670782">
        <ele>1405.235088</ele>
        <time>2026-07-27T06:19:04.042Z</time>
      </trkpt>
      <trkpt lat="44.880275" lon="6.671165">
        <ele>1404.641576</ele>
        <time>2026-07-27T06:19:06.891Z</time>
      </trkpt>
      <trkpt lat="44.880209" lon="6.671323">
        <ele>1404.727031</ele>
        <time>2026-07-27T06:19:09.584Z</time>
      </trkpt>
      <trkpt lat="44.880013" lon="6.671475">
        <ele>1405.508531</ele>
        <time>2026-07-27T06:19:16.344Z</time>
      </trkpt>
      <trkpt lat="44.879941" lon="6.671613">
        <ele>1405.987021</ele>
        <time>2026-07-27T06:19:20.235Z</time>
      </trkpt>
      <trkpt lat="44.879937" lon="6.671714">
        <ele>1406.271157</ele>
        <time>2026-07-27T06:19:22.452Z</time>
      </trkpt>
      <trkpt lat="44.880003" lon="6.672019">
        <ele>1407.211036</ele>
        <time>2026-07-27T06:19:29.223Z</time>
      </trkpt>
      <trkpt lat="44.879981" lon="6.672473">
        <ele>1409.001296</ele>
        <time>2026-07-27T06:19:41.528Z</time>
      </trkpt>
      <trkpt lat="44.880027" lon="6.672897">
        <ele>1410.713700</ele>
        <time>2026-07-27T06:19:53.317Z</time>
      </trkpt>
      <trkpt lat="44.880021" lon="6.673117">
        <ele>1411.439409</ele>
        <time>2026-07-27T06:19:58.172Z</time>
      </trkpt>
      <trkpt lat="44.879906" lon="6.673719">
        <ele>1412.696015</ele>
        <time>2026-07-27T06:20:10.409Z</time>
      </trkpt>
      <trkpt lat="44.879894" lon="6.674181">
        <ele>1412.313948</ele>
        <time>2026-07-27T06:20:14.216Z</time>
      </trkpt>
      <trkpt lat="44.879859" lon="6.674396">
        <ele>1411.965884</ele>
        <time>2026-07-27T06:20:15.814Z</time>
      </trkpt>
      <trkpt lat="44.879612" lon="6.674880">
        <ele>1411.131103</ele>
        <time>2026-07-27T06:20:20.422Z</time>
      </trkpt>
      <trkpt lat="44.879544" lon="6.675141">
        <ele>1410.937705</ele>
        <time>2026-07-27T06:20:22.731Z</time>
      </trkpt>
      <trkpt lat="44.879433" lon="6.676403">
        <ele>1412.683015</ele>
        <time>2026-07-27T06:20:43.138Z</time>
      </trkpt>
      <trkpt lat="44.879348" lon="6.676888">
        <ele>1414.288344</ele>
        <time>2026-07-27T06:20:54.422Z</time>
      </trkpt>
      <trkpt lat="44.878959" lon="6.678378">
        <ele>1423.023516</ele>
        <time>2026-07-27T06:21:47.181Z</time>
      </trkpt>
      <trkpt lat="44.878856" lon="6.679157">
        <ele>1427.457986</ele>
        <time>2026-07-27T06:22:14.037Z</time>
      </trkpt>
      <trkpt lat="44.878818" lon="6.679272">
        <ele>1427.781348</ele>
        <time>2026-07-27T06:22:17.013Z</time>
      </trkpt>
      <trkpt lat="44.878328" lon="6.680348">
        <ele>1428.323607</ele>
        <time>2026-07-27T06:22:31.421Z</time>
      </trkpt>
      <trkpt lat="44.878105" lon="6.680911">
        <ele>1428.814869</ele>
        <time>2026-07-27T06:22:39.232Z</time>
      </trkpt>
      <trkpt lat="44.877674" lon="6.681610">
        <ele>1431.801634</ele>
        <time>2026-07-27T06:23:01.361Z</time>
      </trkpt>
      <trkpt lat="44.877242" lon="6.682749">
        <ele>1437.605645</ele>
        <time>2026-07-27T06:23:38.957Z</time>
      </trkpt>
      <trkpt lat="44.877188" lon="6.682973">
        <ele>1438.525126</ele>
        <time>2026-07-27T06:23:44.900Z</time>
      </trkpt>
      <trkpt lat="44.877156" lon="6.683239">
        <ele>1439.551449</ele>
        <time>2026-07-27T06:23:51.505Z</time>
      </trkpt>
      <trkpt lat="44.877143" lon="6.685039">
        <ele>1447.335270</ele>
        <time>2026-07-27T06:24:41.692Z</time>
      </trkpt>
      <trkpt lat="44.877141" lon="6.685893">
        <ele>1451.565887</ele>
        <time>2026-07-27T06:25:07.902Z</time>
      </trkpt>
      <trkpt lat="44.877131" lon="6.686764">
        <ele>1455.675575</ele>
        <time>2026-07-27T06:25:33.167Z</time>
      </trkpt>
      <trkpt lat="44.877122" lon="6.687103">
        <ele>1457.607535</ele>
        <time>2026-07-27T06:25:44.440Z</time>
      </trkpt>
      <trkpt lat="44.877086" lon="6.687544">
        <ele>1460.306233</ele>
        <time>2026-07-27T06:26:01.518Z</time>
      </trkpt>
      <trkpt lat="44.877062" lon="6.687776">
        <ele>1461.363757</ele>
        <time>2026-07-27T06:26:06.210Z</time>
      </trkpt>
      <trkpt lat="44.877013" lon="6.688072">
        <ele>1462.901650</ele>
        <time>2026-07-27T06:26:16.594Z</time>
      </trkpt>
      <trkpt lat="44.876879" lon="6.688631">
        <ele>1466.231482</ele>
        <time>2026-07-27T06:26:36.798Z</time>
      </trkpt>
      <trkpt lat="44.876661" lon="6.689246">
        <ele>1469.395308</ele>
        <time>2026-07-27T06:26:55.797Z</time>
      </trkpt>
      <trkpt lat="44.876438" lon="6.689745">
        <ele>1472.735942</ele>
        <time>2026-07-27T06:27:14.513Z</time>
      </trkpt>
      <trkpt lat="44.875997" lon="6.690474">
        <ele>1479.594555</ele>
        <time>2026-07-27T06:27:54.352Z</time>
      </trkpt>
      <trkpt lat="44.874519" lon="6.692806">
        <ele>1496.348061</ele>
        <time>2026-07-27T06:29:34.499Z</time>
      </trkpt>
      <trkpt lat="44.874103" lon="6.693248">
        <ele>1498.285339</ele>
        <time>2026-07-27T06:29:49.111Z</time>
      </trkpt>
      <trkpt lat="44.873552" lon="6.693691">
        <ele>1500.136760</ele>
        <time>2026-07-27T06:30:05.758Z</time>
      </trkpt>
      <trkpt lat="44.873282" lon="6.693945">
        <ele>1500.801720</ele>
        <time>2026-07-27T06:30:13.254Z</time>
      </trkpt>
      <trkpt lat="44.873064" lon="6.694270">
        <ele>1501.473393</ele>
        <time>2026-07-27T06:30:20.118Z</time>
      </trkpt>
      <trkpt lat="44.872975" lon="6.694465">
        <ele>1501.964931</ele>
        <time>2026-07-27T06:30:24.797Z</time>
      </trkpt>
      <trkpt lat="44.872874" lon="6.694920">
        <ele>1503.733352</ele>
        <time>2026-07-27T06:30:36.911Z</time>
      </trkpt>
      <trkpt lat="44.872844" lon="6.695251">
        <ele>1505.145683</ele>
        <time>2026-07-27T06:30:45.835Z</time>
      </trkpt>
      <trkpt lat="44.872779" lon="6.697070">
        <ele>1513.745344</ele>
        <time>2026-07-27T06:31:40.081Z</time>
      </trkpt>
      <trkpt lat="44.872722" lon="6.697512">
        <ele>1515.485179</ele>
        <time>2026-07-27T06:31:52.122Z</time>
      </trkpt>
      <trkpt lat="44.872450" lon="6.699030">
        <ele>1519.438185</ele>
        <time>2026-07-27T06:32:23.428Z</time>
      </trkpt>
      <trkpt lat="44.872396" lon="6.699353">
        <ele>1520.840157</ele>
        <time>2026-07-27T06:32:32.172Z</time>
      </trkpt>
      <trkpt lat="44.872206" lon="6.700408">
        <ele>1527.284810</ele>
        <time>2026-07-27T06:33:10.910Z</time>
      </trkpt>
      <trkpt lat="44.872090" lon="6.700796">
        <ele>1529.646458</ele>
        <time>2026-07-27T06:33:22.144Z</time>
      </trkpt>
      <trkpt lat="44.871921" lon="6.701163">
        <ele>1533.144780</ele>
        <time>2026-07-27T06:33:46.037Z</time>
      </trkpt>
      <trkpt lat="44.871740" lon="6.701423">
        <ele>1532.771716</ele>
        <time>2026-07-27T06:33:48.760Z</time>
      </trkpt>
      <trkpt lat="44.871617" lon="6.701549">
        <ele>1530.856429</ele>
        <time>2026-07-27T06:33:50.008Z</time>
      </trkpt>
      <trkpt lat="44.871340" lon="6.701738">
        <ele>1527.826072</ele>
        <time>2026-07-27T06:33:52.666Z</time>
      </trkpt>
      <trkpt lat="44.870239" lon="6.702063">
        <ele>1525.014982</ele>
        <time>2026-07-27T06:34:04.531Z</time>
      </trkpt>
      <trkpt lat="44.869931" lon="6.702241">
        <ele>1526.484374</ele>
        <time>2026-07-27T06:34:15.767Z</time>
      </trkpt>
      <trkpt lat="44.869661" lon="6.702486">
        <ele>1528.795743</ele>
        <time>2026-07-27T06:34:30.511Z</time>
      </trkpt>
      <trkpt lat="44.869429" lon="6.702810">
        <ele>1531.033819</ele>
        <time>2026-07-27T06:34:45.272Z</time>
      </trkpt>
      <trkpt lat="44.869332" lon="6.703008">
        <ele>1531.730927</ele>
        <time>2026-07-27T06:34:49.964Z</time>
      </trkpt>
      <trkpt lat="44.869191" lon="6.703426">
        <ele>1532.425770</ele>
        <time>2026-07-27T06:34:56.073Z</time>
      </trkpt>
      <trkpt lat="44.869016" lon="6.704769">
        <ele>1537.798644</ele>
        <time>2026-07-27T06:35:31.446Z</time>
      </trkpt>
      <trkpt lat="44.868899" lon="6.705356">
        <ele>1544.574532</ele>
        <time>2026-07-27T06:36:06.956Z</time>
      </trkpt>
      <trkpt lat="44.868644" lon="6.706348">
        <ele>1555.807763</ele>
        <time>2026-07-27T06:37:06.932Z</time>
      </trkpt>
      <trkpt lat="44.868116" lon="6.708190">
        <ele>1555.925322</ele>
        <time>2026-07-27T06:37:25.204Z</time>
      </trkpt>
      <trkpt lat="44.867892" lon="6.709044">
        <ele>1556.445272</ele>
        <time>2026-07-27T06:37:37.557Z</time>
      </trkpt>
      <trkpt lat="44.867729" lon="6.709323">
        <ele>1556.354550</ele>
        <time>2026-07-27T06:37:41.528Z</time>
      </trkpt>
      <trkpt lat="44.867489" lon="6.709670">
        <ele>1555.809503</ele>
        <time>2026-07-27T06:37:45.098Z</time>
      </trkpt>
      <trkpt lat="44.867441" lon="6.709794">
        <ele>1556.335730</ele>
        <time>2026-07-27T06:37:48.326Z</time>
      </trkpt>
      <trkpt lat="44.867405" lon="6.709940">
        <ele>1556.977445</ele>
        <time>2026-07-27T06:37:53.640Z</time>
      </trkpt>
      <trkpt lat="44.867383" lon="6.710244">
        <ele>1558.834603</ele>
        <time>2026-07-27T06:38:04.539Z</time>
      </trkpt>
      <trkpt lat="44.867388" lon="6.710392">
        <ele>1559.893509</ele>
        <time>2026-07-27T06:38:09.973Z</time>
      </trkpt>
      <trkpt lat="44.867617" lon="6.711597">
        <ele>1569.213362</ele>
        <time>2026-07-27T06:39:01.208Z</time>
      </trkpt>
      <trkpt lat="44.867738" lon="6.712089">
        <ele>1572.492827</ele>
        <time>2026-07-27T06:39:20.109Z</time>
      </trkpt>
      <trkpt lat="44.867910" lon="6.712600">
        <ele>1574.814016</ele>
        <time>2026-07-27T06:39:35.571Z</time>
      </trkpt>
      <trkpt lat="44.868053" lon="6.713478">
        <ele>1576.422466</ele>
        <time>2026-07-27T06:39:51.030Z</time>
      </trkpt>
      <trkpt lat="44.868060" lon="6.713624">
        <ele>1576.597955</ele>
        <time>2026-07-27T06:39:53.036Z</time>
      </trkpt>
      <trkpt lat="44.868023" lon="6.713909">
        <ele>1576.876768</ele>
        <time>2026-07-27T06:39:56.823Z</time>
      </trkpt>
      <trkpt lat="44.867828" lon="6.714638">
        <ele>1578.428849</ele>
        <time>2026-07-27T06:40:12.006Z</time>
      </trkpt>
      <trkpt lat="44.867764" lon="6.714849">
        <ele>1578.770079</ele>
        <time>2026-07-27T06:40:15.602Z</time>
      </trkpt>
      <trkpt lat="44.867731" lon="6.714977">
        <ele>1578.873059</ele>
        <time>2026-07-27T06:40:17.487Z</time>
      </trkpt>
      <trkpt lat="44.867645" lon="6.715477">
        <ele>1579.363324</ele>
        <time>2026-07-27T06:40:24.144Z</time>
      </trkpt>
      <trkpt lat="44.867638" lon="6.715845">
        <ele>1580.654026</ele>
        <time>2026-07-27T06:40:33.116Z</time>
      </trkpt>
      <trkpt lat="44.867748" lon="6.716805">
        <ele>1585.812116</ele>
        <time>2026-07-27T06:41:03.970Z</time>
      </trkpt>
      <trkpt lat="44.867859" lon="6.717230">
        <ele>1588.643031</ele>
        <time>2026-07-27T06:41:21.494Z</time>
      </trkpt>
      <trkpt lat="44.868183" lon="6.718251">
        <ele>1593.624292</ele>
        <time>2026-07-27T06:41:52.893Z</time>
      </trkpt>
      <trkpt lat="44.868366" lon="6.718794">
        <ele>1595.884456</ele>
        <time>2026-07-27T06:42:07.206Z</time>
      </trkpt>
      <trkpt lat="44.868612" lon="6.719423">
        <ele>1599.604056</ele>
        <time>2026-07-27T06:42:32.553Z</time>
      </trkpt>
      <trkpt lat="44.868632" lon="6.719674">
        <ele>1599.867836</ele>
        <time>2026-07-27T06:42:34.665Z</time>
      </trkpt>
      <trkpt lat="44.868589" lon="6.719804">
        <ele>1599.666269</ele>
        <time>2026-07-27T06:42:35.672Z</time>
      </trkpt>
      <trkpt lat="44.868350" lon="6.720156">
        <ele>1600.028998</ele>
        <time>2026-07-27T06:42:40.819Z</time>
      </trkpt>
      <trkpt lat="44.868231" lon="6.720446">
        <ele>1601.811887</ele>
        <time>2026-07-27T06:42:53.433Z</time>
      </trkpt>
      <trkpt lat="44.868196" lon="6.720728">
        <ele>1603.813709</ele>
        <time>2026-07-27T06:43:04.169Z</time>
      </trkpt>
      <trkpt lat="44.868196" lon="6.721017">
        <ele>1606.153378</ele>
        <time>2026-07-27T06:43:16.723Z</time>
      </trkpt>
      <trkpt lat="44.868207" lon="6.721178">
        <ele>1607.569909</ele>
        <time>2026-07-27T06:43:24.871Z</time>
      </trkpt>
      <trkpt lat="44.868215" lon="6.721293">
        <ele>1608.581889</ele>
        <time>2026-07-27T06:43:30.190Z</time>
      </trkpt>
      <trkpt lat="44.868304" lon="6.721922">
        <ele>1612.441176</ele>
        <time>2026-07-27T06:43:51.668Z</time>
      </trkpt>
      <trkpt lat="44.868338" lon="6.722093">
        <ele>1613.602260</ele>
        <time>2026-07-27T06:43:58.468Z</time>
      </trkpt>
      <trkpt lat="44.868508" lon="6.722654">
        <ele>1617.299439</ele>
        <time>2026-07-27T06:44:20.711Z</time>
      </trkpt>
      <trkpt lat="44.868704" lon="6.723078">
        <ele>1619.087994</ele>
        <time>2026-07-27T06:44:31.979Z</time>
      </trkpt>
      <trkpt lat="44.869523" lon="6.724517">
        <ele>1626.966700</ele>
        <time>2026-07-27T06:45:23.215Z</time>
      </trkpt>
      <trkpt lat="44.870052" lon="6.725460">
        <ele>1631.410854</ele>
        <time>2026-07-27T06:45:53.562Z</time>
      </trkpt>
      <trkpt lat="44.870142" lon="6.725748">
        <ele>1632.746933</ele>
        <time>2026-07-27T06:46:01.795Z</time>
      </trkpt>
      <trkpt lat="44.870093" lon="6.725976">
        <ele>1634.065950</ele>
        <time>2026-07-27T06:46:09.726Z</time>
      </trkpt>
      <trkpt lat="44.869982" lon="6.726141">
        <ele>1635.580843</ele>
        <time>2026-07-27T06:46:18.044Z</time>
      </trkpt>
      <trkpt lat="44.869898" lon="6.726197">
        <ele>1636.630560</ele>
        <time>2026-07-27T06:46:23.423Z</time>
      </trkpt>
      <trkpt lat="44.869717" lon="6.726199">
        <ele>1638.579511</ele>
        <time>2026-07-27T06:46:36.031Z</time>
      </trkpt>
      <trkpt lat="44.869534" lon="6.726041">
        <ele>1640.452367</ele>
        <time>2026-07-27T06:46:46.201Z</time>
      </trkpt>
      <trkpt lat="44.869240" lon="6.725597">
        <ele>1642.800353</ele>
        <time>2026-07-27T06:47:01.239Z</time>
      </trkpt>
      <trkpt lat="44.869101" lon="6.725485">
        <ele>1643.621010</ele>
        <time>2026-07-27T06:47:06.823Z</time>
      </trkpt>
      <trkpt lat="44.868845" lon="6.725396">
        <ele>1645.126889</ele>
        <time>2026-07-27T06:47:16.629Z</time>
      </trkpt>
      <trkpt lat="44.868771" lon="6.725344">
        <ele>1645.653316</ele>
        <time>2026-07-27T06:47:19.957Z</time>
      </trkpt>
      <trkpt lat="44.868463" lon="6.724965">
        <ele>1648.404018</ele>
        <time>2026-07-27T06:47:37.127Z</time>
      </trkpt>
      <trkpt lat="44.868323" lon="6.724861">
        <ele>1649.495226</ele>
        <time>2026-07-27T06:47:44.146Z</time>
      </trkpt>
      <trkpt lat="44.867347" lon="6.724670">
        <ele>1656.111060</ele>
        <time>2026-07-27T06:48:25.509Z</time>
      </trkpt>
      <trkpt lat="44.867178" lon="6.724679">
        <ele>1657.038839</ele>
        <time>2026-07-27T06:48:31.626Z</time>
      </trkpt>
      <trkpt lat="44.866773" lon="6.724810">
        <ele>1658.692767</ele>
        <time>2026-07-27T06:48:44.123Z</time>
      </trkpt>
      <trkpt lat="44.866686" lon="6.724802">
        <ele>1659.081625</ele>
        <time>2026-07-27T06:48:46.754Z</time>
      </trkpt>
      <trkpt lat="44.866492" lon="6.724729">
        <ele>1660.123463</ele>
        <time>2026-07-27T06:48:53.823Z</time>
      </trkpt>
      <trkpt lat="44.866243" lon="6.724542">
        <ele>1662.181166</ele>
        <time>2026-07-27T06:49:06.306Z</time>
      </trkpt>
      <trkpt lat="44.866134" lon="6.724491">
        <ele>1663.134017</ele>
        <time>2026-07-27T06:49:12.068Z</time>
      </trkpt>
      <trkpt lat="44.865999" lon="6.724476">
        <ele>1664.455451</ele>
        <time>2026-07-27T06:49:19.398Z</time>
      </trkpt>
      <trkpt lat="44.865303" lon="6.724554">
        <ele>1671.619732</ele>
        <time>2026-07-27T06:49:58.826Z</time>
      </trkpt>
      <trkpt lat="44.865121" lon="6.724521">
        <ele>1673.262205</ele>
        <time>2026-07-27T06:50:07.986Z</time>
      </trkpt>
      <trkpt lat="44.864624" lon="6.724325">
        <ele>1677.440275</ele>
        <time>2026-07-27T06:50:32.652Z</time>
      </trkpt>
      <trkpt lat="44.864354" lon="6.724259">
        <ele>1679.332940</ele>
        <time>2026-07-27T06:50:43.829Z</time>
      </trkpt>
      <trkpt lat="44.864033" lon="6.724266">
        <ele>1681.788404</ele>
        <time>2026-07-27T06:50:58.359Z</time>
      </trkpt>
      <trkpt lat="44.863479" lon="6.724411">
        <ele>1686.797603</ele>
        <time>2026-07-27T06:51:27.258Z</time>
      </trkpt>
      <trkpt lat="44.863247" lon="6.724523">
        <ele>1689.001751</ele>
        <time>2026-07-27T06:51:39.496Z</time>
      </trkpt>
      <trkpt lat="44.862839" lon="6.724840">
        <ele>1693.193306</ele>
        <time>2026-07-27T06:52:03.380Z</time>
      </trkpt>
      <trkpt lat="44.862690" lon="6.724902">
        <ele>1694.570433</ele>
        <time>2026-07-27T06:52:11.405Z</time>
      </trkpt>
      <trkpt lat="44.862243" lon="6.724831">
        <ele>1698.306973</ele>
        <time>2026-07-27T06:52:32.848Z</time>
      </trkpt>
      <trkpt lat="44.862136" lon="6.724841">
        <ele>1699.227001</ele>
        <time>2026-07-27T06:52:37.943Z</time>
      </trkpt>
      <trkpt lat="44.861601" lon="6.725011">
        <ele>1703.990286</ele>
        <time>2026-07-27T06:53:05.476Z</time>
      </trkpt>
      <trkpt lat="44.861380" lon="6.725050">
        <ele>1705.901362</ele>
        <time>2026-07-27T06:53:16.540Z</time>
      </trkpt>
      <trkpt lat="44.861135" lon="6.725050">
        <ele>1707.946175</ele>
        <time>2026-07-27T06:53:28.406Z</time>
      </trkpt>
      <trkpt lat="44.860316" lon="6.724902">
        <ele>1713.863377</ele>
        <time>2026-07-27T06:54:04.319Z</time>
      </trkpt>
      <trkpt lat="44.859962" lon="6.724875">
        <ele>1716.248627</ele>
        <time>2026-07-27T06:54:18.717Z</time>
      </trkpt>
      <trkpt lat="44.859137" lon="6.724953">
        <ele>1722.450719</ele>
        <time>2026-07-27T06:54:56.260Z</time>
      </trkpt>
      <trkpt lat="44.858940" lon="6.725006">
        <ele>1723.911375</ele>
        <time>2026-07-27T06:55:04.702Z</time>
      </trkpt>
      <trkpt lat="44.858522" lon="6.725220">
        <ele>1727.652194</ele>
        <time>2026-07-27T06:55:26.922Z</time>
      </trkpt>
      <trkpt lat="44.856781" lon="6.726295">
        <ele>1742.371033</ele>
        <time>2026-07-27T06:56:54.782Z</time>
      </trkpt>
      <trkpt lat="44.856260" lon="6.726674">
        <ele>1744.071541</ele>
        <time>2026-07-27T06:57:09.226Z</time>
      </trkpt>
      <trkpt lat="44.856029" lon="6.726836">
        <ele>1744.953609</ele>
        <time>2026-07-27T06:57:17.112Z</time>
      </trkpt>
      <trkpt lat="44.855573" lon="6.727120">
        <ele>1746.308674</ele>
        <time>2026-07-27T06:57:29.548Z</time>
      </trkpt>
      <trkpt lat="44.855258" lon="6.727164">
        <ele>1747.126402</ele>
        <time>2026-07-27T06:57:37.718Z</time>
      </trkpt>
      <trkpt lat="44.855234" lon="6.727162">
        <ele>1747.179389</ele>
        <time>2026-07-27T06:57:38.307Z</time>
      </trkpt>
      <trkpt lat="44.854721" lon="6.727053">
        <ele>1748.219048</ele>
        <time>2026-07-27T06:57:49.734Z</time>
      </trkpt>
      <trkpt lat="44.854576" lon="6.726954">
        <ele>1748.696163</ele>
        <time>2026-07-27T06:57:53.782Z</time>
      </trkpt>
      <trkpt lat="44.854460" lon="6.726828">
        <ele>1749.249090</ele>
        <time>2026-07-27T06:57:58.511Z</time>
      </trkpt>
      <trkpt lat="44.854426" lon="6.726779">
        <ele>1749.474357</ele>
        <time>2026-07-27T06:58:00.218Z</time>
      </trkpt>
      <trkpt lat="44.854257" lon="6.726325">
        <ele>1750.975150</ele>
        <time>2026-07-27T06:58:12.243Z</time>
      </trkpt>
      <trkpt lat="44.853956" lon="6.725737">
        <ele>1752.069133</ele>
        <time>2026-07-27T06:58:22.182Z</time>
      </trkpt>
      <trkpt lat="44.853581" lon="6.725257">
        <ele>1755.051455</ele>
        <time>2026-07-27T06:58:42.303Z</time>
      </trkpt>
      <trkpt lat="44.853127" lon="6.724738">
        <ele>1761.383573</ele>
        <time>2026-07-27T06:59:16.675Z</time>
      </trkpt>
      <trkpt lat="44.852940" lon="6.724569">
        <ele>1764.336483</ele>
        <time>2026-07-27T06:59:33.186Z</time>
      </trkpt>
      <trkpt lat="44.852779" lon="6.724496">
        <ele>1766.421776</ele>
        <time>2026-07-27T06:59:43.910Z</time>
      </trkpt>
      <trkpt lat="44.852471" lon="6.724483">
        <ele>1769.505731</ele>
        <time>2026-07-27T06:59:59.738Z</time>
      </trkpt>
      <trkpt lat="44.851333" lon="6.724641">
        <ele>1782.569507</ele>
        <time>2026-07-27T07:01:10.662Z</time>
      </trkpt>
      <trkpt lat="44.850608" lon="6.724972">
        <ele>1790.361510</ele>
        <time>2026-07-27T07:01:53.216Z</time>
      </trkpt>
      <trkpt lat="44.850276" lon="6.725065">
        <ele>1792.769222</ele>
        <time>2026-07-27T07:02:07.516Z</time>
      </trkpt>
      <trkpt lat="44.850120" lon="6.725029">
        <ele>1793.774798</ele>
        <time>2026-07-27T07:02:13.949Z</time>
      </trkpt>
      <trkpt lat="44.849748" lon="6.724775">
        <ele>1796.089444</ele>
        <time>2026-07-27T07:02:29.101Z</time>
      </trkpt>
      <trkpt lat="44.849585" lon="6.724704">
        <ele>1797.299700</ele>
        <time>2026-07-27T07:02:35.389Z</time>
      </trkpt>
      <trkpt lat="44.848769" lon="6.724655">
        <ele>1805.997419</ele>
        <time>2026-07-27T07:03:23.631Z</time>
      </trkpt>
      <trkpt lat="44.848406" lon="6.724705">
        <ele>1810.047426</ele>
        <time>2026-07-27T07:03:45.140Z</time>
      </trkpt>
      <trkpt lat="44.847821" lon="6.724724">
        <ele>1817.254282</ele>
        <time>2026-07-27T07:04:22.944Z</time>
      </trkpt>
      <trkpt lat="44.847575" lon="6.724825">
        <ele>1821.016154</ele>
        <time>2026-07-27T07:04:40.506Z</time>
      </trkpt>
      <trkpt lat="44.847331" lon="6.725028">
        <ele>1825.898952</ele>
        <time>2026-07-27T07:05:09.005Z</time>
      </trkpt>
      <trkpt lat="44.846713" lon="6.725552">
        <ele>1827.697668</ele>
        <time>2026-07-27T07:05:23.206Z</time>
      </trkpt>
      <trkpt lat="44.846418" lon="6.725691">
        <ele>1829.578624</ele>
        <time>2026-07-27T07:05:35.914Z</time>
      </trkpt>
      <trkpt lat="44.846150" lon="6.725707">
        <ele>1831.449776</ele>
        <time>2026-07-27T07:05:48.407Z</time>
      </trkpt>
      <trkpt lat="44.845888" lon="6.725628">
        <ele>1833.007569</ele>
        <time>2026-07-27T07:05:57.779Z</time>
      </trkpt>
      <trkpt lat="44.845707" lon="6.725534">
        <ele>1834.482878</ele>
        <time>2026-07-27T07:06:06.469Z</time>
      </trkpt>
      <trkpt lat="44.845422" lon="6.725316">
        <ele>1837.378129</ele>
        <time>2026-07-27T07:06:23.496Z</time>
      </trkpt>
      <trkpt lat="44.844986" lon="6.724881">
        <ele>1842.197755</ele>
        <time>2026-07-27T07:06:50.298Z</time>
      </trkpt>
      <trkpt lat="44.844679" lon="6.724672">
        <ele>1845.777716</ele>
        <time>2026-07-27T07:07:09.596Z</time>
      </trkpt>
      <trkpt lat="44.844214" lon="6.724411">
        <ele>1852.559753</ele>
        <time>2026-07-27T07:07:42.743Z</time>
      </trkpt>
      <trkpt lat="44.844168" lon="6.724337">
        <ele>1853.873832</ele>
        <time>2026-07-27T07:07:50.167Z</time>
      </trkpt>
      <trkpt lat="44.844174" lon="6.724215">
        <ele>1855.496242</ele>
        <time>2026-07-27T07:07:59.413Z</time>
      </trkpt>
      <trkpt lat="44.844236" lon="6.724142">
        <ele>1855.788162</ele>
        <time>2026-07-27T07:08:05.141Z</time>
      </trkpt>
      <trkpt lat="44.844305" lon="6.724142">
        <ele>1856.037558</ele>
        <time>2026-07-27T07:08:06.435Z</time>
      </trkpt>
      <trkpt lat="44.844626" lon="6.724327">
        <ele>1854.212894</ele>
        <time>2026-07-27T07:08:09.453Z</time>
      </trkpt>
      <trkpt lat="44.845297" lon="6.724486">
        <ele>1852.571141</ele>
        <time>2026-07-27T07:08:16.489Z</time>
      </trkpt>
      <trkpt lat="44.845369" lon="6.724470">
        <ele>1853.073307</ele>
        <time>2026-07-27T07:08:18.740Z</time>
      </trkpt>
      <trkpt lat="44.845412" lon="6.724408">
        <ele>1853.496963</ele>
        <time>2026-07-27T07:08:22.461Z</time>
      </trkpt>
      <trkpt lat="44.845420" lon="6.724305">
        <ele>1854.290771</ele>
        <time>2026-07-27T07:08:28.951Z</time>
      </trkpt>
      <trkpt lat="44.845372" lon="6.724206">
        <ele>1855.546975</ele>
        <time>2026-07-27T07:08:36.863Z</time>
      </trkpt>
      <trkpt lat="44.845053" lon="6.724115">
        <ele>1859.636681</ele>
        <time>2026-07-27T07:08:56.270Z</time>
      </trkpt>
      <trkpt lat="44.844852" lon="6.723983">
        <ele>1862.366891</ele>
        <time>2026-07-27T07:09:11.225Z</time>
      </trkpt>
      <trkpt lat="44.844577" lon="6.723725">
        <ele>1866.129146</ele>
        <time>2026-07-27T07:09:31.351Z</time>
      </trkpt>
      <trkpt lat="44.844406" lon="6.723627">
        <ele>1868.037806</ele>
        <time>2026-07-27T07:09:41.720Z</time>
      </trkpt>
      <trkpt lat="44.844189" lon="6.723570">
        <ele>1870.024024</ele>
        <time>2026-07-27T07:09:52.850Z</time>
      </trkpt>
      <trkpt lat="44.843577" lon="6.723598">
        <ele>1874.820815</ele>
        <time>2026-07-27T07:10:20.695Z</time>
      </trkpt>
      <trkpt lat="44.843172" lon="6.723655">
        <ele>1878.247012</ele>
        <time>2026-07-27T07:10:40.553Z</time>
      </trkpt>
      <trkpt lat="44.842919" lon="6.723603">
        <ele>1880.623931</ele>
        <time>2026-07-27T07:10:53.869Z</time>
      </trkpt>
      <trkpt lat="44.842710" lon="6.723602">
        <ele>1882.690267</ele>
        <time>2026-07-27T07:11:05.666Z</time>
      </trkpt>
      <trkpt lat="44.842202" lon="6.723696">
        <ele>1887.767367</ele>
        <time>2026-07-27T07:11:33.075Z</time>
      </trkpt>
      <trkpt lat="44.841883" lon="6.723640">
        <ele>1891.586108</ele>
        <time>2026-07-27T07:11:52.778Z</time>
      </trkpt>
      <trkpt lat="44.841378" lon="6.723650">
        <ele>1898.891902</ele>
        <time>2026-07-27T07:12:30.541Z</time>
      </trkpt>
      <trkpt lat="44.840101" lon="6.723405">
        <ele>1917.625469</ele>
        <time>2026-07-27T07:14:06.164Z</time>
      </trkpt>
      <trkpt lat="44.839573" lon="6.723424">
        <ele>1923.726868</ele>
        <time>2026-07-27T07:14:38.796Z</time>
      </trkpt>
      <trkpt lat="44.839158" lon="6.723379">
        <ele>1926.745772</ele>
        <time>2026-07-27T07:14:56.651Z</time>
      </trkpt>
      <trkpt lat="44.838902" lon="6.723403">
        <ele>1928.374113</ele>
        <time>2026-07-27T07:15:06.246Z</time>
      </trkpt>
      <trkpt lat="44.838423" lon="6.723529">
        <ele>1932.195785</ele>
        <time>2026-07-27T07:15:28.897Z</time>
      </trkpt>
      <trkpt lat="44.837801" lon="6.723217">
        <ele>1939.282724</ele>
        <time>2026-07-27T07:16:07.306Z</time>
      </trkpt>
      <trkpt lat="44.837337" lon="6.723158">
        <ele>1945.470070</ele>
        <time>2026-07-27T07:16:39.597Z</time>
      </trkpt>
      <trkpt lat="44.836771" lon="6.722903">
        <ele>1953.121714</ele>
        <time>2026-07-27T07:17:18.411Z</time>
      </trkpt>
      <trkpt lat="44.836462" lon="6.722834">
        <ele>1957.450094</ele>
        <time>2026-07-27T07:17:42.317Z</time>
      </trkpt>
      <trkpt lat="44.836423" lon="6.722772">
        <ele>1957.788817</ele>
        <time>2026-07-27T07:17:45.895Z</time>
      </trkpt>
      <trkpt lat="44.836418" lon="6.722715">
        <ele>1958.023552</ele>
        <time>2026-07-27T07:17:47.567Z</time>
      </trkpt>
      <trkpt lat="44.836444" lon="6.722637">
        <ele>1958.375802</ele>
        <time>2026-07-27T07:17:48.914Z</time>
      </trkpt>
      <trkpt lat="44.836477" lon="6.722606">
        <ele>1958.604332</ele>
        <time>2026-07-27T07:17:49.305Z</time>
      </trkpt>
      <trkpt lat="44.837572" lon="6.722582">
        <ele>1957.861750</ele>
        <time>2026-07-27T07:18:02.922Z</time>
      </trkpt>
      <trkpt lat="44.837631" lon="6.722516">
        <ele>1958.109393</ele>
        <time>2026-07-27T07:18:04.939Z</time>
      </trkpt>
      <trkpt lat="44.837630" lon="6.722427">
        <ele>1958.489861</ele>
        <time>2026-07-27T07:18:07.216Z</time>
      </trkpt>
      <trkpt lat="44.837608" lon="6.722380">
        <ele>1958.730580</ele>
        <time>2026-07-27T07:18:08.893Z</time>
      </trkpt>
      <trkpt lat="44.837532" lon="6.722347">
        <ele>1959.209920</ele>
        <time>2026-07-27T07:18:12.729Z</time>
      </trkpt>
      <trkpt lat="44.837356" lon="6.722375">
        <ele>1961.201166</ele>
        <time>2026-07-27T07:18:23.167Z</time>
      </trkpt>
      <trkpt lat="44.837142" lon="6.722347">
        <ele>1963.941941</ele>
        <time>2026-07-27T07:18:37.733Z</time>
      </trkpt>
      <trkpt lat="44.836047" lon="6.721784">
        <ele>1979.985433</ele>
        <time>2026-07-27T07:20:00.162Z</time>
      </trkpt>
      <trkpt lat="44.835727" lon="6.721821">
        <ele>1984.396276</ele>
        <time>2026-07-27T07:20:22.035Z</time>
      </trkpt>
      <trkpt lat="44.835528" lon="6.721919">
        <ele>1987.552869</ele>
        <time>2026-07-27T07:20:38.233Z</time>
      </trkpt>
      <trkpt lat="44.835387" lon="6.722088">
        <ele>1990.512683</ele>
        <time>2026-07-27T07:20:53.171Z</time>
      </trkpt>
      <trkpt lat="44.835201" lon="6.722595">
        <ele>1997.207425</ele>
        <time>2026-07-27T07:21:26.132Z</time>
      </trkpt>
      <trkpt lat="44.835157" lon="6.722857">
        <ele>2000.379766</ele>
        <time>2026-07-27T07:21:41.975Z</time>
      </trkpt>
      <trkpt lat="44.835099" lon="6.723202">
        <ele>2004.439237</ele>
        <time>2026-07-27T07:22:02.599Z</time>
      </trkpt>
      <trkpt lat="44.835033" lon="6.723267">
        <ele>2005.621524</ele>
        <time>2026-07-27T07:22:08.600Z</time>
      </trkpt>
      <trkpt lat="44.834956" lon="6.723241">
        <ele>2006.730200</ele>
        <time>2026-07-27T07:22:14.140Z</time>
      </trkpt>
      <trkpt lat="44.834927" lon="6.723164">
        <ele>2007.595936</ele>
        <time>2026-07-27T07:22:18.411Z</time>
      </trkpt>
      <trkpt lat="44.834981" lon="6.722830">
        <ele>2010.883384</ele>
        <time>2026-07-27T07:22:34.968Z</time>
      </trkpt>
      <trkpt lat="44.834961" lon="6.722064">
        <ele>2017.937882</ele>
        <time>2026-07-27T07:23:11.913Z</time>
      </trkpt>
      <trkpt lat="44.835003" lon="6.721814">
        <ele>2020.100444</ele>
        <time>2026-07-27T07:23:23.574Z</time>
      </trkpt>
      <trkpt lat="44.835095" lon="6.721544">
        <ele>2022.151923</ele>
        <time>2026-07-27T07:23:35.214Z</time>
      </trkpt>
      <trkpt lat="44.835060" lon="6.721438">
        <ele>2022.642645</ele>
        <time>2026-07-27T07:23:38.839Z</time>
      </trkpt>
      <trkpt lat="44.834988" lon="6.721414">
        <ele>2023.080496</ele>
        <time>2026-07-27T07:23:41.299Z</time>
      </trkpt>
      <trkpt lat="44.834948" lon="6.721443">
        <ele>2023.326455</ele>
        <time>2026-07-27T07:23:42.430Z</time>
      </trkpt>
      <trkpt lat="44.834916" lon="6.721515">
        <ele>2023.319459</ele>
        <time>2026-07-27T07:23:43.574Z</time>
      </trkpt>
      <trkpt lat="44.834800" lon="6.721941">
        <ele>2023.011361</ele>
        <time>2026-07-27T07:23:47.418Z</time>
      </trkpt>
      <trkpt lat="44.834771" lon="6.722047">
        <ele>2022.826691</ele>
        <time>2026-07-27T07:23:48.265Z</time>
      </trkpt>
      <trkpt lat="44.834698" lon="6.722614">
        <ele>2021.261093</ele>
        <time>2026-07-27T07:23:52.219Z</time>
      </trkpt>
      <trkpt lat="44.834589" lon="6.723005">
        <ele>2021.482874</ele>
        <time>2026-07-27T07:23:56.754Z</time>
      </trkpt>
      <trkpt lat="44.834253" lon="6.723459">
        <ele>2025.276512</ele>
        <time>2026-07-27T07:24:19.167Z</time>
      </trkpt>
      <trkpt lat="44.834091" lon="6.723615">
        <ele>2027.753863</ele>
        <time>2026-07-27T07:24:32.951Z</time>
      </trkpt>
      <trkpt lat="44.834015" lon="6.723619">
        <ele>2028.858862</ele>
        <time>2026-07-27T07:24:38.764Z</time>
      </trkpt>
      <trkpt lat="44.833976" lon="6.723587">
        <ele>2029.514451</ele>
        <time>2026-07-27T07:24:42.183Z</time>
      </trkpt>
      <trkpt lat="44.833944" lon="6.723473">
        <ele>2030.764676</ele>
        <time>2026-07-27T07:24:48.663Z</time>
      </trkpt>
      <trkpt lat="44.834260" lon="6.722600">
        <ele>2040.231510</ele>
        <time>2026-07-27T07:25:37.697Z</time>
      </trkpt>
      <trkpt lat="44.834247" lon="6.722467">
        <ele>2041.242863</ele>
        <time>2026-07-27T07:25:43.108Z</time>
      </trkpt>
      <trkpt lat="44.834178" lon="6.722409">
        <ele>2042.096157</ele>
        <time>2026-07-27T07:25:47.121Z</time>
      </trkpt>
      <trkpt lat="44.834115" lon="6.722441">
        <ele>2042.748465</ele>
        <time>2026-07-27T07:25:50.530Z</time>
      </trkpt>
      <trkpt lat="44.833963" lon="6.722707">
        <ele>2045.112196</ele>
        <time>2026-07-27T07:26:03.573Z</time>
      </trkpt>
      <trkpt lat="44.833802" lon="6.722892">
        <ele>2047.259801</ele>
        <time>2026-07-27T07:26:15.154Z</time>
      </trkpt>
      <trkpt lat="44.833650" lon="6.723017">
        <ele>2049.239512</ele>
        <time>2026-07-27T07:26:25.596Z</time>
      </trkpt>
      <trkpt lat="44.833243" lon="6.723259">
        <ele>2055.837664</ele>
        <time>2026-07-27T07:26:59.296Z</time>
      </trkpt>
      <trkpt lat="44.833158" lon="6.723356">
        <ele>2057.630442</ele>
        <time>2026-07-27T07:27:08.211Z</time>
      </trkpt>
      <trkpt lat="44.833050" lon="6.723546">
        <ele>2060.332148</ele>
        <time>2026-07-27T07:27:22.296Z</time>
      </trkpt>
      <trkpt lat="44.832962" lon="6.723573">
        <ele>2061.612511</ele>
        <time>2026-07-27T07:27:28.969Z</time>
      </trkpt>
      <trkpt lat="44.832899" lon="6.723499">
        <ele>2062.743646</ele>
        <time>2026-07-27T07:27:34.409Z</time>
      </trkpt>
      <trkpt lat="44.832894" lon="6.723359">
        <ele>2063.640521</ele>
        <time>2026-07-27T07:27:40.022Z</time>
      </trkpt>
      <trkpt lat="44.832919" lon="6.723238">
        <ele>2064.446883</ele>
        <time>2026-07-27T07:27:44.294Z</time>
      </trkpt>
      <trkpt lat="44.833021" lon="6.722976">
        <ele>2065.375689</ele>
        <time>2026-07-27T07:27:51.707Z</time>
      </trkpt>
      <trkpt lat="44.833481" lon="6.722417">
        <ele>2064.656748</ele>
        <time>2026-07-27T07:27:58.315Z</time>
      </trkpt>
      <trkpt lat="44.833751" lon="6.722151">
        <ele>2065.293391</ele>
        <time>2026-07-27T07:28:06.417Z</time>
      </trkpt>
      <trkpt lat="44.833750" lon="6.722020">
        <ele>2066.011510</ele>
        <time>2026-07-27T07:28:09.983Z</time>
      </trkpt>
      <trkpt lat="44.833661" lon="6.721960">
        <ele>2066.801207</ele>
        <time>2026-07-27T07:28:14.926Z</time>
      </trkpt>
      <trkpt lat="44.833619" lon="6.721981">
        <ele>2067.190203</ele>
        <time>2026-07-27T07:28:17.575Z</time>
      </trkpt>
      <trkpt lat="44.833456" lon="6.722258">
        <ele>2070.660614</ele>
        <time>2026-07-27T07:28:35.278Z</time>
      </trkpt>
      <trkpt lat="44.833324" lon="6.722370">
        <ele>2073.195960</ele>
        <time>2026-07-27T07:28:48.084Z</time>
      </trkpt>
      <trkpt lat="44.832788" lon="6.722568">
        <ele>2083.103779</ele>
        <time>2026-07-27T07:29:38.248Z</time>
      </trkpt>
      <trkpt lat="44.832135" lon="6.722893">
        <ele>2092.423347</ele>
        <time>2026-07-27T07:30:27.069Z</time>
      </trkpt>
      <trkpt lat="44.832004" lon="6.723023">
        <ele>2093.425534</ele>
        <time>2026-07-27T07:30:31.872Z</time>
      </trkpt>
      <trkpt lat="44.831977" lon="6.723123">
        <ele>2093.364214</ele>
        <time>2026-07-27T07:30:32.960Z</time>
      </trkpt>
      <trkpt lat="44.831998" lon="6.723235">
        <ele>2093.297825</ele>
        <time>2026-07-27T07:30:33.876Z</time>
      </trkpt>
      <trkpt lat="44.832164" lon="6.723524">
        <ele>2092.569825</ele>
        <time>2026-07-27T07:30:36.544Z</time>
      </trkpt>
      <trkpt lat="44.832216" lon="6.723682">
        <ele>2092.078637</ele>
        <time>2026-07-27T07:30:37.749Z</time>
      </trkpt>
      <trkpt lat="44.832217" lon="6.723702">
        <ele>2092.021687</ele>
        <time>2026-07-27T07:30:37.884Z</time>
      </trkpt>
      <trkpt lat="44.832251" lon="6.724070">
        <ele>2091.298450</ele>
        <time>2026-07-27T07:30:40.481Z</time>
      </trkpt>
      <trkpt lat="44.832235" lon="6.724175">
        <ele>2091.370828</ele>
        <time>2026-07-27T07:30:41.956Z</time>
      </trkpt>
      <trkpt lat="44.832194" lon="6.724231">
        <ele>2091.817774</ele>
        <time>2026-07-27T07:30:43.989Z</time>
      </trkpt>
      <trkpt lat="44.832118" lon="6.724230">
        <ele>2092.412888</ele>
        <time>2026-07-27T07:30:47.771Z</time>
      </trkpt>
      <trkpt lat="44.832069" lon="6.724162">
        <ele>2092.952665</ele>
        <time>2026-07-27T07:30:52.044Z</time>
      </trkpt>
      <trkpt lat="44.832046" lon="6.723820">
        <ele>2096.020115</ele>
        <time>2026-07-27T07:31:08.543Z</time>
      </trkpt>
      <trkpt lat="44.831976" lon="6.723625">
        <ele>2097.747983</ele>
        <time>2026-07-27T07:31:17.958Z</time>
      </trkpt>
      <trkpt lat="44.831863" lon="6.723473">
        <ele>2099.340657</ele>
        <time>2026-07-27T07:31:26.464Z</time>
      </trkpt>
      <trkpt lat="44.831797" lon="6.723458">
        <ele>2099.991893</ele>
        <time>2026-07-27T07:31:29.965Z</time>
      </trkpt>
      <trkpt lat="44.831746" lon="6.723502">
        <ele>2100.567634</ele>
        <time>2026-07-27T07:31:33.060Z</time>
      </trkpt>
      <trkpt lat="44.831738" lon="6.723598">
        <ele>2101.172071</ele>
        <time>2026-07-27T07:31:36.588Z</time>
      </trkpt>
      <trkpt lat="44.831871" lon="6.723847">
        <ele>2103.066053</ele>
        <time>2026-07-27T07:31:47.752Z</time>
      </trkpt>
      <trkpt lat="44.831875" lon="6.723855">
        <ele>2103.121933</ele>
        <time>2026-07-27T07:31:48.108Z</time>
      </trkpt>
      <trkpt lat="44.831905" lon="6.724043">
        <ele>2104.222017</ele>
        <time>2026-07-27T07:31:54.368Z</time>
      </trkpt>
      <trkpt lat="44.831841" lon="6.724220">
        <ele>2105.065049</ele>
        <time>2026-07-27T07:31:59.806Z</time>
      </trkpt>
      <trkpt lat="44.831742" lon="6.724310">
        <ele>2105.779444</ele>
        <time>2026-07-27T07:32:04.009Z</time>
      </trkpt>
      <trkpt lat="44.831528" lon="6.724405">
        <ele>2107.395278</ele>
        <time>2026-07-27T07:32:13.537Z</time>
      </trkpt>
      <trkpt lat="44.831420" lon="6.724407">
        <ele>2108.426531</ele>
        <time>2026-07-27T07:32:19.334Z</time>
      </trkpt>
      <trkpt lat="44.831242" lon="6.724344">
        <ele>2110.301397</ele>
        <time>2026-07-27T07:32:30.180Z</time>
      </trkpt>
      <trkpt lat="44.830963" lon="6.724179">
        <ele>2113.660934</ele>
        <time>2026-07-27T07:32:47.810Z</time>
      </trkpt>
      <trkpt lat="44.830783" lon="6.724161">
        <ele>2115.737792</ele>
        <time>2026-07-27T07:32:59.250Z</time>
      </trkpt>
      <trkpt lat="44.830545" lon="6.724288">
        <ele>2118.748020</ele>
        <time>2026-07-27T07:33:14.583Z</time>
      </trkpt>
      <trkpt lat="44.830296" lon="6.724547">
        <ele>2122.933873</ele>
        <time>2026-07-27T07:33:36.403Z</time>
      </trkpt>
      <trkpt lat="44.830224" lon="6.724581">
        <ele>2123.805047</ele>
        <time>2026-07-27T07:33:42.930Z</time>
      </trkpt>
      <trkpt lat="44.830172" lon="6.724554">
        <ele>2124.440825</ele>
        <time>2026-07-27T07:33:47.059Z</time>
      </trkpt>
      <trkpt lat="44.830139" lon="6.724482">
        <ele>2125.138377</ele>
        <time>2026-07-27T07:33:50.003Z</time>
      </trkpt>
      <trkpt lat="44.830151" lon="6.724387">
        <ele>2125.232406</ele>
        <time>2026-07-27T07:33:51.274Z</time>
      </trkpt>
      <trkpt lat="44.830457" lon="6.724000">
        <ele>2123.769129</ele>
        <time>2026-07-27T07:33:55.174Z</time>
      </trkpt>
      <trkpt lat="44.830536" lon="6.723810">
        <ele>2123.576282</ele>
        <time>2026-07-27T07:33:56.774Z</time>
      </trkpt>
      <trkpt lat="44.830535" lon="6.723606">
        <ele>2124.445942</ele>
        <time>2026-07-27T07:34:01.551Z</time>
      </trkpt>
      <trkpt lat="44.830457" lon="6.723392">
        <ele>2126.461558</ele>
        <time>2026-07-27T07:34:14.543Z</time>
      </trkpt>
      <trkpt lat="44.830365" lon="6.723291">
        <ele>2128.317658</ele>
        <time>2026-07-27T07:34:24.745Z</time>
      </trkpt>
      <trkpt lat="44.830264" lon="6.723255">
        <ele>2129.829742</ele>
        <time>2026-07-27T07:34:32.463Z</time>
      </trkpt>
      <trkpt lat="44.830163" lon="6.723275">
        <ele>2130.930749</ele>
        <time>2026-07-27T07:34:38.394Z</time>
      </trkpt>
      <trkpt lat="44.830030" lon="6.723359">
        <ele>2132.461084</ele>
        <time>2026-07-27T07:34:45.692Z</time>
      </trkpt>
      <trkpt lat="44.827830" lon="6.725128">
        <ele>2158.071335</ele>
        <time>2026-07-27T07:37:04.804Z</time>
      </trkpt>
      <trkpt lat="44.827635" lon="6.725262">
        <ele>2161.340658</ele>
        <time>2026-07-27T07:37:22.563Z</time>
      </trkpt>
      <trkpt lat="44.827433" lon="6.725333">
        <ele>2165.051271</ele>
        <time>2026-07-27T07:37:40.263Z</time>
      </trkpt>
      <trkpt lat="44.827293" lon="6.725418">
        <ele>2167.972725</ele>
        <time>2026-07-27T07:37:54.941Z</time>
      </trkpt>
      <trkpt lat="44.827143" lon="6.725617">
        <ele>2172.255175</ele>
        <time>2026-07-27T07:38:16.698Z</time>
      </trkpt>
      <trkpt lat="44.827102" lon="6.725777">
        <ele>2173.024608</ele>
        <time>2026-07-27T07:38:25.438Z</time>
      </trkpt>
      <trkpt lat="44.827103" lon="6.725870">
        <ele>2173.404861</ele>
        <time>2026-07-27T07:38:26.671Z</time>
      </trkpt>
      <trkpt lat="44.827117" lon="6.725953">
        <ele>2173.383490</ele>
        <time>2026-07-27T07:38:27.203Z</time>
      </trkpt>
      <trkpt lat="44.827210" lon="6.726175">
        <ele>2170.543637</ele>
        <time>2026-07-27T07:38:28.704Z</time>
      </trkpt>
      <trkpt lat="44.827326" lon="6.726257">
        <ele>2169.292634</ele>
        <time>2026-07-27T07:38:29.770Z</time>
      </trkpt>
      <trkpt lat="44.827796" lon="6.726414">
        <ele>2166.119409</ele>
        <time>2026-07-27T07:38:34.281Z</time>
      </trkpt>
      <trkpt lat="44.828047" lon="6.726463">
        <ele>2166.555242</ele>
        <time>2026-07-27T07:38:40.653Z</time>
      </trkpt>
      <trkpt lat="44.828170" lon="6.726541">
        <ele>2167.595120</ele>
        <time>2026-07-27T07:38:46.748Z</time>
      </trkpt>
      <trkpt lat="44.828307" lon="6.726842">
        <ele>2170.612531</ele>
        <time>2026-07-27T07:39:03.328Z</time>
      </trkpt>
      <trkpt lat="44.828480" lon="6.727089">
        <ele>2174.025222</ele>
        <time>2026-07-27T07:39:21.392Z</time>
      </trkpt>
      <trkpt lat="44.828549" lon="6.727239">
        <ele>2175.769866</ele>
        <time>2026-07-27T07:39:30.350Z</time>
      </trkpt>
      <trkpt lat="44.828556" lon="6.727497">
        <ele>2178.121373</ele>
        <time>2026-07-27T07:39:42.345Z</time>
      </trkpt>
      <trkpt lat="44.828514" lon="6.727723">
        <ele>2180.289007</ele>
        <time>2026-07-27T07:39:53.401Z</time>
      </trkpt>
      <trkpt lat="44.828448" lon="6.727840">
        <ele>2181.606846</ele>
        <time>2026-07-27T07:40:00.619Z</time>
      </trkpt>
      <trkpt lat="44.828390" lon="6.727854">
        <ele>2182.256144</ele>
        <time>2026-07-27T07:40:04.461Z</time>
      </trkpt>
      <trkpt lat="44.828334" lon="6.727818">
        <ele>2182.935256</ele>
        <time>2026-07-27T07:40:08.215Z</time>
      </trkpt>
      <trkpt lat="44.828182" lon="6.727581">
        <ele>2184.876259</ele>
        <time>2026-07-27T07:40:19.693Z</time>
      </trkpt>
      <trkpt lat="44.828076" lon="6.727498">
        <ele>2185.476123</ele>
        <time>2026-07-27T07:40:23.705Z</time>
      </trkpt>
      <trkpt lat="44.827599" lon="6.727382">
        <ele>2185.803758</ele>
        <time>2026-07-27T07:40:31.707Z</time>
      </trkpt>
      <trkpt lat="44.827378" lon="6.727362">
        <ele>2185.587526</ele>
        <time>2026-07-27T07:40:34.280Z</time>
      </trkpt>
      <trkpt lat="44.827211" lon="6.727382">
        <ele>2185.378761</ele>
        <time>2026-07-27T07:40:36.193Z</time>
      </trkpt>
      <trkpt lat="44.827030" lon="6.727450">
        <ele>2185.389477</ele>
        <time>2026-07-27T07:40:38.945Z</time>
      </trkpt>
      <trkpt lat="44.826895" lon="6.727541">
        <ele>2186.004537</ele>
        <time>2026-07-27T07:40:42.892Z</time>
      </trkpt>
      <trkpt lat="44.826503" lon="6.727968">
        <ele>2189.698066</ele>
        <time>2026-07-27T07:41:05.661Z</time>
      </trkpt>
      <trkpt lat="44.826225" lon="6.728175">
        <ele>2192.906040</ele>
        <time>2026-07-27T07:41:23.278Z</time>
      </trkpt>
      <trkpt lat="44.826192" lon="6.728268">
        <ele>2193.788373</ele>
        <time>2026-07-27T07:41:27.958Z</time>
      </trkpt>
      <trkpt lat="44.826250" lon="6.728374">
        <ele>2194.924305</ele>
        <time>2026-07-27T07:41:34.311Z</time>
      </trkpt>
      <trkpt lat="44.826612" lon="6.728371">
        <ele>2199.707916</ele>
        <time>2026-07-27T07:41:59.141Z</time>
      </trkpt>
      <trkpt lat="44.826790" lon="6.728504">
        <ele>2202.350971</ele>
        <time>2026-07-27T07:42:12.976Z</time>
      </trkpt>
      <trkpt lat="44.827158" lon="6.728948">
        <ele>2208.566034</ele>
        <time>2026-07-27T07:42:45.043Z</time>
      </trkpt>
      <trkpt lat="44.827228" lon="6.729091">
        <ele>2210.081960</ele>
        <time>2026-07-27T07:42:53.156Z</time>
      </trkpt>
      <trkpt lat="44.827258" lon="6.729284">
        <ele>2211.730449</ele>
        <time>2026-07-27T07:43:01.907Z</time>
      </trkpt>
      <trkpt lat="44.827223" lon="6.729389">
        <ele>2212.620050</ele>
        <time>2026-07-27T07:43:06.597Z</time>
      </trkpt>
      <trkpt lat="44.827114" lon="6.729513">
        <ele>2213.976668</ele>
        <time>2026-07-27T07:43:13.990Z</time>
      </trkpt>
      <trkpt lat="44.825942" lon="6.730568">
        <ele>2226.753075</ele>
        <time>2026-07-27T07:44:26.284Z</time>
      </trkpt>
      <trkpt lat="44.825506" lon="6.730975">
        <ele>2231.064956</ele>
        <time>2026-07-27T07:44:49.850Z</time>
      </trkpt>
      <trkpt lat="44.825026" lon="6.731279">
        <ele>2237.263326</ele>
        <time>2026-07-27T07:45:23.026Z</time>
      </trkpt>
      <trkpt lat="44.824960" lon="6.731368">
        <ele>2238.486549</ele>
        <time>2026-07-27T07:45:29.861Z</time>
      </trkpt>
      <trkpt lat="44.824839" lon="6.731649">
        <ele>2241.940580</ele>
        <time>2026-07-27T07:45:49.498Z</time>
      </trkpt>
      <trkpt lat="44.824591" lon="6.731811">
        <ele>2243.862902</ele>
        <time>2026-07-27T07:45:57.980Z</time>
      </trkpt>
      <trkpt lat="44.824430" lon="6.731962">
        <ele>2245.795075</ele>
        <time>2026-07-27T07:46:09.361Z</time>
      </trkpt>
      <trkpt lat="44.823992" lon="6.732100">
        <ele>2252.731088</ele>
        <time>2026-07-27T07:46:44.179Z</time>
      </trkpt>
      <trkpt lat="44.823888" lon="6.732176">
        <ele>2254.853582</ele>
        <time>2026-07-27T07:46:54.736Z</time>
      </trkpt>
      <trkpt lat="44.823705" lon="6.732392">
        <ele>2258.785374</ele>
        <time>2026-07-27T07:47:16.767Z</time>
      </trkpt>
      <trkpt lat="44.823635" lon="6.732416">
        <ele>2259.699324</ele>
        <time>2026-07-27T07:47:20.825Z</time>
      </trkpt>
      <trkpt lat="44.823578" lon="6.732396">
        <ele>2259.657234</ele>
        <time>2026-07-27T07:47:22.457Z</time>
      </trkpt>
      <trkpt lat="44.823504" lon="6.732324">
        <ele>2259.592807</ele>
        <time>2026-07-27T07:47:23.398Z</time>
      </trkpt>
      <trkpt lat="44.823459" lon="6.732233">
        <ele>2259.439180</ele>
        <time>2026-07-27T07:47:24.121Z</time>
      </trkpt>
      <trkpt lat="44.823448" lon="6.732131">
        <ele>2258.940007</ele>
        <time>2026-07-27T07:47:24.770Z</time>
      </trkpt>
      <trkpt lat="44.823477" lon="6.731876">
        <ele>2258.160082</ele>
        <time>2026-07-27T07:47:26.401Z</time>
      </trkpt>
      <trkpt lat="44.823440" lon="6.731765">
        <ele>2258.427513</ele>
        <time>2026-07-27T07:47:28.249Z</time>
      </trkpt>
      <trkpt lat="44.823355" lon="6.731771">
        <ele>2258.689150</ele>
        <time>2026-07-27T07:47:32.830Z</time>
      </trkpt>
      <trkpt lat="44.823191" lon="6.731990">
        <ele>2261.579579</ele>
        <time>2026-07-27T07:47:49.024Z</time>
      </trkpt>
      <trkpt lat="44.823105" lon="6.732058">
        <ele>2262.362795</ele>
        <time>2026-07-27T07:47:54.313Z</time>
      </trkpt>
      <trkpt lat="44.822974" lon="6.732074">
        <ele>2263.374767</ele>
        <time>2026-07-27T07:47:59.090Z</time>
      </trkpt>
      <trkpt lat="44.822796" lon="6.732025">
        <ele>2264.325519</ele>
        <time>2026-07-27T07:48:05.050Z</time>
      </trkpt>
      <trkpt lat="44.822728" lon="6.731954">
        <ele>2264.906215</ele>
        <time>2026-07-27T07:48:08.774Z</time>
      </trkpt>
      <trkpt lat="44.822666" lon="6.731818">
        <ele>2265.880022</ele>
        <time>2026-07-27T07:48:14.684Z</time>
      </trkpt>
      <trkpt lat="44.822590" lon="6.731271">
        <ele>2269.739921</ele>
        <time>2026-07-27T07:48:35.558Z</time>
      </trkpt>
      <trkpt lat="44.822536" lon="6.731205">
        <ele>2270.524082</ele>
        <time>2026-07-27T07:48:39.767Z</time>
      </trkpt>
      <trkpt lat="44.822488" lon="6.731207">
        <ele>2271.050986</ele>
        <time>2026-07-27T07:48:42.880Z</time>
      </trkpt>
      <trkpt lat="44.822428" lon="6.731299">
        <ele>2272.395349</ele>
        <time>2026-07-27T07:48:49.215Z</time>
      </trkpt>
      <trkpt lat="44.822378" lon="6.731715">
        <ele>2277.309156</ele>
        <time>2026-07-27T07:49:14.050Z</time>
      </trkpt>
      <trkpt lat="44.822244" lon="6.732137">
        <ele>2283.368047</ele>
        <time>2026-07-27T07:49:44.011Z</time>
      </trkpt>
      <trkpt lat="44.822217" lon="6.732390">
        <ele>2286.626726</ele>
        <time>2026-07-27T07:50:01.079Z</time>
      </trkpt>
      <trkpt lat="44.822230" lon="6.732556">
        <ele>2287.267706</ele>
        <time>2026-07-27T07:50:07.517Z</time>
      </trkpt>
      <trkpt lat="44.822292" lon="6.732823">
        <ele>2287.074986</ele>
        <time>2026-07-27T07:50:09.656Z</time>
      </trkpt>
      <trkpt lat="44.822348" lon="6.732978">
        <ele>2286.045161</ele>
        <time>2026-07-27T07:50:10.708Z</time>
      </trkpt>
      <trkpt lat="44.822443" lon="6.733090">
        <ele>2284.514445</ele>
        <time>2026-07-27T07:50:11.727Z</time>
      </trkpt>
      <trkpt lat="44.822673" lon="6.733175">
        <ele>2282.682083</ele>
        <time>2026-07-27T07:50:13.773Z</time>
      </trkpt>
      <trkpt lat="44.822827" lon="6.733300">
        <ele>2282.953368</ele>
        <time>2026-07-27T07:50:20.406Z</time>
      </trkpt>
      <trkpt lat="44.822895" lon="6.733435">
        <ele>2283.830793</ele>
        <time>2026-07-27T07:50:25.951Z</time>
      </trkpt>
      <trkpt lat="44.822888" lon="6.733602">
        <ele>2284.890909</ele>
        <time>2026-07-27T07:50:32.109Z</time>
      </trkpt>
      <trkpt lat="44.822789" lon="6.733757">
        <ele>2286.304894</ele>
        <time>2026-07-27T07:50:40.098Z</time>
      </trkpt>
      <trkpt lat="44.822671" lon="6.733834">
        <ele>2287.721651</ele>
        <time>2026-07-27T07:50:47.114Z</time>
      </trkpt>
      <trkpt lat="44.822468" lon="6.733851">
        <ele>2290.781660</ele>
        <time>2026-07-27T07:51:00.208Z</time>
      </trkpt>
      <trkpt lat="44.822251" lon="6.733791">
        <ele>2295.537954</ele>
        <time>2026-07-27T07:51:23.793Z</time>
      </trkpt>
      <trkpt lat="44.822125" lon="6.733686">
        <ele>2298.940528</ele>
        <time>2026-07-27T07:51:39.325Z</time>
      </trkpt>
      <trkpt lat="44.822052" lon="6.733533">
        <ele>2301.407327</ele>
        <time>2026-07-27T07:51:51.050Z</time>
      </trkpt>
      <trkpt lat="44.822011" lon="6.733342">
        <ele>2303.855410</ele>
        <time>2026-07-27T07:52:01.145Z</time>
      </trkpt>
      <trkpt lat="44.821989" lon="6.732994">
        <ele>2307.770098</ele>
        <time>2026-07-27T07:52:22.287Z</time>
      </trkpt>
      <trkpt lat="44.821954" lon="6.732944">
        <ele>2308.528285</ele>
        <time>2026-07-27T07:52:26.077Z</time>
      </trkpt>
      <trkpt lat="44.821905" lon="6.732929">
        <ele>2309.291256</ele>
        <time>2026-07-27T07:52:29.518Z</time>
      </trkpt>
      <trkpt lat="44.821821" lon="6.732987">
        <ele>2310.409481</ele>
        <time>2026-07-27T07:52:35.364Z</time>
      </trkpt>
      <trkpt lat="44.821806" lon="6.733081">
        <ele>2311.176069</ele>
        <time>2026-07-27T07:52:39.392Z</time>
      </trkpt>
      <trkpt lat="44.821871" lon="6.733418">
        <ele>2313.897320</ele>
        <time>2026-07-27T07:52:53.678Z</time>
      </trkpt>
      <trkpt lat="44.821889" lon="6.733677">
        <ele>2315.634647</ele>
        <time>2026-07-27T07:53:04.350Z</time>
      </trkpt>
      <trkpt lat="44.821868" lon="6.733955">
        <ele>2317.203271</ele>
        <time>2026-07-27T07:53:12.117Z</time>
      </trkpt>
      <trkpt lat="44.821797" lon="6.734370">
        <ele>2319.302516</ele>
        <time>2026-07-27T07:53:26.340Z</time>
      </trkpt>
      <trkpt lat="44.821796" lon="6.734613">
        <ele>2319.697866</ele>
        <time>2026-07-27T07:53:31.432Z</time>
      </trkpt>
      <trkpt lat="44.821849" lon="6.734785">
        <ele>2319.584929</ele>
        <time>2026-07-27T07:53:32.795Z</time>
      </trkpt>
      <trkpt lat="44.821973" lon="6.735009">
        <ele>2318.563684</ele>
        <time>2026-07-27T07:53:34.636Z</time>
      </trkpt>
      <trkpt lat="44.822335" lon="6.735550">
        <ele>2316.810547</ele>
        <time>2026-07-27T07:53:39.805Z</time>
      </trkpt>
      <trkpt lat="44.822588" lon="6.735802">
        <ele>2317.661478</ele>
        <time>2026-07-27T07:53:48.810Z</time>
      </trkpt>
      <trkpt lat="44.822618" lon="6.735902">
        <ele>2318.119118</ele>
        <time>2026-07-27T07:53:52.003Z</time>
      </trkpt>
      <trkpt lat="44.822585" lon="6.736060">
        <ele>2319.146399</ele>
        <time>2026-07-27T07:53:57.681Z</time>
      </trkpt>
      <trkpt lat="44.822519" lon="6.736129">
        <ele>2319.870164</ele>
        <time>2026-07-27T07:54:02.074Z</time>
      </trkpt>
      <trkpt lat="44.822459" lon="6.736142">
        <ele>2320.675574</ele>
        <time>2026-07-27T07:54:05.815Z</time>
      </trkpt>
      <trkpt lat="44.822184" lon="6.736076">
        <ele>2324.288194</ele>
        <time>2026-07-27T07:54:26.371Z</time>
      </trkpt>
      <trkpt lat="44.821766" lon="6.735905">
        <ele>2329.652377</ele>
        <time>2026-07-27T07:54:51.273Z</time>
      </trkpt>
      <trkpt lat="44.821087" lon="6.735577">
        <ele>2341.463198</ele>
        <time>2026-07-27T07:55:51.332Z</time>
      </trkpt>
      <trkpt lat="44.820975" lon="6.735468">
        <ele>2343.500175</ele>
        <time>2026-07-27T07:56:05.025Z</time>
      </trkpt>
      <trkpt lat="44.820895" lon="6.735281">
        <ele>2345.100841</ele>
        <time>2026-07-27T07:56:12.008Z</time>
      </trkpt>
      <trkpt lat="44.820862" lon="6.735091">
        <ele>2345.599995</ele>
        <time>2026-07-27T07:56:15.448Z</time>
      </trkpt>
      <trkpt lat="44.820870" lon="6.734928">
        <ele>2345.930373</ele>
        <time>2026-07-27T07:56:18.140Z</time>
      </trkpt>
      <trkpt lat="44.820920" lon="6.734742">
        <ele>2346.381821</ele>
        <time>2026-07-27T07:56:21.503Z</time>
      </trkpt>
      <trkpt lat="44.821062" lon="6.734395">
        <ele>2347.745556</ele>
        <time>2026-07-27T07:56:31.856Z</time>
      </trkpt>
      <trkpt lat="44.821068" lon="6.734313">
        <ele>2348.013956</ele>
        <time>2026-07-27T07:56:33.788Z</time>
      </trkpt>
      <trkpt lat="44.821039" lon="6.734242">
        <ele>2348.272801</ele>
        <time>2026-07-27T07:56:35.580Z</time>
      </trkpt>
      <trkpt lat="44.820977" lon="6.734202">
        <ele>2348.576496</ele>
        <time>2026-07-27T07:56:37.702Z</time>
      </trkpt>
      <trkpt lat="44.820912" lon="6.734235">
        <ele>2348.893331</ele>
        <time>2026-07-27T07:56:40.031Z</time>
      </trkpt>
      <trkpt lat="44.820781" lon="6.734550">
        <ele>2350.029918</ele>
        <time>2026-07-27T07:56:49.030Z</time>
      </trkpt>
      <trkpt lat="44.820604" lon="6.734873">
        <ele>2351.089256</ele>
        <time>2026-07-27T07:56:54.977Z</time>
      </trkpt>
      <trkpt lat="44.820472" lon="6.735024">
        <ele>2352.360208</ele>
        <time>2026-07-27T07:57:04.614Z</time>
      </trkpt>
      <trkpt lat="44.820302" lon="6.735073">
        <ele>2354.166627</ele>
        <time>2026-07-27T07:57:15.494Z</time>
      </trkpt>
      <trkpt lat="44.820047" lon="6.735044">
        <ele>2355.322564</ele>
        <time>2026-07-27T07:57:24.501Z</time>
      </trkpt>
      <trkpt lat="44.820026" lon="6.735040">
        <ele>2355.277122</ele>
        <time>2026-07-27T07:57:24.793Z</time>
      </trkpt>
      <trkpt lat="44.820007" lon="6.735037">
        <ele>2355.236122</ele>
        <time>2026-07-27T07:57:25.030Z</time>
      </trkpt>
      <trkpt lat="44.819660" lon="6.734975">
        <ele>2353.393381</ele>
        <time>2026-07-27T07:57:28.296Z</time>
      </trkpt>
      <trkpt lat="44.819294" lon="6.734910">
        <ele>2346.506658</ele>
        <time>2026-07-27T07:57:31.324Z</time>
      </trkpt>
      <trkpt lat="44.819164" lon="6.734887">
        <ele>2343.041213</ele>
        <time>2026-07-27T07:57:32.421Z</time>
      </trkpt>
      <trkpt lat="44.818931" lon="6.734816">
        <ele>2335.833170</ele>
        <time>2026-07-27T07:57:34.403Z</time>
      </trkpt>
      <trkpt lat="44.818851" lon="6.734755">
        <ele>2333.894326</ele>
        <time>2026-07-27T07:57:35.144Z</time>
      </trkpt>
      <trkpt lat="44.818804" lon="6.734641">
        <ele>2332.025084</ele>
        <time>2026-07-27T07:57:35.920Z</time>
      </trkpt>
      <trkpt lat="44.818831" lon="6.734509">
        <ele>2331.612268</ele>
        <time>2026-07-27T07:57:36.779Z</time>
      </trkpt>
      <trkpt lat="44.819164" lon="6.733931">
        <ele>2329.862742</ele>
        <time>2026-07-27T07:57:42.375Z</time>
      </trkpt>
      <trkpt lat="44.819201" lon="6.733725">
        <ele>2329.666631</ele>
        <time>2026-07-27T07:57:45.226Z</time>
      </trkpt>
      <trkpt lat="44.819215" lon="6.733287">
        <ele>2329.106560</ele>
        <time>2026-07-27T07:57:48.385Z</time>
      </trkpt>
      <trkpt lat="44.819320" lon="6.732911">
        <ele>2329.357791</ele>
        <time>2026-07-27T07:57:55.309Z</time>
      </trkpt>
      <trkpt lat="44.819569" lon="6.732340">
        <ele>2328.572192</ele>
        <time>2026-07-27T07:58:00.699Z</time>
      </trkpt>
      <trkpt lat="44.819575" lon="6.732252">
        <ele>2328.257436</ele>
        <time>2026-07-27T07:58:01.313Z</time>
      </trkpt>
      <trkpt lat="44.819533" lon="6.732126">
        <ele>2327.761767</ele>
        <time>2026-07-27T07:58:02.210Z</time>
      </trkpt>
      <trkpt lat="44.819468" lon="6.732092">
        <ele>2326.945678</ele>
        <time>2026-07-27T07:58:02.808Z</time>
      </trkpt>
      <trkpt lat="44.819413" lon="6.732124">
        <ele>2326.212312</ele>
        <time>2026-07-27T07:58:03.310Z</time>
      </trkpt>
      <trkpt lat="44.819318" lon="6.732441">
        <ele>2322.657403</ele>
        <time>2026-07-27T07:58:05.330Z</time>
      </trkpt>
      <trkpt lat="44.819218" lon="6.732641">
        <ele>2319.961900</ele>
        <time>2026-07-27T07:58:06.760Z</time>
      </trkpt>
      <trkpt lat="44.818692" lon="6.733409">
        <ele>2309.566707</ele>
        <time>2026-07-27T07:58:13.060Z</time>
      </trkpt>
      <trkpt lat="44.818459" lon="6.733663">
        <ele>2309.053877</ele>
        <time>2026-07-27T07:58:22.847Z</time>
      </trkpt>
      <trkpt lat="44.818006" lon="6.734040">
        <ele>2298.775779</ele>
        <time>2026-07-27T07:58:27.133Z</time>
      </trkpt>
      <trkpt lat="44.817936" lon="6.734138">
        <ele>2297.150894</ele>
        <time>2026-07-27T07:58:27.959Z</time>
      </trkpt>
      <trkpt lat="44.817801" lon="6.734440">
        <ele>2294.497742</ele>
        <time>2026-07-27T07:58:30.143Z</time>
      </trkpt>
      <trkpt lat="44.817735" lon="6.734490">
        <ele>2294.042142</ele>
        <time>2026-07-27T07:58:30.807Z</time>
      </trkpt>
      <trkpt lat="44.817664" lon="6.734455">
        <ele>2293.592838</ele>
        <time>2026-07-27T07:58:31.524Z</time>
      </trkpt>
      <trkpt lat="44.817649" lon="6.734336">
        <ele>2293.089180</ele>
        <time>2026-07-27T07:58:32.362Z</time>
      </trkpt>
      <trkpt lat="44.817977" lon="6.733709">
        <ele>2290.882735</ele>
        <time>2026-07-27T07:58:37.536Z</time>
      </trkpt>
      <trkpt lat="44.818115" lon="6.733456">
        <ele>2291.389031</ele>
        <time>2026-07-27T07:58:45.687Z</time>
      </trkpt>
      <trkpt lat="44.818351" lon="6.732865">
        <ele>2292.788927</ele>
        <time>2026-07-27T07:58:59.351Z</time>
      </trkpt>
      <trkpt lat="44.818357" lon="6.732775">
        <ele>2292.864440</ele>
        <time>2026-07-27T07:59:00.107Z</time>
      </trkpt>
      <trkpt lat="44.818330" lon="6.732708">
        <ele>2292.706301</ele>
        <time>2026-07-27T07:59:00.660Z</time>
      </trkpt>
      <trkpt lat="44.818232" lon="6.732676">
        <ele>2292.247460</ele>
        <time>2026-07-27T07:59:01.625Z</time>
      </trkpt>
      <trkpt lat="44.818174" lon="6.732726">
        <ele>2291.937362</ele>
        <time>2026-07-27T07:59:02.268Z</time>
      </trkpt>
      <trkpt lat="44.817998" lon="6.733054">
        <ele>2289.771406</ele>
        <time>2026-07-27T07:59:04.882Z</time>
      </trkpt>
      <trkpt lat="44.817828" lon="6.733302">
        <ele>2286.994979</ele>
        <time>2026-07-27T07:59:06.953Z</time>
      </trkpt>
      <trkpt lat="44.817239" lon="6.733992">
        <ele>2276.834613</ele>
        <time>2026-07-27T07:59:13.360Z</time>
      </trkpt>
      <trkpt lat="44.817156" lon="6.734106">
        <ele>2275.609452</ele>
        <time>2026-07-27T07:59:14.335Z</time>
      </trkpt>
      <trkpt lat="44.816939" lon="6.734411">
        <ele>2274.018397</ele>
        <time>2026-07-27T07:59:17.238Z</time>
      </trkpt>
      <trkpt lat="44.816813" lon="6.734566">
        <ele>2273.160468</ele>
        <time>2026-07-27T07:59:20.428Z</time>
      </trkpt>
      <trkpt lat="44.816712" lon="6.734606">
        <ele>2272.288567</ele>
        <time>2026-07-27T07:59:21.354Z</time>
      </trkpt>
      <trkpt lat="44.816352" lon="6.734492">
        <ele>2264.266819</ele>
        <time>2026-07-27T07:59:24.364Z</time>
      </trkpt>
      <trkpt lat="44.816206" lon="6.734521">
        <ele>2260.353946</ele>
        <time>2026-07-27T07:59:25.580Z</time>
      </trkpt>
      <trkpt lat="44.816110" lon="6.734597">
        <ele>2257.318385</ele>
        <time>2026-07-27T07:59:26.489Z</time>
      </trkpt>
      <trkpt lat="44.815927" lon="6.734823">
        <ele>2251.260584</ele>
        <time>2026-07-27T07:59:28.485Z</time>
      </trkpt>
      <trkpt lat="44.815610" lon="6.735068">
        <ele>2245.069019</ele>
        <time>2026-07-27T07:59:31.458Z</time>
      </trkpt>
      <trkpt lat="44.815569" lon="6.735144">
        <ele>2244.468695</ele>
        <time>2026-07-27T07:59:32.032Z</time>
      </trkpt>
      <trkpt lat="44.815564" lon="6.735256">
        <ele>2243.763112</ele>
        <time>2026-07-27T07:59:32.783Z</time>
      </trkpt>
      <trkpt lat="44.815681" lon="6.735887">
        <ele>2245.452774</ele>
        <time>2026-07-27T07:59:47.350Z</time>
      </trkpt>
      <trkpt lat="44.815690" lon="6.736081">
        <ele>2246.638909</ele>
        <time>2026-07-27T07:59:54.766Z</time>
      </trkpt>
      <trkpt lat="44.815668" lon="6.736191">
        <ele>2247.339884</ele>
        <time>2026-07-27T07:59:59.137Z</time>
      </trkpt>
      <trkpt lat="44.815622" lon="6.736275">
        <ele>2247.818853</ele>
        <time>2026-07-27T08:00:02.660Z</time>
      </trkpt>
      <trkpt lat="44.815476" lon="6.736338">
        <ele>2248.751926</ele>
        <time>2026-07-27T08:00:08.374Z</time>
      </trkpt>
      <trkpt lat="44.814996" lon="6.736302">
        <ele>2249.109688</ele>
        <time>2026-07-27T08:00:17.597Z</time>
      </trkpt>
      <trkpt lat="44.814664" lon="6.736328">
        <ele>2247.418523</ele>
        <time>2026-07-27T08:00:20.620Z</time>
      </trkpt>
      <trkpt lat="44.814298" lon="6.736177">
        <ele>2246.123491</ele>
        <time>2026-07-27T08:00:24.622Z</time>
      </trkpt>
      <trkpt lat="44.814033" lon="6.736175">
        <ele>2244.885986</ele>
        <time>2026-07-27T08:00:27.200Z</time>
      </trkpt>
      <trkpt lat="44.813932" lon="6.736146">
        <ele>2244.250669</ele>
        <time>2026-07-27T08:00:28.123Z</time>
      </trkpt>
      <trkpt lat="44.813854" lon="6.736070">
        <ele>2243.148676</ele>
        <time>2026-07-27T08:00:28.946Z</time>
      </trkpt>
      <trkpt lat="44.813800" lon="6.735962">
        <ele>2241.959094</ele>
        <time>2026-07-27T08:00:29.727Z</time>
      </trkpt>
      <trkpt lat="44.813607" lon="6.735272">
        <ele>2232.160179</ele>
        <time>2026-07-27T08:00:34.046Z</time>
      </trkpt>
      <trkpt lat="44.813443" lon="6.734849">
        <ele>2221.445357</ele>
        <time>2026-07-27T08:00:36.897Z</time>
      </trkpt>
      <trkpt lat="44.813308" lon="6.734590">
        <ele>2214.097408</ele>
        <time>2026-07-27T08:00:38.801Z</time>
      </trkpt>
      <trkpt lat="44.813247" lon="6.734507">
        <ele>2211.439418</ele>
        <time>2026-07-27T08:00:39.500Z</time>
      </trkpt>
      <trkpt lat="44.813167" lon="6.734458">
        <ele>2209.206063</ele>
        <time>2026-07-27T08:00:40.211Z</time>
      </trkpt>
      <trkpt lat="44.812985" lon="6.734474">
        <ele>2204.511911</ele>
        <time>2026-07-27T08:00:41.702Z</time>
      </trkpt>
      <trkpt lat="44.812713" lon="6.734710">
        <ele>2196.328868</ele>
        <time>2026-07-27T08:00:44.324Z</time>
      </trkpt>
      <trkpt lat="44.812346" lon="6.734914">
        <ele>2187.757436</ele>
        <time>2026-07-27T08:00:47.530Z</time>
      </trkpt>
      <trkpt lat="44.812008" lon="6.735053">
        <ele>2182.510460</ele>
        <time>2026-07-27T08:00:50.469Z</time>
      </trkpt>
      <trkpt lat="44.811795" lon="6.735286">
        <ele>2179.910579</ele>
        <time>2026-07-27T08:00:52.787Z</time>
      </trkpt>
      <trkpt lat="44.811594" lon="6.735367">
        <ele>2179.194293</ele>
        <time>2026-07-27T08:00:54.896Z</time>
      </trkpt>
      <trkpt lat="44.811540" lon="6.735422">
        <ele>2179.518390</ele>
        <time>2026-07-27T08:00:56.517Z</time>
      </trkpt>
      <trkpt lat="44.811487" lon="6.735636">
        <ele>2180.414890</ele>
        <time>2026-07-27T08:01:03.615Z</time>
      </trkpt>
      <trkpt lat="44.811502" lon="6.735907">
        <ele>2182.304950</ele>
        <time>2026-07-27T08:01:14.947Z</time>
      </trkpt>
      <trkpt lat="44.811667" lon="6.736344">
        <ele>2184.793299</ele>
        <time>2026-07-27T08:01:31.156Z</time>
      </trkpt>
      <trkpt lat="44.811699" lon="6.736570">
        <ele>2185.309961</ele>
        <time>2026-07-27T08:01:34.980Z</time>
      </trkpt>
      <trkpt lat="44.811641" lon="6.736690">
        <ele>2185.258099</ele>
        <time>2026-07-27T08:01:36.339Z</time>
      </trkpt>
      <trkpt lat="44.811431" lon="6.736840">
        <ele>2184.691655</ele>
        <time>2026-07-27T08:01:38.805Z</time>
      </trkpt>
      <trkpt lat="44.811340" lon="6.736967">
        <ele>2184.055082</ele>
        <time>2026-07-27T08:01:40.047Z</time>
      </trkpt>
      <trkpt lat="44.811280" lon="6.737196">
        <ele>2182.889141</ele>
        <time>2026-07-27T08:01:41.599Z</time>
      </trkpt>
      <trkpt lat="44.811243" lon="6.737572">
        <ele>2180.454753</ele>
        <time>2026-07-27T08:01:43.910Z</time>
      </trkpt>
      <trkpt lat="44.811193" lon="6.737683">
        <ele>2179.728862</ele>
        <time>2026-07-27T08:01:44.733Z</time>
      </trkpt>
      <trkpt lat="44.811079" lon="6.737817">
        <ele>2179.119011</ele>
        <time>2026-07-27T08:01:46.140Z</time>
      </trkpt>
      <trkpt lat="44.810523" lon="6.738215">
        <ele>2178.815033</ele>
        <time>2026-07-27T08:01:54.778Z</time>
      </trkpt>
      <trkpt lat="44.810164" lon="6.738358">
        <ele>2180.673931</ele>
        <time>2026-07-27T08:02:07.892Z</time>
      </trkpt>
      <trkpt lat="44.809773" lon="6.738463">
        <ele>2184.130250</ele>
        <time>2026-07-27T08:02:28.216Z</time>
      </trkpt>
      <trkpt lat="44.809635" lon="6.738455">
        <ele>2185.475411</ele>
        <time>2026-07-27T08:02:35.603Z</time>
      </trkpt>
      <trkpt lat="44.809471" lon="6.738376">
        <ele>2187.347469</ele>
        <time>2026-07-27T08:02:45.774Z</time>
      </trkpt>
      <trkpt lat="44.809263" lon="6.738222">
        <ele>2190.165017</ele>
        <time>2026-07-27T08:03:01.062Z</time>
      </trkpt>
      <trkpt lat="44.809131" lon="6.738068">
        <ele>2192.318166</ele>
        <time>2026-07-27T08:03:10.951Z</time>
      </trkpt>
      <trkpt lat="44.809092" lon="6.737999">
        <ele>2193.085224</ele>
        <time>2026-07-27T08:03:15.855Z</time>
      </trkpt>
      <trkpt lat="44.808992" lon="6.737795">
        <ele>2194.932698</ele>
        <time>2026-07-27T08:03:30.202Z</time>
      </trkpt>
      <trkpt lat="44.808828" lon="6.737472">
        <ele>2193.605408</ele>
        <time>2026-07-27T08:03:32.720Z</time>
      </trkpt>
      <trkpt lat="44.808726" lon="6.737271">
        <ele>2191.533735</ele>
        <time>2026-07-27T08:03:34.161Z</time>
      </trkpt>
      <trkpt lat="44.808636" lon="6.737177">
        <ele>2192.418074</ele>
        <time>2026-07-27T08:03:36.162Z</time>
      </trkpt>
      <trkpt lat="44.808428" lon="6.737156">
        <ele>2196.261076</ele>
        <time>2026-07-27T08:03:58.437Z</time>
      </trkpt>
      <trkpt lat="44.808120" lon="6.737203">
        <ele>2203.586898</ele>
        <time>2026-07-27T08:04:31.249Z</time>
      </trkpt>
      <trkpt lat="44.807948" lon="6.737140">
        <ele>2207.733595</ele>
        <time>2026-07-27T08:04:49.676Z</time>
      </trkpt>
      <trkpt lat="44.807821" lon="6.736992">
        <ele>2211.265561</ele>
        <time>2026-07-27T08:05:07.248Z</time>
      </trkpt>
      <trkpt lat="44.807716" lon="6.736819">
        <ele>2213.623947</ele>
        <time>2026-07-27T08:05:19.331Z</time>
      </trkpt>
      <trkpt lat="44.807654" lon="6.736643">
        <ele>2212.117948</ele>
        <time>2026-07-27T08:05:20.793Z</time>
      </trkpt>
      <trkpt lat="44.807610" lon="6.736380">
        <ele>2207.185161</ele>
        <time>2026-07-27T08:05:22.388Z</time>
      </trkpt>
      <trkpt lat="44.807605" lon="6.736317">
        <ele>2205.444721</ele>
        <time>2026-07-27T08:05:22.774Z</time>
      </trkpt>
      <trkpt lat="44.807590" lon="6.736244">
        <ele>2203.358157</ele>
        <time>2026-07-27T08:05:23.239Z</time>
      </trkpt>
      <trkpt lat="44.807566" lon="6.736180">
        <ele>2201.519142</ele>
        <time>2026-07-27T08:05:23.678Z</time>
      </trkpt>
      <trkpt lat="44.807534" lon="6.736138">
        <ele>2200.483196</ele>
        <time>2026-07-27T08:05:24.043Z</time>
      </trkpt>
      <trkpt lat="44.807489" lon="6.736098">
        <ele>2199.222753</ele>
        <time>2026-07-27T08:05:24.483Z</time>
      </trkpt>
      <trkpt lat="44.807449" lon="6.736075">
        <ele>2198.199249</ele>
        <time>2026-07-27T08:05:24.831Z</time>
      </trkpt>
      <trkpt lat="44.807405" lon="6.736056">
        <ele>2197.108976</ele>
        <time>2026-07-27T08:05:25.221Z</time>
      </trkpt>
      <trkpt lat="44.807374" lon="6.736050">
        <ele>2196.413660</ele>
        <time>2026-07-27T08:05:25.489Z</time>
      </trkpt>
      <trkpt lat="44.807346" lon="6.736049">
        <ele>2196.265980</ele>
        <time>2026-07-27T08:05:25.756Z</time>
      </trkpt>
      <trkpt lat="44.807315" lon="6.736053">
        <ele>2196.101845</ele>
        <time>2026-07-27T08:05:26.085Z</time>
      </trkpt>
      <trkpt lat="44.807281" lon="6.736061">
        <ele>2195.920096</ele>
        <time>2026-07-27T08:05:26.483Z</time>
      </trkpt>
      <trkpt lat="44.807217" lon="6.736081">
        <ele>2195.574454</ele>
        <time>2026-07-27T08:05:27.228Z</time>
      </trkpt>
      <trkpt lat="44.805762" lon="6.736660">
        <ele>2182.910626</ele>
        <time>2026-07-27T08:05:40.531Z</time>
      </trkpt>
      <trkpt lat="44.805649" lon="6.736683">
        <ele>2181.523584</ele>
        <time>2026-07-27T08:05:41.481Z</time>
      </trkpt>
      <trkpt lat="44.805225" lon="6.736662">
        <ele>2174.874669</ele>
        <time>2026-07-27T08:05:44.983Z</time>
      </trkpt>
      <trkpt lat="44.804903" lon="6.736715">
        <ele>2171.022780</ele>
        <time>2026-07-27T08:05:47.722Z</time>
      </trkpt>
      <trkpt lat="44.804422" lon="6.736999">
        <ele>2166.701353</ele>
        <time>2026-07-27T08:05:52.317Z</time>
      </trkpt>
      <trkpt lat="44.803643" lon="6.737567">
        <ele>2162.321132</ele>
        <time>2026-07-27T08:06:00.696Z</time>
      </trkpt>
      <trkpt lat="44.803552" lon="6.737573">
        <ele>2161.760954</ele>
        <time>2026-07-27T08:06:01.501Z</time>
      </trkpt>
      <trkpt lat="44.803518" lon="6.737508">
        <ele>2161.289901</ele>
        <time>2026-07-27T08:06:02.000Z</time>
      </trkpt>
      <trkpt lat="44.803536" lon="6.737409">
        <ele>2160.606105</ele>
        <time>2026-07-27T08:06:02.632Z</time>
      </trkpt>
      <trkpt lat="44.804051" lon="6.736927">
        <ele>2154.822201</ele>
        <time>2026-07-27T08:06:07.978Z</time>
      </trkpt>
      <trkpt lat="44.804277" lon="6.736493">
        <ele>2151.921319</ele>
        <time>2026-07-27T08:06:11.391Z</time>
      </trkpt>
      <trkpt lat="44.804718" lon="6.736230">
        <ele>2147.657971</ele>
        <time>2026-07-27T08:06:15.540Z</time>
      </trkpt>
      <trkpt lat="44.805583" lon="6.735256">
        <ele>2142.177775</ele>
        <time>2026-07-27T08:06:26.036Z</time>
      </trkpt>
      <trkpt lat="44.805680" lon="6.735042">
        <ele>2141.638627</ele>
        <time>2026-07-27T08:06:27.922Z</time>
      </trkpt>
      <trkpt lat="44.805691" lon="6.734896">
        <ele>2141.240832</ele>
        <time>2026-07-27T08:06:28.952Z</time>
      </trkpt>
      <trkpt lat="44.805659" lon="6.734746">
        <ele>2140.736250</ele>
        <time>2026-07-27T08:06:30.007Z</time>
      </trkpt>
      <trkpt lat="44.805551" lon="6.734612">
        <ele>2140.050010</ele>
        <time>2026-07-27T08:06:31.372Z</time>
      </trkpt>
      <trkpt lat="44.805408" lon="6.734508">
        <ele>2139.240965</ele>
        <time>2026-07-27T08:06:32.904Z</time>
      </trkpt>
      <trkpt lat="44.805124" lon="6.734364">
        <ele>2137.261283</ele>
        <time>2026-07-27T08:06:35.662Z</time>
      </trkpt>
      <trkpt lat="44.804754" lon="6.734332">
        <ele>2133.561970</ele>
        <time>2026-07-27T08:06:38.852Z</time>
      </trkpt>
      <trkpt lat="44.804129" lon="6.734465">
        <ele>2124.811500</ele>
        <time>2026-07-27T08:06:44.126Z</time>
      </trkpt>
      <trkpt lat="44.804026" lon="6.734446">
        <ele>2123.150778</ele>
        <time>2026-07-27T08:06:44.989Z</time>
      </trkpt>
      <trkpt lat="44.803299" lon="6.734018">
        <ele>2110.143769</ele>
        <time>2026-07-27T08:06:51.488Z</time>
      </trkpt>
      <trkpt lat="44.802879" lon="6.733677">
        <ele>2101.618641</ele>
        <time>2026-07-27T08:06:55.469Z</time>
      </trkpt>
      <trkpt lat="44.802588" lon="6.733487">
        <ele>2097.072567</ele>
        <time>2026-07-27T08:06:58.144Z</time>
      </trkpt>
      <trkpt lat="44.802451" lon="6.733362">
        <ele>2094.964025</ele>
        <time>2026-07-27T08:06:59.523Z</time>
      </trkpt>
      <trkpt lat="44.802275" lon="6.733122">
        <ele>2092.271096</ele>
        <time>2026-07-27T08:07:01.599Z</time>
      </trkpt>
      <trkpt lat="44.801737" lon="6.732196">
        <ele>2084.566968</ele>
        <time>2026-07-27T08:07:09.032Z</time>
      </trkpt>
      <trkpt lat="44.801282" lon="6.731769">
        <ele>2075.847640</ele>
        <time>2026-07-27T08:07:13.552Z</time>
      </trkpt>
      <trkpt lat="44.801177" lon="6.731573">
        <ele>2072.702473</ele>
        <time>2026-07-27T08:07:14.973Z</time>
      </trkpt>
      <trkpt lat="44.801073" lon="6.731274">
        <ele>2068.918017</ele>
        <time>2026-07-27T08:07:16.925Z</time>
      </trkpt>
      <trkpt lat="44.800990" lon="6.731171">
        <ele>2067.576660</ele>
        <time>2026-07-27T08:07:17.870Z</time>
      </trkpt>
      <trkpt lat="44.800878" lon="6.731183">
        <ele>2066.582780</ele>
        <time>2026-07-27T08:07:18.863Z</time>
      </trkpt>
      <trkpt lat="44.800817" lon="6.731289">
        <ele>2065.949362</ele>
        <time>2026-07-27T08:07:19.742Z</time>
      </trkpt>
      <trkpt lat="44.800816" lon="6.731375">
        <ele>2065.550171</ele>
        <time>2026-07-27T08:07:20.301Z</time>
      </trkpt>
      <trkpt lat="44.800842" lon="6.731456">
        <ele>2065.481001</ele>
        <time>2026-07-27T08:07:20.913Z</time>
      </trkpt>
      <trkpt lat="44.801021" lon="6.731756">
        <ele>2065.674495</ele>
        <time>2026-07-27T08:07:25.924Z</time>
      </trkpt>
      <trkpt lat="44.801173" lon="6.732211">
        <ele>2066.906714</ele>
        <time>2026-07-27T08:07:39.144Z</time>
      </trkpt>
      <trkpt lat="44.801207" lon="6.732318">
        <ele>2066.324487</ele>
        <time>2026-07-27T08:07:39.913Z</time>
      </trkpt>
      <trkpt lat="44.801287" lon="6.732565">
        <ele>2065.026249</ele>
        <time>2026-07-27T08:07:41.537Z</time>
      </trkpt>
      <trkpt lat="44.801346" lon="6.732717">
        <ele>2064.249645</ele>
        <time>2026-07-27T08:07:42.630Z</time>
      </trkpt>
      <trkpt lat="44.801452" lon="6.732875">
        <ele>2064.889822</ele>
        <time>2026-07-27T08:07:49.554Z</time>
      </trkpt>
      <trkpt lat="44.801477" lon="6.732912">
        <ele>2065.125637</ele>
        <time>2026-07-27T08:07:52.488Z</time>
      </trkpt>
      <trkpt lat="44.801513" lon="6.732971">
        <ele>2065.484791</ele>
        <time>2026-07-27T08:07:55.920Z</time>
      </trkpt>
      <trkpt lat="44.801537" lon="6.733015">
        <ele>2064.821250</ele>
        <time>2026-07-27T08:07:56.728Z</time>
      </trkpt>
      <trkpt lat="44.801558" lon="6.733065">
        <ele>2063.902973</ele>
        <time>2026-07-27T08:07:57.082Z</time>
      </trkpt>
      <trkpt lat="44.801579" lon="6.733127">
        <ele>2062.817187</ele>
        <time>2026-07-27T08:07:57.482Z</time>
      </trkpt>
      <trkpt lat="44.801597" lon="6.733205">
        <ele>2061.520889</ele>
        <time>2026-07-27T08:07:57.974Z</time>
      </trkpt>
      <trkpt lat="44.801616" lon="6.733284">
        <ele>2060.265229</ele>
        <time>2026-07-27T08:07:58.477Z</time>
      </trkpt>
      <trkpt lat="44.801630" lon="6.733332">
        <ele>2059.604290</ele>
        <time>2026-07-27T08:07:58.788Z</time>
      </trkpt>
      <trkpt lat="44.801695" lon="6.733463">
        <ele>2057.568473</ele>
        <time>2026-07-27T08:07:59.713Z</time>
      </trkpt>
      <trkpt lat="44.801879" lon="6.733717">
        <ele>2057.338123</ele>
        <time>2026-07-27T08:08:04.585Z</time>
      </trkpt>
      <trkpt lat="44.801989" lon="6.733869">
        <ele>2059.597462</ele>
        <time>2026-07-27T08:08:19.828Z</time>
      </trkpt>
      <trkpt lat="44.802077" lon="6.734035">
        <ele>2060.849329</ele>
        <time>2026-07-27T08:08:32.631Z</time>
      </trkpt>
      <trkpt lat="44.802086" lon="6.734145">
        <ele>2060.194525</ele>
        <time>2026-07-27T08:08:33.322Z</time>
      </trkpt>
      <trkpt lat="44.802042" lon="6.734249">
        <ele>2059.478482</ele>
        <time>2026-07-27T08:08:34.027Z</time>
      </trkpt>
      <trkpt lat="44.801985" lon="6.734260">
        <ele>2058.618416</ele>
        <time>2026-07-27T08:08:34.490Z</time>
      </trkpt>
      <trkpt lat="44.801938" lon="6.734233">
        <ele>2057.776103</ele>
        <time>2026-07-27T08:08:34.904Z</time>
      </trkpt>
      <trkpt lat="44.801721" lon="6.733861">
        <ele>2052.842693</ele>
        <time>2026-07-27T08:08:37.779Z</time>
      </trkpt>
      <trkpt lat="44.801412" lon="6.733528">
        <ele>2047.165912</ele>
        <time>2026-07-27T08:08:41.011Z</time>
      </trkpt>
      <trkpt lat="44.801251" lon="6.733262">
        <ele>2043.440184</ele>
        <time>2026-07-27T08:08:43.073Z</time>
      </trkpt>
      <trkpt lat="44.800922" lon="6.732953">
        <ele>2037.733614</ele>
        <time>2026-07-27T08:08:46.361Z</time>
      </trkpt>
      <trkpt lat="44.800666" lon="6.732622">
        <ele>2032.749739</ele>
        <time>2026-07-27T08:08:49.260Z</time>
      </trkpt>
      <trkpt lat="44.800422" lon="6.732392">
        <ele>2027.521300</ele>
        <time>2026-07-27T08:08:51.673Z</time>
      </trkpt>
      <trkpt lat="44.800244" lon="6.732338">
        <ele>2023.927455</ele>
        <time>2026-07-27T08:08:53.164Z</time>
      </trkpt>
      <trkpt lat="44.799777" lon="6.732321">
        <ele>2012.930659</ele>
        <time>2026-07-27T08:08:56.972Z</time>
      </trkpt>
      <trkpt lat="44.799622" lon="6.732265">
        <ele>2008.398410</ele>
        <time>2026-07-27T08:08:58.298Z</time>
      </trkpt>
      <trkpt lat="44.799464" lon="6.732164">
        <ele>2003.774059</ele>
        <time>2026-07-27T08:08:59.731Z</time>
      </trkpt>
      <trkpt lat="44.799437" lon="6.732138">
        <ele>2002.902954</ele>
        <time>2026-07-27T08:09:00.001Z</time>
      </trkpt>
      <trkpt lat="44.799419" lon="6.732103">
        <ele>2002.290667</ele>
        <time>2026-07-27T08:09:00.255Z</time>
      </trkpt>
      <trkpt lat="44.799402" lon="6.732056">
        <ele>2002.030343</ele>
        <time>2026-07-27T08:09:00.574Z</time>
      </trkpt>
      <trkpt lat="44.799393" lon="6.732006">
        <ele>2001.775794</ele>
        <time>2026-07-27T08:09:00.897Z</time>
      </trkpt>
      <trkpt lat="44.799391" lon="6.731958">
        <ele>2001.538521</ele>
        <time>2026-07-27T08:09:01.244Z</time>
      </trkpt>
      <trkpt lat="44.799516" lon="6.730928">
        <ele>1999.314692</ele>
        <time>2026-07-27T08:09:09.390Z</time>
      </trkpt>
      <trkpt lat="44.799594" lon="6.730621">
        <ele>1997.669660</ele>
        <time>2026-07-27T08:09:11.428Z</time>
      </trkpt>
      <trkpt lat="44.799790" lon="6.730216">
        <ele>1995.034632</ele>
        <time>2026-07-27T08:09:14.556Z</time>
      </trkpt>
      <trkpt lat="44.800050" lon="6.729870">
        <ele>1991.260572</ele>
        <time>2026-07-27T08:09:17.602Z</time>
      </trkpt>
      <trkpt lat="44.800241" lon="6.729677">
        <ele>1989.051800</ele>
        <time>2026-07-27T08:09:19.638Z</time>
      </trkpt>
      <trkpt lat="44.800275" lon="6.729568">
        <ele>1988.496007</ele>
        <time>2026-07-27T08:09:20.388Z</time>
      </trkpt>
      <trkpt lat="44.800236" lon="6.729478">
        <ele>1988.003751</ele>
        <time>2026-07-27T08:09:21.075Z</time>
      </trkpt>
      <trkpt lat="44.800175" lon="6.729471">
        <ele>1987.604565</ele>
        <time>2026-07-27T08:09:21.664Z</time>
      </trkpt>
      <trkpt lat="44.800113" lon="6.729508">
        <ele>1987.217935</ele>
        <time>2026-07-27T08:09:22.307Z</time>
      </trkpt>
      <trkpt lat="44.799934" lon="6.729734">
        <ele>1985.592799</ele>
        <time>2026-07-27T08:09:24.499Z</time>
      </trkpt>
      <trkpt lat="44.799566" lon="6.730116">
        <ele>1981.237431</ele>
        <time>2026-07-27T08:09:28.423Z</time>
      </trkpt>
      <trkpt lat="44.799263" lon="6.730580">
        <ele>1976.609390</ele>
        <time>2026-07-27T08:09:32.311Z</time>
      </trkpt>
      <trkpt lat="44.799147" lon="6.730832">
        <ele>1973.252260</ele>
        <time>2026-07-27T08:09:34.068Z</time>
      </trkpt>
      <trkpt lat="44.799022" lon="6.731287">
        <ele>1966.408692</ele>
        <time>2026-07-27T08:09:36.887Z</time>
      </trkpt>
      <trkpt lat="44.798776" lon="6.731665">
        <ele>1960.629785</ele>
        <time>2026-07-27T08:09:39.908Z</time>
      </trkpt>
      <trkpt lat="44.798736" lon="6.731836">
        <ele>1958.702905</ele>
        <time>2026-07-27T08:09:40.969Z</time>
      </trkpt>
      <trkpt lat="44.798718" lon="6.732369">
        <ele>1953.333750</ele>
        <time>2026-07-27T08:09:44.113Z</time>
      </trkpt>
      <trkpt lat="44.798687" lon="6.732432">
        <ele>1952.614825</ele>
        <time>2026-07-27T08:09:44.575Z</time>
      </trkpt>
      <trkpt lat="44.798640" lon="6.732449">
        <ele>1952.206829</ele>
        <time>2026-07-27T08:09:44.997Z</time>
      </trkpt>
      <trkpt lat="44.798591" lon="6.732367">
        <ele>1951.567214</ele>
        <time>2026-07-27T08:09:45.672Z</time>
      </trkpt>
      <trkpt lat="44.798611" lon="6.731528">
        <ele>1946.918370</ele>
        <time>2026-07-27T08:09:50.956Z</time>
      </trkpt>
      <trkpt lat="44.798782" lon="6.731111">
        <ele>1944.638272</ele>
        <time>2026-07-27T08:09:54.011Z</time>
      </trkpt>
      <trkpt lat="44.798819" lon="6.730465">
        <ele>1943.403543</ele>
        <time>2026-07-27T08:09:58.960Z</time>
      </trkpt>
      <trkpt lat="44.798853" lon="6.730288">
        <ele>1943.114362</ele>
        <time>2026-07-27T08:10:00.669Z</time>
      </trkpt>
      <trkpt lat="44.799140" lon="6.729487">
        <ele>1940.382961</ele>
        <time>2026-07-27T08:10:07.204Z</time>
      </trkpt>
      <trkpt lat="44.799168" lon="6.729285">
        <ele>1937.175176</ele>
        <time>2026-07-27T08:10:08.397Z</time>
      </trkpt>
      <trkpt lat="44.799141" lon="6.729005">
        <ele>1929.867528</ele>
        <time>2026-07-27T08:10:10.110Z</time>
      </trkpt>
      <trkpt lat="44.799126" lon="6.728975">
        <ele>1928.836104</ele>
        <time>2026-07-27T08:10:10.337Z</time>
      </trkpt>
      <trkpt lat="44.799110" lon="6.728956">
        <ele>1928.007410</ele>
        <time>2026-07-27T08:10:10.517Z</time>
      </trkpt>
      <trkpt lat="44.799086" lon="6.728942">
        <ele>1927.481429</ele>
        <time>2026-07-27T08:10:10.738Z</time>
      </trkpt>
      <trkpt lat="44.799062" lon="6.728936">
        <ele>1927.482087</ele>
        <time>2026-07-27T08:10:10.942Z</time>
      </trkpt>
      <trkpt lat="44.799036" lon="6.728939">
        <ele>1927.482790</ele>
        <time>2026-07-27T08:10:11.148Z</time>
      </trkpt>
      <trkpt lat="44.799010" lon="6.728956">
        <ele>1927.483564</ele>
        <time>2026-07-27T08:10:11.397Z</time>
      </trkpt>
      <trkpt lat="44.798979" lon="6.729014">
        <ele>1927.484954</ele>
        <time>2026-07-27T08:10:13.191Z</time>
      </trkpt>
      <trkpt lat="44.799001" lon="6.729289">
        <ele>1929.547347</ele>
        <time>2026-07-27T08:10:34.192Z</time>
      </trkpt>
      <trkpt lat="44.798955" lon="6.729499">
        <ele>1931.394652</ele>
        <time>2026-07-27T08:10:42.400Z</time>
      </trkpt>
      <trkpt lat="44.798536" lon="6.730071">
        <ele>1929.245322</ele>
        <time>2026-07-27T08:10:48.009Z</time>
      </trkpt>
      <trkpt lat="44.798479" lon="6.730217">
        <ele>1928.193886</ele>
        <time>2026-07-27T08:10:49.027Z</time>
      </trkpt>
      <trkpt lat="44.798373" lon="6.730660">
        <ele>1924.182057</ele>
        <time>2026-07-27T08:10:51.848Z</time>
      </trkpt>
      <trkpt lat="44.798284" lon="6.730802">
        <ele>1921.761426</ele>
        <time>2026-07-27T08:10:52.949Z</time>
      </trkpt>
      <trkpt lat="44.798120" lon="6.730963">
        <ele>1918.058327</ele>
        <time>2026-07-27T08:10:54.577Z</time>
      </trkpt>
      <trkpt lat="44.798068" lon="6.731069">
        <ele>1916.721716</ele>
        <time>2026-07-27T08:10:55.338Z</time>
      </trkpt>
      <trkpt lat="44.798020" lon="6.731253">
        <ele>1914.994642</ele>
        <time>2026-07-27T08:10:56.559Z</time>
      </trkpt>
      <trkpt lat="44.798006" lon="6.731716">
        <ele>1911.427933</ele>
        <time>2026-07-27T08:10:59.358Z</time>
      </trkpt>
      <trkpt lat="44.797945" lon="6.731924">
        <ele>1909.452995</ele>
        <time>2026-07-27T08:11:00.707Z</time>
      </trkpt>
      <trkpt lat="44.797866" lon="6.732094">
        <ele>1907.562597</ele>
        <time>2026-07-27T08:11:01.915Z</time>
      </trkpt>
      <trkpt lat="44.797747" lon="6.732232">
        <ele>1905.368355</ele>
        <time>2026-07-27T08:11:03.200Z</time>
      </trkpt>
      <trkpt lat="44.797639" lon="6.732290">
        <ele>1903.455036</ele>
        <time>2026-07-27T08:11:04.161Z</time>
      </trkpt>
      <trkpt lat="44.797215" lon="6.732323">
        <ele>1895.869939</ele>
        <time>2026-07-27T08:11:07.633Z</time>
      </trkpt>
      <trkpt lat="44.797198" lon="6.732334">
        <ele>1895.621545</ele>
        <time>2026-07-27T08:11:07.791Z</time>
      </trkpt>
      <trkpt lat="44.797179" lon="6.732355">
        <ele>1895.300913</ele>
        <time>2026-07-27T08:11:07.989Z</time>
      </trkpt>
      <trkpt lat="44.797162" lon="6.732384">
        <ele>1894.946478</ele>
        <time>2026-07-27T08:11:08.210Z</time>
      </trkpt>
      <trkpt lat="44.797151" lon="6.732416">
        <ele>1894.611441</ele>
        <time>2026-07-27T08:11:08.423Z</time>
      </trkpt>
      <trkpt lat="44.797146" lon="6.732448">
        <ele>1894.302697</ele>
        <time>2026-07-27T08:11:08.617Z</time>
      </trkpt>
      <trkpt lat="44.797144" lon="6.732500">
        <ele>1893.812006</ele>
        <time>2026-07-27T08:11:08.942Z</time>
      </trkpt>
      <trkpt lat="44.797209" lon="6.732744">
        <ele>1893.136560</ele>
        <time>2026-07-27T08:11:10.756Z</time>
      </trkpt>
      <trkpt lat="44.797289" lon="6.732886">
        <ele>1893.252493</ele>
        <time>2026-07-27T08:11:13.900Z</time>
      </trkpt>
      <trkpt lat="44.797638" lon="6.733244">
        <ele>1895.312562</ele>
        <time>2026-07-27T08:11:28.900Z</time>
      </trkpt>
      <trkpt lat="44.797969" lon="6.733511">
        <ele>1898.050997</ele>
        <time>2026-07-27T08:11:45.619Z</time>
      </trkpt>
      <trkpt lat="44.798263" lon="6.734021">
        <ele>1902.042360</ele>
        <time>2026-07-27T08:12:09.136Z</time>
      </trkpt>
      <trkpt lat="44.798524" lon="6.734324">
        <ele>1903.265684</ele>
        <time>2026-07-27T08:12:23.121Z</time>
      </trkpt>
      <trkpt lat="44.798571" lon="6.734429">
        <ele>1902.965165</ele>
        <time>2026-07-27T08:12:23.877Z</time>
      </trkpt>
      <trkpt lat="44.798553" lon="6.734533">
        <ele>1902.019515</ele>
        <time>2026-07-27T08:12:24.501Z</time>
      </trkpt>
      <trkpt lat="44.798478" lon="6.734585">
        <ele>1900.593182</ele>
        <time>2026-07-27T08:12:25.193Z</time>
      </trkpt>
      <trkpt lat="44.798410" lon="6.734553">
        <ele>1899.369818</ele>
        <time>2026-07-27T08:12:25.786Z</time>
      </trkpt>
      <trkpt lat="44.798041" lon="6.734063">
        <ele>1888.869696</ele>
        <time>2026-07-27T08:12:29.917Z</time>
      </trkpt>
      <trkpt lat="44.797835" lon="6.733832">
        <ele>1883.312629</ele>
        <time>2026-07-27T08:12:32.069Z</time>
      </trkpt>
      <trkpt lat="44.797277" lon="6.733534">
        <ele>1871.422470</ele>
        <time>2026-07-27T08:12:36.943Z</time>
      </trkpt>
      <trkpt lat="44.797032" lon="6.733432">
        <ele>1867.330458</ele>
        <time>2026-07-27T08:12:39.059Z</time>
      </trkpt>
      <trkpt lat="44.796928" lon="6.733346">
        <ele>1865.521399</ele>
        <time>2026-07-27T08:12:40.056Z</time>
      </trkpt>
      <trkpt lat="44.796717" lon="6.733090">
        <ele>1861.311815</ele>
        <time>2026-07-27T08:12:42.379Z</time>
      </trkpt>
      <trkpt lat="44.796459" lon="6.732883">
        <ele>1856.427723</ele>
        <time>2026-07-27T08:12:44.816Z</time>
      </trkpt>
      <trkpt lat="44.796085" lon="6.732356">
        <ele>1848.911030</ele>
        <time>2026-07-27T08:12:49.216Z</time>
      </trkpt>
      <trkpt lat="44.796050" lon="6.732280">
        <ele>1848.166107</ele>
        <time>2026-07-27T08:12:49.772Z</time>
      </trkpt>
      <trkpt lat="44.796031" lon="6.732151">
        <ele>1847.560722</ele>
        <time>2026-07-27T08:12:50.646Z</time>
      </trkpt>
      <trkpt lat="44.796103" lon="6.731844">
        <ele>1846.853660</ele>
        <time>2026-07-27T08:12:52.968Z</time>
      </trkpt>
      <trkpt lat="44.796183" lon="6.731671">
        <ele>1846.723410</ele>
        <time>2026-07-27T08:12:54.761Z</time>
      </trkpt>
      <trkpt lat="44.796480" lon="6.731407">
        <ele>1848.106493</ele>
        <time>2026-07-27T08:13:07.575Z</time>
      </trkpt>
      <trkpt lat="44.796613" lon="6.731223">
        <ele>1847.527974</ele>
        <time>2026-07-27T08:13:10.504Z</time>
      </trkpt>
      <trkpt lat="44.796650" lon="6.731131">
        <ele>1846.660084</ele>
        <time>2026-07-27T08:13:11.131Z</time>
      </trkpt>
      <trkpt lat="44.796665" lon="6.731001">
        <ele>1845.393528</ele>
        <time>2026-07-27T08:13:11.893Z</time>
      </trkpt>
      <trkpt lat="44.796606" lon="6.730813">
        <ele>1842.405474</ele>
        <time>2026-07-27T08:13:13.086Z</time>
      </trkpt>
      <trkpt lat="44.796562" lon="6.730742">
        <ele>1841.085161</ele>
        <time>2026-07-27T08:13:13.639Z</time>
      </trkpt>
      <trkpt lat="44.796525" lon="6.730676">
        <ele>1840.203092</ele>
        <time>2026-07-27T08:13:14.135Z</time>
      </trkpt>
      <trkpt lat="44.796501" lon="6.730621">
        <ele>1839.525983</ele>
        <time>2026-07-27T08:13:14.519Z</time>
      </trkpt>
      <trkpt lat="44.796483" lon="6.730570">
        <ele>1838.928647</ele>
        <time>2026-07-27T08:13:14.852Z</time>
      </trkpt>
      <trkpt lat="44.796476" lon="6.730545">
        <ele>1838.646802</ele>
        <time>2026-07-27T08:13:15.010Z</time>
      </trkpt>
      <trkpt lat="44.796463" lon="6.730489">
        <ele>1838.028906</ele>
        <time>2026-07-27T08:13:15.356Z</time>
      </trkpt>
      <trkpt lat="44.796478" lon="6.730289">
        <ele>1836.635687</ele>
        <time>2026-07-27T08:13:16.566Z</time>
      </trkpt>
      <trkpt lat="44.796637" lon="6.729704">
        <ele>1834.138525</ele>
        <time>2026-07-27T08:13:20.784Z</time>
      </trkpt>
      <trkpt lat="44.796688" lon="6.729583">
        <ele>1833.698327</ele>
        <time>2026-07-27T08:13:21.758Z</time>
      </trkpt>
      <trkpt lat="44.796856" lon="6.729333">
        <ele>1832.750872</ele>
        <time>2026-07-27T08:13:24.155Z</time>
      </trkpt>
      <trkpt lat="44.796912" lon="6.729167">
        <ele>1832.324732</ele>
        <time>2026-07-27T08:13:25.495Z</time>
      </trkpt>
      <trkpt lat="44.796920" lon="6.728733">
        <ele>1831.001953</ele>
        <time>2026-07-27T08:13:28.483Z</time>
      </trkpt>
      <trkpt lat="44.796850" lon="6.728356">
        <ele>1829.058439</ele>
        <time>2026-07-27T08:13:30.960Z</time>
      </trkpt>
      <trkpt lat="44.796795" lon="6.728221">
        <ele>1828.195561</ele>
        <time>2026-07-27T08:13:31.939Z</time>
      </trkpt>
      <trkpt lat="44.796706" lon="6.728115">
        <ele>1827.148716</ele>
        <time>2026-07-27T08:13:32.969Z</time>
      </trkpt>
      <trkpt lat="44.796551" lon="6.728034">
        <ele>1825.491255</ele>
        <time>2026-07-27T08:13:34.388Z</time>
      </trkpt>
      <trkpt lat="44.796349" lon="6.728050">
        <ele>1822.764047</ele>
        <time>2026-07-27T08:13:36.076Z</time>
      </trkpt>
      <trkpt lat="44.796222" lon="6.728180">
        <ele>1820.582765</ele>
        <time>2026-07-27T08:13:37.381Z</time>
      </trkpt>
      <trkpt lat="44.796117" lon="6.728394">
        <ele>1818.113022</ele>
        <time>2026-07-27T08:13:38.938Z</time>
      </trkpt>
      <trkpt lat="44.795891" lon="6.728935">
        <ele>1812.515638</ele>
        <time>2026-07-27T08:13:42.676Z</time>
      </trkpt>
      <trkpt lat="44.795395" lon="6.729686">
        <ele>1803.974515</ele>
        <time>2026-07-27T08:13:48.861Z</time>
      </trkpt>
      <trkpt lat="44.795140" lon="6.729988">
        <ele>1799.479144</ele>
        <time>2026-07-27T08:13:51.652Z</time>
      </trkpt>
      <trkpt lat="44.794766" lon="6.730332">
        <ele>1793.215284</ele>
        <time>2026-07-27T08:13:55.365Z</time>
      </trkpt>
      <trkpt lat="44.794692" lon="6.730390">
        <ele>1792.219612</ele>
        <time>2026-07-27T08:13:56.085Z</time>
      </trkpt>
      <trkpt lat="44.793689" lon="6.731106">
        <ele>1780.104346</ele>
        <time>2026-07-27T08:14:05.701Z</time>
      </trkpt>
      <trkpt lat="44.793627" lon="6.731147">
        <ele>1779.375970</ele>
        <time>2026-07-27T08:14:06.282Z</time>
      </trkpt>
      <trkpt lat="44.793290" lon="6.731339">
        <ele>1775.353609</ele>
        <time>2026-07-27T08:14:09.380Z</time>
      </trkpt>
      <trkpt lat="44.793248" lon="6.731361">
        <ele>1774.839715</ele>
        <time>2026-07-27T08:14:09.764Z</time>
      </trkpt>
      <trkpt lat="44.793104" lon="6.731434">
        <ele>1773.189506</ele>
        <time>2026-07-27T08:14:11.065Z</time>
      </trkpt>
      <trkpt lat="44.792531" lon="6.731711">
        <ele>1767.176150</ele>
        <time>2026-07-27T08:14:16.290Z</time>
      </trkpt>
      <trkpt lat="44.791914" lon="6.731968">
        <ele>1760.388520</ele>
        <time>2026-07-27T08:14:21.786Z</time>
      </trkpt>
      <trkpt lat="44.791894" lon="6.731977">
        <ele>1760.165386</ele>
        <time>2026-07-27T08:14:21.973Z</time>
      </trkpt>
      <trkpt lat="44.791466" lon="6.732113">
        <ele>1755.831684</ele>
        <time>2026-07-27T08:14:25.764Z</time>
      </trkpt>
      <trkpt lat="44.790860" lon="6.732188">
        <ele>1749.048457</ele>
        <time>2026-07-27T08:14:30.918Z</time>
      </trkpt>
      <trkpt lat="44.790294" lon="6.732293">
        <ele>1743.781106</ele>
        <time>2026-07-27T08:14:35.906Z</time>
      </trkpt>
      <trkpt lat="44.790053" lon="6.732417">
        <ele>1741.111790</ele>
        <time>2026-07-27T08:14:38.085Z</time>
      </trkpt>
      <trkpt lat="44.790015" lon="6.732439">
        <ele>1740.755182</ele>
        <time>2026-07-27T08:14:38.442Z</time>
      </trkpt>
      <trkpt lat="44.789952" lon="6.732480">
        <ele>1740.152814</ele>
        <time>2026-07-27T08:14:39.058Z</time>
      </trkpt>
      <trkpt lat="44.789542" lon="6.732754">
        <ele>1737.370570</ele>
        <time>2026-07-27T08:14:43.246Z</time>
      </trkpt>
      <trkpt lat="44.789265" lon="6.732903">
        <ele>1735.433883</ele>
        <time>2026-07-27T08:14:45.953Z</time>
      </trkpt>
      <trkpt lat="44.788732" lon="6.732999">
        <ele>1731.315472</ele>
        <time>2026-07-27T08:14:50.694Z</time>
      </trkpt>
      <trkpt lat="44.787608" lon="6.733109">
        <ele>1724.243706</ele>
        <time>2026-07-27T08:15:01.043Z</time>
      </trkpt>
      <trkpt lat="44.786848" lon="6.733067">
        <ele>1716.549506</ele>
        <time>2026-07-27T08:15:07.550Z</time>
      </trkpt>
      <trkpt lat="44.786347" lon="6.733148">
        <ele>1711.994452</ele>
        <time>2026-07-27T08:15:11.946Z</time>
      </trkpt>
      <trkpt lat="44.786062" lon="6.733249">
        <ele>1709.941346</ele>
        <time>2026-07-27T08:15:14.584Z</time>
      </trkpt>
      <trkpt lat="44.785334" lon="6.733678">
        <ele>1704.854318</ele>
        <time>2026-07-27T08:15:21.768Z</time>
      </trkpt>
      <trkpt lat="44.784282" lon="6.734327">
        <ele>1695.816235</ele>
        <time>2026-07-27T08:15:31.939Z</time>
      </trkpt>
      <trkpt lat="44.783700" lon="6.734670">
        <ele>1689.535176</ele>
        <time>2026-07-27T08:15:37.366Z</time>
      </trkpt>
      <trkpt lat="44.783180" lon="6.734829">
        <ele>1684.936246</ele>
        <time>2026-07-27T08:15:41.983Z</time>
      </trkpt>
      <trkpt lat="44.782680" lon="6.734933">
        <ele>1683.072082</ele>
        <time>2026-07-27T08:15:47.116Z</time>
      </trkpt>
      <trkpt lat="44.781990" lon="6.734952">
        <ele>1681.576341</ele>
        <time>2026-07-27T08:15:54.713Z</time>
      </trkpt>
      <trkpt lat="44.781888" lon="6.734951">
        <ele>1681.268695</ele>
        <time>2026-07-27T08:15:55.741Z</time>
      </trkpt>
      <trkpt lat="44.781859" lon="6.734950">
        <ele>1681.093831</ele>
        <time>2026-07-27T08:15:56.018Z</time>
      </trkpt>
      <trkpt lat="44.781837" lon="6.734949">
        <ele>1680.961147</ele>
        <time>2026-07-27T08:15:56.221Z</time>
      </trkpt>
      <trkpt lat="44.781516" lon="6.734941">
        <ele>1679.094394</ele>
        <time>2026-07-27T08:15:59.125Z</time>
      </trkpt>
      <trkpt lat="44.781438" lon="6.734940">
        <ele>1678.679921</ele>
        <time>2026-07-27T08:15:59.898Z</time>
      </trkpt>
      <trkpt lat="44.781370" lon="6.734947">
        <ele>1678.543304</ele>
        <time>2026-07-27T08:16:00.659Z</time>
      </trkpt>
      <trkpt lat="44.781321" lon="6.734962">
        <ele>1678.442830</ele>
        <time>2026-07-27T08:16:01.233Z</time>
      </trkpt>
      <trkpt lat="44.781100" lon="6.735136">
        <ele>1677.904029</ele>
        <time>2026-07-27T08:16:04.084Z</time>
      </trkpt>
      <trkpt lat="44.780799" lon="6.735383">
        <ele>1676.701243</ele>
        <time>2026-07-27T08:16:07.596Z</time>
      </trkpt>
      <trkpt lat="44.780615" lon="6.735423">
        <ele>1675.724135</ele>
        <time>2026-07-27T08:16:09.326Z</time>
      </trkpt>
      <trkpt lat="44.780372" lon="6.735410">
        <ele>1673.546202</ele>
        <time>2026-07-27T08:16:11.484Z</time>
      </trkpt>
      <trkpt lat="44.780144" lon="6.735381">
        <ele>1669.607636</ele>
        <time>2026-07-27T08:16:13.358Z</time>
      </trkpt>
      <trkpt lat="44.780131" lon="6.735380">
        <ele>1669.344192</ele>
        <time>2026-07-27T08:16:13.465Z</time>
      </trkpt>
      <trkpt lat="44.780038" lon="6.735367">
        <ele>1667.453121</ele>
        <time>2026-07-27T08:16:14.228Z</time>
      </trkpt>
      <trkpt lat="44.780002" lon="6.735362">
        <ele>1666.721139</ele>
        <time>2026-07-27T08:16:14.521Z</time>
      </trkpt>
      <trkpt lat="44.779668" lon="6.735297">
        <ele>1660.799172</ele>
        <time>2026-07-27T08:16:17.293Z</time>
      </trkpt>
      <trkpt lat="44.779306" lon="6.735217">
        <ele>1656.470562</ele>
        <time>2026-07-27T08:16:20.430Z</time>
      </trkpt>
      <trkpt lat="44.778787" lon="6.735102">
        <ele>1649.364894</ele>
        <time>2026-07-27T08:16:24.813Z</time>
      </trkpt>
      <trkpt lat="44.778468" lon="6.735073">
        <ele>1645.859623</ele>
        <time>2026-07-27T08:16:27.544Z</time>
      </trkpt>
      <trkpt lat="44.778131" lon="6.735101">
        <ele>1642.692125</ele>
        <time>2026-07-27T08:16:30.470Z</time>
      </trkpt>
      <trkpt lat="44.777735" lon="6.735251">
        <ele>1639.560725</ele>
        <time>2026-07-27T08:16:34.122Z</time>
      </trkpt>
      <trkpt lat="44.777336" lon="6.735323">
        <ele>1636.034171</ele>
        <time>2026-07-27T08:16:37.642Z</time>
      </trkpt>
      <trkpt lat="44.776308" lon="6.735200">
        <ele>1625.628898</ele>
        <time>2026-07-27T08:16:46.508Z</time>
      </trkpt>
      <trkpt lat="44.776142" lon="6.735211">
        <ele>1624.004806</ele>
        <time>2026-07-27T08:16:47.935Z</time>
      </trkpt>
      <trkpt lat="44.776012" lon="6.735252">
        <ele>1622.756146</ele>
        <time>2026-07-27T08:16:49.093Z</time>
      </trkpt>
      <trkpt lat="44.775070" lon="6.735727">
        <ele>1614.077501</ele>
        <time>2026-07-27T08:16:57.845Z</time>
      </trkpt>
      <trkpt lat="44.773480" lon="6.736315">
        <ele>1599.523122</ele>
        <time>2026-07-27T08:17:12.153Z</time>
      </trkpt>
      <trkpt lat="44.772996" lon="6.736427">
        <ele>1596.553522</ele>
        <time>2026-07-27T08:17:16.741Z</time>
      </trkpt>
      <trkpt lat="44.769955" lon="6.736851">
        <ele>1572.669456</ele>
        <time>2026-07-27T08:17:43.789Z</time>
      </trkpt>
      <trkpt lat="44.769480" lon="6.736974">
        <ele>1569.597171</ele>
        <time>2026-07-27T08:17:48.177Z</time>
      </trkpt>
      <trkpt lat="44.769278" lon="6.737083">
        <ele>1568.454903</ele>
        <time>2026-07-27T08:17:50.226Z</time>
      </trkpt>
      <trkpt lat="44.769037" lon="6.737267">
        <ele>1566.876727</ele>
        <time>2026-07-27T08:17:52.768Z</time>
      </trkpt>
      <trkpt lat="44.769010" lon="6.737289">
        <ele>1566.676430</ele>
        <time>2026-07-27T08:17:53.048Z</time>
      </trkpt>
      <trkpt lat="44.768716" lon="6.737542">
        <ele>1564.441266</ele>
        <time>2026-07-27T08:17:56.136Z</time>
      </trkpt>
      <trkpt lat="44.768701" lon="6.737555">
        <ele>1564.358066</ele>
        <time>2026-07-27T08:17:56.302Z</time>
      </trkpt>
      <trkpt lat="44.768377" lon="6.737836">
        <ele>1562.750045</ele>
        <time>2026-07-27T08:18:00.069Z</time>
      </trkpt>
      <trkpt lat="44.768170" lon="6.737964">
        <ele>1561.510520</ele>
        <time>2026-07-27T08:18:02.189Z</time>
      </trkpt>
      <trkpt lat="44.768023" lon="6.738029">
        <ele>1560.414857</ele>
        <time>2026-07-27T08:18:03.538Z</time>
      </trkpt>
      <trkpt lat="44.767265" lon="6.738492">
        <ele>1555.510561</ele>
        <time>2026-07-27T08:18:11.208Z</time>
      </trkpt>
      <trkpt lat="44.767179" lon="6.738555">
        <ele>1554.763161</ele>
        <time>2026-07-27T08:18:12.056Z</time>
      </trkpt>
      <trkpt lat="44.767112" lon="6.738603">
        <ele>1554.107551</ele>
        <time>2026-07-27T08:18:12.706Z</time>
      </trkpt>
      <trkpt lat="44.766951" lon="6.738726">
        <ele>1552.283768</ele>
        <time>2026-07-27T08:18:14.287Z</time>
      </trkpt>
      <trkpt lat="44.766716" lon="6.738964">
        <ele>1549.233752</ele>
        <time>2026-07-27T08:18:16.760Z</time>
      </trkpt>
      <trkpt lat="44.766618" lon="6.739085">
        <ele>1547.761094</ele>
        <time>2026-07-27T08:18:17.861Z</time>
      </trkpt>
      <trkpt lat="44.766601" lon="6.739108">
        <ele>1547.494725</ele>
        <time>2026-07-27T08:18:18.060Z</time>
      </trkpt>
      <trkpt lat="44.766526" lon="6.739211">
        <ele>1546.807953</ele>
        <time>2026-07-27T08:18:18.968Z</time>
      </trkpt>
      <trkpt lat="44.766275" lon="6.739500">
        <ele>1545.385178</ele>
        <time>2026-07-27T08:18:22.290Z</time>
      </trkpt>
      <trkpt lat="44.766160" lon="6.739620">
        <ele>1544.399425</ele>
        <time>2026-07-27T08:18:23.628Z</time>
      </trkpt>
      <trkpt lat="44.765771" lon="6.739947">
        <ele>1540.056096</ele>
        <time>2026-07-27T08:18:27.505Z</time>
      </trkpt>
      <trkpt lat="44.765335" lon="6.740418">
        <ele>1535.224805</ele>
        <time>2026-07-27T08:18:32.300Z</time>
      </trkpt>
      <trkpt lat="44.764140" lon="6.741809">
        <ele>1527.578881</ele>
        <time>2026-07-27T08:18:46.930Z</time>
      </trkpt>
      <trkpt lat="44.763165" lon="6.742857">
        <ele>1526.482174</ele>
        <time>2026-07-27T08:19:02.745Z</time>
      </trkpt>
      <trkpt lat="44.762864" lon="6.743053">
        <ele>1525.767211</ele>
        <time>2026-07-27T08:19:06.135Z</time>
      </trkpt>
      <trkpt lat="44.762038" lon="6.743339">
        <ele>1525.810397</ele>
        <time>2026-07-27T08:19:20.981Z</time>
      </trkpt>
      <trkpt lat="44.761766" lon="6.743531">
        <ele>1524.394161</ele>
        <time>2026-07-27T08:19:23.862Z</time>
      </trkpt>
      <trkpt lat="44.761667" lon="6.743633">
        <ele>1523.033157</ele>
        <time>2026-07-27T08:19:24.894Z</time>
      </trkpt>
      <trkpt lat="44.761483" lon="6.743906">
        <ele>1520.708177</ele>
        <time>2026-07-27T08:19:27.145Z</time>
      </trkpt>
      <trkpt lat="44.761232" lon="6.744544">
        <ele>1522.764320</ele>
        <time>2026-07-27T08:19:47.440Z</time>
      </trkpt>
      <trkpt lat="44.760810" lon="6.745282">
        <ele>1524.155671</ele>
        <time>2026-07-27T08:20:03.036Z</time>
      </trkpt>
      <trkpt lat="44.760567" lon="6.745457">
        <ele>1523.734764</ele>
        <time>2026-07-27T08:20:06.046Z</time>
      </trkpt>
      <trkpt lat="44.760211" lon="6.745624">
        <ele>1523.236298</ele>
        <time>2026-07-27T08:20:10.420Z</time>
      </trkpt>
      <trkpt lat="44.760106" lon="6.745704">
        <ele>1522.565165</ele>
        <time>2026-07-27T08:20:12.040Z</time>
      </trkpt>
      <trkpt lat="44.759638" lon="6.746226">
        <ele>1517.532706</ele>
        <time>2026-07-27T08:20:17.200Z</time>
      </trkpt>
      <trkpt lat="44.759358" lon="6.746440">
        <ele>1515.843952</ele>
        <time>2026-07-27T08:20:20.205Z</time>
      </trkpt>
      <trkpt lat="44.759056" lon="6.746863">
        <ele>1513.798331</ele>
        <time>2026-07-27T08:20:24.313Z</time>
      </trkpt>
      <trkpt lat="44.758635" lon="6.747270">
        <ele>1510.078725</ele>
        <time>2026-07-27T08:20:28.868Z</time>
      </trkpt>
      <trkpt lat="44.758562" lon="6.747378">
        <ele>1509.170764</ele>
        <time>2026-07-27T08:20:29.790Z</time>
      </trkpt>
      <trkpt lat="44.758344" lon="6.747880">
        <ele>1504.915790</ele>
        <time>2026-07-27T08:20:33.375Z</time>
      </trkpt>
      <trkpt lat="44.757872" lon="6.748648">
        <ele>1497.823693</ele>
        <time>2026-07-27T08:20:39.595Z</time>
      </trkpt>
      <trkpt lat="44.757813" lon="6.748831">
        <ele>1496.480522</ele>
        <time>2026-07-27T08:20:40.827Z</time>
      </trkpt>
      <trkpt lat="44.757724" lon="6.749324">
        <ele>1493.048088</ele>
        <time>2026-07-27T08:20:43.952Z</time>
      </trkpt>
      <trkpt lat="44.757659" lon="6.749473">
        <ele>1491.915283</ele>
        <time>2026-07-27T08:20:45.037Z</time>
      </trkpt>
      <trkpt lat="44.757498" lon="6.749732">
        <ele>1489.700095</ele>
        <time>2026-07-27T08:20:47.178Z</time>
      </trkpt>
      <trkpt lat="44.757380" lon="6.749839">
        <ele>1488.035218</ele>
        <time>2026-07-27T08:20:48.359Z</time>
      </trkpt>
      <trkpt lat="44.757159" lon="6.749962">
        <ele>1485.085612</ele>
        <time>2026-07-27T08:20:50.362Z</time>
      </trkpt>
      <trkpt lat="44.756790" lon="6.750284">
        <ele>1479.732323</ele>
        <time>2026-07-27T08:20:54.009Z</time>
      </trkpt>
      <trkpt lat="44.756607" lon="6.750558">
        <ele>1477.289768</ele>
        <time>2026-07-27T08:20:56.340Z</time>
      </trkpt>
      <trkpt lat="44.756564" lon="6.750785">
        <ele>1476.287550</ele>
        <time>2026-07-27T08:20:57.855Z</time>
      </trkpt>
      <trkpt lat="44.756579" lon="6.751115">
        <ele>1475.585521</ele>
        <time>2026-07-27T08:21:00.195Z</time>
      </trkpt>
      <trkpt lat="44.756334" lon="6.751644">
        <ele>1475.949344</ele>
        <time>2026-07-27T08:21:10.148Z</time>
      </trkpt>
      <trkpt lat="44.756186" lon="6.752198">
        <ele>1475.449638</ele>
        <time>2026-07-27T08:21:15.335Z</time>
      </trkpt>
      <trkpt lat="44.756106" lon="6.752361">
        <ele>1474.884810</ele>
        <time>2026-07-27T08:21:16.662Z</time>
      </trkpt>
      <trkpt lat="44.756025" lon="6.752449">
        <ele>1474.039605</ele>
        <time>2026-07-27T08:21:17.572Z</time>
      </trkpt>
      <trkpt lat="44.755664" lon="6.752686">
        <ele>1470.262871</ele>
        <time>2026-07-27T08:21:21.006Z</time>
      </trkpt>
      <trkpt lat="44.755536" lon="6.752819">
        <ele>1468.629558</ele>
        <time>2026-07-27T08:21:22.371Z</time>
      </trkpt>
      <trkpt lat="44.755223" lon="6.753342">
        <ele>1463.980595</ele>
        <time>2026-07-27T08:21:26.565Z</time>
      </trkpt>
      <trkpt lat="44.754968" lon="6.754034">
        <ele>1459.365839</ele>
        <time>2026-07-27T08:21:31.452Z</time>
      </trkpt>
      <trkpt lat="44.754767" lon="6.754492">
        <ele>1455.444597</ele>
        <time>2026-07-27T08:21:34.722Z</time>
      </trkpt>
      <trkpt lat="44.754714" lon="6.754692">
        <ele>1453.746158</ele>
        <time>2026-07-27T08:21:36.009Z</time>
      </trkpt>
      <trkpt lat="44.754690" lon="6.754862">
        <ele>1452.071980</ele>
        <time>2026-07-27T08:21:37.048Z</time>
      </trkpt>
      <trkpt lat="44.754685" lon="6.755581">
        <ele>1444.756248</ele>
        <time>2026-07-27T08:21:41.286Z</time>
      </trkpt>
      <trkpt lat="44.754651" lon="6.755734">
        <ele>1443.652136</ele>
        <time>2026-07-27T08:21:42.255Z</time>
      </trkpt>
      <trkpt lat="44.754172" lon="6.756887">
        <ele>1436.886109</ele>
        <time>2026-07-27T08:21:50.771Z</time>
      </trkpt>
      <trkpt lat="44.754081" lon="6.757680">
        <ele>1434.940387</ele>
        <time>2026-07-27T08:21:57.030Z</time>
      </trkpt>
      <trkpt lat="44.754010" lon="6.757830">
        <ele>1432.368187</ele>
        <time>2026-07-27T08:21:58.115Z</time>
      </trkpt>
      <trkpt lat="44.753948" lon="6.757885">
        <ele>1430.895828</ele>
        <time>2026-07-27T08:21:58.729Z</time>
      </trkpt>
      <trkpt lat="44.753853" lon="6.757918">
        <ele>1426.783486</ele>
        <time>2026-07-27T08:21:59.584Z</time>
      </trkpt>
      <trkpt lat="44.753749" lon="6.757973">
        <ele>1422.042607</ele>
        <time>2026-07-27T08:22:00.556Z</time>
      </trkpt>
      <trkpt lat="44.753620" lon="6.758143">
        <ele>1418.040000</ele>
        <time>2026-07-27T08:22:01.998Z</time>
      </trkpt>
      <trkpt lat="44.753575" lon="6.758284">
        <ele>1416.546082</ele>
        <time>2026-07-27T08:22:02.952Z</time>
      </trkpt>
      <trkpt lat="44.753456" lon="6.759102">
        <ele>1414.770600</ele>
        <time>2026-07-27T08:22:09.299Z</time>
      </trkpt>
      <trkpt lat="44.753411" lon="6.759275">
        <ele>1414.382076</ele>
        <time>2026-07-27T08:22:10.661Z</time>
      </trkpt>
      <trkpt lat="44.753191" lon="6.759684">
        <ele>1412.977357</ele>
        <time>2026-07-27T08:22:14.346Z</time>
      </trkpt>
      <trkpt lat="44.752994" lon="6.759954">
        <ele>1410.360521</ele>
        <time>2026-07-27T08:22:16.697Z</time>
      </trkpt>
      <trkpt lat="44.752923" lon="6.760215">
        <ele>1408.682023</ele>
        <time>2026-07-27T08:22:18.399Z</time>
      </trkpt>
      <trkpt lat="44.752859" lon="6.760397">
        <ele>1408.320994</ele>
        <time>2026-07-27T08:22:20.299Z</time>
      </trkpt>
      <trkpt lat="44.752650" lon="6.760663">
        <ele>1407.865444</ele>
        <time>2026-07-27T08:22:23.546Z</time>
      </trkpt>
      <trkpt lat="44.752607" lon="6.760767">
        <ele>1407.959026</ele>
        <time>2026-07-27T08:22:24.697Z</time>
      </trkpt>
      <trkpt lat="44.752566" lon="6.760915">
        <ele>1408.082561</ele>
        <time>2026-07-27T08:22:26.978Z</time>
      </trkpt>
      <trkpt lat="44.752472" lon="6.761534">
        <ele>1409.361332</ele>
        <time>2026-07-27T08:22:40.123Z</time>
      </trkpt>
      <trkpt lat="44.752440" lon="6.761608">
        <ele>1409.357070</ele>
        <time>2026-07-27T08:22:40.769Z</time>
      </trkpt>
      <trkpt lat="44.752359" lon="6.761691">
        <ele>1409.233475</ele>
        <time>2026-07-27T08:22:41.781Z</time>
      </trkpt>
      <trkpt lat="44.752046" lon="6.761855">
        <ele>1408.597954</ele>
        <time>2026-07-27T08:22:46.997Z</time>
      </trkpt>
      <trkpt lat="44.751875" lon="6.761964">
        <ele>1406.209258</ele>
        <time>2026-07-27T08:22:48.550Z</time>
      </trkpt>
      <trkpt lat="44.751645" lon="6.762238">
        <ele>1401.619023</ele>
        <time>2026-07-27T08:22:51.027Z</time>
      </trkpt>
      <trkpt lat="44.751561" lon="6.762415">
        <ele>1400.093737</ele>
        <time>2026-07-27T08:22:52.387Z</time>
      </trkpt>
      <trkpt lat="44.751461" lon="6.762747">
        <ele>1398.841413</ele>
        <time>2026-07-27T08:22:54.807Z</time>
      </trkpt>
      <trkpt lat="44.751300" lon="6.762951">
        <ele>1398.511487</ele>
        <time>2026-07-27T08:22:57.272Z</time>
      </trkpt>
      <trkpt lat="44.751259" lon="6.763045">
        <ele>1398.682484</ele>
        <time>2026-07-27T08:22:58.915Z</time>
      </trkpt>
      <trkpt lat="44.751163" lon="6.763621">
        <ele>1399.676813</ele>
        <time>2026-07-27T08:23:11.229Z</time>
      </trkpt>
      <trkpt lat="44.751075" lon="6.763893">
        <ele>1398.798067</ele>
        <time>2026-07-27T08:23:13.458Z</time>
      </trkpt>
      <trkpt lat="44.750630" lon="6.764853">
        <ele>1387.970647</ele>
        <time>2026-07-27T08:23:20.213Z</time>
      </trkpt>
      <trkpt lat="44.750406" lon="6.765240">
        <ele>1389.232473</ele>
        <time>2026-07-27T08:23:30.989Z</time>
      </trkpt>
      <trkpt lat="44.750308" lon="6.765470">
        <ele>1391.192568</ele>
        <time>2026-07-27T08:23:45.853Z</time>
      </trkpt>
      <trkpt lat="44.750198" lon="6.765817">
        <ele>1393.357537</ele>
        <time>2026-07-27T08:23:58.028Z</time>
      </trkpt>
      <trkpt lat="44.750170" lon="6.766078">
        <ele>1394.010248</ele>
        <time>2026-07-27T08:24:03.031Z</time>
      </trkpt>
      <trkpt lat="44.750062" lon="6.766240">
        <ele>1394.105095</ele>
        <time>2026-07-27T08:24:05.381Z</time>
      </trkpt>
      <trkpt lat="44.749800" lon="6.766354">
        <ele>1393.233474</ele>
        <time>2026-07-27T08:24:08.178Z</time>
      </trkpt>
      <trkpt lat="44.749507" lon="6.766415">
        <ele>1391.927114</ele>
        <time>2026-07-27T08:24:10.993Z</time>
      </trkpt>
      <trkpt lat="44.749147" lon="6.766663">
        <ele>1390.340634</ele>
        <time>2026-07-27T08:24:14.877Z</time>
      </trkpt>
      <trkpt lat="44.748955" lon="6.766732">
        <ele>1389.887071</ele>
        <time>2026-07-27T08:24:17.104Z</time>
      </trkpt>
      <trkpt lat="44.748393" lon="6.766647">
        <ele>1388.716189</ele>
        <time>2026-07-27T08:24:23.482Z</time>
      </trkpt>
      <trkpt lat="44.748231" lon="6.766674">
        <ele>1387.941461</ele>
        <time>2026-07-27T08:24:24.990Z</time>
      </trkpt>
      <trkpt lat="44.748170" lon="6.766736">
        <ele>1387.498856</ele>
        <time>2026-07-27T08:24:25.677Z</time>
      </trkpt>
      <trkpt lat="44.748116" lon="6.766855">
        <ele>1386.889751</ele>
        <time>2026-07-27T08:24:26.585Z</time>
      </trkpt>
      <trkpt lat="44.747915" lon="6.767824">
        <ele>1382.407743</ele>
        <time>2026-07-27T08:24:33.118Z</time>
      </trkpt>
      <trkpt lat="44.747813" lon="6.768586">
        <ele>1379.050327</ele>
        <time>2026-07-27T08:24:38.156Z</time>
      </trkpt>
      <trkpt lat="44.747741" lon="6.768917">
        <ele>1377.819297</ele>
        <time>2026-07-27T08:24:40.502Z</time>
      </trkpt>
      <trkpt lat="44.747574" lon="6.769312">
        <ele>1376.373721</ele>
        <time>2026-07-27T08:24:43.637Z</time>
      </trkpt>
      <trkpt lat="44.747373" lon="6.769653">
        <ele>1374.729226</ele>
        <time>2026-07-27T08:24:46.622Z</time>
      </trkpt>
      <trkpt lat="44.747140" lon="6.769986">
        <ele>1371.256651</ele>
        <time>2026-07-27T08:24:49.527Z</time>
      </trkpt>
      <trkpt lat="44.747092" lon="6.770069">
        <ele>1369.791756</ele>
        <time>2026-07-27T08:24:50.144Z</time>
      </trkpt>
      <trkpt lat="44.747071" lon="6.770164">
        <ele>1368.430064</ele>
        <time>2026-07-27T08:24:50.729Z</time>
      </trkpt>
      <trkpt lat="44.747134" lon="6.770383">
        <ele>1364.152712</ele>
        <time>2026-07-27T08:24:52.112Z</time>
      </trkpt>
      <trkpt lat="44.747276" lon="6.770645">
        <ele>1359.463715</ele>
        <time>2026-07-27T08:24:54.023Z</time>
      </trkpt>
      <trkpt lat="44.747460" lon="6.771074">
        <ele>1356.161372</ele>
        <time>2026-07-27T08:24:57.164Z</time>
      </trkpt>
      <trkpt lat="44.747739" lon="6.771347">
        <ele>1354.478893</ele>
        <time>2026-07-27T08:25:00.392Z</time>
      </trkpt>
      <trkpt lat="44.747867" lon="6.771700">
        <ele>1353.585684</ele>
        <time>2026-07-27T08:25:03.356Z</time>
      </trkpt>
      <trkpt lat="44.748118" lon="6.772137">
        <ele>1351.932248</ele>
        <time>2026-07-27T08:25:07.385Z</time>
      </trkpt>
      <trkpt lat="44.748143" lon="6.772261">
        <ele>1350.635109</ele>
        <time>2026-07-27T08:25:08.157Z</time>
      </trkpt>
      <trkpt lat="44.748135" lon="6.772325">
        <ele>1349.745706</ele>
        <time>2026-07-27T08:25:08.537Z</time>
      </trkpt>
      <trkpt lat="44.748036" lon="6.772529">
        <ele>1346.829677</ele>
        <time>2026-07-27T08:25:09.974Z</time>
      </trkpt>
      <trkpt lat="44.747871" lon="6.772314">
        <ele>1344.679066</ele>
        <time>2026-07-27T08:25:12.071Z</time>
      </trkpt>
      <trkpt lat="44.747606" lon="6.771833">
        <ele>1342.526480</ele>
        <time>2026-07-27T08:25:16.074Z</time>
      </trkpt>
      <trkpt lat="44.747448" lon="6.771585">
        <ele>1342.582204</ele>
        <time>2026-07-27T08:25:21.256Z</time>
      </trkpt>
      <trkpt lat="44.746969" lon="6.770968">
        <ele>1342.699092</ele>
        <time>2026-07-27T08:25:30.717Z</time>
      </trkpt>
      <trkpt lat="44.746839" lon="6.770810">
        <ele>1343.069029</ele>
        <time>2026-07-27T08:25:34.663Z</time>
      </trkpt>
      <trkpt lat="44.746703" lon="6.770694">
        <ele>1343.801007</ele>
        <time>2026-07-27T08:25:39.662Z</time>
      </trkpt>
      <trkpt lat="44.746351" lon="6.770469">
        <ele>1346.590015</ele>
        <time>2026-07-27T08:25:56.639Z</time>
      </trkpt>
      <trkpt lat="44.745840" lon="6.770323">
        <ele>1351.735633</ele>
        <time>2026-07-27T08:26:26.170Z</time>
      </trkpt>
      <trkpt lat="44.745497" lon="6.770124">
        <ele>1355.080883</ele>
        <time>2026-07-27T08:26:45.152Z</time>
      </trkpt>
      <trkpt lat="44.745026" lon="6.770019">
        <ele>1358.335084</ele>
        <time>2026-07-27T08:27:05.002Z</time>
      </trkpt>
      <trkpt lat="44.744645" lon="6.769780">
        <ele>1360.679291</ele>
        <time>2026-07-27T08:27:20.331Z</time>
      </trkpt>
      <trkpt lat="44.744562" lon="6.769698">
        <ele>1361.154506</ele>
        <time>2026-07-27T08:27:25.614Z</time>
      </trkpt>
      <trkpt lat="44.744489" lon="6.769571">
        <ele>1360.760800</ele>
        <time>2026-07-27T08:27:28.179Z</time>
      </trkpt>
      <trkpt lat="44.744370" lon="6.769073">
        <ele>1353.633432</ele>
        <time>2026-07-27T08:27:31.226Z</time>
      </trkpt>
      <trkpt lat="44.744337" lon="6.768827">
        <ele>1348.772488</ele>
        <time>2026-07-27T08:27:32.700Z</time>
      </trkpt>
      <trkpt lat="44.744333" lon="6.768607">
        <ele>1344.709923</ele>
        <time>2026-07-27T08:27:33.980Z</time>
      </trkpt>
      <trkpt lat="44.744381" lon="6.768262">
        <ele>1339.019583</ele>
        <time>2026-07-27T08:27:36.012Z</time>
      </trkpt>
      <trkpt lat="44.744563" lon="6.767685">
        <ele>1330.202009</ele>
        <time>2026-07-27T08:27:39.679Z</time>
      </trkpt>
      <trkpt lat="44.744578" lon="6.767487">
        <ele>1327.946900</ele>
        <time>2026-07-27T08:27:40.860Z</time>
      </trkpt>
      <trkpt lat="44.744542" lon="6.767321">
        <ele>1326.338054</ele>
        <time>2026-07-27T08:27:41.903Z</time>
      </trkpt>
      <trkpt lat="44.744473" lon="6.767218">
        <ele>1325.049677</ele>
        <time>2026-07-27T08:27:42.747Z</time>
      </trkpt>
      <trkpt lat="44.744370" lon="6.767182">
        <ele>1323.795077</ele>
        <time>2026-07-27T08:27:43.622Z</time>
      </trkpt>
      <trkpt lat="44.744217" lon="6.767260">
        <ele>1322.779148</ele>
        <time>2026-07-27T08:27:45.043Z</time>
      </trkpt>
      <trkpt lat="44.744135" lon="6.767408">
        <ele>1323.106418</ele>
        <time>2026-07-27T08:27:49.860Z</time>
      </trkpt>
      <trkpt lat="44.744096" lon="6.767622">
        <ele>1324.579950</ele>
        <time>2026-07-27T08:28:00.334Z</time>
      </trkpt>
      <trkpt lat="44.744138" lon="6.767952">
        <ele>1326.630490</ele>
        <time>2026-07-27T08:28:13.261Z</time>
      </trkpt>
      <trkpt lat="44.744130" lon="6.768095">
        <ele>1327.217485</ele>
        <time>2026-07-27T08:28:15.996Z</time>
      </trkpt>
      <trkpt lat="44.744076" lon="6.768187">
        <ele>1327.230302</ele>
        <time>2026-07-27T08:28:17.228Z</time>
      </trkpt>
      <trkpt lat="44.743962" lon="6.768197">
        <ele>1327.247571</ele>
        <time>2026-07-27T08:28:18.705Z</time>
      </trkpt>
      <trkpt lat="44.743868" lon="6.768087">
        <ele>1326.898732</ele>
        <time>2026-07-27T08:28:20.067Z</time>
      </trkpt>
      <trkpt lat="44.743696" lon="6.767659">
        <ele>1325.318139</ele>
        <time>2026-07-27T08:28:23.400Z</time>
      </trkpt>
      <trkpt lat="44.743577" lon="6.767524">
        <ele>1324.245075</ele>
        <time>2026-07-27T08:28:24.761Z</time>
      </trkpt>
      <trkpt lat="44.743166" lon="6.767421">
        <ele>1321.075571</ele>
        <time>2026-07-27T08:28:28.447Z</time>
      </trkpt>
      <trkpt lat="44.743066" lon="6.767342">
        <ele>1320.294097</ele>
        <time>2026-07-27T08:28:29.498Z</time>
      </trkpt>
      <trkpt lat="44.742747" lon="6.766953">
        <ele>1318.269446</ele>
        <time>2026-07-27T08:28:33.505Z</time>
      </trkpt>
      <trkpt lat="44.742655" lon="6.766874">
        <ele>1317.744579</ele>
        <time>2026-07-27T08:28:34.527Z</time>
      </trkpt>
      <trkpt lat="44.742503" lon="6.766805">
        <ele>1316.942169</ele>
        <time>2026-07-27T08:28:36.052Z</time>
      </trkpt>
      <trkpt lat="44.741958" lon="6.766670">
        <ele>1313.558925</ele>
        <time>2026-07-27T08:28:41.183Z</time>
      </trkpt>
      <trkpt lat="44.741361" lon="6.766416">
        <ele>1306.431870</ele>
        <time>2026-07-27T08:28:46.454Z</time>
      </trkpt>
      <trkpt lat="44.741196" lon="6.766386">
        <ele>1304.492446</ele>
        <time>2026-07-27T08:28:47.873Z</time>
      </trkpt>
      <trkpt lat="44.740959" lon="6.766434">
        <ele>1301.837634</ele>
        <time>2026-07-27T08:28:49.896Z</time>
      </trkpt>
      <trkpt lat="44.740449" lon="6.766639">
        <ele>1297.003123</ele>
        <time>2026-07-27T08:28:54.511Z</time>
      </trkpt>
      <trkpt lat="44.740284" lon="6.766663">
        <ele>1295.770414</ele>
        <time>2026-07-27T08:28:55.993Z</time>
      </trkpt>
      <trkpt lat="44.739877" lon="6.766620">
        <ele>1293.404764</ele>
        <time>2026-07-27T08:28:59.757Z</time>
      </trkpt>
      <trkpt lat="44.739751" lon="6.766654">
        <ele>1292.919499</ele>
        <time>2026-07-27T08:29:01.042Z</time>
      </trkpt>
      <trkpt lat="44.739465" lon="6.766848">
        <ele>1291.621043</ele>
        <time>2026-07-27T08:29:04.207Z</time>
      </trkpt>
      <trkpt lat="44.738852" lon="6.767476">
        <ele>1285.370624</ele>
        <time>2026-07-27T08:29:10.913Z</time>
      </trkpt>
      <trkpt lat="44.738147" lon="6.768364">
        <ele>1273.993124</ele>
        <time>2026-07-27T08:29:18.885Z</time>
      </trkpt>
      <trkpt lat="44.738092" lon="6.768414">
        <ele>1273.138652</ele>
        <time>2026-07-27T08:29:19.432Z</time>
      </trkpt>
      <trkpt lat="44.738030" lon="6.768452">
        <ele>1272.474826</ele>
        <time>2026-07-27T08:29:19.997Z</time>
      </trkpt>
      <trkpt lat="44.737974" lon="6.768481">
        <ele>1271.897666</ele>
        <time>2026-07-27T08:29:20.499Z</time>
      </trkpt>
      <trkpt lat="44.737914" lon="6.768502">
        <ele>1271.299635</ele>
        <time>2026-07-27T08:29:21.043Z</time>
      </trkpt>
      <trkpt lat="44.737808" lon="6.768519">
        <ele>1270.978418</ele>
        <time>2026-07-27T08:29:22.191Z</time>
      </trkpt>
      <trkpt lat="44.737678" lon="6.768513">
        <ele>1271.078024</ele>
        <time>2026-07-27T08:29:25.598Z</time>
      </trkpt>
      <trkpt lat="44.737416" lon="6.768457">
        <ele>1271.288065</ele>
        <time>2026-07-27T08:29:30.819Z</time>
      </trkpt>
      <trkpt lat="44.737318" lon="6.768430">
        <ele>1271.238698</ele>
        <time>2026-07-27T08:29:31.844Z</time>
      </trkpt>
      <trkpt lat="44.736395" lon="6.768230">
        <ele>1271.403759</ele>
        <time>2026-07-27T08:29:48.578Z</time>
      </trkpt>
      <trkpt lat="44.735250" lon="6.768160">
        <ele>1264.114231</ele>
        <time>2026-07-27T08:29:58.908Z</time>
      </trkpt>
      <trkpt lat="44.734805" lon="6.768016">
        <ele>1262.269142</ele>
        <time>2026-07-27T08:30:03.300Z</time>
      </trkpt>
      <trkpt lat="44.733430" lon="6.767412">
        <ele>1264.531076</ele>
        <time>2026-07-27T08:30:34.106Z</time>
      </trkpt>
      <trkpt lat="44.732802" lon="6.767192">
        <ele>1267.997251</ele>
        <time>2026-07-27T08:31:00.079Z</time>
      </trkpt>
      <trkpt lat="44.731911" lon="6.767060">
        <ele>1264.016304</ele>
        <time>2026-07-27T08:31:08.540Z</time>
      </trkpt>
      <trkpt lat="44.731736" lon="6.767019">
        <ele>1263.248803</ele>
        <time>2026-07-27T08:31:10.229Z</time>
      </trkpt>
      <trkpt lat="44.731567" lon="6.766939">
        <ele>1262.843043</ele>
        <time>2026-07-27T08:31:12.069Z</time>
      </trkpt>
      <trkpt lat="44.731266" lon="6.766645">
        <ele>1263.193354</ele>
        <time>2026-07-27T08:31:18.860Z</time>
      </trkpt>
      <trkpt lat="44.731115" lon="6.766382">
        <ele>1264.518483</ele>
        <time>2026-07-27T08:31:27.540Z</time>
      </trkpt>
      <trkpt lat="44.730764" lon="6.765631">
        <ele>1270.585281</ele>
        <time>2026-07-27T08:32:02.087Z</time>
      </trkpt>
      <trkpt lat="44.730618" lon="6.765369">
        <ele>1273.361421</ele>
        <time>2026-07-27T08:32:17.123Z</time>
      </trkpt>
      <trkpt lat="44.730144" lon="6.764629">
        <ele>1282.729179</ele>
        <time>2026-07-27T08:33:04.752Z</time>
      </trkpt>
      <trkpt lat="44.729864" lon="6.764325">
        <ele>1288.504476</ele>
        <time>2026-07-27T08:33:34.424Z</time>
      </trkpt>
      <trkpt lat="44.729700" lon="6.764193">
        <ele>1291.245154</ele>
        <time>2026-07-27T08:33:48.304Z</time>
      </trkpt>
      <trkpt lat="44.729442" lon="6.764053">
        <ele>1294.901740</ele>
        <time>2026-07-27T08:34:07.163Z</time>
      </trkpt>
      <trkpt lat="44.729292" lon="6.764001">
        <ele>1296.288439</ele>
        <time>2026-07-27T08:34:16.105Z</time>
      </trkpt>
      <trkpt lat="44.729079" lon="6.763964">
        <ele>1297.021888</ele>
        <time>2026-07-27T08:34:23.311Z</time>
      </trkpt>
      <trkpt lat="44.728790" lon="6.763979">
        <ele>1295.667092</ele>
        <time>2026-07-27T08:34:25.946Z</time>
      </trkpt>
      <trkpt lat="44.728106" lon="6.764196">
        <ele>1288.677917</ele>
        <time>2026-07-27T08:34:31.974Z</time>
      </trkpt>
      <trkpt lat="44.727742" lon="6.764171">
        <ele>1285.906967</ele>
        <time>2026-07-27T08:34:35.179Z</time>
      </trkpt>
      <trkpt lat="44.726544" lon="6.763989">
        <ele>1281.536402</ele>
        <time>2026-07-27T08:34:47.018Z</time>
      </trkpt>
      <trkpt lat="44.725235" lon="6.763504">
        <ele>1297.191623</ele>
        <time>2026-07-27T08:36:13.389Z</time>
      </trkpt>
      <trkpt lat="44.725093" lon="6.763403">
        <ele>1297.617397</ele>
        <time>2026-07-27T08:36:18.716Z</time>
      </trkpt>
      <trkpt lat="44.724370" lon="6.762737">
        <ele>1291.669062</ele>
        <time>2026-07-27T08:36:26.496Z</time>
      </trkpt>
      <trkpt lat="44.724022" lon="6.762538">
        <ele>1285.808724</ele>
        <time>2026-07-27T08:36:29.587Z</time>
      </trkpt>
      <trkpt lat="44.723819" lon="6.762470">
        <ele>1282.072412</ele>
        <time>2026-07-27T08:36:31.301Z</time>
      </trkpt>
      <trkpt lat="44.723422" lon="6.762433">
        <ele>1275.380409</ele>
        <time>2026-07-27T08:36:34.577Z</time>
      </trkpt>
      <trkpt lat="44.722498" lon="6.762508">
        <ele>1264.816677</ele>
        <time>2026-07-27T08:36:42.468Z</time>
      </trkpt>
      <trkpt lat="44.722010" lon="6.762478">
        <ele>1255.854461</ele>
        <time>2026-07-27T08:36:46.475Z</time>
      </trkpt>
      <trkpt lat="44.720404" lon="6.761871">
        <ele>1221.977674</ele>
        <time>2026-07-27T08:37:00.040Z</time>
      </trkpt>
      <trkpt lat="44.719658" lon="6.761594">
        <ele>1215.290349</ele>
        <time>2026-07-27T08:37:06.876Z</time>
      </trkpt>
      <trkpt lat="44.719333" lon="6.761475">
        <ele>1213.429128</ele>
        <time>2026-07-27T08:37:09.844Z</time>
      </trkpt>
      <trkpt lat="44.718668" lon="6.761224">
        <ele>1217.050581</ele>
        <time>2026-07-27T08:37:39.740Z</time>
      </trkpt>
      <trkpt lat="44.718479" lon="6.761115">
        <ele>1216.917437</ele>
        <time>2026-07-27T08:37:42.157Z</time>
      </trkpt>
      <trkpt lat="44.718038" lon="6.760777">
        <ele>1213.914356</ele>
        <time>2026-07-27T08:37:46.715Z</time>
      </trkpt>
      <trkpt lat="44.717806" lon="6.760536">
        <ele>1211.676810</ele>
        <time>2026-07-27T08:37:49.255Z</time>
      </trkpt>
      <trkpt lat="44.717627" lon="6.760305">
        <ele>1210.149915</ele>
        <time>2026-07-27T08:37:51.471Z</time>
      </trkpt>
      <trkpt lat="44.717342" lon="6.759829">
        <ele>1208.166752</ele>
        <time>2026-07-27T08:37:55.657Z</time>
      </trkpt>
      <trkpt lat="44.716175" lon="6.757230">
        <ele>1210.275051</ele>
        <time>2026-07-27T08:38:37.359Z</time>
      </trkpt>
      <trkpt lat="44.715997" lon="6.756706">
        <ele>1211.276556</ele>
        <time>2026-07-27T08:38:47.941Z</time>
      </trkpt>
      <trkpt lat="44.715929" lon="6.756438">
        <ele>1211.341001</ele>
        <time>2026-07-27T08:38:51.339Z</time>
      </trkpt>
      <trkpt lat="44.715857" lon="6.755964">
        <ele>1210.674077</ele>
        <time>2026-07-27T08:38:55.040Z</time>
      </trkpt>
      <trkpt lat="44.715575" lon="6.751669">
        <ele>1201.678121</ele>
        <time>2026-07-27T08:39:26.607Z</time>
      </trkpt>
      <trkpt lat="44.715516" lon="6.751221">
        <ele>1200.544914</ele>
        <time>2026-07-27T08:39:29.825Z</time>
      </trkpt>
      <trkpt lat="44.715429" lon="6.750786">
        <ele>1199.008200</ele>
        <time>2026-07-27T08:39:32.890Z</time>
      </trkpt>
      <trkpt lat="44.715227" lon="6.749996">
        <ele>1195.437234</ele>
        <time>2026-07-27T08:39:38.307Z</time>
      </trkpt>
      <trkpt lat="44.715121" lon="6.749682">
        <ele>1194.860057</ele>
        <time>2026-07-27T08:39:40.764Z</time>
      </trkpt>
      <trkpt lat="44.714933" lon="6.749210">
        <ele>1196.069460</ele>
        <time>2026-07-27T08:39:53.990Z</time>
      </trkpt>
      <trkpt lat="44.713633" lon="6.746675">
        <ele>1193.608761</ele>
        <time>2026-07-27T08:40:20.532Z</time>
      </trkpt>
      <trkpt lat="44.712270" lon="6.743986">
        <ele>1191.335384</ele>
        <time>2026-07-27T08:40:49.354Z</time>
      </trkpt>
      <trkpt lat="44.712139" lon="6.743633">
        <ele>1190.876046</ele>
        <time>2026-07-27T08:40:52.432Z</time>
      </trkpt>
      <trkpt lat="44.712058" lon="6.743228">
        <ele>1190.809395</ele>
        <time>2026-07-27T08:40:56.360Z</time>
      </trkpt>
      <trkpt lat="44.712009" lon="6.742869">
        <ele>1192.716988</ele>
        <time>2026-07-27T08:41:07.018Z</time>
      </trkpt>
      <trkpt lat="44.711919" lon="6.742545">
        <ele>1195.866580</ele>
        <time>2026-07-27T08:41:28.191Z</time>
      </trkpt>
      <trkpt lat="44.711766" lon="6.742231">
        <ele>1195.640304</ele>
        <time>2026-07-27T08:41:34.125Z</time>
      </trkpt>
      <trkpt lat="44.711498" lon="6.741934">
        <ele>1189.273325</ele>
        <time>2026-07-27T08:41:36.917Z</time>
      </trkpt>
      <trkpt lat="44.711171" lon="6.741620">
        <ele>1185.877666</ele>
        <time>2026-07-27T08:41:40.370Z</time>
      </trkpt>
      <trkpt lat="44.710890" lon="6.741264">
        <ele>1186.505556</ele>
        <time>2026-07-27T08:41:53.023Z</time>
      </trkpt>
      <trkpt lat="44.710564" lon="6.740706">
        <ele>1186.004867</ele>
        <time>2026-07-27T08:41:58.668Z</time>
      </trkpt>
      <trkpt lat="44.708568" lon="6.736739">
        <ele>1179.619831</ele>
        <time>2026-07-27T08:42:37.106Z</time>
      </trkpt>
      <trkpt lat="44.708367" lon="6.736124">
        <ele>1179.011417</ele>
        <time>2026-07-27T08:42:42.852Z</time>
      </trkpt>
      <trkpt lat="44.708250" lon="6.735430">
        <ele>1178.512259</ele>
        <time>2026-07-27T08:42:49.033Z</time>
      </trkpt>
      <trkpt lat="44.708232" lon="6.735064">
        <ele>1178.247752</ele>
        <time>2026-07-27T08:42:52.283Z</time>
      </trkpt>
      <trkpt lat="44.708284" lon="6.734417">
        <ele>1177.453215</ele>
        <time>2026-07-27T08:42:57.501Z</time>
      </trkpt>
      <trkpt lat="44.708341" lon="6.734106">
        <ele>1176.921025</ele>
        <time>2026-07-27T08:42:59.870Z</time>
      </trkpt>
      <trkpt lat="44.708519" lon="6.733518">
        <ele>1176.151013</ele>
        <time>2026-07-27T08:43:04.819Z</time>
      </trkpt>
      <trkpt lat="44.708924" lon="6.732569">
        <ele>1178.322814</ele>
        <time>2026-07-27T08:43:25.348Z</time>
      </trkpt>
      <trkpt lat="44.709011" lon="6.732100">
        <ele>1180.754620</ele>
        <time>2026-07-27T08:43:41.406Z</time>
      </trkpt>
      <trkpt lat="44.709014" lon="6.731631">
        <ele>1182.779792</ele>
        <time>2026-07-27T08:43:55.259Z</time>
      </trkpt>
      <trkpt lat="44.708970" lon="6.731340">
        <ele>1182.724701</ele>
        <time>2026-07-27T08:43:58.879Z</time>
      </trkpt>
      <trkpt lat="44.708691" lon="6.730208">
        <ele>1174.764466</ele>
        <time>2026-07-27T08:44:06.222Z</time>
      </trkpt>
      <trkpt lat="44.708254" lon="6.729065">
        <ele>1164.978591</ele>
        <time>2026-07-27T08:44:14.088Z</time>
      </trkpt>
      <trkpt lat="44.706561" lon="6.725459">
        <ele>1156.651774</ele>
        <time>2026-07-27T08:44:46.201Z</time>
      </trkpt>
      <trkpt lat="44.706299" lon="6.724966">
        <ele>1155.994889</ele>
        <time>2026-07-27T08:44:51.270Z</time>
      </trkpt>
      <trkpt lat="44.705632" lon="6.723951">
        <ele>1155.973621</ele>
        <time>2026-07-27T08:45:06.667Z</time>
      </trkpt>
      <trkpt lat="44.705515" lon="6.723718">
        <ele>1155.241990</ele>
        <time>2026-07-27T08:45:08.628Z</time>
      </trkpt>
      <trkpt lat="44.705352" lon="6.723217">
        <ele>1153.189387</ele>
        <time>2026-07-27T08:45:12.276Z</time>
      </trkpt>
      <trkpt lat="44.705301" lon="6.723003">
        <ele>1152.414632</ele>
        <time>2026-07-27T08:45:13.775Z</time>
      </trkpt>
      <trkpt lat="44.705238" lon="6.722526">
        <ele>1151.317772</ele>
        <time>2026-07-27T08:45:17.209Z</time>
      </trkpt>
      <trkpt lat="44.705218" lon="6.721280">
        <ele>1153.781311</ele>
        <time>2026-07-27T08:45:39.826Z</time>
      </trkpt>
      <trkpt lat="44.705180" lon="6.720734">
        <ele>1157.443880</ele>
        <time>2026-07-27T08:46:01.254Z</time>
      </trkpt>
      <trkpt lat="44.705131" lon="6.720458">
        <ele>1159.573602</ele>
        <time>2026-07-27T08:46:14.029Z</time>
      </trkpt>
      <trkpt lat="44.705066" lon="6.720257">
        <ele>1160.927307</ele>
        <time>2026-07-27T08:46:21.908Z</time>
      </trkpt>
      <trkpt lat="44.704878" lon="6.719847">
        <ele>1161.945787</ele>
        <time>2026-07-27T08:46:30.876Z</time>
      </trkpt>
      <trkpt lat="44.704755" lon="6.719672">
        <ele>1161.771084</ele>
        <time>2026-07-27T08:46:33.242Z</time>
      </trkpt>
      <trkpt lat="44.704437" lon="6.719381">
        <ele>1160.039914</ele>
        <time>2026-07-27T08:46:36.857Z</time>
      </trkpt>
      <trkpt lat="44.703396" lon="6.718827">
        <ele>1149.833324</ele>
        <time>2026-07-27T08:46:46.494Z</time>
      </trkpt>
      <trkpt lat="44.703243" lon="6.718702">
        <ele>1148.617852</ele>
        <time>2026-07-27T08:46:48.087Z</time>
      </trkpt>
      <trkpt lat="44.703101" lon="6.718539">
        <ele>1147.574244</ele>
        <time>2026-07-27T08:46:49.777Z</time>
      </trkpt>
      <trkpt lat="44.702876" lon="6.718147">
        <ele>1146.046642</ele>
        <time>2026-07-27T08:46:53.229Z</time>
      </trkpt>
      <trkpt lat="44.702558" lon="6.717248">
        <ele>1144.107760</ele>
        <time>2026-07-27T08:47:00.815Z</time>
      </trkpt>
      <trkpt lat="44.702450" lon="6.717015">
        <ele>1143.502643</ele>
        <time>2026-07-27T08:47:02.754Z</time>
      </trkpt>
      <trkpt lat="44.702196" lon="6.716636">
        <ele>1142.610857</ele>
        <time>2026-07-27T08:47:06.770Z</time>
      </trkpt>
      <trkpt lat="44.701555" lon="6.716042">
        <ele>1141.251116</ele>
        <time>2026-07-27T08:47:15.308Z</time>
      </trkpt>
      <trkpt lat="44.701307" lon="6.715736">
        <ele>1140.902877</ele>
        <time>2026-07-27T08:47:19.418Z</time>
      </trkpt>
      <trkpt lat="44.701159" lon="6.715467">
        <ele>1140.825563</ele>
        <time>2026-07-27T08:47:22.473Z</time>
      </trkpt>
      <trkpt lat="44.700897" lon="6.714690">
        <ele>1142.559733</ele>
        <time>2026-07-27T08:47:40.034Z</time>
      </trkpt>
      <trkpt lat="44.700795" lon="6.714426">
        <ele>1142.177657</ele>
        <time>2026-07-27T08:47:42.244Z</time>
      </trkpt>
      <trkpt lat="44.700268" lon="6.713315">
        <ele>1138.946249</ele>
        <time>2026-07-27T08:47:51.726Z</time>
      </trkpt>
      <trkpt lat="44.700103" lon="6.712869">
        <ele>1138.654077</ele>
        <time>2026-07-27T08:47:55.515Z</time>
      </trkpt>
      <trkpt lat="44.699907" lon="6.712177">
        <ele>1140.616560</ele>
        <time>2026-07-27T08:48:13.356Z</time>
      </trkpt>
      <trkpt lat="44.699694" lon="6.711663">
        <ele>1142.433951</ele>
        <time>2026-07-27T08:48:31.909Z</time>
      </trkpt>
      <trkpt lat="44.698844" lon="6.710171">
        <ele>1122.291790</ele>
        <time>2026-07-27T08:48:43.139Z</time>
      </trkpt>
      <trkpt lat="44.698716" lon="6.709934">
        <ele>1121.249336</ele>
        <time>2026-07-27T08:48:45.613Z</time>
      </trkpt>
      <trkpt lat="44.698223" lon="6.709089">
        <ele>1119.260188</ele>
        <time>2026-07-27T08:48:53.524Z</time>
      </trkpt>
      <trkpt lat="44.698016" lon="6.708790">
        <ele>1119.305104</ele>
        <time>2026-07-27T08:49:04.856Z</time>
      </trkpt>
      <trkpt lat="44.697584" lon="6.708284">
        <ele>1115.133251</ele>
        <time>2026-07-27T08:49:09.687Z</time>
      </trkpt>
      <trkpt lat="44.695910" lon="6.706429">
        <ele>1109.994565</ele>
        <time>2026-07-27T08:49:32.402Z</time>
      </trkpt>
      <trkpt lat="44.695678" lon="6.706220">
        <ele>1110.005582</ele>
        <time>2026-07-27T08:49:37.487Z</time>
      </trkpt>
      <trkpt lat="44.695438" lon="6.706054">
        <ele>1109.691458</ele>
        <time>2026-07-27T08:49:40.986Z</time>
      </trkpt>
      <trkpt lat="44.694138" lon="6.705405">
        <ele>1101.616295</ele>
        <time>2026-07-27T08:49:53.616Z</time>
      </trkpt>
      <trkpt lat="44.693592" lon="6.705074">
        <ele>1100.406663</ele>
        <time>2026-07-27T08:50:00.116Z</time>
      </trkpt>
      <trkpt lat="44.693141" lon="6.704686">
        <ele>1100.201240</ele>
        <time>2026-07-27T08:50:08.190Z</time>
      </trkpt>
      <trkpt lat="44.692902" lon="6.704401">
        <ele>1099.090127</ele>
        <time>2026-07-27T08:50:11.299Z</time>
      </trkpt>
      <trkpt lat="44.692717" lon="6.704088">
        <ele>1097.560996</ele>
        <time>2026-07-27T08:50:13.972Z</time>
      </trkpt>
      <trkpt lat="44.692347" lon="6.703333">
        <ele>1093.585145</ele>
        <time>2026-07-27T08:50:19.911Z</time>
      </trkpt>
      <trkpt lat="44.692180" lon="6.703066">
        <ele>1092.404683</ele>
        <time>2026-07-27T08:50:22.329Z</time>
      </trkpt>
      <trkpt lat="44.691819" lon="6.702604">
        <ele>1091.044227</ele>
        <time>2026-07-27T08:50:27.412Z</time>
      </trkpt>
      <trkpt lat="44.691600" lon="6.702395">
        <ele>1090.636323</ele>
        <time>2026-07-27T08:50:30.547Z</time>
      </trkpt>
      <trkpt lat="44.688391" lon="6.699624">
        <ele>1088.512033</ele>
        <time>2026-07-27T08:51:20.833Z</time>
      </trkpt>
      <trkpt lat="44.687289" lon="6.698821">
        <ele>1077.550796</ele>
        <time>2026-07-27T08:51:31.594Z</time>
      </trkpt>
      <trkpt lat="44.686747" lon="6.698477">
        <ele>1073.542930</ele>
        <time>2026-07-27T08:51:36.961Z</time>
      </trkpt>
      <trkpt lat="44.686545" lon="6.698384">
        <ele>1073.948489</ele>
        <time>2026-07-27T08:51:40.899Z</time>
      </trkpt>
      <trkpt lat="44.685875" lon="6.698219">
        <ele>1082.192110</ele>
        <time>2026-07-27T08:52:26.683Z</time>
      </trkpt>
      <trkpt lat="44.685047" lon="6.698138">
        <ele>1087.567717</ele>
        <time>2026-07-27T08:53:01.813Z</time>
      </trkpt>
      <trkpt lat="44.684555" lon="6.698137">
        <ele>1086.466408</ele>
        <time>2026-07-27T08:53:06.897Z</time>
      </trkpt>
      <trkpt lat="44.684340" lon="6.698034">
        <ele>1085.214397</ele>
        <time>2026-07-27T08:53:08.957Z</time>
      </trkpt>
      <trkpt lat="44.683932" lon="6.697602">
        <ele>1082.377648</ele>
        <time>2026-07-27T08:53:13.679Z</time>
      </trkpt>
      <trkpt lat="44.683590" lon="6.697413">
        <ele>1081.002583</ele>
        <time>2026-07-27T08:53:17.357Z</time>
      </trkpt>
      <trkpt lat="44.682621" lon="6.697254">
        <ele>1077.338751</ele>
        <time>2026-07-27T08:53:27.096Z</time>
      </trkpt>
      <trkpt lat="44.682036" lon="6.697351">
        <ele>1071.261959</ele>
        <time>2026-07-27T08:53:32.126Z</time>
      </trkpt>
      <trkpt lat="44.681867" lon="6.697281">
        <ele>1069.766392</ele>
        <time>2026-07-27T08:53:33.650Z</time>
      </trkpt>
      <trkpt lat="44.681753" lon="6.697193">
        <ele>1068.906682</ele>
        <time>2026-07-27T08:53:34.836Z</time>
      </trkpt>
      <trkpt lat="44.681303" lon="6.696795">
        <ele>1069.085045</ele>
        <time>2026-07-27T08:53:42.852Z</time>
      </trkpt>
      <trkpt lat="44.680814" lon="6.696138">
        <ele>1071.335441</ele>
        <time>2026-07-27T08:54:03.857Z</time>
      </trkpt>
      <trkpt lat="44.680490" lon="6.695825">
        <ele>1071.949781</ele>
        <time>2026-07-27T08:54:11.410Z</time>
      </trkpt>
      <trkpt lat="44.680153" lon="6.695631">
        <ele>1072.590638</ele>
        <time>2026-07-27T08:54:19.733Z</time>
      </trkpt>
      <trkpt lat="44.679393" lon="6.695484">
        <ele>1071.783982</ele>
        <time>2026-07-27T08:54:30.624Z</time>
      </trkpt>
      <trkpt lat="44.679048" lon="6.695285">
        <ele>1067.114869</ele>
        <time>2026-07-27T08:54:33.699Z</time>
      </trkpt>
      <trkpt lat="44.678815" lon="6.695093">
        <ele>1066.926374</ele>
        <time>2026-07-27T08:54:39.637Z</time>
      </trkpt>
      <trkpt lat="44.678687" lon="6.695048">
        <ele>1067.326352</ele>
        <time>2026-07-27T08:54:42.694Z</time>
      </trkpt>
      <trkpt lat="44.678273" lon="6.694996">
        <ele>1068.943637</ele>
        <time>2026-07-27T08:54:56.460Z</time>
      </trkpt>
      <trkpt lat="44.678203" lon="6.694981">
        <ele>1069.169023</ele>
        <time>2026-07-27T08:54:58.990Z</time>
      </trkpt>
      <trkpt lat="44.678090" lon="6.694890">
        <ele>1068.529371</ele>
        <time>2026-07-27T08:55:00.637Z</time>
      </trkpt>
      <trkpt lat="44.677555" lon="6.694072">
        <ele>1061.382879</ele>
        <time>2026-07-27T08:55:07.435Z</time>
      </trkpt>
      <trkpt lat="44.677382" lon="6.693882">
        <ele>1059.242781</ele>
        <time>2026-07-27T08:55:09.317Z</time>
      </trkpt>
      <trkpt lat="44.677200" lon="6.693781">
        <ele>1058.360471</ele>
        <time>2026-07-27T08:55:11.084Z</time>
      </trkpt>
      <trkpt lat="44.676868" lon="6.693905">
        <ele>1059.853840</ele>
        <time>2026-07-27T08:55:23.135Z</time>
      </trkpt>
      <trkpt lat="44.676795" lon="6.693884">
        <ele>1060.599401</ele>
        <time>2026-07-27T08:55:27.324Z</time>
      </trkpt>
      <trkpt lat="44.676667" lon="6.693765">
        <ele>1062.169238</ele>
        <time>2026-07-27T08:55:37.966Z</time>
      </trkpt>
      <trkpt lat="44.676598" lon="6.693616">
        <ele>1063.499374</ele>
        <time>2026-07-27T08:55:44.370Z</time>
      </trkpt>
      <trkpt lat="44.676558" lon="6.693479">
        <ele>1064.959733</ele>
        <time>2026-07-27T08:55:50.104Z</time>
      </trkpt>
      <trkpt lat="44.676517" lon="6.693366">
        <ele>1066.338180</ele>
        <time>2026-07-27T08:55:57.201Z</time>
      </trkpt>
      <trkpt lat="44.676256" lon="6.693106">
        <ele>1072.855722</ele>
        <time>2026-07-27T08:56:30.485Z</time>
      </trkpt>
      <trkpt lat="44.676075" lon="6.692844">
        <ele>1076.883180</ele>
        <time>2026-07-27T08:56:56.523Z</time>
      </trkpt>
      <trkpt lat="44.675770" lon="6.692296">
        <ele>1076.414643</ele>
        <time>2026-07-27T08:57:01.586Z</time>
      </trkpt>
      <trkpt lat="44.675622" lon="6.692090">
        <ele>1074.617930</ele>
        <time>2026-07-27T08:57:03.368Z</time>
      </trkpt>
      <trkpt lat="44.675553" lon="6.691924">
        <ele>1073.124239</ele>
        <time>2026-07-27T08:57:04.528Z</time>
      </trkpt>
      <trkpt lat="44.675528" lon="6.691308">
        <ele>1068.512153</ele>
        <time>2026-07-27T08:57:08.274Z</time>
      </trkpt>
      <trkpt lat="44.675462" lon="6.691000">
        <ele>1067.829605</ele>
        <time>2026-07-27T08:57:10.543Z</time>
      </trkpt>
      <trkpt lat="44.675322" lon="6.690635">
        <ele>1069.800346</ele>
        <time>2026-07-27T08:57:24.257Z</time>
      </trkpt>
      <trkpt lat="44.675284" lon="6.690336">
        <ele>1071.348753</ele>
        <time>2026-07-27T08:57:34.234Z</time>
      </trkpt>
      <trkpt lat="44.675254" lon="6.690149">
        <ele>1072.122042</ele>
        <time>2026-07-27T08:57:39.233Z</time>
      </trkpt>
      <trkpt lat="44.675181" lon="6.689883">
        <ele>1072.596280</ele>
        <time>2026-07-27T08:57:43.763Z</time>
      </trkpt>
      <trkpt lat="44.675119" lon="6.689742">
        <ele>1072.839845</ele>
        <time>2026-07-27T08:57:46.052Z</time>
      </trkpt>
      <trkpt lat="44.674905" lon="6.689394">
        <ele>1074.191692</ele>
        <time>2026-07-27T08:57:54.351Z</time>
      </trkpt>
      <trkpt lat="44.674642" lon="6.689078">
        <ele>1078.805099</ele>
        <time>2026-07-27T08:58:20.789Z</time>
      </trkpt>
      <trkpt lat="44.674591" lon="6.688960">
        <ele>1080.182334</ele>
        <time>2026-07-27T08:58:27.735Z</time>
      </trkpt>
      <trkpt lat="44.674268" lon="6.688053">
        <ele>1088.962661</ele>
        <time>2026-07-27T08:59:13.905Z</time>
      </trkpt>
      <trkpt lat="44.674042" lon="6.687030">
        <ele>1094.706322</ele>
        <time>2026-07-27T08:59:49.322Z</time>
      </trkpt>
      <trkpt lat="44.674032" lon="6.686675">
        <ele>1094.045538</ele>
        <time>2026-07-27T08:59:53.522Z</time>
      </trkpt>
      <trkpt lat="44.674187" lon="6.685875">
        <ele>1086.703603</ele>
        <time>2026-07-27T08:59:58.445Z</time>
      </trkpt>
      <trkpt lat="44.674241" lon="6.685704">
        <ele>1083.981487</ele>
        <time>2026-07-27T08:59:59.524Z</time>
      </trkpt>
      <trkpt lat="44.674501" lon="6.685218">
        <ele>1075.468020</ele>
        <time>2026-07-27T09:00:03.053Z</time>
      </trkpt>
      <trkpt lat="44.674517" lon="6.685080">
        <ele>1073.831647</ele>
        <time>2026-07-27T09:00:03.888Z</time>
      </trkpt>
      <trkpt lat="44.674477" lon="6.684855">
        <ele>1072.349057</ele>
        <time>2026-07-27T09:00:05.320Z</time>
      </trkpt>
      <trkpt lat="44.674361" lon="6.684648">
        <ele>1071.449725</ele>
        <time>2026-07-27T09:00:07.081Z</time>
      </trkpt>
      <trkpt lat="44.674208" lon="6.684467">
        <ele>1071.426270</ele>
        <time>2026-07-27T09:00:09.793Z</time>
      </trkpt>
      <trkpt lat="44.673736" lon="6.684179">
        <ele>1074.157118</ele>
        <time>2026-07-27T09:00:28.275Z</time>
      </trkpt>
      <trkpt lat="44.673535" lon="6.683892">
        <ele>1077.487033</ele>
        <time>2026-07-27T09:00:47.779Z</time>
      </trkpt>
      <trkpt lat="44.672790" lon="6.683056">
        <ele>1083.926367</ele>
        <time>2026-07-27T09:01:40.658Z</time>
      </trkpt>
      <trkpt lat="44.672669" lon="6.682753">
        <ele>1075.385000</ele>
        <time>2026-07-27T09:01:42.853Z</time>
      </trkpt>
      <trkpt lat="44.672567" lon="6.682568">
        <ele>1070.673770</ele>
        <time>2026-07-27T09:01:44.228Z</time>
      </trkpt>
      <trkpt lat="44.672333" lon="6.682265">
        <ele>1073.372910</ele>
        <time>2026-07-27T09:02:05.974Z</time>
      </trkpt>
      <trkpt lat="44.672148" lon="6.681951">
        <ele>1077.287283</ele>
        <time>2026-07-27T09:02:27.975Z</time>
      </trkpt>
      <trkpt lat="44.671991" lon="6.681860">
        <ele>1079.476948</ele>
        <time>2026-07-27T09:02:35.184Z</time>
      </trkpt>
      <trkpt lat="44.671172" lon="6.681643">
        <ele>1095.526994</ele>
        <time>2026-07-27T09:03:56.558Z</time>
      </trkpt>
      <trkpt lat="44.671033" lon="6.681593">
        <ele>1098.078647</ele>
        <time>2026-07-27T09:04:10.879Z</time>
      </trkpt>
      <trkpt lat="44.670747" lon="6.681379">
        <ele>1096.468782</ele>
        <time>2026-07-27T09:04:17.660Z</time>
      </trkpt>
      <trkpt lat="44.670753" lon="6.681256">
        <ele>1093.945002</ele>
        <time>2026-07-27T09:04:19.697Z</time>
      </trkpt>
      <trkpt lat="44.670687" lon="6.680780">
        <ele>1077.242303</ele>
        <time>2026-07-27T09:04:28.155Z</time>
      </trkpt>
      <trkpt lat="44.670478" lon="6.680516">
        <ele>1072.415753</ele>
        <time>2026-07-27T09:04:34.408Z</time>
      </trkpt>
      <trkpt lat="44.670478" lon="6.680516">
        <ele>1072.415753</ele>
        <time>2026-07-27T09:04:34.410Z</time>
      </trkpt>
      <trkpt lat="44.670374" lon="6.680678">
        <ele>1075.852313</ele>
        <time>2026-07-27T09:04:37.526Z</time>
      </trkpt>
      <trkpt lat="44.670044" lon="6.680232">
        <ele>1096.569026</ele>
        <time>2026-07-27T09:04:46.865Z</time>
      </trkpt>
      <trkpt lat="44.669744" lon="6.679833">
        <ele>1099.791552</ele>
        <time>2026-07-27T09:04:54.520Z</time>
      </trkpt>
      <trkpt lat="44.669179" lon="6.678948">
        <ele>1097.292397</ele>
        <time>2026-07-27T09:05:10.198Z</time>
      </trkpt>
      <trkpt lat="44.669210" lon="6.678675">
        <ele>1097.502152</ele>
        <time>2026-07-27T09:05:13.887Z</time>
      </trkpt>
      <trkpt lat="44.669141" lon="6.678637">
        <ele>1098.784261</ele>
        <time>2026-07-27T09:05:23.226Z</time>
      </trkpt>
      <trkpt lat="44.669014" lon="6.678465">
        <ele>1108.543667</ele>
        <time>2026-07-27T09:05:47.667Z</time>
      </trkpt>
      <trkpt lat="44.668939" lon="6.678409">
        <ele>1110.234905</ele>
        <time>2026-07-27T09:05:58.018Z</time>
      </trkpt>
      <trkpt lat="44.668922" lon="6.678152">
        <ele>1110.561126</ele>
        <time>2026-07-27T09:05:59.577Z</time>
      </trkpt>
      <trkpt lat="44.668843" lon="6.677800">
        <ele>1107.184201</ele>
        <time>2026-07-27T09:06:01.787Z</time>
      </trkpt>
      <trkpt lat="44.668831" lon="6.677649">
        <ele>1105.600149</ele>
        <time>2026-07-27T09:06:02.692Z</time>
      </trkpt>
      <trkpt lat="44.668850" lon="6.677256">
        <ele>1100.616007</ele>
        <time>2026-07-27T09:06:04.987Z</time>
      </trkpt>
      <trkpt lat="44.668794" lon="6.676819">
        <ele>1094.757000</ele>
        <time>2026-07-27T09:06:07.572Z</time>
      </trkpt>
      <trkpt lat="44.668810" lon="6.676695">
        <ele>1093.065922</ele>
        <time>2026-07-27T09:06:08.308Z</time>
      </trkpt>
      <trkpt lat="44.668888" lon="6.676467">
        <ele>1089.638681</ele>
        <time>2026-07-27T09:06:09.786Z</time>
      </trkpt>
      <trkpt lat="44.668901" lon="6.676343">
        <ele>1087.934402</ele>
        <time>2026-07-27T09:06:10.512Z</time>
      </trkpt>
      <trkpt lat="44.668861" lon="6.675823">
        <ele>1081.615707</ele>
        <time>2026-07-27T09:06:13.567Z</time>
      </trkpt>
      <trkpt lat="44.668768" lon="6.675435">
        <ele>1078.710889</ele>
        <time>2026-07-27T09:06:16.073Z</time>
      </trkpt>
      <trkpt lat="44.668712" lon="6.675289">
        <ele>1078.856111</ele>
        <time>2026-07-27T09:06:19.581Z</time>
      </trkpt>
      <trkpt lat="44.668610" lon="6.675022">
        <ele>1079.714461</ele>
        <time>2026-07-27T09:06:26.274Z</time>
      </trkpt>
      <trkpt lat="44.668346" lon="6.674697">
        <ele>1081.719923</ele>
        <time>2026-07-27T09:06:40.565Z</time>
      </trkpt>
      <trkpt lat="44.667868" lon="6.674207">
        <ele>1083.605383</ele>
        <time>2026-07-27T09:06:57.884Z</time>
      </trkpt>
      <trkpt lat="44.667688" lon="6.673891">
        <ele>1083.188152</ele>
        <time>2026-07-27T09:07:00.781Z</time>
      </trkpt>
      <trkpt lat="44.667628" lon="6.673712">
        <ele>1083.816257</ele>
        <time>2026-07-27T09:07:03.653Z</time>
      </trkpt>
      <trkpt lat="44.667524" lon="6.673204">
        <ele>1087.478792</ele>
        <time>2026-07-27T09:07:26.940Z</time>
      </trkpt>
      <trkpt lat="44.667318" lon="6.672208">
        <ele>1093.894938</ele>
        <time>2026-07-27T09:08:04.852Z</time>
      </trkpt>
      <trkpt lat="44.667223" lon="6.671399">
        <ele>1096.527851</ele>
        <time>2026-07-27T09:08:22.809Z</time>
      </trkpt>
      <trkpt lat="44.667075" lon="6.670677">
        <ele>1097.406827</ele>
        <time>2026-07-27T09:08:34.035Z</time>
      </trkpt>
      <trkpt lat="44.667037" lon="6.670355">
        <ele>1097.416656</ele>
        <time>2026-07-27T09:08:37.607Z</time>
      </trkpt>
      <trkpt lat="44.666992" lon="6.670192">
        <ele>1097.313215</ele>
        <time>2026-07-27T09:08:39.018Z</time>
      </trkpt>
      <trkpt lat="44.666859" lon="6.670012">
        <ele>1096.905217</ele>
        <time>2026-07-27T09:08:41.308Z</time>
      </trkpt>
      <trkpt lat="44.666814" lon="6.669864">
        <ele>1095.973671</ele>
        <time>2026-07-27T09:08:42.394Z</time>
      </trkpt>
      <trkpt lat="44.666855" lon="6.669340">
        <ele>1091.622834</ele>
        <time>2026-07-27T09:08:45.507Z</time>
      </trkpt>
      <trkpt lat="44.666835" lon="6.669089">
        <ele>1094.007534</ele>
        <time>2026-07-27T09:08:53.184Z</time>
      </trkpt>
      <trkpt lat="44.666763" lon="6.668960">
        <ele>1097.826960</ele>
        <time>2026-07-27T09:09:06.208Z</time>
      </trkpt>
      <trkpt lat="44.666674" lon="6.668892">
        <ele>1102.334341</ele>
        <time>2026-07-27T09:09:17.911Z</time>
      </trkpt>
      <trkpt lat="44.666338" lon="6.668783">
        <ele>1114.041924</ele>
        <time>2026-07-27T09:09:55.490Z</time>
      </trkpt>
      <trkpt lat="44.666235" lon="6.668689">
        <ele>1116.733401</ele>
        <time>2026-07-27T09:10:06.473Z</time>
      </trkpt>
      <trkpt lat="44.666206" lon="6.668550">
        <ele>1117.511224</ele>
        <time>2026-07-27T09:10:12.083Z</time>
      </trkpt>
      <trkpt lat="44.666255" lon="6.668366">
        <ele>1117.626730</ele>
        <time>2026-07-27T09:10:14.085Z</time>
      </trkpt>
      <trkpt lat="44.666390" lon="6.668125">
        <ele>1113.691309</ele>
        <time>2026-07-27T09:10:15.882Z</time>
      </trkpt>
      <trkpt lat="44.666456" lon="6.667946">
        <ele>1109.016977</ele>
        <time>2026-07-27T09:10:17.076Z</time>
      </trkpt>
      <trkpt lat="44.666521" lon="6.667575">
        <ele>1099.316630</ele>
        <time>2026-07-27T09:10:19.375Z</time>
      </trkpt>
      <trkpt lat="44.666643" lon="6.667310">
        <ele>1092.678773</ele>
        <time>2026-07-27T09:10:21.228Z</time>
      </trkpt>
      <trkpt lat="44.666661" lon="6.667182">
        <ele>1090.660330</ele>
        <time>2026-07-27T09:10:21.985Z</time>
      </trkpt>
      <trkpt lat="44.666643" lon="6.667027">
        <ele>1089.202806</ele>
        <time>2026-07-27T09:10:22.919Z</time>
      </trkpt>
      <trkpt lat="44.666549" lon="6.666878">
        <ele>1088.512615</ele>
        <time>2026-07-27T09:10:24.222Z</time>
      </trkpt>
      <trkpt lat="44.665985" lon="6.666616">
        <ele>1091.910411</ele>
        <time>2026-07-27T09:10:49.162Z</time>
      </trkpt>
      <trkpt lat="44.665822" lon="6.666487">
        <ele>1093.556111</ele>
        <time>2026-07-27T09:10:59.633Z</time>
      </trkpt>
      <trkpt lat="44.665406" lon="6.665832">
        <ele>1097.797474</ele>
        <time>2026-07-27T09:11:25.740Z</time>
      </trkpt>
      <trkpt lat="44.665304" lon="6.665583">
        <ele>1098.862722</ele>
        <time>2026-07-27T09:11:32.815Z</time>
      </trkpt>
      <trkpt lat="44.665259" lon="6.665329">
        <ele>1099.604703</ele>
        <time>2026-07-27T09:11:38.996Z</time>
      </trkpt>
      <trkpt lat="44.665257" lon="6.664256">
        <ele>1101.588045</ele>
        <time>2026-07-27T09:11:58.530Z</time>
      </trkpt>
      <trkpt lat="44.665205" lon="6.663843">
        <ele>1101.385046</ele>
        <time>2026-07-27T09:12:02.086Z</time>
      </trkpt>
      <trkpt lat="44.665121" lon="6.663651">
        <ele>1100.906774</ele>
        <time>2026-07-27T09:12:03.821Z</time>
      </trkpt>
      <trkpt lat="44.665024" lon="6.663534">
        <ele>1100.277361</ele>
        <time>2026-07-27T09:12:05.001Z</time>
      </trkpt>
      <trkpt lat="44.664873" lon="6.663449">
        <ele>1099.152447</ele>
        <time>2026-07-27T09:12:06.441Z</time>
      </trkpt>
      <trkpt lat="44.664582" lon="6.663403">
        <ele>1097.228383</ele>
        <time>2026-07-27T09:12:09.113Z</time>
      </trkpt>
      <trkpt lat="44.664441" lon="6.663347">
        <ele>1096.187502</ele>
        <time>2026-07-27T09:12:10.419Z</time>
      </trkpt>
      <trkpt lat="44.664395" lon="6.663314">
        <ele>1095.807147</ele>
        <time>2026-07-27T09:12:10.880Z</time>
      </trkpt>
      <trkpt lat="44.664222" lon="6.663129">
        <ele>1094.374491</ele>
        <time>2026-07-27T09:12:12.809Z</time>
      </trkpt>
      <trkpt lat="44.663514" lon="6.662022">
        <ele>1091.909769</ele>
        <time>2026-07-27T09:12:24.503Z</time>
      </trkpt>
      <trkpt lat="44.663350" lon="6.661780">
        <ele>1090.190556</ele>
        <time>2026-07-27T09:12:26.658Z</time>
      </trkpt>
      <trkpt lat="44.663197" lon="6.661613">
        <ele>1087.419330</ele>
        <time>2026-07-27T09:12:28.262Z</time>
      </trkpt>
      <trkpt lat="44.663046" lon="6.661502">
        <ele>1085.459697</ele>
        <time>2026-07-27T09:12:29.672Z</time>
      </trkpt>
      <trkpt lat="44.662302" lon="6.661125">
        <ele>1082.515490</ele>
        <time>2026-07-27T09:12:37.835Z</time>
      </trkpt>
      <trkpt lat="44.662153" lon="6.660976">
        <ele>1082.040769</ele>
        <time>2026-07-27T09:12:39.833Z</time>
      </trkpt>
      <trkpt lat="44.662016" lon="6.660750">
        <ele>1081.268067</ele>
        <time>2026-07-27T09:12:41.932Z</time>
      </trkpt>
      <trkpt lat="44.661660" lon="6.660173">
        <ele>1078.807739</ele>
        <time>2026-07-27T09:12:47.154Z</time>
      </trkpt>
      <trkpt lat="44.661279" lon="6.659645">
        <ele>1075.809906</ele>
        <time>2026-07-27T09:12:52.031Z</time>
      </trkpt>
      <trkpt lat="44.660911" lon="6.659221">
        <ele>1074.373230</ele>
        <time>2026-07-27T09:12:57.154Z</time>
      </trkpt>
      <trkpt lat="44.660783" lon="6.659079">
        <ele>1073.875298</ele>
        <time>2026-07-27T09:12:58.696Z</time>
      </trkpt>
      <trkpt lat="44.660417" lon="6.658654">
        <ele>1072.395273</ele>
        <time>2026-07-27T09:13:03.666Z</time>
      </trkpt>
      <trkpt lat="44.660394" lon="6.658629">
        <ele>1072.297573</ele>
        <time>2026-07-27T09:13:03.959Z</time>
      </trkpt>
      <trkpt lat="44.659579" lon="6.657690">
        <ele>1067.355219</ele>
        <time>2026-07-27T09:13:13.988Z</time>
      </trkpt>
      <trkpt lat="44.658867" lon="6.656876">
        <ele>1062.522037</ele>
        <time>2026-07-27T09:13:22.537Z</time>
      </trkpt>
      <trkpt lat="44.658634" lon="6.656650">
        <ele>1061.169531</ele>
        <time>2026-07-27T09:13:25.229Z</time>
      </trkpt>
      <trkpt lat="44.658501" lon="6.656585">
        <ele>1060.625557</ele>
        <time>2026-07-27T09:13:26.614Z</time>
      </trkpt>
      <trkpt lat="44.657748" lon="6.656423">
        <ele>1058.118230</ele>
        <time>2026-07-27T09:13:34.321Z</time>
      </trkpt>
      <trkpt lat="44.657618" lon="6.656356">
        <ele>1057.668145</ele>
        <time>2026-07-27T09:13:35.750Z</time>
      </trkpt>
      <trkpt lat="44.656692" lon="6.655677">
        <ele>1054.371159</ele>
        <time>2026-07-27T09:13:46.241Z</time>
      </trkpt>
      <trkpt lat="44.656399" lon="6.655416">
        <ele>1055.065676</ele>
        <time>2026-07-27T09:13:54.830Z</time>
      </trkpt>
      <trkpt lat="44.656261" lon="6.655232">
        <ele>1055.069682</ele>
        <time>2026-07-27T09:13:59.395Z</time>
      </trkpt>
      <trkpt lat="44.656092" lon="6.654901">
        <ele>1053.225518</ele>
        <time>2026-07-27T09:14:02.073Z</time>
      </trkpt>
      <trkpt lat="44.656100" lon="6.654619">
        <ele>1050.646528</ele>
        <time>2026-07-27T09:14:03.726Z</time>
      </trkpt>
      <trkpt lat="44.656158" lon="6.654535">
        <ele>1049.422091</ele>
        <time>2026-07-27T09:14:04.415Z</time>
      </trkpt>
      <trkpt lat="44.656151" lon="6.654369">
        <ele>1048.720500</ele>
        <time>2026-07-27T09:14:05.457Z</time>
      </trkpt>
      <trkpt lat="44.656091" lon="6.654296">
        <ele>1048.351259</ele>
        <time>2026-07-27T09:14:06.378Z</time>
      </trkpt>
      <trkpt lat="44.655974" lon="6.654312">
        <ele>1048.121651</ele>
        <time>2026-07-27T09:14:08.751Z</time>
      </trkpt>
      <trkpt lat="44.655806" lon="6.654230">
        <ele>1047.953211</ele>
        <time>2026-07-27T09:14:10.965Z</time>
      </trkpt>
      <trkpt lat="44.655589" lon="6.654052">
        <ele>1047.007833</ele>
        <time>2026-07-27T09:14:13.402Z</time>
      </trkpt>
      <trkpt lat="44.655355" lon="6.654024">
        <ele>1046.166951</ele>
        <time>2026-07-27T09:14:15.661Z</time>
      </trkpt>
      <trkpt lat="44.655278" lon="6.654054">
        <ele>1046.021753</ele>
        <time>2026-07-27T09:14:16.507Z</time>
      </trkpt>
      <trkpt lat="44.655084" lon="6.654240">
        <ele>1046.210917</ele>
        <time>2026-07-27T09:14:20.882Z</time>
      </trkpt>
      <trkpt lat="44.654829" lon="6.654606">
        <ele>1047.806665</ele>
        <time>2026-07-27T09:14:33.282Z</time>
      </trkpt>
      <trkpt lat="44.654658" lon="6.654798">
        <ele>1048.959013</ele>
        <time>2026-07-27T09:14:41.023Z</time>
      </trkpt>
      <trkpt lat="44.654478" lon="6.654876">
        <ele>1050.041095</ele>
        <time>2026-07-27T09:14:48.644Z</time>
      </trkpt>
      <trkpt lat="44.654207" lon="6.654925">
        <ele>1051.869126</ele>
        <time>2026-07-27T09:14:58.019Z</time>
      </trkpt>
      <trkpt lat="44.654093" lon="6.654905">
        <ele>1053.100264</ele>
        <time>2026-07-27T09:15:04.725Z</time>
      </trkpt>
      <trkpt lat="44.653938" lon="6.654801">
        <ele>1056.280671</ele>
        <time>2026-07-27T09:15:20.882Z</time>
      </trkpt>
      <trkpt lat="44.653836" lon="6.654648">
        <ele>1059.053996</ele>
        <time>2026-07-27T09:15:36.727Z</time>
      </trkpt>
      <trkpt lat="44.653779" lon="6.654474">
        <ele>1061.220268</ele>
        <time>2026-07-27T09:15:47.845Z</time>
      </trkpt>
      <trkpt lat="44.653765" lon="6.654203">
        <ele>1061.813313</ele>
        <time>2026-07-27T09:15:52.824Z</time>
      </trkpt>
      <trkpt lat="44.653924" lon="6.653672">
        <ele>1059.539082</ele>
        <time>2026-07-27T09:15:56.541Z</time>
      </trkpt>
      <trkpt lat="44.654059" lon="6.653378">
        <ele>1057.306659</ele>
        <time>2026-07-27T09:15:58.701Z</time>
      </trkpt>
      <trkpt lat="44.654714" lon="6.652304">
        <ele>1046.455264</ele>
        <time>2026-07-27T09:16:07.276Z</time>
      </trkpt>
      <trkpt lat="44.654902" lon="6.652101">
        <ele>1044.097821</ele>
        <time>2026-07-27T09:16:09.423Z</time>
      </trkpt>
      <trkpt lat="44.654964" lon="6.652111">
        <ele>1042.993575</ele>
        <time>2026-07-27T09:16:09.935Z</time>
      </trkpt>
      <trkpt lat="44.655104" lon="6.652204">
        <ele>1040.155410</ele>
        <time>2026-07-27T09:16:11.195Z</time>
      </trkpt>
      <trkpt lat="44.655278" lon="6.652477">
        <ele>1035.101447</ele>
        <time>2026-07-27T09:16:13.329Z</time>
      </trkpt>
      <trkpt lat="44.655453" lon="6.652586">
        <ele>1032.106572</ele>
        <time>2026-07-27T09:16:14.908Z</time>
      </trkpt>
      <trkpt lat="44.655687" lon="6.652595">
        <ele>1029.702611</ele>
        <time>2026-07-27T09:16:16.937Z</time>
      </trkpt>
      <trkpt lat="44.655943" lon="6.652478">
        <ele>1027.333079</ele>
        <time>2026-07-27T09:16:19.294Z</time>
      </trkpt>
      <trkpt lat="44.656384" lon="6.652198">
        <ele>1023.348952</ele>
        <time>2026-07-27T09:16:23.529Z</time>
      </trkpt>
      <trkpt lat="44.656570" lon="6.652021">
        <ele>1021.905884</ele>
        <time>2026-07-27T09:16:25.619Z</time>
      </trkpt>
      <trkpt lat="44.656762" lon="6.651805">
        <ele>1020.261681</ele>
        <time>2026-07-27T09:16:27.897Z</time>
      </trkpt>
      <trkpt lat="44.656791" lon="6.651794">
        <ele>1020.042470</ele>
        <time>2026-07-27T09:16:28.151Z</time>
      </trkpt>
      <trkpt lat="44.656835" lon="6.651741">
        <ele>1019.597656</ele>
        <time>2026-07-27T09:16:28.651Z</time>
      </trkpt>
      <trkpt lat="44.656850" lon="6.651659">
        <ele>1019.045046</ele>
        <time>2026-07-27T09:16:29.162Z</time>
      </trkpt>
      <trkpt lat="44.656842" lon="6.651616">
        <ele>1018.754954</ele>
        <time>2026-07-27T09:16:29.429Z</time>
      </trkpt>
      <trkpt lat="44.656927" lon="6.651378">
        <ele>1017.097930</ele>
        <time>2026-07-27T09:16:31.101Z</time>
      </trkpt>
      <trkpt lat="44.656963" lon="6.651351">
        <ele>1016.772137</ele>
        <time>2026-07-27T09:16:31.463Z</time>
      </trkpt>
      <trkpt lat="44.657050" lon="6.651312">
        <ele>1016.043016</ele>
        <time>2026-07-27T09:16:32.263Z</time>
      </trkpt>
      <trkpt lat="44.657098" lon="6.651289">
        <ele>1015.697739</ele>
        <time>2026-07-27T09:16:32.714Z</time>
      </trkpt>
      <trkpt lat="44.657139" lon="6.651267">
        <ele>1015.447454</ele>
        <time>2026-07-27T09:16:33.112Z</time>
      </trkpt>
      <trkpt lat="44.657193" lon="6.651222">
        <ele>1015.089438</ele>
        <time>2026-07-27T09:16:33.693Z</time>
      </trkpt>
      <trkpt lat="44.657834" lon="6.650646">
        <ele>1011.385814</ele>
        <time>2026-07-27T09:16:40.923Z</time>
      </trkpt>
      <trkpt lat="44.657863" lon="6.650620">
        <ele>1011.223217</ele>
        <time>2026-07-27T09:16:41.247Z</time>
      </trkpt>
      <trkpt lat="44.658237" lon="6.650307">
        <ele>1009.188193</ele>
        <time>2026-07-27T09:16:45.415Z</time>
      </trkpt>
      <trkpt lat="44.658371" lon="6.650062">
        <ele>1008.138516</ele>
        <time>2026-07-27T09:16:47.475Z</time>
      </trkpt>
      <trkpt lat="44.658407" lon="6.649845">
        <ele>1007.511098</ele>
        <time>2026-07-27T09:16:49.026Z</time>
      </trkpt>
      <trkpt lat="44.658406" lon="6.649698">
        <ele>1007.121194</ele>
        <time>2026-07-27T09:16:50.075Z</time>
      </trkpt>
      <trkpt lat="44.658211" lon="6.648247">
        <ele>1003.360604</ele>
        <time>2026-07-27T09:17:00.573Z</time>
      </trkpt>
      <trkpt lat="44.658159" lon="6.647899">
        <ele>1001.364328</ele>
        <time>2026-07-27T09:17:02.844Z</time>
      </trkpt>
      <trkpt lat="44.657907" lon="6.646123">
        <ele>977.875491</ele>
        <time>2026-07-27T09:17:13.400Z</time>
      </trkpt>
      <trkpt lat="44.657885" lon="6.645887">
        <ele>975.694469</ele>
        <time>2026-07-27T09:17:14.824Z</time>
      </trkpt>
      <trkpt lat="44.657904" lon="6.645453">
        <ele>973.061855</ele>
        <time>2026-07-27T09:17:17.547Z</time>
      </trkpt>
      <trkpt lat="44.658004" lon="6.645205">
        <ele>972.110204</ele>
        <time>2026-07-27T09:17:19.525Z</time>
      </trkpt>
      <trkpt lat="44.658095" lon="6.645167">
        <ele>971.753756</ele>
        <time>2026-07-27T09:17:20.463Z</time>
      </trkpt>
      <trkpt lat="44.658132" lon="6.645098">
        <ele>971.559833</ele>
        <time>2026-07-27T09:17:21.085Z</time>
      </trkpt>
      <trkpt lat="44.658140" lon="6.645011">
        <ele>971.362961</ele>
        <time>2026-07-27T09:17:21.728Z</time>
      </trkpt>
      <trkpt lat="44.658097" lon="6.644898">
        <ele>971.031362</ele>
        <time>2026-07-27T09:17:22.667Z</time>
      </trkpt>
      <trkpt lat="44.658079" lon="6.644623">
        <ele>970.143666</ele>
        <time>2026-07-27T09:17:24.544Z</time>
      </trkpt>
      <trkpt lat="44.658096" lon="6.644543">
        <ele>969.799271</ele>
        <time>2026-07-27T09:17:25.099Z</time>
      </trkpt>
      <trkpt lat="44.658156" lon="6.644239">
        <ele>968.480088</ele>
        <time>2026-07-27T09:17:27.161Z</time>
      </trkpt>
      <trkpt lat="44.658382" lon="6.643254">
        <ele>964.357181</ele>
        <time>2026-07-27T09:17:33.896Z</time>
      </trkpt>
      <trkpt lat="44.658559" lon="6.642861">
        <ele>964.123253</ele>
        <time>2026-07-27T09:17:39.125Z</time>
      </trkpt>
      <trkpt lat="44.659112" lon="6.642127">
        <ele>965.166038</ele>
        <time>2026-07-27T09:17:53.814Z</time>
      </trkpt>
      <trkpt lat="44.659160" lon="6.642063">
        <ele>965.424605</ele>
        <time>2026-07-27T09:17:55.311Z</time>
      </trkpt>
      <trkpt lat="44.659302" lon="6.642008">
        <ele>966.654715</ele>
        <time>2026-07-27T09:18:02.519Z</time>
      </trkpt>
      <trkpt lat="44.659353" lon="6.642047">
        <ele>967.349948</ele>
        <time>2026-07-27T09:18:07.507Z</time>
      </trkpt>
      <trkpt lat="44.659450" lon="6.642017">
        <ele>968.361509</ele>
        <time>2026-07-27T09:18:15.246Z</time>
      </trkpt>
      <trkpt lat="44.659491" lon="6.641925">
        <ele>968.282014</ele>
        <time>2026-07-27T09:18:17.419Z</time>
      </trkpt>
      <trkpt lat="44.659481" lon="6.641816">
        <ele>968.201540</ele>
        <time>2026-07-27T09:18:18.124Z</time>
      </trkpt>
      <trkpt lat="44.659526" lon="6.641505">
        <ele>967.025949</ele>
        <time>2026-07-27T09:18:20.108Z</time>
      </trkpt>
      <trkpt lat="44.659637" lon="6.641230">
        <ele>965.950339</ele>
        <time>2026-07-27T09:18:22.419Z</time>
      </trkpt>
      <trkpt lat="44.659803" lon="6.640917">
        <ele>964.236360</ele>
        <time>2026-07-27T09:18:24.948Z</time>
      </trkpt>
      <trkpt lat="44.659904" lon="6.640626">
        <ele>962.415162</ele>
        <time>2026-07-27T09:18:26.955Z</time>
      </trkpt>
      <trkpt lat="44.659937" lon="6.640276">
        <ele>961.107936</ele>
        <time>2026-07-27T09:18:29.344Z</time>
      </trkpt>
      <trkpt lat="44.659931" lon="6.640078">
        <ele>960.434378</ele>
        <time>2026-07-27T09:18:30.703Z</time>
      </trkpt>
      <trkpt lat="44.659776" lon="6.638931">
        <ele>955.646254</ele>
        <time>2026-07-27T09:18:38.374Z</time>
      </trkpt>
      <trkpt lat="44.659759" lon="6.638681">
        <ele>954.485691</ele>
        <time>2026-07-27T09:18:39.980Z</time>
      </trkpt>
      <trkpt lat="44.659774" lon="6.638446">
        <ele>953.324459</ele>
        <time>2026-07-27T09:18:41.482Z</time>
      </trkpt>
      <trkpt lat="44.659862" lon="6.637924">
        <ele>951.116556</ele>
        <time>2026-07-27T09:18:44.950Z</time>
      </trkpt>
      <trkpt lat="44.659897" lon="6.637651">
        <ele>950.491484</ele>
        <time>2026-07-27T09:18:47.164Z</time>
      </trkpt>
      <trkpt lat="44.659879" lon="6.637288">
        <ele>949.947528</ele>
        <time>2026-07-27T09:18:49.944Z</time>
      </trkpt>
      <trkpt lat="44.659839" lon="6.637113">
        <ele>949.840963</ele>
        <time>2026-07-27T09:18:51.416Z</time>
      </trkpt>
      <trkpt lat="44.659722" lon="6.636811">
        <ele>949.768507</ele>
        <time>2026-07-27T09:18:56.091Z</time>
      </trkpt>
      <trkpt lat="44.659197" lon="6.635569">
        <ele>948.156526</ele>
        <time>2026-07-27T09:19:07.763Z</time>
      </trkpt>
      <trkpt lat="44.658614" lon="6.634217">
        <ele>941.244876</ele>
        <time>2026-07-27T09:19:18.039Z</time>
      </trkpt>
      <trkpt lat="44.658554" lon="6.634083">
        <ele>940.386148</ele>
        <time>2026-07-27T09:19:19.031Z</time>
      </trkpt>
      <trkpt lat="44.658447" lon="6.633757">
        <ele>938.496799</ele>
        <time>2026-07-27T09:19:21.297Z</time>
      </trkpt>
      <trkpt lat="44.658413" lon="6.633583">
        <ele>937.658097</ele>
        <time>2026-07-27T09:19:22.470Z</time>
      </trkpt>
      <trkpt lat="44.658403" lon="6.633413">
        <ele>937.030226</ele>
        <time>2026-07-27T09:19:23.615Z</time>
      </trkpt>
      <trkpt lat="44.658422" lon="6.633205">
        <ele>936.233596</ele>
        <time>2026-07-27T09:19:25.010Z</time>
      </trkpt>
      <trkpt lat="44.658467" lon="6.633006">
        <ele>935.419257</ele>
        <time>2026-07-27T09:19:26.385Z</time>
      </trkpt>
      <trkpt lat="44.658534" lon="6.632849">
        <ele>934.673185</ele>
        <time>2026-07-27T09:19:27.581Z</time>
      </trkpt>
      <trkpt lat="44.658942" lon="6.632268">
        <ele>931.416555</ele>
        <time>2026-07-27T09:19:32.910Z</time>
      </trkpt>
      <trkpt lat="44.659186" lon="6.631880">
        <ele>930.700931</ele>
        <time>2026-07-27T09:19:37.334Z</time>
      </trkpt>
      <trkpt lat="44.659431" lon="6.631380">
        <ele>929.282642</ele>
        <time>2026-07-27T09:19:41.673Z</time>
      </trkpt>
      <trkpt lat="44.659622" lon="6.630819">
        <ele>927.357155</ele>
        <time>2026-07-27T09:19:46.028Z</time>
      </trkpt>
      <trkpt lat="44.659716" lon="6.630425">
        <ele>925.058941</ele>
        <time>2026-07-27T09:19:48.601Z</time>
      </trkpt>
      <trkpt lat="44.659757" lon="6.630127">
        <ele>923.526647</ele>
        <time>2026-07-27T09:19:50.549Z</time>
      </trkpt>
      <trkpt lat="44.659788" lon="6.629614">
        <ele>921.370348</ele>
        <time>2026-07-27T09:19:53.906Z</time>
      </trkpt>
      <trkpt lat="44.659761" lon="6.628747">
        <ele>918.360432</ele>
        <time>2026-07-27T09:19:59.782Z</time>
      </trkpt>
      <trkpt lat="44.659662" lon="6.627130">
        <ele>912.430417</ele>
        <time>2026-07-27T09:20:10.616Z</time>
      </trkpt>
      <trkpt lat="44.659612" lon="6.626227">
        <ele>909.645589</ele>
        <time>2026-07-27T09:20:16.750Z</time>
      </trkpt>
      <trkpt lat="44.659571" lon="6.625485">
        <ele>908.874168</ele>
        <time>2026-07-27T09:20:23.079Z</time>
      </trkpt>
      <trkpt lat="44.659549" lon="6.625122">
        <ele>908.950412</ele>
        <time>2026-07-27T09:20:27.592Z</time>
      </trkpt>
      <trkpt lat="44.659491" lon="6.624207">
        <ele>910.010084</ele>
        <time>2026-07-27T09:20:41.550Z</time>
      </trkpt>
      <trkpt lat="44.659417" lon="6.622958">
        <ele>911.646124</ele>
        <time>2026-07-27T09:21:01.461Z</time>
      </trkpt>
      <trkpt lat="44.659423" lon="6.622592">
        <ele>911.885882</ele>
        <time>2026-07-27T09:21:06.078Z</time>
      </trkpt>
      <trkpt lat="44.659450" lon="6.622235">
        <ele>911.987436</ele>
        <time>2026-07-27T09:21:10.173Z</time>
      </trkpt>
      <trkpt lat="44.659511" lon="6.621845">
        <ele>911.977583</ele>
        <time>2026-07-27T09:21:14.448Z</time>
      </trkpt>
      <trkpt lat="44.659663" lon="6.621245">
        <ele>911.727153</ele>
        <time>2026-07-27T09:21:20.594Z</time>
      </trkpt>
      <trkpt lat="44.659897" lon="6.620647">
        <ele>910.837105</ele>
        <time>2026-07-27T09:21:26.020Z</time>
      </trkpt>
      <trkpt lat="44.660025" lon="6.620428">
        <ele>910.306155</ele>
        <time>2026-07-27T09:21:28.093Z</time>
      </trkpt>
      <trkpt lat="44.660159" lon="6.620200">
        <ele>909.675990</ele>
        <time>2026-07-27T09:21:30.228Z</time>
      </trkpt>
      <trkpt lat="44.660527" lon="6.619735">
        <ele>908.154333</ele>
        <time>2026-07-27T09:21:35.225Z</time>
      </trkpt>
      <trkpt lat="44.661245" lon="6.619014">
        <ele>906.045171</ele>
        <time>2026-07-27T09:21:44.749Z</time>
      </trkpt>
      <trkpt lat="44.661317" lon="6.618943">
        <ele>905.797554</ele>
        <time>2026-07-27T09:21:45.650Z</time>
      </trkpt>
      <trkpt lat="44.661480" lon="6.618782">
        <ele>905.253899</ele>
        <time>2026-07-27T09:21:47.683Z</time>
      </trkpt>
      <trkpt lat="44.661534" lon="6.618729">
        <ele>905.074131</ele>
        <time>2026-07-27T09:21:48.383Z</time>
      </trkpt>
      <trkpt lat="44.661626" lon="6.618633">
        <ele>904.699940</ele>
        <time>2026-07-27T09:21:49.595Z</time>
      </trkpt>
      <trkpt lat="44.661851" lon="6.618522">
        <ele>903.797957</ele>
        <time>2026-07-27T09:21:51.937Z</time>
      </trkpt>
      <trkpt lat="44.661967" lon="6.618537">
        <ele>903.324687</ele>
        <time>2026-07-27T09:21:53.032Z</time>
      </trkpt>
      <trkpt lat="44.662046" lon="6.618449">
        <ele>902.977430</ele>
        <time>2026-07-27T09:21:54.027Z</time>
      </trkpt>
      <trkpt lat="44.662063" lon="6.618293">
        <ele>902.596870</ele>
        <time>2026-07-27T09:21:55.224Z</time>
      </trkpt>
      <trkpt lat="44.662202" lon="6.618055">
        <ele>901.967037</ele>
        <time>2026-07-27T09:21:57.501Z</time>
      </trkpt>
      <trkpt lat="44.662436" lon="6.617823">
        <ele>900.912598</ele>
        <time>2026-07-27T09:22:00.308Z</time>
      </trkpt>
      <trkpt lat="44.662492" lon="6.617767">
        <ele>900.664221</ele>
        <time>2026-07-27T09:22:00.994Z</time>
      </trkpt>
      <trkpt lat="44.663108" lon="6.617156">
        <ele>898.425705</ele>
        <time>2026-07-27T09:22:08.745Z</time>
      </trkpt>
      <trkpt lat="44.663154" lon="6.617106">
        <ele>898.247460</ele>
        <time>2026-07-27T09:22:09.351Z</time>
      </trkpt>
      <trkpt lat="44.665147" lon="6.615113">
        <ele>890.719427</ele>
        <time>2026-07-27T09:22:34.231Z</time>
      </trkpt>
      <trkpt lat="44.665596" lon="6.614858">
        <ele>890.690315</ele>
        <time>2026-07-27T09:22:41.671Z</time>
      </trkpt>
      <trkpt lat="44.665689" lon="6.614871">
        <ele>890.695651</ele>
        <time>2026-07-27T09:22:43.147Z</time>
      </trkpt>
      <trkpt lat="44.665783" lon="6.614812">
        <ele>890.690196</ele>
        <time>2026-07-27T09:22:44.736Z</time>
      </trkpt>
      <trkpt lat="44.665841" lon="6.614692">
        <ele>890.651686</ele>
        <time>2026-07-27T09:22:46.158Z</time>
      </trkpt>
      <trkpt lat="44.665850" lon="6.614579">
        <ele>890.621504</ele>
        <time>2026-07-27T09:22:47.180Z</time>
      </trkpt>
      <trkpt lat="44.665836" lon="6.614501">
        <ele>890.582005</ele>
        <time>2026-07-27T09:22:47.881Z</time>
      </trkpt>
      <trkpt lat="44.665762" lon="6.614380">
        <ele>890.491501</ele>
        <time>2026-07-27T09:22:49.322Z</time>
      </trkpt>
      <trkpt lat="44.665663" lon="6.614339">
        <ele>890.410762</ele>
        <time>2026-07-27T09:22:50.664Z</time>
      </trkpt>
      <trkpt lat="44.665538" lon="6.614242">
        <ele>890.303331</ele>
        <time>2026-07-27T09:22:52.478Z</time>
      </trkpt>
      <trkpt lat="44.665068" lon="6.613458">
        <ele>889.788059</ele>
        <time>2026-07-27T09:23:01.852Z</time>
      </trkpt>
      <trkpt lat="44.660466" lon="6.604401">
        <ele>881.475701</ele>
        <time>2026-07-27T09:24:37.815Z</time>
      </trkpt>
      <trkpt lat="44.660016" lon="6.603521">
        <ele>881.583782</ele>
        <time>2026-07-27T09:24:50.011Z</time>
      </trkpt>
      <trkpt lat="44.659972" lon="6.603436">
        <ele>881.594721</ele>
        <time>2026-07-27T09:24:51.100Z</time>
      </trkpt>
      <trkpt lat="44.655807" lon="6.595226">
        <ele>880.487383</ele>
        <time>2026-07-27T09:26:33.409Z</time>
      </trkpt>
      <trkpt lat="44.651674" lon="6.587152">
        <ele>876.999441</ele>
        <time>2026-07-27T09:28:07.093Z</time>
      </trkpt>
      <trkpt lat="44.651337" lon="6.586524">
        <ele>877.365504</ele>
        <time>2026-07-27T09:28:17.348Z</time>
      </trkpt>
      <trkpt lat="44.650712" lon="6.585612">
        <ele>877.183946</ele>
        <time>2026-07-27T09:28:30.706Z</time>
      </trkpt>
      <trkpt lat="44.650540" lon="6.585208">
        <ele>875.977153</ele>
        <time>2026-07-27T09:28:33.798Z</time>
      </trkpt>
      <trkpt lat="44.650057" lon="6.585338">
        <ele>876.137083</ele>
        <time>2026-07-27T09:28:43.410Z</time>
      </trkpt>
      <trkpt lat="44.649846" lon="6.585369">
        <ele>876.213931</ele>
        <time>2026-07-27T09:28:48.428Z</time>
      </trkpt>
      <trkpt lat="44.649082" lon="6.585484">
        <ele>875.597471</ele>
        <time>2026-07-27T09:28:57.605Z</time>
      </trkpt>
      <trkpt lat="44.648443" lon="6.585584">
        <ele>874.973013</ele>
        <time>2026-07-27T09:29:05.211Z</time>
      </trkpt>
      <trkpt lat="44.648093" lon="6.585513">
        <ele>875.665454</ele>
        <time>2026-07-27T09:29:13.908Z</time>
      </trkpt>
      <trkpt lat="44.646342" lon="6.584857">
        <ele>880.140026</ele>
        <time>2026-07-27T09:29:56.246Z</time>
      </trkpt>
      <trkpt lat="44.645944" lon="6.584694">
        <ele>884.734144</ele>
        <time>2026-07-27T09:30:25.085Z</time>
      </trkpt>
      <trkpt lat="44.645779" lon="6.584593">
        <ele>885.923617</ele>
        <time>2026-07-27T09:30:30.807Z</time>
      </trkpt>
      <trkpt lat="44.645332" lon="6.584162">
        <ele>888.571229</ele>
        <time>2026-07-27T09:30:48.910Z</time>
      </trkpt>
      <trkpt lat="44.644834" lon="6.583791">
        <ele>891.927110</ele>
        <time>2026-07-27T09:31:12.539Z</time>
      </trkpt>
      <trkpt lat="44.644611" lon="6.583748">
        <ele>892.004086</ele>
        <time>2026-07-27T09:31:14.925Z</time>
      </trkpt>
      <trkpt lat="44.643898" lon="6.583754">
        <ele>897.377039</ele>
        <time>2026-07-27T09:31:48.249Z</time>
      </trkpt>
      <trkpt lat="44.643549" lon="6.583609">
        <ele>899.721418</ele>
        <time>2026-07-27T09:32:04.764Z</time>
      </trkpt>
      <trkpt lat="44.643164" lon="6.583367">
        <ele>900.504428</ele>
        <time>2026-07-27T09:32:10.039Z</time>
      </trkpt>
      <trkpt lat="44.642894" lon="6.583198">
        <ele>903.271308</ele>
        <time>2026-07-27T09:32:29.474Z</time>
      </trkpt>
      <trkpt lat="44.642651" lon="6.582998">
        <ele>904.841032</ele>
        <time>2026-07-27T09:32:39.643Z</time>
      </trkpt>
      <trkpt lat="44.642168" lon="6.582394">
        <ele>906.508378</ele>
        <time>2026-07-27T09:32:54.816Z</time>
      </trkpt>
      <trkpt lat="44.641480" lon="6.581706">
        <ele>910.822651</ele>
        <time>2026-07-27T09:33:24.678Z</time>
      </trkpt>
      <trkpt lat="44.640829" lon="6.581275">
        <ele>916.578777</ele>
        <time>2026-07-27T09:33:58.594Z</time>
      </trkpt>
      <trkpt lat="44.640589" lon="6.581195">
        <ele>919.170602</ele>
        <time>2026-07-27T09:34:12.730Z</time>
      </trkpt>
      <trkpt lat="44.640347" lon="6.581193">
        <ele>922.021446</ele>
        <time>2026-07-27T09:34:28.168Z</time>
      </trkpt>
      <trkpt lat="44.640052" lon="6.581021">
        <ele>925.239248</ele>
        <time>2026-07-27T09:34:46.846Z</time>
      </trkpt>
      <trkpt lat="44.638829" lon="6.580006">
        <ele>933.695462</ele>
        <time>2026-07-27T09:35:40.745Z</time>
      </trkpt>
      <trkpt lat="44.638727" lon="6.579963">
        <ele>934.292467</ele>
        <time>2026-07-27T09:35:44.898Z</time>
      </trkpt>
      <trkpt lat="44.638276" lon="6.579920">
        <ele>936.645063</ele>
        <time>2026-07-27T09:36:01.244Z</time>
      </trkpt>
      <trkpt lat="44.638177" lon="6.579897">
        <ele>937.041840</ele>
        <time>2026-07-27T09:36:04.083Z</time>
      </trkpt>
      <trkpt lat="44.638104" lon="6.579841">
        <ele>937.265528</ele>
        <time>2026-07-27T09:36:06.079Z</time>
      </trkpt>
      <trkpt lat="44.638062" lon="6.579762">
        <ele>937.411653</ele>
        <time>2026-07-27T09:36:07.714Z</time>
      </trkpt>
      <trkpt lat="44.638003" lon="6.579322">
        <ele>938.098105</ele>
        <time>2026-07-27T09:36:15.133Z</time>
      </trkpt>
      <trkpt lat="44.637880" lon="6.579123">
        <ele>938.457797</ele>
        <time>2026-07-27T09:36:19.478Z</time>
      </trkpt>
      <trkpt lat="44.637231" lon="6.578796">
        <ele>939.323371</ele>
        <time>2026-07-27T09:36:32.995Z</time>
      </trkpt>
      <trkpt lat="44.636714" lon="6.578315">
        <ele>940.453312</ele>
        <time>2026-07-27T09:36:46.429Z</time>
      </trkpt>
      <trkpt lat="44.636596" lon="6.578278">
        <ele>940.788507</ele>
        <time>2026-07-27T09:36:49.477Z</time>
      </trkpt>
      <trkpt lat="44.636160" lon="6.578362">
        <ele>942.996764</ele>
        <time>2026-07-27T09:37:04.011Z</time>
      </trkpt>
      <trkpt lat="44.635798" lon="6.578380">
        <ele>946.460641</ele>
        <time>2026-07-27T09:37:27.019Z</time>
      </trkpt>
      <trkpt lat="44.635495" lon="6.578210">
        <ele>946.827880</ele>
        <time>2026-07-27T09:37:30.931Z</time>
      </trkpt>
      <trkpt lat="44.634690" lon="6.577560">
        <ele>947.718546</ele>
        <time>2026-07-27T09:37:49.533Z</time>
      </trkpt>
      <trkpt lat="44.634276" lon="6.577313">
        <ele>946.381012</ele>
        <time>2026-07-27T09:37:54.371Z</time>
      </trkpt>
      <trkpt lat="44.633593" lon="6.576616">
        <ele>938.606945</ele>
        <time>2026-07-27T09:38:01.652Z</time>
      </trkpt>
      <trkpt lat="44.633399" lon="6.576453">
        <ele>936.499987</ele>
        <time>2026-07-27T09:38:03.604Z</time>
      </trkpt>
      <trkpt lat="44.633298" lon="6.576404">
        <ele>935.776877</ele>
        <time>2026-07-27T09:38:04.547Z</time>
      </trkpt>
      <trkpt lat="44.632746" lon="6.576263">
        <ele>933.124601</ele>
        <time>2026-07-27T09:38:09.864Z</time>
      </trkpt>
      <trkpt lat="44.632482" lon="6.576113">
        <ele>934.266915</ele>
        <time>2026-07-27T09:38:19.458Z</time>
      </trkpt>
      <trkpt lat="44.632280" lon="6.576114">
        <ele>935.627420</ele>
        <time>2026-07-27T09:38:27.224Z</time>
      </trkpt>
      <trkpt lat="44.631845" lon="6.576194">
        <ele>939.991735</ele>
        <time>2026-07-27T09:38:53.270Z</time>
      </trkpt>
      <trkpt lat="44.631657" lon="6.576177">
        <ele>941.298565</ele>
        <time>2026-07-27T09:39:00.677Z</time>
      </trkpt>
      <trkpt lat="44.631346" lon="6.576109">
        <ele>942.242045</ele>
        <time>2026-07-27T09:39:09.215Z</time>
      </trkpt>
      <trkpt lat="44.631276" lon="6.576060">
        <ele>942.416644</ele>
        <time>2026-07-27T09:39:11.011Z</time>
      </trkpt>
      <trkpt lat="44.631220" lon="6.575989">
        <ele>942.544210</ele>
        <time>2026-07-27T09:39:12.501Z</time>
      </trkpt>
      <trkpt lat="44.631045" lon="6.575525">
        <ele>942.479521</ele>
        <time>2026-07-27T09:39:18.087Z</time>
      </trkpt>
      <trkpt lat="44.630366" lon="6.574783">
        <ele>939.852835</ele>
        <time>2026-07-27T09:39:27.123Z</time>
      </trkpt>
      <trkpt lat="44.630126" lon="6.574332">
        <ele>935.072558</ele>
        <time>2026-07-27T09:39:30.495Z</time>
      </trkpt>
      <trkpt lat="44.630049" lon="6.574230">
        <ele>933.353204</ele>
        <time>2026-07-27T09:39:31.362Z</time>
      </trkpt>
      <trkpt lat="44.629894" lon="6.574178">
        <ele>932.134140</ele>
        <time>2026-07-27T09:39:32.703Z</time>
      </trkpt>
      <trkpt lat="44.629638" lon="6.574240">
        <ele>932.530442</ele>
        <time>2026-07-27T09:39:41.613Z</time>
      </trkpt>
      <trkpt lat="44.629423" lon="6.574383">
        <ele>934.091937</ele>
        <time>2026-07-27T09:39:52.490Z</time>
      </trkpt>
      <trkpt lat="44.629077" lon="6.574723">
        <ele>936.211360</ele>
        <time>2026-07-27T09:40:07.481Z</time>
      </trkpt>
      <trkpt lat="44.628856" lon="6.574847">
        <ele>936.672868</ele>
        <time>2026-07-27T09:40:12.927Z</time>
      </trkpt>
      <trkpt lat="44.628711" lon="6.574841">
        <ele>936.533046</ele>
        <time>2026-07-27T09:40:14.737Z</time>
      </trkpt>
      <trkpt lat="44.628615" lon="6.574794">
        <ele>936.261544</ele>
        <time>2026-07-27T09:40:15.774Z</time>
      </trkpt>
      <trkpt lat="44.628394" lon="6.574624">
        <ele>935.012624</ele>
        <time>2026-07-27T09:40:18.141Z</time>
      </trkpt>
      <trkpt lat="44.627777" lon="6.574242">
        <ele>929.805577</ele>
        <time>2026-07-27T09:40:24.135Z</time>
      </trkpt>
      <trkpt lat="44.627713" lon="6.574161">
        <ele>928.753259</ele>
        <time>2026-07-27T09:40:24.856Z</time>
      </trkpt>
      <trkpt lat="44.627615" lon="6.574016">
        <ele>926.851195</ele>
        <time>2026-07-27T09:40:26.040Z</time>
      </trkpt>
      <trkpt lat="44.627525" lon="6.573933">
        <ele>926.090352</ele>
        <time>2026-07-27T09:40:26.943Z</time>
      </trkpt>
      <trkpt lat="44.627425" lon="6.573887">
        <ele>925.468990</ele>
        <time>2026-07-27T09:40:27.967Z</time>
      </trkpt>
      <trkpt lat="44.627205" lon="6.573852">
        <ele>926.153902</ele>
        <time>2026-07-27T09:40:36.280Z</time>
      </trkpt>
      <trkpt lat="44.627054" lon="6.573777">
        <ele>926.572976</ele>
        <time>2026-07-27T09:40:40.845Z</time>
      </trkpt>
      <trkpt lat="44.625985" lon="6.572935">
        <ele>926.667949</ele>
        <time>2026-07-27T09:40:58.160Z</time>
      </trkpt>
      <trkpt lat="44.625483" lon="6.572421">
        <ele>928.121975</ele>
        <time>2026-07-27T09:41:12.741Z</time>
      </trkpt>
      <trkpt lat="44.625221" lon="6.571996">
        <ele>930.745541</ele>
        <time>2026-07-27T09:41:29.777Z</time>
      </trkpt>
      <trkpt lat="44.625061" lon="6.571649">
        <ele>932.934510</ele>
        <time>2026-07-27T09:41:43.426Z</time>
      </trkpt>
      <trkpt lat="44.624931" lon="6.571253">
        <ele>934.386762</ele>
        <time>2026-07-27T09:41:55.888Z</time>
      </trkpt>
      <trkpt lat="44.624564" lon="6.569702">
        <ele>931.757625</ele>
        <time>2026-07-27T09:42:08.172Z</time>
      </trkpt>
      <trkpt lat="44.624498" lon="6.569518">
        <ele>930.987731</ele>
        <time>2026-07-27T09:42:09.504Z</time>
      </trkpt>
      <trkpt lat="44.624233" lon="6.569200">
        <ele>928.603834</ele>
        <time>2026-07-27T09:42:12.612Z</time>
      </trkpt>
      <trkpt lat="44.624190" lon="6.569098">
        <ele>928.063873</ele>
        <time>2026-07-27T09:42:13.399Z</time>
      </trkpt>
      <trkpt lat="44.624169" lon="6.569000">
        <ele>927.880963</ele>
        <time>2026-07-27T09:42:14.113Z</time>
      </trkpt>
      <trkpt lat="44.624242" lon="6.568746">
        <ele>927.538733</ele>
        <time>2026-07-27T09:42:16.334Z</time>
      </trkpt>
      <trkpt lat="44.624257" lon="6.568583">
        <ele>927.638263</ele>
        <time>2026-07-27T09:42:18.628Z</time>
      </trkpt>
      <trkpt lat="44.624233" lon="6.568416">
        <ele>927.711197</ele>
        <time>2026-07-27T09:42:21.312Z</time>
      </trkpt>
      <trkpt lat="44.624021" lon="6.567808">
        <ele>927.581086</ele>
        <time>2026-07-27T09:42:28.078Z</time>
      </trkpt>
      <trkpt lat="44.623983" lon="6.567612">
        <ele>927.336620</ele>
        <time>2026-07-27T09:42:29.689Z</time>
      </trkpt>
      <trkpt lat="44.623992" lon="6.567359">
        <ele>926.559007</ele>
        <time>2026-07-27T09:42:31.435Z</time>
      </trkpt>
      <trkpt lat="44.624044" lon="6.567175">
        <ele>925.531561</ele>
        <time>2026-07-27T09:42:32.711Z</time>
      </trkpt>
      <trkpt lat="44.624569" lon="6.566320">
        <ele>918.990126</ele>
        <time>2026-07-27T09:42:39.729Z</time>
      </trkpt>
      <trkpt lat="44.625004" lon="6.565631">
        <ele>917.156972</ele>
        <time>2026-07-27T09:42:46.569Z</time>
      </trkpt>
      <trkpt lat="44.625120" lon="6.565440">
        <ele>917.247777</ele>
        <time>2026-07-27T09:42:51.058Z</time>
      </trkpt>
      <trkpt lat="44.625187" lon="6.565392">
        <ele>917.187138</ele>
        <time>2026-07-27T09:42:52.012Z</time>
      </trkpt>
      <trkpt lat="44.625319" lon="6.565403">
        <ele>916.552838</ele>
        <time>2026-07-27T09:42:53.253Z</time>
      </trkpt>
      <trkpt lat="44.625420" lon="6.565482">
        <ele>915.950989</ele>
        <time>2026-07-27T09:42:54.295Z</time>
      </trkpt>
      <trkpt lat="44.625574" lon="6.565524">
        <ele>915.025858</ele>
        <time>2026-07-27T09:42:55.741Z</time>
      </trkpt>
      <trkpt lat="44.625975" lon="6.565474">
        <ele>913.236617</ele>
        <time>2026-07-27T09:42:59.520Z</time>
      </trkpt>
      <trkpt lat="44.626101" lon="6.565414">
        <ele>913.504455</ele>
        <time>2026-07-27T09:43:01.717Z</time>
      </trkpt>
      <trkpt lat="44.626138" lon="6.565306">
        <ele>914.182180</ele>
        <time>2026-07-27T09:43:05.922Z</time>
      </trkpt>
      <trkpt lat="44.626002" lon="6.564688">
        <ele>919.971484</ele>
        <time>2026-07-27T09:43:38.517Z</time>
      </trkpt>
      <trkpt lat="44.625892" lon="6.563823">
        <ele>927.093258</ele>
        <time>2026-07-27T09:44:16.386Z</time>
      </trkpt>
      <trkpt lat="44.625809" lon="6.563656">
        <ele>928.541543</ele>
        <time>2026-07-27T09:44:24.259Z</time>
      </trkpt>
      <trkpt lat="44.625469" lon="6.563258">
        <ele>932.135118</ele>
        <time>2026-07-27T09:44:45.330Z</time>
      </trkpt>
      <trkpt lat="44.625347" lon="6.562923">
        <ele>933.820057</ele>
        <time>2026-07-27T09:44:56.064Z</time>
      </trkpt>
      <trkpt lat="44.625401" lon="6.562454">
        <ele>935.463046</ele>
        <time>2026-07-27T09:45:07.446Z</time>
      </trkpt>
      <trkpt lat="44.625528" lon="6.562022">
        <ele>936.838821</ele>
        <time>2026-07-27T09:45:17.651Z</time>
      </trkpt>
      <trkpt lat="44.625701" lon="6.561646">
        <ele>938.383969</ele>
        <time>2026-07-27T09:45:28.342Z</time>
      </trkpt>
      <trkpt lat="44.625922" lon="6.561271">
        <ele>940.532740</ele>
        <time>2026-07-27T09:45:42.387Z</time>
      </trkpt>
      <trkpt lat="44.626136" lon="6.560802">
        <ele>943.235272</ele>
        <time>2026-07-27T09:45:59.288Z</time>
      </trkpt>
      <trkpt lat="44.626236" lon="6.560482">
        <ele>944.472746</ele>
        <time>2026-07-27T09:46:07.828Z</time>
      </trkpt>
      <trkpt lat="44.626730" lon="6.559553">
        <ele>947.541898</ele>
        <time>2026-07-27T09:46:33.506Z</time>
      </trkpt>
      <trkpt lat="44.626911" lon="6.559374">
        <ele>946.985233</ele>
        <time>2026-07-27T09:46:35.700Z</time>
      </trkpt>
      <trkpt lat="44.627165" lon="6.559281">
        <ele>945.468181</ele>
        <time>2026-07-27T09:46:38.124Z</time>
      </trkpt>
      <trkpt lat="44.627459" lon="6.559234">
        <ele>942.794829</ele>
        <time>2026-07-27T09:46:40.695Z</time>
      </trkpt>
      <trkpt lat="44.627759" lon="6.559027">
        <ele>939.990715</ele>
        <time>2026-07-27T09:46:43.586Z</time>
      </trkpt>
      <trkpt lat="44.627940" lon="6.558792">
        <ele>939.546784</ele>
        <time>2026-07-27T09:46:46.415Z</time>
      </trkpt>
      <trkpt lat="44.628060" lon="6.558529">
        <ele>940.774132</ele>
        <time>2026-07-27T09:46:55.056Z</time>
      </trkpt>
      <trkpt lat="44.628093" lon="6.558220">
        <ele>942.863014</ele>
        <time>2026-07-27T09:47:07.291Z</time>
      </trkpt>
      <trkpt lat="44.628026" lon="6.557919">
        <ele>945.206669</ele>
        <time>2026-07-27T09:47:20.565Z</time>
      </trkpt>
      <trkpt lat="44.628033" lon="6.557309">
        <ele>948.888901</ele>
        <time>2026-07-27T09:47:42.834Z</time>
      </trkpt>
      <trkpt lat="44.628127" lon="6.556680">
        <ele>950.007158</ele>
        <time>2026-07-27T09:47:54.344Z</time>
      </trkpt>
      <trkpt lat="44.628200" lon="6.555957">
        <ele>947.269027</ele>
        <time>2026-07-27T09:47:59.148Z</time>
      </trkpt>
      <trkpt lat="44.628414" lon="6.555422">
        <ele>943.194072</ele>
        <time>2026-07-27T09:48:02.922Z</time>
      </trkpt>
      <trkpt lat="44.628721" lon="6.554906">
        <ele>938.735771</ele>
        <time>2026-07-27T09:48:07.055Z</time>
      </trkpt>
      <trkpt lat="44.628735" lon="6.554699">
        <ele>938.032276</ele>
        <time>2026-07-27T09:48:08.433Z</time>
      </trkpt>
      <trkpt lat="44.628628" lon="6.554474">
        <ele>938.133844</ele>
        <time>2026-07-27T09:48:11.027Z</time>
      </trkpt>
      <trkpt lat="44.627904" lon="6.553699">
        <ele>943.718374</ele>
        <time>2026-07-27T09:48:51.784Z</time>
      </trkpt>
      <trkpt lat="44.626356" lon="6.552117">
        <ele>928.926780</ele>
        <time>2026-07-27T09:49:08.654Z</time>
      </trkpt>
      <trkpt lat="44.625855" lon="6.552061">
        <ele>925.522539</ele>
        <time>2026-07-27T09:49:13.115Z</time>
      </trkpt>
      <trkpt lat="44.625634" lon="6.551977">
        <ele>925.179246</ele>
        <time>2026-07-27T09:49:16.768Z</time>
      </trkpt>
      <trkpt lat="44.624686" lon="6.551948">
        <ele>926.219947</ele>
        <time>2026-07-27T09:49:34.164Z</time>
      </trkpt>
      <trkpt lat="44.624338" lon="6.552005">
        <ele>928.744168</ele>
        <time>2026-07-27T09:49:49.162Z</time>
      </trkpt>
      <trkpt lat="44.623937" lon="6.552164">
        <ele>934.442102</ele>
        <time>2026-07-27T09:50:19.466Z</time>
      </trkpt>
      <trkpt lat="44.623724" lon="6.552315">
        <ele>938.146654</ele>
        <time>2026-07-27T09:50:38.065Z</time>
      </trkpt>
      <trkpt lat="44.623510" lon="6.552399">
        <ele>941.787049</ele>
        <time>2026-07-27T09:50:56.272Z</time>
      </trkpt>
      <trkpt lat="44.623216" lon="6.552315">
        <ele>945.975197</ele>
        <time>2026-07-27T09:51:20.604Z</time>
      </trkpt>
      <trkpt lat="44.622434" lon="6.551629">
        <ele>954.331147</ele>
        <time>2026-07-27T09:52:06.845Z</time>
      </trkpt>
      <trkpt lat="44.622193" lon="6.551216">
        <ele>954.456144</ele>
        <time>2026-07-27T09:52:12.999Z</time>
      </trkpt>
      <trkpt lat="44.621953" lon="6.550277">
        <ele>948.888914</ele>
        <time>2026-07-27T09:52:19.333Z</time>
      </trkpt>
      <trkpt lat="44.621573" lon="6.549155">
        <ele>933.382454</ele>
        <time>2026-07-27T09:52:26.620Z</time>
      </trkpt>
      <trkpt lat="44.621402" lon="6.548889">
        <ele>926.279977</ele>
        <time>2026-07-27T09:52:28.797Z</time>
      </trkpt>
      <trkpt lat="44.621209" lon="6.548752">
        <ele>924.064416</ele>
        <time>2026-07-27T09:52:31.084Z</time>
      </trkpt>
      <trkpt lat="44.620924" lon="6.548697">
        <ele>925.707399</ele>
        <time>2026-07-27T09:52:43.637Z</time>
      </trkpt>
      <trkpt lat="44.620746" lon="6.548697">
        <ele>927.673388</ele>
        <time>2026-07-27T09:52:53.319Z</time>
      </trkpt>
      <trkpt lat="44.620474" lon="6.548788">
        <ele>931.949463</ele>
        <time>2026-07-27T09:53:15.448Z</time>
      </trkpt>
      <trkpt lat="44.619913" lon="6.548626">
        <ele>943.214489</ele>
        <time>2026-07-27T09:54:09.047Z</time>
      </trkpt>
      <trkpt lat="44.619638" lon="6.548632">
        <ele>949.531498</ele>
        <time>2026-07-27T09:54:38.344Z</time>
      </trkpt>
      <trkpt lat="44.619491" lon="6.548668">
        <ele>952.018970</ele>
        <time>2026-07-27T09:54:52.880Z</time>
      </trkpt>
      <trkpt lat="44.619361" lon="6.548649">
        <ele>952.615425</ele>
        <time>2026-07-27T09:54:58.138Z</time>
      </trkpt>
      <trkpt lat="44.619230" lon="6.548562">
        <ele>950.301403</ele>
        <time>2026-07-27T09:54:59.345Z</time>
      </trkpt>
      <trkpt lat="44.619127" lon="6.548451">
        <ele>947.009415</ele>
        <time>2026-07-27T09:55:00.443Z</time>
      </trkpt>
      <trkpt lat="44.619062" lon="6.548297">
        <ele>944.101486</ele>
        <time>2026-07-27T09:55:01.486Z</time>
      </trkpt>
      <trkpt lat="44.618970" lon="6.548218">
        <ele>941.758668</ele>
        <time>2026-07-27T09:55:02.406Z</time>
      </trkpt>
      <trkpt lat="44.618759" lon="6.548175">
        <ele>938.627180</ele>
        <time>2026-07-27T09:55:04.170Z</time>
      </trkpt>
      <trkpt lat="44.618662" lon="6.548102">
        <ele>937.507656</ele>
        <time>2026-07-27T09:55:05.096Z</time>
      </trkpt>
      <trkpt lat="44.618559" lon="6.547977">
        <ele>936.271637</ele>
        <time>2026-07-27T09:55:06.301Z</time>
      </trkpt>
      <trkpt lat="44.618435" lon="6.547918">
        <ele>935.742045</ele>
        <time>2026-07-27T09:55:07.575Z</time>
      </trkpt>
      <trkpt lat="44.618060" lon="6.547833">
        <ele>934.969610</ele>
        <time>2026-07-27T09:55:11.758Z</time>
      </trkpt>
      <trkpt lat="44.617883" lon="6.547696">
        <ele>935.070796</ele>
        <time>2026-07-27T09:55:15.654Z</time>
      </trkpt>
      <trkpt lat="44.617297" lon="6.547579">
        <ele>935.939661</ele>
        <time>2026-07-27T09:55:29.313Z</time>
      </trkpt>
      <trkpt lat="44.616758" lon="6.547642">
        <ele>931.971372</ele>
        <time>2026-07-27T09:55:34.097Z</time>
      </trkpt>
      <trkpt lat="44.615792" lon="6.547876">
        <ele>924.109821</ele>
        <time>2026-07-27T09:55:42.706Z</time>
      </trkpt>
      <trkpt lat="44.615411" lon="6.547839">
        <ele>922.933180</ele>
        <time>2026-07-27T09:55:46.782Z</time>
      </trkpt>
      <trkpt lat="44.615009" lon="6.547857">
        <ele>922.293990</ele>
        <time>2026-07-27T09:55:51.324Z</time>
      </trkpt>
      <trkpt lat="44.614630" lon="6.547813">
        <ele>922.464564</ele>
        <time>2026-07-27T09:55:57.531Z</time>
      </trkpt>
      <trkpt lat="44.614070" lon="6.547799">
        <ele>923.447228</ele>
        <time>2026-07-27T09:56:10.949Z</time>
      </trkpt>
      <trkpt lat="44.613284" lon="6.547479">
        <ele>923.577388</ele>
        <time>2026-07-27T09:56:22.956Z</time>
      </trkpt>
      <trkpt lat="44.613027" lon="6.547445">
        <ele>923.495701</ele>
        <time>2026-07-27T09:56:26.170Z</time>
      </trkpt>
      <trkpt lat="44.612944" lon="6.547469">
        <ele>923.615475</ele>
        <time>2026-07-27T09:56:27.780Z</time>
      </trkpt>
      <trkpt lat="44.612882" lon="6.547526">
        <ele>923.720206</ele>
        <time>2026-07-27T09:56:29.537Z</time>
      </trkpt>
      <trkpt lat="44.612687" lon="6.547998">
        <ele>925.827581</ele>
        <time>2026-07-27T09:56:41.250Z</time>
      </trkpt>
      <trkpt lat="44.612530" lon="6.548198">
        <ele>928.461449</ele>
        <time>2026-07-27T09:56:58.787Z</time>
      </trkpt>
      <trkpt lat="44.612415" lon="6.548301">
        <ele>930.185588</ele>
        <time>2026-07-27T09:57:08.962Z</time>
      </trkpt>
      <trkpt lat="44.612227" lon="6.548475">
        <ele>930.824504</ele>
        <time>2026-07-27T09:57:13.634Z</time>
      </trkpt>
      <trkpt lat="44.611818" lon="6.548761">
        <ele>929.681130</ele>
        <time>2026-07-27T09:57:18.212Z</time>
      </trkpt>
      <trkpt lat="44.611256" lon="6.549100">
        <ele>930.136374</ele>
        <time>2026-07-27T09:57:29.358Z</time>
      </trkpt>
      <trkpt lat="44.611012" lon="6.549194">
        <ele>931.058798</ele>
        <time>2026-07-27T09:57:37.417Z</time>
      </trkpt>
      <trkpt lat="44.610703" lon="6.549253">
        <ele>932.154042</ele>
        <time>2026-07-27T09:57:45.964Z</time>
      </trkpt>
      <trkpt lat="44.610507" lon="6.549324">
        <ele>932.864090</ele>
        <time>2026-07-27T09:57:53.570Z</time>
      </trkpt>
      <trkpt lat="44.609721" lon="6.549866">
        <ele>933.941725</ele>
        <time>2026-07-27T09:58:08.815Z</time>
      </trkpt>
      <trkpt lat="44.609226" lon="6.550380">
        <ele>937.450368</ele>
        <time>2026-07-27T09:58:31.692Z</time>
      </trkpt>
      <trkpt lat="44.609009" lon="6.550694">
        <ele>941.182543</ele>
        <time>2026-07-27T09:58:52.657Z</time>
      </trkpt>
      <trkpt lat="44.608915" lon="6.550783">
        <ele>942.606090</ele>
        <time>2026-07-27T09:59:00.433Z</time>
      </trkpt>
      <trkpt lat="44.608793" lon="6.550825">
        <ele>943.682261</ele>
        <time>2026-07-27T09:59:07.648Z</time>
      </trkpt>
      <trkpt lat="44.608708" lon="6.550821">
        <ele>944.232360</ele>
        <time>2026-07-27T09:59:10.842Z</time>
      </trkpt>
      <trkpt lat="44.608616" lon="6.550794">
        <ele>944.569767</ele>
        <time>2026-07-27T09:59:12.782Z</time>
      </trkpt>
      <trkpt lat="44.608520" lon="6.550704">
        <ele>944.461161</ele>
        <time>2026-07-27T09:59:14.299Z</time>
      </trkpt>
      <trkpt lat="44.608466" lon="6.550498">
        <ele>943.756221</ele>
        <time>2026-07-27T09:59:15.904Z</time>
      </trkpt>
      <trkpt lat="44.608477" lon="6.550219">
        <ele>941.975306</ele>
        <time>2026-07-27T09:59:17.606Z</time>
      </trkpt>
      <trkpt lat="44.608490" lon="6.550099">
        <ele>940.920859</ele>
        <time>2026-07-27T09:59:18.325Z</time>
      </trkpt>
      <trkpt lat="44.608276" lon="6.548957">
        <ele>931.927176</ele>
        <time>2026-07-27T09:59:25.500Z</time>
      </trkpt>
      <trkpt lat="44.608128" lon="6.548718">
        <ele>930.386983</ele>
        <time>2026-07-27T09:59:27.542Z</time>
      </trkpt>
      <trkpt lat="44.607756" lon="6.548392">
        <ele>929.015325</ele>
        <time>2026-07-27T09:59:31.995Z</time>
      </trkpt>
      <trkpt lat="44.607639" lon="6.548324">
        <ele>928.954400</ele>
        <time>2026-07-27T09:59:34.340Z</time>
      </trkpt>
      <trkpt lat="44.607501" lon="6.548266">
        <ele>929.069161</ele>
        <time>2026-07-27T09:59:37.209Z</time>
      </trkpt>
      <trkpt lat="44.606973" lon="6.548160">
        <ele>929.404044</ele>
        <time>2026-07-27T09:59:46.852Z</time>
      </trkpt>
      <trkpt lat="44.606323" lon="6.547926">
        <ele>928.364690</ele>
        <time>2026-07-27T09:59:54.193Z</time>
      </trkpt>
      <trkpt lat="44.605596" lon="6.547640">
        <ele>930.115307</ele>
        <time>2026-07-27T10:00:13.055Z</time>
      </trkpt>
      <trkpt lat="44.604884" lon="6.547530">
        <ele>931.929607</ele>
        <time>2026-07-27T10:00:31.712Z</time>
      </trkpt>
      <trkpt lat="44.604520" lon="6.547544">
        <ele>931.959355</ele>
        <time>2026-07-27T10:00:36.684Z</time>
      </trkpt>
      <trkpt lat="44.604065" lon="6.547664">
        <ele>931.553867</ele>
        <time>2026-07-27T10:00:42.027Z</time>
      </trkpt>
      <trkpt lat="44.603684" lon="6.547609">
        <ele>933.458400</ele>
        <time>2026-07-27T10:00:55.648Z</time>
      </trkpt>
      <trkpt lat="44.603522" lon="6.547547">
        <ele>934.210277</ele>
        <time>2026-07-27T10:01:04.172Z</time>
      </trkpt>
      <trkpt lat="44.603145" lon="6.547099">
        <ele>933.999078</ele>
        <time>2026-07-27T10:01:09.580Z</time>
      </trkpt>
      <trkpt lat="44.602685" lon="6.546717">
        <ele>934.641388</ele>
        <time>2026-07-27T10:01:22.423Z</time>
      </trkpt>
      <trkpt lat="44.602500" lon="6.546449">
        <ele>933.048263</ele>
        <time>2026-07-27T10:01:24.822Z</time>
      </trkpt>
      <trkpt lat="44.602412" lon="6.546274">
        <ele>931.723091</ele>
        <time>2026-07-27T10:01:26.125Z</time>
      </trkpt>
      <trkpt lat="44.602155" lon="6.545607">
        <ele>928.432077</ele>
        <time>2026-07-27T10:01:31.066Z</time>
      </trkpt>
      <trkpt lat="44.601871" lon="6.545099">
        <ele>926.596011</ele>
        <time>2026-07-27T10:01:35.608Z</time>
      </trkpt>
      <trkpt lat="44.601735" lon="6.544779">
        <ele>925.485315</ele>
        <time>2026-07-27T10:01:38.233Z</time>
      </trkpt>
      <trkpt lat="44.601551" lon="6.544468">
        <ele>923.846667</ele>
        <time>2026-07-27T10:01:40.872Z</time>
      </trkpt>
      <trkpt lat="44.601503" lon="6.544353">
        <ele>923.174636</ele>
        <time>2026-07-27T10:01:41.729Z</time>
      </trkpt>
      <trkpt lat="44.601483" lon="6.543905">
        <ele>920.743141</ele>
        <time>2026-07-27T10:01:44.575Z</time>
      </trkpt>
      <trkpt lat="44.601285" lon="6.543414">
        <ele>917.349691</ele>
        <time>2026-07-27T10:01:48.073Z</time>
      </trkpt>
      <trkpt lat="44.601117" lon="6.543120">
        <ele>915.345430</ele>
        <time>2026-07-27T10:01:50.451Z</time>
      </trkpt>
      <trkpt lat="44.600905" lon="6.542842">
        <ele>913.954487</ele>
        <time>2026-07-27T10:01:53.218Z</time>
      </trkpt>
      <trkpt lat="44.600681" lon="6.542551">
        <ele>913.589555</ele>
        <time>2026-07-27T10:01:57.966Z</time>
      </trkpt>
      <trkpt lat="44.600573" lon="6.542436">
        <ele>913.155293</ele>
        <time>2026-07-27T10:01:59.231Z</time>
      </trkpt>
      <trkpt lat="44.600423" lon="6.542374">
        <ele>912.192099</ele>
        <time>2026-07-27T10:02:00.662Z</time>
      </trkpt>
      <trkpt lat="44.600338" lon="6.542334">
        <ele>911.643983</ele>
        <time>2026-07-27T10:02:01.479Z</time>
      </trkpt>
      <trkpt lat="44.600006" lon="6.542168">
        <ele>909.761488</ele>
        <time>2026-07-27T10:02:04.752Z</time>
      </trkpt>
      <trkpt lat="44.599562" lon="6.541728">
        <ele>907.506872</ele>
        <time>2026-07-27T10:02:10.001Z</time>
      </trkpt>
      <trkpt lat="44.599359" lon="6.541619">
        <ele>907.342989</ele>
        <time>2026-07-27T10:02:12.549Z</time>
      </trkpt>
      <trkpt lat="44.598761" lon="6.541332">
        <ele>911.052073</ele>
        <time>2026-07-27T10:02:38.362Z</time>
      </trkpt>
      <trkpt lat="44.598606" lon="6.541226">
        <ele>911.580015</ele>
        <time>2026-07-27T10:02:43.070Z</time>
      </trkpt>
      <trkpt lat="44.598461" lon="6.541049">
        <ele>911.478909</ele>
        <time>2026-07-27T10:02:46.524Z</time>
      </trkpt>
      <trkpt lat="44.597836" lon="6.540020">
        <ele>908.468270</ele>
        <time>2026-07-27T10:02:56.134Z</time>
      </trkpt>
      <trkpt lat="44.597731" lon="6.539887">
        <ele>908.045132</ele>
        <time>2026-07-27T10:02:57.532Z</time>
      </trkpt>
      <trkpt lat="44.597666" lon="6.539823">
        <ele>907.847416</ele>
        <time>2026-07-27T10:02:58.368Z</time>
      </trkpt>
      <trkpt lat="44.597400" lon="6.539562">
        <ele>907.942785</ele>
        <time>2026-07-27T10:03:02.737Z</time>
      </trkpt>
      <trkpt lat="44.597308" lon="6.539527">
        <ele>908.537680</ele>
        <time>2026-07-27T10:03:07.061Z</time>
      </trkpt>
      <trkpt lat="44.596923" lon="6.539554">
        <ele>911.476360</ele>
        <time>2026-07-27T10:03:26.444Z</time>
      </trkpt>
      <trkpt lat="44.596803" lon="6.539462">
        <ele>912.269999</ele>
        <time>2026-07-27T10:03:31.039Z</time>
      </trkpt>
      <trkpt lat="44.596761" lon="6.539370">
        <ele>912.419558</ele>
        <time>2026-07-27T10:03:32.936Z</time>
      </trkpt>
      <trkpt lat="44.596700" lon="6.539016">
        <ele>911.902091</ele>
        <time>2026-07-27T10:03:36.489Z</time>
      </trkpt>
      <trkpt lat="44.596622" lon="6.538154">
        <ele>907.414745</ele>
        <time>2026-07-27T10:03:41.922Z</time>
      </trkpt>
      <trkpt lat="44.596581" lon="6.537978">
        <ele>906.607311</ele>
        <time>2026-07-27T10:03:43.125Z</time>
      </trkpt>
      <trkpt lat="44.596507" lon="6.537820">
        <ele>906.014912</ele>
        <time>2026-07-27T10:03:44.434Z</time>
      </trkpt>
      <trkpt lat="44.596403" lon="6.537719">
        <ele>905.611312</ele>
        <time>2026-07-27T10:03:45.754Z</time>
      </trkpt>
      <trkpt lat="44.596073" lon="6.537567">
        <ele>905.700886</ele>
        <time>2026-07-27T10:03:50.513Z</time>
      </trkpt>
      <trkpt lat="44.595704" lon="6.537308">
        <ele>907.475401</ele>
        <time>2026-07-27T10:04:05.089Z</time>
      </trkpt>
      <trkpt lat="44.595433" lon="6.537195">
        <ele>908.599195</ele>
        <time>2026-07-27T10:04:14.475Z</time>
      </trkpt>
      <trkpt lat="44.594932" lon="6.537184">
        <ele>908.961868</ele>
        <time>2026-07-27T10:04:23.723Z</time>
      </trkpt>
      <trkpt lat="44.594779" lon="6.537147">
        <ele>908.131916</ele>
        <time>2026-07-27T10:04:25.126Z</time>
      </trkpt>
      <trkpt lat="44.594288" lon="6.536910">
        <ele>904.558982</ele>
        <time>2026-07-27T10:04:29.725Z</time>
      </trkpt>
      <trkpt lat="44.594095" lon="6.536845">
        <ele>904.837230</ele>
        <time>2026-07-27T10:04:32.767Z</time>
      </trkpt>
      <trkpt lat="44.593517" lon="6.536598">
        <ele>911.215046</ele>
        <time>2026-07-27T10:05:10.209Z</time>
      </trkpt>
      <trkpt lat="44.593049" lon="6.536499">
        <ele>915.911747</ele>
        <time>2026-07-27T10:05:36.378Z</time>
      </trkpt>
      <trkpt lat="44.592920" lon="6.536439">
        <ele>916.987368</ele>
        <time>2026-07-27T10:05:42.372Z</time>
      </trkpt>
      <trkpt lat="44.592288" lon="6.535971">
        <ele>919.905908</ele>
        <time>2026-07-27T10:06:04.594Z</time>
      </trkpt>
      <trkpt lat="44.591984" lon="6.535623">
        <ele>920.997947</ele>
        <time>2026-07-27T10:06:13.782Z</time>
      </trkpt>
      <trkpt lat="44.591758" lon="6.535506">
        <ele>922.826778</ele>
        <time>2026-07-27T10:06:25.754Z</time>
      </trkpt>
      <trkpt lat="44.591312" lon="6.535260">
        <ele>925.887791</ele>
        <time>2026-07-27T10:06:45.364Z</time>
      </trkpt>
      <trkpt lat="44.591113" lon="6.535289">
        <ele>926.726161</ele>
        <time>2026-07-27T10:06:51.458Z</time>
      </trkpt>
      <trkpt lat="44.590987" lon="6.535273">
        <ele>926.923697</ele>
        <time>2026-07-27T10:06:54.455Z</time>
      </trkpt>
      <trkpt lat="44.589764" lon="6.534521">
        <ele>926.353822</ele>
        <time>2026-07-27T10:07:12.029Z</time>
      </trkpt>
      <trkpt lat="44.589448" lon="6.534257">
        <ele>925.960972</ele>
        <time>2026-07-27T10:07:16.343Z</time>
      </trkpt>
      <trkpt lat="44.588981" lon="6.534119">
        <ele>926.007784</ele>
        <time>2026-07-27T10:07:23.602Z</time>
      </trkpt>
      <trkpt lat="44.588750" lon="6.534010">
        <ele>926.684066</ele>
        <time>2026-07-27T10:07:29.108Z</time>
      </trkpt>
      <trkpt lat="44.588312" lon="6.533738">
        <ele>929.362491</ele>
        <time>2026-07-27T10:07:47.517Z</time>
      </trkpt>
      <trkpt lat="44.587708" lon="6.533563">
        <ele>934.412587</ele>
        <time>2026-07-27T10:08:18.186Z</time>
      </trkpt>
      <trkpt lat="44.587407" lon="6.533340">
        <ele>935.442721</ele>
        <time>2026-07-27T10:08:30.097Z</time>
      </trkpt>
      <trkpt lat="44.587349" lon="6.533266">
        <ele>934.761414</ele>
        <time>2026-07-27T10:08:30.762Z</time>
      </trkpt>
      <trkpt lat="44.587278" lon="6.532935">
        <ele>930.125440</ele>
        <time>2026-07-27T10:08:32.775Z</time>
      </trkpt>
      <trkpt lat="44.587187" lon="6.532766">
        <ele>927.970211</ele>
        <time>2026-07-27T10:08:34.053Z</time>
      </trkpt>
      <trkpt lat="44.586920" lon="6.532519">
        <ele>925.882777</ele>
        <time>2026-07-27T10:08:36.990Z</time>
      </trkpt>
      <trkpt lat="44.586228" lon="6.532026">
        <ele>922.230039</ele>
        <time>2026-07-27T10:08:44.364Z</time>
      </trkpt>
      <trkpt lat="44.585979" lon="6.531880">
        <ele>921.588647</ele>
        <time>2026-07-27T10:08:47.352Z</time>
      </trkpt>
      <trkpt lat="44.585628" lon="6.531500">
        <ele>920.617387</ele>
        <time>2026-07-27T10:08:52.111Z</time>
      </trkpt>
      <trkpt lat="44.585219" lon="6.530795">
        <ele>919.536043</ele>
        <time>2026-07-27T10:08:59.398Z</time>
      </trkpt>
      <trkpt lat="44.585131" lon="6.530704">
        <ele>919.504816</ele>
        <time>2026-07-27T10:09:00.681Z</time>
      </trkpt>
      <trkpt lat="44.584494" lon="6.530288">
        <ele>919.583581</ele>
        <time>2026-07-27T10:09:12.712Z</time>
      </trkpt>
      <trkpt lat="44.584338" lon="6.530176">
        <ele>919.299897</ele>
        <time>2026-07-27T10:09:14.480Z</time>
      </trkpt>
      <trkpt lat="44.583774" lon="6.529747">
        <ele>918.248662</ele>
        <time>2026-07-27T10:09:21.879Z</time>
      </trkpt>
      <trkpt lat="44.583338" lon="6.529301">
        <ele>917.943364</ele>
        <time>2026-07-27T10:09:29.349Z</time>
      </trkpt>
      <trkpt lat="44.583008" lon="6.528975">
        <ele>916.992606</ele>
        <time>2026-07-27T10:09:33.489Z</time>
      </trkpt>
      <trkpt lat="44.582465" lon="6.528734">
        <ele>915.956627</ele>
        <time>2026-07-27T10:09:40.090Z</time>
      </trkpt>
      <trkpt lat="44.582157" lon="6.528631">
        <ele>914.746694</ele>
        <time>2026-07-27T10:09:43.130Z</time>
      </trkpt>
      <trkpt lat="44.581902" lon="6.528599">
        <ele>914.393878</ele>
        <time>2026-07-27T10:09:45.978Z</time>
      </trkpt>
      <trkpt lat="44.581565" lon="6.528609">
        <ele>915.059435</ele>
        <time>2026-07-27T10:09:54.043Z</time>
      </trkpt>
      <trkpt lat="44.581073" lon="6.528784">
        <ele>918.387604</ele>
        <time>2026-07-27T10:10:14.076Z</time>
      </trkpt>
      <trkpt lat="44.581035" lon="6.528797">
        <ele>918.992567</ele>
        <time>2026-07-27T10:10:16.595Z</time>
      </trkpt>
      <trkpt lat="44.580871" lon="6.528858">
        <ele>921.597835</ele>
        <time>2026-07-27T10:10:31.891Z</time>
      </trkpt>
      <trkpt lat="44.580841" lon="6.528870">
        <ele>922.024147</ele>
        <time>2026-07-27T10:10:34.729Z</time>
      </trkpt>
      <trkpt lat="44.580680" lon="6.528842">
        <ele>924.241279</ele>
        <time>2026-07-27T10:10:46.720Z</time>
      </trkpt>
      <trkpt lat="44.580260" lon="6.528595">
        <ele>926.769391</ele>
        <time>2026-07-27T10:11:02.256Z</time>
      </trkpt>
      <trkpt lat="44.579889" lon="6.528281">
        <ele>928.480328</ele>
        <time>2026-07-27T10:11:15.386Z</time>
      </trkpt>
      <trkpt lat="44.579758" lon="6.528118">
        <ele>929.006565</ele>
        <time>2026-07-27T10:11:20.243Z</time>
      </trkpt>
      <trkpt lat="44.579539" lon="6.527738">
        <ele>929.469475</ele>
        <time>2026-07-27T10:11:27.804Z</time>
      </trkpt>
      <trkpt lat="44.579065" lon="6.527183">
        <ele>927.767724</ele>
        <time>2026-07-27T10:11:34.120Z</time>
      </trkpt>
      <trkpt lat="44.578873" lon="6.526911">
        <ele>926.725027</ele>
        <time>2026-07-27T10:11:36.807Z</time>
      </trkpt>
      <trkpt lat="44.578698" lon="6.526728">
        <ele>926.061865</ele>
        <time>2026-07-27T10:11:38.942Z</time>
      </trkpt>
      <trkpt lat="44.578416" lon="6.526527">
        <ele>926.078693</ele>
        <time>2026-07-27T10:11:44.366Z</time>
      </trkpt>
      <trkpt lat="44.578066" lon="6.526266">
        <ele>926.259318</ele>
        <time>2026-07-27T10:11:50.874Z</time>
      </trkpt>
      <trkpt lat="44.576581" lon="6.525582">
        <ele>927.601768</ele>
        <time>2026-07-27T10:12:21.132Z</time>
      </trkpt>
      <trkpt lat="44.576207" lon="6.525364">
        <ele>924.914948</ele>
        <time>2026-07-27T10:12:24.748Z</time>
      </trkpt>
      <trkpt lat="44.576072" lon="6.525255">
        <ele>923.461822</ele>
        <time>2026-07-27T10:12:26.081Z</time>
      </trkpt>
      <trkpt lat="44.575648" lon="6.524705">
        <ele>918.686874</ele>
        <time>2026-07-27T10:12:31.143Z</time>
      </trkpt>
      <trkpt lat="44.575435" lon="6.524610">
        <ele>917.665714</ele>
        <time>2026-07-27T10:12:33.255Z</time>
      </trkpt>
      <trkpt lat="44.575186" lon="6.524581">
        <ele>917.519529</ele>
        <time>2026-07-27T10:12:37.242Z</time>
      </trkpt>
      <trkpt lat="44.574924" lon="6.524532">
        <ele>917.773329</ele>
        <time>2026-07-27T10:12:41.937Z</time>
      </trkpt>
      <trkpt lat="44.574773" lon="6.524452">
        <ele>917.646932</ele>
        <time>2026-07-27T10:12:45.923Z</time>
      </trkpt>
      <trkpt lat="44.574604" lon="6.524311">
        <ele>916.353834</ele>
        <time>2026-07-27T10:12:47.749Z</time>
      </trkpt>
      <trkpt lat="44.574028" lon="6.523598">
        <ele>902.459149</ele>
        <time>2026-07-27T10:12:54.035Z</time>
      </trkpt>
      <trkpt lat="44.573860" lon="6.523454">
        <ele>899.359380</ele>
        <time>2026-07-27T10:12:55.659Z</time>
      </trkpt>
      <trkpt lat="44.573756" lon="6.523427">
        <ele>897.900991</ele>
        <time>2026-07-27T10:12:56.552Z</time>
      </trkpt>
      <trkpt lat="44.573649" lon="6.523446">
        <ele>896.912362</ele>
        <time>2026-07-27T10:12:57.484Z</time>
      </trkpt>
      <trkpt lat="44.573552" lon="6.523511">
        <ele>896.008674</ele>
        <time>2026-07-27T10:12:58.442Z</time>
      </trkpt>
      <trkpt lat="44.573320" lon="6.523808">
        <ele>894.277310</ele>
        <time>2026-07-27T10:13:01.353Z</time>
      </trkpt>
      <trkpt lat="44.573219" lon="6.523882">
        <ele>893.787804</ele>
        <time>2026-07-27T10:13:02.462Z</time>
      </trkpt>
      <trkpt lat="44.573001" lon="6.523898">
        <ele>893.075678</ele>
        <time>2026-07-27T10:13:04.705Z</time>
      </trkpt>
      <trkpt lat="44.572886" lon="6.523832">
        <ele>892.498046</ele>
        <time>2026-07-27T10:13:05.976Z</time>
      </trkpt>
      <trkpt lat="44.572797" lon="6.523737">
        <ele>891.839649</ele>
        <time>2026-07-27T10:13:07.013Z</time>
      </trkpt>
      <trkpt lat="44.572286" lon="6.523103">
        <ele>884.953892</ele>
        <time>2026-07-27T10:13:12.848Z</time>
      </trkpt>
      <trkpt lat="44.572148" lon="6.523042">
        <ele>884.217185</ele>
        <time>2026-07-27T10:13:14.145Z</time>
      </trkpt>
      <trkpt lat="44.571981" lon="6.522993">
        <ele>883.840880</ele>
        <time>2026-07-27T10:13:16.625Z</time>
      </trkpt>
      <trkpt lat="44.571442" lon="6.522919">
        <ele>884.153869</ele>
        <time>2026-07-27T10:13:26.404Z</time>
      </trkpt>
      <trkpt lat="44.570038" lon="6.522772">
        <ele>884.071115</ele>
        <time>2026-07-27T10:13:46.478Z</time>
      </trkpt>
      <trkpt lat="44.569396" lon="6.522447">
        <ele>885.037929</ele>
        <time>2026-07-27T10:14:01.576Z</time>
      </trkpt>
      <trkpt lat="44.568599" lon="6.522026">
        <ele>879.944821</ele>
        <time>2026-07-27T10:14:09.334Z</time>
      </trkpt>
      <trkpt lat="44.567474" lon="6.521359">
        <ele>873.290305</ele>
        <time>2026-07-27T10:14:20.725Z</time>
      </trkpt>
      <trkpt lat="44.567244" lon="6.521225">
        <ele>871.824334</ele>
        <time>2026-07-27T10:14:23.030Z</time>
      </trkpt>
      <trkpt lat="44.567133" lon="6.521193">
        <ele>871.057815</ele>
        <time>2026-07-27T10:14:24.061Z</time>
      </trkpt>
      <trkpt lat="44.567001" lon="6.521203">
        <ele>869.822389</ele>
        <time>2026-07-27T10:14:25.209Z</time>
      </trkpt>
      <trkpt lat="44.566826" lon="6.521297">
        <ele>867.542849</ele>
        <time>2026-07-27T10:14:26.798Z</time>
      </trkpt>
      <trkpt lat="44.566125" lon="6.521742">
        <ele>855.267130</ele>
        <time>2026-07-27T10:14:33.138Z</time>
      </trkpt>
      <trkpt lat="44.565841" lon="6.521967">
        <ele>851.524961</ele>
        <time>2026-07-27T10:14:35.905Z</time>
      </trkpt>
      <trkpt lat="44.565625" lon="6.522258">
        <ele>850.541493</ele>
        <time>2026-07-27T10:14:39.051Z</time>
      </trkpt>
      <trkpt lat="44.565518" lon="6.522464">
        <ele>850.246778</ele>
        <time>2026-07-27T10:14:41.150Z</time>
      </trkpt>
      <trkpt lat="44.565226" lon="6.523000">
        <ele>850.042102</ele>
        <time>2026-07-27T10:14:47.369Z</time>
      </trkpt>
      <trkpt lat="44.565084" lon="6.523179">
        <ele>850.195493</ele>
        <time>2026-07-27T10:14:51.726Z</time>
      </trkpt>
      <trkpt lat="44.565017" lon="6.523220">
        <ele>850.195962</ele>
        <time>2026-07-27T10:14:53.369Z</time>
      </trkpt>
      <trkpt lat="44.564882" lon="6.523224">
        <ele>850.117303</ele>
        <time>2026-07-27T10:14:54.892Z</time>
      </trkpt>
      <trkpt lat="44.564761" lon="6.523096">
        <ele>849.716285</ele>
        <time>2026-07-27T10:14:56.332Z</time>
      </trkpt>
      <trkpt lat="44.564699" lon="6.523000">
        <ele>849.845793</ele>
        <time>2026-07-27T10:14:57.724Z</time>
      </trkpt>
      <trkpt lat="44.564623" lon="6.522871">
        <ele>850.440461</ele>
        <time>2026-07-27T10:15:02.306Z</time>
      </trkpt>
      <trkpt lat="44.564556" lon="6.522748">
        <ele>851.120138</ele>
        <time>2026-07-27T10:15:07.914Z</time>
      </trkpt>
      <trkpt lat="44.564446" lon="6.522488">
        <ele>852.370874</ele>
        <time>2026-07-27T10:15:17.725Z</time>
      </trkpt>
      <trkpt lat="44.564416" lon="6.522311">
        <ele>852.325737</ele>
        <time>2026-07-27T10:15:19.429Z</time>
      </trkpt>
      <trkpt lat="44.564380" lon="6.521017">
        <ele>846.334247</ele>
        <time>2026-07-27T10:15:27.743Z</time>
      </trkpt>
      <trkpt lat="44.564248" lon="6.520517">
        <ele>842.259946</ele>
        <time>2026-07-27T10:15:30.982Z</time>
      </trkpt>
      <trkpt lat="44.563664" lon="6.518875">
        <ele>827.039350</ele>
        <time>2026-07-27T10:15:42.059Z</time>
      </trkpt>
      <trkpt lat="44.563553" lon="6.518614">
        <ele>825.031989</ele>
        <time>2026-07-27T10:15:43.936Z</time>
      </trkpt>
      <trkpt lat="44.563467" lon="6.518445">
        <ele>823.910983</ele>
        <time>2026-07-27T10:15:45.263Z</time>
      </trkpt>
      <trkpt lat="44.562878" lon="6.517592">
        <ele>821.026882</ele>
        <time>2026-07-27T10:15:53.671Z</time>
      </trkpt>
      <trkpt lat="44.562703" lon="6.517261">
        <ele>820.931107</ele>
        <time>2026-07-27T10:15:59.747Z</time>
      </trkpt>
      <trkpt lat="44.562683" lon="6.517203">
        <ele>820.550790</ele>
        <time>2026-07-27T10:16:00.227Z</time>
      </trkpt>
      <trkpt lat="44.561937" lon="6.514201">
        <ele>801.779077</ele>
        <time>2026-07-27T10:16:20.059Z</time>
      </trkpt>
      <trkpt lat="44.561878" lon="6.514055">
        <ele>800.869880</ele>
        <time>2026-07-27T10:16:21.134Z</time>
      </trkpt>
      <trkpt lat="44.561743" lon="6.513843">
        <ele>799.762217</ele>
        <time>2026-07-27T10:16:22.996Z</time>
      </trkpt>
      <trkpt lat="44.561360" lon="6.513511">
        <ele>798.569982</ele>
        <time>2026-07-27T10:16:27.761Z</time>
      </trkpt>
      <trkpt lat="44.560889" lon="6.513069">
        <ele>798.078531</ele>
        <time>2026-07-27T10:16:34.711Z</time>
      </trkpt>
      <trkpt lat="44.560680" lon="6.512762">
        <ele>798.110551</ele>
        <time>2026-07-27T10:16:39.976Z</time>
      </trkpt>
      <trkpt lat="44.560812" lon="6.512566">
        <ele>797.782052</ele>
        <time>2026-07-27T10:16:42.361Z</time>
      </trkpt>
      <trkpt lat="44.561227" lon="6.512097">
        <ele>795.424370</ele>
        <time>2026-07-27T10:16:57.086Z</time>
      </trkpt>
      <trkpt lat="44.561282" lon="6.512004">
        <ele>795.168538</ele>
        <time>2026-07-27T10:16:57.922Z</time>
      </trkpt>
      <trkpt lat="44.561275" lon="6.511855">
        <ele>794.939592</ele>
        <time>2026-07-27T10:16:59.047Z</time>
      </trkpt>
      <trkpt lat="44.561147" lon="6.511561">
        <ele>794.814221</ele>
        <time>2026-07-27T10:17:02.559Z</time>
      </trkpt>
      <trkpt lat="44.561020" lon="6.511110">
        <ele>794.934767</ele>
        <time>2026-07-27T10:17:08.248Z</time>
      </trkpt>
      <trkpt lat="44.560898" lon="6.510425">
        <ele>795.327849</ele>
        <time>2026-07-27T10:17:17.157Z</time>
      </trkpt>
      <trkpt lat="44.560887" lon="6.510367">
        <ele>795.370641</ele>
        <time>2026-07-27T10:17:17.944Z</time>
      </trkpt>
      <trkpt lat="44.560891" lon="6.510225">
        <ele>795.557787</ele>
        <time>2026-07-27T10:17:20.124Z</time>
      </trkpt>
      <trkpt lat="44.561000" lon="6.509926">
        <ele>796.167050</ele>
        <time>2026-07-27T10:17:26.738Z</time>
      </trkpt>
      <trkpt lat="44.561566" lon="6.509251">
        <ele>798.032565</ele>
        <time>2026-07-27T10:17:44.781Z</time>
      </trkpt>
      <trkpt lat="44.561747" lon="6.508980">
        <ele>798.791235</ele>
        <time>2026-07-27T10:17:51.948Z</time>
      </trkpt>
      <trkpt lat="44.562189" lon="6.508203">
        <ele>800.792738</ele>
        <time>2026-07-27T10:18:10.302Z</time>
      </trkpt>
      <trkpt lat="44.562456" lon="6.507895">
        <ele>801.728342</ele>
        <time>2026-07-27T10:18:19.033Z</time>
      </trkpt>
      <trkpt lat="44.562959" lon="6.507501">
        <ele>803.392626</ele>
        <time>2026-07-27T10:18:34.443Z</time>
      </trkpt>
      <trkpt lat="44.563173" lon="6.507307">
        <ele>804.006278</ele>
        <time>2026-07-27T10:18:41.097Z</time>
      </trkpt>
      <trkpt lat="44.563505" lon="6.507021">
        <ele>804.404121</ele>
        <time>2026-07-27T10:18:47.834Z</time>
      </trkpt>
      <trkpt lat="44.563924" lon="6.506636">
        <ele>806.076441</ele>
        <time>2026-07-27T10:19:01.980Z</time>
      </trkpt>
      <trkpt lat="44.564563" lon="6.506147">
        <ele>809.767468</ele>
        <time>2026-07-27T10:19:27.755Z</time>
      </trkpt>
      <trkpt lat="44.565017" lon="6.505667">
        <ele>812.586082</ele>
        <time>2026-07-27T10:19:47.382Z</time>
      </trkpt>
      <trkpt lat="44.565165" lon="6.505552">
        <ele>813.741000</ele>
        <time>2026-07-27T10:19:54.413Z</time>
      </trkpt>
      <trkpt lat="44.565358" lon="6.505493">
        <ele>815.303593</ele>
        <time>2026-07-27T10:20:03.329Z</time>
      </trkpt>
      <trkpt lat="44.566517" lon="6.505308">
        <ele>826.202164</ele>
        <time>2026-07-27T10:21:05.161Z</time>
      </trkpt>
      <trkpt lat="44.567431" lon="6.505003">
        <ele>835.156175</ele>
        <time>2026-07-27T10:21:54.784Z</time>
      </trkpt>
      <trkpt lat="44.567516" lon="6.504921">
        <ele>836.448505</ele>
        <time>2026-07-27T10:22:00.836Z</time>
      </trkpt>
      <trkpt lat="44.567528" lon="6.504810">
        <ele>837.517415</ele>
        <time>2026-07-27T10:22:07.085Z</time>
      </trkpt>
      <trkpt lat="44.567519" lon="6.504768">
        <ele>837.934986</ele>
        <time>2026-07-27T10:22:09.703Z</time>
      </trkpt>
      <trkpt lat="44.567462" lon="6.504716">
        <ele>838.501697</ele>
        <time>2026-07-27T10:22:14.667Z</time>
      </trkpt>
      <trkpt lat="44.567407" lon="6.504711">
        <ele>838.679264</ele>
        <time>2026-07-27T10:22:17.347Z</time>
      </trkpt>
      <trkpt lat="44.567132" lon="6.504813">
        <ele>838.661150</ele>
        <time>2026-07-27T10:22:20.275Z</time>
      </trkpt>
      <trkpt lat="44.566964" lon="6.504834">
        <ele>838.108867</ele>
        <time>2026-07-27T10:22:21.961Z</time>
      </trkpt>
      <trkpt lat="44.566786" lon="6.504830">
        <ele>837.506927</ele>
        <time>2026-07-27T10:22:23.786Z</time>
      </trkpt>
      <trkpt lat="44.566614" lon="6.504778">
        <ele>836.942190</ele>
        <time>2026-07-27T10:22:25.546Z</time>
      </trkpt>
      <trkpt lat="44.566062" lon="6.504421">
        <ele>836.533881</ele>
        <time>2026-07-27T10:22:32.231Z</time>
      </trkpt>
      <trkpt lat="44.566030" lon="6.504382">
        <ele>836.678667</ele>
        <time>2026-07-27T10:22:34.511Z</time>
      </trkpt>
      <trkpt lat="44.566013" lon="6.504292">
        <ele>837.320264</ele>
        <time>2026-07-27T10:22:40.086Z</time>
      </trkpt>
      <trkpt lat="44.566042" lon="6.504208">
        <ele>838.263039</ele>
        <time>2026-07-27T10:22:46.695Z</time>
      </trkpt>
      <trkpt lat="44.566100" lon="6.504181">
        <ele>839.129333</ele>
        <time>2026-07-27T10:22:52.003Z</time>
      </trkpt>
      <trkpt lat="44.566345" lon="6.504361">
        <ele>841.366362</ele>
        <time>2026-07-27T10:23:02.617Z</time>
      </trkpt>
      <trkpt lat="44.566468" lon="6.504389">
        <ele>842.795732</ele>
        <time>2026-07-27T10:23:08.390Z</time>
      </trkpt>
      <trkpt lat="44.566604" lon="6.504343">
        <ele>844.706886</ele>
        <time>2026-07-27T10:23:19.398Z</time>
      </trkpt>
      <trkpt lat="44.566669" lon="6.504273">
        <ele>846.334439</ele>
        <time>2026-07-27T10:23:27.450Z</time>
      </trkpt>
      <trkpt lat="44.566878" lon="6.503743">
        <ele>854.777170</ele>
        <time>2026-07-27T10:24:11.121Z</time>
      </trkpt>
      <trkpt lat="44.566980" lon="6.503398">
        <ele>858.089024</ele>
        <time>2026-07-27T10:24:27.460Z</time>
      </trkpt>
      <trkpt lat="44.567074" lon="6.502674">
        <ele>861.473030</ele>
        <time>2026-07-27T10:24:47.730Z</time>
      </trkpt>
      <trkpt lat="44.567081" lon="6.502571">
        <ele>861.793399</ele>
        <time>2026-07-27T10:24:50.223Z</time>
      </trkpt>
      <trkpt lat="44.567034" lon="6.502039">
        <ele>863.161170</ele>
        <time>2026-07-27T10:25:01.171Z</time>
      </trkpt>
      <trkpt lat="44.566928" lon="6.501397">
        <ele>864.264324</ele>
        <time>2026-07-27T10:25:12.082Z</time>
      </trkpt>
      <trkpt lat="44.566804" lon="6.500910">
        <ele>865.620951</ele>
        <time>2026-07-27T10:25:23.806Z</time>
      </trkpt>
      <trkpt lat="44.566665" lon="6.499977">
        <ele>867.357532</ele>
        <time>2026-07-27T10:25:40.744Z</time>
      </trkpt>
      <trkpt lat="44.566546" lon="6.498878">
        <ele>868.694410</ele>
        <time>2026-07-27T10:25:57.573Z</time>
      </trkpt>
      <trkpt lat="44.566497" lon="6.498236">
        <ele>869.347957</ele>
        <time>2026-07-27T10:26:07.282Z</time>
      </trkpt>
      <trkpt lat="44.566536" lon="6.498089">
        <ele>869.425634</ele>
        <time>2026-07-27T10:26:09.698Z</time>
      </trkpt>
      <trkpt lat="44.566248" lon="6.497763">
        <ele>869.117761</ele>
        <time>2026-07-27T10:26:13.687Z</time>
      </trkpt>
      <trkpt lat="44.566249" lon="6.497711">
        <ele>869.158371</ele>
        <time>2026-07-27T10:26:14.545Z</time>
      </trkpt>
      <trkpt lat="44.566192" lon="6.497630">
        <ele>869.247252</ele>
        <time>2026-07-27T10:26:16.953Z</time>
      </trkpt>
      <trkpt lat="44.566155" lon="6.497631">
        <ele>869.343387</ele>
        <time>2026-07-27T10:26:18.163Z</time>
      </trkpt>
      <trkpt lat="44.566014" lon="6.497529">
        <ele>869.843115</ele>
        <time>2026-07-27T10:26:22.542Z</time>
      </trkpt>
      <trkpt lat="44.565930" lon="6.497448">
        <ele>870.123886</ele>
        <time>2026-07-27T10:26:25.122Z</time>
      </trkpt>
      <trkpt lat="44.565681" lon="6.497210">
        <ele>870.858323</ele>
        <time>2026-07-27T10:26:32.559Z</time>
      </trkpt>
      <trkpt lat="44.565575" lon="6.497056">
        <ele>871.120185</ele>
        <time>2026-07-27T10:26:35.941Z</time>
      </trkpt>
      <trkpt lat="44.565517" lon="6.496709">
        <ele>871.293879</ele>
        <time>2026-07-27T10:26:40.164Z</time>
      </trkpt>
      <trkpt lat="44.565512" lon="6.496619">
        <ele>871.315247</ele>
        <time>2026-07-27T10:26:41.249Z</time>
      </trkpt>
      <trkpt lat="44.565471" lon="6.496089">
        <ele>871.347683</ele>
        <time>2026-07-27T10:26:47.808Z</time>
      </trkpt>
      <trkpt lat="44.565454" lon="6.495920">
        <ele>871.210103</ele>
        <time>2026-07-27T10:26:49.138Z</time>
      </trkpt>
      <trkpt lat="44.565380" lon="6.495516">
        <ele>870.114982</ele>
        <time>2026-07-27T10:26:52.041Z</time>
      </trkpt>
      <trkpt lat="44.565352" lon="6.495432">
        <ele>869.868230</ele>
        <time>2026-07-27T10:26:52.692Z</time>
      </trkpt>
      <trkpt lat="44.565225" lon="6.495164">
        <ele>869.102382</ele>
        <time>2026-07-27T10:26:55.000Z</time>
      </trkpt>
      <trkpt lat="44.565019" lon="6.494799">
        <ele>867.995794</ele>
        <time>2026-07-27T10:26:58.433Z</time>
      </trkpt>
      <trkpt lat="44.564957" lon="6.494685">
        <ele>867.350394</ele>
        <time>2026-07-27T10:26:59.372Z</time>
      </trkpt>
      <trkpt lat="44.564933" lon="6.494642">
        <ele>867.104580</ele>
        <time>2026-07-27T10:26:59.723Z</time>
      </trkpt>
      <trkpt lat="44.564828" lon="6.494455">
        <ele>865.986595</ele>
        <time>2026-07-27T10:27:01.217Z</time>
      </trkpt>
      <trkpt lat="44.564604" lon="6.494059">
        <ele>863.584490</ele>
        <time>2026-07-27T10:27:04.521Z</time>
      </trkpt>
      <trkpt lat="44.564487" lon="6.493845">
        <ele>861.856798</ele>
        <time>2026-07-27T10:27:06.183Z</time>
      </trkpt>
      <trkpt lat="44.564387" lon="6.493665">
        <ele>860.620458</ele>
        <time>2026-07-27T10:27:07.614Z</time>
      </trkpt>
      <trkpt lat="44.564298" lon="6.493501">
        <ele>859.737135</ele>
        <time>2026-07-27T10:27:08.967Z</time>
      </trkpt>
      <trkpt lat="44.564240" lon="6.493397">
        <ele>859.351189</ele>
        <time>2026-07-27T10:27:09.874Z</time>
      </trkpt>
      <trkpt lat="44.564229" lon="6.493372">
        <ele>859.265324</ele>
        <time>2026-07-27T10:27:10.092Z</time>
      </trkpt>
      <trkpt lat="44.564213" lon="6.493341">
        <ele>859.153463</ele>
        <time>2026-07-27T10:27:10.378Z</time>
      </trkpt>
      <trkpt lat="44.564149" lon="6.493233">
        <ele>858.764916</ele>
        <time>2026-07-27T10:27:11.428Z</time>
      </trkpt>
      <trkpt lat="44.563915" lon="6.492852">
        <ele>857.010170</ele>
        <time>2026-07-27T10:27:14.834Z</time>
      </trkpt>
      <trkpt lat="44.563855" lon="6.492762">
        <ele>856.069782</ele>
        <time>2026-07-27T10:27:15.592Z</time>
      </trkpt>
      <trkpt lat="44.563648" lon="6.492562">
        <ele>853.336827</ele>
        <time>2026-07-27T10:27:17.705Z</time>
      </trkpt>
      <trkpt lat="44.563464" lon="6.492479">
        <ele>851.828499</ele>
        <time>2026-07-27T10:27:19.426Z</time>
      </trkpt>
      <trkpt lat="44.563275" lon="6.492325">
        <ele>850.986070</ele>
        <time>2026-07-27T10:27:21.674Z</time>
      </trkpt>
      <trkpt lat="44.563224" lon="6.492268">
        <ele>850.794513</ele>
        <time>2026-07-27T10:27:22.372Z</time>
      </trkpt>
      <trkpt lat="44.563143" lon="6.492164">
        <ele>850.473353</ele>
        <time>2026-07-27T10:27:23.508Z</time>
      </trkpt>
      <trkpt lat="44.563128" lon="6.492099">
        <ele>850.335320</ele>
        <time>2026-07-27T10:27:23.994Z</time>
      </trkpt>
      <trkpt lat="44.563025" lon="6.491945">
        <ele>849.908592</ele>
        <time>2026-07-27T10:27:25.517Z</time>
      </trkpt>
      <trkpt lat="44.562980" lon="6.491909">
        <ele>849.864981</ele>
        <time>2026-07-27T10:27:26.122Z</time>
      </trkpt>
      <trkpt lat="44.562871" lon="6.491790">
        <ele>849.831982</ele>
        <time>2026-07-27T10:27:28.366Z</time>
      </trkpt>
      <trkpt lat="44.562858" lon="6.491769">
        <ele>849.827246</ele>
        <time>2026-07-27T10:27:28.710Z</time>
      </trkpt>
      <trkpt lat="44.562585" lon="6.491325">
        <ele>849.892938</ele>
        <time>2026-07-27T10:27:35.407Z</time>
      </trkpt>
      <trkpt lat="44.562506" lon="6.491200">
        <ele>849.753301</ele>
        <time>2026-07-27T10:27:36.826Z</time>
      </trkpt>
      <trkpt lat="44.562450" lon="6.491111">
        <ele>849.570576</ele>
        <time>2026-07-27T10:27:37.747Z</time>
      </trkpt>
      <trkpt lat="44.562160" lon="6.490654">
        <ele>848.290225</ele>
        <time>2026-07-27T10:27:42.349Z</time>
      </trkpt>
      <trkpt lat="44.561246" lon="6.489243">
        <ele>840.608311</ele>
        <time>2026-07-27T10:27:54.719Z</time>
      </trkpt>
      <trkpt lat="44.560910" lon="6.488730">
        <ele>843.120124</ele>
        <time>2026-07-27T10:28:15.823Z</time>
      </trkpt>
      <trkpt lat="44.560839" lon="6.488630">
        <ele>843.256147</ele>
        <time>2026-07-27T10:28:18.533Z</time>
      </trkpt>
      <trkpt lat="44.560785" lon="6.488557">
        <ele>843.157701</ele>
        <time>2026-07-27T10:28:19.430Z</time>
      </trkpt>
      <trkpt lat="44.560242" lon="6.487719">
        <ele>839.442618</ele>
        <time>2026-07-27T10:28:26.970Z</time>
      </trkpt>
      <trkpt lat="44.560095" lon="6.487430">
        <ele>838.739428</ele>
        <time>2026-07-27T10:28:29.764Z</time>
      </trkpt>
      <trkpt lat="44.559903" lon="6.486916">
        <ele>837.442185</ele>
        <time>2026-07-27T10:28:33.986Z</time>
      </trkpt>
      <trkpt lat="44.559659" lon="6.486022">
        <ele>834.139591</ele>
        <time>2026-07-27T10:28:40.535Z</time>
      </trkpt>
      <trkpt lat="44.559331" lon="6.485090">
        <ele>826.004858</ele>
        <time>2026-07-27T10:28:46.816Z</time>
      </trkpt>
      <trkpt lat="44.559185" lon="6.484794">
        <ele>823.693348</ele>
        <time>2026-07-27T10:28:49.038Z</time>
      </trkpt>
      <trkpt lat="44.558988" lon="6.484557">
        <ele>822.339850</ele>
        <time>2026-07-27T10:28:51.555Z</time>
      </trkpt>
      <trkpt lat="44.558775" lon="6.484417">
        <ele>821.364411</ele>
        <time>2026-07-27T10:28:53.887Z</time>
      </trkpt>
      <trkpt lat="44.558528" lon="6.484341">
        <ele>819.633143</ele>
        <time>2026-07-27T10:28:56.178Z</time>
      </trkpt>
      <trkpt lat="44.558235" lon="6.484255">
        <ele>816.412182</ele>
        <time>2026-07-27T10:28:58.702Z</time>
      </trkpt>
      <trkpt lat="44.557879" lon="6.484049">
        <ele>813.285766</ele>
        <time>2026-07-27T10:29:02.127Z</time>
      </trkpt>
      <trkpt lat="44.557386" lon="6.483565">
        <ele>810.685240</ele>
        <time>2026-07-27T10:29:07.812Z</time>
      </trkpt>
      <trkpt lat="44.557304" lon="6.483447">
        <ele>810.672792</ele>
        <time>2026-07-27T10:29:10.794Z</time>
      </trkpt>
      <trkpt lat="44.556971" lon="6.483192">
        <ele>811.906967</ele>
        <time>2026-07-27T10:29:22.097Z</time>
      </trkpt>
      <trkpt lat="44.556641" lon="6.483071">
        <ele>812.192644</ele>
        <time>2026-07-27T10:29:28.514Z</time>
      </trkpt>
      <trkpt lat="44.556411" lon="6.483080">
        <ele>811.880974</ele>
        <time>2026-07-27T10:29:30.971Z</time>
      </trkpt>
      <trkpt lat="44.556151" lon="6.483113">
        <ele>811.522568</ele>
        <time>2026-07-27T10:29:34.127Z</time>
      </trkpt>
      <trkpt lat="44.556116" lon="6.483076">
        <ele>811.479599</ele>
        <time>2026-07-27T10:29:34.847Z</time>
      </trkpt>
      <trkpt lat="44.556063" lon="6.483064">
        <ele>811.402591</ele>
        <time>2026-07-27T10:29:35.512Z</time>
      </trkpt>
      <trkpt lat="44.556012" lon="6.483091">
        <ele>811.142643</ele>
        <time>2026-07-27T10:29:36.073Z</time>
      </trkpt>
      <trkpt lat="44.555988" lon="6.483126">
        <ele>810.977579</ele>
        <time>2026-07-27T10:29:36.392Z</time>
      </trkpt>
      <trkpt lat="44.555866" lon="6.483189">
        <ele>810.357403</ele>
        <time>2026-07-27T10:29:37.570Z</time>
      </trkpt>
      <trkpt lat="44.555623" lon="6.483230">
        <ele>809.134249</ele>
        <time>2026-07-27T10:29:39.882Z</time>
      </trkpt>
      <trkpt lat="44.555149" lon="6.483349">
        <ele>807.106182</ele>
        <time>2026-07-27T10:29:44.591Z</time>
      </trkpt>
      <trkpt lat="44.554819" lon="6.483430">
        <ele>805.199997</ele>
        <time>2026-07-27T10:29:47.672Z</time>
      </trkpt>
      <trkpt lat="44.554292" lon="6.483567">
        <ele>802.059157</ele>
        <time>2026-07-27T10:29:52.593Z</time>
      </trkpt>
      <trkpt lat="44.554227" lon="6.483583">
        <ele>801.758028</ele>
        <time>2026-07-27T10:29:53.230Z</time>
      </trkpt>
      <trkpt lat="44.553965" lon="6.483649">
        <ele>800.434815</ele>
        <time>2026-07-27T10:29:55.828Z</time>
      </trkpt>
      <trkpt lat="44.553688" lon="6.483710">
        <ele>798.520179</ele>
        <time>2026-07-27T10:29:58.336Z</time>
      </trkpt>
      <trkpt lat="44.553570" lon="6.483736">
        <ele>797.781249</ele>
        <time>2026-07-27T10:29:59.375Z</time>
      </trkpt>
      <trkpt lat="44.552736" lon="6.483935">
        <ele>793.234653</ele>
        <time>2026-07-27T10:30:07.318Z</time>
      </trkpt>
      <trkpt lat="44.552063" lon="6.484101">
        <ele>790.210784</ele>
        <time>2026-07-27T10:30:13.928Z</time>
      </trkpt>
      <trkpt lat="44.551755" lon="6.484178">
        <ele>788.422649</ele>
        <time>2026-07-27T10:30:16.784Z</time>
      </trkpt>
      <trkpt lat="44.551667" lon="6.484199">
        <ele>787.939448</ele>
        <time>2026-07-27T10:30:17.622Z</time>
      </trkpt>
      <trkpt lat="44.551095" lon="6.484341">
        <ele>785.574668</ele>
        <time>2026-07-27T10:30:23.387Z</time>
      </trkpt>
      <trkpt lat="44.550825" lon="6.484413">
        <ele>784.063198</ele>
        <time>2026-07-27T10:30:25.835Z</time>
      </trkpt>
      <trkpt lat="44.550024" lon="6.484613">
        <ele>784.177294</ele>
        <time>2026-07-27T10:30:38.410Z</time>
      </trkpt>
      <trkpt lat="44.549537" lon="6.484712">
        <ele>786.277212</ele>
        <time>2026-07-27T10:30:56.385Z</time>
      </trkpt>
      <trkpt lat="44.549442" lon="6.484693">
        <ele>786.636054</ele>
        <time>2026-07-27T10:30:58.480Z</time>
      </trkpt>
      <trkpt lat="44.549200" lon="6.484641">
        <ele>786.714036</ele>
        <time>2026-07-27T10:31:02.119Z</time>
      </trkpt>
      <trkpt lat="44.548948" lon="6.484567">
        <ele>786.827183</ele>
        <time>2026-07-27T10:31:06.453Z</time>
      </trkpt>
      <trkpt lat="44.548671" lon="6.484383">
        <ele>787.046290</ele>
        <time>2026-07-27T10:31:12.348Z</time>
      </trkpt>
      <trkpt lat="44.548614" lon="6.484279">
        <ele>787.098137</ele>
        <time>2026-07-27T10:31:13.731Z</time>
      </trkpt>
      <trkpt lat="44.548501" lon="6.484189">
        <ele>787.017539</ele>
        <time>2026-07-27T10:31:15.436Z</time>
      </trkpt>
      <trkpt lat="44.548436" lon="6.484173">
        <ele>786.976604</ele>
        <time>2026-07-27T10:31:16.249Z</time>
      </trkpt>
      <trkpt lat="44.548302" lon="6.484211">
        <ele>786.807318</ele>
        <time>2026-07-27T10:31:17.827Z</time>
      </trkpt>
      <trkpt lat="44.548181" lon="6.484152">
        <ele>786.640877</ele>
        <time>2026-07-27T10:31:19.304Z</time>
      </trkpt>
      <trkpt lat="44.547731" lon="6.483668">
        <ele>786.408908</ele>
        <time>2026-07-27T10:31:27.034Z</time>
      </trkpt>
      <trkpt lat="44.547317" lon="6.483224">
        <ele>786.213524</ele>
        <time>2026-07-27T10:31:34.396Z</time>
      </trkpt>
      <trkpt lat="44.547190" lon="6.483094">
        <ele>785.979957</ele>
        <time>2026-07-27T10:31:36.030Z</time>
      </trkpt>
      <trkpt lat="44.546982" lon="6.482883">
        <ele>785.884032</ele>
        <time>2026-07-27T10:31:39.384Z</time>
      </trkpt>
      <trkpt lat="44.546598" lon="6.482520">
        <ele>787.029172</ele>
        <time>2026-07-27T10:31:51.683Z</time>
      </trkpt>
      <trkpt lat="44.546011" lon="6.481982">
        <ele>788.018974</ele>
        <time>2026-07-27T10:32:05.885Z</time>
      </trkpt>
      <trkpt lat="44.543998" lon="6.480134">
        <ele>785.994894</ele>
        <time>2026-07-27T10:32:35.966Z</time>
      </trkpt>
      <trkpt lat="44.543568" lon="6.479732">
        <ele>785.499769</ele>
        <time>2026-07-27T10:32:42.298Z</time>
      </trkpt>
      <trkpt lat="44.543485" lon="6.479654">
        <ele>785.432405</ele>
        <time>2026-07-27T10:32:43.469Z</time>
      </trkpt>
      <trkpt lat="44.542593" lon="6.478832">
        <ele>784.744321</ele>
        <time>2026-07-27T10:32:57.603Z</time>
      </trkpt>
      <trkpt lat="44.542393" lon="6.478645">
        <ele>784.299208</ele>
        <time>2026-07-27T10:33:00.194Z</time>
      </trkpt>
      <trkpt lat="44.542114" lon="6.478389">
        <ele>783.641497</ele>
        <time>2026-07-27T10:33:03.854Z</time>
      </trkpt>
      <trkpt lat="44.541028" lon="6.477395">
        <ele>781.932364</ele>
        <time>2026-07-27T10:33:18.982Z</time>
      </trkpt>
      <trkpt lat="44.540905" lon="6.477284">
        <ele>781.790911</ele>
        <time>2026-07-27T10:33:20.944Z</time>
      </trkpt>
      <trkpt lat="44.540549" lon="6.476969">
        <ele>781.396727</ele>
        <time>2026-07-27T10:33:26.134Z</time>
      </trkpt>
      <trkpt lat="44.539752" lon="6.476240">
        <ele>780.402476</ele>
        <time>2026-07-27T10:33:37.692Z</time>
      </trkpt>
      <trkpt lat="44.539649" lon="6.476145">
        <ele>780.301468</ele>
        <time>2026-07-27T10:33:39.131Z</time>
      </trkpt>
      <trkpt lat="44.538965" lon="6.475525">
        <ele>780.736538</ele>
        <time>2026-07-27T10:33:53.141Z</time>
      </trkpt>
      <trkpt lat="44.538588" lon="6.475158">
        <ele>781.206673</ele>
        <time>2026-07-27T10:34:02.122Z</time>
      </trkpt>
      <trkpt lat="44.538181" lon="6.474619">
        <ele>781.344931</ele>
        <time>2026-07-27T10:34:10.689Z</time>
      </trkpt>
      <trkpt lat="44.537768" lon="6.474015">
        <ele>782.016182</ele>
        <time>2026-07-27T10:34:22.161Z</time>
      </trkpt>
      <trkpt lat="44.537430" lon="6.473411">
        <ele>782.789277</ele>
        <time>2026-07-27T10:34:33.757Z</time>
      </trkpt>
      <trkpt lat="44.537071" lon="6.472540">
        <ele>783.490915</ele>
        <time>2026-07-27T10:34:47.254Z</time>
      </trkpt>
      <trkpt lat="44.536614" lon="6.470940">
        <ele>782.094162</ele>
        <time>2026-07-27T10:35:01.876Z</time>
      </trkpt>
      <trkpt lat="44.536358" lon="6.470176">
        <ele>781.321602</ele>
        <time>2026-07-27T10:35:08.917Z</time>
      </trkpt>
      <trkpt lat="44.536169" lon="6.469611">
        <ele>780.899208</ele>
        <time>2026-07-27T10:35:14.502Z</time>
      </trkpt>
      <trkpt lat="44.535858" lon="6.468799">
        <ele>780.321159</ele>
        <time>2026-07-27T10:35:22.639Z</time>
      </trkpt>
      <trkpt lat="44.535542" lon="6.468051">
        <ele>780.015505</ele>
        <time>2026-07-27T10:35:30.961Z</time>
      </trkpt>
      <trkpt lat="44.535375" lon="6.467662">
        <ele>780.181999</ele>
        <time>2026-07-27T10:35:35.629Z</time>
      </trkpt>
      <trkpt lat="44.534945" lon="6.466692">
        <ele>781.901160</ele>
        <time>2026-07-27T10:35:55.292Z</time>
      </trkpt>
      <trkpt lat="44.534880" lon="6.466537">
        <ele>782.236278</ele>
        <time>2026-07-27T10:35:58.379Z</time>
      </trkpt>
      <trkpt lat="44.533978" lon="6.464458">
        <ele>787.672552</ele>
        <time>2026-07-27T10:36:44.813Z</time>
      </trkpt>
      <trkpt lat="44.533661" lon="6.463648">
        <ele>792.336041</ele>
        <time>2026-07-27T10:37:14.386Z</time>
      </trkpt>
      <trkpt lat="44.533368" lon="6.462561">
        <ele>798.955088</ele>
        <time>2026-07-27T10:37:53.396Z</time>
      </trkpt>
      <trkpt lat="44.533234" lon="6.461929">
        <ele>802.158104</ele>
        <time>2026-07-27T10:38:13.529Z</time>
      </trkpt>
      <trkpt lat="44.533128" lon="6.461290">
        <ele>804.587756</ele>
        <time>2026-07-27T10:38:30.275Z</time>
      </trkpt>
      <trkpt lat="44.533125" lon="6.461271">
        <ele>804.627708</ele>
        <time>2026-07-27T10:38:30.692Z</time>
      </trkpt>
      <trkpt lat="44.533005" lon="6.460066">
        <ele>807.061897</ele>
        <time>2026-07-27T10:38:52.780Z</time>
      </trkpt>
      <trkpt lat="44.532857" lon="6.457740">
        <ele>809.491084</ele>
        <time>2026-07-27T10:39:27.252Z</time>
      </trkpt>
      <trkpt lat="44.532693" lon="6.455134">
        <ele>812.186057</ele>
        <time>2026-07-27T10:40:04.821Z</time>
      </trkpt>
      <trkpt lat="44.532640" lon="6.454249">
        <ele>815.288262</ele>
        <time>2026-07-27T10:40:26.919Z</time>
      </trkpt>
      <trkpt lat="44.532470" lon="6.451571">
        <ele>827.860335</ele>
        <time>2026-07-27T10:41:46.363Z</time>
      </trkpt>
      <trkpt lat="44.532432" lon="6.450974">
        <ele>830.147318</ele>
        <time>2026-07-27T10:42:01.856Z</time>
      </trkpt>
      <trkpt lat="44.532360" lon="6.449862">
        <ele>833.121006</ele>
        <time>2026-07-27T10:42:25.765Z</time>
      </trkpt>
      <trkpt lat="44.532292" lon="6.448389">
        <ele>836.161553</ele>
        <time>2026-07-27T10:42:54.016Z</time>
      </trkpt>
      <trkpt lat="44.532181" lon="6.446528">
        <ele>836.381001</ele>
        <time>2026-07-27T10:43:14.005Z</time>
      </trkpt>
      <trkpt lat="44.532097" lon="6.445574">
        <ele>836.074121</ele>
        <time>2026-07-27T10:43:23.229Z</time>
      </trkpt>
      <trkpt lat="44.532138" lon="6.445488">
        <ele>836.012078</ele>
        <time>2026-07-27T10:43:24.075Z</time>
      </trkpt>
      <trkpt lat="44.532125" lon="6.445110">
        <ele>835.756897</ele>
        <time>2026-07-27T10:43:27.400Z</time>
      </trkpt>
      <trkpt lat="44.532128" lon="6.442962">
        <ele>833.487942</ele>
        <time>2026-07-27T10:43:45.000Z</time>
      </trkpt>
      <trkpt lat="44.532110" lon="6.442508">
        <ele>833.312761</ele>
        <time>2026-07-27T10:43:49.652Z</time>
      </trkpt>
      <trkpt lat="44.532085" lon="6.442057">
        <ele>832.524231</ele>
        <time>2026-07-27T10:43:53.060Z</time>
      </trkpt>
      <trkpt lat="44.532068" lon="6.441767">
        <ele>831.709807</ele>
        <time>2026-07-27T10:43:55.109Z</time>
      </trkpt>
      <trkpt lat="44.531981" lon="6.440947">
        <ele>828.613999</ele>
        <time>2026-07-27T10:44:00.623Z</time>
      </trkpt>
      <trkpt lat="44.531760" lon="6.439731">
        <ele>824.002305</ele>
        <time>2026-07-27T10:44:09.028Z</time>
      </trkpt>
      <trkpt lat="44.531668" lon="6.439079">
        <ele>820.513249</ele>
        <time>2026-07-27T10:44:13.236Z</time>
      </trkpt>
      <trkpt lat="44.531495" lon="6.436420">
        <ele>806.973595</ele>
        <time>2026-07-27T10:44:30.301Z</time>
      </trkpt>
      <trkpt lat="44.531307" lon="6.433312">
        <ele>792.916075</ele>
        <time>2026-07-27T10:44:50.522Z</time>
      </trkpt>
      <trkpt lat="44.531224" lon="6.432181">
        <ele>789.976336</ele>
        <time>2026-07-27T10:44:58.650Z</time>
      </trkpt>
      <trkpt lat="44.531173" lon="6.431843">
        <ele>789.042475</ele>
        <time>2026-07-27T10:45:01.078Z</time>
      </trkpt>
      <trkpt lat="44.531005" lon="6.431107">
        <ele>788.663346</ele>
        <time>2026-07-27T10:45:06.768Z</time>
      </trkpt>
      <trkpt lat="44.530721" lon="6.430368">
        <ele>793.551461</ele>
        <time>2026-07-27T10:45:42.856Z</time>
      </trkpt>
      <trkpt lat="44.529892" lon="6.428735">
        <ele>791.363777</ele>
        <time>2026-07-27T10:45:57.887Z</time>
      </trkpt>
      <trkpt lat="44.529000" lon="6.426986">
        <ele>809.615468</ele>
        <time>2026-07-27T10:47:39.702Z</time>
      </trkpt>
      <trkpt lat="44.528690" lon="6.426229">
        <ele>814.071118</ele>
        <time>2026-07-27T10:48:01.860Z</time>
      </trkpt>
      <trkpt lat="44.528489" lon="6.425541">
        <ele>824.919940</ele>
        <time>2026-07-27T10:48:58.156Z</time>
      </trkpt>
      <trkpt lat="44.528383" lon="6.425092">
        <ele>827.299846</ele>
        <time>2026-07-27T10:49:09.134Z</time>
      </trkpt>
      <trkpt lat="44.528295" lon="6.424576">
        <ele>827.020937</ele>
        <time>2026-07-27T10:49:13.337Z</time>
      </trkpt>
      <trkpt lat="44.528205" lon="6.424041">
        <ele>827.070900</ele>
        <time>2026-07-27T10:49:22.662Z</time>
      </trkpt>
      <trkpt lat="44.528044" lon="6.423090">
        <ele>823.368496</ele>
        <time>2026-07-27T10:49:28.982Z</time>
      </trkpt>
      <trkpt lat="44.527927" lon="6.422576">
        <ele>822.671984</ele>
        <time>2026-07-27T10:49:33.250Z</time>
      </trkpt>
      <trkpt lat="44.527508" lon="6.421079">
        <ele>826.095481</ele>
        <time>2026-07-27T10:50:06.140Z</time>
      </trkpt>
      <trkpt lat="44.527014" lon="6.419580">
        <ele>825.294778</ele>
        <time>2026-07-27T10:50:20.345Z</time>
      </trkpt>
      <trkpt lat="44.526806" lon="6.418741">
        <ele>827.195772</ele>
        <time>2026-07-27T10:50:35.889Z</time>
      </trkpt>
      <trkpt lat="44.526687" lon="6.417854">
        <ele>833.844979</ele>
        <time>2026-07-27T10:51:14.849Z</time>
      </trkpt>
      <trkpt lat="44.526641" lon="6.417063">
        <ele>839.286103</ele>
        <time>2026-07-27T10:51:46.300Z</time>
      </trkpt>
      <trkpt lat="44.526643" lon="6.416290">
        <ele>840.583643</ele>
        <time>2026-07-27T10:51:58.637Z</time>
      </trkpt>
      <trkpt lat="44.526681" lon="6.414489">
        <ele>840.056201</ele>
        <time>2026-07-27T10:52:15.430Z</time>
      </trkpt>
      <trkpt lat="44.526617" lon="6.413025">
        <ele>840.818426</ele>
        <time>2026-07-27T10:52:35.003Z</time>
      </trkpt>
      <trkpt lat="44.526493" lon="6.410887">
        <ele>837.501618</ele>
        <time>2026-07-27T10:52:51.398Z</time>
      </trkpt>
      <trkpt lat="44.526544" lon="6.410270">
        <ele>836.363812</ele>
        <time>2026-07-27T10:52:56.157Z</time>
      </trkpt>
      <trkpt lat="44.526546" lon="6.410147">
        <ele>836.011916</ele>
        <time>2026-07-27T10:52:56.984Z</time>
      </trkpt>
      <trkpt lat="44.526481" lon="6.409731">
        <ele>834.769287</ele>
        <time>2026-07-27T10:52:59.959Z</time>
      </trkpt>
      <trkpt lat="44.526440" lon="6.409248">
        <ele>832.986945</ele>
        <time>2026-07-27T10:53:03.214Z</time>
      </trkpt>
      <trkpt lat="44.526418" lon="6.408907">
        <ele>831.164369</ele>
        <time>2026-07-27T10:53:05.408Z</time>
      </trkpt>
      <trkpt lat="44.526409" lon="6.408769">
        <ele>830.220377</ele>
        <time>2026-07-27T10:53:06.253Z</time>
      </trkpt>
      <trkpt lat="44.526401" lon="6.408618">
        <ele>828.877846</ele>
        <time>2026-07-27T10:53:07.158Z</time>
      </trkpt>
      <trkpt lat="44.526339" lon="6.407938">
        <ele>823.109532</ele>
        <time>2026-07-27T10:53:11.268Z</time>
      </trkpt>
      <trkpt lat="44.526296" lon="6.407273">
        <ele>820.928114</ele>
        <time>2026-07-27T10:53:15.987Z</time>
      </trkpt>
      <trkpt lat="44.526274" lon="6.406486">
        <ele>818.965419</ele>
        <time>2026-07-27T10:53:21.702Z</time>
      </trkpt>
      <trkpt lat="44.526246" lon="6.405877">
        <ele>815.719232</ele>
        <time>2026-07-27T10:53:25.585Z</time>
      </trkpt>
      <trkpt lat="44.526241" lon="6.405785">
        <ele>814.995857</ele>
        <time>2026-07-27T10:53:26.144Z</time>
      </trkpt>
      <trkpt lat="44.526231" lon="6.405621">
        <ele>813.689003</ele>
        <time>2026-07-27T10:53:27.120Z</time>
      </trkpt>
      <trkpt lat="44.526218" lon="6.405373">
        <ele>811.644747</ele>
        <time>2026-07-27T10:53:28.624Z</time>
      </trkpt>
      <trkpt lat="44.526185" lon="6.404782">
        <ele>808.269830</ele>
        <time>2026-07-27T10:53:32.372Z</time>
      </trkpt>
      <trkpt lat="44.526155" lon="6.404287">
        <ele>805.919665</ele>
        <time>2026-07-27T10:53:35.596Z</time>
      </trkpt>
      <trkpt lat="44.526133" lon="6.403924">
        <ele>804.150512</ele>
        <time>2026-07-27T10:53:37.900Z</time>
      </trkpt>
      <trkpt lat="44.526123" lon="6.403728">
        <ele>803.291396</ele>
        <time>2026-07-27T10:53:39.225Z</time>
      </trkpt>
      <trkpt lat="44.526111" lon="6.403455">
        <ele>802.278488</ele>
        <time>2026-07-27T10:53:41.049Z</time>
      </trkpt>
      <trkpt lat="44.526105" lon="6.403292">
        <ele>801.699841</ele>
        <time>2026-07-27T10:53:42.119Z</time>
      </trkpt>
      <trkpt lat="44.526103" lon="6.403134">
        <ele>801.161180</ele>
        <time>2026-07-27T10:53:43.198Z</time>
      </trkpt>
      <trkpt lat="44.526105" lon="6.402579">
        <ele>799.923579</ele>
        <time>2026-07-27T10:53:47.398Z</time>
      </trkpt>
      <trkpt lat="44.526151" lon="6.402243">
        <ele>798.481703</ele>
        <time>2026-07-27T10:53:49.601Z</time>
      </trkpt>
      <trkpt lat="44.526262" lon="6.401740">
        <ele>795.842457</ele>
        <time>2026-07-27T10:53:52.974Z</time>
      </trkpt>
      <trkpt lat="44.526190" lon="6.401458">
        <ele>794.174025</ele>
        <time>2026-07-27T10:53:54.870Z</time>
      </trkpt>
      <trkpt lat="44.526071" lon="6.401275">
        <ele>792.862758</ele>
        <time>2026-07-27T10:53:56.414Z</time>
      </trkpt>
      <trkpt lat="44.525961" lon="6.401214">
        <ele>792.134317</ele>
        <time>2026-07-27T10:53:57.498Z</time>
      </trkpt>
      <trkpt lat="44.525889" lon="6.401174">
        <ele>791.877185</ele>
        <time>2026-07-27T10:53:58.307Z</time>
      </trkpt>
      <trkpt lat="44.525625" lon="6.401032">
        <ele>792.100199</ele>
        <time>2026-07-27T10:54:03.316Z</time>
      </trkpt>
      <trkpt lat="44.525604" lon="6.401019">
        <ele>792.164233</ele>
        <time>2026-07-27T10:54:03.955Z</time>
      </trkpt>
      <trkpt lat="44.525412" lon="6.400907">
        <ele>792.840988</ele>
        <time>2026-07-27T10:54:10.670Z</time>
      </trkpt>
      <trkpt lat="44.525188" lon="6.400769">
        <ele>793.731339</ele>
        <time>2026-07-27T10:54:17.550Z</time>
      </trkpt>
      <trkpt lat="44.524804" lon="6.400538">
        <ele>795.418492</ele>
        <time>2026-07-27T10:54:30.185Z</time>
      </trkpt>
      <trkpt lat="44.524701" lon="6.400473">
        <ele>795.996303</ele>
        <time>2026-07-27T10:54:34.860Z</time>
      </trkpt>
      <trkpt lat="44.524354" lon="6.400259">
        <ele>797.104245</ele>
        <time>2026-07-27T10:54:45.515Z</time>
      </trkpt>
      <trkpt lat="44.523977" lon="6.400025">
        <ele>796.721631</ele>
        <time>2026-07-27T10:54:50.118Z</time>
      </trkpt>
      <trkpt lat="44.523910" lon="6.399986">
        <ele>796.674435</ele>
        <time>2026-07-27T10:54:50.978Z</time>
      </trkpt>
      <trkpt lat="44.523629" lon="6.399819">
        <ele>797.200134</ele>
        <time>2026-07-27T10:54:57.657Z</time>
      </trkpt>
      <trkpt lat="44.523426" lon="6.399656">
        <ele>798.212252</ele>
        <time>2026-07-27T10:55:05.805Z</time>
      </trkpt>
      <trkpt lat="44.523253" lon="6.399498">
        <ele>799.161843</ele>
        <time>2026-07-27T10:55:13.140Z</time>
      </trkpt>
      <trkpt lat="44.523088" lon="6.399254">
        <ele>799.378877</ele>
        <time>2026-07-27T10:55:17.893Z</time>
      </trkpt>
      <trkpt lat="44.523063" lon="6.399211">
        <ele>799.219742</ele>
        <time>2026-07-27T10:55:18.292Z</time>
      </trkpt>
      <trkpt lat="44.522927" lon="6.398904">
        <ele>798.519390</ele>
        <time>2026-07-27T10:55:20.687Z</time>
      </trkpt>
      <trkpt lat="44.522831" lon="6.398613">
        <ele>798.841347</ele>
        <time>2026-07-27T10:55:27.139Z</time>
      </trkpt>
      <trkpt lat="44.522788" lon="6.398464">
        <ele>799.287854</ele>
        <time>2026-07-27T10:55:30.993Z</time>
      </trkpt>
      <trkpt lat="44.522566" lon="6.397539">
        <ele>801.923929</ele>
        <time>2026-07-27T10:55:51.976Z</time>
      </trkpt>
      <trkpt lat="44.522549" lon="6.397309">
        <ele>802.204947</ele>
        <time>2026-07-27T10:55:55.619Z</time>
      </trkpt>
      <trkpt lat="44.522592" lon="6.397009">
        <ele>802.154833</ele>
        <time>2026-07-27T10:55:58.850Z</time>
      </trkpt>
      <trkpt lat="44.522842" lon="6.396211">
        <ele>800.235139</ele>
        <time>2026-07-27T10:56:05.223Z</time>
      </trkpt>
      <trkpt lat="44.522900" lon="6.395846">
        <ele>798.854992</ele>
        <time>2026-07-27T10:56:07.663Z</time>
      </trkpt>
      <trkpt lat="44.522902" lon="6.395530">
        <ele>797.941453</ele>
        <time>2026-07-27T10:56:09.797Z</time>
      </trkpt>
      <trkpt lat="44.522858" lon="6.395194">
        <ele>797.741383</ele>
        <time>2026-07-27T10:56:13.304Z</time>
      </trkpt>
      <trkpt lat="44.522815" lon="6.395028">
        <ele>797.872355</ele>
        <time>2026-07-27T10:56:15.774Z</time>
      </trkpt>
      <trkpt lat="44.522764" lon="6.394875">
        <ele>798.059098</ele>
        <time>2026-07-27T10:56:18.305Z</time>
      </trkpt>
      <trkpt lat="44.522650" lon="6.394652">
        <ele>798.464695</ele>
        <time>2026-07-27T10:56:23.380Z</time>
      </trkpt>
      <trkpt lat="44.522458" lon="6.394398">
        <ele>798.918514</ele>
        <time>2026-07-27T10:56:27.599Z</time>
      </trkpt>
      <trkpt lat="44.522304" lon="6.394257">
        <ele>800.866710</ele>
        <time>2026-07-27T10:56:37.475Z</time>
      </trkpt>
      <trkpt lat="44.522114" lon="6.394156">
        <ele>803.388353</ele>
        <time>2026-07-27T10:56:55.647Z</time>
      </trkpt>
      <trkpt lat="44.521829" lon="6.394018">
        <ele>805.080332</ele>
        <time>2026-07-27T10:57:03.355Z</time>
      </trkpt>
      <trkpt lat="44.521632" lon="6.393831">
        <ele>806.167062</ele>
        <time>2026-07-27T10:57:12.183Z</time>
      </trkpt>
      <trkpt lat="44.521301" lon="6.393119">
        <ele>807.248506</ele>
        <time>2026-07-27T10:57:25.335Z</time>
      </trkpt>
      <trkpt lat="44.520747" lon="6.392097">
        <ele>807.773947</ele>
        <time>2026-07-27T10:57:40.681Z</time>
      </trkpt>
      <trkpt lat="44.519922" lon="6.390775">
        <ele>808.138822</ele>
        <time>2026-07-27T10:57:58.836Z</time>
      </trkpt>
      <trkpt lat="44.519371" lon="6.389908">
        <ele>812.117098</ele>
        <time>2026-07-27T10:58:29.120Z</time>
      </trkpt>
      <trkpt lat="44.519230" lon="6.389552">
        <ele>813.012856</ele>
        <time>2026-07-27T10:58:37.338Z</time>
      </trkpt>
      <trkpt lat="44.519168" lon="6.389307">
        <ele>813.313950</ele>
        <time>2026-07-27T10:58:41.266Z</time>
      </trkpt>
      <trkpt lat="44.519117" lon="6.388879">
        <ele>813.161291</ele>
        <time>2026-07-27T10:58:45.358Z</time>
      </trkpt>
      <trkpt lat="44.519114" lon="6.388669">
        <ele>812.778910</ele>
        <time>2026-07-27T10:58:46.913Z</time>
      </trkpt>
      <trkpt lat="44.519186" lon="6.387895">
        <ele>810.140973</ele>
        <time>2026-07-27T10:58:52.186Z</time>
      </trkpt>
      <trkpt lat="44.519202" lon="6.387737">
        <ele>809.547913</ele>
        <time>2026-07-27T10:58:53.237Z</time>
      </trkpt>
      <trkpt lat="44.519223" lon="6.387529">
        <ele>808.767839</ele>
        <time>2026-07-27T10:58:54.626Z</time>
      </trkpt>
      <trkpt lat="44.519234" lon="6.387429">
        <ele>808.521727</ele>
        <time>2026-07-27T10:58:55.336Z</time>
      </trkpt>
      <trkpt lat="44.519260" lon="6.387190">
        <ele>808.086933</ele>
        <time>2026-07-27T10:58:57.233Z</time>
      </trkpt>
      <trkpt lat="44.519308" lon="6.386765">
        <ele>807.432344</ele>
        <time>2026-07-27T10:59:00.592Z</time>
      </trkpt>
      <trkpt lat="44.519319" lon="6.386430">
        <ele>807.050019</ele>
        <time>2026-07-27T10:59:03.235Z</time>
      </trkpt>
      <trkpt lat="44.519286" lon="6.386065">
        <ele>806.804755</ele>
        <time>2026-07-27T10:59:06.693Z</time>
      </trkpt>
      <trkpt lat="44.519244" lon="6.385863">
        <ele>806.694266</ele>
        <time>2026-07-27T10:59:08.540Z</time>
      </trkpt>
      <trkpt lat="44.519140" lon="6.385544">
        <ele>806.539136</ele>
        <time>2026-07-27T10:59:11.669Z</time>
      </trkpt>
      <trkpt lat="44.519040" lon="6.385341">
        <ele>806.475039</ele>
        <time>2026-07-27T10:59:14.365Z</time>
      </trkpt>
      <trkpt lat="44.518691" lon="6.384891">
        <ele>806.511345</ele>
        <time>2026-07-27T10:59:20.473Z</time>
      </trkpt>
      <trkpt lat="44.518515" lon="6.384713">
        <ele>807.468559</ele>
        <time>2026-07-27T10:59:29.062Z</time>
      </trkpt>
      <trkpt lat="44.518239" lon="6.384434">
        <ele>808.903478</ele>
        <time>2026-07-27T10:59:41.120Z</time>
      </trkpt>
      <trkpt lat="44.518126" lon="6.384321">
        <ele>808.955017</ele>
        <time>2026-07-27T10:59:42.565Z</time>
      </trkpt>
      <trkpt lat="44.517739" lon="6.383922">
        <ele>809.066842</ele>
        <time>2026-07-27T10:59:48.321Z</time>
      </trkpt>
      <trkpt lat="44.517319" lon="6.383387">
        <ele>812.963990</ele>
        <time>2026-07-27T11:00:15.041Z</time>
      </trkpt>
      <trkpt lat="44.517083" lon="6.382976">
        <ele>816.265388</ele>
        <time>2026-07-27T11:00:36.110Z</time>
      </trkpt>
      <trkpt lat="44.516952" lon="6.382671">
        <ele>816.650308</ele>
        <time>2026-07-27T11:00:40.233Z</time>
      </trkpt>
      <trkpt lat="44.516746" lon="6.382144">
        <ele>815.476551</ele>
        <time>2026-07-27T11:00:44.554Z</time>
      </trkpt>
      <trkpt lat="44.516632" lon="6.381771">
        <ele>814.944540</ele>
        <time>2026-07-27T11:00:47.825Z</time>
      </trkpt>
      <trkpt lat="44.516432" lon="6.380884">
        <ele>815.021499</ele>
        <time>2026-07-27T11:00:57.260Z</time>
      </trkpt>
      <trkpt lat="44.516135" lon="6.379151">
        <ele>823.159722</ele>
        <time>2026-07-27T11:01:50.222Z</time>
      </trkpt>
      <trkpt lat="44.516061" lon="6.378791">
        <ele>824.338963</ele>
        <time>2026-07-27T11:01:58.327Z</time>
      </trkpt>
      <trkpt lat="44.515892" lon="6.378231">
        <ele>825.697089</ele>
        <time>2026-07-27T11:02:09.774Z</time>
      </trkpt>
      <trkpt lat="44.515801" lon="6.377997">
        <ele>826.555169</ele>
        <time>2026-07-27T11:02:16.235Z</time>
      </trkpt>
      <trkpt lat="44.515684" lon="6.377778">
        <ele>827.732297</ele>
        <time>2026-07-27T11:02:23.493Z</time>
      </trkpt>
      <trkpt lat="44.514827" lon="6.376447">
        <ele>836.612279</ele>
        <time>2026-07-27T11:03:18.820Z</time>
      </trkpt>
      <trkpt lat="44.514741" lon="6.376273">
        <ele>837.420272</ele>
        <time>2026-07-27T11:03:24.095Z</time>
      </trkpt>
      <trkpt lat="44.514672" lon="6.376069">
        <ele>838.427571</ele>
        <time>2026-07-27T11:03:29.827Z</time>
      </trkpt>
      <trkpt lat="44.514411" lon="6.374994">
        <ele>844.594521</ele>
        <time>2026-07-27T11:04:07.366Z</time>
      </trkpt>
      <trkpt lat="44.514334" lon="6.374686">
        <ele>846.258396</ele>
        <time>2026-07-27T11:04:17.771Z</time>
      </trkpt>
      <trkpt lat="44.514285" lon="6.374485">
        <ele>846.930447</ele>
        <time>2026-07-27T11:04:23.158Z</time>
      </trkpt>
      <trkpt lat="44.514223" lon="6.374235">
        <ele>847.216339</ele>
        <time>2026-07-27T11:04:25.777Z</time>
      </trkpt>
      <trkpt lat="44.513712" lon="6.372240">
        <ele>850.277003</ele>
        <time>2026-07-27T11:05:00.948Z</time>
      </trkpt>
      <trkpt lat="44.513708" lon="6.372201">
        <ele>850.330039</ele>
        <time>2026-07-27T11:05:01.538Z</time>
      </trkpt>
      <trkpt lat="44.513706" lon="6.371876">
        <ele>850.952314</ele>
        <time>2026-07-27T11:05:06.647Z</time>
      </trkpt>
      <trkpt lat="44.513808" lon="6.371562">
        <ele>852.008765</ele>
        <time>2026-07-27T11:05:15.429Z</time>
      </trkpt>
      <trkpt lat="44.513886" lon="6.371439">
        <ele>852.581525</ele>
        <time>2026-07-27T11:05:19.516Z</time>
      </trkpt>
      <trkpt lat="44.514282" lon="6.371075">
        <ele>854.836707</ele>
        <time>2026-07-27T11:05:35.125Z</time>
      </trkpt>
      <trkpt lat="44.514384" lon="6.370933">
        <ele>855.580314</ele>
        <time>2026-07-27T11:05:40.451Z</time>
      </trkpt>
      <trkpt lat="44.514467" lon="6.370768">
        <ele>856.307353</ele>
        <time>2026-07-27T11:05:45.488Z</time>
      </trkpt>
      <trkpt lat="44.514530" lon="6.370536">
        <ele>857.228047</ele>
        <time>2026-07-27T11:05:51.655Z</time>
      </trkpt>
      <trkpt lat="44.514556" lon="6.370307">
        <ele>858.144624</ele>
        <time>2026-07-27T11:05:57.857Z</time>
      </trkpt>
      <trkpt lat="44.514504" lon="6.369900">
        <ele>860.152193</ele>
        <time>2026-07-27T11:06:10.110Z</time>
      </trkpt>
      <trkpt lat="44.514053" lon="6.368618">
        <ele>867.806820</ele>
        <time>2026-07-27T11:06:55.927Z</time>
      </trkpt>
      <trkpt lat="44.513492" lon="6.367012">
        <ele>881.004753</ele>
        <time>2026-07-27T11:08:08.072Z</time>
      </trkpt>
      <trkpt lat="44.513396" lon="6.366579">
        <ele>884.379280</ele>
        <time>2026-07-27T11:08:26.815Z</time>
      </trkpt>
      <trkpt lat="44.513401" lon="6.366136">
        <ele>887.421907</ele>
        <time>2026-07-27T11:08:43.690Z</time>
      </trkpt>
      <trkpt lat="44.513439" lon="6.365932">
        <ele>888.738432</ele>
        <time>2026-07-27T11:08:51.413Z</time>
      </trkpt>
      <trkpt lat="44.513689" lon="6.365269">
        <ele>892.531909</ele>
        <time>2026-07-27T11:09:14.113Z</time>
      </trkpt>
      <trkpt lat="44.513770" lon="6.365011">
        <ele>894.082381</ele>
        <time>2026-07-27T11:09:23.154Z</time>
      </trkpt>
      <trkpt lat="44.513805" lon="6.364812">
        <ele>895.318285</ele>
        <time>2026-07-27T11:09:30.381Z</time>
      </trkpt>
      <trkpt lat="44.513792" lon="6.364429">
        <ele>898.038993</ele>
        <time>2026-07-27T11:09:45.039Z</time>
      </trkpt>
      <trkpt lat="44.513750" lon="6.364268">
        <ele>899.477005</ele>
        <time>2026-07-27T11:09:52.669Z</time>
      </trkpt>
      <trkpt lat="44.513614" lon="6.363959">
        <ele>902.707478</ele>
        <time>2026-07-27T11:10:10.278Z</time>
      </trkpt>
      <trkpt lat="44.513168" lon="6.363310">
        <ele>909.333513</ele>
        <time>2026-07-27T11:10:47.035Z</time>
      </trkpt>
      <trkpt lat="44.513075" lon="6.363122">
        <ele>910.474735</ele>
        <time>2026-07-27T11:10:53.732Z</time>
      </trkpt>
      <trkpt lat="44.513007" lon="6.362905">
        <ele>911.467846</ele>
        <time>2026-07-27T11:10:59.583Z</time>
      </trkpt>
      <trkpt lat="44.512868" lon="6.362028">
        <ele>915.398893</ele>
        <time>2026-07-27T11:11:24.107Z</time>
      </trkpt>
      <trkpt lat="44.512749" lon="6.361666">
        <ele>918.509222</ele>
        <time>2026-07-27T11:11:41.253Z</time>
      </trkpt>
      <trkpt lat="44.512550" lon="6.361378">
        <ele>922.083563</ele>
        <time>2026-07-27T11:12:00.836Z</time>
      </trkpt>
      <trkpt lat="44.511818" lon="6.360576">
        <ele>932.821972</ele>
        <time>2026-07-27T11:12:55.969Z</time>
      </trkpt>
      <trkpt lat="44.511686" lon="6.360319">
        <ele>936.365073</ele>
        <time>2026-07-27T11:13:16.084Z</time>
      </trkpt>
      <trkpt lat="44.511635" lon="6.360122">
        <ele>937.977693</ele>
        <time>2026-07-27T11:13:26.077Z</time>
      </trkpt>
      <trkpt lat="44.511607" lon="6.359881">
        <ele>939.100037</ele>
        <time>2026-07-27T11:13:31.316Z</time>
      </trkpt>
      <trkpt lat="44.511620" lon="6.359666">
        <ele>939.483273</ele>
        <time>2026-07-27T11:13:34.619Z</time>
      </trkpt>
      <trkpt lat="44.511657" lon="6.359464">
        <ele>939.969469</ele>
        <time>2026-07-27T11:13:39.139Z</time>
      </trkpt>
      <trkpt lat="44.511999" lon="6.358385">
        <ele>942.505688</ele>
        <time>2026-07-27T11:14:01.868Z</time>
      </trkpt>
      <trkpt lat="44.512192" lon="6.357730">
        <ele>943.227788</ele>
        <time>2026-07-27T11:14:12.539Z</time>
      </trkpt>
      <trkpt lat="44.512250" lon="6.357463">
        <ele>942.976484</ele>
        <time>2026-07-27T11:14:14.806Z</time>
      </trkpt>
      <trkpt lat="44.512267" lon="6.357048">
        <ele>942.225961</ele>
        <time>2026-07-27T11:14:17.763Z</time>
      </trkpt>
      <trkpt lat="44.512217" lon="6.356689">
        <ele>942.424729</ele>
        <time>2026-07-27T11:14:22.696Z</time>
      </trkpt>
      <trkpt lat="44.512147" lon="6.356471">
        <ele>942.960858</ele>
        <time>2026-07-27T11:14:28.705Z</time>
      </trkpt>
      <trkpt lat="44.512020" lon="6.356262">
        <ele>943.279277</ele>
        <time>2026-07-27T11:14:32.672Z</time>
      </trkpt>
      <trkpt lat="44.511926" lon="6.356164">
        <ele>943.353205</ele>
        <time>2026-07-27T11:14:34.105Z</time>
      </trkpt>
      <trkpt lat="44.511657" lon="6.356038">
        <ele>943.568562</ele>
        <time>2026-07-27T11:14:39.280Z</time>
      </trkpt>
      <trkpt lat="44.511511" lon="6.356035">
        <ele>943.795990</ele>
        <time>2026-07-27T11:14:42.367Z</time>
      </trkpt>
      <trkpt lat="44.511251" lon="6.356126">
        <ele>944.387256</ele>
        <time>2026-07-27T11:14:48.570Z</time>
      </trkpt>
      <trkpt lat="44.510922" lon="6.356400">
        <ele>945.771112</ele>
        <time>2026-07-27T11:15:00.093Z</time>
      </trkpt>
      <trkpt lat="44.510785" lon="6.356511">
        <ele>946.564946</ele>
        <time>2026-07-27T11:15:04.417Z</time>
      </trkpt>
      <trkpt lat="44.510662" lon="6.356543">
        <ele>947.440425</ele>
        <time>2026-07-27T11:15:09.797Z</time>
      </trkpt>
      <trkpt lat="44.510422" lon="6.356500">
        <ele>950.815140</ele>
        <time>2026-07-27T11:15:25.972Z</time>
      </trkpt>
      <trkpt lat="44.510230" lon="6.356334">
        <ele>955.092175</ele>
        <time>2026-07-27T11:15:49.994Z</time>
      </trkpt>
      <trkpt lat="44.509227" lon="6.355028">
        <ele>969.906829</ele>
        <time>2026-07-27T11:17:07.064Z</time>
      </trkpt>
      <trkpt lat="44.508959" lon="6.354631">
        <ele>973.230347</ele>
        <time>2026-07-27T11:17:25.904Z</time>
      </trkpt>
      <trkpt lat="44.508904" lon="6.354455">
        <ele>974.023156</ele>
        <time>2026-07-27T11:17:31.490Z</time>
      </trkpt>
      <trkpt lat="44.508868" lon="6.354033">
        <ele>975.162853</ele>
        <time>2026-07-27T11:17:40.698Z</time>
      </trkpt>
      <trkpt lat="44.508970" lon="6.353134">
        <ele>974.482617</ele>
        <time>2026-07-27T11:17:48.289Z</time>
      </trkpt>
      <trkpt lat="44.508967" lon="6.352886">
        <ele>974.285251</ele>
        <time>2026-07-27T11:17:50.338Z</time>
      </trkpt>
      <trkpt lat="44.508878" lon="6.352435">
        <ele>974.297423</ele>
        <time>2026-07-27T11:17:55.100Z</time>
      </trkpt>
      <trkpt lat="44.508722" lon="6.352145">
        <ele>975.008263</ele>
        <time>2026-07-27T11:18:01.713Z</time>
      </trkpt>
      <trkpt lat="44.508465" lon="6.351938">
        <ele>976.967424</ele>
        <time>2026-07-27T11:18:13.496Z</time>
      </trkpt>
      <trkpt lat="44.507667" lon="6.351598">
        <ele>986.105957</ele>
        <time>2026-07-27T11:19:04.136Z</time>
      </trkpt>
      <trkpt lat="44.507363" lon="6.351405">
        <ele>989.057238</ele>
        <time>2026-07-27T11:19:22.065Z</time>
      </trkpt>
      <trkpt lat="44.505823" lon="6.349848">
        <ele>992.061301</ele>
        <time>2026-07-27T11:20:01.704Z</time>
      </trkpt>
      <trkpt lat="44.505161" lon="6.349174">
        <ele>990.123705</ele>
        <time>2026-07-27T11:20:10.381Z</time>
      </trkpt>
      <trkpt lat="44.504878" lon="6.349035">
        <ele>988.619464</ele>
        <time>2026-07-27T11:20:13.066Z</time>
      </trkpt>
      <trkpt lat="44.504700" lon="6.349050">
        <ele>988.844393</ele>
        <time>2026-07-27T11:20:17.525Z</time>
      </trkpt>
      <trkpt lat="44.504512" lon="6.349171">
        <ele>990.916895</ele>
        <time>2026-07-27T11:20:29.487Z</time>
      </trkpt>
      <trkpt lat="44.504418" lon="6.349296">
        <ele>992.641705</ele>
        <time>2026-07-27T11:20:38.784Z</time>
      </trkpt>
      <trkpt lat="44.504233" lon="6.349724">
        <ele>997.466425</ele>
        <time>2026-07-27T11:21:04.427Z</time>
      </trkpt>
      <trkpt lat="44.504161" lon="6.349790">
        <ele>998.359896</ele>
        <time>2026-07-27T11:21:09.578Z</time>
      </trkpt>
      <trkpt lat="44.504020" lon="6.349809">
        <ele>999.700211</ele>
        <time>2026-07-27T11:21:16.551Z</time>
      </trkpt>
      <trkpt lat="44.503951" lon="6.349781">
        <ele>1000.119571</ele>
        <time>2026-07-27T11:21:19.524Z</time>
      </trkpt>
      <trkpt lat="44.503871" lon="6.349713">
        <ele>1000.665738</ele>
        <time>2026-07-27T11:21:22.783Z</time>
      </trkpt>
      <trkpt lat="44.503806" lon="6.349590">
        <ele>1001.055493</ele>
        <time>2026-07-27T11:21:25.910Z</time>
      </trkpt>
      <trkpt lat="44.503667" lon="6.349034">
        <ele>1002.174238</ele>
        <time>2026-07-27T11:21:35.895Z</time>
      </trkpt>
      <trkpt lat="44.503582" lon="6.348878">
        <ele>1002.688899</ele>
        <time>2026-07-27T11:21:39.872Z</time>
      </trkpt>
      <trkpt lat="44.503478" lon="6.348770">
        <ele>1003.595384</ele>
        <time>2026-07-27T11:21:44.792Z</time>
      </trkpt>
      <trkpt lat="44.502923" lon="6.348581">
        <ele>1008.536491</ele>
        <time>2026-07-27T11:22:13.972Z</time>
      </trkpt>
      <trkpt lat="44.502618" lon="6.348437">
        <ele>1011.654124</ele>
        <time>2026-07-27T11:22:32.080Z</time>
      </trkpt>
      <trkpt lat="44.502395" lon="6.348275">
        <ele>1013.462795</ele>
        <time>2026-07-27T11:22:43.662Z</time>
      </trkpt>
      <trkpt lat="44.502327" lon="6.348172">
        <ele>1014.011086</ele>
        <time>2026-07-27T11:22:46.845Z</time>
      </trkpt>
      <trkpt lat="44.502290" lon="6.348036">
        <ele>1014.127394</ele>
        <time>2026-07-27T11:22:48.877Z</time>
      </trkpt>
      <trkpt lat="44.502269" lon="6.347641">
        <ele>1014.484231</ele>
        <time>2026-07-27T11:22:52.551Z</time>
      </trkpt>
      <trkpt lat="44.502246" lon="6.347076">
        <ele>1016.993836</ele>
        <time>2026-07-27T11:23:09.422Z</time>
      </trkpt>
      <trkpt lat="44.502168" lon="6.346662">
        <ele>1019.719938</ele>
        <time>2026-07-27T11:23:26.359Z</time>
      </trkpt>
      <trkpt lat="44.502037" lon="6.346357">
        <ele>1021.232313</ele>
        <time>2026-07-27T11:23:36.097Z</time>
      </trkpt>
      <trkpt lat="44.501845" lon="6.346107">
        <ele>1021.537993</ele>
        <time>2026-07-27T11:23:40.955Z</time>
      </trkpt>
      <trkpt lat="44.501718" lon="6.346003">
        <ele>1021.436939</ele>
        <time>2026-07-27T11:23:42.884Z</time>
      </trkpt>
      <trkpt lat="44.501450" lon="6.345860">
        <ele>1020.952750</ele>
        <time>2026-07-27T11:23:46.043Z</time>
      </trkpt>
      <trkpt lat="44.500550" lon="6.345452">
        <ele>1018.352314</ele>
        <time>2026-07-27T11:23:55.655Z</time>
      </trkpt>
      <trkpt lat="44.500242" lon="6.345434">
        <ele>1019.481436</ele>
        <time>2026-07-27T11:24:05.561Z</time>
      </trkpt>
      <trkpt lat="44.499873" lon="6.345573">
        <ele>1022.180848</ele>
        <time>2026-07-27T11:24:22.567Z</time>
      </trkpt>
      <trkpt lat="44.499627" lon="6.345628">
        <ele>1023.880642</ele>
        <time>2026-07-27T11:24:33.562Z</time>
      </trkpt>
      <trkpt lat="44.499449" lon="6.345576">
        <ele>1024.982161</ele>
        <time>2026-07-27T11:24:40.082Z</time>
      </trkpt>
      <trkpt lat="44.499304" lon="6.345417">
        <ele>1026.071346</ele>
        <time>2026-07-27T11:24:47.806Z</time>
      </trkpt>
      <trkpt lat="44.499198" lon="6.345210">
        <ele>1026.563070</ele>
        <time>2026-07-27T11:24:53.354Z</time>
      </trkpt>
      <trkpt lat="44.499164" lon="6.345054">
        <ele>1026.032706</ele>
        <time>2026-07-27T11:24:54.460Z</time>
      </trkpt>
      <trkpt lat="44.499092" lon="6.344382">
        <ele>1022.417062</ele>
        <time>2026-07-27T11:24:58.746Z</time>
      </trkpt>
      <trkpt lat="44.499035" lon="6.344172">
        <ele>1020.875937</ele>
        <time>2026-07-27T11:25:00.133Z</time>
      </trkpt>
      <trkpt lat="44.498867" lon="6.343865">
        <ele>1017.846204</ele>
        <time>2026-07-27T11:25:02.461Z</time>
      </trkpt>
      <trkpt lat="44.498622" lon="6.343651">
        <ele>1014.964376</ele>
        <time>2026-07-27T11:25:04.970Z</time>
      </trkpt>
      <trkpt lat="44.498490" lon="6.343595">
        <ele>1013.708691</ele>
        <time>2026-07-27T11:25:06.156Z</time>
      </trkpt>
      <trkpt lat="44.498358" lon="6.343580">
        <ele>1012.540088</ele>
        <time>2026-07-27T11:25:07.314Z</time>
      </trkpt>
      <trkpt lat="44.498079" lon="6.343644">
        <ele>1011.245178</ele>
        <time>2026-07-27T11:25:09.996Z</time>
      </trkpt>
      <trkpt lat="44.497941" lon="6.343736">
        <ele>1010.912275</ele>
        <time>2026-07-27T11:25:11.718Z</time>
      </trkpt>
      <trkpt lat="44.497733" lon="6.343972">
        <ele>1011.281317</ele>
        <time>2026-07-27T11:25:16.507Z</time>
      </trkpt>
      <trkpt lat="44.497303" lon="6.344788">
        <ele>1016.651647</ele>
        <time>2026-07-27T11:25:50.799Z</time>
      </trkpt>
      <trkpt lat="44.497191" lon="6.344944">
        <ele>1017.405861</ele>
        <time>2026-07-27T11:25:55.580Z</time>
      </trkpt>
      <trkpt lat="44.497053" lon="6.345027">
        <ele>1017.500112</ele>
        <time>2026-07-27T11:25:58.420Z</time>
      </trkpt>
      <trkpt lat="44.496899" lon="6.345005">
        <ele>1017.347822</ele>
        <time>2026-07-27T11:26:00.306Z</time>
      </trkpt>
      <trkpt lat="44.496766" lon="6.344883">
        <ele>1016.930588</ele>
        <time>2026-07-27T11:26:01.919Z</time>
      </trkpt>
      <trkpt lat="44.496606" lon="6.344386">
        <ele>1015.076271</ele>
        <time>2026-07-27T11:26:05.579Z</time>
      </trkpt>
      <trkpt lat="44.496543" lon="6.344255">
        <ele>1014.729584</ele>
        <time>2026-07-27T11:26:06.690Z</time>
      </trkpt>
      <trkpt lat="44.496377" lon="6.344045">
        <ele>1014.501079</ele>
        <time>2026-07-27T11:26:09.287Z</time>
      </trkpt>
      <trkpt lat="44.496057" lon="6.343756">
        <ele>1015.232875</ele>
        <time>2026-07-27T11:26:18.970Z</time>
      </trkpt>
      <trkpt lat="44.496007" lon="6.343678">
        <ele>1014.875981</ele>
        <time>2026-07-27T11:26:20.764Z</time>
      </trkpt>
      <trkpt lat="44.495856" lon="6.343125">
        <ele>1011.365161</ele>
        <time>2026-07-27T11:26:24.480Z</time>
      </trkpt>
      <trkpt lat="44.495798" lon="6.343016">
        <ele>1009.701865</ele>
        <time>2026-07-27T11:26:25.268Z</time>
      </trkpt>
      <trkpt lat="44.495646" lon="6.342848">
        <ele>1006.798415</ele>
        <time>2026-07-27T11:26:26.846Z</time>
      </trkpt>
      <trkpt lat="44.495557" lon="6.342787">
        <ele>1005.464223</ele>
        <time>2026-07-27T11:26:27.688Z</time>
      </trkpt>
      <trkpt lat="44.495334" lon="6.342742">
        <ele>1005.714757</ele>
        <time>2026-07-27T11:26:32.244Z</time>
      </trkpt>
      <trkpt lat="44.495114" lon="6.342706">
        <ele>1008.662854</ele>
        <time>2026-07-27T11:26:47.855Z</time>
      </trkpt>
      <trkpt lat="44.495037" lon="6.342658">
        <ele>1010.300438</ele>
        <time>2026-07-27T11:26:56.805Z</time>
      </trkpt>
      <trkpt lat="44.494892" lon="6.342506">
        <ele>1013.643497</ele>
        <time>2026-07-27T11:27:16.048Z</time>
      </trkpt>
      <trkpt lat="44.494502" lon="6.342081">
        <ele>1015.249398</ele>
        <time>2026-07-27T11:27:23.637Z</time>
      </trkpt>
      <trkpt lat="44.494424" lon="6.341919">
        <ele>1016.492971</ele>
        <time>2026-07-27T11:27:32.175Z</time>
      </trkpt>
      <trkpt lat="44.494379" lon="6.341730">
        <ele>1018.203070</ele>
        <time>2026-07-27T11:27:44.805Z</time>
      </trkpt>
      <trkpt lat="44.494381" lon="6.341508">
        <ele>1019.455690</ele>
        <time>2026-07-27T11:27:51.742Z</time>
      </trkpt>
      <trkpt lat="44.494408" lon="6.341348">
        <ele>1019.497728</ele>
        <time>2026-07-27T11:27:53.260Z</time>
      </trkpt>
      <trkpt lat="44.494483" lon="6.341155">
        <ele>1018.700857</ele>
        <time>2026-07-27T11:27:54.733Z</time>
      </trkpt>
      <trkpt lat="44.495038" lon="6.340281">
        <ele>1012.209057</ele>
        <time>2026-07-27T11:28:02.094Z</time>
      </trkpt>
      <trkpt lat="44.495214" lon="6.339981">
        <ele>1009.485055</ele>
        <time>2026-07-27T11:28:04.480Z</time>
      </trkpt>
      <trkpt lat="44.495310" lon="6.339765">
        <ele>1007.671140</ele>
        <time>2026-07-27T11:28:06.032Z</time>
      </trkpt>
      <trkpt lat="44.495391" lon="6.339441">
        <ele>1005.563252</ele>
        <time>2026-07-27T11:28:08.161Z</time>
      </trkpt>
      <trkpt lat="44.495418" lon="6.339221">
        <ele>1004.493400</ele>
        <time>2026-07-27T11:28:09.617Z</time>
      </trkpt>
      <trkpt lat="44.495411" lon="6.338882">
        <ele>1003.709794</ele>
        <time>2026-07-27T11:28:12.077Z</time>
      </trkpt>
      <trkpt lat="44.495354" lon="6.338548">
        <ele>1003.620025</ele>
        <time>2026-07-27T11:28:15.258Z</time>
      </trkpt>
      <trkpt lat="44.495304" lon="6.338379">
        <ele>1003.859937</ele>
        <time>2026-07-27T11:28:18.237Z</time>
      </trkpt>
      <trkpt lat="44.495196" lon="6.338145">
        <ele>1004.605880</ele>
        <time>2026-07-27T11:28:24.672Z</time>
      </trkpt>
      <trkpt lat="44.495038" lon="6.337923">
        <ele>1005.499386</ele>
        <time>2026-07-27T11:28:31.997Z</time>
      </trkpt>
      <trkpt lat="44.494788" lon="6.337658">
        <ele>1006.283074</ele>
        <time>2026-07-27T11:28:39.682Z</time>
      </trkpt>
      <trkpt lat="44.494658" lon="6.337430">
        <ele>1006.143076</ele>
        <time>2026-07-27T11:28:42.327Z</time>
      </trkpt>
      <trkpt lat="44.494616" lon="6.337290">
        <ele>1005.792240</ele>
        <time>2026-07-27T11:28:43.467Z</time>
      </trkpt>
      <trkpt lat="44.494409" lon="6.335958">
        <ele>1002.613114</ele>
        <time>2026-07-27T11:28:53.159Z</time>
      </trkpt>
      <trkpt lat="44.494327" lon="6.335699">
        <ele>1002.247563</ele>
        <time>2026-07-27T11:28:55.585Z</time>
      </trkpt>
      <trkpt lat="44.494157" lon="6.335390">
        <ele>1001.638722</ele>
        <time>2026-07-27T11:28:58.625Z</time>
      </trkpt>
      <trkpt lat="44.493943" lon="6.335135">
        <ele>1000.471593</ele>
        <time>2026-07-27T11:29:01.367Z</time>
      </trkpt>
      <trkpt lat="44.493287" lon="6.334564">
        <ele>995.498787</ele>
        <time>2026-07-27T11:29:08.362Z</time>
      </trkpt>
      <trkpt lat="44.493058" lon="6.334402">
        <ele>993.884615</ele>
        <time>2026-07-27T11:29:10.680Z</time>
      </trkpt>
      <trkpt lat="44.492861" lon="6.334317">
        <ele>992.882863</ele>
        <time>2026-07-27T11:29:12.637Z</time>
      </trkpt>
      <trkpt lat="44.492683" lon="6.334285">
        <ele>992.226440</ele>
        <time>2026-07-27T11:29:14.466Z</time>
      </trkpt>
      <trkpt lat="44.492484" lon="6.334286">
        <ele>991.871995</ele>
        <time>2026-07-27T11:29:16.465Z</time>
      </trkpt>
      <trkpt lat="44.492299" lon="6.334345">
        <ele>992.314251</ele>
        <time>2026-07-27T11:29:20.532Z</time>
      </trkpt>
      <trkpt lat="44.491059" lon="6.335172">
        <ele>1005.182146</ele>
        <time>2026-07-27T11:30:33.975Z</time>
      </trkpt>
      <trkpt lat="44.490874" lon="6.335217">
        <ele>1007.226782</ele>
        <time>2026-07-27T11:30:45.328Z</time>
      </trkpt>
      <trkpt lat="44.490633" lon="6.335111">
        <ele>1010.178212</ele>
        <time>2026-07-27T11:31:01.322Z</time>
      </trkpt>
      <trkpt lat="44.489985" lon="6.334497">
        <ele>1019.165440</ele>
        <time>2026-07-27T11:31:48.806Z</time>
      </trkpt>
      <trkpt lat="44.489903" lon="6.334309">
        <ele>1020.704586</ele>
        <time>2026-07-27T11:31:58.039Z</time>
      </trkpt>
      <trkpt lat="44.489884" lon="6.334051">
        <ele>1022.085559</ele>
        <time>2026-07-27T11:32:06.708Z</time>
      </trkpt>
      <trkpt lat="44.489969" lon="6.333716">
        <ele>1022.479052</ele>
        <time>2026-07-27T11:32:13.382Z</time>
      </trkpt>
      <trkpt lat="44.490286" lon="6.332698">
        <ele>1019.179615</ele>
        <time>2026-07-27T11:32:20.875Z</time>
      </trkpt>
      <trkpt lat="44.490397" lon="6.332239">
        <ele>1017.479831</ele>
        <time>2026-07-27T11:32:24.104Z</time>
      </trkpt>
      <trkpt lat="44.490447" lon="6.331688">
        <ele>1016.610101</ele>
        <time>2026-07-27T11:32:28.321Z</time>
      </trkpt>
      <trkpt lat="44.490397" lon="6.331054">
        <ele>1017.579154</ele>
        <time>2026-07-27T11:32:39.475Z</time>
      </trkpt>
      <trkpt lat="44.490260" lon="6.330249">
        <ele>1019.717955</ele>
        <time>2026-07-27T11:32:57.297Z</time>
      </trkpt>
      <trkpt lat="44.490245" lon="6.329942">
        <ele>1020.135816</ele>
        <time>2026-07-27T11:33:02.148Z</time>
      </trkpt>
      <trkpt lat="44.490279" lon="6.329225">
        <ele>1020.273178</ele>
        <time>2026-07-27T11:33:10.832Z</time>
      </trkpt>
      <trkpt lat="44.490268" lon="6.328955">
        <ele>1019.777730</ele>
        <time>2026-07-27T11:33:12.861Z</time>
      </trkpt>
      <trkpt lat="44.490191" lon="6.328584">
        <ele>1018.121333</ele>
        <time>2026-07-27T11:33:15.346Z</time>
      </trkpt>
      <trkpt lat="44.490077" lon="6.328330">
        <ele>1016.809464</ele>
        <time>2026-07-27T11:33:17.317Z</time>
      </trkpt>
      <trkpt lat="44.489930" lon="6.328152">
        <ele>1015.642629</ele>
        <time>2026-07-27T11:33:19.116Z</time>
      </trkpt>
      <trkpt lat="44.489837" lon="6.328077">
        <ele>1014.742664</ele>
        <time>2026-07-27T11:33:20.072Z</time>
      </trkpt>
      <trkpt lat="44.489598" lon="6.327949">
        <ele>1012.475181</ele>
        <time>2026-07-27T11:33:22.271Z</time>
      </trkpt>
      <trkpt lat="44.488806" lon="6.327627">
        <ele>1005.741845</ele>
        <time>2026-07-27T11:33:29.522Z</time>
      </trkpt>
      <trkpt lat="44.488566" lon="6.327518">
        <ele>1004.638919</ele>
        <time>2026-07-27T11:33:31.998Z</time>
      </trkpt>
      <trkpt lat="44.488415" lon="6.327410">
        <ele>1004.140506</ele>
        <time>2026-07-27T11:33:33.767Z</time>
      </trkpt>
      <trkpt lat="44.488173" lon="6.327159">
        <ele>1003.603630</ele>
        <time>2026-07-27T11:33:37.080Z</time>
      </trkpt>
      <trkpt lat="44.487674" lon="6.326526">
        <ele>1003.320103</ele>
        <time>2026-07-27T11:33:46.723Z</time>
      </trkpt>
      <trkpt lat="44.487562" lon="6.326333">
        <ele>1003.319563</ele>
        <time>2026-07-27T11:33:48.765Z</time>
      </trkpt>
      <trkpt lat="44.487527" lon="6.326225">
        <ele>1003.437396</ele>
        <time>2026-07-27T11:33:50.292Z</time>
      </trkpt>
      <trkpt lat="44.487434" lon="6.325774">
        <ele>1004.852037</ele>
        <time>2026-07-27T11:34:01.282Z</time>
      </trkpt>
      <trkpt lat="44.487383" lon="6.325617">
        <ele>1005.756442</ele>
        <time>2026-07-27T11:34:06.857Z</time>
      </trkpt>
      <trkpt lat="44.487060" lon="6.324934">
        <ele>1010.385779</ele>
        <time>2026-07-27T11:34:35.076Z</time>
      </trkpt>
      <trkpt lat="44.486794" lon="6.324287">
        <ele>1013.442565</ele>
        <time>2026-07-27T11:34:56.393Z</time>
      </trkpt>
      <trkpt lat="44.486379" lon="6.323407">
        <ele>1012.217484</ele>
        <time>2026-07-27T11:35:04.365Z</time>
      </trkpt>
      <trkpt lat="44.486053" lon="6.322919">
        <ele>1014.052037</ele>
        <time>2026-07-27T11:35:20.375Z</time>
      </trkpt>
      <trkpt lat="44.485384" lon="6.320837">
        <ele>1016.687609</ele>
        <time>2026-07-27T11:35:53.563Z</time>
      </trkpt>
      <trkpt lat="44.485204" lon="6.320485">
        <ele>1017.936029</ele>
        <time>2026-07-27T11:36:04.003Z</time>
      </trkpt>
      <trkpt lat="44.484697" lon="6.319825">
        <ele>1020.327678</ele>
        <time>2026-07-27T11:36:23.861Z</time>
      </trkpt>
      <trkpt lat="44.484479" lon="6.319431">
        <ele>1020.906578</ele>
        <time>2026-07-27T11:36:31.766Z</time>
      </trkpt>
      <trkpt lat="44.484328" lon="6.319224">
        <ele>1021.006220</ele>
        <time>2026-07-27T11:36:34.826Z</time>
      </trkpt>
      <trkpt lat="44.484192" lon="6.319118">
        <ele>1021.025651</ele>
        <time>2026-07-27T11:36:37.119Z</time>
      </trkpt>
      <trkpt lat="44.483948" lon="6.319000">
        <ele>1021.186074</ele>
        <time>2026-07-27T11:36:41.918Z</time>
      </trkpt>
      <trkpt lat="44.483787" lon="6.318951">
        <ele>1021.270387</ele>
        <time>2026-07-27T11:36:44.455Z</time>
      </trkpt>
      <trkpt lat="44.483423" lon="6.318917">
        <ele>1021.291322</ele>
        <time>2026-07-27T11:36:49.769Z</time>
      </trkpt>
      <trkpt lat="44.482913" lon="6.318870">
        <ele>1022.045759</ele>
        <time>2026-07-27T11:37:00.084Z</time>
      </trkpt>
      <trkpt lat="44.482668" lon="6.318880">
        <ele>1023.111785</ele>
        <time>2026-07-27T11:37:08.332Z</time>
      </trkpt>
      <trkpt lat="44.482475" lon="6.319009">
        <ele>1024.283863</ele>
        <time>2026-07-27T11:37:16.190Z</time>
      </trkpt>
      <trkpt lat="44.482188" lon="6.319333">
        <ele>1027.095414</ele>
        <time>2026-07-27T11:37:32.357Z</time>
      </trkpt>
      <trkpt lat="44.481923" lon="6.319487">
        <ele>1029.839617</ele>
        <time>2026-07-27T11:37:49.113Z</time>
      </trkpt>
      <trkpt lat="44.481687" lon="6.319480">
        <ele>1031.667360</ele>
        <time>2026-07-27T11:37:59.518Z</time>
      </trkpt>
      <trkpt lat="44.481454" lon="6.319318">
        <ele>1033.399915</ele>
        <time>2026-07-27T11:38:10.217Z</time>
      </trkpt>
      <trkpt lat="44.481266" lon="6.319098">
        <ele>1034.913885</ele>
        <time>2026-07-27T11:38:20.033Z</time>
      </trkpt>
      <trkpt lat="44.480964" lon="6.318654">
        <ele>1036.689483</ele>
        <time>2026-07-27T11:38:33.670Z</time>
      </trkpt>
      <trkpt lat="44.480758" lon="6.318252">
        <ele>1036.895128</ele>
        <time>2026-07-27T11:38:39.805Z</time>
      </trkpt>
      <trkpt lat="44.480680" lon="6.317855">
        <ele>1036.581385</ele>
        <time>2026-07-27T11:38:43.238Z</time>
      </trkpt>
      <trkpt lat="44.480666" lon="6.317558">
        <ele>1036.232118</ele>
        <time>2026-07-27T11:38:45.592Z</time>
      </trkpt>
      <trkpt lat="44.480705" lon="6.317294">
        <ele>1036.076136</ele>
        <time>2026-07-27T11:38:47.952Z</time>
      </trkpt>
      <trkpt lat="44.480868" lon="6.316675">
        <ele>1036.269884</ele>
        <time>2026-07-27T11:38:55.901Z</time>
      </trkpt>
      <trkpt lat="44.480898" lon="6.316263">
        <ele>1036.769425</ele>
        <time>2026-07-27T11:39:02.477Z</time>
      </trkpt>
      <trkpt lat="44.480885" lon="6.316094">
        <ele>1036.907557</ele>
        <time>2026-07-27T11:39:05.124Z</time>
      </trkpt>
      <trkpt lat="44.480829" lon="6.315872">
        <ele>1036.952706</ele>
        <time>2026-07-27T11:39:07.459Z</time>
      </trkpt>
      <trkpt lat="44.480714" lon="6.315649">
        <ele>1037.058866</ele>
        <time>2026-07-27T11:39:09.837Z</time>
      </trkpt>
      <trkpt lat="44.480453" lon="6.315363">
        <ele>1038.250602</ele>
        <time>2026-07-27T11:39:20.547Z</time>
      </trkpt>
      <trkpt lat="44.480297" lon="6.315269">
        <ele>1038.996257</ele>
        <time>2026-07-27T11:39:26.567Z</time>
      </trkpt>
      <trkpt lat="44.480068" lon="6.315187">
        <ele>1039.807912</ele>
        <time>2026-07-27T11:39:33.403Z</time>
      </trkpt>
      <trkpt lat="44.479727" lon="6.315095">
        <ele>1040.499800</ele>
        <time>2026-07-27T11:39:40.930Z</time>
      </trkpt>
      <trkpt lat="44.479627" lon="6.315088">
        <ele>1040.652247</ele>
        <time>2026-07-27T11:39:43.071Z</time>
      </trkpt>
      <trkpt lat="44.479468" lon="6.315092">
        <ele>1040.746204</ele>
        <time>2026-07-27T11:39:46.570Z</time>
      </trkpt>
      <trkpt lat="44.479108" lon="6.315108">
        <ele>1039.755683</ele>
        <time>2026-07-27T11:39:50.510Z</time>
      </trkpt>
      <trkpt lat="44.478873" lon="6.315109">
        <ele>1037.108656</ele>
        <time>2026-07-27T11:39:52.479Z</time>
      </trkpt>
      <trkpt lat="44.478818" lon="6.315118">
        <ele>1036.524470</ele>
        <time>2026-07-27T11:39:52.939Z</time>
      </trkpt>
      <trkpt lat="44.478625" lon="6.315211">
        <ele>1034.663467</ele>
        <time>2026-07-27T11:39:54.718Z</time>
      </trkpt>
      <trkpt lat="44.478260" lon="6.315866">
        <ele>1031.986970</ele>
        <time>2026-07-27T11:40:00.466Z</time>
      </trkpt>
      <trkpt lat="44.478109" lon="6.315990">
        <ele>1030.799600</ele>
        <time>2026-07-27T11:40:02.071Z</time>
      </trkpt>
      <trkpt lat="44.477509" lon="6.316165">
        <ele>1025.616137</ele>
        <time>2026-07-27T11:40:07.430Z</time>
      </trkpt>
      <trkpt lat="44.477229" lon="6.316329">
        <ele>1022.419336</ele>
        <time>2026-07-27T11:40:10.029Z</time>
      </trkpt>
      <trkpt lat="44.476958" lon="6.316581">
        <ele>1018.724280</ele>
        <time>2026-07-27T11:40:12.779Z</time>
      </trkpt>
      <trkpt lat="44.476845" lon="6.316676">
        <ele>1018.087520</ele>
        <time>2026-07-27T11:40:13.956Z</time>
      </trkpt>
      <trkpt lat="44.476590" lon="6.316891">
        <ele>1017.382297</ele>
        <time>2026-07-27T11:40:18.418Z</time>
      </trkpt>
      <trkpt lat="44.476003" lon="6.317255">
        <ele>1012.253392</ele>
        <time>2026-07-27T11:40:24.048Z</time>
      </trkpt>
      <trkpt lat="44.475928" lon="6.317296">
        <ele>1011.571951</ele>
        <time>2026-07-27T11:40:24.758Z</time>
      </trkpt>
      <trkpt lat="44.475758" lon="6.317366">
        <ele>1010.000524</ele>
        <time>2026-07-27T11:40:26.337Z</time>
      </trkpt>
      <trkpt lat="44.475364" lon="6.317502">
        <ele>1003.463822</ele>
        <time>2026-07-27T11:40:29.694Z</time>
      </trkpt>
      <trkpt lat="44.474944" lon="6.317640">
        <ele>994.080713</ele>
        <time>2026-07-27T11:40:33.221Z</time>
      </trkpt>
      <trkpt lat="44.474843" lon="6.317719">
        <ele>992.353776</ele>
        <time>2026-07-27T11:40:34.207Z</time>
      </trkpt>
      <trkpt lat="44.474778" lon="6.317792">
        <ele>991.971625</ele>
        <time>2026-07-27T11:40:35.039Z</time>
      </trkpt>
      <trkpt lat="44.474562" lon="6.318153">
        <ele>990.718490</ele>
        <time>2026-07-27T11:40:38.718Z</time>
      </trkpt>
      <trkpt lat="44.474154" lon="6.318625">
        <ele>984.961472</ele>
        <time>2026-07-27T11:40:43.203Z</time>
      </trkpt>
      <trkpt lat="44.474117" lon="6.318696">
        <ele>984.348395</ele>
        <time>2026-07-27T11:40:43.739Z</time>
      </trkpt>
      <trkpt lat="44.474083" lon="6.318790">
        <ele>983.613509</ele>
        <time>2026-07-27T11:40:44.397Z</time>
      </trkpt>
      <trkpt lat="44.474055" lon="6.319200">
        <ele>981.344196</ele>
        <time>2026-07-27T11:40:47.192Z</time>
      </trkpt>
      <trkpt lat="44.473943" lon="6.319283">
        <ele>979.422424</ele>
        <time>2026-07-27T11:40:48.224Z</time>
      </trkpt>
      <trkpt lat="44.473885" lon="6.319249">
        <ele>978.708404</ele>
        <time>2026-07-27T11:40:48.745Z</time>
      </trkpt>
      <trkpt lat="44.473853" lon="6.319199">
        <ele>978.373812</ele>
        <time>2026-07-27T11:40:49.146Z</time>
      </trkpt>
      <trkpt lat="44.473833" lon="6.319075">
        <ele>977.740500</ele>
        <time>2026-07-27T11:40:50.024Z</time>
      </trkpt>
      <trkpt lat="44.473854" lon="6.318901">
        <ele>977.580854</ele>
        <time>2026-07-27T11:40:52.810Z</time>
      </trkpt>
      <trkpt lat="44.473915" lon="6.318728">
        <ele>978.055269</ele>
        <time>2026-07-27T11:40:57.035Z</time>
      </trkpt>
      <trkpt lat="44.474257" lon="6.318178">
        <ele>979.905934</ele>
        <time>2026-07-27T11:41:16.207Z</time>
      </trkpt>
      <trkpt lat="44.474302" lon="6.318051">
        <ele>978.967483</ele>
        <time>2026-07-27T11:41:17.080Z</time>
      </trkpt>
      <trkpt lat="44.474325" lon="6.317882">
        <ele>977.214808</ele>
        <time>2026-07-27T11:41:18.083Z</time>
      </trkpt>
      <trkpt lat="44.474310" lon="6.317691">
        <ele>974.320672</ele>
        <time>2026-07-27T11:41:19.197Z</time>
      </trkpt>
      <trkpt lat="44.474268" lon="6.317458">
        <ele>970.446356</ele>
        <time>2026-07-27T11:41:20.596Z</time>
      </trkpt>
      <trkpt lat="44.474193" lon="6.317219">
        <ele>966.498427</ele>
        <time>2026-07-27T11:41:22.116Z</time>
      </trkpt>
      <trkpt lat="44.473992" lon="6.316833">
        <ele>960.744382</ele>
        <time>2026-07-27T11:41:24.936Z</time>
      </trkpt>
      <trkpt lat="44.473985" lon="6.316644">
        <ele>959.656164</ele>
        <time>2026-07-27T11:41:26.115Z</time>
      </trkpt>
      <trkpt lat="44.474033" lon="6.316497">
        <ele>958.876682</ele>
        <time>2026-07-27T11:41:27.217Z</time>
      </trkpt>
      <trkpt lat="44.474131" lon="6.316364">
        <ele>958.571787</ele>
        <time>2026-07-27T11:41:28.673Z</time>
      </trkpt>
      <trkpt lat="44.474263" lon="6.316279">
        <ele>958.388906</ele>
        <time>2026-07-27T11:41:30.455Z</time>
      </trkpt>
      <trkpt lat="44.474810" lon="6.316094">
        <ele>958.268326</ele>
        <time>2026-07-27T11:41:38.925Z</time>
      </trkpt>
      <trkpt lat="44.474854" lon="6.316043">
        <ele>958.184617</ele>
        <time>2026-07-27T11:41:39.692Z</time>
      </trkpt>
      <trkpt lat="44.474874" lon="6.315963">
        <ele>957.898281</ele>
        <time>2026-07-27T11:41:40.363Z</time>
      </trkpt>
      <trkpt lat="44.474859" lon="6.315881">
        <ele>957.612338</ele>
        <time>2026-07-27T11:41:40.955Z</time>
      </trkpt>
      <trkpt lat="44.474788" lon="6.315780">
        <ele>957.016432</ele>
        <time>2026-07-27T11:41:41.849Z</time>
      </trkpt>
      <trkpt lat="44.474723" lon="6.315785">
        <ele>956.140868</ele>
        <time>2026-07-27T11:41:42.402Z</time>
      </trkpt>
      <trkpt lat="44.474474" lon="6.315972">
        <ele>952.163974</ele>
        <time>2026-07-27T11:41:44.744Z</time>
      </trkpt>
      <trkpt lat="44.474077" lon="6.316023">
        <ele>946.658013</ele>
        <time>2026-07-27T11:41:48.069Z</time>
      </trkpt>
      <trkpt lat="44.473878" lon="6.316168">
        <ele>944.166307</ele>
        <time>2026-07-27T11:41:49.975Z</time>
      </trkpt>
      <trkpt lat="44.473487" lon="6.316608">
        <ele>939.824923</ele>
        <time>2026-07-27T11:41:54.355Z</time>
      </trkpt>
      <trkpt lat="44.473411" lon="6.316823">
        <ele>938.879741</ele>
        <time>2026-07-27T11:41:55.991Z</time>
      </trkpt>
      <trkpt lat="44.473322" lon="6.317191">
        <ele>937.863584</ele>
        <time>2026-07-27T11:41:58.806Z</time>
      </trkpt>
      <trkpt lat="44.473262" lon="6.317328">
        <ele>937.381113</ele>
        <time>2026-07-27T11:41:59.939Z</time>
      </trkpt>
      <trkpt lat="44.473174" lon="6.317445">
        <ele>936.572364</ele>
        <time>2026-07-27T11:42:01.064Z</time>
      </trkpt>
      <trkpt lat="44.473064" lon="6.317520">
        <ele>935.528768</ele>
        <time>2026-07-27T11:42:02.127Z</time>
      </trkpt>
      <trkpt lat="44.472825" lon="6.317520">
        <ele>932.368871</ele>
        <time>2026-07-27T11:42:04.137Z</time>
      </trkpt>
      <trkpt lat="44.472414" lon="6.317360">
        <ele>924.380021</ele>
        <time>2026-07-27T11:42:07.630Z</time>
      </trkpt>
      <trkpt lat="44.472246" lon="6.317355">
        <ele>921.063971</ele>
        <time>2026-07-27T11:42:09.002Z</time>
      </trkpt>
      <trkpt lat="44.472053" lon="6.317436">
        <ele>917.537265</ele>
        <time>2026-07-27T11:42:10.653Z</time>
      </trkpt>
      <trkpt lat="44.471741" lon="6.317702">
        <ele>912.656179</ele>
        <time>2026-07-27T11:42:13.711Z</time>
      </trkpt>
      <trkpt lat="44.471536" lon="6.318147">
        <ele>908.630928</ele>
        <time>2026-07-27T11:42:16.961Z</time>
      </trkpt>
      <trkpt lat="44.471129" lon="6.318721">
        <ele>903.080899</ele>
        <time>2026-07-27T11:42:21.955Z</time>
      </trkpt>
      <trkpt lat="44.471046" lon="6.318879">
        <ele>901.817072</ele>
        <time>2026-07-27T11:42:23.157Z</time>
      </trkpt>
      <trkpt lat="44.470999" lon="6.319089">
        <ele>900.507741</ele>
        <time>2026-07-27T11:42:24.544Z</time>
      </trkpt>
      <trkpt lat="44.470974" lon="6.319365">
        <ele>899.609206</ele>
        <time>2026-07-27T11:42:26.438Z</time>
      </trkpt>
      <trkpt lat="44.471004" lon="6.319641">
        <ele>899.203065</ele>
        <time>2026-07-27T11:42:28.611Z</time>
      </trkpt>
      <trkpt lat="44.471283" lon="6.320122">
        <ele>899.072683</ele>
        <time>2026-07-27T11:42:35.162Z</time>
      </trkpt>
      <trkpt lat="44.471328" lon="6.320363">
        <ele>898.812555</ele>
        <time>2026-07-27T11:42:37.498Z</time>
      </trkpt>
      <trkpt lat="44.471320" lon="6.320595">
        <ele>898.199667</ele>
        <time>2026-07-27T11:42:39.131Z</time>
      </trkpt>
      <trkpt lat="44.471257" lon="6.320999">
        <ele>896.010224</ele>
        <time>2026-07-27T11:42:41.744Z</time>
      </trkpt>
      <trkpt lat="44.471263" lon="6.321371">
        <ele>893.661724</ele>
        <time>2026-07-27T11:42:44.053Z</time>
      </trkpt>
      <trkpt lat="44.471432" lon="6.321871">
        <ele>890.688568</ele>
        <time>2026-07-27T11:42:47.527Z</time>
      </trkpt>
      <trkpt lat="44.471633" lon="6.322362">
        <ele>889.301608</ele>
        <time>2026-07-27T11:42:51.644Z</time>
      </trkpt>
      <trkpt lat="44.471754" lon="6.322543">
        <ele>889.052775</ele>
        <time>2026-07-27T11:42:53.807Z</time>
      </trkpt>
      <trkpt lat="44.472000" lon="6.322764">
        <ele>889.130605</ele>
        <time>2026-07-27T11:42:58.527Z</time>
      </trkpt>
      <trkpt lat="44.472209" lon="6.322853">
        <ele>889.250230</ele>
        <time>2026-07-27T11:43:02.672Z</time>
      </trkpt>
      <trkpt lat="44.472733" lon="6.322943">
        <ele>889.353036</ele>
        <time>2026-07-27T11:43:10.965Z</time>
      </trkpt>
      <trkpt lat="44.472862" lon="6.323012">
        <ele>889.241628</ele>
        <time>2026-07-27T11:43:12.746Z</time>
      </trkpt>
      <trkpt lat="44.472977" lon="6.323140">
        <ele>889.031701</ele>
        <time>2026-07-27T11:43:14.384Z</time>
      </trkpt>
      <trkpt lat="44.473069" lon="6.323334">
        <ele>888.495826</ele>
        <time>2026-07-27T11:43:16.077Z</time>
      </trkpt>
      <trkpt lat="44.473104" lon="6.323463">
        <ele>888.135525</ele>
        <time>2026-07-27T11:43:17.042Z</time>
      </trkpt>
      <trkpt lat="44.473080" lon="6.323760">
        <ele>887.185409</ele>
        <time>2026-07-27T11:43:19.084Z</time>
      </trkpt>
      <trkpt lat="44.473011" lon="6.323946">
        <ele>886.390241</ele>
        <time>2026-07-27T11:43:20.494Z</time>
      </trkpt>
      <trkpt lat="44.472809" lon="6.324751">
        <ele>882.344922</ele>
        <time>2026-07-27T11:43:25.969Z</time>
      </trkpt>
      <trkpt lat="44.472643" lon="6.325122">
        <ele>880.784173</ele>
        <time>2026-07-27T11:43:28.970Z</time>
      </trkpt>
      <trkpt lat="44.472598" lon="6.325281">
        <ele>880.300733</ele>
        <time>2026-07-27T11:43:30.106Z</time>
      </trkpt>
      <trkpt lat="44.472594" lon="6.325563">
        <ele>880.249306</ele>
        <time>2026-07-27T11:43:32.137Z</time>
      </trkpt>
      <trkpt lat="44.472648" lon="6.326003">
        <ele>882.691617</ele>
        <time>2026-07-27T11:43:51.187Z</time>
      </trkpt>
      <trkpt lat="44.472715" lon="6.326513">
        <ele>884.186748</ele>
        <time>2026-07-27T11:44:01.117Z</time>
      </trkpt>
      <trkpt lat="44.472729" lon="6.326703">
        <ele>884.570247</ele>
        <time>2026-07-27T11:44:04.693Z</time>
      </trkpt>
      <trkpt lat="44.472710" lon="6.326842">
        <ele>884.703836</ele>
        <time>2026-07-27T11:44:07.191Z</time>
      </trkpt>
      <trkpt lat="44.472619" lon="6.327084">
        <ele>884.852839</ele>
        <time>2026-07-27T11:44:10.433Z</time>
      </trkpt>
      <trkpt lat="44.472541" lon="6.327192">
        <ele>884.834563</ele>
        <time>2026-07-27T11:44:12.035Z</time>
      </trkpt>
      <trkpt lat="44.472404" lon="6.327302">
        <ele>884.762625</ele>
        <time>2026-07-27T11:44:13.979Z</time>
      </trkpt>
      <trkpt lat="44.472318" lon="6.327338">
        <ele>884.709952</ele>
        <time>2026-07-27T11:44:15.077Z</time>
      </trkpt>
      <trkpt lat="44.472149" lon="6.327326">
        <ele>884.943710</ele>
        <time>2026-07-27T11:44:18.533Z</time>
      </trkpt>
      <trkpt lat="44.471986" lon="6.327251">
        <ele>885.039072</ele>
        <time>2026-07-27T11:44:22.786Z</time>
      </trkpt>
      <trkpt lat="44.471821" lon="6.327057">
        <ele>884.236649</ele>
        <time>2026-07-27T11:44:25.055Z</time>
      </trkpt>
      <trkpt lat="44.471594" lon="6.326436">
        <ele>879.292119</ele>
        <time>2026-07-27T11:44:29.314Z</time>
      </trkpt>
      <trkpt lat="44.471441" lon="6.326111">
        <ele>875.358477</ele>
        <time>2026-07-27T11:44:31.632Z</time>
      </trkpt>
      <trkpt lat="44.471361" lon="6.326007">
        <ele>873.418031</ele>
        <time>2026-07-27T11:44:32.523Z</time>
      </trkpt>
      <trkpt lat="44.471247" lon="6.325932">
        <ele>870.959491</ele>
        <time>2026-07-27T11:44:33.551Z</time>
      </trkpt>
      <trkpt lat="44.470869" lon="6.325829">
        <ele>862.388294</ele>
        <time>2026-07-27T11:44:36.696Z</time>
      </trkpt>
      <trkpt lat="44.470453" lon="6.325655">
        <ele>852.490987</ele>
        <time>2026-07-27T11:44:40.230Z</time>
      </trkpt>
      <trkpt lat="44.470342" lon="6.325659">
        <ele>849.949905</ele>
        <time>2026-07-27T11:44:41.135Z</time>
      </trkpt>
      <trkpt lat="44.470173" lon="6.325763">
        <ele>846.053930</ele>
        <time>2026-07-27T11:44:42.639Z</time>
      </trkpt>
      <trkpt lat="44.470008" lon="6.325939">
        <ele>842.286976</ele>
        <time>2026-07-27T11:44:44.340Z</time>
      </trkpt>
      <trkpt lat="44.469970" lon="6.326017">
        <ele>841.183538</ele>
        <time>2026-07-27T11:44:44.901Z</time>
      </trkpt>
      <trkpt lat="44.469927" lon="6.326145">
        <ele>840.398857</ele>
        <time>2026-07-27T11:44:45.754Z</time>
      </trkpt>
      <trkpt lat="44.469820" lon="6.326946">
        <ele>836.587002</ele>
        <time>2026-07-27T11:44:51.087Z</time>
      </trkpt>
      <trkpt lat="44.469828" lon="6.327293">
        <ele>836.989411</ele>
        <time>2026-07-27T11:44:57.122Z</time>
      </trkpt>
      <trkpt lat="44.469927" lon="6.327602">
        <ele>838.008953</ele>
        <time>2026-07-27T11:45:05.144Z</time>
      </trkpt>
      <trkpt lat="44.470184" lon="6.328033">
        <ele>839.808348</ele>
        <time>2026-07-27T11:45:18.788Z</time>
      </trkpt>
      <trkpt lat="44.470257" lon="6.328225">
        <ele>840.013580</ele>
        <time>2026-07-27T11:45:22.313Z</time>
      </trkpt>
      <trkpt lat="44.470325" lon="6.328523">
        <ele>839.783893</ele>
        <time>2026-07-27T11:45:24.965Z</time>
      </trkpt>
      <trkpt lat="44.470329" lon="6.328686">
        <ele>839.399871</ele>
        <time>2026-07-27T11:45:26.129Z</time>
      </trkpt>
      <trkpt lat="44.470312" lon="6.328805">
        <ele>838.967759</ele>
        <time>2026-07-27T11:45:26.940Z</time>
      </trkpt>
      <trkpt lat="44.470130" lon="6.329330">
        <ele>836.366500</ele>
        <time>2026-07-27T11:45:30.717Z</time>
      </trkpt>
      <trkpt lat="44.470085" lon="6.329534">
        <ele>835.350605</ele>
        <time>2026-07-27T11:45:32.078Z</time>
      </trkpt>
      <trkpt lat="44.470087" lon="6.330414">
        <ele>831.522433</ele>
        <time>2026-07-27T11:45:37.834Z</time>
      </trkpt>
      <trkpt lat="44.470067" lon="6.330673">
        <ele>830.490397</ele>
        <time>2026-07-27T11:45:39.578Z</time>
      </trkpt>
      <trkpt lat="44.469577" lon="6.332767">
        <ele>821.514699</ele>
        <time>2026-07-27T11:45:54.122Z</time>
      </trkpt>
      <trkpt lat="44.469408" lon="6.333338">
        <ele>818.185513</ele>
        <time>2026-07-27T11:45:58.057Z</time>
      </trkpt>
      <trkpt lat="44.469084" lon="6.334148">
        <ele>811.872694</ele>
        <time>2026-07-27T11:46:03.765Z</time>
      </trkpt>
      <trkpt lat="44.468780" lon="6.334682">
        <ele>807.783134</ele>
        <time>2026-07-27T11:46:08.046Z</time>
      </trkpt>
      <trkpt lat="44.468253" lon="6.335519">
        <ele>802.463723</ele>
        <time>2026-07-27T11:46:15.289Z</time>
      </trkpt>
      <trkpt lat="44.468109" lon="6.335741">
        <ele>800.574869</ele>
        <time>2026-07-27T11:46:17.157Z</time>
      </trkpt>
      <trkpt lat="44.467931" lon="6.336097">
        <ele>797.106394</ele>
        <time>2026-07-27T11:46:19.798Z</time>
      </trkpt>
      <trkpt lat="44.467863" lon="6.336334">
        <ele>794.937661</ele>
        <time>2026-07-27T11:46:21.329Z</time>
      </trkpt>
      <trkpt lat="44.467836" lon="6.336873">
        <ele>790.872711</ele>
        <time>2026-07-27T11:46:24.621Z</time>
      </trkpt>
      <trkpt lat="44.467845" lon="6.337338">
        <ele>788.508081</ele>
        <time>2026-07-27T11:46:27.618Z</time>
      </trkpt>
      <trkpt lat="44.467810" lon="6.337569">
        <ele>787.503800</ele>
        <time>2026-07-27T11:46:29.228Z</time>
      </trkpt>
      <trkpt lat="44.467298" lon="6.339473">
        <ele>779.127068</ele>
        <time>2026-07-27T11:46:42.599Z</time>
      </trkpt>
      <trkpt lat="44.466850" lon="6.341096">
        <ele>773.449210</ele>
        <time>2026-07-27T11:46:54.269Z</time>
      </trkpt>
      <trkpt lat="44.466828" lon="6.341279">
        <ele>773.685939</ele>
        <time>2026-07-27T11:46:59.307Z</time>
      </trkpt>
      <trkpt lat="44.466841" lon="6.341645">
        <ele>775.958964</ele>
        <time>2026-07-27T11:47:12.363Z</time>
      </trkpt>
      <trkpt lat="44.466904" lon="6.341877">
        <ele>777.695838</ele>
        <time>2026-07-27T11:47:22.319Z</time>
      </trkpt>
      <trkpt lat="44.467178" lon="6.342563">
        <ele>783.022891</ele>
        <time>2026-07-27T11:47:53.071Z</time>
      </trkpt>
      <trkpt lat="44.467245" lon="6.342853">
        <ele>784.163913</ele>
        <time>2026-07-27T11:48:00.945Z</time>
      </trkpt>
      <trkpt lat="44.467203" lon="6.343360">
        <ele>784.524399</ele>
        <time>2026-07-27T11:48:07.478Z</time>
      </trkpt>
      <trkpt lat="44.467012" lon="6.344295">
        <ele>782.000357</ele>
        <time>2026-07-27T11:48:14.201Z</time>
      </trkpt>
      <trkpt lat="44.466911" lon="6.344853">
        <ele>782.199830</ele>
        <time>2026-07-27T11:48:21.405Z</time>
      </trkpt>
      <trkpt lat="44.466935" lon="6.345158">
        <ele>782.995232</ele>
        <time>2026-07-27T11:48:28.523Z</time>
      </trkpt>
      <trkpt lat="44.466984" lon="6.345287">
        <ele>783.409490</ele>
        <time>2026-07-27T11:48:31.619Z</time>
      </trkpt>
      <trkpt lat="44.467123" lon="6.345437">
        <ele>784.148872</ele>
        <time>2026-07-27T11:48:36.849Z</time>
      </trkpt>
      <trkpt lat="44.467485" lon="6.345562">
        <ele>785.994235</ele>
        <time>2026-07-27T11:48:50.239Z</time>
      </trkpt>
      <trkpt lat="44.467804" lon="6.345635">
        <ele>787.523737</ele>
        <time>2026-07-27T11:49:01.113Z</time>
      </trkpt>
      <trkpt lat="44.468325" lon="6.345840">
        <ele>789.403666</ele>
        <time>2026-07-27T11:49:17.471Z</time>
      </trkpt>
      <trkpt lat="44.468412" lon="6.345935">
        <ele>789.579988</ele>
        <time>2026-07-27T11:49:19.124Z</time>
      </trkpt>
      <trkpt lat="44.468475" lon="6.346100">
        <ele>789.619545</ele>
        <time>2026-07-27T11:49:20.665Z</time>
      </trkpt>
      <trkpt lat="44.468483" lon="6.346195">
        <ele>789.710089</ele>
        <time>2026-07-27T11:49:22.422Z</time>
      </trkpt>
      <trkpt lat="44.468441" lon="6.346431">
        <ele>790.349851</ele>
        <time>2026-07-27T11:49:29.026Z</time>
      </trkpt>
      <trkpt lat="44.468365" lon="6.346538">
        <ele>790.262291</ele>
        <time>2026-07-27T11:49:30.360Z</time>
      </trkpt>
      <trkpt lat="44.468286" lon="6.346600">
        <ele>790.027794</ele>
        <time>2026-07-27T11:49:31.225Z</time>
      </trkpt>
      <trkpt lat="44.467855" lon="6.346824">
        <ele>788.369260</ele>
        <time>2026-07-27T11:49:35.712Z</time>
      </trkpt>
      <trkpt lat="44.467768" lon="6.346943">
        <ele>788.124784</ele>
        <time>2026-07-27T11:49:37.038Z</time>
      </trkpt>
      <trkpt lat="44.467697" lon="6.347121">
        <ele>787.971270</ele>
        <time>2026-07-27T11:49:38.950Z</time>
      </trkpt>
      <trkpt lat="44.467536" lon="6.348245">
        <ele>789.042656</ele>
        <time>2026-07-27T11:49:56.155Z</time>
      </trkpt>
      <trkpt lat="44.467448" lon="6.348538">
        <ele>788.884982</ele>
        <time>2026-07-27T11:49:58.807Z</time>
      </trkpt>
      <trkpt lat="44.467360" lon="6.348676">
        <ele>788.675974</ele>
        <time>2026-07-27T11:50:00.290Z</time>
      </trkpt>
      <trkpt lat="44.467203" lon="6.349103">
        <ele>788.044444</ele>
        <time>2026-07-27T11:50:04.111Z</time>
      </trkpt>
      <trkpt lat="44.467192" lon="6.349353">
        <ele>787.840491</ele>
        <time>2026-07-27T11:50:06.176Z</time>
      </trkpt>
      <trkpt lat="44.467222" lon="6.349532">
        <ele>787.786071</ele>
        <time>2026-07-27T11:50:07.893Z</time>
      </trkpt>
      <trkpt lat="44.467283" lon="6.349738">
        <ele>787.982748</ele>
        <time>2026-07-27T11:50:10.946Z</time>
      </trkpt>
      <trkpt lat="44.467467" lon="6.350155">
        <ele>788.837013</ele>
        <time>2026-07-27T11:50:20.031Z</time>
      </trkpt>
      <trkpt lat="44.467503" lon="6.350566">
        <ele>789.314456</ele>
        <time>2026-07-27T11:50:26.659Z</time>
      </trkpt>
      <trkpt lat="44.467473" lon="6.350814">
        <ele>789.315341</ele>
        <time>2026-07-27T11:50:29.190Z</time>
      </trkpt>
      <trkpt lat="44.467281" lon="6.351661">
        <ele>789.044522</ele>
        <time>2026-07-27T11:50:37.078Z</time>
      </trkpt>
      <trkpt lat="44.467184" lon="6.352412">
        <ele>790.578821</ele>
        <time>2026-07-27T11:50:51.486Z</time>
      </trkpt>
      <trkpt lat="44.467125" lon="6.352651">
        <ele>791.671192</ele>
        <time>2026-07-27T11:50:58.958Z</time>
      </trkpt>
      <trkpt lat="44.467008" lon="6.352791">
        <ele>792.759934</ele>
        <time>2026-07-27T11:51:06.085Z</time>
      </trkpt>
      <trkpt lat="44.466557" lon="6.353008">
        <ele>796.036465</ele>
        <time>2026-07-27T11:51:26.476Z</time>
      </trkpt>
      <trkpt lat="44.466221" lon="6.353217">
        <ele>797.933726</ele>
        <time>2026-07-27T11:51:40.417Z</time>
      </trkpt>
      <trkpt lat="44.466091" lon="6.353332">
        <ele>797.054320</ele>
        <time>2026-07-27T11:51:41.962Z</time>
      </trkpt>
      <trkpt lat="44.465965" lon="6.353477">
        <ele>795.276874</ele>
        <time>2026-07-27T11:51:43.324Z</time>
      </trkpt>
      <trkpt lat="44.465767" lon="6.353781">
        <ele>791.231307</ele>
        <time>2026-07-27T11:51:45.743Z</time>
      </trkpt>
      <trkpt lat="44.465664" lon="6.354051">
        <ele>789.805955</ele>
        <time>2026-07-27T11:51:47.792Z</time>
      </trkpt>
      <trkpt lat="44.465352" lon="6.355333">
        <ele>789.570101</ele>
        <time>2026-07-27T11:52:02.437Z</time>
      </trkpt>
      <trkpt lat="44.464916" lon="6.357342">
        <ele>788.321539</ele>
        <time>2026-07-27T11:52:21.151Z</time>
      </trkpt>
      <trkpt lat="44.464908" lon="6.357643">
        <ele>788.212132</ele>
        <time>2026-07-27T11:52:24.052Z</time>
      </trkpt>
      <trkpt lat="44.465207" lon="6.359838">
        <ele>787.785683</ele>
        <time>2026-07-27T11:52:46.244Z</time>
      </trkpt>
      <trkpt lat="44.465213" lon="6.359891">
        <ele>787.772499</ele>
        <time>2026-07-27T11:52:46.685Z</time>
      </trkpt>
      <trkpt lat="44.465285" lon="6.360475">
        <ele>788.100650</ele>
        <time>2026-07-27T11:52:53.888Z</time>
      </trkpt>
      <trkpt lat="44.465288" lon="6.360586">
        <ele>788.241394</ele>
        <time>2026-07-27T11:52:55.988Z</time>
      </trkpt>
      <trkpt lat="44.465283" lon="6.360749">
        <ele>788.610678</ele>
        <time>2026-07-27T11:52:59.173Z</time>
      </trkpt>
      <trkpt lat="44.465241" lon="6.360919">
        <ele>789.050453</ele>
        <time>2026-07-27T11:53:02.854Z</time>
      </trkpt>
      <trkpt lat="44.465115" lon="6.361215">
        <ele>789.788919</ele>
        <time>2026-07-27T11:53:10.727Z</time>
      </trkpt>
      <trkpt lat="44.464950" lon="6.361403">
        <ele>789.646721</ele>
        <time>2026-07-27T11:53:13.076Z</time>
      </trkpt>
      <trkpt lat="44.464821" lon="6.361502">
        <ele>789.231554</ele>
        <time>2026-07-27T11:53:14.642Z</time>
      </trkpt>
      <trkpt lat="44.464495" lon="6.361669">
        <ele>787.740709</ele>
        <time>2026-07-27T11:53:17.982Z</time>
      </trkpt>
      <trkpt lat="44.463154" lon="6.362404">
        <ele>780.404671</ele>
        <time>2026-07-27T11:53:31.554Z</time>
      </trkpt>
      <trkpt lat="44.462984" lon="6.362642">
        <ele>778.277452</ele>
        <time>2026-07-27T11:53:33.635Z</time>
      </trkpt>
      <trkpt lat="44.462911" lon="6.362809">
        <ele>777.088767</ele>
        <time>2026-07-27T11:53:34.839Z</time>
      </trkpt>
      <trkpt lat="44.462879" lon="6.363004">
        <ele>776.038099</ele>
        <time>2026-07-27T11:53:36.114Z</time>
      </trkpt>
      <trkpt lat="44.462885" lon="6.363334">
        <ele>775.367383</ele>
        <time>2026-07-27T11:53:38.444Z</time>
      </trkpt>
      <trkpt lat="44.463101" lon="6.364895">
        <ele>778.865958</ele>
        <time>2026-07-27T11:54:10.613Z</time>
      </trkpt>
      <trkpt lat="44.463285" lon="6.365457">
        <ele>780.863868</ele>
        <time>2026-07-27T11:54:25.423Z</time>
      </trkpt>
      <trkpt lat="44.463823" lon="6.366401">
        <ele>784.286080</ele>
        <time>2026-07-27T11:54:52.255Z</time>
      </trkpt>
      <trkpt lat="44.463922" lon="6.366689">
        <ele>784.465606</ele>
        <time>2026-07-27T11:54:56.253Z</time>
      </trkpt>
      <trkpt lat="44.463945" lon="6.366917">
        <ele>784.385563</ele>
        <time>2026-07-27T11:54:58.391Z</time>
      </trkpt>
      <trkpt lat="44.463895" lon="6.367281">
        <ele>784.053167</ele>
        <time>2026-07-27T11:55:01.740Z</time>
      </trkpt>
      <trkpt lat="44.463811" lon="6.367482">
        <ele>783.270763</ele>
        <time>2026-07-27T11:55:03.290Z</time>
      </trkpt>
      <trkpt lat="44.463653" lon="6.367742">
        <ele>782.469856</ele>
        <time>2026-07-27T11:55:05.563Z</time>
      </trkpt>
      <trkpt lat="44.463425" lon="6.368051">
        <ele>783.215017</ele>
        <time>2026-07-27T11:55:16.471Z</time>
      </trkpt>
      <trkpt lat="44.462088" lon="6.369964">
        <ele>779.163663</ele>
        <time>2026-07-27T11:55:37.082Z</time>
      </trkpt>
      <trkpt lat="44.461913" lon="6.370412">
        <ele>777.671571</ele>
        <time>2026-07-27T11:55:40.516Z</time>
      </trkpt>
      <trkpt lat="44.461849" lon="6.370725">
        <ele>777.681149</ele>
        <time>2026-07-27T11:55:43.126Z</time>
      </trkpt>
      <trkpt lat="44.461720" lon="6.371671">
        <ele>781.819380</ele>
        <time>2026-07-27T11:56:12.534Z</time>
      </trkpt>
      <trkpt lat="44.461668" lon="6.371904">
        <ele>782.783627</ele>
        <time>2026-07-27T11:56:18.965Z</time>
      </trkpt>
      <trkpt lat="44.461552" lon="6.372233">
        <ele>783.399894</ele>
        <time>2026-07-27T11:56:26.258Z</time>
      </trkpt>
      <trkpt lat="44.460351" lon="6.374157">
        <ele>782.264705</ele>
        <time>2026-07-27T11:56:49.025Z</time>
      </trkpt>
      <trkpt lat="44.460219" lon="6.374441">
        <ele>782.253098</ele>
        <time>2026-07-27T11:56:54.514Z</time>
      </trkpt>
      <trkpt lat="44.460153" lon="6.374602">
        <ele>782.022283</ele>
        <time>2026-07-27T11:56:55.799Z</time>
      </trkpt>
      <trkpt lat="44.460091" lon="6.374789">
        <ele>781.257844</ele>
        <time>2026-07-27T11:56:57.151Z</time>
      </trkpt>
      <trkpt lat="44.460056" lon="6.374894">
        <ele>780.867652</ele>
        <time>2026-07-27T11:56:57.952Z</time>
      </trkpt>
      <trkpt lat="44.460043" lon="6.374949">
        <ele>780.702186</ele>
        <time>2026-07-27T11:56:58.365Z</time>
      </trkpt>
      <trkpt lat="44.459929" lon="6.375377">
        <ele>779.465242</ele>
        <time>2026-07-27T11:57:01.572Z</time>
      </trkpt>
      <trkpt lat="44.459897" lon="6.375522">
        <ele>779.205958</ele>
        <time>2026-07-27T11:57:02.675Z</time>
      </trkpt>
      <trkpt lat="44.459812" lon="6.375878">
        <ele>779.439277</ele>
        <time>2026-07-27T11:57:06.115Z</time>
      </trkpt>
      <trkpt lat="44.459548" lon="6.376781">
        <ele>782.638742</ele>
        <time>2026-07-27T11:57:31.635Z</time>
      </trkpt>
      <trkpt lat="44.459392" lon="6.377211">
        <ele>784.194003</ele>
        <time>2026-07-27T11:57:42.570Z</time>
      </trkpt>
      <trkpt lat="44.458984" lon="6.377909">
        <ele>786.985470</ele>
        <time>2026-07-27T11:58:03.076Z</time>
      </trkpt>
      <trkpt lat="44.458685" lon="6.378272">
        <ele>789.670623</ele>
        <time>2026-07-27T11:58:19.712Z</time>
      </trkpt>
      <trkpt lat="44.458337" lon="6.378794">
        <ele>793.522833</ele>
        <time>2026-07-27T11:58:44.039Z</time>
      </trkpt>
      <trkpt lat="44.457460" lon="6.380820">
        <ele>791.605288</ele>
        <time>2026-07-27T11:59:04.983Z</time>
      </trkpt>
      <trkpt lat="44.457323" lon="6.381546">
        <ele>787.901270</ele>
        <time>2026-07-27T11:59:09.712Z</time>
      </trkpt>
      <trkpt lat="44.457294" lon="6.381912">
        <ele>786.048465</ele>
        <time>2026-07-27T11:59:12.034Z</time>
      </trkpt>
      <trkpt lat="44.457309" lon="6.382300">
        <ele>785.980940</ele>
        <time>2026-07-27T11:59:15.812Z</time>
      </trkpt>
      <trkpt lat="44.457261" lon="6.382982">
        <ele>788.057610</ele>
        <time>2026-07-27T11:59:33.397Z</time>
      </trkpt>
      <trkpt lat="44.457145" lon="6.384283">
        <ele>790.829534</ele>
        <time>2026-07-27T11:59:57.340Z</time>
      </trkpt>
      <trkpt lat="44.457034" lon="6.384827">
        <ele>792.150050</ele>
        <time>2026-07-27T12:00:08.204Z</time>
      </trkpt>
      <trkpt lat="44.456882" lon="6.385252">
        <ele>793.474632</ele>
        <time>2026-07-27T12:00:18.989Z</time>
      </trkpt>
      <trkpt lat="44.456749" lon="6.385526">
        <ele>794.305945</ele>
        <time>2026-07-27T12:00:25.945Z</time>
      </trkpt>
      <trkpt lat="44.456566" lon="6.385820">
        <ele>795.295194</ele>
        <time>2026-07-27T12:00:33.726Z</time>
      </trkpt>
      <trkpt lat="44.456343" lon="6.386073">
        <ele>796.316941</ele>
        <time>2026-07-27T12:00:42.028Z</time>
      </trkpt>
      <trkpt lat="44.456099" lon="6.386294">
        <ele>797.191140</ele>
        <time>2026-07-27T12:00:50.727Z</time>
      </trkpt>
      <trkpt lat="44.455586" lon="6.386683">
        <ele>796.546472</ele>
        <time>2026-07-27T12:00:58.092Z</time>
      </trkpt>
      <trkpt lat="44.455315" lon="6.386854">
        <ele>794.579408</ele>
        <time>2026-07-27T12:01:00.745Z</time>
      </trkpt>
      <trkpt lat="44.454840" lon="6.386944">
        <ele>789.938851</ele>
        <time>2026-07-27T12:01:04.871Z</time>
      </trkpt>
      <trkpt lat="44.454064" lon="6.386744">
        <ele>782.572920</ele>
        <time>2026-07-27T12:01:11.584Z</time>
      </trkpt>
      <trkpt lat="44.452927" lon="6.386419">
        <ele>790.845059</ele>
        <time>2026-07-27T12:02:07.949Z</time>
      </trkpt>
      <trkpt lat="44.452688" lon="6.386375">
        <ele>792.759751</ele>
        <time>2026-07-27T12:02:18.932Z</time>
      </trkpt>
      <trkpt lat="44.452583" lon="6.386401">
        <ele>793.628358</ele>
        <time>2026-07-27T12:02:23.955Z</time>
      </trkpt>
      <trkpt lat="44.452473" lon="6.386480">
        <ele>794.853707</ele>
        <time>2026-07-27T12:02:30.263Z</time>
      </trkpt>
      <trkpt lat="44.452384" lon="6.386603">
        <ele>796.214818</ele>
        <time>2026-07-27T12:02:37.746Z</time>
      </trkpt>
      <trkpt lat="44.452219" lon="6.387127">
        <ele>801.651355</ele>
        <time>2026-07-27T12:03:06.972Z</time>
      </trkpt>
      <trkpt lat="44.452081" lon="6.388009">
        <ele>807.409081</ele>
        <time>2026-07-27T12:03:39.823Z</time>
      </trkpt>
      <trkpt lat="44.452070" lon="6.388300">
        <ele>808.361143</ele>
        <time>2026-07-27T12:03:46.281Z</time>
      </trkpt>
      <trkpt lat="44.452096" lon="6.388555">
        <ele>808.692186</ele>
        <time>2026-07-27T12:03:50.262Z</time>
      </trkpt>
      <trkpt lat="44.452351" lon="6.389330">
        <ele>808.763670</ele>
        <time>2026-07-27T12:03:59.099Z</time>
      </trkpt>
      <trkpt lat="44.452389" lon="6.389506">
        <ele>808.859119</ele>
        <time>2026-07-27T12:04:01.355Z</time>
      </trkpt>
      <trkpt lat="44.452399" lon="6.389705">
        <ele>809.265447</ele>
        <time>2026-07-27T12:04:04.711Z</time>
      </trkpt>
      <trkpt lat="44.452324" lon="6.390004">
        <ele>810.320001</ele>
        <time>2026-07-27T12:04:12.262Z</time>
      </trkpt>
      <trkpt lat="44.452252" lon="6.390163">
        <ele>811.175127</ele>
        <time>2026-07-27T12:04:18.080Z</time>
      </trkpt>
      <trkpt lat="44.452042" lon="6.390462">
        <ele>813.476454</ele>
        <time>2026-07-27T12:04:32.774Z</time>
      </trkpt>
      <trkpt lat="44.451669" lon="6.390922">
        <ele>816.414012</ele>
        <time>2026-07-27T12:04:51.802Z</time>
      </trkpt>
      <trkpt lat="44.451284" lon="6.391327">
        <ele>817.642931</ele>
        <time>2026-07-27T12:05:03.258Z</time>
      </trkpt>
      <trkpt lat="44.451017" lon="6.391530">
        <ele>818.129890</ele>
        <time>2026-07-27T12:05:09.200Z</time>
      </trkpt>
      <trkpt lat="44.450341" lon="6.391846">
        <ele>820.928146</ele>
        <time>2026-07-27T12:05:30.917Z</time>
      </trkpt>
      <trkpt lat="44.450168" lon="6.392127">
        <ele>822.495570</ele>
        <time>2026-07-27T12:05:41.746Z</time>
      </trkpt>
      <trkpt lat="44.450141" lon="6.392208">
        <ele>822.902594</ele>
        <time>2026-07-27T12:05:44.349Z</time>
      </trkpt>
      <trkpt lat="44.450173" lon="6.392709">
        <ele>825.442960</ele>
        <time>2026-07-27T12:05:58.941Z</time>
      </trkpt>
      <trkpt lat="44.450157" lon="6.392882">
        <ele>826.584655</ele>
        <time>2026-07-27T12:06:05.955Z</time>
      </trkpt>
      <trkpt lat="44.450083" lon="6.393046">
        <ele>828.395004</ele>
        <time>2026-07-27T12:06:14.906Z</time>
      </trkpt>
      <trkpt lat="44.449979" lon="6.393146">
        <ele>830.188540</ele>
        <time>2026-07-27T12:06:24.165Z</time>
      </trkpt>
      <trkpt lat="44.449608" lon="6.393289">
        <ele>836.826349</ele>
        <time>2026-07-27T12:06:57.366Z</time>
      </trkpt>
      <trkpt lat="44.449482" lon="6.393387">
        <ele>839.250618</ele>
        <time>2026-07-27T12:07:10.023Z</time>
      </trkpt>
      <trkpt lat="44.449334" lon="6.393579">
        <ele>842.281530</ele>
        <time>2026-07-27T12:07:25.622Z</time>
      </trkpt>
      <trkpt lat="44.449256" lon="6.393779">
        <ele>844.254893</ele>
        <time>2026-07-27T12:07:35.592Z</time>
      </trkpt>
      <trkpt lat="44.449222" lon="6.393936">
        <ele>845.105808</ele>
        <time>2026-07-27T12:07:41.220Z</time>
      </trkpt>
      <trkpt lat="44.449230" lon="6.394113">
        <ele>845.773278</ele>
        <time>2026-07-27T12:07:45.494Z</time>
      </trkpt>
      <trkpt lat="44.449394" lon="6.394789">
        <ele>845.456658</ele>
        <time>2026-07-27T12:07:52.097Z</time>
      </trkpt>
      <trkpt lat="44.449364" lon="6.395153">
        <ele>844.628351</ele>
        <time>2026-07-27T12:07:54.589Z</time>
      </trkpt>
      <trkpt lat="44.449215" lon="6.395829">
        <ele>844.375020</ele>
        <time>2026-07-27T12:08:00.909Z</time>
      </trkpt>
      <trkpt lat="44.449086" lon="6.396294">
        <ele>847.161035</ele>
        <time>2026-07-27T12:08:18.021Z</time>
      </trkpt>
      <trkpt lat="44.448998" lon="6.396491">
        <ele>848.839239</ele>
        <time>2026-07-27T12:08:28.162Z</time>
      </trkpt>
      <trkpt lat="44.448522" lon="6.397316">
        <ele>856.299363</ele>
        <time>2026-07-27T12:09:10.584Z</time>
      </trkpt>
      <trkpt lat="44.448414" lon="6.397664">
        <ele>857.669365</ele>
        <time>2026-07-27T12:09:19.818Z</time>
      </trkpt>
      <trkpt lat="44.448380" lon="6.397886">
        <ele>857.847252</ele>
        <time>2026-07-27T12:09:22.067Z</time>
      </trkpt>
      <trkpt lat="44.448357" lon="6.398321">
        <ele>857.909193</ele>
        <time>2026-07-27T12:09:26.075Z</time>
      </trkpt>
      <trkpt lat="44.448405" lon="6.398751">
        <ele>859.219121</ele>
        <time>2026-07-27T12:09:36.216Z</time>
      </trkpt>
      <trkpt lat="44.448599" lon="6.399468">
        <ele>862.871792</ele>
        <time>2026-07-27T12:09:59.428Z</time>
      </trkpt>
      <trkpt lat="44.448769" lon="6.399984">
        <ele>865.958738</ele>
        <time>2026-07-27T12:10:18.676Z</time>
      </trkpt>
      <trkpt lat="44.448854" lon="6.400443">
        <ele>867.865321</ele>
        <time>2026-07-27T12:10:31.050Z</time>
      </trkpt>
      <trkpt lat="44.448883" lon="6.400678">
        <ele>868.036723</ele>
        <time>2026-07-27T12:10:34.601Z</time>
      </trkpt>
      <trkpt lat="44.448919" lon="6.401572">
        <ele>867.176821</ele>
        <time>2026-07-27T12:10:41.893Z</time>
      </trkpt>
      <trkpt lat="44.448892" lon="6.401994">
        <ele>866.694351</ele>
        <time>2026-07-27T12:10:45.204Z</time>
      </trkpt>
      <trkpt lat="44.448840" lon="6.402174">
        <ele>866.946073</ele>
        <time>2026-07-27T12:10:47.742Z</time>
      </trkpt>
      <trkpt lat="44.448754" lon="6.402336">
        <ele>867.512814</ele>
        <time>2026-07-27T12:10:52.352Z</time>
      </trkpt>
      <trkpt lat="44.448173" lon="6.402970">
        <ele>873.869695</ele>
        <time>2026-07-27T12:11:28.782Z</time>
      </trkpt>
      <trkpt lat="44.447981" lon="6.403290">
        <ele>877.058619</ele>
        <time>2026-07-27T12:11:47.519Z</time>
      </trkpt>
      <trkpt lat="44.447864" lon="6.403697">
        <ele>879.665257</ele>
        <time>2026-07-27T12:12:03.097Z</time>
      </trkpt>
      <trkpt lat="44.447792" lon="6.404099">
        <ele>880.400752</ele>
        <time>2026-07-27T12:12:10.923Z</time>
      </trkpt>
      <trkpt lat="44.447701" lon="6.405170">
        <ele>879.810997</ele>
        <time>2026-07-27T12:12:19.984Z</time>
      </trkpt>
      <trkpt lat="44.447580" lon="6.405560">
        <ele>880.055917</ele>
        <time>2026-07-27T12:12:23.652Z</time>
      </trkpt>
      <trkpt lat="44.446686" lon="6.406869">
        <ele>889.951027</ele>
        <time>2026-07-27T12:13:24.345Z</time>
      </trkpt>
      <trkpt lat="44.446473" lon="6.407233">
        <ele>893.954855</ele>
        <time>2026-07-27T12:13:46.918Z</time>
      </trkpt>
      <trkpt lat="44.446350" lon="6.407541">
        <ele>896.267685</ele>
        <time>2026-07-27T12:13:59.673Z</time>
      </trkpt>
      <trkpt lat="44.446262" lon="6.407877">
        <ele>898.090489</ele>
        <time>2026-07-27T12:14:10.033Z</time>
      </trkpt>
      <trkpt lat="44.446259" lon="6.408472">
        <ele>901.254882</ele>
        <time>2026-07-27T12:14:30.187Z</time>
      </trkpt>
      <trkpt lat="44.446230" lon="6.408645">
        <ele>901.836695</ele>
        <time>2026-07-27T12:14:34.258Z</time>
      </trkpt>
      <trkpt lat="44.446048" lon="6.409080">
        <ele>902.257213</ele>
        <time>2026-07-27T12:14:40.254Z</time>
      </trkpt>
      <trkpt lat="44.445918" lon="6.410095">
        <ele>903.473783</ele>
        <time>2026-07-27T12:14:56.750Z</time>
      </trkpt>
      <trkpt lat="44.445735" lon="6.410750">
        <ele>902.783072</ele>
        <time>2026-07-27T12:15:02.441Z</time>
      </trkpt>
      <trkpt lat="44.445533" lon="6.411084">
        <ele>902.294601</ele>
        <time>2026-07-27T12:15:05.940Z</time>
      </trkpt>
      <trkpt lat="44.445270" lon="6.411347">
        <ele>902.228530</ele>
        <time>2026-07-27T12:15:10.567Z</time>
      </trkpt>
      <trkpt lat="44.444267" lon="6.412120">
        <ele>902.849326</ele>
        <time>2026-07-27T12:15:30.487Z</time>
      </trkpt>
      <trkpt lat="44.443673" lon="6.412494">
        <ele>902.868214</ele>
        <time>2026-07-27T12:15:39.398Z</time>
      </trkpt>
      <trkpt lat="44.442664" lon="6.413323">
        <ele>906.462026</ele>
        <time>2026-07-27T12:16:12.927Z</time>
      </trkpt>
      <trkpt lat="44.442024" lon="6.413729">
        <ele>906.804930</ele>
        <time>2026-07-27T12:16:22.926Z</time>
      </trkpt>
      <trkpt lat="44.441737" lon="6.413989">
        <ele>907.941775</ele>
        <time>2026-07-27T12:16:32.857Z</time>
      </trkpt>
      <trkpt lat="44.441231" lon="6.414534">
        <ele>913.083042</ele>
        <time>2026-07-27T12:17:03.969Z</time>
      </trkpt>
      <trkpt lat="44.441010" lon="6.414623">
        <ele>914.221831</ele>
        <time>2026-07-27T12:17:12.700Z</time>
      </trkpt>
      <trkpt lat="44.440716" lon="6.414856">
        <ele>914.042171</ele>
        <time>2026-07-27T12:17:16.697Z</time>
      </trkpt>
      <trkpt lat="44.440560" lon="6.415006">
        <ele>913.596489</ele>
        <time>2026-07-27T12:17:18.700Z</time>
      </trkpt>
      <trkpt lat="44.440431" lon="6.415302">
        <ele>912.563180</ele>
        <time>2026-07-27T12:17:21.089Z</time>
      </trkpt>
      <trkpt lat="44.440315" lon="6.415461">
        <ele>911.773848</ele>
        <time>2026-07-27T12:17:22.607Z</time>
      </trkpt>
      <trkpt lat="44.439749" lon="6.416053">
        <ele>909.730778</ele>
        <time>2026-07-27T12:17:29.792Z</time>
      </trkpt>
      <trkpt lat="44.439546" lon="6.416237">
        <ele>910.047260</ele>
        <time>2026-07-27T12:17:35.736Z</time>
      </trkpt>
      <trkpt lat="44.439137" lon="6.416476">
        <ele>910.412834</ele>
        <time>2026-07-27T12:17:44.482Z</time>
      </trkpt>
      <trkpt lat="44.438736" lon="6.416779">
        <ele>908.129685</ele>
        <time>2026-07-27T12:17:48.775Z</time>
      </trkpt>
      <trkpt lat="44.438507" lon="6.417079">
        <ele>904.932594</ele>
        <time>2026-07-27T12:17:51.462Z</time>
      </trkpt>
      <trkpt lat="44.438125" lon="6.417656">
        <ele>898.896861</ele>
        <time>2026-07-27T12:17:56.196Z</time>
      </trkpt>
      <trkpt lat="44.438055" lon="6.417665">
        <ele>899.105065</ele>
        <time>2026-07-27T12:17:58.521Z</time>
      </trkpt>
      <trkpt lat="44.437959" lon="6.417575">
        <ele>899.447228</ele>
        <time>2026-07-27T12:18:04.244Z</time>
      </trkpt>
      <trkpt lat="44.437872" lon="6.417675">
        <ele>901.366153</ele>
        <time>2026-07-27T12:18:08.179Z</time>
      </trkpt>
      <trkpt lat="44.437419" lon="6.418236">
        <ele>913.476700</ele>
        <time>2026-07-27T12:19:11.541Z</time>
      </trkpt>
      <trkpt lat="44.437233" lon="6.418529">
        <ele>919.712749</ele>
        <time>2026-07-27T12:19:41.222Z</time>
      </trkpt>
      <trkpt lat="44.437068" lon="6.419000">
        <ele>925.751283</ele>
        <time>2026-07-27T12:20:12.275Z</time>
      </trkpt>
      <trkpt lat="44.437016" lon="6.419347">
        <ele>925.643891</ele>
        <time>2026-07-27T12:20:14.931Z</time>
      </trkpt>
      <trkpt lat="44.437027" lon="6.419625">
        <ele>924.882701</ele>
        <time>2026-07-27T12:20:16.864Z</time>
      </trkpt>
      <trkpt lat="44.437119" lon="6.420070">
        <ele>923.358188</ele>
        <time>2026-07-27T12:20:20.018Z</time>
      </trkpt>
      <trkpt lat="44.437131" lon="6.420248">
        <ele>922.746642</ele>
        <time>2026-07-27T12:20:21.207Z</time>
      </trkpt>
      <trkpt lat="44.437092" lon="6.420604">
        <ele>921.724259</ele>
        <time>2026-07-27T12:20:23.698Z</time>
      </trkpt>
      <trkpt lat="44.437047" lon="6.420768">
        <ele>921.421352</ele>
        <time>2026-07-27T12:20:25.102Z</time>
      </trkpt>
      <trkpt lat="44.436288" lon="6.422690">
        <ele>918.469654</ele>
        <time>2026-07-27T12:20:42.562Z</time>
      </trkpt>
      <trkpt lat="44.436061" lon="6.423000">
        <ele>917.757268</ele>
        <time>2026-07-27T12:20:45.892Z</time>
      </trkpt>
      <trkpt lat="44.435702" lon="6.423281">
        <ele>917.258107</ele>
        <time>2026-07-27T12:20:50.752Z</time>
      </trkpt>
      <trkpt lat="44.435354" lon="6.423623">
        <ele>917.466288</ele>
        <time>2026-07-27T12:20:58.553Z</time>
      </trkpt>
      <trkpt lat="44.435068" lon="6.423998">
        <ele>917.448468</ele>
        <time>2026-07-27T12:21:03.808Z</time>
      </trkpt>
      <trkpt lat="44.434809" lon="6.424207">
        <ele>917.624163</ele>
        <time>2026-07-27T12:21:09.120Z</time>
      </trkpt>
      <trkpt lat="44.434593" lon="6.424427">
        <ele>917.970029</ele>
        <time>2026-07-27T12:21:14.909Z</time>
      </trkpt>
      <trkpt lat="44.434020" lon="6.425204">
        <ele>918.576787</ele>
        <time>2026-07-27T12:21:29.235Z</time>
      </trkpt>
      <trkpt lat="44.433935" lon="6.425340">
        <ele>918.426606</ele>
        <time>2026-07-27T12:21:30.781Z</time>
      </trkpt>
      <trkpt lat="44.433754" lon="6.425767">
        <ele>917.418941</ele>
        <time>2026-07-27T12:21:34.453Z</time>
      </trkpt>
      <trkpt lat="44.433488" lon="6.426196">
        <ele>915.610731</ele>
        <time>2026-07-27T12:21:38.283Z</time>
      </trkpt>
      <trkpt lat="44.432760" lon="6.426848">
        <ele>913.440768</ele>
        <time>2026-07-27T12:21:47.280Z</time>
      </trkpt>
      <trkpt lat="44.432071" lon="6.427545">
        <ele>915.986020</ele>
        <time>2026-07-27T12:22:10.773Z</time>
      </trkpt>
      <trkpt lat="44.431176" lon="6.428525">
        <ele>921.011899</ele>
        <time>2026-07-27T12:22:48.609Z</time>
      </trkpt>
      <trkpt lat="44.430350" lon="6.429450">
        <ele>924.296467</ele>
        <time>2026-07-27T12:23:18.502Z</time>
      </trkpt>
      <trkpt lat="44.430137" lon="6.429763">
        <ele>921.391884</ele>
        <time>2026-07-27T12:23:21.209Z</time>
      </trkpt>
      <trkpt lat="44.430021" lon="6.430003">
        <ele>918.098252</ele>
        <time>2026-07-27T12:23:22.906Z</time>
      </trkpt>
      <trkpt lat="44.429963" lon="6.430187">
        <ele>915.584835</ele>
        <time>2026-07-27T12:23:24.103Z</time>
      </trkpt>
      <trkpt lat="44.429946" lon="6.430250">
        <ele>914.263295</ele>
        <time>2026-07-27T12:23:24.491Z</time>
      </trkpt>
      <trkpt lat="44.429880" lon="6.430541">
        <ele>908.953073</ele>
        <time>2026-07-27T12:23:26.306Z</time>
      </trkpt>
      <trkpt lat="44.429725" lon="6.430834">
        <ele>907.048286</ele>
        <time>2026-07-27T12:23:29.308Z</time>
      </trkpt>
      <trkpt lat="44.429343" lon="6.431566">
        <ele>904.639587</ele>
        <time>2026-07-27T12:23:35.644Z</time>
      </trkpt>
      <trkpt lat="44.429153" lon="6.431971">
        <ele>902.894431</ele>
        <time>2026-07-27T12:23:38.894Z</time>
      </trkpt>
      <trkpt lat="44.428800" lon="6.432717">
        <ele>899.610995</ele>
        <time>2026-07-27T12:23:44.858Z</time>
      </trkpt>
      <trkpt lat="44.428730" lon="6.432948">
        <ele>899.116521</ele>
        <time>2026-07-27T12:23:46.679Z</time>
      </trkpt>
      <trkpt lat="44.428663" lon="6.433400">
        <ele>899.335352</ele>
        <time>2026-07-27T12:23:52.140Z</time>
      </trkpt>
      <trkpt lat="44.428705" lon="6.433867">
        <ele>900.567980</ele>
        <time>2026-07-27T12:24:06.046Z</time>
      </trkpt>
      <trkpt lat="44.428618" lon="6.434088">
        <ele>900.020433</ele>
        <time>2026-07-27T12:24:07.656Z</time>
      </trkpt>
      <trkpt lat="44.428528" lon="6.434283">
        <ele>898.960019</ele>
        <time>2026-07-27T12:24:09.125Z</time>
      </trkpt>
      <trkpt lat="44.428475" lon="6.434427">
        <ele>899.117558</ele>
        <time>2026-07-27T12:24:10.619Z</time>
      </trkpt>
      <trkpt lat="44.428440" lon="6.434539">
        <ele>899.412822</ele>
        <time>2026-07-27T12:24:13.971Z</time>
      </trkpt>
      <trkpt lat="44.428412" lon="6.434651">
        <ele>899.907043</ele>
        <time>2026-07-27T12:24:18.297Z</time>
      </trkpt>
      <trkpt lat="44.428382" lon="6.434747">
        <ele>900.558510</ele>
        <time>2026-07-27T12:24:22.212Z</time>
      </trkpt>
      <trkpt lat="44.428288" lon="6.434937">
        <ele>901.783938</ele>
        <time>2026-07-27T12:24:30.499Z</time>
      </trkpt>
      <trkpt lat="44.428228" lon="6.435041">
        <ele>902.241531</ele>
        <time>2026-07-27T12:24:34.051Z</time>
      </trkpt>
      <trkpt lat="44.428008" lon="6.435445">
        <ele>902.663482</ele>
        <time>2026-07-27T12:24:40.038Z</time>
      </trkpt>
      <trkpt lat="44.427768" lon="6.435941">
        <ele>902.340748</ele>
        <time>2026-07-27T12:24:45.708Z</time>
      </trkpt>
      <trkpt lat="44.427593" lon="6.436134">
        <ele>901.769721</ele>
        <time>2026-07-27T12:24:47.829Z</time>
      </trkpt>
      <trkpt lat="44.427098" lon="6.436631">
        <ele>902.102073</ele>
        <time>2026-07-27T12:25:00.064Z</time>
      </trkpt>
      <trkpt lat="44.426900" lon="6.436795">
        <ele>901.544482</ele>
        <time>2026-07-27T12:25:02.346Z</time>
      </trkpt>
      <trkpt lat="44.426317" lon="6.437073">
        <ele>901.637611</ele>
        <time>2026-07-27T12:25:12.123Z</time>
      </trkpt>
      <trkpt lat="44.426055" lon="6.437248">
        <ele>901.800351</ele>
        <time>2026-07-27T12:25:17.804Z</time>
      </trkpt>
      <trkpt lat="44.425842" lon="6.437450">
        <ele>901.339531</ele>
        <time>2026-07-27T12:25:20.611Z</time>
      </trkpt>
      <trkpt lat="44.425570" lon="6.437701">
        <ele>900.406583</ele>
        <time>2026-07-27T12:25:23.843Z</time>
      </trkpt>
      <trkpt lat="44.425341" lon="6.437983">
        <ele>900.279229</ele>
        <time>2026-07-27T12:25:28.229Z</time>
      </trkpt>
      <trkpt lat="44.424777" lon="6.438884">
        <ele>901.981443</ele>
        <time>2026-07-27T12:25:48.245Z</time>
      </trkpt>
      <trkpt lat="44.424121" lon="6.439669">
        <ele>903.666016</ele>
        <time>2026-07-27T12:26:07.081Z</time>
      </trkpt>
      <trkpt lat="44.423883" lon="6.440010">
        <ele>905.137433</ele>
        <time>2026-07-27T12:26:18.577Z</time>
      </trkpt>
      <trkpt lat="44.423591" lon="6.440567">
        <ele>907.848346</ele>
        <time>2026-07-27T12:26:37.497Z</time>
      </trkpt>
      <trkpt lat="44.423122" lon="6.441782">
        <ele>910.852937</ele>
        <time>2026-07-27T12:27:04.903Z</time>
      </trkpt>
      <trkpt lat="44.422903" lon="6.442259">
        <ele>909.801711</ele>
        <time>2026-07-27T12:27:08.999Z</time>
      </trkpt>
      <trkpt lat="44.422644" lon="6.442724">
        <ele>907.651560</ele>
        <time>2026-07-27T12:27:12.973Z</time>
      </trkpt>
      <trkpt lat="44.422305" lon="6.443091">
        <ele>904.983518</ele>
        <time>2026-07-27T12:27:16.756Z</time>
      </trkpt>
      <trkpt lat="44.422031" lon="6.443290">
        <ele>906.344222</ele>
        <time>2026-07-27T12:27:28.034Z</time>
      </trkpt>
      <trkpt lat="44.420902" lon="6.443960">
        <ele>919.923321</ele>
        <time>2026-07-27T12:28:42.598Z</time>
      </trkpt>
      <trkpt lat="44.420434" lon="6.444261">
        <ele>924.324243</ele>
        <time>2026-07-27T12:29:08.545Z</time>
      </trkpt>
      <trkpt lat="44.420251" lon="6.444418">
        <ele>925.195859</ele>
        <time>2026-07-27T12:29:14.953Z</time>
      </trkpt>
      <trkpt lat="44.420049" lon="6.444622">
        <ele>925.034242</ele>
        <time>2026-07-27T12:29:18.180Z</time>
      </trkpt>
      <trkpt lat="44.419016" lon="6.445962">
        <ele>920.277232</ele>
        <time>2026-07-27T12:29:32.178Z</time>
      </trkpt>
      <trkpt lat="44.418785" lon="6.446178">
        <ele>919.681756</ele>
        <time>2026-07-27T12:29:35.232Z</time>
      </trkpt>
      <trkpt lat="44.418556" lon="6.446329">
        <ele>919.645693</ele>
        <time>2026-07-27T12:29:38.793Z</time>
      </trkpt>
      <trkpt lat="44.418255" lon="6.446471">
        <ele>920.263720</ele>
        <time>2026-07-27T12:29:45.725Z</time>
      </trkpt>
      <trkpt lat="44.417395" lon="6.446834">
        <ele>923.552371</ele>
        <time>2026-07-27T12:30:11.519Z</time>
      </trkpt>
      <trkpt lat="44.416196" lon="6.447342">
        <ele>931.231915</ele>
        <time>2026-07-27T12:31:02.676Z</time>
      </trkpt>
      <trkpt lat="44.415454" lon="6.447607">
        <ele>931.634590</ele>
        <time>2026-07-27T12:31:16.242Z</time>
      </trkpt>
      <trkpt lat="44.414428" lon="6.447794">
        <ele>929.405963</ele>
        <time>2026-07-27T12:31:27.044Z</time>
      </trkpt>
      <trkpt lat="44.413628" lon="6.447989">
        <ele>933.403256</ele>
        <time>2026-07-27T12:31:54.455Z</time>
      </trkpt>
      <trkpt lat="44.413327" lon="6.448114">
        <ele>936.811750</ele>
        <time>2026-07-27T12:32:14.355Z</time>
      </trkpt>
      <trkpt lat="44.413020" lon="6.448304">
        <ele>940.847137</ele>
        <time>2026-07-27T12:32:36.176Z</time>
      </trkpt>
      <trkpt lat="44.412704" lon="6.448567">
        <ele>944.383609</ele>
        <time>2026-07-27T12:32:56.196Z</time>
      </trkpt>
      <trkpt lat="44.412444" lon="6.448847">
        <ele>945.765919</ele>
        <time>2026-07-27T12:33:06.817Z</time>
      </trkpt>
      <trkpt lat="44.412308" lon="6.449033">
        <ele>945.970161</ele>
        <time>2026-07-27T12:33:09.566Z</time>
      </trkpt>
      <trkpt lat="44.412060" lon="6.449480">
        <ele>945.823085</ele>
        <time>2026-07-27T12:33:14.861Z</time>
      </trkpt>
      <trkpt lat="44.411861" lon="6.449992">
        <ele>945.771491</ele>
        <time>2026-07-27T12:33:21.227Z</time>
      </trkpt>
      <trkpt lat="44.411270" lon="6.451896">
        <ele>944.663403</ele>
        <time>2026-07-27T12:33:40.037Z</time>
      </trkpt>
      <trkpt lat="44.411019" lon="6.452469">
        <ele>943.669794</ele>
        <time>2026-07-27T12:33:45.630Z</time>
      </trkpt>
      <trkpt lat="44.410625" lon="6.453013">
        <ele>939.134886</ele>
        <time>2026-07-27T12:33:50.430Z</time>
      </trkpt>
      <trkpt lat="44.410452" lon="6.453180">
        <ele>938.163605</ele>
        <time>2026-07-27T12:33:52.453Z</time>
      </trkpt>
      <trkpt lat="44.410123" lon="6.453431">
        <ele>937.704769</ele>
        <time>2026-07-27T12:33:59.297Z</time>
      </trkpt>
      <trkpt lat="44.409994" lon="6.453517">
        <ele>935.870858</ele>
        <time>2026-07-27T12:34:00.491Z</time>
      </trkpt>
      <trkpt lat="44.409767" lon="6.453684">
        <ele>932.474250</ele>
        <time>2026-07-27T12:34:02.591Z</time>
      </trkpt>
      <trkpt lat="44.408130" lon="6.454815">
        <ele>932.081330</ele>
        <time>2026-07-27T12:34:31.804Z</time>
      </trkpt>
      <trkpt lat="44.407970" lon="6.454969">
        <ele>932.366610</ele>
        <time>2026-07-27T12:34:36.281Z</time>
      </trkpt>
      <trkpt lat="44.407276" lon="6.455939">
        <ele>933.702317</ele>
        <time>2026-07-27T12:34:56.043Z</time>
      </trkpt>
      <trkpt lat="44.407133" lon="6.456161">
        <ele>934.006516</ele>
        <time>2026-07-27T12:35:00.341Z</time>
      </trkpt>
      <trkpt lat="44.406646" lon="6.457067">
        <ele>935.251727</ele>
        <time>2026-07-27T12:35:17.471Z</time>
      </trkpt>
      <trkpt lat="44.406075" lon="6.458358">
        <ele>936.371379</ele>
        <time>2026-07-27T12:35:36.820Z</time>
      </trkpt>
      <trkpt lat="44.405493" lon="6.459334">
        <ele>939.931019</ele>
        <time>2026-07-27T12:36:05.938Z</time>
      </trkpt>
      <trkpt lat="44.405256" lon="6.459908">
        <ele>941.549901</ele>
        <time>2026-07-27T12:36:19.447Z</time>
      </trkpt>
      <trkpt lat="44.404839" lon="6.461065">
        <ele>943.940926</ele>
        <time>2026-07-27T12:36:42.194Z</time>
      </trkpt>
      <trkpt lat="44.404601" lon="6.461617">
        <ele>945.301512</ele>
        <time>2026-07-27T12:36:55.081Z</time>
      </trkpt>
      <trkpt lat="44.404357" lon="6.462027">
        <ele>945.809355</ele>
        <time>2026-07-27T12:37:02.834Z</time>
      </trkpt>
      <trkpt lat="44.404160" lon="6.462305">
        <ele>945.912124</ele>
        <time>2026-07-27T12:37:06.652Z</time>
      </trkpt>
      <trkpt lat="44.403980" lon="6.462505">
        <ele>946.216325</ele>
        <time>2026-07-27T12:37:11.828Z</time>
      </trkpt>
      <trkpt lat="44.403359" lon="6.463072">
        <ele>948.061836</ele>
        <time>2026-07-27T12:37:28.468Z</time>
      </trkpt>
      <trkpt lat="44.403074" lon="6.463412">
        <ele>952.054050</ele>
        <time>2026-07-27T12:37:54.417Z</time>
      </trkpt>
      <trkpt lat="44.402927" lon="6.463635">
        <ele>953.067420</ele>
        <time>2026-07-27T12:37:58.652Z</time>
      </trkpt>
      <trkpt lat="44.402688" lon="6.464083">
        <ele>954.369593</ele>
        <time>2026-07-27T12:38:09.234Z</time>
      </trkpt>
      <trkpt lat="44.402497" lon="6.464610">
        <ele>957.353735</ele>
        <time>2026-07-27T12:38:28.681Z</time>
      </trkpt>
      <trkpt lat="44.402351" lon="6.465212">
        <ele>960.220523</ele>
        <time>2026-07-27T12:38:48.012Z</time>
      </trkpt>
      <trkpt lat="44.402308" lon="6.465522">
        <ele>960.253026</ele>
        <time>2026-07-27T12:38:52.218Z</time>
      </trkpt>
      <trkpt lat="44.402241" lon="6.466427">
        <ele>955.477179</ele>
        <time>2026-07-27T12:38:57.936Z</time>
      </trkpt>
      <trkpt lat="44.402152" lon="6.466981">
        <ele>952.925229</ele>
        <time>2026-07-27T12:39:01.625Z</time>
      </trkpt>
      <trkpt lat="44.401980" lon="6.467561">
        <ele>951.766482</ele>
        <time>2026-07-27T12:39:06.370Z</time>
      </trkpt>
      <trkpt lat="44.401403" lon="6.469239">
        <ele>951.127617</ele>
        <time>2026-07-27T12:39:24.421Z</time>
      </trkpt>
      <trkpt lat="44.401259" lon="6.469554">
        <ele>950.735130</ele>
        <time>2026-07-27T12:39:27.284Z</time>
      </trkpt>
      <trkpt lat="44.400961" lon="6.469999">
        <ele>951.876215</ele>
        <time>2026-07-27T12:39:36.859Z</time>
      </trkpt>
      <trkpt lat="44.400788" lon="6.470163">
        <ele>955.435438</ele>
        <time>2026-07-27T12:39:55.988Z</time>
      </trkpt>
      <trkpt lat="44.400414" lon="6.470433">
        <ele>964.069383</ele>
        <time>2026-07-27T12:40:39.300Z</time>
      </trkpt>
      <trkpt lat="44.399605" lon="6.470721">
        <ele>975.804840</ele>
        <time>2026-07-27T12:41:39.629Z</time>
      </trkpt>
      <trkpt lat="44.399452" lon="6.470809">
        <ele>977.289807</ele>
        <time>2026-07-27T12:41:46.835Z</time>
      </trkpt>
      <trkpt lat="44.399138" lon="6.471071">
        <ele>979.030252</ele>
        <time>2026-07-27T12:41:59.535Z</time>
      </trkpt>
      <trkpt lat="44.398862" lon="6.471445">
        <ele>979.301951</ele>
        <time>2026-07-27T12:42:05.846Z</time>
      </trkpt>
      <trkpt lat="44.398718" lon="6.471711">
        <ele>978.950718</ele>
        <time>2026-07-27T12:42:08.637Z</time>
      </trkpt>
      <trkpt lat="44.398445" lon="6.472366">
        <ele>977.078247</ele>
        <time>2026-07-27T12:42:13.932Z</time>
      </trkpt>
      <trkpt lat="44.397898" lon="6.473668">
        <ele>977.850137</ele>
        <time>2026-07-27T12:42:35.329Z</time>
      </trkpt>
      <trkpt lat="44.397652" lon="6.474061">
        <ele>975.896829</ele>
        <time>2026-07-27T12:42:38.654Z</time>
      </trkpt>
      <trkpt lat="44.397143" lon="6.474822">
        <ele>976.367517</ele>
        <time>2026-07-27T12:42:53.533Z</time>
      </trkpt>
      <trkpt lat="44.396954" lon="6.475233">
        <ele>976.569729</ele>
        <time>2026-07-27T12:42:59.311Z</time>
      </trkpt>
      <trkpt lat="44.396865" lon="6.475525">
        <ele>976.656259</ele>
        <time>2026-07-27T12:43:03.019Z</time>
      </trkpt>
      <trkpt lat="44.396805" lon="6.475766">
        <ele>976.763863</ele>
        <time>2026-07-27T12:43:06.195Z</time>
      </trkpt>
      <trkpt lat="44.396737" lon="6.476267">
        <ele>976.832877</ele>
        <time>2026-07-27T12:43:11.988Z</time>
      </trkpt>
      <trkpt lat="44.396729" lon="6.476590">
        <ele>976.424927</ele>
        <time>2026-07-27T12:43:14.810Z</time>
      </trkpt>
      <trkpt lat="44.396777" lon="6.477345">
        <ele>973.235825</ele>
        <time>2026-07-27T12:43:19.835Z</time>
      </trkpt>
      <trkpt lat="44.396854" lon="6.478376">
        <ele>965.088210</ele>
        <time>2026-07-27T12:43:26.110Z</time>
      </trkpt>
      <trkpt lat="44.396869" lon="6.478520">
        <ele>964.039363</ele>
        <time>2026-07-27T12:43:27.010Z</time>
      </trkpt>
      <trkpt lat="44.397083" lon="6.480150">
        <ele>958.326722</ele>
        <time>2026-07-27T12:43:38.209Z</time>
      </trkpt>
      <trkpt lat="44.397187" lon="6.481160">
        <ele>957.216817</ele>
        <time>2026-07-27T12:43:46.850Z</time>
      </trkpt>
      <trkpt lat="44.397208" lon="6.481608">
        <ele>956.911864</ele>
        <time>2026-07-27T12:43:50.812Z</time>
      </trkpt>
      <trkpt lat="44.397184" lon="6.482098">
        <ele>956.959612</ele>
        <time>2026-07-27T12:43:55.493Z</time>
      </trkpt>
      <trkpt lat="44.397090" lon="6.482706">
        <ele>958.531994</ele>
        <time>2026-07-27T12:44:09.289Z</time>
      </trkpt>
      <trkpt lat="44.396748" lon="6.483959">
        <ele>962.559685</ele>
        <time>2026-07-27T12:44:40.007Z</time>
      </trkpt>
      <trkpt lat="44.396695" lon="6.484444">
        <ele>963.206391</ele>
        <time>2026-07-27T12:44:47.444Z</time>
      </trkpt>
      <trkpt lat="44.396721" lon="6.484984">
        <ele>963.798820</ele>
        <time>2026-07-27T12:44:55.275Z</time>
      </trkpt>
      <trkpt lat="44.396830" lon="6.485518">
        <ele>964.429549</ele>
        <time>2026-07-27T12:45:03.925Z</time>
      </trkpt>
      <trkpt lat="44.397002" lon="6.485973">
        <ele>965.235474</ele>
        <time>2026-07-27T12:45:12.522Z</time>
      </trkpt>
      <trkpt lat="44.397254" lon="6.486391">
        <ele>966.320926</ele>
        <time>2026-07-27T12:45:22.556Z</time>
      </trkpt>
      <trkpt lat="44.397791" lon="6.487091">
        <ele>968.752710</ele>
        <time>2026-07-27T12:45:43.004Z</time>
      </trkpt>
      <trkpt lat="44.397960" lon="6.487411">
        <ele>969.906028</ele>
        <time>2026-07-27T12:45:52.033Z</time>
      </trkpt>
      <trkpt lat="44.398130" lon="6.487905">
        <ele>971.760343</ele>
        <time>2026-07-27T12:46:04.667Z</time>
      </trkpt>
      <trkpt lat="44.398235" lon="6.488543">
        <ele>974.565411</ele>
        <time>2026-07-27T12:46:23.643Z</time>
      </trkpt>
      <trkpt lat="44.398385" lon="6.490147">
        <ele>981.110812</ele>
        <time>2026-07-27T12:47:07.798Z</time>
      </trkpt>
      <trkpt lat="44.398643" lon="6.492492">
        <ele>984.868585</ele>
        <time>2026-07-27T12:47:47.471Z</time>
      </trkpt>
      <trkpt lat="44.398660" lon="6.492707">
        <ele>984.852527</ele>
        <time>2026-07-27T12:47:49.475Z</time>
      </trkpt>
      <trkpt lat="44.398654" lon="6.493384">
        <ele>984.250857</ele>
        <time>2026-07-27T12:47:55.160Z</time>
      </trkpt>
      <trkpt lat="44.398672" lon="6.493539">
        <ele>984.296539</ele>
        <time>2026-07-27T12:47:56.705Z</time>
      </trkpt>
      <trkpt lat="44.398754" lon="6.493832">
        <ele>984.636504</ele>
        <time>2026-07-27T12:48:01.190Z</time>
      </trkpt>
      <trkpt lat="44.398879" lon="6.494072">
        <ele>985.456320</ele>
        <time>2026-07-27T12:48:07.611Z</time>
      </trkpt>
      <trkpt lat="44.399100" lon="6.494335">
        <ele>987.292583</ele>
        <time>2026-07-27T12:48:19.508Z</time>
      </trkpt>
      <trkpt lat="44.399223" lon="6.494429">
        <ele>988.409528</ele>
        <time>2026-07-27T12:48:26.624Z</time>
      </trkpt>
      <trkpt lat="44.399590" lon="6.494596">
        <ele>991.589043</ele>
        <time>2026-07-27T12:48:45.356Z</time>
      </trkpt>
      <trkpt lat="44.399806" lon="6.494763">
        <ele>992.956587</ele>
        <time>2026-07-27T12:48:54.642Z</time>
      </trkpt>
      <trkpt lat="44.400009" lon="6.495117">
        <ele>993.740624</ele>
        <time>2026-07-27T12:49:02.868Z</time>
      </trkpt>
      <trkpt lat="44.400398" lon="6.495961">
        <ele>993.537347</ele>
        <time>2026-07-27T12:49:12.206Z</time>
      </trkpt>
      <trkpt lat="44.400509" lon="6.496322">
        <ele>993.655974</ele>
        <time>2026-07-27T12:49:16.877Z</time>
      </trkpt>
      <trkpt lat="44.400560" lon="6.496684">
        <ele>994.179997</ele>
        <time>2026-07-27T12:49:22.808Z</time>
      </trkpt>
      <trkpt lat="44.400616" lon="6.497808">
        <ele>996.764657</ele>
        <time>2026-07-27T12:49:44.895Z</time>
      </trkpt>
      <trkpt lat="44.400595" lon="6.499086">
        <ele>1001.163696</ele>
        <time>2026-07-27T12:50:15.985Z</time>
      </trkpt>
      <trkpt lat="44.400777" lon="6.500072">
        <ele>1005.799930</ele>
        <time>2026-07-27T12:50:46.072Z</time>
      </trkpt>
      <trkpt lat="44.400790" lon="6.500217">
        <ele>1006.249135</ele>
        <time>2026-07-27T12:50:49.880Z</time>
      </trkpt>
      <trkpt lat="44.400773" lon="6.500804">
        <ele>1007.597419</ele>
        <time>2026-07-27T12:51:00.192Z</time>
      </trkpt>
      <trkpt lat="44.400740" lon="6.501573">
        <ele>1009.575590</ele>
        <time>2026-07-27T12:51:16.832Z</time>
      </trkpt>
      <trkpt lat="44.400720" lon="6.501751">
        <ele>1010.063781</ele>
        <time>2026-07-27T12:51:20.445Z</time>
      </trkpt>
      <trkpt lat="44.400666" lon="6.501955">
        <ele>1010.852965</ele>
        <time>2026-07-27T12:51:25.048Z</time>
      </trkpt>
      <trkpt lat="44.400554" lon="6.502691">
        <ele>1015.756872</ele>
        <time>2026-07-27T12:51:52.791Z</time>
      </trkpt>
      <trkpt lat="44.400340" lon="6.503359">
        <ele>1022.624072</ele>
        <time>2026-07-27T12:52:29.841Z</time>
      </trkpt>
      <trkpt lat="44.400274" lon="6.503769">
        <ele>1025.962361</ele>
        <time>2026-07-27T12:52:48.042Z</time>
      </trkpt>
      <trkpt lat="44.400317" lon="6.504233">
        <ele>1027.872019</ele>
        <time>2026-07-27T12:53:02.144Z</time>
      </trkpt>
      <trkpt lat="44.400516" lon="6.504868">
        <ele>1027.184547</ele>
        <time>2026-07-27T12:53:06.930Z</time>
      </trkpt>
      <trkpt lat="44.400633" lon="6.504980">
        <ele>1029.078036</ele>
        <time>2026-07-27T12:53:21.594Z</time>
      </trkpt>
      <trkpt lat="44.400781" lon="6.505193">
        <ele>1031.165910</ele>
        <time>2026-07-27T12:53:34.962Z</time>
      </trkpt>
      <trkpt lat="44.401178" lon="6.505898">
        <ele>1030.101865</ele>
        <time>2026-07-27T12:53:42.561Z</time>
      </trkpt>
      <trkpt lat="44.401260" lon="6.506083">
        <ele>1028.155886</ele>
        <time>2026-07-27T12:53:43.834Z</time>
      </trkpt>
      <trkpt lat="44.401413" lon="6.506685">
        <ele>1026.401149</ele>
        <time>2026-07-27T12:53:48.560Z</time>
      </trkpt>
      <trkpt lat="44.401438" lon="6.507258">
        <ele>1027.480393</ele>
        <time>2026-07-27T12:53:59.588Z</time>
      </trkpt>
      <trkpt lat="44.401469" lon="6.507443">
        <ele>1028.170424</ele>
        <time>2026-07-27T12:54:04.238Z</time>
      </trkpt>
      <trkpt lat="44.401679" lon="6.508247">
        <ele>1031.750140</ele>
        <time>2026-07-27T12:54:28.209Z</time>
      </trkpt>
      <trkpt lat="44.401683" lon="6.508581">
        <ele>1032.877625</ele>
        <time>2026-07-27T12:54:36.728Z</time>
      </trkpt>
      <trkpt lat="44.401622" lon="6.508903">
        <ele>1033.780381</ele>
        <time>2026-07-27T12:54:42.515Z</time>
      </trkpt>
      <trkpt lat="44.401553" lon="6.509316">
        <ele>1035.342151</ele>
        <time>2026-07-27T12:54:54.346Z</time>
      </trkpt>
      <trkpt lat="44.401547" lon="6.509637">
        <ele>1036.422174</ele>
        <time>2026-07-27T12:55:02.265Z</time>
      </trkpt>
      <trkpt lat="44.401552" lon="6.509847">
        <ele>1036.686455</ele>
        <time>2026-07-27T12:55:06.221Z</time>
      </trkpt>
      <trkpt lat="44.401656" lon="6.511179">
        <ele>1036.304936</ele>
        <time>2026-07-27T12:55:18.853Z</time>
      </trkpt>
      <trkpt lat="44.401658" lon="6.511354">
        <ele>1035.925066</ele>
        <time>2026-07-27T12:55:20.101Z</time>
      </trkpt>
      <trkpt lat="44.401618" lon="6.511699">
        <ele>1034.777845</ele>
        <time>2026-07-27T12:55:22.412Z</time>
      </trkpt>
      <trkpt lat="44.401586" lon="6.511836">
        <ele>1034.447253</ele>
        <time>2026-07-27T12:55:23.430Z</time>
      </trkpt>
      <trkpt lat="44.401504" lon="6.512203">
        <ele>1034.207390</ele>
        <time>2026-07-27T12:55:27.053Z</time>
      </trkpt>
      <trkpt lat="44.401175" lon="6.513539">
        <ele>1036.960931</ele>
        <time>2026-07-27T12:55:54.130Z</time>
      </trkpt>
      <trkpt lat="44.401019" lon="6.514062">
        <ele>1037.384244</ele>
        <time>2026-07-27T12:56:00.706Z</time>
      </trkpt>
      <trkpt lat="44.400972" lon="6.514371">
        <ele>1037.772833</ele>
        <time>2026-07-27T12:56:05.964Z</time>
      </trkpt>
      <trkpt lat="44.401024" lon="6.515084">
        <ele>1038.520879</ele>
        <time>2026-07-27T12:56:17.157Z</time>
      </trkpt>
      <trkpt lat="44.401011" lon="6.515561">
        <ele>1038.147539</ele>
        <time>2026-07-27T12:56:21.160Z</time>
      </trkpt>
      <trkpt lat="44.400962" lon="6.515789">
        <ele>1037.677550</ele>
        <time>2026-07-27T12:56:22.914Z</time>
      </trkpt>
      <trkpt lat="44.400744" lon="6.516404">
        <ele>1036.141147</ele>
        <time>2026-07-27T12:56:27.871Z</time>
      </trkpt>
      <trkpt lat="44.400690" lon="6.516608">
        <ele>1035.878409</ele>
        <time>2026-07-27T12:56:29.576Z</time>
      </trkpt>
      <trkpt lat="44.400667" lon="6.516814">
        <ele>1035.878177</ele>
        <time>2026-07-27T12:56:31.603Z</time>
      </trkpt>
      <trkpt lat="44.400668" lon="6.517053">
        <ele>1036.195382</ele>
        <time>2026-07-27T12:56:35.548Z</time>
      </trkpt>
      <trkpt lat="44.400826" lon="6.518484">
        <ele>1040.753796</ele>
        <time>2026-07-27T12:57:09.896Z</time>
      </trkpt>
      <trkpt lat="44.400790" lon="6.519184">
        <ele>1042.546141</ele>
        <time>2026-07-27T12:57:24.526Z</time>
      </trkpt>
      <trkpt lat="44.400737" lon="6.519552">
        <ele>1042.919048</ele>
        <time>2026-07-27T12:57:30.235Z</time>
      </trkpt>
      <trkpt lat="44.400595" lon="6.520291">
        <ele>1041.935747</ele>
        <time>2026-07-27T12:57:36.175Z</time>
      </trkpt>
      <trkpt lat="44.400519" lon="6.520824">
        <ele>1041.392563</ele>
        <time>2026-07-27T12:57:40.624Z</time>
      </trkpt>
      <trkpt lat="44.400503" lon="6.521353">
        <ele>1041.498428</ele>
        <time>2026-07-27T12:57:46.673Z</time>
      </trkpt>
      <trkpt lat="44.400565" lon="6.522360">
        <ele>1044.386885</ele>
        <time>2026-07-27T12:58:08.274Z</time>
      </trkpt>
      <trkpt lat="44.400633" lon="6.522833">
        <ele>1047.588277</ele>
        <time>2026-07-27T12:58:27.497Z</time>
      </trkpt>
      <trkpt lat="44.400818" lon="6.523429">
        <ele>1052.037684</ele>
        <time>2026-07-27T12:58:52.832Z</time>
      </trkpt>
      <trkpt lat="44.401034" lon="6.524355">
        <ele>1056.296785</ele>
        <time>2026-07-27T12:59:20.376Z</time>
      </trkpt>
      <trkpt lat="44.401326" lon="6.525796">
        <ele>1057.352496</ele>
        <time>2026-07-27T12:59:38.669Z</time>
      </trkpt>
      <trkpt lat="44.401420" lon="6.526484">
        <ele>1059.611049</ele>
        <time>2026-07-27T12:59:56.594Z</time>
      </trkpt>
      <trkpt lat="44.401431" lon="6.526904">
        <ele>1060.060541</ele>
        <time>2026-07-27T13:00:01.612Z</time>
      </trkpt>
      <trkpt lat="44.401400" lon="6.527197">
        <ele>1060.753042</ele>
        <time>2026-07-27T13:00:07.989Z</time>
      </trkpt>
      <trkpt lat="44.401352" lon="6.527482">
        <ele>1061.836504</ele>
        <time>2026-07-27T13:00:15.224Z</time>
      </trkpt>
      <trkpt lat="44.401213" lon="6.527950">
        <ele>1064.751673</ele>
        <time>2026-07-27T13:00:32.723Z</time>
      </trkpt>
      <trkpt lat="44.400985" lon="6.528446">
        <ele>1067.729152</ele>
        <time>2026-07-27T13:00:52.059Z</time>
      </trkpt>
      <trkpt lat="44.400613" lon="6.529098">
        <ele>1069.626195</ele>
        <time>2026-07-27T13:01:07.016Z</time>
      </trkpt>
      <trkpt lat="44.400304" lon="6.529578">
        <ele>1070.832521</ele>
        <time>2026-07-27T13:01:20.206Z</time>
      </trkpt>
      <trkpt lat="44.399902" lon="6.530124">
        <ele>1070.381845</ele>
        <time>2026-07-27T13:01:26.759Z</time>
      </trkpt>
      <trkpt lat="44.399837" lon="6.530198">
        <ele>1070.339897</ele>
        <time>2026-07-27T13:01:27.709Z</time>
      </trkpt>
      <trkpt lat="44.399760" lon="6.530347">
        <ele>1070.441164</ele>
        <time>2026-07-27T13:01:29.810Z</time>
      </trkpt>
      <trkpt lat="44.399683" lon="6.530666">
        <ele>1070.844558</ele>
        <time>2026-07-27T13:01:36.142Z</time>
      </trkpt>
      <trkpt lat="44.399600" lon="6.531859">
        <ele>1070.221744</ele>
        <time>2026-07-27T13:01:47.200Z</time>
      </trkpt>
      <trkpt lat="44.399513" lon="6.532407">
        <ele>1068.788677</ele>
        <time>2026-07-27T13:01:51.124Z</time>
      </trkpt>
      <trkpt lat="44.399424" lon="6.532672">
        <ele>1068.195087</ele>
        <time>2026-07-27T13:01:53.134Z</time>
      </trkpt>
      <trkpt lat="44.398963" lon="6.533515">
        <ele>1067.434878</ele>
        <time>2026-07-27T13:02:04.279Z</time>
      </trkpt>
      <trkpt lat="44.398829" lon="6.533895">
        <ele>1065.329950</ele>
        <time>2026-07-27T13:02:06.902Z</time>
      </trkpt>
      <trkpt lat="44.398791" lon="6.534130">
        <ele>1064.870575</ele>
        <time>2026-07-27T13:02:08.770Z</time>
      </trkpt>
      <trkpt lat="44.398782" lon="6.534579">
        <ele>1064.911570</ele>
        <time>2026-07-27T13:02:14.368Z</time>
      </trkpt>
      <trkpt lat="44.398936" lon="6.535388">
        <ele>1065.283524</ele>
        <time>2026-07-27T13:02:25.218Z</time>
      </trkpt>
      <trkpt lat="44.399105" lon="6.536117">
        <ele>1064.112298</ele>
        <time>2026-07-27T13:02:31.071Z</time>
      </trkpt>
      <trkpt lat="44.399646" lon="6.537793">
        <ele>1061.288605</ele>
        <time>2026-07-27T13:02:45.253Z</time>
      </trkpt>
      <trkpt lat="44.399774" lon="6.538593">
        <ele>1061.102897</ele>
        <time>2026-07-27T13:02:53.293Z</time>
      </trkpt>
      <trkpt lat="44.399758" lon="6.541399">
        <ele>1064.893641</ele>
        <time>2026-07-27T13:03:38.634Z</time>
      </trkpt>
      <trkpt lat="44.399701" lon="6.541854">
        <ele>1065.395776</ele>
        <time>2026-07-27T13:03:45.970Z</time>
      </trkpt>
      <trkpt lat="44.399634" lon="6.542096">
        <ele>1065.369849</ele>
        <time>2026-07-27T13:03:48.426Z</time>
      </trkpt>
      <trkpt lat="44.399540" lon="6.542325">
        <ele>1065.131364</ele>
        <time>2026-07-27T13:03:50.558Z</time>
      </trkpt>
      <trkpt lat="44.399473" lon="6.542467">
        <ele>1065.238442</ele>
        <time>2026-07-27T13:03:52.005Z</time>
      </trkpt>
      <trkpt lat="44.398971" lon="6.543277">
        <ele>1066.721569</ele>
        <time>2026-07-27T13:04:10.412Z</time>
      </trkpt>
      <trkpt lat="44.398639" lon="6.544147">
        <ele>1068.540658</ele>
        <time>2026-07-27T13:04:28.333Z</time>
      </trkpt>
      <trkpt lat="44.398242" lon="6.544783">
        <ele>1069.255437</ele>
        <time>2026-07-27T13:04:39.625Z</time>
      </trkpt>
      <trkpt lat="44.398117" lon="6.544913">
        <ele>1069.604291</ele>
        <time>2026-07-27T13:04:43.098Z</time>
      </trkpt>
      <trkpt lat="44.397422" lon="6.545248">
        <ele>1072.104568</ele>
        <time>2026-07-27T13:05:04.571Z</time>
      </trkpt>
      <trkpt lat="44.397277" lon="6.545366">
        <ele>1072.752012</ele>
        <time>2026-07-27T13:05:09.223Z</time>
      </trkpt>
      <trkpt lat="44.396991" lon="6.545694">
        <ele>1074.188474</ele>
        <time>2026-07-27T13:05:21.519Z</time>
      </trkpt>
      <trkpt lat="44.396769" lon="6.546059">
        <ele>1073.954737</ele>
        <time>2026-07-27T13:05:25.274Z</time>
      </trkpt>
      <trkpt lat="44.396704" lon="6.546205">
        <ele>1074.023003</ele>
        <time>2026-07-27T13:05:27.935Z</time>
      </trkpt>
      <trkpt lat="44.396433" lon="6.547041">
        <ele>1077.448304</ele>
        <time>2026-07-27T13:05:52.543Z</time>
      </trkpt>
      <trkpt lat="44.396327" lon="6.547269">
        <ele>1077.671641</ele>
        <time>2026-07-27T13:05:56.347Z</time>
      </trkpt>
      <trkpt lat="44.395938" lon="6.547931">
        <ele>1076.890321</ele>
        <time>2026-07-27T13:06:03.396Z</time>
      </trkpt>
      <trkpt lat="44.394930" lon="6.549291">
        <ele>1074.651910</ele>
        <time>2026-07-27T13:06:19.285Z</time>
      </trkpt>
      <trkpt lat="44.394816" lon="6.549498">
        <ele>1074.487953</ele>
        <time>2026-07-27T13:06:21.658Z</time>
      </trkpt>
      <trkpt lat="44.394427" lon="6.550369">
        <ele>1073.971130</ele>
        <time>2026-07-27T13:06:30.928Z</time>
      </trkpt>
      <trkpt lat="44.394095" lon="6.550934">
        <ele>1074.450936</ele>
        <time>2026-07-27T13:06:40.548Z</time>
      </trkpt>
      <trkpt lat="44.393969" lon="6.551194">
        <ele>1074.787374</ele>
        <time>2026-07-27T13:06:46.121Z</time>
      </trkpt>
      <trkpt lat="44.393906" lon="6.551363">
        <ele>1074.765227</ele>
        <time>2026-07-27T13:06:48.310Z</time>
      </trkpt>
      <trkpt lat="44.393824" lon="6.551722">
        <ele>1074.086240</ele>
        <time>2026-07-27T13:06:50.948Z</time>
      </trkpt>
      <trkpt lat="44.393773" lon="6.553115">
        <ele>1075.682347</ele>
        <time>2026-07-27T13:07:14.400Z</time>
      </trkpt>
      <trkpt lat="44.393721" lon="6.553420">
        <ele>1074.677100</ele>
        <time>2026-07-27T13:07:16.507Z</time>
      </trkpt>
      <trkpt lat="44.393619" lon="6.553811">
        <ele>1072.666451</ele>
        <time>2026-07-27T13:07:19.080Z</time>
      </trkpt>
      <trkpt lat="44.393172" lon="6.555549">
        <ele>1075.069312</ele>
        <time>2026-07-27T13:07:50.727Z</time>
      </trkpt>
      <trkpt lat="44.393110" lon="6.555949">
        <ele>1075.621363</ele>
        <time>2026-07-27T13:07:56.968Z</time>
      </trkpt>
      <trkpt lat="44.393113" lon="6.556192">
        <ele>1076.089807</ele>
        <time>2026-07-27T13:08:01.124Z</time>
      </trkpt>
      <trkpt lat="44.393292" lon="6.557398">
        <ele>1079.497454</ele>
        <time>2026-07-27T13:08:28.372Z</time>
      </trkpt>
      <trkpt lat="44.393551" lon="6.558403">
        <ele>1082.545264</ele>
        <time>2026-07-27T13:08:51.671Z</time>
      </trkpt>
      <trkpt lat="44.393600" lon="6.558649">
        <ele>1083.519362</ele>
        <time>2026-07-27T13:08:58.129Z</time>
      </trkpt>
      <trkpt lat="44.393608" lon="6.558893">
        <ele>1084.560997</ele>
        <time>2026-07-27T13:09:05.035Z</time>
      </trkpt>
      <trkpt lat="44.393577" lon="6.559134">
        <ele>1085.560519</ele>
        <time>2026-07-27T13:09:12.188Z</time>
      </trkpt>
      <trkpt lat="44.393036" lon="6.561537">
        <ele>1094.557103</ele>
        <time>2026-07-27T13:10:15.433Z</time>
      </trkpt>
      <trkpt lat="44.392600" lon="6.563375">
        <ele>1097.490733</ele>
        <time>2026-07-27T13:10:46.911Z</time>
      </trkpt>
      <trkpt lat="44.392527" lon="6.563834">
        <ele>1098.106713</ele>
        <time>2026-07-27T13:10:54.154Z</time>
      </trkpt>
      <trkpt lat="44.392474" lon="6.564524">
        <ele>1099.093883</ele>
        <time>2026-07-27T13:11:05.490Z</time>
      </trkpt>
      <trkpt lat="44.392448" lon="6.564969">
        <ele>1099.761034</ele>
        <time>2026-07-27T13:11:12.835Z</time>
      </trkpt>
      <trkpt lat="44.392453" lon="6.565293">
        <ele>1100.383674</ele>
        <time>2026-07-27T13:11:19.002Z</time>
      </trkpt>
      <trkpt lat="44.393001" lon="6.568741">
        <ele>1107.130793</ele>
        <time>2026-07-27T13:12:23.411Z</time>
      </trkpt>
      <trkpt lat="44.393101" lon="6.569401">
        <ele>1107.389917</ele>
        <time>2026-07-27T13:12:32.352Z</time>
      </trkpt>
      <trkpt lat="44.393115" lon="6.569485">
        <ele>1107.002483</ele>
        <time>2026-07-27T13:12:32.930Z</time>
      </trkpt>
      <trkpt lat="44.393164" lon="6.569770">
        <ele>1105.877478</ele>
        <time>2026-07-27T13:12:34.764Z</time>
      </trkpt>
      <trkpt lat="44.393247" lon="6.570276">
        <ele>1105.249863</ele>
        <time>2026-07-27T13:12:39.668Z</time>
      </trkpt>
      <trkpt lat="44.393302" lon="6.570562">
        <ele>1104.839919</ele>
        <time>2026-07-27T13:12:41.971Z</time>
      </trkpt>
      <trkpt lat="44.393481" lon="6.571613">
        <ele>1102.374271</ele>
        <time>2026-07-27T13:12:49.763Z</time>
      </trkpt>
      <trkpt lat="44.393523" lon="6.572092">
        <ele>1100.935745</ele>
        <time>2026-07-27T13:12:53.165Z</time>
      </trkpt>
      <trkpt lat="44.393503" lon="6.572333">
        <ele>1099.873337</ele>
        <time>2026-07-27T13:12:54.719Z</time>
      </trkpt>
      <trkpt lat="44.393473" lon="6.572588">
        <ele>1099.130674</ele>
        <time>2026-07-27T13:12:56.408Z</time>
      </trkpt>
      <trkpt lat="44.393264" lon="6.573844">
        <ele>1098.227408</ele>
        <time>2026-07-27T13:13:08.654Z</time>
      </trkpt>
      <trkpt lat="44.393209" lon="6.574159">
        <ele>1097.794678</ele>
        <time>2026-07-27T13:13:11.336Z</time>
      </trkpt>
      <trkpt lat="44.393188" lon="6.574278">
        <ele>1097.564822</ele>
        <time>2026-07-27T13:13:12.182Z</time>
      </trkpt>
      <trkpt lat="44.393172" lon="6.574373">
        <ele>1097.365319</ele>
        <time>2026-07-27T13:13:12.851Z</time>
      </trkpt>
      <trkpt lat="44.393070" lon="6.575063">
        <ele>1096.030764</ele>
        <time>2026-07-27T13:13:18.188Z</time>
      </trkpt>
      <trkpt lat="44.392920" lon="6.575646">
        <ele>1095.250466</ele>
        <time>2026-07-27T13:13:23.010Z</time>
      </trkpt>
      <trkpt lat="44.392843" lon="6.575859">
        <ele>1095.254578</ele>
        <time>2026-07-27T13:13:25.959Z</time>
      </trkpt>
      <trkpt lat="44.392463" lon="6.576681">
        <ele>1096.454815</ele>
        <time>2026-07-27T13:13:41.000Z</time>
      </trkpt>
      <trkpt lat="44.391564" lon="6.578516">
        <ele>1100.430039</ele>
        <time>2026-07-27T13:14:20.666Z</time>
      </trkpt>
      <trkpt lat="44.390295" lon="6.580825">
        <ele>1106.229635</ele>
        <time>2026-07-27T13:15:15.445Z</time>
      </trkpt>
      <trkpt lat="44.390115" lon="6.581225">
        <ele>1106.288370</ele>
        <time>2026-07-27T13:15:20.348Z</time>
      </trkpt>
      <trkpt lat="44.390061" lon="6.581439">
        <ele>1106.203391</ele>
        <time>2026-07-27T13:15:22.410Z</time>
      </trkpt>
      <trkpt lat="44.390014" lon="6.581723">
        <ele>1106.130757</ele>
        <time>2026-07-27T13:15:25.246Z</time>
      </trkpt>
      <trkpt lat="44.389965" lon="6.582468">
        <ele>1106.243371</ele>
        <time>2026-07-27T13:15:33.631Z</time>
      </trkpt>
      <trkpt lat="44.389929" lon="6.583028">
        <ele>1106.598803</ele>
        <time>2026-07-27T13:15:41.431Z</time>
      </trkpt>
      <trkpt lat="44.389891" lon="6.583858">
        <ele>1105.440404</ele>
        <time>2026-07-27T13:15:48.001Z</time>
      </trkpt>
      <trkpt lat="44.389906" lon="6.584240">
        <ele>1104.325500</ele>
        <time>2026-07-27T13:15:50.607Z</time>
      </trkpt>
      <trkpt lat="44.389930" lon="6.584473">
        <ele>1103.782131</ele>
        <time>2026-07-27T13:15:52.242Z</time>
      </trkpt>
      <trkpt lat="44.389935" lon="6.584523">
        <ele>1103.683058</ele>
        <time>2026-07-27T13:15:52.625Z</time>
      </trkpt>
      <trkpt lat="44.390059" lon="6.585647">
        <ele>1103.379364</ele>
        <time>2026-07-27T13:16:04.115Z</time>
      </trkpt>
      <trkpt lat="44.390173" lon="6.586159">
        <ele>1103.164733</ele>
        <time>2026-07-27T13:16:09.219Z</time>
      </trkpt>
      <trkpt lat="44.390305" lon="6.586628">
        <ele>1102.472024</ele>
        <time>2026-07-27T13:16:13.276Z</time>
      </trkpt>
      <trkpt lat="44.390641" lon="6.587960">
        <ele>1098.665308</ele>
        <time>2026-07-27T13:16:23.131Z</time>
      </trkpt>
      <trkpt lat="44.390775" lon="6.589046">
        <ele>1098.483225</ele>
        <time>2026-07-27T13:16:34.409Z</time>
      </trkpt>
      <trkpt lat="44.390769" lon="6.589538">
        <ele>1098.823347</ele>
        <time>2026-07-27T13:16:41.528Z</time>
      </trkpt>
      <trkpt lat="44.390727" lon="6.589941">
        <ele>1098.793177</ele>
        <time>2026-07-27T13:16:45.564Z</time>
      </trkpt>
      <trkpt lat="44.390660" lon="6.590226">
        <ele>1098.719812</ele>
        <time>2026-07-27T13:16:48.382Z</time>
      </trkpt>
      <trkpt lat="44.390449" lon="6.590821">
        <ele>1098.758779</ele>
        <time>2026-07-27T13:16:55.072Z</time>
      </trkpt>
      <trkpt lat="44.389309" lon="6.593702">
        <ele>1104.748079</ele>
        <time>2026-07-27T13:17:54.917Z</time>
      </trkpt>
      <trkpt lat="44.388612" lon="6.595468">
        <ele>1106.077403</ele>
        <time>2026-07-27T13:18:21.299Z</time>
      </trkpt>
      <trkpt lat="44.388506" lon="6.595728">
        <ele>1106.376085</ele>
        <time>2026-07-27T13:18:24.941Z</time>
      </trkpt>
      <trkpt lat="44.387646" lon="6.598583">
        <ele>1111.835058</ele>
        <time>2026-07-27T13:19:20.572Z</time>
      </trkpt>
      <trkpt lat="44.387584" lon="6.598785">
        <ele>1112.073969</ele>
        <time>2026-07-27T13:19:23.832Z</time>
      </trkpt>
      <trkpt lat="44.387530" lon="6.598978">
        <ele>1112.183687</ele>
        <time>2026-07-27T13:19:26.126Z</time>
      </trkpt>
      <trkpt lat="44.386959" lon="6.600900">
        <ele>1112.900121</ele>
        <time>2026-07-27T13:19:51.054Z</time>
      </trkpt>
      <trkpt lat="44.386878" lon="6.601168">
        <ele>1113.026826</ele>
        <time>2026-07-27T13:19:54.451Z</time>
      </trkpt>
      <trkpt lat="44.386865" lon="6.601225">
        <ele>1113.090086</ele>
        <time>2026-07-27T13:19:55.272Z</time>
      </trkpt>
      <trkpt lat="44.386086" lon="6.603839">
        <ele>1116.093171</ele>
        <time>2026-07-27T13:20:37.782Z</time>
      </trkpt>
      <trkpt lat="44.386025" lon="6.604030">
        <ele>1116.309381</ele>
        <time>2026-07-27T13:20:40.871Z</time>
      </trkpt>
      <trkpt lat="44.385828" lon="6.604735">
        <ele>1117.131468</ele>
        <time>2026-07-27T13:20:52.481Z</time>
      </trkpt>
      <trkpt lat="44.385612" lon="6.605768">
        <ele>1117.762446</ele>
        <time>2026-07-27T13:21:06.282Z</time>
      </trkpt>
      <trkpt lat="44.385405" lon="6.607302">
        <ele>1117.727739</ele>
        <time>2026-07-27T13:21:22.143Z</time>
      </trkpt>
      <trkpt lat="44.385367" lon="6.607843">
        <ele>1117.915887</ele>
        <time>2026-07-27T13:21:28.721Z</time>
      </trkpt>
      <trkpt lat="44.385347" lon="6.608896">
        <ele>1118.488190</ele>
        <time>2026-07-27T13:21:42.528Z</time>
      </trkpt>
      <trkpt lat="44.385332" lon="6.609173">
        <ele>1118.610440</ele>
        <time>2026-07-27T13:21:45.714Z</time>
      </trkpt>
      <trkpt lat="44.385350" lon="6.609739">
        <ele>1118.902800</ele>
        <time>2026-07-27T13:21:52.892Z</time>
      </trkpt>
      <trkpt lat="44.385397" lon="6.610444">
        <ele>1119.294122</ele>
        <time>2026-07-27T13:22:02.121Z</time>
      </trkpt>
      <trkpt lat="44.385520" lon="6.611705">
        <ele>1119.823368</ele>
        <time>2026-07-27T13:22:17.911Z</time>
      </trkpt>
      <trkpt lat="44.385638" lon="6.612279">
        <ele>1119.382283</ele>
        <time>2026-07-27T13:22:23.059Z</time>
      </trkpt>
      <trkpt lat="44.385890" lon="6.613410">
        <ele>1118.038540</ele>
        <time>2026-07-27T13:22:32.720Z</time>
      </trkpt>
      <trkpt lat="44.386236" lon="6.614964">
        <ele>1115.577764</ele>
        <time>2026-07-27T13:22:45.353Z</time>
      </trkpt>
      <trkpt lat="44.386280" lon="6.615339">
        <ele>1114.903060</ele>
        <time>2026-07-27T13:22:48.246Z</time>
      </trkpt>
      <trkpt lat="44.386298" lon="6.616517">
        <ele>1113.021068</ele>
        <time>2026-07-27T13:22:57.092Z</time>
      </trkpt>
      <trkpt lat="44.386290" lon="6.619830">
        <ele>1116.569520</ele>
        <time>2026-07-27T13:23:47.451Z</time>
      </trkpt>
      <trkpt lat="44.386291" lon="6.626956">
        <ele>1121.457794</ele>
        <time>2026-07-27T13:25:22.601Z</time>
      </trkpt>
      <trkpt lat="44.386291" lon="6.627012">
        <ele>1121.486934</ele>
        <time>2026-07-27T13:25:23.261Z</time>
      </trkpt>
      <trkpt lat="44.386289" lon="6.627210">
        <ele>1121.496163</ele>
        <time>2026-07-27T13:25:25.396Z</time>
      </trkpt>
      <trkpt lat="44.386299" lon="6.628210">
        <ele>1121.575036</ele>
        <time>2026-07-27T13:25:36.115Z</time>
      </trkpt>
      <trkpt lat="44.386298" lon="6.628461">
        <ele>1121.774797</ele>
        <time>2026-07-27T13:25:39.849Z</time>
      </trkpt>
      <trkpt lat="44.386361" lon="6.628964">
        <ele>1122.150972</ele>
        <time>2026-07-27T13:25:46.619Z</time>
      </trkpt>
      <trkpt lat="44.386333" lon="6.629174">
        <ele>1122.193139</ele>
        <time>2026-07-27T13:25:49.003Z</time>
      </trkpt>
      <trkpt lat="44.386304" lon="6.629259">
        <ele>1122.241439</ele>
        <time>2026-07-27T13:25:49.999Z</time>
      </trkpt>
      <trkpt lat="44.386311" lon="6.629353">
        <ele>1122.307503</ele>
        <time>2026-07-27T13:25:51.114Z</time>
      </trkpt>
      <trkpt lat="44.386324" lon="6.629467">
        <ele>1122.388200</ele>
        <time>2026-07-27T13:25:52.829Z</time>
      </trkpt>
      <trkpt lat="44.386291" lon="6.629941">
        <ele>1123.230899</ele>
        <time>2026-07-27T13:26:01.720Z</time>
      </trkpt>
      <trkpt lat="44.386296" lon="6.630177">
        <ele>1123.550680</ele>
        <time>2026-07-27T13:26:05.455Z</time>
      </trkpt>
      <trkpt lat="44.386284" lon="6.633120">
        <ele>1124.880775</ele>
        <time>2026-07-27T13:26:41.643Z</time>
      </trkpt>
      <trkpt lat="44.386283" lon="6.633261">
        <ele>1124.924922</ele>
        <time>2026-07-27T13:26:43.320Z</time>
      </trkpt>
      <trkpt lat="44.386285" lon="6.635196">
        <ele>1126.070313</ele>
        <time>2026-07-27T13:27:08.815Z</time>
      </trkpt>
      <trkpt lat="44.386285" lon="6.635418">
        <ele>1126.092937</ele>
        <time>2026-07-27T13:27:11.059Z</time>
      </trkpt>
      <trkpt lat="44.386284" lon="6.635712">
        <ele>1126.100025</ele>
        <time>2026-07-27T13:27:13.994Z</time>
      </trkpt>
      <trkpt lat="44.386283" lon="6.635959">
        <ele>1126.172085</ele>
        <time>2026-07-27T13:27:16.725Z</time>
      </trkpt>
      <trkpt lat="44.386318" lon="6.640145">
        <ele>1128.106913</ele>
        <time>2026-07-27T13:28:08.967Z</time>
      </trkpt>
      <trkpt lat="44.386309" lon="6.640653">
        <ele>1128.342342</ele>
        <time>2026-07-27T13:28:15.791Z</time>
      </trkpt>
      <trkpt lat="44.386284" lon="6.641805">
        <ele>1128.538690</ele>
        <time>2026-07-27T13:28:28.131Z</time>
      </trkpt>
      <trkpt lat="44.386218" lon="6.642485">
        <ele>1129.144989</ele>
        <time>2026-07-27T13:28:37.989Z</time>
      </trkpt>
      <trkpt lat="44.386182" lon="6.642601">
        <ele>1129.314470</ele>
        <time>2026-07-27T13:28:40.214Z</time>
      </trkpt>
      <trkpt lat="44.386142" lon="6.642712">
        <ele>1129.474367</ele>
        <time>2026-07-27T13:28:42.405Z</time>
      </trkpt>
      <trkpt lat="44.386094" lon="6.642964">
        <ele>1129.734271</ele>
        <time>2026-07-27T13:28:46.110Z</time>
      </trkpt>
      <trkpt lat="44.385580" lon="6.645863">
        <ele>1129.663436</ele>
        <time>2026-07-27T13:29:16.918Z</time>
      </trkpt>
      <trkpt lat="44.385444" lon="6.646538">
        <ele>1130.065617</ele>
        <time>2026-07-27T13:29:26.277Z</time>
      </trkpt>
      <trkpt lat="44.385024" lon="6.648251">
        <ele>1132.577734</ele>
        <time>2026-07-27T13:29:55.544Z</time>
      </trkpt>
      <trkpt lat="44.384961" lon="6.648591">
        <ele>1132.959781</ele>
        <time>2026-07-27T13:30:01.061Z</time>
      </trkpt>
      <trkpt lat="44.384929" lon="6.648594">
        <ele>1132.999115</ele>
        <time>2026-07-27T13:30:01.649Z</time>
      </trkpt>
      <trkpt lat="44.384885" lon="6.648658">
        <ele>1133.076953</ele>
        <time>2026-07-27T13:30:02.750Z</time>
      </trkpt>
      <trkpt lat="44.384898" lon="6.648743">
        <ele>1133.183583</ele>
        <time>2026-07-27T13:30:03.864Z</time>
      </trkpt>
      <trkpt lat="44.384923" lon="6.648770">
        <ele>1133.244995</ele>
        <time>2026-07-27T13:30:04.513Z</time>
      </trkpt>
      <trkpt lat="44.385001" lon="6.648746">
        <ele>1133.400301</ele>
        <time>2026-07-27T13:30:06.397Z</time>
      </trkpt>
      <trkpt lat="44.385117" lon="6.648947">
        <ele>1133.811426</ele>
        <time>2026-07-27T13:30:11.324Z</time>
      </trkpt>
      <trkpt lat="44.385254" lon="6.649238">
        <ele>1134.175973</ele>
        <time>2026-07-27T13:30:16.590Z</time>
      </trkpt>
      <trkpt lat="44.385495" lon="6.649753">
        <ele>1134.110405</ele>
        <time>2026-07-27T13:30:22.372Z</time>
      </trkpt>
      <trkpt lat="44.385664" lon="6.650109">
        <ele>1134.355434</ele>
        <time>2026-07-27T13:30:28.336Z</time>
      </trkpt>
      <trkpt lat="44.385759" lon="6.650389">
        <ele>1134.334450</ele>
        <time>2026-07-27T13:30:31.545Z</time>
      </trkpt>
      <trkpt lat="44.385853" lon="6.650757">
        <ele>1133.920108</ele>
        <time>2026-07-27T13:30:34.700Z</time>
      </trkpt>
      <trkpt lat="44.385912" lon="6.651072">
        <ele>1133.632392</ele>
        <time>2026-07-27T13:30:37.378Z</time>
      </trkpt>
      <trkpt lat="44.385976" lon="6.651049">
        <ele>1133.600707</ele>
        <time>2026-07-27T13:30:38.270Z</time>
      </trkpt>
      <trkpt lat="44.386223" lon="6.650951">
        <ele>1133.608249</ele>
        <time>2026-07-27T13:30:42.461Z</time>
      </trkpt>
      <trkpt lat="44.386254" lon="6.651116">
        <ele>1133.757243</ele>
        <time>2026-07-27T13:30:44.119Z</time>
      </trkpt>
      <trkpt lat="44.386357" lon="6.651653">
        <ele>1135.049478</ele>
        <time>2026-07-27T13:30:56.248Z</time>
      </trkpt>
      <trkpt lat="44.386519" lon="6.652488">
        <ele>1136.447707</ele>
        <time>2026-07-27T13:31:10.739Z</time>
      </trkpt>
      <trkpt lat="44.386647" lon="6.653141">
        <ele>1137.200266</ele>
        <time>2026-07-27T13:31:20.590Z</time>
      </trkpt>
      <trkpt lat="44.386960" lon="6.653009">
        <ele>1138.080529</ele>
        <time>2026-07-27T13:31:37.196Z</time>
      </trkpt>
      <trkpt lat="44.387029" lon="6.653384">
        <ele>1138.082864</ele>
        <time>2026-07-27T13:31:42.129Z</time>
      </trkpt>
      <trkpt lat="44.387046" lon="6.653476">
        <ele>1138.023883</ele>
        <time>2026-07-27T13:31:43.339Z</time>
      </trkpt>
      <trkpt lat="44.387095" lon="6.653725">
        <ele>1138.004941</ele>
        <time>2026-07-27T13:31:46.641Z</time>
      </trkpt>
      <trkpt lat="44.387451" lon="6.653606">
        <ele>1138.205249</ele>
        <time>2026-07-27T13:31:54.079Z</time>
      </trkpt>
      <trkpt lat="44.387537" lon="6.654182">
        <ele>1137.422221</ele>
        <time>2026-07-27T13:31:58.549Z</time>
      </trkpt>
      <trkpt lat="44.387587" lon="6.654518">
        <ele>1137.420215</ele>
        <time>2026-07-27T13:32:02.586Z</time>
      </trkpt>
      <trkpt lat="44.387598" lon="6.654604">
        <ele>1137.458410</ele>
        <time>2026-07-27T13:32:03.686Z</time>
      </trkpt>
      <trkpt lat="44.387672" lon="6.655199">
        <ele>1137.467397</ele>
        <time>2026-07-27T13:32:10.746Z</time>
      </trkpt>
      <trkpt lat="44.387787" lon="6.656119">
        <ele>1136.748156</ele>
        <time>2026-07-27T13:32:18.349Z</time>
      </trkpt>
      <trkpt lat="44.387832" lon="6.656577">
        <ele>1137.054904</ele>
        <time>2026-07-27T13:32:25.061Z</time>
      </trkpt>
      <trkpt lat="44.387874" lon="6.656999">
        <ele>1137.729512</ele>
        <time>2026-07-27T13:32:32.828Z</time>
      </trkpt>
      <trkpt lat="44.387786" lon="6.657230">
        <ele>1138.002168</ele>
        <time>2026-07-27T13:32:36.299Z</time>
      </trkpt>
      <trkpt lat="44.387849" lon="6.657297">
        <ele>1138.076047</ele>
        <time>2026-07-27T13:32:37.756Z</time>
      </trkpt>
      <trkpt lat="44.387914" lon="6.657438">
        <ele>1138.187998</ele>
        <time>2026-07-27T13:32:39.951Z</time>
      </trkpt>
      <trkpt lat="44.387982" lon="6.657961">
        <ele>1138.405786</ele>
        <time>2026-07-27T13:32:46.300Z</time>
      </trkpt>
      <trkpt lat="44.388064" lon="6.658613">
        <ele>1138.812108</ele>
        <time>2026-07-27T13:32:54.539Z</time>
      </trkpt>
      <trkpt lat="44.388140" lon="6.659315">
        <ele>1140.215526</ele>
        <time>2026-07-27T13:33:08.120Z</time>
      </trkpt>
      <trkpt lat="44.388234" lon="6.660145">
        <ele>1142.420078</ele>
        <time>2026-07-27T13:33:25.394Z</time>
      </trkpt>
      <trkpt lat="44.388256" lon="6.660353">
        <ele>1142.936878</ele>
        <time>2026-07-27T13:33:31.360Z</time>
      </trkpt>
      <trkpt lat="44.388279" lon="6.660578">
        <ele>1143.305773</ele>
        <time>2026-07-27T13:33:34.693Z</time>
      </trkpt>
      <trkpt lat="44.388393" lon="6.661547">
        <ele>1142.312074</ele>
        <time>2026-07-27T13:33:42.650Z</time>
      </trkpt>
      <trkpt lat="44.388480" lon="6.662190">
        <ele>1141.790467</ele>
        <time>2026-07-27T13:33:48.242Z</time>
      </trkpt>
      <trkpt lat="44.388489" lon="6.662257">
        <ele>1141.797151</ele>
        <time>2026-07-27T13:33:48.936Z</time>
      </trkpt>
      <trkpt lat="44.388499" lon="6.662317">
        <ele>1141.803192</ele>
        <time>2026-07-27T13:33:49.643Z</time>
      </trkpt>
      <trkpt lat="44.388593" lon="6.662677">
        <ele>1142.086883</ele>
        <time>2026-07-27T13:33:54.984Z</time>
      </trkpt>
      <trkpt lat="44.389073" lon="6.664055">
        <ele>1143.322778</ele>
        <time>2026-07-27T13:34:16.013Z</time>
      </trkpt>
      <trkpt lat="44.389243" lon="6.664428">
        <ele>1143.875314</ele>
        <time>2026-07-27T13:34:22.838Z</time>
      </trkpt>
      <trkpt lat="44.389470" lon="6.664752">
        <ele>1144.973144</ele>
        <time>2026-07-27T13:34:32.252Z</time>
      </trkpt>
      <trkpt lat="44.389628" lon="6.665066">
        <ele>1146.040951</ele>
        <time>2026-07-27T13:34:41.326Z</time>
      </trkpt>
      <trkpt lat="44.389781" lon="6.665621">
        <ele>1146.583996</ele>
        <time>2026-07-27T13:34:49.386Z</time>
      </trkpt>
      <trkpt lat="44.390061" lon="6.666179">
        <ele>1146.974654</ele>
        <time>2026-07-27T13:34:57.742Z</time>
      </trkpt>
      <trkpt lat="44.390119" lon="6.666435">
        <ele>1147.520796</ele>
        <time>2026-07-27T13:35:02.368Z</time>
      </trkpt>
      <trkpt lat="44.390122" lon="6.666690">
        <ele>1147.944042</ele>
        <time>2026-07-27T13:35:08.816Z</time>
      </trkpt>
      <trkpt lat="44.390003" lon="6.667569">
        <ele>1147.427612</ele>
        <time>2026-07-27T13:35:16.081Z</time>
      </trkpt>
      <trkpt lat="44.389992" lon="6.667782">
        <ele>1147.428305</ele>
        <time>2026-07-27T13:35:18.791Z</time>
      </trkpt>
      <trkpt lat="44.389995" lon="6.667970">
        <ele>1147.608158</ele>
        <time>2026-07-27T13:35:21.741Z</time>
      </trkpt>
      <trkpt lat="44.390022" lon="6.668147">
        <ele>1147.743848</ele>
        <time>2026-07-27T13:35:24.532Z</time>
      </trkpt>
      <trkpt lat="44.390203" lon="6.668915">
        <ele>1148.077751</ele>
        <time>2026-07-27T13:35:34.340Z</time>
      </trkpt>
      <trkpt lat="44.390310" lon="6.669371">
        <ele>1148.082267</ele>
        <time>2026-07-27T13:35:39.205Z</time>
      </trkpt>
      <trkpt lat="44.390400" lon="6.669625">
        <ele>1148.256601</ele>
        <time>2026-07-27T13:35:42.066Z</time>
      </trkpt>
      <trkpt lat="44.390462" lon="6.669754">
        <ele>1148.675701</ele>
        <time>2026-07-27T13:35:44.814Z</time>
      </trkpt>
      <trkpt lat="44.390499" lon="6.669805">
        <ele>1148.871625</ele>
        <time>2026-07-27T13:35:46.970Z</time>
      </trkpt>
      <trkpt lat="44.390646" lon="6.669623">
        <ele>1150.888090</ele>
        <time>2026-07-27T13:35:58.852Z</time>
      </trkpt>
      <trkpt lat="44.392442" lon="6.667943">
        <ele>1173.814162</ele>
        <time>2026-07-27T13:38:01.984Z</time>
      </trkpt>
      <trkpt lat="44.392945" lon="6.667499">
        <ele>1182.185842</ele>
        <time>2026-07-27T13:38:45.623Z</time>
      </trkpt>
      <trkpt lat="44.393702" lon="6.666920">
        <ele>1196.433429</ele>
        <time>2026-07-27T13:39:56.742Z</time>
      </trkpt>
      <trkpt lat="44.393855" lon="6.666817">
        <ele>1196.685936</ele>
        <time>2026-07-27T13:40:20.356Z</time>
      </trkpt>
      <trkpt lat="44.393867" lon="6.666773">
        <ele>1196.685936</ele>
        <time>2026-07-27T13:40:24.081Z</time>
      </trkpt>
    </trkseg>
  </trk>
</gpx>